Date,cfs
11/19/2023,0.000912936
11/19/2023,0.000838691
11/19/2023,0.000814442
11/19/2023,0.000912936
11/19/2023,0.000921322
11/19/2023,0.000921322
11/19/2023,0.000921322
11/19/2023,0.000896244
11/19/2023,0.000879662
11/19/2023,0.000912936
11/19/2023,0.000938177
11/19/2023,0.000871412
11/19/2023,0.000887939
11/19/2023,0.000946645
11/19/2023,0.000912936
11/19/2023,0.000896244
11/19/2023,0.000854996
11/19/2023,0.000806416
11/19/2023,0.000854996
11/19/2023,0.00086319
11/19/2023,0.000846829
11/19/2023,0.00086319
11/19/2023,0.000854996
11/19/2023,0.000846829
11/20/2023,0.00086319
11/20/2023,0.000879662
11/20/2023,0.000822497
11/20/2023,0.000838691
11/20/2023,0.000854996
11/20/2023,0.000822497
11/20/2023,0.000806416
11/20/2023,0.000790447
11/20/2023,0.000854996
11/20/2023,0.000806416
11/20/2023,0.000822497
11/20/2023,0.000751025
11/20/2023,0.000758852
11/20/2023,0.000758852
11/20/2023,0.000782506
11/20/2023,0.000814442
11/20/2023,0.000798417
11/20/2023,0.000782506
11/20/2023,0.000704671
11/20/2023,0.000720006
11/20/2023,0.000697048
11/20/2023,0.000790447
11/20/2023,0.000735458
11/20/2023,0.000735458
11/20/2023,0.000790447
11/20/2023,0.000822497
11/20/2023,0.000704671
11/20/2023,0.000720006
11/20/2023,0.000704671
11/20/2023,0.000674355
11/20/2023,0.000727717
11/20/2023,0.000712324
11/20/2023,0.000704671
11/20/2023,0.000735458
11/20/2023,0.000689454
11/20/2023,0.000720006
11/20/2023,0.000674355
11/20/2023,0.00065193
11/20/2023,0.000659375
11/20/2023,0.000659375
11/20/2023,0.000615157
11/20/2023,0.00063713
11/20/2023,0.000622451
11/20/2023,0.000659375
11/20/2023,0.000644515
11/20/2023,0.00066685
11/20/2023,0.000659375
11/20/2023,0.000629776
11/20/2023,0.00063713
11/20/2023,0.000615157
11/20/2023,0.000629776
11/20/2023,0.000704671
11/20/2023,0.00057204
11/20/2023,0.00063713
11/20/2023,0.000615157
11/20/2023,0.000629776
11/20/2023,0.000622451
11/20/2023,0.000629776
11/20/2023,0.000615157
11/20/2023,0.00066685
11/20/2023,0.000579149
11/20/2023,0.000586289
11/20/2023,0.000586289
11/20/2023,0.000607894
11/20/2023,0.00057204
11/20/2023,0.000600662
11/20/2023,0.000622451
11/20/2023,0.000550901
11/20/2023,0.00059346
11/20/2023,0.000557916
11/20/2023,0.000586289
11/20/2023,0.00057204
11/20/2023,0.00059346
11/20/2023,0.000629776
11/20/2023,0.00057204
11/20/2023,0.000543918
11/20/2023,0.000543918
11/20/2023,0.00059346
11/20/2023,0.000550901
11/20/2023,0.000536966
11/20/2023,0.000530046
11/20/2023,0.00059346
11/20/2023,0.000557916
11/20/2023,0.00057204
11/20/2023,0.000579149
11/20/2023,0.000564962
11/20/2023,0.00059346
11/20/2023,0.000579149
11/20/2023,0.000523158
11/20/2023,0.000550901
11/20/2023,0.000586289
11/20/2023,0.000600662
11/20/2023,0.000557916
11/20/2023,0.000550901
11/20/2023,0.00057204
11/20/2023,0.000564962
11/21/2023,0.000600662
11/21/2023,0.000543918
11/21/2023,0.000475846
11/21/2023,0.000436575
11/21/2023,0.000495928
11/21/2023,0.000579149
11/21/2023,0.000697048
11/21/2023,0.000607894
11/21/2023,0.00065193
11/21/2023,0.000579149
11/21/2023,0.000600662
11/21/2023,0.000689454
11/21/2023,0.000622451
11/21/2023,0.000530046
11/21/2023,0.000607894
11/21/2023,0.00059346
11/21/2023,0.000564962
11/21/2023,0.000615157
11/21/2023,0.000644515
11/21/2023,0.000629776
11/21/2023,0.000659375
11/21/2023,0.000629776
11/21/2023,0.000689454
11/21/2023,0.000689454
11/21/2023,0.00063713
11/21/2023,0.000629776
11/21/2023,0.00068189
11/21/2023,0.000659375
11/21/2023,0.000689454
11/21/2023,0.000720006
11/21/2023,0.000579149
11/21/2023,0.000674355
11/21/2023,0.000697048
11/21/2023,0.001006672
11/21/2023,0.000557916
11/21/2023,0.000600662
11/21/2023,0.00066685
11/21/2023,0.000456061
11/21/2023,0.000586289
11/21/2023,0.00068189
11/21/2023,0.000659375
11/21/2023,0.00059346
11/21/2023,0.000727717
11/21/2023,0.000586289
11/21/2023,0.000607894
11/21/2023,0.00066685
11/21/2023,0.000586289
11/21/2023,0.00057204
11/21/2023,0.000629776
11/21/2023,0.000536966
11/21/2023,0.000607894
11/21/2023,0.000564962
11/21/2023,0.000629776
11/21/2023,0.000586289
11/21/2023,0.000550901
11/21/2023,0.000564962
11/21/2023,0.000536966
11/21/2023,0.000516302
11/21/2023,0.000536966
11/21/2023,0.000550901
11/21/2023,0.000530046
11/21/2023,0.000564962
11/21/2023,0.000523158
11/21/2023,0.000469218
11/21/2023,0.000482507
11/21/2023,0.000482507
11/21/2023,0.000516302
11/21/2023,0.000423754
11/21/2023,0.000436575
11/21/2023,0.000392298
11/21/2023,0.00036776
11/21/2023,0.000361713
11/21/2023,0.000392298
11/21/2023,0.000337886
11/21/2023,0.000269946
11/21/2023,0.000259156
11/21/2023,0.000297596
11/21/2023,0.000217586
11/21/2023,0.000188138
11/21/2023,0.000173992
11/21/2023,0.000160243
11/21/2023,0.000160243
11/21/2023,0.000138235
11/21/2023,0.000138235
11/21/2023,8.67E-05
11/21/2023,9.41E-05
11/21/2023,9.41E-05
11/21/2023,6.92E-05
11/21/2023,5.63E-05
11/21/2023,7.60E-05
11/21/2023,3.09E-05
11/21/2023,1.92E-05
11/21/2023,9.69E-06
11/21/2023,9.69E-06
11/21/2023,5.17E-06
11/21/2023,6.56E-06
11/22/2023,9.41E-07
12/2/2023,1.77E-06
12/2/2023,7.60E-05
12/2/2023,0.002612187
12/2/2023,0.002985871
12/2/2023,0.00314025
12/2/2023,0.003179275
12/2/2023,0.00395252
12/2/2023,0.003854372
12/2/2023,0.00395252
12/2/2023,0.004648725
12/2/2023,0.005305712
12/2/2023,0.006189973
12/2/2023,0.005960319
12/2/2023,0.005944033
12/2/2023,0.005798175
12/2/2023,0.005321355
12/2/2023,0.005258881
12/2/2023,0.004889581
12/2/2023,0.004768613
12/2/2023,0.004633815
12/2/2023,0.00451515
12/2/2023,0.004529923
12/2/2023,0.004266639
12/2/2023,0.00395252
12/2/2023,0.004137106
12/2/2023,0.004122802
12/2/2023,0.003882325
12/2/2023,0.003826491
12/2/2023,0.003701917
12/2/2023,0.003647022
12/2/2023,0.003757102
12/2/2023,0.003484091
12/2/2023,0.003538108
12/2/2023,0.003430371
12/2/2023,0.003416987
12/2/2023,0.003310586
12/2/2023,0.003231573
12/2/2023,0.003244695
12/2/2023,0.003166247
12/2/2023,0.003101397
12/2/2023,0.00312728
12/2/2023,0.003011409
12/2/2023,0.002947709
12/2/2023,0.003011409
12/2/2023,0.00296041
12/3/2023,0.002834274
12/3/2023,0.002821768
12/3/2023,0.002796814
12/3/2023,0.002747144
12/3/2023,0.002784367
12/3/2023,0.002710098
12/3/2023,0.002612187
12/3/2023,0.002710098
12/3/2023,0.002612187
12/3/2023,0.002551645
12/3/2023,0.002551645
12/3/2023,0.002479661
12/3/2023,0.00245583
12/3/2023,0.002491608
12/3/2023,0.002361323
12/3/2023,0.002337902
12/3/2023,0.002373064
12/3/2023,0.002279715
12/3/2023,0.002326223
12/3/2023,0.00226814
12/3/2023,0.002302927
12/3/2023,0.002245053
12/3/2023,0.002326223
12/3/2023,0.002245053
12/3/2023,0.002222049
12/3/2023,0.002176296
12/3/2023,0.002176296
12/3/2023,0.002142203
12/3/2023,0.002108301
12/3/2023,0.002074592
12/3/2023,0.002097043
12/3/2023,0.002029947
12/3/2023,0.002130881
12/3/2023,0.002052227
12/3/2023,0.001974628
12/3/2023,0.002052227
12/3/2023,0.001974628
12/3/2023,0.002108301
12/3/2023,0.002029947
12/3/2023,0.00199669
12/3/2023,0.001974628
12/3/2023,0.001963629
12/3/2023,0.001941697
12/3/2023,0.001887251
12/3/2023,0.001865626
12/3/2023,0.00201884
12/3/2023,0.001908963
12/3/2023,0.001898096
12/3/2023,0.002007754
12/3/2023,0.001919853
12/3/2023,0.001930764
12/3/2023,0.001854848
12/3/2023,0.001854848
12/3/2023,0.001963629
12/3/2023,0.001780018
12/3/2023,0.001833356
12/3/2023,0.001706289
12/3/2023,0.001811954
12/3/2023,0.001833356
12/3/2023,0.00175884
12/3/2023,0.001737752
12/3/2023,0.001822644
12/3/2023,0.00199669
12/3/2023,0.002074592
12/3/2023,0.002074592
12/3/2023,0.002052227
12/3/2023,0.002187702
12/3/2023,0.002361323
12/3/2023,0.002302927
12/3/2023,0.002491608
12/3/2023,0.002624356
12/3/2023,0.002859345
12/3/2023,0.003024207
12/3/2023,0.00304986
12/3/2023,0.003062715
12/3/2023,0.00312728
12/3/2023,0.003231573
12/3/2023,0.003192321
12/3/2023,0.003270995
12/3/2023,0.003484091
12/3/2023,0.003443773
12/3/2023,0.003578813
12/3/2023,0.003688166
12/3/2023,0.003633343
12/3/2023,0.003606042
12/3/2023,0.003647022
12/3/2023,0.003688166
12/3/2023,0.003701917
12/3/2023,0.003729473
12/3/2023,0.003743279
12/3/2023,0.003729473
12/3/2023,0.003701917
12/3/2023,0.003660718
12/3/2023,0.003688166
12/3/2023,0.003511063
12/3/2023,0.003538108
12/4/2023,0.003660718
12/4/2023,0.003578813
12/4/2023,0.003619683
12/4/2023,0.003633343
12/4/2023,0.003619683
12/4/2023,0.003729473
12/4/2023,0.003633343
12/4/2023,0.003647022
12/4/2023,0.003633343
12/4/2023,0.003688166
12/4/2023,0.003660718
12/4/2023,0.003619683
12/4/2023,0.003619683
12/4/2023,0.003606042
12/4/2023,0.003578813
12/4/2023,0.003551658
12/4/2023,0.003538108
12/4/2023,0.003578813
12/4/2023,0.003538108
12/4/2023,0.003484091
12/4/2023,0.003470633
12/4/2023,0.003511063
12/4/2023,0.003416987
12/4/2023,0.003403622
12/4/2023,0.003416987
12/4/2023,0.003363637
12/4/2023,0.003430371
12/4/2023,0.003376947
12/4/2023,0.003350347
12/4/2023,0.003337075
12/4/2023,0.003350347
12/4/2023,0.003363637
12/4/2023,0.003350347
12/4/2023,0.003284173
12/4/2023,0.003310586
12/4/2023,0.003363637
12/4/2023,0.003323821
12/4/2023,0.003376947
12/4/2023,0.003376947
12/4/2023,0.00299863
12/4/2023,0.003037024
12/4/2023,0.00307559
12/4/2023,0.002973131
12/4/2023,0.003101397
12/4/2023,0.003153239
12/4/2023,0.003179275
12/4/2023,0.003179275
12/4/2023,0.003470633
12/4/2023,0.003470633
12/4/2023,0.003578813
12/4/2023,0.003688166
12/4/2023,0.003729473
12/4/2023,0.003757102
12/4/2023,0.003812577
12/4/2023,0.003938446
12/4/2023,0.003882325
12/4/2023,0.003980723
12/4/2023,0.004037342
12/4/2023,0.004223304
12/4/2023,0.004252176
12/4/2023,0.004295616
12/4/2023,0.004339212
12/4/2023,0.004295616
12/4/2023,0.004544714
12/4/2023,0.004559521
12/4/2023,0.004648725
12/4/2023,0.004753568
12/4/2023,0.004738539
12/4/2023,0.004798754
12/4/2023,0.004904777
12/4/2023,0.004996306
12/4/2023,0.004798754
12/4/2023,0.004874401
12/4/2023,0.004844092
12/4/2023,0.004678595
12/4/2023,0.004708533
12/4/2023,0.004708533
12/4/2023,0.004753568
12/4/2023,0.004904777
12/4/2023,0.005026949
12/4/2023,0.004768613
12/4/2023,0.004798754
12/4/2023,0.004723528
12/4/2023,0.004889581
12/4/2023,0.004783675
12/4/2023,0.004648725
12/4/2023,0.004708533
12/4/2023,0.004708533
12/4/2023,0.004753568
12/4/2023,0.004753568
12/4/2023,0.004529923
12/4/2023,0.004708533
12/4/2023,0.004589188
12/4/2023,0.004544714
12/4/2023,0.00451515
12/4/2023,0.004618922
12/5/2023,0.004544714
12/5/2023,0.004353778
12/5/2023,0.004412218
12/5/2023,0.004382963
12/5/2023,0.004456228
12/5/2023,0.004544714
12/5/2023,0.004382963
12/5/2023,0.004353778
12/5/2023,0.004441541
12/5/2023,0.004529923
12/5/2023,0.00431013
12/5/2023,0.004574346
12/5/2023,0.004500394
12/5/2023,0.004397582
12/5/2023,0.004485655
12/5/2023,0.004456228
12/5/2023,0.004529923
12/5/2023,0.004426871
12/5/2023,0.004456228
12/5/2023,0.004397582
12/5/2023,0.004382963
12/5/2023,0.004441541
12/5/2023,0.004368362
12/5/2023,0.004339212
12/5/2023,0.004397582
12/5/2023,0.004412218
12/5/2023,0.004470933
12/5/2023,0.004353778
12/5/2023,0.004559521
12/5/2023,0.004382963
12/5/2023,0.004456228
12/5/2023,0.00451515
12/5/2023,0.004589188
12/5/2023,0.004633815
12/5/2023,0.004604046
12/5/2023,0.004708533
12/5/2023,0.004604046
12/5/2023,0.004633815
12/5/2023,0.004753568
12/5/2023,0.004783675
12/5/2023,0.004618922
12/5/2023,0.004738539
12/5/2023,0.004889581
12/5/2023,0.009157211
12/5/2023,0.009558761
12/5/2023,0.005042296
12/5/2023,0.005057659
12/5/2023,0.005088435
12/5/2023,0.00498101
12/5/2023,0.005042296
12/5/2023,0.005042296
12/5/2023,0.005227743
12/5/2023,0.005150185
12/5/2023,0.005088435
12/5/2023,0.005026949
12/5/2023,0.005042296
12/5/2023,0.00498101
12/5/2023,0.005057659
12/5/2023,0.004996306
12/5/2023,0.004996306
12/5/2023,0.00491999
12/5/2023,0.004996306
12/5/2023,0.00498101
12/5/2023,0.004844092
12/5/2023,0.004874401
12/5/2023,0.004904777
12/5/2023,0.00491999
12/5/2023,0.005026949
12/5/2023,0.004950467
12/5/2023,0.004874401
12/5/2023,0.00491999
12/5/2023,0.005026949
12/5/2023,0.004889581
12/5/2023,0.004874401
12/5/2023,0.00491999
12/5/2023,0.00481385
12/5/2023,0.004844092
12/5/2023,0.004768613
12/5/2023,0.004723528
12/5/2023,0.004723528
12/5/2023,0.004723528
12/5/2023,0.004753568
12/5/2023,0.004678595
12/5/2023,0.004844092
12/5/2023,0.004753568
12/5/2023,0.004753568
12/5/2023,0.004723528
12/5/2023,0.004798754
12/5/2023,0.004904777
12/5/2023,0.004663651
12/5/2023,0.004738539
12/5/2023,0.004693556
12/5/2023,0.004723528
12/5/2023,0.004708533
12/5/2023,0.004618922
12/5/2023,0.004500394
12/6/2023,0.004828962
12/6/2023,0.004663651
12/6/2023,0.004633815
12/6/2023,0.004500394
12/6/2023,0.004544714
12/6/2023,0.004574346
12/6/2023,0.004574346
12/6/2023,0.004500394
12/6/2023,0.004426871
12/6/2023,0.004559521
12/6/2023,0.004368362
12/6/2023,0.004382963
12/6/2023,0.004456228
12/6/2023,0.004368362
12/6/2023,0.004397582
12/6/2023,0.004412218
12/6/2023,0.004470933
12/6/2023,0.004353778
12/6/2023,0.004382963
12/6/2023,0.004426871
12/6/2023,0.004456228
12/6/2023,0.004412218
12/6/2023,0.004295616
12/6/2023,0.00431013
12/6/2023,0.004339212
12/6/2023,0.004397582
12/6/2023,0.004426871
12/6/2023,0.004281119
12/6/2023,0.004266639
12/6/2023,0.004194501
12/6/2023,0.004237731
12/6/2023,0.004180126
12/6/2023,0.004122802
12/6/2023,0.004223304
12/6/2023,0.004237731
12/6/2023,0.004180126
12/6/2023,0.004180126
12/6/2023,0.004079993
12/6/2023,0.004180126
12/6/2023,0.004108514
12/6/2023,0.004108514
12/6/2023,0.004165769
12/6/2023,0.004037342
12/6/2023,0.004165769
12/6/2023,0.004094245
12/6/2023,0.004079993
12/6/2023,0.004094245
12/6/2023,0.004037342
12/6/2023,0.003966613
12/6/2023,0.003980723
12/6/2023,0.004051541
12/6/2023,0.004037342
12/6/2023,0.003924389
12/6/2023,0.004008997
12/6/2023,0.003966613
12/6/2023,0.004023161
12/6/2023,0.00395252
12/6/2023,0.003896328
12/6/2023,0.003910349
12/6/2023,0.003924389
12/6/2023,0.003715686
12/6/2023,0.003868339
12/6/2023,0.003840422
12/6/2023,0.003798681
12/6/2023,0.003770944
12/6/2023,0.003743279
12/6/2023,0.003840422
12/6/2023,0.003812577
12/6/2023,0.003798681
12/6/2023,0.003840422
12/6/2023,0.003840422
12/6/2023,0.003757102
12/6/2023,0.003729473
12/6/2023,0.003729473
12/6/2023,0.003770944
12/6/2023,0.003647022
12/6/2023,0.003674433
12/6/2023,0.003619683
12/6/2023,0.003592418
12/6/2023,0.003660718
12/6/2023,0.003619683
12/6/2023,0.003633343
12/6/2023,0.003578813
12/6/2023,0.003647022
12/6/2023,0.003497568
12/6/2023,0.003729473
12/6/2023,0.003674433
12/6/2023,0.003592418
12/6/2023,0.003470633
12/6/2023,0.003511063
12/6/2023,0.003470633
12/6/2023,0.003457194
12/6/2023,0.003660718
12/6/2023,0.003606042
12/6/2023,0.003376947
12/6/2023,0.003457194
12/7/2023,0.003538108
12/7/2023,0.003633343
12/7/2023,0.003457194
12/7/2023,0.004008997
12/7/2023,0.003390275
12/7/2023,0.003484091
12/7/2023,0.003619683
12/7/2023,0.003284173
12/7/2023,0.003470633
12/7/2023,0.003270995
12/7/2023,0.003297371
12/7/2023,0.003323821
12/7/2023,0.003715686
12/7/2023,0.003323821
12/7/2023,0.003166247
12/7/2023,0.003470633
12/7/2023,0.003323821
12/7/2023,0.003244695
12/7/2023,0.003337075
12/7/2023,0.003565226
12/7/2023,0.003205386
12/7/2023,0.003153239
12/7/2023,0.003363637
12/7/2023,0.003715686
12/7/2023,0.003376947
12/7/2023,0.003538108
12/7/2023,0.003647022
12/7/2023,0.003403622
12/7/2023,0.003701917
12/7/2023,0.003244695
12/7/2023,0.003484091
12/7/2023,0.003660718
12/7/2023,0.003363637
12/7/2023,0.003497568
12/7/2023,0.003497568
12/7/2023,0.004037342
12/7/2023,0.003538108
12/7/2023,0.003701917
12/7/2023,0.003701917
12/7/2023,0.003578813
12/7/2023,0.003688166
12/7/2023,0.003784803
12/7/2023,0.003688166
12/7/2023,0.003798681
12/7/2023,0.003430371
12/7/2023,0.003840422
12/7/2023,0.003854372
12/7/2023,0.003757102
12/7/2023,0.003938446
12/7/2023,0.004051541
12/7/2023,0.003770944
12/7/2023,0.004037342
12/7/2023,0.003868339
12/7/2023,0.003743279
12/7/2023,0.003729473
12/7/2023,0.003826491
12/7/2023,0.003798681
12/7/2023,0.003924389
12/7/2023,0.003938446
12/7/2023,0.003798681
12/7/2023,0.003896328
12/7/2023,0.003868339
12/7/2023,0.004008997
12/7/2023,0.003826491
12/7/2023,0.003882325
12/7/2023,0.003840422
12/7/2023,0.003826491
12/7/2023,0.003840422
12/7/2023,0.003868339
12/7/2023,0.003868339
12/7/2023,0.003896328
12/7/2023,0.003882325
12/7/2023,0.00395252
12/7/2023,0.003868339
12/7/2023,0.003840422
12/7/2023,0.003784803
12/7/2023,0.003812577
12/7/2023,0.003701917
12/7/2023,0.003743279
12/7/2023,0.003798681
12/7/2023,0.003784803
12/7/2023,0.004266639
12/7/2023,0.003715686
12/7/2023,0.003854372
12/7/2023,0.003826491
12/7/2023,0.003798681
12/7/2023,0.003896328
12/7/2023,0.003688166
12/7/2023,0.003770944
12/7/2023,0.003715686
12/7/2023,0.003688166
12/7/2023,0.003619683
12/7/2023,0.003511063
12/7/2023,0.003565226
12/7/2023,0.003701917
12/7/2023,0.003660718
12/8/2023,0.003910349
12/8/2023,0.003551658
12/8/2023,0.003524576
12/8/2023,0.003457194
12/8/2023,0.003416987
12/8/2023,0.003403622
12/8/2023,0.003524576
12/8/2023,0.003430371
12/8/2023,0.003470633
12/8/2023,0.003443773
12/8/2023,0.003484091
12/8/2023,0.003457194
12/8/2023,0.003323821
12/8/2023,0.003430371
12/8/2023,0.003390275
12/8/2023,0.003231573
12/8/2023,0.003416987
12/8/2023,0.003270995
12/8/2023,0.003166247
12/8/2023,0.003376947
12/8/2023,0.003376947
12/8/2023,0.003166247
12/8/2023,0.003244695
12/8/2023,0.003153239
12/8/2023,0.003179275
12/8/2023,0.003297371
12/8/2023,0.00321847
12/8/2023,0.00321847
12/8/2023,0.003153239
12/8/2023,0.003205386
12/8/2023,0.003101397
12/8/2023,0.003179275
12/8/2023,0.003088484
12/8/2023,0.00304986
12/8/2023,0.003062715
12/8/2023,0.003284173
12/8/2023,0.003062715
12/8/2023,0.002973131
12/8/2023,0.00296041
12/8/2023,0.003153239
12/8/2023,0.003101397
12/8/2023,0.002973131
12/8/2023,0.002985871
12/8/2023,0.002909722
12/8/2023,0.002935027
12/8/2023,0.002796814
12/8/2023,0.0028468
12/8/2023,0.002821768
12/8/2023,0.002973131
12/8/2023,0.002985871
12/8/2023,0.00287191
12/8/2023,0.002859345
12/8/2023,0.002747144
12/8/2023,0.002884494
12/8/2023,0.002834274
12/8/2023,0.002834274
12/8/2023,0.002909722
12/8/2023,0.002734775
12/8/2023,0.002821768
12/8/2023,0.002897099
12/8/2023,0.0028468
12/8/2023,0.002710098
12/8/2023,0.002859345
12/8/2023,0.002821768
12/8/2023,0.002759532
12/8/2023,0.002734775
12/8/2023,0.002747144
12/8/2023,0.002771939
12/8/2023,0.002722427
12/8/2023,0.00269779
12/8/2023,0.002660983
12/8/2023,0.002612187
12/8/2023,0.002624356
12/8/2023,0.00258791
12/8/2023,0.00258791
12/8/2023,0.002636545
12/8/2023,0.002636545
12/8/2023,0.002551645
12/8/2023,0.002612187
12/8/2023,0.002527569
12/8/2023,0.00258791
12/8/2023,0.002612187
12/8/2023,0.002443944
12/8/2023,0.002539597
12/8/2023,0.002515562
12/8/2023,0.002515562
12/8/2023,0.002479661
12/8/2023,0.002479661
12/8/2023,0.002467735
12/8/2023,0.00245583
12/8/2023,0.002503575
12/8/2023,0.002479661
12/8/2023,0.002408412
12/8/2023,0.002443944
12/8/2023,0.002443944
12/8/2023,0.002361323
12/9/2023,0.002408412
12/9/2023,0.002408412
12/9/2023,0.002384826
12/9/2023,0.002373064
12/9/2023,0.002349602
12/9/2023,0.002302927
12/9/2023,0.002349602
12/9/2023,0.002233541
12/9/2023,0.002279715
12/9/2023,0.002314565
12/9/2023,0.002291311
12/9/2023,0.002302927
12/9/2023,0.00226814
12/9/2023,0.00226814
12/9/2023,0.002176296
12/9/2023,0.002233541
12/9/2023,0.002187702
12/9/2023,0.002210579
12/9/2023,0.002210579
12/9/2023,0.002279715
12/9/2023,0.002245053
12/9/2023,0.002222049
12/9/2023,0.002176296
12/9/2023,0.002245053
12/9/2023,0.002153546
12/9/2023,0.002153546
12/9/2023,0.002142203
12/9/2023,0.002233541
12/9/2023,0.002279715
12/9/2023,0.00219913
12/9/2023,0.002142203
12/9/2023,0.002176296
12/9/2023,0.002245053
12/9/2023,0.00216491
12/9/2023,0.002108301
12/9/2023,0.00219913
12/9/2023,0.002130881
12/9/2023,0.002279715
12/9/2023,0.002233541
12/9/2023,0.00211958
12/9/2023,0.00211958
12/9/2023,0.002153546
12/9/2023,0.002256586
12/9/2023,0.00226814
12/9/2023,0.00211958
12/9/2023,0.002222049
12/9/2023,0.002326223
12/9/2023,0.002176296
12/9/2023,0.002210579
12/9/2023,0.002210579
12/9/2023,0.002176296
12/9/2023,0.002063399
12/9/2023,0.002245053
12/9/2023,0.002291311
12/9/2023,0.002063399
12/9/2023,0.002085807
12/9/2023,0.00216491
12/9/2023,0.002153546
12/9/2023,0.002108301
12/9/2023,0.002108301
12/9/2023,0.002085807
12/9/2023,0.002256586
12/9/2023,0.002041076
12/9/2023,0.002142203
12/9/2023,0.00211958
12/9/2023,0.002063399
12/9/2023,0.002074592
12/9/2023,0.00201884
12/9/2023,0.002097043
12/9/2023,0.002097043
12/9/2023,0.002041076
12/9/2023,0.002029947
12/9/2023,0.001952652
12/9/2023,0.002063399
12/9/2023,0.001963629
12/9/2023,0.002041076
12/9/2023,0.002130881
12/9/2023,0.002007754
12/9/2023,0.001985648
12/9/2023,0.00201884
12/9/2023,0.001974628
12/9/2023,0.001985648
12/9/2023,0.002007754
12/9/2023,0.002029947
12/9/2023,0.002074592
12/9/2023,0.002029947
12/9/2023,0.002130881
12/9/2023,0.00216491
12/9/2023,0.002029947
12/9/2023,0.002007754
12/9/2023,0.001974628
12/9/2023,0.002153546
12/9/2023,0.002063399
12/9/2023,0.002029947
12/9/2023,0.00199669
12/9/2023,0.001952652
12/9/2023,0.001908963
12/10/2023,0.002029947
12/10/2023,0.002142203
12/10/2023,0.002052227
12/10/2023,0.002052227
12/10/2023,0.002041076
12/10/2023,0.002029947
12/10/2023,0.002052227
12/10/2023,0.00216491
12/10/2023,0.001963629
12/10/2023,0.001985648
12/10/2023,0.001974628
12/10/2023,0.001952652
12/10/2023,0.002041076
12/10/2023,0.001985648
12/10/2023,0.001985648
12/10/2023,0.001952652
12/10/2023,0.002029947
12/10/2023,0.002007754
12/10/2023,0.002108301
12/10/2023,0.002222049
12/10/2023,0.00216491
12/10/2023,0.002408412
12/10/2023,0.002361323
12/10/2023,0.002685501
12/10/2023,0.002771939
12/10/2023,0.002897099
12/10/2023,0.003205386
12/10/2023,0.003457194
12/10/2023,0.003826491
12/10/2023,0.004108514
12/10/2023,0.004382963
12/10/2023,0.00501162
12/10/2023,0.005415555
12/10/2023,0.006009271
12/10/2023,0.006743366
12/10/2023,0.007401156
12/10/2023,0.008134901
12/10/2023,0.007935632
12/10/2023,0.008761815
12/10/2023,0.009888279
12/10/2023,0.010261229
12/10/2023,0.010499291
12/10/2023,0.011225011
12/10/2023,0.011676918
12/10/2023,0.012030434
12/10/2023,0.012366558
12/10/2023,0.012812684
12/10/2023,0.01328604
12/10/2023,0.014228682
12/10/2023,0.01431753
12/10/2023,0.01471977
12/10/2023,0.015284963
12/10/2023,0.016742404
12/10/2023,0.01583462
12/10/2023,0.016391133
12/10/2023,0.017524454
12/10/2023,0.019546702
12/10/2023,0.021209931
12/10/2023,0.023554524
12/10/2023,0.025355874
12/10/2023,0.025574094
12/10/2023,0.027231758
12/10/2023,0.027736226
12/10/2023,0.02838559
12/10/2023,0.029097447
12/10/2023,0.029126051
12/10/2023,0.029700227
12/10/2023,0.029240568
12/10/2023,0.030133462
12/10/2023,0.030133462
12/10/2023,0.030249367
12/10/2023,0.031711439
12/10/2023,0.033498001
12/10/2023,0.0322141
12/10/2023,0.033678562
12/10/2023,0.033799127
12/10/2023,0.034616931
12/10/2023,0.035933614
12/10/2023,0.035779617
12/10/2023,0.035687331
12/10/2023,0.037111639
12/10/2023,0.035871987
12/10/2023,0.03692474
12/10/2023,0.035656588
12/10/2023,0.036800326
12/10/2023,0.037236425
12/10/2023,0.035995279
12/10/2023,0.037517735
12/10/2023,0.039348556
12/10/2023,0.036582962
12/10/2023,0.038618839
12/10/2023,0.038935512
12/10/2023,0.039923011
12/10/2023,0.040243428
12/10/2023,0.040919256
12/10/2023,0.041080755
12/10/2023,0.040951537
12/10/2023,0.041048437
12/10/2023,0.04140443
12/10/2023,0.042152296
12/11/2023,0.041469273
12/11/2023,0.0429049
12/11/2023,0.042380849
12/11/2023,0.04339827
12/11/2023,0.042250194
12/11/2023,0.042282844
12/11/2023,0.043299436
12/11/2023,0.0429049
12/11/2023,0.043200682
12/11/2023,0.042970567
12/11/2023,0.043332372
12/11/2023,0.042806467
12/11/2023,0.043431233
12/11/2023,0.042773673
12/11/2023,0.043167782
12/11/2023,0.043102008
12/11/2023,0.043728294
12/11/2023,0.042478935
12/11/2023,0.043102008
12/11/2023,0.0429049
12/11/2023,0.043827474
12/11/2023,0.042773673
12/11/2023,0.042282844
12/11/2023,0.043563172
12/11/2023,0.042380849
12/11/2023,0.041696507
12/11/2023,0.041469273
12/11/2023,0.041794028
12/11/2023,0.042413535
12/11/2023,0.040983828
12/11/2023,0.041113082
12/11/2023,0.040403977
12/11/2023,0.041177763
12/11/2023,0.040147208
12/11/2023,0.040854719
12/11/2023,0.039475957
12/11/2023,0.03989102
12/11/2023,0.040371849
12/11/2023,0.039571604
12/11/2023,0.039603505
12/11/2023,0.040147208
12/11/2023,0.039699261
12/11/2023,0.03928491
12/11/2023,0.038935512
12/11/2023,0.038492427
12/11/2023,0.039412238
12/11/2023,0.038840414
12/11/2023,0.038998956
12/11/2023,0.038713745
12/11/2023,0.039475957
12/11/2023,0.039412238
12/11/2023,0.039539713
12/11/2023,0.038967229
12/11/2023,0.03950783
12/11/2023,0.038587222
12/11/2023,0.038429277
12/11/2023,0.037298873
12/11/2023,0.037423882
12/11/2023,0.036987003
12/11/2023,0.036893623
12/11/2023,0.036427981
12/11/2023,0.035964442
12/11/2023,0.036211401
12/11/2023,0.035257783
12/11/2023,0.035135395
12/11/2023,0.034404242
12/11/2023,0.033738825
12/11/2023,0.033618336
12/11/2023,0.032421892
12/11/2023,0.032273421
12/11/2023,0.031299593
12/11/2023,0.031947636
12/11/2023,0.030860454
12/11/2023,0.031035845
12/11/2023,0.03077289
12/11/2023,0.030423521
12/11/2023,0.030627148
12/11/2023,0.030802068
12/11/2023,0.030307379
12/11/2023,0.029873254
12/11/2023,0.02972904
12/11/2023,0.029671424
12/11/2023,0.02932656
12/11/2023,0.028954576
12/11/2023,0.029040269
12/11/2023,0.027343578
12/11/2023,0.027595767
12/11/2023,0.027792481
12/11/2023,0.027371559
12/11/2023,0.026980759
12/11/2023,0.027315608
12/11/2023,0.026841671
12/11/2023,0.026786108
12/11/2023,0.026813885
12/11/2023,0.026343073
12/11/2023,0.025930114
12/11/2023,0.02554678
12/12/2023,0.025628752
12/12/2023,0.025002683
12/12/2023,0.024355274
12/12/2023,0.024087302
12/12/2023,0.024705206
12/12/2023,0.024705206
12/12/2023,0.024087302
12/12/2023,0.023927025
12/12/2023,0.023369053
12/12/2023,0.023474973
12/12/2023,0.02276332
12/12/2023,0.023316157
12/12/2023,0.023025988
12/12/2023,0.022842008
12/12/2023,0.022397385
12/12/2023,0.022920793
12/12/2023,0.022033559
12/12/2023,0.022137293
12/12/2023,0.02185244
12/12/2023,0.022033559
12/12/2023,0.021235501
12/12/2023,0.021878282
12/12/2023,0.020675503
12/12/2023,0.020903951
12/12/2023,0.020827703
12/12/2023,0.02029674
12/12/2023,0.020574256
12/12/2023,0.020145932
12/12/2023,0.019870488
12/12/2023,0.020020563
12/12/2023,0.019945475
12/12/2023,0.019249503
12/12/2023,0.019695907
12/12/2023,0.019323651
12/12/2023,0.018880281
12/12/2023,0.018880281
12/12/2023,0.019052269
12/12/2023,0.018489249
12/12/2023,0.018684402
12/12/2023,0.018782251
12/12/2023,0.017980444
12/12/2023,0.018343363
12/12/2023,0.018343363
12/12/2023,0.018440575
12/12/2023,0.018391946
12/12/2023,0.017908169
12/12/2023,0.017884101
12/12/2023,0.017548349
12/12/2023,0.017932249
12/12/2023,0.017001679
12/12/2023,0.017191129
12/12/2023,0.017620106
12/12/2023,0.017191129
12/12/2023,0.017072635
12/12/2023,0.017143696
12/12/2023,0.017025319
12/12/2023,0.016695416
12/12/2023,0.016742404
12/12/2023,0.016274631
12/12/2023,0.015996232
12/12/2023,0.016204871
12/12/2023,0.016158424
12/12/2023,0.015880736
12/12/2023,0.015719541
12/12/2023,0.015467416
12/12/2023,0.015719541
12/12/2023,0.015627692
12/12/2023,0.015194025
12/12/2023,0.014877262
12/12/2023,0.015080623
12/12/2023,0.014742232
12/12/2023,0.0142065
12/12/2023,0.01460764
12/12/2023,0.014495815
12/12/2023,0.014339773
12/12/2023,0.014051574
12/12/2023,0.01414003
12/12/2023,0.014362028
12/12/2023,0.014007421
12/12/2023,0.013677843
12/12/2023,0.013568604
12/12/2023,0.013721626
12/12/2023,0.013568604
12/12/2023,0.013221133
12/12/2023,0.013242757
12/12/2023,0.01335106
12/12/2023,0.013134766
12/12/2023,0.012684647
12/12/2023,0.012748609
12/12/2023,0.012705955
12/12/2023,0.0126208
12/12/2023,0.01249345
12/12/2023,0.012472269
12/12/2023,0.012557068
12/12/2023,0.012156095
12/12/2023,0.012303284
12/12/2023,0.012114156
12/13/2023,0.012114156
12/13/2023,0.012114156
12/13/2023,0.011780505
12/13/2023,0.01169761
12/13/2023,0.01182203
12/13/2023,0.011780505
12/13/2023,0.01169761
12/13/2023,0.01165624
12/13/2023,0.011759762
12/13/2023,0.011265831
12/13/2023,0.011306704
12/13/2023,0.011123189
12/13/2023,0.011265831
12/13/2023,0.011082553
12/13/2023,0.011265831
12/13/2023,0.011265831
12/13/2023,0.01104197
12/13/2023,0.010779469
12/13/2023,0.011225011
12/13/2023,0.01104197
12/13/2023,0.010659072
12/13/2023,0.010739283
12/13/2023,0.010679105
12/13/2023,0.010699151
12/13/2023,0.010360186
12/13/2023,0.010619046
12/13/2023,0.010320563
12/13/2023,0.010340367
12/13/2023,0.010280993
12/13/2023,0.010221741
12/13/2023,0.010025111
12/13/2023,0.010300771
12/13/2023,0.010182306
12/13/2023,0.010280993
12/13/2023,0.010083958
12/13/2023,0.010044713
12/13/2023,0.0101036
12/13/2023,0.01016261
12/13/2023,0.009810389
12/13/2023,0.010064329
12/13/2023,0.010064329
12/13/2023,0.009888279
12/13/2023,0.009849307
12/13/2023,0.010202017
12/13/2023,0.009771526
12/13/2023,0.009732718
12/13/2023,0.009810389
12/13/2023,0.009849307
12/13/2023,0.010064329
12/13/2023,0.009966387
12/13/2023,0.009927306
12/13/2023,0.009539501
12/13/2023,0.009732718
12/13/2023,0.009829841
12/13/2023,0.009616623
12/13/2023,0.009539501
12/13/2023,0.009868786
12/13/2023,0.00938592
12/13/2023,0.009290381
12/13/2023,0.009674609
12/13/2023,0.009655266
12/13/2023,0.009481804
12/13/2023,0.009424232
12/13/2023,0.009366784
12/13/2023,0.009328555
12/13/2023,0.00938592
12/13/2023,0.009290381
12/13/2023,0.009157211
12/13/2023,0.009328555
12/13/2023,0.009157211
12/13/2023,0.009214201
12/13/2023,0.009138243
12/13/2023,0.009100348
12/13/2023,0.009100348
12/13/2023,0.008986998
12/13/2023,0.009081421
12/13/2023,0.009138243
12/13/2023,0.009081421
12/13/2023,0.008968155
12/13/2023,0.009081421
12/13/2023,0.008949327
12/13/2023,0.008892926
12/13/2023,0.009214201
12/13/2023,0.008817921
12/13/2023,0.008949327
12/13/2023,0.008501676
12/13/2023,0.008483201
12/13/2023,0.008817921
12/13/2023,0.008631398
12/13/2023,0.008631398
12/13/2023,0.009081421
12/13/2023,0.008668589
12/13/2023,0.008668589
12/13/2023,0.008687206
12/13/2023,0.008724482
12/13/2023,0.008427862
12/13/2023,0.008631398
12/14/2023,0.008372652
12/14/2023,0.008594263
12/14/2023,0.008668589
12/14/2023,0.008594263
12/14/2023,0.008427862
12/14/2023,0.008354277
12/14/2023,0.008226056
12/14/2023,0.008354277
12/14/2023,0.00809854
12/14/2023,0.008116713
12/14/2023,0.008189551
12/14/2023,0.008116713
12/14/2023,0.007935632
12/14/2023,0.007738124
12/14/2023,0.008025992
12/14/2023,0.008153103
12/14/2023,0.008025992
12/14/2023,0.00809854
12/14/2023,0.007738124
12/14/2023,0.007935632
12/14/2023,0.008080381
12/14/2023,0.007827681
12/14/2023,0.008025992
12/14/2023,0.007756006
12/14/2023,0.007756006
12/14/2023,0.007720256
12/14/2023,0.007702403
12/14/2023,0.007863607
12/14/2023,0.007971733
12/14/2023,0.007648932
12/14/2023,0.007506991
12/14/2023,0.007756006
12/14/2023,0.007666741
12/14/2023,0.007471653
12/14/2023,0.007418758
12/14/2023,0.007365996
12/14/2023,0.007542388
12/14/2023,0.007595594
12/14/2023,0.007173682
12/14/2023,0.007313368
12/14/2023,0.007383568
12/14/2023,0.007069546
12/14/2023,0.00713891
12/14/2023,0.007104198
12/14/2023,0.006914358
12/14/2023,0.006743366
12/14/2023,0.007017681
12/14/2023,0.007034954
12/14/2023,0.007052242
12/14/2023,0.006897191
12/14/2023,0.006794504
12/14/2023,0.006845779
12/14/2023,0.007034954
12/14/2023,0.006811581
12/14/2023,0.006794504
12/14/2023,0.006931541
12/14/2023,0.006777443
12/14/2023,0.006828672
12/14/2023,0.006811581
12/14/2023,0.00660767
12/14/2023,0.006760397
12/14/2023,0.006506541
12/14/2023,0.006692365
12/14/2023,0.006523358
12/14/2023,0.00660767
12/14/2023,0.006743366
12/14/2023,0.00670935
12/14/2023,0.00670935
12/14/2023,0.006506541
12/14/2023,0.006540189
12/14/2023,0.006489741
12/14/2023,0.006339228
12/14/2023,0.006439431
12/14/2023,0.006540189
12/14/2023,0.006339228
12/14/2023,0.006372567
12/14/2023,0.006439431
12/14/2023,0.006405968
12/14/2023,0.00638926
12/14/2023,0.006523358
12/14/2023,0.006289336
12/14/2023,0.006472955
12/14/2023,0.006456185
12/14/2023,0.006239585
12/14/2023,0.006272737
12/14/2023,0.006322582
12/14/2023,0.006124044
12/14/2023,0.006322582
12/14/2023,0.006189973
12/14/2023,0.006074761
12/14/2023,0.006140503
12/14/2023,0.006173467
12/14/2023,0.006239585
12/14/2023,0.006206495
12/14/2023,0.006223032
12/14/2023,0.006091173
12/15/2023,0.006091173
12/15/2023,0.006091173
12/15/2023,0.00602562
12/15/2023,0.006156977
12/15/2023,0.006041985
12/15/2023,0.00602562
12/15/2023,0.0061076
12/15/2023,0.005911509
12/15/2023,0.006041985
12/15/2023,0.00602562
12/15/2023,0.006058365
12/15/2023,0.005976621
12/15/2023,0.005944033
12/15/2023,0.0061076
12/15/2023,0.005992938
12/15/2023,0.006058365
12/15/2023,0.005830477
12/15/2023,0.005749842
12/15/2023,0.005960319
12/15/2023,0.005911509
12/15/2023,0.005798175
12/15/2023,0.005846651
12/15/2023,0.005765937
12/15/2023,0.005749842
12/15/2023,0.0057177
12/15/2023,0.005701652
12/15/2023,0.005846651
12/15/2023,0.005621657
12/15/2023,0.005637624
12/15/2023,0.0057177
12/15/2023,0.0057177
12/15/2023,0.005637624
12/15/2023,0.00555795
12/15/2023,0.005462874
12/15/2023,0.005669606
12/15/2023,0.005605706
12/15/2023,0.0057177
12/15/2023,0.005749842
12/15/2023,0.005510339
12/15/2023,0.00547868
12/15/2023,0.005494501
12/15/2023,0.005494501
12/15/2023,0.005573853
12/15/2023,0.005733763
12/15/2023,0.005542064
12/15/2023,0.005621657
12/15/2023,0.005399814
12/15/2023,0.005368381
12/15/2023,0.00547868
12/15/2023,0.005494501
12/15/2023,0.00547868
12/15/2023,0.005431312
12/15/2023,0.005462874
12/15/2023,0.005321355
12/15/2023,0.005274475
12/15/2023,0.00538409
12/15/2023,0.005290085
12/15/2023,0.005227743
12/15/2023,0.005368381
12/15/2023,0.005431312
12/15/2023,0.005274475
12/15/2023,0.005337014
12/15/2023,0.005321355
12/15/2023,0.005337014
12/15/2023,0.00535269
12/15/2023,0.005305712
12/15/2023,0.005212199
12/15/2023,0.005337014
12/15/2023,0.005305712
12/15/2023,0.005227743
12/15/2023,0.005274475
12/15/2023,0.005274475
12/15/2023,0.005337014
12/15/2023,0.00535269
12/15/2023,0.00547868
12/15/2023,0.005337014
12/15/2023,0.00519667
12/15/2023,0.005290085
12/15/2023,0.005305712
12/15/2023,0.005243304
12/15/2023,0.005258881
12/15/2023,0.005321355
12/15/2023,0.005165663
12/15/2023,0.005227743
12/15/2023,0.005337014
12/15/2023,0.005447085
12/15/2023,0.005150185
12/15/2023,0.005258881
12/15/2023,0.005227743
12/15/2023,0.005243304
12/15/2023,0.005134722
12/15/2023,0.005119277
12/15/2023,0.005165663
12/15/2023,0.005103847
12/15/2023,0.005150185
12/15/2023,0.005181159
12/16/2023,0.005088435
12/16/2023,0.005088435
12/16/2023,0.005227743
12/16/2023,0.005088435
12/16/2023,0.00519667
12/16/2023,0.005165663
12/16/2023,0.005165663
12/16/2023,0.005073039
12/16/2023,0.005103847
12/16/2023,0.00501162
12/16/2023,0.005119277
12/16/2023,0.00501162
12/16/2023,0.005103847
12/16/2023,0.00496573
12/16/2023,0.00501162
12/16/2023,0.004904777
12/16/2023,0.005042296
12/16/2023,0.005026949
12/16/2023,0.004950467
12/16/2023,0.004950467
12/16/2023,0.00491999
12/16/2023,0.00496573
12/16/2023,0.00496573
12/16/2023,0.004904777
12/16/2023,0.004950467
12/16/2023,0.004889581
12/16/2023,0.00493522
12/16/2023,0.004889581
12/16/2023,0.00498101
12/16/2023,0.004798754
12/16/2023,0.004798754
12/16/2023,0.004859238
12/16/2023,0.004828962
12/16/2023,0.004844092
12/16/2023,0.004874401
12/16/2023,0.004950467
12/16/2023,0.004723528
12/16/2023,0.004783675
12/16/2023,0.004859238
12/16/2023,0.004828962
12/16/2023,0.004678595
12/16/2023,0.004633815
12/16/2023,0.004648725
12/16/2023,0.004783675
12/16/2023,0.004753568
12/16/2023,0.004604046
12/16/2023,0.004678595
12/16/2023,0.004574346
12/16/2023,0.00451515
12/16/2023,0.004589188
12/16/2023,0.004426871
12/16/2023,0.004544714
12/16/2023,0.004574346
12/16/2023,0.004544714
12/16/2023,0.004663651
12/16/2023,0.004485655
12/16/2023,0.004485655
12/16/2023,0.004574346
12/16/2023,0.004529923
12/16/2023,0.00451515
12/16/2023,0.00451515
12/16/2023,0.004529923
12/16/2023,0.004485655
12/16/2023,0.004397582
12/16/2023,0.004470933
12/16/2023,0.004426871
12/16/2023,0.004456228
12/16/2023,0.004456228
12/16/2023,0.004529923
12/16/2023,0.004470933
12/16/2023,0.004485655
12/16/2023,0.004500394
12/16/2023,0.004500394
12/16/2023,0.004426871
12/16/2023,0.004382963
12/16/2023,0.00451515
12/16/2023,0.004295616
12/16/2023,0.004441541
12/16/2023,0.004324662
12/16/2023,0.004368362
12/16/2023,0.004368362
12/16/2023,0.004339212
12/16/2023,0.004353778
12/16/2023,0.004339212
12/16/2023,0.004353778
12/16/2023,0.004208894
12/16/2023,0.004339212
12/16/2023,0.004339212
12/16/2023,0.004295616
12/16/2023,0.004180126
12/16/2023,0.004397582
12/16/2023,0.004237731
12/16/2023,0.004295616
12/16/2023,0.004237731
12/16/2023,0.004324662
12/16/2023,0.00431013
12/17/2023,0.004295616
12/17/2023,0.004281119
12/17/2023,0.00431013
12/17/2023,0.004223304
12/17/2023,0.004194501
12/17/2023,0.004237731
12/17/2023,0.004237731
12/17/2023,0.004180126
12/17/2023,0.004237731
12/17/2023,0.004108514
12/17/2023,0.004137106
12/17/2023,0.004122802
12/17/2023,0.004094245
12/17/2023,0.004079993
12/17/2023,0.004194501
12/17/2023,0.004108514
12/17/2023,0.004122802
12/17/2023,0.004037342
12/17/2023,0.004180126
12/17/2023,0.004137106
12/17/2023,0.004079993
12/17/2023,0.004065758
12/17/2023,0.004079993
12/17/2023,0.004094245
12/17/2023,0.004094245
12/17/2023,0.003980723
12/17/2023,0.004051541
12/17/2023,0.003994851
12/17/2023,0.004008997
12/17/2023,0.003994851
12/17/2023,0.003994851
12/17/2023,0.003966613
12/17/2023,0.00395252
12/17/2023,0.003994851
12/17/2023,0.004108514
12/17/2023,0.004008997
12/17/2023,0.004065758
12/17/2023,0.004165769
12/17/2023,0.004137106
12/17/2023,0.004051541
12/17/2023,0.003938446
12/17/2023,0.004339212
12/17/2023,0.004065758
12/17/2023,0.004223304
12/17/2023,0.004008997
12/17/2023,0.003938446
12/17/2023,0.00395252
12/17/2023,0.003966613
12/17/2023,0.003910349
12/17/2023,0.003980723
12/17/2023,0.003896328
12/17/2023,0.003938446
12/17/2023,0.003784803
12/17/2023,0.004151429
12/17/2023,0.003896328
12/17/2023,0.003896328
12/17/2023,0.003924389
12/17/2023,0.003924389
12/17/2023,0.003854372
12/17/2023,0.003896328
12/17/2023,0.003854372
12/17/2023,0.003924389
12/17/2023,0.003868339
12/17/2023,0.003980723
12/17/2023,0.00395252
12/17/2023,0.003868339
12/17/2023,0.003896328
12/17/2023,0.003854372
12/17/2023,0.003896328
12/17/2023,0.003910349
12/17/2023,0.003729473
12/17/2023,0.003882325
12/17/2023,0.003812577
12/17/2023,0.003910349
12/17/2023,0.003868339
12/17/2023,0.003924389
12/17/2023,0.003854372
12/17/2023,0.003882325
12/17/2023,0.003938446
12/17/2023,0.004023161
12/17/2023,0.003966613
12/17/2023,0.003812577
12/17/2023,0.003924389
12/17/2023,0.003924389
12/17/2023,0.003938446
12/17/2023,0.00395252
12/17/2023,0.003757102
12/17/2023,0.003910349
12/17/2023,0.003798681
12/17/2023,0.003994851
12/17/2023,0.003826491
12/17/2023,0.003868339
12/17/2023,0.003784803
12/17/2023,0.003840422
12/17/2023,0.003994851
12/17/2023,0.004094245
12/18/2023,0.003910349
12/18/2023,0.003924389
12/18/2023,0.003770944
12/18/2023,0.004023161
12/18/2023,0.003910349
12/18/2023,0.003910349
12/18/2023,0.00395252
12/18/2023,0.003896328
12/18/2023,0.003826491
12/18/2023,0.003840422
12/18/2023,0.003896328
12/18/2023,0.003798681
12/18/2023,0.003784803
12/18/2023,0.003938446
12/18/2023,0.003924389
12/18/2023,0.003882325
12/18/2023,0.003798681
12/18/2023,0.003868339
12/18/2023,0.003757102
12/18/2023,0.003770944
12/18/2023,0.003770944
12/18/2023,0.003757102
12/18/2023,0.003701917
12/18/2023,0.003784803
12/18/2023,0.003688166
12/18/2023,0.003882325
12/18/2023,0.003729473
12/18/2023,0.003757102
12/18/2023,0.003757102
12/18/2023,0.003896328
12/18/2023,0.003812577
12/18/2023,0.003784803
12/18/2023,0.003770944
12/18/2023,0.003729473
12/18/2023,0.003688166
12/18/2023,0.003840422
12/18/2023,0.003701917
12/18/2023,0.003701917
12/18/2023,0.003743279
12/18/2023,0.003701917
12/18/2023,0.003757102
12/18/2023,0.003715686
12/18/2023,0.003619683
12/18/2023,0.003757102
12/18/2023,0.003633343
12/18/2023,0.003812577
12/18/2023,0.003647022
12/18/2023,0.003743279
12/18/2023,0.003770944
12/18/2023,0.003633343
12/18/2023,0.003688166
12/18/2023,0.003784803
12/18/2023,0.003660718
12/18/2023,0.003757102
12/18/2023,0.003647022
12/18/2023,0.003688166
12/18/2023,0.003674433
12/18/2023,0.003743279
12/18/2023,0.003688166
12/18/2023,0.003743279
12/18/2023,0.003674433
12/18/2023,0.003674433
12/18/2023,0.003647022
12/18/2023,0.003647022
12/18/2023,0.003715686
12/18/2023,0.003538108
12/18/2023,0.003688166
12/18/2023,0.003674433
12/18/2023,0.003729473
12/18/2023,0.003688166
12/18/2023,0.003592418
12/18/2023,0.003538108
12/18/2023,0.003551658
12/18/2023,0.003633343
12/18/2023,0.003538108
12/18/2023,0.003674433
12/18/2023,0.003619683
12/18/2023,0.003578813
12/18/2023,0.003538108
12/18/2023,0.003457194
12/18/2023,0.003416987
12/18/2023,0.003606042
12/18/2023,0.003484091
12/18/2023,0.003524576
12/18/2023,0.003511063
12/18/2023,0.003578813
12/18/2023,0.003524576
12/18/2023,0.003538108
12/18/2023,0.003538108
12/18/2023,0.003565226
12/18/2023,0.003578813
12/18/2023,0.003578813
12/18/2023,0.003470633
12/18/2023,0.003565226
12/18/2023,0.003511063
12/18/2023,0.003551658
12/19/2023,0.003511063
12/19/2023,0.003497568
12/19/2023,0.003688166
12/19/2023,0.003524576
12/19/2023,0.003511063
12/19/2023,0.003606042
12/19/2023,0.003403622
12/19/2023,0.003538108
12/19/2023,0.003403622
12/19/2023,0.003443773
12/19/2023,0.003538108
12/19/2023,0.003430371
12/19/2023,0.003688166
12/19/2023,0.003538108
12/19/2023,0.003497568
12/19/2023,0.003633343
12/19/2023,0.003565226
12/19/2023,0.003457194
12/19/2023,0.003565226
12/19/2023,0.003430371
12/19/2023,0.003524576
12/19/2023,0.003457194
12/19/2023,0.003511063
12/19/2023,0.003470633
12/19/2023,0.003524576
12/19/2023,0.003511063
12/19/2023,0.003565226
12/19/2023,0.003443773
12/19/2023,0.003484091
12/19/2023,0.003688166
12/19/2023,0.003511063
12/19/2023,0.003390275
12/19/2023,0.003443773
12/19/2023,0.003524576
12/19/2023,0.003470633
12/19/2023,0.003524576
12/19/2023,0.003524576
12/19/2023,0.003565226
12/19/2023,0.003592418
12/19/2023,0.003337075
12/19/2023,0.003524576
12/19/2023,0.003416987
12/19/2023,0.003606042
12/19/2023,0.003443773
12/19/2023,0.003578813
12/19/2023,0.003470633
12/19/2023,0.003701917
12/19/2023,0.003660718
12/19/2023,0.003538108
12/19/2023,0.003551658
12/19/2023,0.003578813
12/19/2023,0.003619683
12/19/2023,0.003551658
12/19/2023,0.003647022
12/19/2023,0.003743279
12/19/2023,0.003565226
12/19/2023,0.003511063
12/19/2023,0.003470633
12/19/2023,0.003511063
12/19/2023,0.003619683
12/19/2023,0.003538108
12/19/2023,0.003403622
12/19/2023,0.003416987
12/19/2023,0.003619683
12/19/2023,0.003457194
12/19/2023,0.003565226
12/19/2023,0.003403622
12/19/2023,0.003350347
12/19/2023,0.003390275
12/19/2023,0.003403622
12/19/2023,0.003297371
12/19/2023,0.003430371
12/19/2023,0.003443773
12/19/2023,0.003484091
12/19/2023,0.003297371
12/19/2023,0.003390275
12/19/2023,0.003376947
12/19/2023,0.003403622
12/19/2023,0.003443773
12/19/2023,0.003443773
12/19/2023,0.003497568
12/19/2023,0.003430371
12/19/2023,0.003337075
12/19/2023,0.003297371
12/19/2023,0.003310586
12/19/2023,0.003363637
12/19/2023,0.003323821
12/19/2023,0.003297371
12/19/2023,0.003297371
12/19/2023,0.003231573
12/19/2023,0.003323821
12/19/2023,0.003376947
12/19/2023,0.003166247
12/19/2023,0.003337075
12/19/2023,0.003297371
12/19/2023,0.003257836
12/20/2023,0.003323821
12/20/2023,0.003310586
12/20/2023,0.003179275
12/20/2023,0.003284173
12/20/2023,0.003270995
12/20/2023,0.00321847
12/20/2023,0.003337075
12/20/2023,0.003270995
12/20/2023,0.003257836
12/20/2023,0.003179275
12/20/2023,0.003323821
12/20/2023,0.003205386
12/20/2023,0.003257836
12/20/2023,0.003192321
12/20/2023,0.003310586
12/20/2023,0.003192321
12/20/2023,0.003179275
12/20/2023,0.003297371
12/20/2023,0.003297371
12/20/2023,0.003257836
12/20/2023,0.00314025
12/20/2023,0.003297371
12/20/2023,0.003244695
12/20/2023,0.003270995
12/20/2023,0.003179275
12/20/2023,0.003114329
12/20/2023,0.003231573
12/20/2023,0.00321847
12/20/2023,0.003179275
12/20/2023,0.003166247
12/20/2023,0.003192321
12/20/2023,0.003257836
12/20/2023,0.00314025
12/20/2023,0.00321847
12/20/2023,0.003179275
12/20/2023,0.003166247
12/20/2023,0.003153239
12/20/2023,0.00321847
12/20/2023,0.003231573
12/20/2023,0.00314025
12/20/2023,0.00314025
12/20/2023,0.003114329
12/20/2023,0.003062715
12/20/2023,0.00321847
12/20/2023,0.003088484
12/20/2023,0.00304986
12/20/2023,0.003037024
12/20/2023,0.00307559
12/20/2023,0.003114329
12/20/2023,0.003062715
12/20/2023,0.003088484
12/20/2023,0.003101397
12/20/2023,0.003088484
12/20/2023,0.00307559
12/20/2023,0.003153239
12/20/2023,0.003024207
12/20/2023,0.003088484
12/20/2023,0.003088484
12/20/2023,0.003037024
12/20/2023,0.003024207
12/20/2023,0.00307559
12/20/2023,0.002985871
12/20/2023,0.003037024
12/20/2023,0.00304986
12/20/2023,0.003101397
12/20/2023,0.00314025
12/20/2023,0.003101397
12/20/2023,0.003024207
12/20/2023,0.00307559
12/20/2023,0.00296041
12/20/2023,0.00314025
12/20/2023,0.003153239
12/20/2023,0.00314025
12/20/2023,0.00314025
12/20/2023,0.003101397
12/20/2023,0.003166247
12/20/2023,0.00312728
12/20/2023,0.003024207
12/20/2023,0.00312728
12/20/2023,0.00314025
12/20/2023,0.003088484
12/20/2023,0.003037024
12/20/2023,0.003024207
12/20/2023,0.003062715
12/20/2023,0.003011409
12/20/2023,0.003114329
12/20/2023,0.003101397
12/20/2023,0.003062715
12/20/2023,0.003114329
12/20/2023,0.003024207
12/20/2023,0.003037024
12/20/2023,0.003179275
12/20/2023,0.003114329
12/20/2023,0.003166247
12/20/2023,0.00312728
12/20/2023,0.002985871
12/20/2023,0.00304986
12/21/2023,0.003062715
12/21/2023,0.003114329
12/21/2023,0.003037024
12/21/2023,0.00312728
12/21/2023,0.00299863
12/21/2023,0.00304986
12/21/2023,0.003011409
12/21/2023,0.00307559
12/21/2023,0.003011409
12/21/2023,0.003037024
12/21/2023,0.002985871
12/21/2023,0.003011409
12/21/2023,0.002947709
12/21/2023,0.002985871
12/21/2023,0.002973131
12/21/2023,0.00307559
12/21/2023,0.00296041
12/21/2023,0.00304986
12/21/2023,0.00304986
12/21/2023,0.00304986
12/21/2023,0.00299863
12/21/2023,0.002973131
12/21/2023,0.002973131
12/21/2023,0.00299863
12/21/2023,0.002884494
12/21/2023,0.003011409
12/21/2023,0.00299863
12/21/2023,0.002973131
12/21/2023,0.003024207
12/21/2023,0.003011409
12/21/2023,0.002922365
12/21/2023,0.003024207
12/21/2023,0.002909722
12/21/2023,0.003037024
12/21/2023,0.002935027
12/21/2023,0.002834274
12/21/2023,0.002859345
12/21/2023,0.002947709
12/21/2023,0.002935027
12/21/2023,0.002922365
12/21/2023,0.003011409
12/21/2023,0.002922365
12/21/2023,0.002935027
12/21/2023,0.002809281
12/21/2023,0.002922365
12/21/2023,0.002897099
12/21/2023,0.00296041
12/21/2023,0.002796814
12/21/2023,0.002809281
12/21/2023,0.002884494
12/21/2023,0.002884494
12/21/2023,0.003011409
12/21/2023,0.002947709
12/21/2023,0.002897099
12/21/2023,0.002922365
12/21/2023,0.002784367
12/21/2023,0.002973131
12/21/2023,0.002947709
12/21/2023,0.0028468
12/21/2023,0.002922365
12/21/2023,0.002973131
12/21/2023,0.00287191
12/21/2023,0.002897099
12/21/2023,0.00296041
12/21/2023,0.002897099
12/21/2023,0.002884494
12/21/2023,0.002884494
12/21/2023,0.002935027
12/21/2023,0.002922365
12/21/2023,0.002859345
12/21/2023,0.002973131
12/21/2023,0.002985871
12/21/2023,0.0028468
12/21/2023,0.002909722
12/21/2023,0.002771939
12/21/2023,0.002859345
12/21/2023,0.002935027
12/21/2023,0.002897099
12/21/2023,0.002859345
12/21/2023,0.00287191
12/21/2023,0.00287191
12/21/2023,0.002897099
12/21/2023,0.0028468
12/21/2023,0.002821768
12/21/2023,0.002884494
12/21/2023,0.002834274
12/21/2023,0.002985871
12/21/2023,0.002859345
12/21/2023,0.002884494
12/21/2023,0.002809281
12/21/2023,0.002784367
12/21/2023,0.00299863
12/21/2023,0.002859345
12/21/2023,0.002859345
12/21/2023,0.002884494
12/21/2023,0.002922365
12/22/2023,0.003114329
12/22/2023,0.002909722
12/22/2023,0.002897099
12/22/2023,0.002985871
12/22/2023,0.00287191
12/22/2023,0.002973131
12/22/2023,0.00296041
12/22/2023,0.002947709
12/22/2023,0.002884494
12/22/2023,0.002935027
12/22/2023,0.002897099
12/22/2023,0.002909722
12/22/2023,0.00287191
12/22/2023,0.002985871
12/22/2023,0.002973131
12/22/2023,0.002985871
12/22/2023,0.002935027
12/22/2023,0.002909722
12/22/2023,0.002897099
12/22/2023,0.002884494
12/22/2023,0.002922365
12/22/2023,0.002884494
12/22/2023,0.00296041
12/22/2023,0.002973131
12/22/2023,0.002947709
12/22/2023,0.003011409
12/22/2023,0.00296041
12/22/2023,0.002909722
12/22/2023,0.00307559
12/22/2023,0.00296041
12/22/2023,0.002935027
12/22/2023,0.002973131
12/22/2023,0.002973131
12/22/2023,0.002922365
12/22/2023,0.002973131
12/22/2023,0.002922365
12/22/2023,0.002859345
12/22/2023,0.00287191
12/22/2023,0.002796814
12/22/2023,0.002884494
12/22/2023,0.002859345
12/22/2023,0.00287191
12/22/2023,0.002859345
12/22/2023,0.002834274
12/22/2023,0.002935027
12/22/2023,0.002947709
12/22/2023,0.00299863
12/22/2023,0.00296041
12/22/2023,0.002834274
12/22/2023,0.00296041
12/22/2023,0.002922365
12/22/2023,0.002834274
12/22/2023,0.002909722
12/22/2023,0.00287191
12/22/2023,0.002897099
12/22/2023,0.002922365
12/22/2023,0.002909722
12/22/2023,0.002973131
12/22/2023,0.002985871
12/22/2023,0.002935027
12/22/2023,0.00299863
12/22/2023,0.00307559
12/22/2023,0.002985871
12/22/2023,0.002834274
12/22/2023,0.002821768
12/22/2023,0.003011409
12/22/2023,0.002909722
12/22/2023,0.002796814
12/22/2023,0.002909722
12/22/2023,0.002922365
12/22/2023,0.002985871
12/22/2023,0.002796814
12/22/2023,0.002897099
12/22/2023,0.002784367
12/22/2023,0.002859345
12/22/2023,0.002834274
12/22/2023,0.002859345
12/22/2023,0.002909722
12/22/2023,0.002734775
12/22/2023,0.002973131
12/22/2023,0.002759532
12/22/2023,0.002834274
12/22/2023,0.00299863
12/22/2023,0.002771939
12/22/2023,0.00299863
12/22/2023,0.002897099
12/22/2023,0.00287191
12/22/2023,0.00299863
12/22/2023,0.002947709
12/22/2023,0.00287191
12/22/2023,0.003037024
12/22/2023,0.002859345
12/22/2023,0.002909722
12/22/2023,0.00307559
12/22/2023,0.002947709
12/22/2023,0.002859345
12/23/2023,0.00299863
12/23/2023,0.00287191
12/23/2023,0.00314025
12/23/2023,0.003101397
12/23/2023,0.002947709
12/23/2023,0.003011409
12/23/2023,0.00304986
12/23/2023,0.002922365
12/23/2023,0.002909722
12/23/2023,0.003192321
12/23/2023,0.002922365
12/23/2023,0.002884494
12/23/2023,0.002985871
12/23/2023,0.00296041
12/23/2023,0.002922365
12/23/2023,0.002935027
12/23/2023,0.003114329
12/23/2023,0.003101397
12/23/2023,0.002973131
12/23/2023,0.002947709
12/23/2023,0.002947709
12/23/2023,0.002947709
12/23/2023,0.002897099
12/23/2023,0.002985871
12/23/2023,0.00296041
12/23/2023,0.002935027
12/23/2023,0.002884494
12/23/2023,0.0028468
12/23/2023,0.002834274
12/23/2023,0.002859345
12/23/2023,0.002947709
12/23/2023,0.002884494
12/23/2023,0.002973131
12/23/2023,0.002897099
12/23/2023,0.002821768
12/23/2023,0.0028468
12/23/2023,0.002821768
12/23/2023,0.002947709
12/23/2023,0.002897099
12/23/2023,0.002897099
12/23/2023,0.002796814
12/23/2023,0.0028468
12/23/2023,0.002884494
12/23/2023,0.002834274
12/23/2023,0.002884494
12/23/2023,0.002859345
12/23/2023,0.002784367
12/23/2023,0.002884494
12/23/2023,0.002922365
12/23/2023,0.002821768
12/23/2023,0.002909722
12/23/2023,0.002909722
12/23/2023,0.002796814
12/23/2023,0.002821768
12/23/2023,0.002796814
12/23/2023,0.002897099
12/23/2023,0.002821768
12/23/2023,0.002796814
12/23/2023,0.002784367
12/23/2023,0.002884494
12/23/2023,0.002784367
12/23/2023,0.002821768
12/23/2023,0.002796814
12/23/2023,0.002734775
12/23/2023,0.002834274
12/23/2023,0.002809281
12/23/2023,0.002834274
12/23/2023,0.00287191
12/23/2023,0.002784367
12/23/2023,0.00287191
12/23/2023,0.002734775
12/23/2023,0.002734775
12/23/2023,0.002710098
12/23/2023,0.0028468
12/23/2023,0.002859345
12/23/2023,0.00287191
12/23/2023,0.002784367
12/23/2023,0.002734775
12/23/2023,0.002796814
12/23/2023,0.002821768
12/23/2023,0.002796814
12/23/2023,0.002734775
12/23/2023,0.002809281
12/23/2023,0.0028468
12/23/2023,0.002784367
12/23/2023,0.002859345
12/23/2023,0.00287191
12/23/2023,0.002722427
12/23/2023,0.002759532
12/23/2023,0.002771939
12/23/2023,0.002784367
12/23/2023,0.0028468
12/23/2023,0.002809281
12/23/2023,0.002909722
12/23/2023,0.002759532
12/23/2023,0.002771939
12/24/2023,0.002834274
12/24/2023,0.002747144
12/24/2023,0.002834274
12/24/2023,0.0028468
12/24/2023,0.002809281
12/24/2023,0.002747144
12/24/2023,0.002710098
12/24/2023,0.002771939
12/24/2023,0.002796814
12/24/2023,0.002734775
12/24/2023,0.0028468
12/24/2023,0.00269779
12/24/2023,0.002821768
12/24/2023,0.002784367
12/24/2023,0.002734775
12/24/2023,0.002821768
12/24/2023,0.002734775
12/24/2023,0.0028468
12/24/2023,0.002648754
12/24/2023,0.002747144
12/24/2023,0.002722427
12/24/2023,0.002784367
12/24/2023,0.002809281
12/24/2023,0.002784367
12/24/2023,0.002909722
12/24/2023,0.002759532
12/24/2023,0.00299863
12/24/2023,0.002859345
12/24/2023,0.002809281
12/24/2023,0.002759532
12/24/2023,0.002710098
12/24/2023,0.002784367
12/24/2023,0.002784367
12/24/2023,0.002747144
12/24/2023,0.003062715
12/24/2023,0.002897099
12/24/2023,0.0028468
12/24/2023,0.003024207
12/24/2023,0.00312728
12/24/2023,0.00287191
12/24/2023,0.00296041
12/24/2023,0.002897099
12/24/2023,0.002722427
12/24/2023,0.003153239
12/24/2023,0.002985871
12/24/2023,0.002922365
12/24/2023,0.0028468
12/24/2023,0.002985871
12/24/2023,0.00269779
12/24/2023,0.002859345
12/24/2023,0.00296041
12/24/2023,0.003270995
12/24/2023,0.002821768
12/24/2023,0.002909722
12/24/2023,0.002796814
12/24/2023,0.002759532
12/24/2023,0.002747144
12/24/2023,0.002734775
12/24/2023,0.002796814
12/24/2023,0.002660983
12/24/2023,0.002722427
12/24/2023,0.002685501
12/24/2023,0.002612187
12/24/2023,0.002685501
12/24/2023,0.002734775
12/24/2023,0.002624356
12/24/2023,0.002612187
12/24/2023,0.002624356
12/24/2023,0.002624356
12/24/2023,0.002685501
12/24/2023,0.002600039
12/24/2023,0.002685501
12/24/2023,0.002600039
12/24/2023,0.00258791
12/24/2023,0.002624356
12/24/2023,0.002612187
12/24/2023,0.00258791
12/24/2023,0.002612187
12/24/2023,0.002575801
12/24/2023,0.002563713
12/24/2023,0.002539597
12/24/2023,0.002575801
12/24/2023,0.002491608
12/24/2023,0.002575801
12/24/2023,0.002551645
12/24/2023,0.002575801
12/24/2023,0.002648754
12/24/2023,0.002624356
12/24/2023,0.002551645
12/24/2023,0.002796814
12/24/2023,0.00258791
12/24/2023,0.00258791
12/24/2023,0.002563713
12/24/2023,0.002722427
12/24/2023,0.00245583
12/24/2023,0.002575801
12/25/2023,0.002539597
12/25/2023,0.002515562
12/25/2023,0.002624356
12/25/2023,0.002575801
12/25/2023,0.002600039
12/25/2023,0.002575801
12/25/2023,0.002575801
12/25/2023,0.002467735
12/25/2023,0.00245583
12/25/2023,0.00258791
12/25/2023,0.002491608
12/25/2023,0.00243208
12/25/2023,0.002503575
12/25/2023,0.002563713
12/25/2023,0.00243208
12/25/2023,0.002527569
12/25/2023,0.002408412
12/25/2023,0.002575801
12/25/2023,0.00245583
12/25/2023,0.002563713
12/25/2023,0.002527569
12/25/2023,0.002673232
12/25/2023,0.002491608
12/25/2023,0.002361323
12/25/2023,0.002527569
12/25/2023,0.00258791
12/25/2023,0.002443944
12/25/2023,0.002660983
12/25/2023,0.002600039
12/25/2023,0.002408412
12/25/2023,0.00258791
12/25/2023,0.00258791
12/25/2023,0.00243208
12/25/2023,0.002527569
12/25/2023,0.002563713
12/25/2023,0.002575801
12/25/2023,0.002539597
12/25/2023,0.002600039
12/25/2023,0.002636545
12/25/2023,0.002515562
12/25/2023,0.002722427
12/25/2023,0.002527569
12/25/2023,0.002612187
12/25/2023,0.002467735
12/25/2023,0.003390275
12/25/2023,0.002527569
12/25/2023,0.0028468
12/25/2023,0.002527569
12/25/2023,0.002408412
12/25/2023,0.00245583
12/25/2023,0.002624356
12/25/2023,0.002515562
12/25/2023,0.002551645
12/25/2023,0.002408412
12/25/2023,0.002600039
12/25/2023,0.002515562
12/25/2023,0.002612187
12/25/2023,0.002539597
12/25/2023,0.002660983
12/25/2023,0.002443944
12/25/2023,0.002575801
12/25/2023,0.002575801
12/25/2023,0.002373064
12/25/2023,0.002527569
12/25/2023,0.00243208
12/25/2023,0.002539597
12/25/2023,0.002443944
12/25/2023,0.00243208
12/25/2023,0.002467735
12/25/2023,0.002734775
12/25/2023,0.002443944
12/25/2023,0.002420235
12/25/2023,0.002479661
12/25/2023,0.002467735
12/25/2023,0.002467735
12/25/2023,0.002467735
12/25/2023,0.002515562
12/25/2023,0.00245583
12/25/2023,0.002491608
12/25/2023,0.002527569
12/25/2023,0.002384826
12/25/2023,0.002373064
12/25/2023,0.002575801
12/25/2023,0.00245583
12/25/2023,0.00243208
12/25/2023,0.002491608
12/25/2023,0.002551645
12/25/2023,0.00245583
12/25/2023,0.002408412
12/25/2023,0.00243208
12/25/2023,0.002443944
12/25/2023,0.002551645
12/25/2023,0.002563713
12/25/2023,0.002563713
12/25/2023,0.002527569
12/25/2023,0.002384826
12/26/2023,0.002515562
12/26/2023,0.002539597
12/26/2023,0.002600039
12/26/2023,0.00243208
12/26/2023,0.002420235
12/26/2023,0.002443944
12/26/2023,0.002491608
12/26/2023,0.002349602
12/26/2023,0.002361323
12/26/2023,0.002361323
12/26/2023,0.002396609
12/26/2023,0.002373064
12/26/2023,0.00243208
12/26/2023,0.002420235
12/26/2023,0.002420235
12/26/2023,0.002515562
12/26/2023,0.002467735
12/26/2023,0.002256586
12/26/2023,0.002337902
12/26/2023,0.002491608
12/26/2023,0.00269779
12/26/2023,0.002503575
12/26/2023,0.002443944
12/26/2023,0.002563713
12/26/2023,0.002527569
12/26/2023,0.002759532
12/26/2023,0.002420235
12/26/2023,0.00245583
12/26/2023,0.002491608
12/26/2023,0.00245583
12/26/2023,0.00211958
12/26/2023,0.00243208
12/26/2023,0.002326223
12/26/2023,0.002302927
12/26/2023,0.002187702
12/26/2023,0.002245053
12/26/2023,0.002222049
12/26/2023,0.002337902
12/26/2023,0.002245053
12/26/2023,0.002142203
12/26/2023,0.002097043
12/26/2023,0.002153546
12/26/2023,0.002314565
12/26/2023,0.002291311
12/26/2023,0.002361323
12/26/2023,0.002491608
12/26/2023,0.002279715
12/26/2023,0.002314565
12/26/2023,0.002187702
12/26/2023,0.002153546
12/26/2023,0.002279715
12/26/2023,0.002349602
12/26/2023,0.00219913
12/26/2023,0.002187702
12/26/2023,0.002210579
12/26/2023,0.002153546
12/26/2023,0.00245583
12/26/2023,0.002210579
12/26/2023,0.00219913
12/26/2023,0.002222049
12/26/2023,0.002314565
12/26/2023,0.002187702
12/26/2023,0.00219913
12/26/2023,0.002176296
12/26/2023,0.002326223
12/26/2023,0.002210579
12/26/2023,0.00216491
12/26/2023,0.002337902
12/26/2023,0.002233541
12/26/2023,0.00216491
12/26/2023,0.002302927
12/26/2023,0.00226814
12/26/2023,0.00219913
12/26/2023,0.002130881
12/26/2023,0.00216491
12/26/2023,0.002245053
12/26/2023,0.00226814
12/26/2023,0.002326223
12/26/2023,0.002302927
12/26/2023,0.002291311
12/26/2023,0.002176296
12/26/2023,0.002302927
12/26/2023,0.002373064
12/26/2023,0.002222049
12/26/2023,0.002187702
12/26/2023,0.002233541
12/26/2023,0.002396609
12/26/2023,0.002326223
12/26/2023,0.002314565
12/26/2023,0.002245053
12/26/2023,0.002384826
12/26/2023,0.002245053
12/26/2023,0.002349602
12/26/2023,0.00216491
12/26/2023,0.00226814
12/26/2023,0.002337902
12/27/2023,0.002245053
12/27/2023,0.002256586
12/27/2023,0.002279715
12/27/2023,0.002384826
12/27/2023,0.002337902
12/27/2023,0.002396609
12/27/2023,0.002527569
12/27/2023,0.002373064
12/27/2023,0.002326223
12/27/2023,0.002302927
12/27/2023,0.002326223
12/27/2023,0.002337902
12/27/2023,0.00245583
12/27/2023,0.002527569
12/27/2023,0.002349602
12/27/2023,0.00226814
12/27/2023,0.002279715
12/27/2023,0.002420235
12/27/2023,0.002349602
12/27/2023,0.002479661
12/27/2023,0.002515562
12/27/2023,0.002479661
12/27/2023,0.002420235
12/27/2023,0.00243208
12/27/2023,0.002624356
12/27/2023,0.002759532
12/27/2023,0.002233541
12/27/2023,0.002245053
12/27/2023,0.00226814
12/27/2023,0.002396609
12/27/2023,0.002384826
12/27/2023,0.002361323
12/27/2023,0.00243208
12/27/2023,0.002624356
12/27/2023,0.00245583
12/27/2023,0.002759532
12/27/2023,0.002279715
12/27/2023,0.002443944
12/27/2023,0.002503575
12/27/2023,0.002326223
12/27/2023,0.002337902
12/27/2023,0.002222049
12/27/2023,0.00226814
12/27/2023,0.002291311
12/27/2023,0.002233541
12/27/2023,0.002337902
12/27/2023,0.002443944
12/27/2023,0.002373064
12/27/2023,0.002420235
12/27/2023,0.002361323
12/27/2023,0.002349602
12/27/2023,0.002396609
12/27/2023,0.002408412
12/27/2023,0.002396609
12/27/2023,0.002245053
12/27/2023,0.002349602
12/27/2023,0.002291311
12/27/2023,0.002443944
12/27/2023,0.002373064
12/27/2023,0.002314565
12/27/2023,0.002222049
12/27/2023,0.002233541
12/27/2023,0.002302927
12/27/2023,0.002245053
12/27/2023,0.00226814
12/27/2023,0.002222049
12/27/2023,0.00219913
12/27/2023,0.00211958
12/27/2023,0.002279715
12/27/2023,0.00226814
12/27/2023,0.002142203
12/27/2023,0.002097043
12/27/2023,0.002085807
12/27/2023,0.002007754
12/27/2023,0.002130881
12/27/2023,0.002176296
12/27/2023,0.00219913
12/27/2023,0.002108301
12/27/2023,0.00216491
12/27/2023,0.002153546
12/27/2023,0.002256586
12/27/2023,0.002222049
12/27/2023,0.002222049
12/27/2023,0.002153546
12/27/2023,0.002222049
12/27/2023,0.002142203
12/27/2023,0.002256586
12/27/2023,0.002256586
12/27/2023,0.002142203
12/27/2023,0.002130881
12/27/2023,0.002233541
12/27/2023,0.002187702
12/27/2023,0.002142203
12/27/2023,0.002108301
12/27/2023,0.002291311
12/27/2023,0.002210579
12/27/2023,0.002210579
12/28/2023,0.002041076
12/28/2023,0.002041076
12/28/2023,0.002041076
12/28/2023,0.002233541
12/28/2023,0.002085807
12/28/2023,0.00211958
12/28/2023,0.002187702
12/28/2023,0.002097043
12/28/2023,0.002085807
12/28/2023,0.00201884
12/28/2023,0.002063399
12/28/2023,0.00219913
12/28/2023,0.002052227
12/28/2023,0.002097043
12/28/2023,0.002108301
12/28/2023,0.002007754
12/28/2023,0.002142203
12/28/2023,0.002029947
12/28/2023,0.002041076
12/28/2023,0.00201884
12/28/2023,0.002029947
12/28/2023,0.002007754
12/28/2023,0.002029947
12/28/2023,0.002097043
12/28/2023,0.002074592
12/28/2023,0.001941697
12/28/2023,0.001930764
12/28/2023,0.00211958
12/28/2023,0.002108301
12/28/2023,0.001930764
12/28/2023,0.002074592
12/28/2023,0.002085807
12/28/2023,0.00199669
12/28/2023,0.002108301
12/28/2023,0.001985648
12/28/2023,0.002041076
12/28/2023,0.001985648
12/28/2023,0.002007754
12/28/2023,0.002085807
12/28/2023,0.002007754
12/28/2023,0.00201884
12/28/2023,0.002052227
12/28/2023,0.00199669
12/28/2023,0.001908963
12/28/2023,0.001963629
12/28/2023,0.001963629
12/28/2023,0.001898096
12/28/2023,0.001865626
12/28/2023,0.001941697
12/28/2023,0.002063399
12/28/2023,0.002063399
12/28/2023,0.002052227
12/28/2023,0.001930764
12/28/2023,0.001985648
12/28/2023,0.001941697
12/28/2023,0.002052227
12/28/2023,0.001985648
12/28/2023,0.001985648
12/28/2023,0.00201884
12/28/2023,0.001985648
12/28/2023,0.00199669
12/28/2023,0.00199669
12/28/2023,0.00201884
12/28/2023,0.002052227
12/28/2023,0.002041076
12/28/2023,0.00199669
12/28/2023,0.001941697
12/28/2023,0.00201884
12/28/2023,0.00201884
12/28/2023,0.002063399
12/28/2023,0.002052227
12/28/2023,0.002029947
12/28/2023,0.00216491
12/28/2023,0.001985648
12/28/2023,0.001974628
12/28/2023,0.00201884
12/28/2023,0.002108301
12/28/2023,0.002153546
12/28/2023,0.00201884
12/28/2023,0.002187702
12/28/2023,0.002153546
12/28/2023,0.002222049
12/28/2023,0.002142203
12/28/2023,0.002153546
12/28/2023,0.002052227
12/28/2023,0.002130881
12/28/2023,0.002108301
12/28/2023,0.002108301
12/28/2023,0.00199669
12/28/2023,0.002108301
12/28/2023,0.002074592
12/28/2023,0.002108301
12/28/2023,0.002176296
12/28/2023,0.002291311
12/28/2023,0.002063399
12/28/2023,0.002222049
12/29/2023,0.002176296
12/29/2023,0.002142203
12/29/2023,0.002210579
12/29/2023,0.002233541
12/29/2023,0.002233541
12/29/2023,0.002256586
12/29/2023,0.00211958
12/29/2023,0.002142203
12/29/2023,0.002130881
12/29/2023,0.00216491
12/29/2023,0.00219913
12/29/2023,0.002176296
12/29/2023,0.002245053
12/29/2023,0.002314565
12/29/2023,0.002302927
12/29/2023,0.002187702
12/29/2023,0.002222049
12/29/2023,0.002187702
12/29/2023,0.002256586
12/29/2023,0.002187702
12/29/2023,0.00219913
12/29/2023,0.002256586
12/29/2023,0.00226814
12/29/2023,0.002222049
12/29/2023,0.002222049
12/29/2023,0.002245053
12/29/2023,0.002361323
12/29/2023,0.002233541
12/29/2023,0.002291311
12/29/2023,0.002233541
12/29/2023,0.002245053
12/29/2023,0.00226814
12/29/2023,0.002245053
12/29/2023,0.002210579
12/29/2023,0.00226814
12/29/2023,0.002302927
12/29/2023,0.002222049
12/29/2023,0.00219913
12/29/2023,0.002256586
12/29/2023,0.002291311
12/29/2023,0.002326223
12/29/2023,0.002384826
12/29/2023,0.002326223
12/29/2023,0.002326223
12/29/2023,0.002373064
12/29/2023,0.002396609
12/29/2023,0.002176296
12/29/2023,0.002326223
12/29/2023,0.002302927
12/29/2023,0.002291311
12/29/2023,0.002337902
12/29/2023,0.002279715
12/29/2023,0.002326223
12/29/2023,0.002245053
12/29/2023,0.002291311
12/29/2023,0.002314565
12/29/2023,0.002408412
12/29/2023,0.002222049
12/29/2023,0.002302927
12/29/2023,0.00216491
12/29/2023,0.002326223
12/29/2023,0.00216491
12/29/2023,0.002187702
12/29/2023,0.002314565
12/29/2023,0.002233541
12/29/2023,0.002302927
12/29/2023,0.002245053
12/29/2023,0.00226814
12/29/2023,0.002256586
12/29/2023,0.002314565
12/29/2023,0.002314565
12/29/2023,0.00219913
12/29/2023,0.00226814
12/29/2023,0.002256586
12/29/2023,0.00226814
12/29/2023,0.002361323
12/29/2023,0.002396609
12/29/2023,0.002408412
12/29/2023,0.002420235
12/29/2023,0.002467735
12/29/2023,0.002515562
12/29/2023,0.002467735
12/29/2023,0.002373064
12/29/2023,0.002467735
12/29/2023,0.002291311
12/29/2023,0.002337902
12/29/2023,0.002349602
12/29/2023,0.002384826
12/29/2023,0.002479661
12/29/2023,0.002361323
12/29/2023,0.002349602
12/29/2023,0.002373064
12/29/2023,0.002314565
12/29/2023,0.002384826
12/29/2023,0.002256586
12/29/2023,0.002187702
12/30/2023,0.00226814
12/30/2023,0.00226814
12/30/2023,0.002291311
12/30/2023,0.002245053
12/30/2023,0.002279715
12/30/2023,0.002256586
12/30/2023,0.002245053
12/30/2023,0.002279715
12/30/2023,0.002245053
12/30/2023,0.00226814
12/30/2023,0.002302927
12/30/2023,0.002233541
12/30/2023,0.002176296
12/30/2023,0.002233541
12/30/2023,0.002233541
12/30/2023,0.002256586
12/30/2023,0.002187702
12/30/2023,0.002256586
12/30/2023,0.002302927
12/30/2023,0.002256586
12/30/2023,0.002176296
12/30/2023,0.002176296
12/30/2023,0.00226814
12/30/2023,0.002256586
12/30/2023,0.002222049
12/30/2023,0.002256586
12/30/2023,0.002187702
12/30/2023,0.002210579
12/30/2023,0.002256586
12/30/2023,0.00219913
12/30/2023,0.002222049
12/30/2023,0.002222049
12/30/2023,0.002222049
12/30/2023,0.00216491
12/30/2023,0.002153546
12/30/2023,0.002187702
12/30/2023,0.00219913
12/30/2023,0.002187702
12/30/2023,0.002176296
12/30/2023,0.002245053
12/30/2023,0.002210579
12/30/2023,0.002176296
12/30/2023,0.002233541
12/30/2023,0.002063399
12/30/2023,0.00216491
12/30/2023,0.00219913
12/30/2023,0.002074592
12/30/2023,0.002142203
12/30/2023,0.002108301
12/30/2023,0.002222049
12/30/2023,0.00211958
12/30/2023,0.002142203
12/30/2023,0.002085807
12/30/2023,0.002130881
12/30/2023,0.002130881
12/30/2023,0.002097043
12/30/2023,0.00211958
12/30/2023,0.002108301
12/30/2023,0.002176296
12/30/2023,0.002097043
12/30/2023,0.002085807
12/30/2023,0.00211958
12/30/2023,0.002142203
12/30/2023,0.002085807
12/30/2023,0.00216491
12/30/2023,0.002074592
12/30/2023,0.002176296
12/30/2023,0.002097043
12/30/2023,0.002097043
12/30/2023,0.00219913
12/30/2023,0.002130881
12/30/2023,0.002097043
12/30/2023,0.002085807
12/30/2023,0.002097043
12/30/2023,0.002041076
12/30/2023,0.002222049
12/30/2023,0.002085807
12/30/2023,0.00211958
12/30/2023,0.00211958
12/30/2023,0.002029947
12/30/2023,0.002130881
12/30/2023,0.00211958
12/30/2023,0.002085807
12/30/2023,0.002052227
12/30/2023,0.002007754
12/30/2023,0.002029947
12/30/2023,0.00201884
12/30/2023,0.00199669
12/30/2023,0.00201884
12/30/2023,0.002108301
12/30/2023,0.002041076
12/30/2023,0.002007754
12/30/2023,0.002029947
12/30/2023,0.002063399
12/30/2023,0.001974628
12/30/2023,0.002041076
12/31/2023,0.00201884
12/31/2023,0.002052227
12/31/2023,0.002052227
12/31/2023,0.002007754
12/31/2023,0.002108301
12/31/2023,0.002029947
12/31/2023,0.00201884
12/31/2023,0.001985648
12/31/2023,0.002041076
12/31/2023,0.00199669
12/31/2023,0.001985648
12/31/2023,0.001985648
12/31/2023,0.002074592
12/31/2023,0.00199669
12/31/2023,0.002007754
12/31/2023,0.00199669
12/31/2023,0.002007754
12/31/2023,0.00199669
12/31/2023,0.00199669
12/31/2023,0.002052227
12/31/2023,0.002041076
12/31/2023,0.00199669
12/31/2023,0.002029947
12/31/2023,0.002029947
12/31/2023,0.00199669
12/31/2023,0.00199669
12/31/2023,0.001963629
12/31/2023,0.002142203
12/31/2023,0.00199669
12/31/2023,0.002097043
12/31/2023,0.001985648
12/31/2023,0.002007754
12/31/2023,0.002041076
12/31/2023,0.002029947
12/31/2023,0.001985648
12/31/2023,0.001898096
12/31/2023,0.001963629
12/31/2023,0.00199669
12/31/2023,0.001963629
12/31/2023,0.001963629
12/31/2023,0.00201884
12/31/2023,0.001963629
12/31/2023,0.001985648
12/31/2023,0.001974628
12/31/2023,0.001930764
12/31/2023,0.00199669
12/31/2023,0.001941697
12/31/2023,0.001974628
12/31/2023,0.001952652
12/31/2023,0.002007754
12/31/2023,0.001974628
12/31/2023,0.001985648
12/31/2023,0.001974628
12/31/2023,0.001941697
12/31/2023,0.00199669
12/31/2023,0.001974628
12/31/2023,0.001974628
12/31/2023,0.001985648
12/31/2023,0.002063399
12/31/2023,0.002029947
12/31/2023,0.001974628
12/31/2023,0.001963629
12/31/2023,0.00199669
12/31/2023,0.001930764
12/31/2023,0.002085807
12/31/2023,0.002052227
12/31/2023,0.002074592
12/31/2023,0.00201884
12/31/2023,0.002052227
12/31/2023,0.00199669
12/31/2023,0.002052227
12/31/2023,0.001985648
12/31/2023,0.002029947
12/31/2023,0.001930764
12/31/2023,0.001985648
12/31/2023,0.001963629
12/31/2023,0.002029947
12/31/2023,0.00199669
12/31/2023,0.002063399
12/31/2023,0.002041076
12/31/2023,0.002052227
12/31/2023,0.002029947
12/31/2023,0.001985648
12/31/2023,0.002029947
12/31/2023,0.002029947
12/31/2023,0.002052227
12/31/2023,0.002130881
12/31/2023,0.00201884
12/31/2023,0.001985648
12/31/2023,0.00201884
12/31/2023,0.001963629
12/31/2023,0.002097043
12/31/2023,0.002063399
12/31/2023,0.001974628
12/31/2023,0.002085807
12/31/2023,0.002041076
1/1/2024,0.001985648
1/1/2024,0.002074592
1/1/2024,0.002074592
1/1/2024,0.001963629
1/1/2024,0.001974628
1/1/2024,0.002041076
1/1/2024,0.001985648
1/1/2024,0.002029947
1/1/2024,0.00201884
1/1/2024,0.001985648
1/1/2024,0.002052227
1/1/2024,0.001963629
1/1/2024,0.002029947
1/1/2024,0.001985648
1/1/2024,0.002007754
1/1/2024,0.002074592
1/1/2024,0.001974628
1/1/2024,0.001952652
1/1/2024,0.001985648
1/1/2024,0.00211958
1/1/2024,0.001941697
1/1/2024,0.002041076
1/1/2024,0.001985648
1/1/2024,0.001963629
1/1/2024,0.00201884
1/1/2024,0.002007754
1/1/2024,0.001952652
1/1/2024,0.002029947
1/1/2024,0.002029947
1/1/2024,0.002041076
1/1/2024,0.001985648
1/1/2024,0.001974628
1/1/2024,0.001952652
1/1/2024,0.001985648
1/1/2024,0.002085807
1/1/2024,0.002097043
1/1/2024,0.002041076
1/1/2024,0.001974628
1/1/2024,0.001952652
1/1/2024,0.001985648
1/1/2024,0.00201884
1/1/2024,0.002029947
1/1/2024,0.00199669
1/1/2024,0.002029947
1/1/2024,0.002029947
1/1/2024,0.002007754
1/1/2024,0.001985648
1/1/2024,0.002052227
1/1/2024,0.002097043
1/1/2024,0.001952652
1/1/2024,0.002029947
1/1/2024,0.002007754
1/1/2024,0.001952652
1/1/2024,0.001963629
1/1/2024,0.001941697
1/1/2024,0.001963629
1/1/2024,0.001941697
1/1/2024,0.001952652
1/1/2024,0.001963629
1/1/2024,0.00201884
1/1/2024,0.001941697
1/1/2024,0.001985648
1/1/2024,0.001974628
1/1/2024,0.001974628
1/1/2024,0.002041076
1/1/2024,0.00199669
1/1/2024,0.002041076
1/1/2024,0.00199669
1/1/2024,0.00201884
1/1/2024,0.002007754
1/1/2024,0.00201884
1/1/2024,0.00199669
1/1/2024,0.002074592
1/1/2024,0.002007754
1/1/2024,0.001985648
1/1/2024,0.00199669
1/1/2024,0.002052227
1/1/2024,0.001985648
1/1/2024,0.002074592
1/1/2024,0.002041076
1/1/2024,0.002074592
1/1/2024,0.00201884
1/1/2024,0.00201884
1/1/2024,0.001963629
1/1/2024,0.002052227
1/1/2024,0.002052227
1/1/2024,0.00211958
1/1/2024,0.002153546
1/1/2024,0.002063399
1/1/2024,0.002108301
1/1/2024,0.002074592
1/1/2024,0.002074592
1/1/2024,0.00201884
1/1/2024,0.002063399
1/1/2024,0.002007754
1/1/2024,0.002085807
1/2/2024,0.001974628
1/2/2024,0.002097043
1/2/2024,0.00216491
1/2/2024,0.002097043
1/2/2024,0.00201884
1/2/2024,0.002074592
1/2/2024,0.00211958
1/2/2024,0.002085807
1/2/2024,0.00211958
1/2/2024,0.002291311
1/2/2024,0.002142203
1/2/2024,0.00219913
1/2/2024,0.002130881
1/2/2024,0.002063399
1/2/2024,0.002130881
1/2/2024,0.002176296
1/2/2024,0.002074592
1/2/2024,0.002210579
1/2/2024,0.002142203
1/2/2024,0.002063399
1/2/2024,0.002130881
1/2/2024,0.002108301
1/2/2024,0.002233541
1/2/2024,0.002074592
1/2/2024,0.002130881
1/2/2024,0.002142203
1/2/2024,0.002153546
1/2/2024,0.00211958
1/2/2024,0.002176296
1/2/2024,0.002176296
1/2/2024,0.002142203
1/2/2024,0.002097043
1/2/2024,0.002187702
1/2/2024,0.002233541
1/2/2024,0.002074592
1/2/2024,0.00201884
1/2/2024,0.002041076
1/2/2024,0.002097043
1/2/2024,0.002029947
1/2/2024,0.00219913
1/2/2024,0.002085807
1/2/2024,0.002302927
1/2/2024,0.002097043
1/2/2024,0.002349602
1/2/2024,0.002142203
1/2/2024,0.002085807
1/2/2024,0.00211958
1/2/2024,0.002130881
1/2/2024,0.002361323
1/2/2024,0.002074592
1/2/2024,0.002245053
1/2/2024,0.002063399
1/2/2024,0.002085807
1/2/2024,0.002256586
1/2/2024,0.00226814
1/2/2024,0.002176296
1/2/2024,0.00219913
1/2/2024,0.002326223
1/2/2024,0.002233541
1/2/2024,0.00216491
1/2/2024,0.00219913
1/2/2024,0.002097043
1/2/2024,0.002326223
1/2/2024,0.002097043
1/2/2024,0.002187702
1/2/2024,0.00216491
1/2/2024,0.002142203
1/2/2024,0.002108301
1/2/2024,0.002176296
1/2/2024,0.002041076
1/2/2024,0.002108301
1/2/2024,0.002063399
1/2/2024,0.00211958
1/2/2024,0.002108301
1/2/2024,0.00199669
1/2/2024,0.002108301
1/2/2024,0.002085807
1/2/2024,0.00211958
1/2/2024,0.00211958
1/2/2024,0.002153546
1/2/2024,0.002130881
1/2/2024,0.002187702
1/2/2024,0.002187702
1/2/2024,0.002063399
1/2/2024,0.002142203
1/2/2024,0.002074592
1/2/2024,0.002108301
1/2/2024,0.002085807
1/2/2024,0.002176296
1/2/2024,0.002085807
1/2/2024,0.002074592
1/2/2024,0.002074592
1/2/2024,0.002063399
1/2/2024,0.00211958
1/2/2024,0.002130881
1/2/2024,0.002052227
1/3/2024,0.002153546
1/3/2024,0.002085807
1/3/2024,0.00211958
1/3/2024,0.002007754
1/3/2024,0.002085807
1/3/2024,0.002108301
1/3/2024,0.002041076
1/3/2024,0.002074592
1/3/2024,0.002029947
1/3/2024,0.002097043
1/3/2024,0.002085807
1/3/2024,0.002097043
1/3/2024,0.002153546
1/3/2024,0.002063399
1/3/2024,0.002130881
1/3/2024,0.002007754
1/3/2024,0.002085807
1/3/2024,0.002108301
1/3/2024,0.00211958
1/3/2024,0.002108301
1/3/2024,0.002074592
1/3/2024,0.00211958
1/3/2024,0.002097043
1/3/2024,0.002108301
1/3/2024,0.002108301
1/3/2024,0.002085807
1/3/2024,0.002063399
1/3/2024,0.002142203
1/3/2024,0.002052227
1/3/2024,0.002074592
1/3/2024,0.002097043
1/3/2024,0.002085807
1/3/2024,0.00211958
1/3/2024,0.002007754
1/3/2024,0.002074592
1/3/2024,0.002130881
1/3/2024,0.002041076
1/3/2024,0.001985648
1/3/2024,0.002041076
1/3/2024,0.002085807
1/3/2024,0.001974628
1/3/2024,0.001974628
1/3/2024,0.002029947
1/3/2024,0.001952652
1/3/2024,0.002029947
1/3/2024,0.001974628
1/3/2024,0.002085807
1/3/2024,0.002029947
1/3/2024,0.00199669
1/3/2024,0.001952652
1/3/2024,0.001974628
1/3/2024,0.002029947
1/3/2024,0.002041076
1/3/2024,0.002007754
1/3/2024,0.00199669
1/3/2024,0.00199669
1/3/2024,0.002029947
1/3/2024,0.001963629
1/3/2024,0.00201884
1/3/2024,0.001974628
1/3/2024,0.001985648
1/3/2024,0.00201884
1/3/2024,0.001985648
1/3/2024,0.001952652
1/3/2024,0.001930764
1/3/2024,0.00199669
1/3/2024,0.00199669
1/3/2024,0.001941697
1/3/2024,0.001963629
1/3/2024,0.001908963
1/3/2024,0.001887251
1/3/2024,0.001908963
1/3/2024,0.001985648
1/3/2024,0.001898096
1/3/2024,0.001908963
1/3/2024,0.001963629
1/3/2024,0.001876428
1/3/2024,0.001930764
1/3/2024,0.001930764
1/3/2024,0.001952652
1/3/2024,0.001974628
1/3/2024,0.001941697
1/3/2024,0.001952652
1/3/2024,0.001908963
1/3/2024,0.001898096
1/3/2024,0.001898096
1/3/2024,0.001930764
1/3/2024,0.001908963
1/3/2024,0.001908963
1/3/2024,0.001963629
1/3/2024,0.001974628
1/3/2024,0.001898096
1/3/2024,0.001908963
1/3/2024,0.001930764
1/3/2024,0.001865626
1/3/2024,0.001919853
1/3/2024,0.001963629
1/4/2024,0.001941697
1/4/2024,0.001898096
1/4/2024,0.001941697
1/4/2024,0.001952652
1/4/2024,0.001952652
1/4/2024,0.001941697
1/4/2024,0.002007754
1/4/2024,0.001898096
1/4/2024,0.001919853
1/4/2024,0.002041076
1/4/2024,0.00199669
1/4/2024,0.001930764
1/4/2024,0.001908963
1/4/2024,0.001898096
1/4/2024,0.001919853
1/4/2024,0.001930764
1/4/2024,0.001963629
1/4/2024,0.001963629
1/4/2024,0.001844091
1/4/2024,0.001974628
1/4/2024,0.001898096
1/4/2024,0.001985648
1/4/2024,0.001952652
1/4/2024,0.001941697
1/4/2024,0.001930764
1/4/2024,0.001887251
1/4/2024,0.001854848
1/4/2024,0.001908963
1/4/2024,0.001908963
1/4/2024,0.001898096
1/4/2024,0.001908963
1/4/2024,0.001919853
1/4/2024,0.001887251
1/4/2024,0.001930764
1/4/2024,0.001887251
1/4/2024,0.001844091
1/4/2024,0.001930764
1/4/2024,0.001876428
1/4/2024,0.001898096
1/4/2024,0.001876428
1/4/2024,0.001963629
1/4/2024,0.001854848
1/4/2024,0.001941697
1/4/2024,0.001854848
1/4/2024,0.001919853
1/4/2024,0.001930764
1/4/2024,0.001941697
1/4/2024,0.001974628
1/4/2024,0.00201884
1/4/2024,0.001985648
1/4/2024,0.001974628
1/4/2024,0.001930764
1/4/2024,0.001952652
1/4/2024,0.001908963
1/4/2024,0.00199669
1/4/2024,0.001985648
1/4/2024,0.00201884
1/4/2024,0.001930764
1/4/2024,0.001952652
1/4/2024,0.001985648
1/4/2024,0.001974628
1/4/2024,0.001898096
1/4/2024,0.001952652
1/4/2024,0.001963629
1/4/2024,0.001985648
1/4/2024,0.001985648
1/4/2024,0.00199669
1/4/2024,0.002063399
1/4/2024,0.002007754
1/4/2024,0.001974628
1/4/2024,0.001963629
1/4/2024,0.002052227
1/4/2024,0.00199669
1/4/2024,0.001974628
1/4/2024,0.00199669
1/4/2024,0.001963629
1/4/2024,0.001930764
1/4/2024,0.00199669
1/4/2024,0.002007754
1/4/2024,0.001952652
1/4/2024,0.002052227
1/4/2024,0.001952652
1/4/2024,0.002029947
1/4/2024,0.001985648
1/4/2024,0.00199669
1/4/2024,0.002052227
1/4/2024,0.002029947
1/4/2024,0.00199669
1/4/2024,0.00201884
1/4/2024,0.002041076
1/4/2024,0.002063399
1/4/2024,0.002074592
1/4/2024,0.001985648
1/4/2024,0.002063399
1/4/2024,0.00201884
1/4/2024,0.002007754
1/5/2024,0.002187702
1/5/2024,0.002063399
1/5/2024,0.00199669
1/5/2024,0.002007754
1/5/2024,0.001930764
1/5/2024,0.001919853
1/5/2024,0.002233541
1/5/2024,0.001985648
1/5/2024,0.001952652
1/5/2024,0.00199669
1/5/2024,0.002029947
1/5/2024,0.002007754
1/5/2024,0.002074592
1/5/2024,0.001930764
1/5/2024,0.001985648
1/5/2024,0.001941697
1/5/2024,0.001985648
1/5/2024,0.001898096
1/5/2024,0.002108301
1/5/2024,0.00199669
1/5/2024,0.00199669
1/5/2024,0.002074592
1/5/2024,0.002063399
1/5/2024,0.001941697
1/5/2024,0.001963629
1/5/2024,0.001974628
1/5/2024,0.002052227
1/5/2024,0.001941697
1/5/2024,0.00199669
1/5/2024,0.001930764
1/5/2024,0.001876428
1/5/2024,0.001919853
1/5/2024,0.001876428
1/5/2024,0.001876428
1/5/2024,0.001930764
1/5/2024,0.001811954
1/5/2024,0.001974628
1/5/2024,0.001919853
1/5/2024,0.001833356
1/5/2024,0.001919853
1/5/2024,0.001854848
1/5/2024,0.001865626
1/5/2024,0.002007754
1/5/2024,0.001887251
1/5/2024,0.002074592
1/5/2024,0.001865626
1/5/2024,0.00201884
1/5/2024,0.001963629
1/5/2024,0.001930764
1/5/2024,0.00199669
1/5/2024,0.001974628
1/5/2024,0.002007754
1/5/2024,0.002029947
1/5/2024,0.002052227
1/5/2024,0.001952652
1/5/2024,0.002007754
1/5/2024,0.001985648
1/5/2024,0.001974628
1/5/2024,0.002052227
1/5/2024,0.002007754
1/5/2024,0.002210579
1/5/2024,0.001974628
1/5/2024,0.001963629
1/5/2024,0.002007754
1/5/2024,0.00201884
1/5/2024,0.002074592
1/5/2024,0.001974628
1/5/2024,0.001952652
1/5/2024,0.002029947
1/5/2024,0.002029947
1/5/2024,0.002029947
1/5/2024,0.001941697
1/5/2024,0.002074592
1/5/2024,0.002029947
1/5/2024,0.002041076
1/5/2024,0.002097043
1/5/2024,0.002063399
1/5/2024,0.002097043
1/5/2024,0.002097043
1/5/2024,0.00211958
1/5/2024,0.002052227
1/5/2024,0.002074592
1/5/2024,0.00211958
1/5/2024,0.00211958
1/5/2024,0.002130881
1/5/2024,0.002176296
1/5/2024,0.002108301
1/5/2024,0.002130881
1/5/2024,0.002130881
1/5/2024,0.00216491
1/5/2024,0.00211958
1/5/2024,0.00226814
1/5/2024,0.002256586
1/5/2024,0.002097043
1/5/2024,0.002222049
1/5/2024,0.002302927
1/6/2024,0.002349602
1/6/2024,0.00216491
1/6/2024,0.002187702
1/6/2024,0.002233541
1/6/2024,0.002176296
1/6/2024,0.002233541
1/6/2024,0.002256586
1/6/2024,0.002256586
1/6/2024,0.002187702
1/6/2024,0.002326223
1/6/2024,0.002233541
1/6/2024,0.002314565
1/6/2024,0.002302927
1/6/2024,0.00243208
1/6/2024,0.002302927
1/6/2024,0.002326223
1/6/2024,0.002467735
1/6/2024,0.002396609
1/6/2024,0.00245583
1/6/2024,0.002408412
1/6/2024,0.002349602
1/6/2024,0.002326223
1/6/2024,0.002314565
1/6/2024,0.002326223
1/6/2024,0.002337902
1/6/2024,0.002349602
1/6/2024,0.002408412
1/6/2024,0.00245583
1/6/2024,0.002361323
1/6/2024,0.002361323
1/6/2024,0.002279715
1/6/2024,0.002233541
1/6/2024,0.00243208
1/6/2024,0.002256586
1/6/2024,0.002302927
1/6/2024,0.002279715
1/6/2024,0.002326223
1/6/2024,0.002337902
1/6/2024,0.002373064
1/6/2024,0.002408412
1/6/2024,0.00245583
1/6/2024,0.002337902
1/6/2024,0.002291311
1/6/2024,0.002384826
1/6/2024,0.002408412
1/6/2024,0.002420235
1/6/2024,0.00226814
1/6/2024,0.002337902
1/6/2024,0.002326223
1/6/2024,0.002373064
1/6/2024,0.002302927
1/6/2024,0.002396609
1/6/2024,0.002491608
1/6/2024,0.002624356
1/6/2024,0.002314565
1/6/2024,0.002648754
1/6/2024,0.002467735
1/6/2024,0.002396609
1/6/2024,0.002408412
1/6/2024,0.002384826
1/6/2024,0.002527569
1/6/2024,0.00245583
1/6/2024,0.002396609
1/6/2024,0.002302927
1/6/2024,0.002291311
1/6/2024,0.002396609
1/6/2024,0.002373064
1/6/2024,0.002361323
1/6/2024,0.002256586
1/6/2024,0.002176296
1/6/2024,0.00226814
1/6/2024,0.002361323
1/6/2024,0.002291311
1/6/2024,0.002337902
1/6/2024,0.002384826
1/6/2024,0.002097043
1/6/2024,0.002361323
1/6/2024,0.00226814
1/6/2024,0.002245053
1/6/2024,0.002187702
1/6/2024,0.002256586
1/6/2024,0.002210579
1/6/2024,0.002153546
1/6/2024,0.002142203
1/6/2024,0.002153546
1/6/2024,0.00216491
1/6/2024,0.002636545
1/6/2024,0.002396609
1/6/2024,0.002443944
1/6/2024,0.002245053
1/6/2024,0.002222049
1/6/2024,0.002210579
1/6/2024,0.002256586
1/6/2024,0.002176296
1/6/2024,0.002256586
1/6/2024,0.002153546
1/7/2024,0.002233541
1/7/2024,0.00219913
1/7/2024,0.002130881
1/7/2024,0.002063399
1/7/2024,0.00219913
1/7/2024,0.00211958
1/7/2024,0.002130881
1/7/2024,0.00211958
1/7/2024,0.002074592
1/7/2024,0.002007754
1/7/2024,0.002052227
1/7/2024,0.002007754
1/7/2024,0.002041076
1/7/2024,0.00201884
1/7/2024,0.00199669
1/7/2024,0.00199669
1/7/2024,0.002041076
1/7/2024,0.002063399
1/7/2024,0.002007754
1/7/2024,0.002029947
1/7/2024,0.00199669
1/7/2024,0.00201884
1/7/2024,0.00201884
1/7/2024,0.00201884
1/7/2024,0.002007754
1/7/2024,0.00201884
1/7/2024,0.002029947
1/7/2024,0.001985648
1/7/2024,0.002029947
1/7/2024,0.002029947
1/7/2024,0.001908963
1/7/2024,0.001985648
1/7/2024,0.00201884
1/7/2024,0.002041076
1/7/2024,0.002029947
1/7/2024,0.002041076
1/7/2024,0.001941697
1/7/2024,0.001952652
1/7/2024,0.00201884
1/7/2024,0.001952652
1/7/2024,0.001941697
1/7/2024,0.001974628
1/7/2024,0.001919853
1/7/2024,0.001974628
1/7/2024,0.001941697
1/7/2024,0.001952652
1/7/2024,0.002063399
1/7/2024,0.00199669
1/7/2024,0.001908963
1/7/2024,0.001941697
1/7/2024,0.001930764
1/7/2024,0.002007754
1/7/2024,0.001908963
1/7/2024,0.002029947
1/7/2024,0.001952652
1/7/2024,0.001908963
1/7/2024,0.001963629
1/7/2024,0.001963629
1/7/2024,0.001930764
1/7/2024,0.001963629
1/7/2024,0.001930764
1/7/2024,0.001919853
1/7/2024,0.001974628
1/7/2024,0.001876428
1/7/2024,0.001963629
1/7/2024,0.001876428
1/7/2024,0.001941697
1/7/2024,0.001919853
1/7/2024,0.001941697
1/7/2024,0.001908963
1/7/2024,0.001963629
1/7/2024,0.001952652
1/7/2024,0.001908963
1/7/2024,0.001974628
1/7/2024,0.001908963
1/7/2024,0.001908963
1/7/2024,0.001985648
1/7/2024,0.001908963
1/7/2024,0.001876428
1/7/2024,0.001974628
1/7/2024,0.001876428
1/7/2024,0.001930764
1/7/2024,0.001887251
1/7/2024,0.001919853
1/7/2024,0.001887251
1/7/2024,0.001898096
1/7/2024,0.001844091
1/7/2024,0.001919853
1/7/2024,0.001887251
1/7/2024,0.001898096
1/7/2024,0.001854848
1/7/2024,0.001811954
1/7/2024,0.001963629
1/7/2024,0.001887251
1/7/2024,0.001876428
1/7/2024,0.001898096
1/8/2024,0.001898096
1/8/2024,0.001876428
1/8/2024,0.001844091
1/8/2024,0.001844091
1/8/2024,0.001952652
1/8/2024,0.001887251
1/8/2024,0.001876428
1/8/2024,0.001844091
1/8/2024,0.001854848
1/8/2024,0.001930764
1/8/2024,0.001876428
1/8/2024,0.001854848
1/8/2024,0.001833356
1/8/2024,0.001844091
1/8/2024,0.001876428
1/8/2024,0.001833356
1/8/2024,0.001876428
1/8/2024,0.001887251
1/8/2024,0.001908963
1/8/2024,0.001919853
1/8/2024,0.001919853
1/8/2024,0.001930764
1/8/2024,0.001833356
1/8/2024,0.001898096
1/8/2024,0.001919853
1/8/2024,0.001898096
1/8/2024,0.001833356
1/8/2024,0.001876428
1/8/2024,0.001854848
1/8/2024,0.001854848
1/8/2024,0.001865626
1/8/2024,0.001844091
1/8/2024,0.001887251
1/8/2024,0.001876428
1/8/2024,0.001887251
1/8/2024,0.001887251
1/8/2024,0.001941697
1/8/2024,0.001822644
1/8/2024,0.001833356
1/8/2024,0.001919853
1/8/2024,0.001898096
1/8/2024,0.001801286
1/8/2024,0.001833356
1/8/2024,0.001769418
1/8/2024,0.001854848
1/8/2024,0.001833356
1/8/2024,0.001898096
1/8/2024,0.001876428
1/8/2024,0.001780018
1/8/2024,0.001822644
1/8/2024,0.001865626
1/8/2024,0.001919853
1/8/2024,0.001930764
1/8/2024,0.001854848
1/8/2024,0.001898096
1/8/2024,0.001908963
1/8/2024,0.001811954
1/8/2024,0.001941697
1/8/2024,0.001887251
1/8/2024,0.001919853
1/8/2024,0.001930764
1/8/2024,0.001952652
1/8/2024,0.001898096
1/8/2024,0.001908963
1/8/2024,0.001952652
1/8/2024,0.00201884
1/8/2024,0.002007754
1/8/2024,0.002052227
1/8/2024,0.002256586
1/8/2024,0.002176296
1/8/2024,0.00199669
1/8/2024,0.001974628
1/8/2024,0.002029947
1/8/2024,0.002085807
1/8/2024,0.002007754
1/8/2024,0.002108301
1/8/2024,0.002029947
1/8/2024,0.001985648
1/8/2024,0.002130881
1/8/2024,0.002029947
1/8/2024,0.001985648
1/8/2024,0.002142203
1/8/2024,0.002074592
1/8/2024,0.002052227
1/8/2024,0.00211958
1/8/2024,0.00211958
1/8/2024,0.002291311
1/8/2024,0.002108301
1/8/2024,0.00219913
1/8/2024,0.002210579
1/8/2024,0.00219913
1/8/2024,0.00216491
1/8/2024,0.002142203
1/8/2024,0.002233541
1/8/2024,0.00226814
1/8/2024,0.002443944
1/9/2024,0.002233541
1/9/2024,0.002636545
1/9/2024,0.002821768
1/9/2024,0.002279715
1/9/2024,0.00211958
1/9/2024,0.002187702
1/9/2024,0.002210579
1/9/2024,0.002210579
1/9/2024,0.002187702
1/9/2024,0.002176296
1/9/2024,0.002245053
1/9/2024,0.002130881
1/9/2024,0.002256586
1/9/2024,0.002279715
1/9/2024,0.002291311
1/9/2024,0.002443944
1/9/2024,0.002108301
1/9/2024,0.002187702
1/9/2024,0.002337902
1/9/2024,0.002074592
1/9/2024,0.002503575
1/9/2024,0.002245053
1/9/2024,0.002326223
1/9/2024,0.00269779
1/9/2024,0.002384826
1/9/2024,0.002563713
1/9/2024,0.002947709
1/9/2024,0.00312728
1/9/2024,0.003390275
1/9/2024,0.003757102
1/9/2024,0.003784803
1/9/2024,0.003994851
1/9/2024,0.003910349
1/9/2024,0.004738539
1/9/2024,0.005150185
1/9/2024,0.004950467
1/9/2024,0.00496573
1/9/2024,0.005026949
1/9/2024,0.00538409
1/9/2024,0.005637624
1/9/2024,0.005749842
1/9/2024,0.005526194
1/9/2024,0.005653607
1/9/2024,0.005573853
1/9/2024,0.005879049
1/9/2024,0.006140503
1/9/2024,0.005911509
1/9/2024,0.006862901
1/9/2024,0.006041985
1/9/2024,0.006760397
1/9/2024,0.007791814
1/9/2024,0.006256153
1/9/2024,0.006239585
1/9/2024,0.006173467
1/9/2024,0.005895271
1/9/2024,0.006948739
1/9/2024,0.006965952
1/9/2024,0.006405968
1/9/2024,0.006289336
1/9/2024,0.006239585
1/9/2024,0.006256153
1/9/2024,0.007017681
1/9/2024,0.007506991
1/9/2024,0.007330895
1/9/2024,0.007917604
1/9/2024,0.007506991
1/9/2024,0.006422691
1/9/2024,0.007436375
1/9/2024,0.008062237
1/9/2024,0.007104198
1/9/2024,0.007631138
1/9/2024,0.006862901
1/9/2024,0.007542388
1/9/2024,0.007631138
1/9/2024,0.008911712
1/9/2024,0.00698318
1/9/2024,0.006523358
1/9/2024,0.007560108
1/9/2024,0.007989804
1/9/2024,0.007577844
1/9/2024,0.006372567
1/9/2024,0.007069546
1/9/2024,0.006828672
1/9/2024,0.007738124
1/9/2024,0.007069546
1/9/2024,0.006897191
1/9/2024,0.007401156
1/9/2024,0.006811581
1/9/2024,0.006897191
1/9/2024,0.006422691
1/9/2024,0.006624578
1/9/2024,0.006914358
1/9/2024,0.006372567
1/9/2024,0.006760397
1/9/2024,0.007971733
1/9/2024,0.006743366
1/9/2024,0.006743366
1/10/2024,0.006489741
1/10/2024,0.006862901
1/10/2024,0.006794504
1/10/2024,0.006726351
1/10/2024,0.006590777
1/10/2024,0.006777443
1/10/2024,0.006777443
1/10/2024,0.006523358
1/10/2024,0.006692365
1/10/2024,0.006777443
1/10/2024,0.006743366
1/10/2024,0.006675396
1/10/2024,0.006557036
1/10/2024,0.00660767
1/10/2024,0.006422691
1/10/2024,0.006573899
1/10/2024,0.006422691
1/10/2024,0.006405968
1/10/2024,0.006624578
1/10/2024,0.006573899
1/10/2024,0.006256153
1/10/2024,0.006422691
1/10/2024,0.006272737
1/10/2024,0.006223032
1/10/2024,0.00638926
1/10/2024,0.006322582
1/10/2024,0.006405968
1/10/2024,0.006339228
1/10/2024,0.00638926
1/10/2024,0.006339228
1/10/2024,0.006405968
1/10/2024,0.006305951
1/10/2024,0.006305951
1/10/2024,0.006173467
1/10/2024,0.006058365
1/10/2024,0.006124044
1/10/2024,0.0061076
1/10/2024,0.006058365
1/10/2024,0.006206495
1/10/2024,0.006590777
1/10/2024,0.006523358
1/10/2024,0.006372567
1/10/2024,0.006322582
1/10/2024,0.006289336
1/10/2024,0.006590777
1/10/2024,0.006339228
1/10/2024,0.00638926
1/10/2024,0.006289336
1/10/2024,0.006472955
1/10/2024,0.006322582
1/10/2024,0.006189973
1/10/2024,0.006173467
1/10/2024,0.006472955
1/10/2024,0.006140503
1/10/2024,0.006272737
1/10/2024,0.006189973
1/10/2024,0.005976621
1/10/2024,0.006305951
1/10/2024,0.00635589
1/10/2024,0.006058365
1/10/2024,0.006289336
1/10/2024,0.006074761
1/10/2024,0.006322582
1/10/2024,0.006124044
1/10/2024,0.005960319
1/10/2024,0.005862842
1/10/2024,0.005960319
1/10/2024,0.005944033
1/10/2024,0.005960319
1/10/2024,0.005960319
1/10/2024,0.005911509
1/10/2024,0.005895271
1/10/2024,0.005976621
1/10/2024,0.005637624
1/10/2024,0.005814318
1/10/2024,0.005944033
1/10/2024,0.005830477
1/10/2024,0.005846651
1/10/2024,0.005879049
1/10/2024,0.005830477
1/10/2024,0.005911509
1/10/2024,0.005895271
1/10/2024,0.005685621
1/10/2024,0.005733763
1/10/2024,0.005976621
1/10/2024,0.005830477
1/10/2024,0.005749842
1/10/2024,0.005862842
1/10/2024,0.005814318
1/10/2024,0.005798175
1/10/2024,0.005862842
1/10/2024,0.005653607
1/10/2024,0.005733763
1/10/2024,0.005542064
1/10/2024,0.005653607
1/10/2024,0.005749842
1/11/2024,0.005589772
1/11/2024,0.005685621
1/11/2024,0.005589772
1/11/2024,0.005749842
1/11/2024,0.005542064
1/11/2024,0.005782048
1/11/2024,0.005798175
1/11/2024,0.005846651
1/11/2024,0.005589772
1/11/2024,0.005782048
1/11/2024,0.005542064
1/11/2024,0.005814318
1/11/2024,0.005765937
1/11/2024,0.005685621
1/11/2024,0.005637624
1/11/2024,0.0057177
1/11/2024,0.005431312
1/11/2024,0.005368381
1/11/2024,0.005830477
1/11/2024,0.005637624
1/11/2024,0.005669606
1/11/2024,0.0061076
1/11/2024,0.005701652
1/11/2024,0.005701652
1/11/2024,0.005669606
1/11/2024,0.005782048
1/11/2024,0.005290085
1/11/2024,0.005701652
1/11/2024,0.005573853
1/11/2024,0.005782048
1/11/2024,0.005765937
1/11/2024,0.005526194
1/11/2024,0.00535269
1/11/2024,0.00555795
1/11/2024,0.005573853
1/11/2024,0.006140503
1/11/2024,0.0061076
1/11/2024,0.006156977
1/11/2024,0.007173682
1/11/2024,0.005862842
1/11/2024,0.007243405
1/11/2024,0.006506541
1/11/2024,0.005895271
1/11/2024,0.005992938
1/11/2024,0.005733763
1/11/2024,0.005701652
1/11/2024,0.005765937
1/11/2024,0.00602562
1/11/2024,0.00555795
1/11/2024,0.005573853
1/11/2024,0.005510339
1/11/2024,0.005494501
1/11/2024,0.005368381
1/11/2024,0.005494501
1/11/2024,0.005447085
1/11/2024,0.005399814
1/11/2024,0.005368381
1/11/2024,0.005227743
1/11/2024,0.005274475
1/11/2024,0.005415555
1/11/2024,0.005321355
1/11/2024,0.005431312
1/11/2024,0.005431312
1/11/2024,0.005258881
1/11/2024,0.00535269
1/11/2024,0.005337014
1/11/2024,0.005212199
1/11/2024,0.005243304
1/11/2024,0.005243304
1/11/2024,0.005274475
1/11/2024,0.005305712
1/11/2024,0.00519667
1/11/2024,0.005337014
1/11/2024,0.005150185
1/11/2024,0.005212199
1/11/2024,0.005227743
1/11/2024,0.005337014
1/11/2024,0.005290085
1/11/2024,0.005274475
1/11/2024,0.005119277
1/11/2024,0.00519667
1/11/2024,0.005227743
1/11/2024,0.005290085
1/11/2024,0.00519667
1/11/2024,0.005103847
1/11/2024,0.005088435
1/11/2024,0.005134722
1/11/2024,0.005150185
1/11/2024,0.005243304
1/11/2024,0.005119277
1/11/2024,0.005181159
1/11/2024,0.005181159
1/11/2024,0.005290085
1/11/2024,0.005103847
1/11/2024,0.005165663
1/11/2024,0.005368381
1/12/2024,0.005290085
1/12/2024,0.005103847
1/12/2024,0.004996306
1/12/2024,0.005026949
1/12/2024,0.004996306
1/12/2024,0.004950467
1/12/2024,0.00493522
1/12/2024,0.005321355
1/12/2024,0.005073039
1/12/2024,0.005057659
1/12/2024,0.004889581
1/12/2024,0.00498101
1/12/2024,0.00493522
1/12/2024,0.00493522
1/12/2024,0.004783675
1/12/2024,0.00498101
1/12/2024,0.004889581
1/12/2024,0.004783675
1/12/2024,0.00481385
1/12/2024,0.004828962
1/12/2024,0.00501162
1/12/2024,0.004693556
1/12/2024,0.004889581
1/12/2024,0.004753568
1/12/2024,0.004738539
1/12/2024,0.004708533
1/12/2024,0.004693556
1/12/2024,0.004618922
1/12/2024,0.004723528
1/12/2024,0.004663651
1/12/2024,0.004693556
1/12/2024,0.004663651
1/12/2024,0.004618922
1/12/2024,0.004663651
1/12/2024,0.004738539
1/12/2024,0.004604046
1/12/2024,0.004589188
1/12/2024,0.004574346
1/12/2024,0.004485655
1/12/2024,0.004574346
1/12/2024,0.004693556
1/12/2024,0.004633815
1/12/2024,0.004678595
1/12/2024,0.00451515
1/12/2024,0.004544714
1/12/2024,0.004500394
1/12/2024,0.004485655
1/12/2024,0.004559521
1/12/2024,0.004529923
1/12/2024,0.004589188
1/12/2024,0.004529923
1/12/2024,0.004559521
1/12/2024,0.004500394
1/12/2024,0.004470933
1/12/2024,0.004574346
1/12/2024,0.004618922
1/12/2024,0.004604046
1/12/2024,0.004559521
1/12/2024,0.004559521
1/12/2024,0.004589188
1/12/2024,0.004574346
1/12/2024,0.004604046
1/12/2024,0.004353778
1/12/2024,0.004456228
1/12/2024,0.004441541
1/12/2024,0.004500394
1/12/2024,0.004456228
1/12/2024,0.004574346
1/12/2024,0.004618922
1/12/2024,0.004368362
1/12/2024,0.004500394
1/12/2024,0.004648725
1/12/2024,0.004470933
1/12/2024,0.004426871
1/12/2024,0.004353778
1/12/2024,0.004324662
1/12/2024,0.004266639
1/12/2024,0.004382963
1/12/2024,0.004266639
1/12/2024,0.004324662
1/12/2024,0.004108514
1/12/2024,0.004353778
1/12/2024,0.004397582
1/12/2024,0.004339212
1/12/2024,0.004208894
1/12/2024,0.004353778
1/12/2024,0.00431013
1/12/2024,0.004266639
1/12/2024,0.004252176
1/12/2024,0.004339212
1/12/2024,0.004208894
1/12/2024,0.00431013
1/12/2024,0.004165769
1/12/2024,0.004194501
1/12/2024,0.004237731
1/12/2024,0.004252176
1/13/2024,0.004266639
1/13/2024,0.004266639
1/13/2024,0.004194501
1/13/2024,0.004137106
1/13/2024,0.004252176
1/13/2024,0.004180126
1/13/2024,0.004223304
1/13/2024,0.004266639
1/13/2024,0.004237731
1/13/2024,0.004208894
1/13/2024,0.004252176
1/13/2024,0.004295616
1/13/2024,0.00431013
1/13/2024,0.004237731
1/13/2024,0.004412218
1/13/2024,0.004194501
1/13/2024,0.004151429
1/13/2024,0.004223304
1/13/2024,0.004281119
1/13/2024,0.004266639
1/13/2024,0.004208894
1/13/2024,0.004412218
1/13/2024,0.004252176
1/13/2024,0.004266639
1/13/2024,0.004295616
1/13/2024,0.004237731
1/13/2024,0.004295616
1/13/2024,0.004237731
1/13/2024,0.004281119
1/13/2024,0.004266639
1/13/2024,0.004324662
1/13/2024,0.00431013
1/13/2024,0.004194501
1/13/2024,0.004281119
1/13/2024,0.004353778
1/13/2024,0.004237731
1/13/2024,0.004368362
1/13/2024,0.004295616
1/13/2024,0.004237731
1/13/2024,0.004339212
1/13/2024,0.004237731
1/13/2024,0.004339212
1/13/2024,0.004382963
1/13/2024,0.004208894
1/13/2024,0.004485655
1/13/2024,0.004470933
1/13/2024,0.004122802
1/13/2024,0.004208894
1/13/2024,0.004339212
1/13/2024,0.004223304
1/13/2024,0.004281119
1/13/2024,0.004252176
1/13/2024,0.004397582
1/13/2024,0.004165769
1/13/2024,0.004237731
1/13/2024,0.004281119
1/13/2024,0.004382963
1/13/2024,0.004281119
1/13/2024,0.004252176
1/13/2024,0.004368362
1/13/2024,0.004295616
1/13/2024,0.004295616
1/13/2024,0.004223304
1/13/2024,0.00431013
1/13/2024,0.004223304
1/13/2024,0.004266639
1/13/2024,0.004266639
1/13/2024,0.004324662
1/13/2024,0.004151429
1/13/2024,0.004252176
1/13/2024,0.004180126
1/13/2024,0.004180126
1/13/2024,0.004108514
1/13/2024,0.004122802
1/13/2024,0.004151429
1/13/2024,0.004194501
1/13/2024,0.004151429
1/13/2024,0.004051541
1/13/2024,0.004023161
1/13/2024,0.004122802
1/13/2024,0.00395252
1/13/2024,0.003980723
1/13/2024,0.004023161
1/13/2024,0.003980723
1/13/2024,0.004008997
1/13/2024,0.003980723
1/13/2024,0.004051541
1/13/2024,0.003966613
1/13/2024,0.004023161
1/13/2024,0.003938446
1/13/2024,0.003826491
1/13/2024,0.003854372
1/13/2024,0.003910349
1/13/2024,0.003854372
1/13/2024,0.003882325
1/13/2024,0.003868339
1/14/2024,0.003896328
1/14/2024,0.003826491
1/14/2024,0.003868339
1/14/2024,0.003798681
1/14/2024,0.003757102
1/14/2024,0.003812577
1/14/2024,0.003715686
1/14/2024,0.003688166
1/14/2024,0.003647022
1/14/2024,0.003606042
1/14/2024,0.003633343
1/14/2024,0.003578813
1/14/2024,0.003511063
1/14/2024,0.003592418
1/14/2024,0.003606042
1/14/2024,0.003606042
1/14/2024,0.003647022
1/14/2024,0.003538108
1/14/2024,0.003511063
1/14/2024,0.003647022
1/14/2024,0.003647022
1/14/2024,0.003538108
1/14/2024,0.003524576
1/14/2024,0.003565226
1/14/2024,0.003457194
1/14/2024,0.003470633
1/14/2024,0.003484091
1/14/2024,0.003443773
1/14/2024,0.003470633
1/14/2024,0.003524576
1/14/2024,0.003470633
1/14/2024,0.003470633
1/14/2024,0.003443773
1/14/2024,0.003484091
1/14/2024,0.003403622
1/14/2024,0.003484091
1/14/2024,0.003297371
1/14/2024,0.003337075
1/14/2024,0.003416987
1/14/2024,0.003323821
1/14/2024,0.003270995
1/14/2024,0.003350347
1/14/2024,0.003244695
1/14/2024,0.003310586
1/14/2024,0.003390275
1/14/2024,0.003284173
1/14/2024,0.003363637
1/14/2024,0.003337075
1/14/2024,0.003244695
1/14/2024,0.003350347
1/14/2024,0.003337075
1/14/2024,0.003310586
1/14/2024,0.003179275
1/14/2024,0.003310586
1/14/2024,0.003231573
1/14/2024,0.003179275
1/14/2024,0.003350347
1/14/2024,0.003257836
1/14/2024,0.003205386
1/14/2024,0.00314025
1/14/2024,0.00321847
1/14/2024,0.00314025
1/14/2024,0.003114329
1/14/2024,0.00321847
1/14/2024,0.003166247
1/14/2024,0.003153239
1/14/2024,0.003179275
1/14/2024,0.003101397
1/14/2024,0.003062715
1/14/2024,0.003088484
1/14/2024,0.00312728
1/14/2024,0.003114329
1/14/2024,0.003062715
1/14/2024,0.003114329
1/14/2024,0.003088484
1/14/2024,0.00307559
1/14/2024,0.003037024
1/14/2024,0.003037024
1/14/2024,0.00299863
1/14/2024,0.003011409
1/14/2024,0.003024207
1/14/2024,0.002922365
1/14/2024,0.003024207
1/14/2024,0.003037024
1/14/2024,0.00296041
1/14/2024,0.002922365
1/14/2024,0.002909722
1/14/2024,0.002985871
1/14/2024,0.002922365
1/14/2024,0.002922365
1/14/2024,0.00287191
1/14/2024,0.002985871
1/14/2024,0.00287191
1/14/2024,0.002947709
1/14/2024,0.0028468
1/14/2024,0.002935027
1/15/2024,0.002859345
1/15/2024,0.002935027
1/15/2024,0.0028468
1/15/2024,0.002897099
1/15/2024,0.002734775
1/15/2024,0.002859345
1/15/2024,0.002821768
1/15/2024,0.002796814
1/15/2024,0.002809281
1/15/2024,0.002784367
1/15/2024,0.002796814
1/15/2024,0.002759532
1/15/2024,0.002722427
1/15/2024,0.002796814
1/15/2024,0.002685501
1/15/2024,0.002747144
1/15/2024,0.002796814
1/15/2024,0.002710098
1/15/2024,0.002685501
1/15/2024,0.002771939
1/15/2024,0.002648754
1/15/2024,0.002673232
1/15/2024,0.002673232
1/15/2024,0.002673232
1/15/2024,0.002648754
1/15/2024,0.002673232
1/15/2024,0.002710098
1/15/2024,0.00269779
1/15/2024,0.002710098
1/15/2024,0.002673232
1/15/2024,0.002685501
1/15/2024,0.002660983
1/15/2024,0.002648754
1/15/2024,0.002636545
1/15/2024,0.002624356
1/15/2024,0.002624356
1/15/2024,0.002600039
1/15/2024,0.002685501
1/15/2024,0.002575801
1/15/2024,0.002551645
1/15/2024,0.002467735
1/15/2024,0.002673232
1/15/2024,0.002575801
1/15/2024,0.002539597
1/15/2024,0.00258791
1/15/2024,0.002563713
1/15/2024,0.00258791
1/15/2024,0.002660983
1/15/2024,0.002551645
1/15/2024,0.002479661
1/15/2024,0.002503575
1/15/2024,0.002575801
1/15/2024,0.002503575
1/15/2024,0.002551645
1/15/2024,0.002575801
1/15/2024,0.002527569
1/15/2024,0.00258791
1/15/2024,0.002515562
1/15/2024,0.002551645
1/15/2024,0.002539597
1/15/2024,0.002539597
1/15/2024,0.002515562
1/15/2024,0.002420235
1/15/2024,0.002563713
1/15/2024,0.002503575
1/15/2024,0.002479661
1/15/2024,0.002551645
1/15/2024,0.00258791
1/15/2024,0.002551645
1/15/2024,0.002443944
1/15/2024,0.002539597
1/15/2024,0.002551645
1/15/2024,0.00258791
1/15/2024,0.002515562
1/15/2024,0.002563713
1/15/2024,0.002551645
1/15/2024,0.002527569
1/15/2024,0.002563713
1/15/2024,0.002527569
1/15/2024,0.002563713
1/15/2024,0.002563713
1/15/2024,0.002479661
1/15/2024,0.002539597
1/15/2024,0.002551645
1/15/2024,0.002515562
1/15/2024,0.002479661
1/15/2024,0.002563713
1/15/2024,0.002551645
1/15/2024,0.002575801
1/15/2024,0.002491608
1/15/2024,0.002527569
1/15/2024,0.002515562
1/15/2024,0.002575801
1/15/2024,0.002515562
1/15/2024,0.002479661
1/15/2024,0.002479661
1/16/2024,0.002515562
1/16/2024,0.00245583
1/16/2024,0.00258791
1/16/2024,0.002539597
1/16/2024,0.00245583
1/16/2024,0.002443944
1/16/2024,0.00258791
1/16/2024,0.002527569
1/16/2024,0.002503575
1/16/2024,0.002503575
1/16/2024,0.00245583
1/16/2024,0.002551645
1/16/2024,0.00243208
1/16/2024,0.002515562
1/16/2024,0.002479661
1/16/2024,0.002563713
1/16/2024,0.002384826
1/16/2024,0.002575801
1/16/2024,0.002648754
1/16/2024,0.002491608
1/16/2024,0.002673232
1/16/2024,0.002563713
1/16/2024,0.002612187
1/16/2024,0.002685501
1/16/2024,0.002503575
1/16/2024,0.002551645
1/16/2024,0.002443944
1/16/2024,0.002443944
1/16/2024,0.002479661
1/16/2024,0.002420235
1/16/2024,0.002734775
1/16/2024,0.002575801
1/16/2024,0.002648754
1/16/2024,0.002660983
1/16/2024,0.002600039
1/16/2024,0.002503575
1/16/2024,0.002503575
1/16/2024,0.00245583
1/16/2024,0.002420235
1/16/2024,0.002420235
1/16/2024,0.002408412
1/16/2024,0.002648754
1/16/2024,0.002600039
1/16/2024,0.002479661
1/16/2024,0.002612187
1/16/2024,0.002503575
1/16/2024,0.002443944
1/16/2024,0.002479661
1/16/2024,0.00245583
1/16/2024,0.002467735
1/16/2024,0.002551645
1/16/2024,0.00243208
1/16/2024,0.002527569
1/16/2024,0.002539597
1/16/2024,0.002479661
1/16/2024,0.002600039
1/16/2024,0.002575801
1/16/2024,0.002503575
1/16/2024,0.002479661
1/16/2024,0.002575801
1/16/2024,0.002515562
1/16/2024,0.002491608
1/16/2024,0.002515562
1/16/2024,0.002527569
1/16/2024,0.002575801
1/16/2024,0.002491608
1/16/2024,0.00245583
1/16/2024,0.002491608
1/16/2024,0.002575801
1/16/2024,0.002539597
1/16/2024,0.002503575
1/16/2024,0.002515562
1/16/2024,0.002563713
1/16/2024,0.002479661
1/16/2024,0.002503575
1/16/2024,0.002539597
1/16/2024,0.002612187
1/16/2024,0.002624356
1/16/2024,0.002575801
1/16/2024,0.002600039
1/16/2024,0.002563713
1/16/2024,0.002527569
1/16/2024,0.002551645
1/16/2024,0.00258791
1/16/2024,0.00258791
1/16/2024,0.002551645
1/16/2024,0.002636545
1/16/2024,0.002563713
1/16/2024,0.002563713
1/16/2024,0.002563713
1/16/2024,0.002491608
1/16/2024,0.002563713
1/16/2024,0.002503575
1/16/2024,0.002539597
1/16/2024,0.002551645
1/16/2024,0.00245583
1/16/2024,0.002467735
1/17/2024,0.002527569
1/17/2024,0.002551645
1/17/2024,0.002673232
1/17/2024,0.002539597
1/17/2024,0.002612187
1/17/2024,0.002734775
1/17/2024,0.002660983
1/17/2024,0.002648754
1/17/2024,0.002985871
1/17/2024,0.002759532
1/17/2024,0.003037024
1/17/2024,0.002685501
1/17/2024,0.00269779
1/17/2024,0.002759532
1/17/2024,0.002747144
1/17/2024,0.002771939
1/17/2024,0.00258791
1/17/2024,0.002648754
1/17/2024,0.002600039
1/17/2024,0.002796814
1/17/2024,0.00258791
1/17/2024,0.002624356
1/17/2024,0.002747144
1/17/2024,0.0028468
1/17/2024,0.002660983
1/17/2024,0.002660983
1/17/2024,0.002636545
1/17/2024,0.002759532
1/17/2024,0.002771939
1/17/2024,0.002636545
1/17/2024,0.00243208
1/17/2024,0.002624356
1/17/2024,0.002784367
1/17/2024,0.002660983
1/17/2024,0.00269779
1/17/2024,0.002897099
1/17/2024,0.003024207
1/17/2024,0.002660983
1/17/2024,0.002909722
1/17/2024,0.002734775
1/17/2024,0.002834274
1/17/2024,0.002710098
1/17/2024,0.002809281
1/17/2024,0.002909722
1/17/2024,0.002947709
1/17/2024,0.002673232
1/17/2024,0.002612187
1/17/2024,0.002685501
1/17/2024,0.00258791
1/17/2024,0.002710098
1/17/2024,0.002539597
1/17/2024,0.002539597
1/17/2024,0.002539597
1/17/2024,0.002491608
1/17/2024,0.002527569
1/17/2024,0.002575801
1/17/2024,0.002551645
1/17/2024,0.002612187
1/17/2024,0.002551645
1/17/2024,0.002575801
1/17/2024,0.002539597
1/17/2024,0.002575801
1/17/2024,0.002503575
1/17/2024,0.00258791
1/17/2024,0.002503575
1/17/2024,0.002467735
1/17/2024,0.002408412
1/17/2024,0.00226814
1/17/2024,0.002314565
1/17/2024,0.002443944
1/17/2024,0.002302927
1/17/2024,0.002245053
1/17/2024,0.00226814
1/17/2024,0.002291311
1/17/2024,0.002314565
1/17/2024,0.00219913
1/17/2024,0.00216491
1/17/2024,0.002153546
1/17/2024,0.002142203
1/17/2024,0.002142203
1/17/2024,0.002210579
1/17/2024,0.00219913
1/17/2024,0.002187702
1/17/2024,0.002153546
1/17/2024,0.002063399
1/17/2024,0.002108301
1/17/2024,0.00201884
1/17/2024,0.00201884
1/17/2024,0.001985648
1/17/2024,0.001963629
1/17/2024,0.00199669
1/17/2024,0.001887251
1/17/2024,0.001974628
1/17/2024,0.001974628
1/17/2024,0.001941697
1/17/2024,0.001941697
1/18/2024,0.001854848
1/18/2024,0.001952652
1/18/2024,0.001908963
1/18/2024,0.001833356
1/18/2024,0.001865626
1/18/2024,0.001844091
1/18/2024,0.001876428
1/18/2024,0.001844091
1/18/2024,0.001780018
1/18/2024,0.001908963
1/18/2024,0.001854848
1/18/2024,0.001865626
1/18/2024,0.001865626
1/18/2024,0.001844091
1/18/2024,0.001952652
1/18/2024,0.001844091
1/18/2024,0.001844091
1/18/2024,0.001919853
1/18/2024,0.001833356
1/18/2024,0.001790641
1/18/2024,0.001769418
1/18/2024,0.001898096
1/18/2024,0.001833356
1/18/2024,0.001963629
1/18/2024,0.001908963
1/18/2024,0.002041076
1/18/2024,0.001963629
1/18/2024,0.002007754
1/18/2024,0.001985648
1/18/2024,0.002007754
1/18/2024,0.001930764
1/18/2024,0.001865626
1/18/2024,0.001887251
1/18/2024,0.001844091
1/18/2024,0.001706289
1/18/2024,0.001811954
1/18/2024,0.001811954
1/18/2024,0.001811954
1/18/2024,0.00175884
1/18/2024,0.001833356
1/18/2024,0.001780018
1/18/2024,0.001844091
1/18/2024,0.001737752
1/18/2024,0.001716754
1/18/2024,0.001930764
1/18/2024,0.00175884
1/18/2024,0.001780018
1/18/2024,0.001822644
1/18/2024,0.001801286
1/18/2024,0.00175884
1/18/2024,0.001876428
1/18/2024,0.001801286
1/18/2024,0.001865626
1/18/2024,0.001737752
1/18/2024,0.001801286
1/18/2024,0.001854848
1/18/2024,0.001811954
1/18/2024,0.001769418
1/18/2024,0.001898096
1/18/2024,0.001844091
1/18/2024,0.001822644
1/18/2024,0.001822644
1/18/2024,0.001898096
1/18/2024,0.001811954
1/18/2024,0.001941697
1/18/2024,0.001898096
1/18/2024,0.001811954
1/18/2024,0.001854848
1/18/2024,0.001844091
1/18/2024,0.001865626
1/18/2024,0.001876428
1/18/2024,0.001865626
1/18/2024,0.001865626
1/18/2024,0.001887251
1/18/2024,0.001952652
1/18/2024,0.001811954
1/18/2024,0.001833356
1/18/2024,0.001908963
1/18/2024,0.001876428
1/18/2024,0.001865626
1/18/2024,0.001844091
1/18/2024,0.001898096
1/18/2024,0.001865626
1/18/2024,0.001930764
1/18/2024,0.001952652
1/18/2024,0.001930764
1/18/2024,0.001780018
1/18/2024,0.001930764
1/18/2024,0.001985648
1/18/2024,0.001887251
1/18/2024,0.001898096
1/18/2024,0.001865626
1/18/2024,0.001919853
1/18/2024,0.001854848
1/18/2024,0.001876428
1/18/2024,0.001919853
1/19/2024,0.001963629
1/19/2024,0.001952652
1/19/2024,0.001930764
1/19/2024,0.001941697
1/19/2024,0.001952652
1/19/2024,0.002029947
1/19/2024,0.001898096
1/19/2024,0.00199669
1/19/2024,0.001963629
1/19/2024,0.001844091
1/19/2024,0.001908963
1/19/2024,0.001930764
1/19/2024,0.001898096
1/19/2024,0.001908963
1/19/2024,0.001822644
1/19/2024,0.001887251
1/19/2024,0.001952652
1/19/2024,0.001865626
1/19/2024,0.001919853
1/19/2024,0.001919853
1/19/2024,0.001908963
1/19/2024,0.001919853
1/19/2024,0.001941697
1/19/2024,0.001898096
1/19/2024,0.001952652
1/19/2024,0.001919853
1/19/2024,0.001898096
1/19/2024,0.001974628
1/19/2024,0.001908963
1/19/2024,0.001919853
1/19/2024,0.001941697
1/19/2024,0.001898096
1/19/2024,0.001833356
1/19/2024,0.001887251
1/19/2024,0.001919853
1/19/2024,0.001887251
1/19/2024,0.001908963
1/19/2024,0.002007754
1/19/2024,0.001908963
1/19/2024,0.001952652
1/19/2024,0.001854848
1/19/2024,0.001822644
1/19/2024,0.001822644
1/19/2024,0.001865626
1/19/2024,0.001844091
1/19/2024,0.001908963
1/19/2024,0.001887251
1/19/2024,0.001963629
1/19/2024,0.001898096
1/19/2024,0.001952652
1/19/2024,0.001919853
1/19/2024,0.001854848
1/19/2024,0.001887251
1/19/2024,0.001930764
1/19/2024,0.001876428
1/19/2024,0.001898096
1/19/2024,0.001898096
1/19/2024,0.001930764
1/19/2024,0.001941697
1/19/2024,0.001908963
1/19/2024,0.001865626
1/19/2024,0.001908963
1/19/2024,0.001963629
1/19/2024,0.001898096
1/19/2024,0.001908963
1/19/2024,0.001963629
1/19/2024,0.001930764
1/19/2024,0.001930764
1/19/2024,0.001898096
1/19/2024,0.001898096
1/19/2024,0.001941697
1/19/2024,0.001974628
1/19/2024,0.002029947
1/19/2024,0.001941697
1/19/2024,0.002029947
1/19/2024,0.001985648
1/19/2024,0.001908963
1/19/2024,0.002052227
1/19/2024,0.001930764
1/19/2024,0.001887251
1/19/2024,0.00199669
1/19/2024,0.002029947
1/19/2024,0.001919853
1/19/2024,0.001974628
1/19/2024,0.002007754
1/19/2024,0.001941697
1/19/2024,0.001963629
1/19/2024,0.001952652
1/19/2024,0.001985648
1/19/2024,0.002041076
1/19/2024,0.00201884
1/19/2024,0.002063399
1/19/2024,0.001963629
1/19/2024,0.001952652
1/19/2024,0.001930764
1/19/2024,0.001952652
1/20/2024,0.001930764
1/20/2024,0.001919853
1/20/2024,0.001974628
1/20/2024,0.002074592
1/20/2024,0.001974628
1/20/2024,0.001974628
1/20/2024,0.001952652
1/20/2024,0.001974628
1/20/2024,0.00199669
1/20/2024,0.001985648
1/20/2024,0.001963629
1/20/2024,0.001974628
1/20/2024,0.001985648
1/20/2024,0.001963629
1/20/2024,0.001963629
1/20/2024,0.001952652
1/20/2024,0.001919853
1/20/2024,0.001985648
1/20/2024,0.001985648
1/20/2024,0.001985648
1/20/2024,0.001985648
1/20/2024,0.002007754
1/20/2024,0.002007754
1/20/2024,0.00201884
1/20/2024,0.002007754
1/20/2024,0.002074592
1/20/2024,0.002074592
1/20/2024,0.002074592
1/20/2024,0.002007754
1/20/2024,0.001963629
1/20/2024,0.001985648
1/20/2024,0.002108301
1/20/2024,0.002029947
1/20/2024,0.001974628
1/20/2024,0.002007754
1/20/2024,0.001974628
1/20/2024,0.001919853
1/20/2024,0.001952652
1/20/2024,0.001887251
1/20/2024,0.001876428
1/20/2024,0.001952652
1/20/2024,0.001941697
1/20/2024,0.001930764
1/20/2024,0.001985648
1/20/2024,0.001898096
1/20/2024,0.001898096
1/20/2024,0.002153546
1/20/2024,0.001919853
1/20/2024,0.002063399
1/20/2024,0.001963629
1/20/2024,0.002210579
1/20/2024,0.002245053
1/20/2024,0.002097043
1/20/2024,0.002210579
1/20/2024,0.002210579
1/20/2024,0.00226814
1/20/2024,0.002074592
1/20/2024,0.00243208
1/20/2024,0.002130881
1/20/2024,0.002142203
1/20/2024,0.002097043
1/20/2024,0.00201884
1/20/2024,0.002074592
1/20/2024,0.002279715
1/20/2024,0.002153546
1/20/2024,0.002052227
1/20/2024,0.002097043
1/20/2024,0.001974628
1/20/2024,0.00199669
1/20/2024,0.002029947
1/20/2024,0.002142203
1/20/2024,0.002097043
1/20/2024,0.00211958
1/20/2024,0.002097043
1/20/2024,0.002302927
1/20/2024,0.002187702
1/20/2024,0.00216491
1/20/2024,0.002233541
1/20/2024,0.002245053
1/20/2024,0.002326223
1/20/2024,0.00226814
1/20/2024,0.002256586
1/20/2024,0.002527569
1/20/2024,0.002515562
1/20/2024,0.002443944
1/20/2024,0.002527569
1/20/2024,0.002673232
1/20/2024,0.002821768
1/20/2024,0.00287191
1/20/2024,0.003062715
1/20/2024,0.00312728
1/20/2024,0.003376947
1/20/2024,0.003647022
1/20/2024,0.003924389
1/20/2024,0.004295616
1/20/2024,0.004633815
1/21/2024,0.004874401
1/21/2024,0.005227743
1/21/2024,0.005431312
1/21/2024,0.005830477
1/21/2024,0.006239585
1/21/2024,0.006914358
1/21/2024,0.007648932
1/21/2024,0.008299239
1/21/2024,0.008612823
1/21/2024,0.008836651
1/21/2024,0.009405069
1/21/2024,0.010005523
1/21/2024,0.010960962
1/21/2024,0.011594283
1/21/2024,0.012240126
1/21/2024,0.013329374
1/21/2024,0.014967524
1/21/2024,0.015949998
1/21/2024,0.017191129
1/21/2024,0.016812975
1/21/2024,0.018513604
1/21/2024,0.019621255
1/21/2024,0.021286673
1/21/2024,0.021337888
1/21/2024,0.022215208
1/21/2024,0.022449532
1/21/2024,0.021543187
1/21/2024,0.022293219
1/21/2024,0.022710915
1/21/2024,0.023025988
1/21/2024,0.023263303
1/21/2024,0.022894521
1/21/2024,0.02307865
1/21/2024,0.022553957
1/21/2024,0.02307865
1/21/2024,0.022527834
1/21/2024,0.023052314
1/21/2024,0.023104997
1/21/2024,0.023421992
1/21/2024,0.023900349
1/21/2024,0.024543479
1/21/2024,0.026012521
1/21/2024,0.026841671
1/21/2024,0.027708114
1/21/2024,0.026786108
1/21/2024,0.028499066
1/21/2024,0.028243971
1/21/2024,0.028527461
1/21/2024,0.02932656
1/21/2024,0.028442308
1/21/2024,0.02972904
1/21/2024,0.029815539
1/21/2024,0.030307379
1/21/2024,0.03179994
1/21/2024,0.032958388
1/21/2024,0.033167868
1/21/2024,0.032006782
1/21/2024,0.033618336
1/21/2024,0.033648444
1/21/2024,0.033950048
1/21/2024,0.035810397
1/21/2024,0.035533709
1/21/2024,0.035410981
1/21/2024,0.036056981
1/21/2024,0.036397013
1/21/2024,0.036800326
1/21/2024,0.037236425
1/21/2024,0.037361359
1/21/2024,0.038429277
1/21/2024,0.037267644
1/21/2024,0.038397715
1/21/2024,0.040115152
1/21/2024,0.036335105
1/21/2024,0.037862578
1/21/2024,0.037862578
1/21/2024,0.037705693
1/21/2024,0.036831416
1/21/2024,0.036304165
1/21/2024,0.038429277
1/21/2024,0.038019695
1/21/2024,0.038587222
1/21/2024,0.037517735
1/21/2024,0.038208539
1/21/2024,0.039253101
1/21/2024,0.03950783
1/21/2024,0.040596935
1/21/2024,0.040757982
1/21/2024,0.040886983
1/21/2024,0.040854719
1/21/2024,0.040403977
1/21/2024,0.041274852
1/21/2024,0.042087076
1/21/2024,0.04140443
1/21/2024,0.042839269
1/21/2024,0.041956743
1/21/2024,0.042021891
1/21/2024,0.043299436
1/21/2024,0.043431233
1/21/2024,0.043464204
1/21/2024,0.043728294
1/22/2024,0.04287208
1/22/2024,0.043134891
1/22/2024,0.043332372
1/22/2024,0.043102008
1/22/2024,0.042348172
1/22/2024,0.04244623
1/22/2024,0.043959839
1/22/2024,0.042740889
1/22/2024,0.042839269
1/22/2024,0.04303627
1/22/2024,0.042708113
1/22/2024,0.043530174
1/22/2024,0.04339827
1/22/2024,0.04482365
1/22/2024,0.044490709
1/22/2024,0.04690745
1/22/2024,0.045928588
1/22/2024,0.047893615
1/22/2024,0.048680909
1/22/2024,0.05002626
1/22/2024,0.05016498
1/22/2024,0.04992231
1/22/2024,0.051139824
1/22/2024,0.050860618
1/22/2024,0.05371251
1/22/2024,0.052649821
1/22/2024,0.053392912
1/22/2024,0.055716265
1/22/2024,0.05719974
1/22/2024,0.056402009
1/22/2024,0.058257354
1/22/2024,0.059101029
1/22/2024,0.060764104
1/22/2024,0.061545796
1/22/2024,0.06263109
1/22/2024,0.063949867
1/22/2024,0.064783792
1/22/2024,0.065430811
1/22/2024,0.065202191
1/22/2024,0.066501451
1/22/2024,0.069166015
1/22/2024,0.066923745
1/22/2024,0.068196305
1/22/2024,0.068583606
1/22/2024,0.069672181
1/22/2024,0.069867209
1/22/2024,0.071277109
1/22/2024,0.071159236
1/22/2024,0.071395051
1/22/2024,0.072538722
1/22/2024,0.073212142
1/22/2024,0.072974212
1/22/2024,0.07376838
1/22/2024,0.073370915
1/22/2024,0.074525661
1/22/2024,0.074565594
1/22/2024,0.07488533
1/22/2024,0.073808169
1/22/2024,0.074845336
1/22/2024,0.07504538
1/22/2024,0.075686791
1/22/2024,0.075566379
1/22/2024,0.075646646
1/22/2024,0.075245613
1/22/2024,0.075847446
1/22/2024,0.075165497
1/22/2024,0.075767104
1/22/2024,0.075526257
1/22/2024,0.075405935
1/22/2024,0.07480535
1/22/2024,0.075726944
1/22/2024,0.075606509
1/22/2024,0.075446035
1/22/2024,0.073847965
1/22/2024,0.07376838
1/22/2024,0.074366006
1/22/2024,0.075726944
1/22/2024,0.075887629
1/22/2024,0.074206472
1/22/2024,0.07392758
1/22/2024,0.073609303
1/22/2024,0.075446035
1/22/2024,0.074445818
1/22/2024,0.073291514
1/22/2024,0.074366006
1/22/2024,0.073967399
1/22/2024,0.07512545
1/22/2024,0.074765372
1/22/2024,0.074765372
1/22/2024,0.073291514
1/22/2024,0.073688826
1/22/2024,0.073370915
1/22/2024,0.074166607
1/22/2024,0.073013848
1/22/2024,0.073172468
1/22/2024,0.07412675
1/22/2024,0.074047059
1/22/2024,0.073410627
1/23/2024,0.072183099
1/23/2024,0.073251824
1/23/2024,0.073251824
1/23/2024,0.071828098
1/23/2024,0.072736557
1/23/2024,0.071002179
1/23/2024,0.072025244
1/23/2024,0.071395051
1/23/2024,0.072222582
1/23/2024,0.072183099
1/23/2024,0.070962934
1/23/2024,0.071828098
1/23/2024,0.071788692
1/23/2024,0.071355729
1/23/2024,0.071552415
1/23/2024,0.071670519
1/23/2024,0.071749293
1/23/2024,0.071198519
1/23/2024,0.070923697
1/23/2024,0.070375186
1/23/2024,0.070414315
1/23/2024,0.070140573
1/23/2024,0.070806032
1/23/2024,0.071828098
1/23/2024,0.072538722
1/23/2024,0.069906238
1/23/2024,0.070531749
1/23/2024,0.070649253
1/23/2024,0.07123781
1/23/2024,0.07111996
1/23/2024,0.071277109
1/23/2024,0.072143624
1/23/2024,0.071946363
1/23/2024,0.071749293
1/23/2024,0.071434381
1/23/2024,0.072499177
1/23/2024,0.073013848
1/23/2024,0.072499177
1/23/2024,0.071709902
1/23/2024,0.072815745
1/23/2024,0.072025244
1/23/2024,0.072934584
1/23/2024,0.072617833
1/23/2024,0.072380591
1/23/2024,0.072262073
1/23/2024,0.071277109
1/23/2024,0.074286223
1/23/2024,0.07392758
1/23/2024,0.073450347
1/23/2024,0.074047059
1/23/2024,0.07376838
1/23/2024,0.072974212
1/23/2024,0.072301571
1/23/2024,0.073847965
1/23/2024,0.07376838
1/23/2024,0.073887768
1/23/2024,0.073370915
1/23/2024,0.075085411
1/23/2024,0.075085411
1/23/2024,0.07352981
1/23/2024,0.0737286
1/23/2024,0.073887768
1/23/2024,0.073649061
1/23/2024,0.073569552
1/23/2024,0.072459641
1/23/2024,0.073172468
1/23/2024,0.0719858
1/23/2024,0.072776147
1/23/2024,0.072262073
1/23/2024,0.072025244
1/23/2024,0.07111996
1/23/2024,0.070179656
1/23/2024,0.071080692
1/23/2024,0.071513063
1/23/2024,0.070414315
1/23/2024,0.069633199
1/23/2024,0.069750169
1/23/2024,0.069789175
1/23/2024,0.07057091
1/23/2024,0.069049393
1/23/2024,0.068699948
1/23/2024,0.069321619
1/23/2024,0.068080266
1/23/2024,0.068389858
1/23/2024,0.068467334
1/23/2024,0.068273703
1/23/2024,0.067655392
1/23/2024,0.067308471
1/23/2024,0.0678484
1/23/2024,0.066424773
1/23/2024,0.06627151
1/23/2024,0.067077541
1/23/2024,0.066962182
1/23/2024,0.067269963
1/23/2024,0.06711601
1/23/2024,0.066003601
1/24/2024,0.066080107
1/24/2024,0.065316465
1/24/2024,0.06703908
1/24/2024,0.066348125
1/24/2024,0.064328449
1/24/2024,0.064745804
1/24/2024,0.06466985
1/24/2024,0.065126047
1/24/2024,0.063836447
1/24/2024,0.06402552
1/24/2024,0.063949867
1/24/2024,0.064290555
1/24/2024,0.06263109
1/24/2024,0.063572079
1/24/2024,0.063534344
1/24/2024,0.062818889
1/24/2024,0.063723099
1/24/2024,0.062743746
1/24/2024,0.061732435
1/24/2024,0.062106315
1/24/2024,0.062068891
1/24/2024,0.060652724
1/24/2024,0.060541416
1/24/2024,0.060541416
1/24/2024,0.060170913
1/24/2024,0.060838398
1/24/2024,0.06043018
1/24/2024,0.06009691
1/24/2024,0.060393118
1/24/2024,0.059469185
1/24/2024,0.059616674
1/24/2024,0.06005992
1/24/2024,0.059432333
1/24/2024,0.058330546
1/24/2024,0.058660314
1/24/2024,0.056836642
1/24/2024,0.057563658
1/24/2024,0.057236095
1/24/2024,0.057782401
1/24/2024,0.05719974
1/24/2024,0.056727873
1/24/2024,0.057527229
1/24/2024,0.056582962
1/24/2024,0.056402009
1/24/2024,0.056582962
1/24/2024,0.055572277
1/24/2024,0.05614902
1/24/2024,0.056365843
1/24/2024,0.055824342
1/24/2024,0.056582962
1/24/2024,0.055932494
1/24/2024,0.056836642
1/24/2024,0.056474366
1/24/2024,0.056293536
1/24/2024,0.057054402
1/24/2024,0.056836642
1/24/2024,0.057163393
1/24/2024,0.057127055
1/24/2024,0.057855381
1/24/2024,0.059321825
1/24/2024,0.058733685
1/24/2024,0.057381596
1/24/2024,0.058807089
1/24/2024,0.059321825
1/24/2024,0.057928393
1/24/2024,0.058293946
1/24/2024,0.058953994
1/24/2024,0.058513669
1/24/2024,0.059101029
1/24/2024,0.059174595
1/24/2024,0.058330546
1/24/2024,0.059506045
1/24/2024,0.05957979
1/24/2024,0.059801218
1/24/2024,0.058367154
1/24/2024,0.05957979
1/24/2024,0.060652724
1/24/2024,0.060615613
1/24/2024,0.061210351
1/24/2024,0.061956667
1/24/2024,0.061508492
1/24/2024,0.062256091
1/24/2024,0.062706186
1/24/2024,0.062106315
1/24/2024,0.06263109
1/24/2024,0.062668634
1/24/2024,0.063421187
1/24/2024,0.062743746
1/24/2024,0.062931665
1/24/2024,0.062518506
1/24/2024,0.061994067
1/24/2024,0.063044512
1/24/2024,0.062106315
1/24/2024,0.061620428
1/24/2024,0.062068891
1/24/2024,0.061807147
1/25/2024,0.060912725
1/25/2024,0.061210351
1/25/2024,0.061284838
1/25/2024,0.061359357
1/25/2024,0.060652724
1/25/2024,0.060319017
1/25/2024,0.059653567
1/25/2024,0.059432333
1/25/2024,0.059248194
1/25/2024,0.059875093
1/25/2024,0.059174595
1/25/2024,0.059064258
1/25/2024,0.058586975
1/25/2024,0.057928393
1/25/2024,0.059211391
1/25/2024,0.057454396
1/25/2024,0.057236095
1/25/2024,0.059137808
1/25/2024,0.056474366
1/25/2024,0.057672993
1/25/2024,0.057308829
1/25/2024,0.056004636
1/25/2024,0.057272458
1/25/2024,0.056402009
1/25/2024,0.056619178
1/25/2024,0.055284699
1/25/2024,0.055428422
1/25/2024,0.055069362
1/25/2024,0.055536301
1/25/2024,0.054211005
1/25/2024,0.055212887
1/25/2024,0.056076812
1/25/2024,0.054925971
1/25/2024,0.05364143
1/25/2024,0.054890144
1/25/2024,0.054675355
1/25/2024,0.054175344
1/25/2024,0.054282352
1/25/2024,0.054318038
1/25/2024,0.053534872
1/25/2024,0.054246674
1/25/2024,0.053109394
1/25/2024,0.052826412
1/25/2024,0.052967836
1/25/2024,0.052156483
1/25/2024,0.05385477
1/25/2024,0.052402946
1/25/2024,0.051805109
1/25/2024,0.051664796
1/25/2024,0.051770018
1/25/2024,0.051454579
1/25/2024,0.051454579
1/25/2024,0.051910433
1/25/2024,0.051629739
1/25/2024,0.05159469
1/25/2024,0.051174763
1/25/2024,0.051279631
1/25/2024,0.05226206
1/25/2024,0.051069972
1/25/2024,0.051139824
1/25/2024,0.05159469
1/25/2024,0.050790902
1/25/2024,0.050721219
1/25/2024,0.051770018
1/25/2024,0.049265744
1/25/2024,0.04992231
1/25/2024,0.049403712
1/25/2024,0.049059049
1/25/2024,0.049093477
1/25/2024,0.049196811
1/25/2024,0.04902463
1/25/2024,0.048715243
1/25/2024,0.049162358
1/25/2024,0.048680909
1/25/2024,0.048475089
1/25/2024,0.04816694
1/25/2024,0.048680909
1/25/2024,0.048509371
1/25/2024,0.048064378
1/25/2024,0.046941335
1/25/2024,0.047416627
1/25/2024,0.047348624
1/25/2024,0.046704326
1/25/2024,0.047450641
1/25/2024,0.04690745
1/25/2024,0.046299018
1/25/2024,0.045726981
1/25/2024,0.04690745
1/25/2024,0.04576056
1/25/2024,0.046569084
1/25/2024,0.045157471
1/25/2024,0.046332746
1/25/2024,0.045358185
1/25/2024,0.045659848
1/25/2024,0.045291246
1/25/2024,0.044923704
1/25/2024,0.045224341
1/26/2024,0.044590499
1/26/2024,0.044557227
1/26/2024,0.044390999
1/26/2024,0.043662219
1/26/2024,0.043959839
1/26/2024,0.044390999
1/26/2024,0.043827474
1/26/2024,0.044059205
1/26/2024,0.043069135
1/26/2024,0.042773673
1/26/2024,0.04303627
1/26/2024,0.043233591
1/26/2024,0.04254437
1/26/2024,0.043464204
1/26/2024,0.043167782
1/26/2024,0.042119681
1/26/2024,0.043069135
1/26/2024,0.041956743
1/26/2024,0.041794028
1/26/2024,0.042087076
1/26/2024,0.041761512
1/26/2024,0.042087076
1/26/2024,0.04260984
1/26/2024,0.04030762
1/26/2024,0.040919256
1/26/2024,0.041696507
1/26/2024,0.041826553
1/26/2024,0.040886983
1/26/2024,0.04027552
1/26/2024,0.040886983
1/26/2024,0.041534152
1/26/2024,0.04033973
1/26/2024,0.041696507
1/26/2024,0.040179272
1/26/2024,0.040403977
1/26/2024,0.04027552
1/26/2024,0.039987022
1/26/2024,0.040436114
1/26/2024,0.040147208
1/26/2024,0.040211346
1/26/2024,0.039571604
1/26/2024,0.039635414
1/26/2024,0.039987022
1/26/2024,0.039635414
1/26/2024,0.040051069
1/26/2024,0.039475957
1/26/2024,0.039094192
1/26/2024,0.038808733
1/26/2024,0.038840414
1/26/2024,0.03928491
1/26/2024,0.038303086
1/26/2024,0.038082606
1/26/2024,0.039827064
1/26/2024,0.038303086
1/26/2024,0.037893983
1/26/2024,0.038555615
1/26/2024,0.039062437
1/26/2024,0.038555615
1/26/2024,0.038366163
1/26/2024,0.037768419
1/26/2024,0.037049302
1/26/2024,0.038240045
1/26/2024,0.037611672
1/26/2024,0.037611672
1/26/2024,0.037893983
1/26/2024,0.038303086
1/26/2024,0.036987003
1/26/2024,0.037831182
1/26/2024,0.03692474
1/26/2024,0.036613986
1/26/2024,0.036489945
1/26/2024,0.036366054
1/26/2024,0.036676062
1/26/2024,0.036707114
1/26/2024,0.036118721
1/26/2024,0.035779617
1/26/2024,0.035441649
1/26/2024,0.036427981
1/26/2024,0.035871987
1/26/2024,0.035533709
1/26/2024,0.035410981
1/26/2024,0.036366054
1/26/2024,0.035288404
1/26/2024,0.035135395
1/26/2024,0.035043703
1/26/2024,0.03559513
1/26/2024,0.035319034
1/26/2024,0.035013158
1/26/2024,0.035349674
1/26/2024,0.035349674
1/26/2024,0.034282914
1/26/2024,0.034525722
1/26/2024,0.034373896
1/26/2024,0.034647353
1/26/2024,0.034495338
1/26/2024,0.034010484
1/26/2024,0.034495338
1/27/2024,0.034101208
1/27/2024,0.034040716
1/27/2024,0.033498001
1/27/2024,0.033919845
1/27/2024,0.033889651
1/27/2024,0.034161739
1/27/2024,0.033287782
1/27/2024,0.034131469
1/27/2024,0.034040716
1/27/2024,0.034101208
1/27/2024,0.033648444
1/27/2024,0.033558149
1/27/2024,0.033980261
1/27/2024,0.033197832
1/27/2024,0.034070957
1/27/2024,0.033950048
1/27/2024,0.034373896
1/27/2024,0.033018191
1/27/2024,0.032600377
1/27/2024,0.03179994
1/27/2024,0.033167868
1/27/2024,0.033738825
1/27/2024,0.034161739
1/27/2024,0.034464963
1/27/2024,0.033317784
1/27/2024,0.034222308
1/27/2024,0.035257783
1/27/2024,0.033768971
1/27/2024,0.033558149
1/27/2024,0.034952096
1/27/2024,0.033889651
1/27/2024,0.034222308
1/27/2024,0.033498001
1/27/2024,0.034101208
1/27/2024,0.033257789
1/27/2024,0.034677785
1/27/2024,0.034222308
1/27/2024,0.034161739
1/27/2024,0.034070957
1/27/2024,0.034070957
1/27/2024,0.034252606
1/27/2024,0.034373896
1/27/2024,0.036458958
1/27/2024,0.037330112
1/27/2024,0.039444093
1/27/2024,0.041113082
1/27/2024,0.041177763
1/27/2024,0.043827474
1/27/2024,0.045458661
1/27/2024,0.047859488
1/27/2024,0.052367712
1/27/2024,0.053961553
1/27/2024,0.055968561
1/27/2024,0.057381596
1/27/2024,0.059321825
1/27/2024,0.060764104
1/27/2024,0.062181187
1/27/2024,0.061807147
1/27/2024,0.064214791
1/27/2024,0.063383483
1/27/2024,0.062969273
1/27/2024,0.063609822
1/27/2024,0.062593554
1/27/2024,0.062293555
1/27/2024,0.062256091
1/27/2024,0.062593554
1/27/2024,0.061657755
1/27/2024,0.061807147
1/27/2024,0.060875557
1/27/2024,0.060244949
1/27/2024,0.059948999
1/27/2024,0.059912042
1/27/2024,0.06043018
1/27/2024,0.060170913
1/27/2024,0.059027495
1/27/2024,0.058880525
1/27/2024,0.058843803
1/27/2024,0.058660314
1/27/2024,0.057745923
1/27/2024,0.057127055
1/27/2024,0.057782401
1/27/2024,0.057527229
1/27/2024,0.056981783
1/27/2024,0.057345209
1/27/2024,0.056329685
1/27/2024,0.05614902
1/27/2024,0.056800378
1/27/2024,0.056510556
1/27/2024,0.056329685
1/27/2024,0.055212887
1/27/2024,0.05499765
1/27/2024,0.055428422
1/27/2024,0.054782712
1/27/2024,0.054389435
1/27/2024,0.054496592
1/27/2024,0.053783623
1/27/2024,0.054389435
1/28/2024,0.054032783
1/28/2024,0.054282352
1/28/2024,0.053570383
1/28/2024,0.053357443
1/28/2024,0.054603825
1/28/2024,0.053251086
1/28/2024,0.053073992
1/28/2024,0.052332486
1/28/2024,0.05328653
1/28/2024,0.053003213
1/28/2024,0.05155965
1/28/2024,0.051770018
1/28/2024,0.051349585
1/28/2024,0.051664796
1/28/2024,0.051244667
1/28/2024,0.052015833
1/28/2024,0.051279631
1/28/2024,0.05002626
1/28/2024,0.051000154
1/28/2024,0.050269109
1/28/2024,0.050616758
1/28/2024,0.05065157
1/28/2024,0.050721219
1/28/2024,0.050095603
1/28/2024,0.049334711
1/28/2024,0.049196811
1/28/2024,0.049576365
1/28/2024,0.049403712
1/28/2024,0.049369207
1/28/2024,0.048269579
1/28/2024,0.048235357
1/28/2024,0.048064378
1/28/2024,0.048030208
1/28/2024,0.047552736
1/28/2024,0.048852662
1/28/2024,0.047791261
1/28/2024,0.047518696
1/28/2024,0.048269579
1/28/2024,0.047382621
1/28/2024,0.047893615
1/28/2024,0.04782537
1/28/2024,0.047859488
1/28/2024,0.047586785
1/28/2024,0.048372295
1/28/2024,0.04792775
1/28/2024,0.049334711
1/28/2024,0.047178768
1/28/2024,0.048030208
1/28/2024,0.048235357
1/28/2024,0.047416627
1/28/2024,0.047893615
1/28/2024,0.047893615
1/28/2024,0.047791261
1/28/2024,0.046704326
1/28/2024,0.046975228
1/28/2024,0.047382621
1/28/2024,0.047076959
1/28/2024,0.046941335
1/28/2024,0.045224341
1/28/2024,0.047723068
1/28/2024,0.046636688
1/28/2024,0.045224341
1/28/2024,0.045190902
1/28/2024,0.04542516
1/28/2024,0.045257789
1/28/2024,0.045928588
1/28/2024,0.04482365
1/28/2024,0.04569341
1/28/2024,0.045291246
1/28/2024,0.044424227
1/28/2024,0.044324569
1/28/2024,0.044890344
1/28/2024,0.04435778
1/28/2024,0.044059205
1/28/2024,0.045190902
1/28/2024,0.044557227
1/28/2024,0.04415865
1/28/2024,0.043365317
1/28/2024,0.044026074
1/28/2024,0.043629194
1/28/2024,0.043959839
1/28/2024,0.04465707
1/28/2024,0.043233591
1/28/2024,0.0429049
1/28/2024,0.043827474
1/28/2024,0.043464204
1/28/2024,0.043102008
1/28/2024,0.043464204
1/28/2024,0.043629194
1/28/2024,0.042773673
1/28/2024,0.04303627
1/28/2024,0.0425771
1/28/2024,0.043365317
1/28/2024,0.043134891
1/28/2024,0.043069135
1/28/2024,0.041989313
1/29/2024,0.042087076
1/29/2024,0.041761512
1/29/2024,0.04030762
1/29/2024,0.041469273
1/29/2024,0.039699261
1/29/2024,0.041080755
1/29/2024,0.04046826
1/29/2024,0.041566605
1/29/2024,0.041113082
1/29/2024,0.041436847
1/29/2024,0.041826553
1/29/2024,0.04046826
1/29/2024,0.041177763
1/29/2024,0.040436114
1/29/2024,0.039603505
1/29/2024,0.041696507
1/29/2024,0.04046826
1/29/2024,0.040983828
1/29/2024,0.040019041
1/29/2024,0.040179272
1/29/2024,0.039221301
1/29/2024,0.040822464
1/29/2024,0.039827064
1/29/2024,0.040564753
1/29/2024,0.040179272
1/29/2024,0.040211346
1/29/2024,0.039444093
1/29/2024,0.039157728
1/29/2024,0.04046826
1/29/2024,0.038998956
1/29/2024,0.039539713
1/29/2024,0.039316728
1/29/2024,0.040500415
1/29/2024,0.039795099
1/29/2024,0.040243428
1/29/2024,0.03989102
1/29/2024,0.039987022
1/29/2024,0.038872104
1/29/2024,0.039444093
1/29/2024,0.039603505
1/29/2024,0.03950783
1/29/2024,0.038745398
1/29/2024,0.039955012
1/29/2024,0.039444093
1/29/2024,0.039094192
1/29/2024,0.038618839
1/29/2024,0.03928491
1/29/2024,0.040147208
1/29/2024,0.03918951
1/29/2024,0.038114075
1/29/2024,0.037925397
1/29/2024,0.03795682
1/29/2024,0.037392616
1/29/2024,0.038019695
1/29/2024,0.038397715
1/29/2024,0.037018148
1/29/2024,0.037831182
1/29/2024,0.036707114
1/29/2024,0.037205215
1/29/2024,0.038524017
1/29/2024,0.038051146
1/29/2024,0.038177042
1/29/2024,0.036738176
1/29/2024,0.036520941
1/29/2024,0.037298873
1/29/2024,0.037049302
1/29/2024,0.037049302
1/29/2024,0.037298873
1/29/2024,0.037205215
1/29/2024,0.03692474
1/29/2024,0.035779617
1/29/2024,0.036211401
1/29/2024,0.036458958
1/29/2024,0.035964442
1/29/2024,0.036893623
1/29/2024,0.036335105
1/29/2024,0.037049302
1/29/2024,0.036676062
1/29/2024,0.037205215
1/29/2024,0.035656588
1/29/2024,0.036087846
1/29/2024,0.036087846
1/29/2024,0.036645019
1/29/2024,0.036242313
1/29/2024,0.036397013
1/29/2024,0.036800326
1/29/2024,0.036397013
1/29/2024,0.036118721
1/29/2024,0.035810397
1/29/2024,0.037049302
1/29/2024,0.035625854
1/29/2024,0.036335105
1/29/2024,0.035718083
1/29/2024,0.035964442
1/29/2024,0.035503013
1/29/2024,0.03519657
1/29/2024,0.035933614
1/30/2024,0.035410981
1/30/2024,0.036242313
1/30/2024,0.034616931
1/30/2024,0.036118721
1/30/2024,0.035810397
1/30/2024,0.035104821
1/30/2024,0.03559513
1/30/2024,0.035441649
1/30/2024,0.034738677
1/30/2024,0.035135395
1/30/2024,0.034921579
1/30/2024,0.035013158
1/30/2024,0.036056981
1/30/2024,0.035013158
1/30/2024,0.034282914
1/30/2024,0.034161739
1/30/2024,0.035533709
1/30/2024,0.035043703
1/30/2024,0.035135395
1/30/2024,0.035043703
1/30/2024,0.033799127
1/30/2024,0.034616931
1/30/2024,0.034525722
1/30/2024,0.034708226
1/30/2024,0.033889651
1/30/2024,0.034616931
1/30/2024,0.034313232
1/30/2024,0.034647353
1/30/2024,0.034343559
1/30/2024,0.034373896
1/30/2024,0.033950048
1/30/2024,0.033889651
1/30/2024,0.033799127
1/30/2024,0.033708689
1/30/2024,0.034677785
1/30/2024,0.033708689
1/30/2024,0.033618336
1/30/2024,0.033768971
1/30/2024,0.033768971
1/30/2024,0.034222308
1/30/2024,0.033498001
1/30/2024,0.033768971
1/30/2024,0.033768971
1/30/2024,0.034830085
1/30/2024,0.033287782
1/30/2024,0.033738825
1/30/2024,0.03352807
1/30/2024,0.033768971
1/30/2024,0.033708689
1/30/2024,0.03268975
1/30/2024,0.033618336
1/30/2024,0.033018191
1/30/2024,0.033467941
1/30/2024,0.033377818
1/30/2024,0.032570605
1/30/2024,0.033347796
1/30/2024,0.033257789
1/30/2024,0.032958388
1/30/2024,0.033287782
1/30/2024,0.033558149
1/30/2024,0.032898623
1/30/2024,0.032659949
1/30/2024,0.033197832
1/30/2024,0.032273421
1/30/2024,0.03268975
1/30/2024,0.032779209
1/30/2024,0.032659949
1/30/2024,0.032659949
1/30/2024,0.032570605
1/30/2024,0.031918077
1/30/2024,0.032362475
1/30/2024,0.032630158
1/30/2024,0.033078033
1/30/2024,0.032868755
1/30/2024,0.031740929
1/30/2024,0.032065967
1/30/2024,0.032659949
1/30/2024,0.032928501
1/30/2024,0.032809048
1/30/2024,0.032184454
1/30/2024,0.031858989
1/30/2024,0.0322141
1/30/2024,0.032243755
1/30/2024,0.032481348
1/30/2024,0.032958388
1/30/2024,0.032481348
1/30/2024,0.03179994
1/30/2024,0.032065967
1/30/2024,0.031888528
1/30/2024,0.03177043
1/30/2024,0.032095574
1/30/2024,0.032006782
1/30/2024,0.031829459
1/30/2024,0.032630158
1/30/2024,0.031947636
1/30/2024,0.032540843
1/31/2024,0.031564132
1/31/2024,0.030977342
1/31/2024,0.031740929
1/31/2024,0.031123673
1/31/2024,0.031270248
1/31/2024,0.031270248
1/31/2024,0.031387685
1/31/2024,0.031123673
1/31/2024,0.031152969
1/31/2024,0.031328947
1/31/2024,0.030860454
1/31/2024,0.031534699
1/31/2024,0.031328947
1/31/2024,0.030889661
1/31/2024,0.031681958
1/31/2024,0.031035845
1/31/2024,0.031387685
1/31/2024,0.031240914
1/31/2024,0.031387685
1/31/2024,0.031065111
1/31/2024,0.030162424
1/31/2024,0.031564132
1/31/2024,0.031211589
1/31/2024,0.030802068
1/31/2024,0.031505277
1/31/2024,0.031094387
1/31/2024,0.031681958
1/31/2024,0.030685415
1/31/2024,0.031094387
1/31/2024,0.031358311
1/31/2024,0.0303364
1/31/2024,0.031564132
1/31/2024,0.030046637
1/31/2024,0.029815539
1/31/2024,0.030889661
1/31/2024,0.030802068
1/31/2024,0.030831256
1/31/2024,0.030017715
1/31/2024,0.030481651
1/31/2024,0.029700227
1/31/2024,0.030133462
1/31/2024,0.030481651
1/31/2024,0.029757863
1/31/2024,0.029412642
1/31/2024,0.029988803
1/31/2024,0.030075569
1/31/2024,0.030191395
1/31/2024,0.030220376
1/31/2024,0.030423521
1/31/2024,0.03053982
1/31/2024,0.030278368
1/31/2024,0.03051073
1/31/2024,0.028954576
1/31/2024,0.029470079
1/31/2024,0.030627148
1/31/2024,0.030307379
1/31/2024,0.029902126
1/31/2024,0.029931009
1/31/2024,0.02972904
1/31/2024,0.029988803
1/31/2024,0.030307379
1/31/2024,0.03036543
1/31/2024,0.029757863
1/31/2024,0.029585074
1/31/2024,0.029844391
1/31/2024,0.03051073
1/31/2024,0.02964263
1/31/2024,0.027961487
1/31/2024,0.029931009
1/31/2024,0.029757863
1/31/2024,0.029240568
1/31/2024,0.030017715
1/31/2024,0.028754975
1/31/2024,0.02972904
1/31/2024,0.030104511
1/31/2024,0.028868973
1/31/2024,0.03036543
1/31/2024,0.030046637
1/31/2024,0.029844391
1/31/2024,0.029786696
1/31/2024,0.029988803
1/31/2024,0.030191395
1/31/2024,0.029585074
1/31/2024,0.029470079
1/31/2024,0.029700227
1/31/2024,0.02972904
1/31/2024,0.030133462
1/31/2024,0.029498813
1/31/2024,0.029585074
1/31/2024,0.029211924
1/31/2024,0.029902126
1/31/2024,0.029498813
1/31/2024,0.029154666
1/31/2024,0.029383938
1/31/2024,0.028840458
1/31/2024,0.029585074
1/31/2024,0.02918329
2/1/2024,0.029412642
2/1/2024,0.028926031
2/1/2024,0.028926031
2/1/2024,0.029355244
2/1/2024,0.029126051
2/1/2024,0.029383938
2/1/2024,0.029269222
2/1/2024,0.02932656
2/1/2024,0.028954576
2/1/2024,0.028584279
2/1/2024,0.029011694
2/1/2024,0.029068853
2/1/2024,0.029068853
2/1/2024,0.029269222
2/1/2024,0.029700227
2/1/2024,0.029040269
2/1/2024,0.028783459
2/1/2024,0.028754975
2/1/2024,0.028811954
2/1/2024,0.028698036
2/1/2024,0.028754975
2/1/2024,0.029931009
2/1/2024,0.02838559
2/1/2024,0.028840458
2/1/2024,0.02918329
2/1/2024,0.02838559
2/1/2024,0.029011694
2/1/2024,0.02898313
2/1/2024,0.029040269
2/1/2024,0.028499066
2/1/2024,0.028328912
2/1/2024,0.02798969
2/1/2024,0.028868973
2/1/2024,0.028926031
2/1/2024,0.028783459
2/1/2024,0.028783459
2/1/2024,0.028612703
2/1/2024,0.029154666
2/1/2024,0.028328912
2/1/2024,0.028130856
2/1/2024,0.028074359
2/1/2024,0.028470682
2/1/2024,0.028442308
2/1/2024,0.028527461
2/1/2024,0.028102603
2/1/2024,0.028669582
2/1/2024,0.028017903
2/1/2024,0.028243971
2/1/2024,0.028215677
2/1/2024,0.028243971
2/1/2024,0.027961487
2/1/2024,0.02815912
2/1/2024,0.028215677
2/1/2024,0.027961487
2/1/2024,0.028074359
2/1/2024,0.027036465
2/1/2024,0.026813885
2/1/2024,0.026925093
2/1/2024,0.027343578
2/1/2024,0.027371559
2/1/2024,0.026453586
2/1/2024,0.027287648
2/1/2024,0.027175909
2/1/2024,0.026425942
2/1/2024,0.026508904
2/1/2024,0.026536578
2/1/2024,0.027008607
2/1/2024,0.026425942
2/1/2024,0.027203829
2/1/2024,0.026591957
2/1/2024,0.026925093
2/1/2024,0.026508904
2/1/2024,0.026343073
2/1/2024,0.025902666
2/1/2024,0.026425942
2/1/2024,0.026675103
2/1/2024,0.025656097
2/1/2024,0.026012521
2/1/2024,0.026786108
2/1/2024,0.026786108
2/1/2024,0.02609502
2/1/2024,0.027064334
2/1/2024,0.026536578
2/1/2024,0.02631547
2/1/2024,0.025492183
2/1/2024,0.02576558
2/1/2024,0.025875228
2/1/2024,0.026425942
2/1/2024,0.026536578
2/1/2024,0.02604001
2/1/2024,0.026370686
2/1/2024,0.026591957
2/1/2024,0.026205163
2/1/2024,0.025957573
2/1/2024,0.025875228
2/1/2024,0.026287878
2/2/2024,0.025985042
2/2/2024,0.02609502
2/2/2024,0.026591957
2/2/2024,0.02606751
2/2/2024,0.026150071
2/2/2024,0.025247013
2/2/2024,0.026675103
2/2/2024,0.026425942
2/2/2024,0.025930114
2/2/2024,0.025084033
2/2/2024,0.02609502
2/2/2024,0.026370686
2/2/2024,0.025957573
2/2/2024,0.026370686
2/2/2024,0.026925093
2/2/2024,0.026398309
2/2/2024,0.025847801
2/2/2024,0.025985042
2/2/2024,0.026425942
2/2/2024,0.02631547
2/2/2024,0.026675103
2/2/2024,0.02609502
2/2/2024,0.025847801
2/2/2024,0.024543479
2/2/2024,0.02612254
2/2/2024,0.026370686
2/2/2024,0.02609502
2/2/2024,0.025383115
2/2/2024,0.026012521
2/2/2024,0.025847801
2/2/2024,0.026343073
2/2/2024,0.02554678
2/2/2024,0.026177612
2/2/2024,0.024813233
2/2/2024,0.025410366
2/2/2024,0.025985042
2/2/2024,0.025847801
2/2/2024,0.026564263
2/2/2024,0.025985042
2/2/2024,0.026786108
2/2/2024,0.02604001
2/2/2024,0.026232724
2/2/2024,0.025601418
2/2/2024,0.025930114
2/2/2024,0.026287878
2/2/2024,0.025574094
2/2/2024,0.02554678
2/2/2024,0.025383115
2/2/2024,0.025601418
2/2/2024,0.025355874
2/2/2024,0.025847801
2/2/2024,0.02609502
2/2/2024,0.025192644
2/2/2024,0.025192644
2/2/2024,0.025492183
2/2/2024,0.025410366
2/2/2024,0.025138318
2/2/2024,0.02486731
2/2/2024,0.025219823
2/2/2024,0.025165476
2/2/2024,0.024786211
2/2/2024,0.024921428
2/2/2024,0.025519477
2/2/2024,0.025738194
2/2/2024,0.025029789
2/2/2024,0.025029789
2/2/2024,0.025519477
2/2/2024,0.026177612
2/2/2024,0.024705206
2/2/2024,0.024516561
2/2/2024,0.02486731
2/2/2024,0.024975588
2/2/2024,0.024543479
2/2/2024,0.024975588
2/2/2024,0.025574094
2/2/2024,0.02486731
2/2/2024,0.024948503
2/2/2024,0.024624295
2/2/2024,0.024570407
2/2/2024,0.024975588
2/2/2024,0.024543479
2/2/2024,0.024651255
2/2/2024,0.025192644
2/2/2024,0.024840266
2/2/2024,0.024921428
2/2/2024,0.025056906
2/2/2024,0.02511117
2/2/2024,0.024543479
2/2/2024,0.024759199
2/2/2024,0.025628752
2/2/2024,0.025029789
2/2/2024,0.025138318
2/2/2024,0.024489653
2/2/2024,0.024355274
2/2/2024,0.024840266
2/2/2024,0.024921428
2/3/2024,0.024516561
2/3/2024,0.02486731
2/3/2024,0.024624295
2/3/2024,0.024732197
2/3/2024,0.024786211
2/3/2024,0.024840266
2/3/2024,0.024543479
2/3/2024,0.025165476
2/3/2024,0.024651255
2/3/2024,0.024516561
2/3/2024,0.024247959
2/3/2024,0.023740515
2/3/2024,0.024247959
2/3/2024,0.024167583
2/3/2024,0.024705206
2/3/2024,0.025084033
2/3/2024,0.024597346
2/3/2024,0.02511117
2/3/2024,0.024705206
2/3/2024,0.024651255
2/3/2024,0.025138318
2/3/2024,0.024813233
2/3/2024,0.024033834
2/3/2024,0.024408994
2/3/2024,0.024007116
2/3/2024,0.023793751
2/3/2024,0.024328429
2/3/2024,0.024462756
2/3/2024,0.024408994
2/3/2024,0.024114052
2/3/2024,0.024570407
2/3/2024,0.024382128
2/3/2024,0.023448477
2/3/2024,0.024060563
2/3/2024,0.023980409
2/3/2024,0.023713913
2/3/2024,0.024033834
2/3/2024,0.024678225
2/3/2024,0.024247959
2/3/2024,0.024462756
2/3/2024,0.023767128
2/3/2024,0.024060563
2/3/2024,0.023687322
2/3/2024,0.024678225
2/3/2024,0.024355274
2/3/2024,0.023847029
2/3/2024,0.023900349
2/3/2024,0.023900349
2/3/2024,0.023527996
2/3/2024,0.024114052
2/3/2024,0.024221156
2/3/2024,0.023634171
2/3/2024,0.023713913
2/3/2024,0.023448477
2/3/2024,0.023687322
2/3/2024,0.023395517
2/3/2024,0.023554524
2/3/2024,0.023740515
2/3/2024,0.023713913
2/3/2024,0.024274772
2/3/2024,0.023474973
2/3/2024,0.023131355
2/3/2024,0.023236892
2/3/2024,0.023316157
2/3/2024,0.023289724
2/3/2024,0.023369053
2/3/2024,0.022947076
2/3/2024,0.023236892
2/3/2024,0.023474973
2/3/2024,0.023527996
2/3/2024,0.023421992
2/3/2024,0.023131355
2/3/2024,0.023369053
2/3/2024,0.023687322
2/3/2024,0.023157723
2/3/2024,0.022973369
2/3/2024,0.022973369
2/3/2024,0.023820385
2/3/2024,0.022606233
2/3/2024,0.023316157
2/3/2024,0.023131355
2/3/2024,0.023421992
2/3/2024,0.02307865
2/3/2024,0.023421992
2/3/2024,0.023052314
2/3/2024,0.022815768
2/3/2024,0.022947076
2/3/2024,0.022789539
2/3/2024,0.023421992
2/3/2024,0.023104997
2/3/2024,0.023421992
2/3/2024,0.023501479
2/3/2024,0.023025988
2/3/2024,0.022947076
2/3/2024,0.022920793
2/3/2024,0.022999674
2/4/2024,0.02307865
2/4/2024,0.022999674
2/4/2024,0.023236892
2/4/2024,0.023236892
2/4/2024,0.022973369
2/4/2024,0.023236892
2/4/2024,0.023767128
2/4/2024,0.023554524
2/4/2024,0.023581063
2/4/2024,0.024033834
2/4/2024,0.023581063
2/4/2024,0.023527996
2/4/2024,0.023554524
2/4/2024,0.023554524
2/4/2024,0.024140812
2/4/2024,0.023581063
2/4/2024,0.023767128
2/4/2024,0.023660741
2/4/2024,0.023740515
2/4/2024,0.024114052
2/4/2024,0.023900349
2/4/2024,0.024328429
2/4/2024,0.024033834
2/4/2024,0.024570407
2/4/2024,0.023607612
2/4/2024,0.024570407
2/4/2024,0.024140812
2/4/2024,0.024033834
2/4/2024,0.024114052
2/4/2024,0.024462756
2/4/2024,0.024194365
2/4/2024,0.024543479
2/4/2024,0.024489653
2/4/2024,0.024301595
2/4/2024,0.024274772
2/4/2024,0.023740515
2/4/2024,0.024597346
2/4/2024,0.024328429
2/4/2024,0.023953712
2/4/2024,0.024087302
2/4/2024,0.025002683
2/4/2024,0.024489653
2/4/2024,0.024489653
2/4/2024,0.024007116
2/4/2024,0.024194365
2/4/2024,0.024786211
2/4/2024,0.024840266
2/4/2024,0.024597346
2/4/2024,0.024221156
2/4/2024,0.024516561
2/4/2024,0.023767128
2/4/2024,0.024087302
2/4/2024,0.024328429
2/4/2024,0.023980409
2/4/2024,0.024355274
2/4/2024,0.023980409
2/4/2024,0.024355274
2/4/2024,0.024813233
2/4/2024,0.024033834
2/4/2024,0.024167583
2/4/2024,0.023793751
2/4/2024,0.023847029
2/4/2024,0.024840266
2/4/2024,0.024140812
2/4/2024,0.023900349
2/4/2024,0.024221156
2/4/2024,0.023369053
2/4/2024,0.024328429
2/4/2024,0.023767128
2/4/2024,0.024274772
2/4/2024,0.023873684
2/4/2024,0.024167583
2/4/2024,0.023980409
2/4/2024,0.024140812
2/4/2024,0.024382128
2/4/2024,0.024516561
2/4/2024,0.024007116
2/4/2024,0.023448477
2/4/2024,0.023740515
2/4/2024,0.024328429
2/4/2024,0.023740515
2/4/2024,0.024167583
2/4/2024,0.023847029
2/4/2024,0.023793751
2/4/2024,0.023660741
2/4/2024,0.024140812
2/4/2024,0.023980409
2/4/2024,0.024007116
2/4/2024,0.023581063
2/4/2024,0.023554524
2/4/2024,0.023767128
2/4/2024,0.023527996
2/4/2024,0.023900349
2/4/2024,0.023953712
2/4/2024,0.023660741
2/4/2024,0.024274772
2/5/2024,0.024060563
2/5/2024,0.023767128
2/5/2024,0.024247959
2/5/2024,0.023052314
2/5/2024,0.024140812
2/5/2024,0.024087302
2/5/2024,0.023634171
2/5/2024,0.023873684
2/5/2024,0.023421992
2/5/2024,0.024007116
2/5/2024,0.023660741
2/5/2024,0.024007116
2/5/2024,0.023847029
2/5/2024,0.022947076
2/5/2024,0.023263303
2/5/2024,0.023740515
2/5/2024,0.023873684
2/5/2024,0.023501479
2/5/2024,0.023953712
2/5/2024,0.023767128
2/5/2024,0.023873684
2/5/2024,0.023740515
2/5/2024,0.023820385
2/5/2024,0.023527996
2/5/2024,0.024087302
2/5/2024,0.023369053
2/5/2024,0.023342599
2/5/2024,0.023157723
2/5/2024,0.023713913
2/5/2024,0.023052314
2/5/2024,0.022973369
2/5/2024,0.023184102
2/5/2024,0.023421992
2/5/2024,0.022973369
2/5/2024,0.023607612
2/5/2024,0.023421992
2/5/2024,0.022999674
2/5/2024,0.023607612
2/5/2024,0.023501479
2/5/2024,0.023131355
2/5/2024,0.024087302
2/5/2024,0.023554524
2/5/2024,0.023793751
2/5/2024,0.023740515
2/5/2024,0.023395517
2/5/2024,0.023713913
2/5/2024,0.023289724
2/5/2024,0.023554524
2/5/2024,0.023104997
2/5/2024,0.022947076
2/5/2024,0.023793751
2/5/2024,0.023873684
2/5/2024,0.022710915
2/5/2024,0.023980409
2/5/2024,0.023395517
2/5/2024,0.023448477
2/5/2024,0.023395517
2/5/2024,0.023236892
2/5/2024,0.023157723
2/5/2024,0.022999674
2/5/2024,0.02307865
2/5/2024,0.023581063
2/5/2024,0.023210492
2/5/2024,0.023501479
2/5/2024,0.02276332
2/5/2024,0.023395517
2/5/2024,0.022842008
2/5/2024,0.023210492
2/5/2024,0.023660741
2/5/2024,0.02276332
2/5/2024,0.022632387
2/5/2024,0.022947076
2/5/2024,0.022580089
2/5/2024,0.023767128
2/5/2024,0.023316157
2/5/2024,0.023395517
2/5/2024,0.023289724
2/5/2024,0.02307865
2/5/2024,0.022397385
2/5/2024,0.023052314
2/5/2024,0.022868259
2/5/2024,0.022894521
2/5/2024,0.02276332
2/5/2024,0.022999674
2/5/2024,0.022920793
2/5/2024,0.022947076
2/5/2024,0.023395517
2/5/2024,0.022947076
2/5/2024,0.02276332
2/5/2024,0.022658553
2/5/2024,0.022973369
2/5/2024,0.02307865
2/5/2024,0.022789539
2/5/2024,0.022999674
2/5/2024,0.023104997
2/5/2024,0.023421992
2/6/2024,0.022973369
2/6/2024,0.023025988
2/6/2024,0.022920793
2/6/2024,0.023184102
2/6/2024,0.022789539
2/6/2024,0.023369053
2/6/2024,0.023184102
2/6/2024,0.022973369
2/6/2024,0.022842008
2/6/2024,0.022999674
2/6/2024,0.022710915
2/6/2024,0.023157723
2/6/2024,0.023025988
2/6/2024,0.023052314
2/6/2024,0.022684728
2/6/2024,0.022475622
2/6/2024,0.02307865
2/6/2024,0.022527834
2/6/2024,0.022710915
2/6/2024,0.023184102
2/6/2024,0.02276332
2/6/2024,0.022215208
2/6/2024,0.023104997
2/6/2024,0.022658553
2/6/2024,0.022894521
2/6/2024,0.022973369
2/6/2024,0.022606233
2/6/2024,0.022789539
2/6/2024,0.022789539
2/6/2024,0.022868259
2/6/2024,0.022684728
2/6/2024,0.022999674
2/6/2024,0.022658553
2/6/2024,0.022606233
2/6/2024,0.022449532
2/6/2024,0.023236892
2/6/2024,0.022789539
2/6/2024,0.022580089
2/6/2024,0.022527834
2/6/2024,0.022658553
2/6/2024,0.022789539
2/6/2024,0.022632387
2/6/2024,0.022999674
2/6/2024,0.02307865
2/6/2024,0.022632387
2/6/2024,0.022710915
2/6/2024,0.02234528
2/6/2024,0.022423453
2/6/2024,0.022267204
2/6/2024,0.022267204
2/6/2024,0.02234528
2/6/2024,0.022293219
2/6/2024,0.022527834
2/6/2024,0.022371327
2/6/2024,0.022397385
2/6/2024,0.022710915
2/6/2024,0.022397385
2/6/2024,0.022868259
2/6/2024,0.023131355
2/6/2024,0.022423453
2/6/2024,0.02185244
2/6/2024,0.022085405
2/6/2024,0.022580089
2/6/2024,0.022371327
2/6/2024,0.021981757
2/6/2024,0.022947076
2/6/2024,0.022710915
2/6/2024,0.022397385
2/6/2024,0.022842008
2/6/2024,0.022423453
2/6/2024,0.022059476
2/6/2024,0.022319244
2/6/2024,0.021826609
2/6/2024,0.022085405
2/6/2024,0.022553957
2/6/2024,0.022085405
2/6/2024,0.022163254
2/6/2024,0.022475622
2/6/2024,0.02234528
2/6/2024,0.022501723
2/6/2024,0.022580089
2/6/2024,0.022397385
2/6/2024,0.021878282
2/6/2024,0.022423453
2/6/2024,0.022267204
2/6/2024,0.022527834
2/6/2024,0.022319244
2/6/2024,0.022527834
2/6/2024,0.022397385
2/6/2024,0.022658553
2/6/2024,0.022606233
2/6/2024,0.022163254
2/6/2024,0.022163254
2/6/2024,0.022085405
2/6/2024,0.02185244
2/6/2024,0.022737112
2/7/2024,0.022137293
2/7/2024,0.02185244
2/7/2024,0.022189225
2/7/2024,0.022111344
2/7/2024,0.021955872
2/7/2024,0.021389148
2/7/2024,0.021800789
2/7/2024,0.021929997
2/7/2024,0.022033559
2/7/2024,0.022293219
2/7/2024,0.021826609
2/7/2024,0.021826609
2/7/2024,0.022215208
2/7/2024,0.022163254
2/7/2024,0.021955872
2/7/2024,0.021184373
2/7/2024,0.021929997
2/7/2024,0.02177498
2/7/2024,0.022371327
2/7/2024,0.021800789
2/7/2024,0.022137293
2/7/2024,0.022397385
2/7/2024,0.021491797
2/7/2024,0.021671852
2/7/2024,0.021981757
2/7/2024,0.022007652
2/7/2024,0.021929997
2/7/2024,0.021800789
2/7/2024,0.021723394
2/7/2024,0.021749182
2/7/2024,0.021491797
2/7/2024,0.021184373
2/7/2024,0.02159462
2/7/2024,0.021620353
2/7/2024,0.021697618
2/7/2024,0.021878282
2/7/2024,0.021800789
2/7/2024,0.021466118
2/7/2024,0.021646097
2/7/2024,0.02144045
2/7/2024,0.021491797
2/7/2024,0.021261081
2/7/2024,0.021646097
2/7/2024,0.021749182
2/7/2024,0.021184373
2/7/2024,0.021286673
2/7/2024,0.021723394
2/7/2024,0.021800789
2/7/2024,0.021286673
2/7/2024,0.021466118
2/7/2024,0.021620353
2/7/2024,0.021466118
2/7/2024,0.022111344
2/7/2024,0.021929997
2/7/2024,0.021568898
2/7/2024,0.020980298
2/7/2024,0.021620353
2/7/2024,0.020853108
2/7/2024,0.02144045
2/7/2024,0.021466118
2/7/2024,0.021363513
2/7/2024,0.021312275
2/7/2024,0.021414794
2/7/2024,0.021082248
2/7/2024,0.021184373
2/7/2024,0.021235501
2/7/2024,0.021389148
2/7/2024,0.020903951
2/7/2024,0.020980298
2/7/2024,0.02144045
2/7/2024,0.021337888
2/7/2024,0.021312275
2/7/2024,0.021261081
2/7/2024,0.021466118
2/7/2024,0.021158825
2/7/2024,0.021826609
2/7/2024,0.020980298
2/7/2024,0.021261081
2/7/2024,0.021056744
2/7/2024,0.021056744
2/7/2024,0.020827703
2/7/2024,0.021414794
2/7/2024,0.020574256
2/7/2024,0.020802308
2/7/2024,0.020929389
2/7/2024,0.021056744
2/7/2024,0.020776925
2/7/2024,0.020853108
2/7/2024,0.021005769
2/7/2024,0.021286673
2/7/2024,0.020827703
2/7/2024,0.020624858
2/7/2024,0.020929389
2/7/2024,0.020675503
2/7/2024,0.020422718
2/7/2024,0.020929389
2/7/2024,0.020929389
2/8/2024,0.020171039
2/8/2024,0.020498438
2/8/2024,0.021031251
2/8/2024,0.020548972
2/8/2024,0.020700842
2/8/2024,0.020827703
2/8/2024,0.020827703
2/8/2024,0.020498438
2/8/2024,0.020523699
2/8/2024,0.020700842
2/8/2024,0.020145932
2/8/2024,0.020498438
2/8/2024,0.020221286
2/8/2024,0.020700842
2/8/2024,0.020196157
2/8/2024,0.020221286
2/8/2024,0.020221286
2/8/2024,0.020246426
2/8/2024,0.020700842
2/8/2024,0.020599551
2/8/2024,0.020827703
2/8/2024,0.020675503
2/8/2024,0.020447947
2/8/2024,0.020221286
2/8/2024,0.020171039
2/8/2024,0.019870488
2/8/2024,0.020599551
2/8/2024,0.020120836
2/8/2024,0.020171039
2/8/2024,0.020751553
2/8/2024,0.020523699
2/8/2024,0.020221286
2/8/2024,0.020548972
2/8/2024,0.020070677
2/8/2024,0.020221286
2/8/2024,0.020171039
2/8/2024,0.020271577
2/8/2024,0.020246426
2/8/2024,0.020321913
2/8/2024,0.020196157
2/8/2024,0.020523699
2/8/2024,0.020145932
2/8/2024,0.020726192
2/8/2024,0.020523699
2/8/2024,0.020372294
2/8/2024,0.020372294
2/8/2024,0.020321913
2/8/2024,0.020246426
2/8/2024,0.020473187
2/8/2024,0.020599551
2/8/2024,0.020523699
2/8/2024,0.020548972
2/8/2024,0.020498438
2/8/2024,0.020271577
2/8/2024,0.020447947
2/8/2024,0.020271577
2/8/2024,0.020650175
2/8/2024,0.020145932
2/8/2024,0.020020563
2/8/2024,0.0203975
2/8/2024,0.020246426
2/8/2024,0.020523699
2/8/2024,0.02029674
2/8/2024,0.019920469
2/8/2024,0.02029674
2/8/2024,0.019770661
2/8/2024,0.020020563
2/8/2024,0.019820552
2/8/2024,0.020372294
2/8/2024,0.020271577
2/8/2024,0.019621255
2/8/2024,0.020171039
2/8/2024,0.020196157
2/8/2024,0.020045615
2/8/2024,0.020045615
2/8/2024,0.019695907
2/8/2024,0.019795601
2/8/2024,0.019671012
2/8/2024,0.019920469
2/8/2024,0.019970494
2/8/2024,0.020145932
2/8/2024,0.019820552
2/8/2024,0.020120836
2/8/2024,0.019720814
2/8/2024,0.019224809
2/8/2024,0.019820552
2/8/2024,0.019870488
2/8/2024,0.019845514
2/8/2024,0.019695907
2/8/2024,0.019995523
2/8/2024,0.019646128
2/8/2024,0.019596393
2/8/2024,0.019870488
2/8/2024,0.020246426
2/8/2024,0.019770661
2/8/2024,0.020145932
2/9/2024,0.020045615
2/9/2024,0.020045615
2/9/2024,0.019920469
2/9/2024,0.020020563
2/9/2024,0.0203975
2/9/2024,0.019845514
2/9/2024,0.020196157
2/9/2024,0.019447456
2/9/2024,0.019870488
2/9/2024,0.020045615
2/9/2024,0.019671012
2/9/2024,0.02029674
2/9/2024,0.019521874
2/9/2024,0.019770661
2/9/2024,0.019770661
2/9/2024,0.019770661
2/9/2024,0.020120836
2/9/2024,0.019546702
2/9/2024,0.019820552
2/9/2024,0.019845514
2/9/2024,0.019646128
2/9/2024,0.020145932
2/9/2024,0.020196157
2/9/2024,0.019646128
2/9/2024,0.019695907
2/9/2024,0.019497057
2/9/2024,0.019920469
2/9/2024,0.019447456
2/9/2024,0.019795601
2/9/2024,0.019671012
2/9/2024,0.019671012
2/9/2024,0.019521874
2/9/2024,0.019274208
2/9/2024,0.019795601
2/9/2024,0.019845514
2/9/2024,0.019546702
2/9/2024,0.019820552
2/9/2024,0.019546702
2/9/2024,0.019571542
2/9/2024,0.019472251
2/9/2024,0.020145932
2/9/2024,0.019397901
2/9/2024,0.019497057
2/9/2024,0.018904817
2/9/2024,0.019447456
2/9/2024,0.019472251
2/9/2024,0.019596393
2/9/2024,0.019745732
2/9/2024,0.019646128
2/9/2024,0.019422673
2/9/2024,0.019447456
2/9/2024,0.019920469
2/9/2024,0.019621255
2/9/2024,0.019695907
2/9/2024,0.019671012
2/9/2024,0.019895473
2/9/2024,0.019621255
2/9/2024,0.019497057
2/9/2024,0.019720814
2/9/2024,0.019298924
2/9/2024,0.019995523
2/9/2024,0.019695907
2/9/2024,0.019870488
2/9/2024,0.019745732
2/9/2024,0.019274208
2/9/2024,0.019546702
2/9/2024,0.019571542
2/9/2024,0.019970494
2/9/2024,0.019845514
2/9/2024,0.019447456
2/9/2024,0.019274208
2/9/2024,0.019720814
2/9/2024,0.019596393
2/9/2024,0.019621255
2/9/2024,0.019671012
2/9/2024,0.019770661
2/9/2024,0.019695907
2/9/2024,0.019695907
2/9/2024,0.019646128
2/9/2024,0.019695907
2/9/2024,0.019646128
2/9/2024,0.019820552
2/9/2024,0.019995523
2/9/2024,0.019497057
2/9/2024,0.019895473
2/9/2024,0.020045615
2/9/2024,0.019895473
2/9/2024,0.019720814
2/9/2024,0.019920469
2/9/2024,0.020020563
2/9/2024,0.019845514
2/9/2024,0.019920469
2/9/2024,0.019745732
2/9/2024,0.020095751
2/9/2024,0.019795601
2/9/2024,0.019820552
2/10/2024,0.019671012
2/10/2024,0.019571542
2/10/2024,0.019845514
2/10/2024,0.019422673
2/10/2024,0.019720814
2/10/2024,0.019895473
2/10/2024,0.019447456
2/10/2024,0.019770661
2/10/2024,0.019945475
2/10/2024,0.020347098
2/10/2024,0.020070677
2/10/2024,0.019720814
2/10/2024,0.019970494
2/10/2024,0.019646128
2/10/2024,0.020196157
2/10/2024,0.019845514
2/10/2024,0.019571542
2/10/2024,0.019596393
2/10/2024,0.019720814
2/10/2024,0.019521874
2/10/2024,0.019845514
2/10/2024,0.019521874
2/10/2024,0.019745732
2/10/2024,0.019621255
2/10/2024,0.019596393
2/10/2024,0.019596393
2/10/2024,0.019770661
2/10/2024,0.019621255
2/10/2024,0.019646128
2/10/2024,0.019596393
2/10/2024,0.019422673
2/10/2024,0.019646128
2/10/2024,0.018953922
2/10/2024,0.019745732
2/10/2024,0.019447456
2/10/2024,0.019150796
2/10/2024,0.019571542
2/10/2024,0.019397901
2/10/2024,0.018953922
2/10/2024,0.01934839
2/10/2024,0.019447456
2/10/2024,0.019621255
2/10/2024,0.019027665
2/10/2024,0.01937314
2/10/2024,0.01910151
2/10/2024,0.019249503
2/10/2024,0.01937314
2/10/2024,0.01934839
2/10/2024,0.019249503
2/10/2024,0.019200127
2/10/2024,0.019546702
2/10/2024,0.018929364
2/10/2024,0.019621255
2/10/2024,0.019646128
2/10/2024,0.019646128
2/10/2024,0.020095751
2/10/2024,0.02029674
2/10/2024,0.020498438
2/10/2024,0.020548972
2/10/2024,0.020878524
2/10/2024,0.021158825
2/10/2024,0.020903951
2/10/2024,0.021389148
2/10/2024,0.021158825
2/10/2024,0.021517486
2/10/2024,0.021158825
2/10/2024,0.02177498
2/10/2024,0.021723394
2/10/2024,0.022007652
2/10/2024,0.021749182
2/10/2024,0.021414794
2/10/2024,0.021491797
2/10/2024,0.021929997
2/10/2024,0.022033559
2/10/2024,0.021671852
2/10/2024,0.021955872
2/10/2024,0.022007652
2/10/2024,0.022059476
2/10/2024,0.021826609
2/10/2024,0.021955872
2/10/2024,0.022423453
2/10/2024,0.022267204
2/10/2024,0.021929997
2/10/2024,0.02185244
2/10/2024,0.021697618
2/10/2024,0.022580089
2/10/2024,0.021955872
2/10/2024,0.022606233
2/10/2024,0.022007652
2/10/2024,0.022423453
2/10/2024,0.022789539
2/10/2024,0.022215208
2/10/2024,0.02234528
2/10/2024,0.022007652
2/10/2024,0.023104997
2/10/2024,0.022894521
2/11/2024,0.022527834
2/11/2024,0.022215208
2/11/2024,0.022658553
2/11/2024,0.022973369
2/11/2024,0.022658553
2/11/2024,0.02276332
2/11/2024,0.022920793
2/11/2024,0.023025988
2/11/2024,0.022293219
2/11/2024,0.022371327
2/11/2024,0.022501723
2/11/2024,0.022553957
2/11/2024,0.022973369
2/11/2024,0.02307865
2/11/2024,0.022947076
2/11/2024,0.022684728
2/11/2024,0.022267204
2/11/2024,0.023263303
2/11/2024,0.02276332
2/11/2024,0.022580089
2/11/2024,0.022137293
2/11/2024,0.023184102
2/11/2024,0.022215208
2/11/2024,0.022684728
2/11/2024,0.022737112
2/11/2024,0.022606233
2/11/2024,0.022632387
2/11/2024,0.022789539
2/11/2024,0.022658553
2/11/2024,0.022737112
2/11/2024,0.022737112
2/11/2024,0.022423453
2/11/2024,0.022319244
2/11/2024,0.022920793
2/11/2024,0.022999674
2/11/2024,0.02276332
2/11/2024,0.022815768
2/11/2024,0.021929997
2/11/2024,0.022606233
2/11/2024,0.022710915
2/11/2024,0.022293219
2/11/2024,0.022163254
2/11/2024,0.02234528
2/11/2024,0.021723394
2/11/2024,0.022449532
2/11/2024,0.022553957
2/11/2024,0.022658553
2/11/2024,0.022894521
2/11/2024,0.023025988
2/11/2024,0.02307865
2/11/2024,0.022397385
2/11/2024,0.022789539
2/11/2024,0.022842008
2/11/2024,0.022475622
2/11/2024,0.022710915
2/11/2024,0.022894521
2/11/2024,0.022737112
2/11/2024,0.023263303
2/11/2024,0.022632387
2/11/2024,0.022658553
2/11/2024,0.023052314
2/11/2024,0.022606233
2/11/2024,0.023581063
2/11/2024,0.022215208
2/11/2024,0.022920793
2/11/2024,0.022710915
2/11/2024,0.022973369
2/11/2024,0.023607612
2/11/2024,0.022632387
2/11/2024,0.022920793
2/11/2024,0.022684728
2/11/2024,0.02276332
2/11/2024,0.022947076
2/11/2024,0.022947076
2/11/2024,0.023316157
2/11/2024,0.022580089
2/11/2024,0.022423453
2/11/2024,0.023052314
2/11/2024,0.022527834
2/11/2024,0.022737112
2/11/2024,0.022815768
2/11/2024,0.02276332
2/11/2024,0.022632387
2/11/2024,0.022527834
2/11/2024,0.02276332
2/11/2024,0.02276332
2/11/2024,0.022973369
2/11/2024,0.022475622
2/11/2024,0.022973369
2/11/2024,0.022737112
2/11/2024,0.022999674
2/11/2024,0.022606233
2/11/2024,0.022527834
2/11/2024,0.022397385
2/11/2024,0.022449532
2/11/2024,0.022501723
2/12/2024,0.022710915
2/12/2024,0.022920793
2/12/2024,0.022033559
2/12/2024,0.022973369
2/12/2024,0.022501723
2/12/2024,0.022920793
2/12/2024,0.022371327
2/12/2024,0.022684728
2/12/2024,0.022632387
2/12/2024,0.022710915
2/12/2024,0.022475622
2/12/2024,0.02307865
2/12/2024,0.022267204
2/12/2024,0.022189225
2/12/2024,0.022999674
2/12/2024,0.02276332
2/12/2024,0.022973369
2/12/2024,0.02307865
2/12/2024,0.022684728
2/12/2024,0.02276332
2/12/2024,0.022475622
2/12/2024,0.022606233
2/12/2024,0.022553957
2/12/2024,0.022842008
2/12/2024,0.022501723
2/12/2024,0.022397385
2/12/2024,0.022632387
2/12/2024,0.022501723
2/12/2024,0.022658553
2/12/2024,0.022658553
2/12/2024,0.022475622
2/12/2024,0.022449532
2/12/2024,0.02276332
2/12/2024,0.022267204
2/12/2024,0.022423453
2/12/2024,0.022737112
2/12/2024,0.022737112
2/12/2024,0.022527834
2/12/2024,0.022710915
2/12/2024,0.022999674
2/12/2024,0.02234528
2/12/2024,0.022789539
2/12/2024,0.022501723
2/12/2024,0.022632387
2/12/2024,0.023104997
2/12/2024,0.022815768
2/12/2024,0.023052314
2/12/2024,0.023316157
2/12/2024,0.022894521
2/12/2024,0.022789539
2/12/2024,0.024114052
2/12/2024,0.023847029
2/12/2024,0.023687322
2/12/2024,0.023474973
2/12/2024,0.023369053
2/12/2024,0.024840266
2/12/2024,0.024651255
2/12/2024,0.024167583
2/12/2024,0.024462756
2/12/2024,0.024597346
2/12/2024,0.024624295
2/12/2024,0.02486731
2/12/2024,0.02554678
2/12/2024,0.024948503
2/12/2024,0.024948503
2/12/2024,0.025219823
2/12/2024,0.025138318
2/12/2024,0.024355274
2/12/2024,0.025084033
2/12/2024,0.02443587
2/12/2024,0.025029789
2/12/2024,0.024948503
2/12/2024,0.02511117
2/12/2024,0.025683453
2/12/2024,0.025656097
2/12/2024,0.026150071
2/12/2024,0.025738194
2/12/2024,0.025601418
2/12/2024,0.025820384
2/12/2024,0.025902666
2/12/2024,0.026370686
2/12/2024,0.025710818
2/12/2024,0.025875228
2/12/2024,0.025628752
2/12/2024,0.025875228
2/12/2024,0.025084033
2/12/2024,0.026370686
2/12/2024,0.025985042
2/12/2024,0.025710818
2/12/2024,0.02606751
2/12/2024,0.025355874
2/12/2024,0.02609502
2/12/2024,0.025656097
2/12/2024,0.026012521
2/12/2024,0.026619663
2/12/2024,0.025875228
2/13/2024,0.025656097
2/13/2024,0.02612254
2/13/2024,0.025656097
2/13/2024,0.025247013
2/13/2024,0.025930114
2/13/2024,0.02604001
2/13/2024,0.025328643
2/13/2024,0.02606751
2/13/2024,0.026536578
2/13/2024,0.026287878
2/13/2024,0.025957573
2/13/2024,0.026591957
2/13/2024,0.025820384
2/13/2024,0.02606751
2/13/2024,0.025792977
2/13/2024,0.026012521
2/13/2024,0.026980759
2/13/2024,0.026453586
2/13/2024,0.026425942
2/13/2024,0.025957573
2/13/2024,0.025847801
2/13/2024,0.026287878
2/13/2024,0.026150071
2/13/2024,0.02606751
2/13/2024,0.025383115
2/13/2024,0.025957573
2/13/2024,0.025847801
2/13/2024,0.026177612
2/13/2024,0.02609502
2/13/2024,0.02609502
2/13/2024,0.025820384
2/13/2024,0.025437628
2/13/2024,0.025628752
2/13/2024,0.025847801
2/13/2024,0.026786108
2/13/2024,0.02606751
2/13/2024,0.026508904
2/13/2024,0.025492183
2/13/2024,0.026205163
2/13/2024,0.026232724
2/13/2024,0.026619663
2/13/2024,0.025656097
2/13/2024,0.025683453
2/13/2024,0.02609502
2/13/2024,0.02631547
2/13/2024,0.025985042
2/13/2024,0.025464901
2/13/2024,0.02612254
2/13/2024,0.025875228
2/13/2024,0.02604001
2/13/2024,0.026425942
2/13/2024,0.025738194
2/13/2024,0.026343073
2/13/2024,0.025820384
2/13/2024,0.026370686
2/13/2024,0.02609502
2/13/2024,0.026150071
2/13/2024,0.025792977
2/13/2024,0.025957573
2/13/2024,0.024624295
2/13/2024,0.025574094
2/13/2024,0.026260296
2/13/2024,0.025875228
2/13/2024,0.025628752
2/13/2024,0.02631547
2/13/2024,0.025628752
2/13/2024,0.025601418
2/13/2024,0.025683453
2/13/2024,0.025710818
2/13/2024,0.025383115
2/13/2024,0.026150071
2/13/2024,0.026205163
2/13/2024,0.025875228
2/13/2024,0.026232724
2/13/2024,0.026177612
2/13/2024,0.02612254
2/13/2024,0.025437628
2/13/2024,0.026012521
2/13/2024,0.02604001
2/13/2024,0.026260296
2/13/2024,0.026012521
2/13/2024,0.025875228
2/13/2024,0.02648124
2/13/2024,0.026205163
2/13/2024,0.025902666
2/13/2024,0.024975588
2/13/2024,0.025628752
2/13/2024,0.02554678
2/13/2024,0.025847801
2/13/2024,0.026205163
2/13/2024,0.025738194
2/13/2024,0.025464901
2/13/2024,0.025492183
2/13/2024,0.025628752
2/13/2024,0.025985042
2/13/2024,0.025247013
2/14/2024,0.025056906
2/14/2024,0.025820384
2/14/2024,0.025410366
2/14/2024,0.025247013
2/14/2024,0.025383115
2/14/2024,0.025138318
2/14/2024,0.025738194
2/14/2024,0.025084033
2/14/2024,0.025656097
2/14/2024,0.024705206
2/14/2024,0.025192644
2/14/2024,0.025464901
2/14/2024,0.025328643
2/14/2024,0.025410366
2/14/2024,0.025410366
2/14/2024,0.025247013
2/14/2024,0.025084033
2/14/2024,0.02511117
2/14/2024,0.02554678
2/14/2024,0.025165476
2/14/2024,0.025084033
2/14/2024,0.024651255
2/14/2024,0.024948503
2/14/2024,0.025002683
2/14/2024,0.024624295
2/14/2024,0.024732197
2/14/2024,0.024759199
2/14/2024,0.024543479
2/14/2024,0.024678225
2/14/2024,0.024516561
2/14/2024,0.024732197
2/16/2024,0.021389148
2/16/2024,0.02144045
2/16/2024,0.022527834
2/16/2024,0.022241201
2/16/2024,0.022293219
2/16/2024,0.02234528
2/16/2024,0.022397385
2/16/2024,0.022163254
2/16/2024,0.022163254
2/16/2024,0.022241201
2/16/2024,0.022319244
2/16/2024,0.022710915
2/16/2024,0.022553957
2/16/2024,0.021723394
2/16/2024,0.02234528
2/16/2024,0.022267204
2/16/2024,0.022241201
2/16/2024,0.021878282
2/16/2024,0.02234528
2/16/2024,0.022319244
2/16/2024,0.022137293
2/16/2024,0.022241201
2/16/2024,0.022501723
2/16/2024,0.022920793
2/16/2024,0.023607612
2/16/2024,0.023210492
2/16/2024,0.024087302
2/16/2024,0.024462756
2/16/2024,0.024140812
2/16/2024,0.025247013
2/16/2024,0.025056906
2/16/2024,0.024705206
2/16/2024,0.024894364
2/16/2024,0.025792977
2/16/2024,0.025574094
2/16/2024,0.024786211
2/16/2024,0.025628752
2/16/2024,0.024975588
2/16/2024,0.025383115
2/16/2024,0.024597346
2/16/2024,0.02554678
2/16/2024,0.024678225
2/16/2024,0.025847801
2/16/2024,0.025656097
2/16/2024,0.025165476
2/16/2024,0.025029789
2/16/2024,0.025301422
2/16/2024,0.025274212
2/16/2024,0.024516561
2/16/2024,0.025056906
2/16/2024,0.024894364
2/16/2024,0.025056906
2/16/2024,0.025410366
2/16/2024,0.025656097
2/16/2024,0.025084033
2/16/2024,0.025301422
2/16/2024,0.024597346
2/16/2024,0.025301422
2/16/2024,0.024840266
2/16/2024,0.024462756
2/17/2024,0.024516561
2/17/2024,0.024948503
2/17/2024,0.025247013
2/17/2024,0.025247013
2/17/2024,0.024921428
2/17/2024,0.025301422
2/17/2024,0.024921428
2/17/2024,0.024678225
2/17/2024,0.025464901
2/17/2024,0.024114052
2/17/2024,0.024597346
2/17/2024,0.024948503
2/17/2024,0.024678225
2/17/2024,0.024462756
2/17/2024,0.024786211
2/17/2024,0.024543479
2/17/2024,0.024678225
2/17/2024,0.025029789
2/17/2024,0.024678225
2/17/2024,0.024624295
2/17/2024,0.024516561
2/17/2024,0.025328643
2/17/2024,0.024382128
2/17/2024,0.025437628
2/17/2024,0.024543479
2/17/2024,0.024975588
2/17/2024,0.024786211
2/17/2024,0.02443587
2/17/2024,0.024597346
2/17/2024,0.023873684
2/17/2024,0.024247959
2/17/2024,0.024462756
2/17/2024,0.024382128
2/17/2024,0.024786211
2/17/2024,0.024678225
2/17/2024,0.024678225
2/17/2024,0.02486731
2/17/2024,0.023980409
2/17/2024,0.024408994
2/17/2024,0.024167583
2/17/2024,0.024140812
2/17/2024,0.024060563
2/17/2024,0.024516561
2/17/2024,0.023501479
2/17/2024,0.024624295
2/17/2024,0.023820385
2/17/2024,0.024301595
2/17/2024,0.023847029
2/17/2024,0.024382128
2/17/2024,0.023980409
2/17/2024,0.024462756
2/17/2024,0.024114052
2/17/2024,0.024033834
2/17/2024,0.023634171
2/17/2024,0.023687322
2/17/2024,0.023820385
2/17/2024,0.024060563
2/17/2024,0.023634171
2/17/2024,0.024140812
2/17/2024,0.024140812
2/17/2024,0.023900349
2/17/2024,0.024247959
2/17/2024,0.023927025
2/17/2024,0.023793751
2/17/2024,0.024087302
2/17/2024,0.023369053
2/17/2024,0.024167583
2/17/2024,0.023554524
2/17/2024,0.023687322
2/17/2024,0.024274772
2/17/2024,0.023660741
2/17/2024,0.024007116
2/17/2024,0.023607612
2/17/2024,0.024167583
2/17/2024,0.023687322
2/17/2024,0.023927025
2/17/2024,0.023767128
2/17/2024,0.024328429
2/17/2024,0.023527996
2/17/2024,0.023713913
2/17/2024,0.023713913
2/17/2024,0.023342599
2/17/2024,0.024301595
2/17/2024,0.023847029
2/17/2024,0.022868259
2/17/2024,0.023847029
2/17/2024,0.023263303
2/17/2024,0.023448477
2/17/2024,0.023236892
2/17/2024,0.023527996
2/17/2024,0.023634171
2/17/2024,0.023369053
2/17/2024,0.023820385
2/17/2024,0.023820385
2/17/2024,0.023448477
2/17/2024,0.023740515
2/18/2024,0.023104997
2/18/2024,0.023527996
2/18/2024,0.023873684
2/18/2024,0.023421992
2/18/2024,0.023873684
2/18/2024,0.023316157
2/18/2024,0.024140812
2/18/2024,0.023236892
2/18/2024,0.023289724
2/18/2024,0.023634171
2/18/2024,0.023395517
2/18/2024,0.023289724
2/18/2024,0.023448477
2/18/2024,0.023873684
2/18/2024,0.02307865
2/18/2024,0.023342599
2/18/2024,0.023395517
2/18/2024,0.023554524
2/18/2024,0.023448477
2/18/2024,0.023421992
2/18/2024,0.023316157
2/18/2024,0.023052314
2/18/2024,0.023236892
2/18/2024,0.022894521
2/18/2024,0.022737112
2/18/2024,0.022658553
2/18/2024,0.023025988
2/18/2024,0.023052314
2/18/2024,0.023052314
2/18/2024,0.022789539
2/18/2024,0.023157723
2/18/2024,0.023104997
2/18/2024,0.023421992
2/18/2024,0.02276332
2/18/2024,0.022947076
2/18/2024,0.022580089
2/18/2024,0.022684728
2/18/2024,0.022684728
2/18/2024,0.022947076
2/18/2024,0.022475622
2/18/2024,0.022580089
2/18/2024,0.022371327
2/18/2024,0.022947076
2/18/2024,0.022658553
2/18/2024,0.022475622
2/18/2024,0.022475622
2/18/2024,0.022789539
2/18/2024,0.022553957
2/18/2024,0.022789539
2/18/2024,0.022947076
2/18/2024,0.023184102
2/18/2024,0.022527834
2/18/2024,0.023157723
2/18/2024,0.02307865
2/18/2024,0.022842008
2/18/2024,0.022842008
2/18/2024,0.023184102
2/18/2024,0.023025988
2/18/2024,0.023104997
2/18/2024,0.023581063
2/18/2024,0.023369053
2/18/2024,0.023980409
2/18/2024,0.024247959
2/18/2024,0.023900349
2/18/2024,0.024948503
2/18/2024,0.024975588
2/18/2024,0.024948503
2/18/2024,0.024894364
2/18/2024,0.025002683
2/18/2024,0.02486731
2/18/2024,0.024597346
2/18/2024,0.024624295
2/18/2024,0.024705206
2/18/2024,0.025219823
2/18/2024,0.024651255
2/18/2024,0.025492183
2/18/2024,0.024516561
2/18/2024,0.024921428
2/18/2024,0.025138318
2/18/2024,0.024759199
2/18/2024,0.024651255
2/18/2024,0.024408994
2/18/2024,0.024597346
2/18/2024,0.024247959
2/18/2024,0.024624295
2/18/2024,0.024678225
2/18/2024,0.024543479
2/18/2024,0.024355274
2/18/2024,0.024247959
2/18/2024,0.023820385
2/18/2024,0.024033834
2/18/2024,0.02443587
2/18/2024,0.024382128
2/18/2024,0.023740515
2/18/2024,0.024140812
2/18/2024,0.023900349
2/19/2024,0.023873684
2/19/2024,0.024114052
2/19/2024,0.023953712
2/19/2024,0.024221156
2/19/2024,0.024274772
2/19/2024,0.023660741
2/19/2024,0.023847029
2/19/2024,0.023131355
2/19/2024,0.024194365
2/19/2024,0.024221156
2/19/2024,0.024247959
2/19/2024,0.024140812
2/19/2024,0.024355274
2/19/2024,0.024921428
2/19/2024,0.024007116
2/19/2024,0.024140812
2/19/2024,0.023900349
2/19/2024,0.023953712
2/19/2024,0.023847029
2/19/2024,0.024007116
2/19/2024,0.024462756
2/19/2024,0.023713913
2/19/2024,0.023767128
2/19/2024,0.024167583
2/19/2024,0.023767128
2/19/2024,0.02443587
2/19/2024,0.024033834
2/19/2024,0.024007116
2/19/2024,0.024462756
2/19/2024,0.023740515
2/19/2024,0.024087302
2/19/2024,0.023687322
2/19/2024,0.024194365
2/19/2024,0.024274772
2/19/2024,0.024840266
2/19/2024,0.023847029
2/19/2024,0.024355274
2/19/2024,0.024167583
2/19/2024,0.024813233
2/19/2024,0.024301595
2/19/2024,0.024328429
2/19/2024,0.024462756
2/19/2024,0.024462756
2/19/2024,0.024060563
2/19/2024,0.024301595
2/19/2024,0.024007116
2/19/2024,0.023474973
2/19/2024,0.024007116
2/19/2024,0.023980409
2/19/2024,0.023740515
2/19/2024,0.023052314
2/19/2024,0.023793751
2/19/2024,0.023820385
2/19/2024,0.023342599
2/19/2024,0.023395517
2/19/2024,0.024140812
2/19/2024,0.023448477
2/19/2024,0.023740515
2/19/2024,0.023210492
2/19/2024,0.023607612
2/19/2024,0.023395517
2/19/2024,0.023527996
2/19/2024,0.023263303
2/19/2024,0.023448477
2/19/2024,0.023316157
2/19/2024,0.023395517
2/19/2024,0.023342599
2/19/2024,0.023289724
2/19/2024,0.023554524
2/19/2024,0.023793751
2/19/2024,0.023713913
2/19/2024,0.023448477
2/19/2024,0.023052314
2/19/2024,0.023395517
2/19/2024,0.023342599
2/19/2024,0.022920793
2/19/2024,0.023474973
2/19/2024,0.023342599
2/19/2024,0.023263303
2/19/2024,0.023104997
2/19/2024,0.023554524
2/19/2024,0.023184102
2/19/2024,0.023184102
2/19/2024,0.023448477
2/19/2024,0.023157723
2/19/2024,0.023527996
2/19/2024,0.023025988
2/19/2024,0.023052314
2/19/2024,0.023131355
2/19/2024,0.023581063
2/19/2024,0.02307865
2/19/2024,0.023184102
2/19/2024,0.023263303
2/19/2024,0.022868259
2/19/2024,0.023025988
2/19/2024,0.023289724
2/20/2024,0.023316157
2/20/2024,0.023289724
2/20/2024,0.023369053
2/20/2024,0.023210492
2/20/2024,0.023713913
2/20/2024,0.022947076
2/20/2024,0.023184102
2/20/2024,0.02307865
2/20/2024,0.023448477
2/20/2024,0.023316157
2/20/2024,0.023157723
2/20/2024,0.023131355
2/20/2024,0.023342599
2/20/2024,0.023052314
2/20/2024,0.023369053
2/20/2024,0.022947076
2/20/2024,0.023052314
2/20/2024,0.023210492
2/20/2024,0.022632387
2/20/2024,0.022423453
2/20/2024,0.023184102
2/20/2024,0.023289724
2/20/2024,0.022842008
2/20/2024,0.022449532
2/20/2024,0.023236892
2/20/2024,0.022606233
2/20/2024,0.023210492
2/20/2024,0.022868259
2/20/2024,0.022684728
2/20/2024,0.022580089
2/20/2024,0.022632387
2/20/2024,0.022632387
2/20/2024,0.022973369
2/20/2024,0.022920793
2/20/2024,0.022999674
2/20/2024,0.022580089
2/20/2024,0.022815768
2/20/2024,0.022632387
2/20/2024,0.022999674
2/20/2024,0.022920793
2/20/2024,0.02307865
2/20/2024,0.022894521
2/20/2024,0.023289724
2/20/2024,0.023316157
2/20/2024,0.023052314
2/20/2024,0.022842008
2/20/2024,0.022999674
2/20/2024,0.023104997
2/20/2024,0.023316157
2/20/2024,0.023131355
2/20/2024,0.023236892
2/20/2024,0.023793751
2/20/2024,0.023793751
2/20/2024,0.024167583
2/20/2024,0.023820385
2/20/2024,0.024759199
2/20/2024,0.024247959
2/20/2024,0.024651255
2/20/2024,0.024894364
2/20/2024,0.024759199
2/20/2024,0.024597346
2/20/2024,0.024624295
2/20/2024,0.024570407
2/20/2024,0.024489653
2/20/2024,0.024301595
2/20/2024,0.024678225
2/20/2024,0.02443587
2/20/2024,0.024274772
2/20/2024,0.024813233
2/20/2024,0.024328429
2/20/2024,0.024759199
2/20/2024,0.024813233
2/20/2024,0.024570407
2/20/2024,0.024894364
2/20/2024,0.023847029
2/20/2024,0.02443587
2/20/2024,0.024007116
2/20/2024,0.024489653
2/20/2024,0.024705206
2/20/2024,0.023980409
2/20/2024,0.024813233
2/20/2024,0.02486731
2/20/2024,0.024786211
2/20/2024,0.024948503
2/20/2024,0.024194365
2/20/2024,0.024570407
2/20/2024,0.024732197
2/20/2024,0.023900349
2/20/2024,0.024114052
2/20/2024,0.024678225
2/20/2024,0.02443587
2/20/2024,0.023900349
2/20/2024,0.02443587
2/20/2024,0.024274772
2/20/2024,0.024194365
2/20/2024,0.024328429
2/21/2024,0.025029789
2/21/2024,0.024274772
2/21/2024,0.024975588
2/21/2024,0.024328429
2/21/2024,0.023740515
2/21/2024,0.02443587
2/21/2024,0.024462756
2/21/2024,0.024194365
2/21/2024,0.024894364
2/21/2024,0.024516561
2/21/2024,0.024516561
2/21/2024,0.025084033
2/21/2024,0.024732197
2/21/2024,0.024462756
2/21/2024,0.024516561
2/21/2024,0.02486731
2/21/2024,0.024570407
2/21/2024,0.024462756
2/21/2024,0.024786211
2/21/2024,0.024732197
2/21/2024,0.024516561
2/21/2024,0.024786211
2/21/2024,0.025192644
2/21/2024,0.024462756
2/21/2024,0.024408994
2/21/2024,0.024516561
2/21/2024,0.024516561
2/21/2024,0.024355274
2/21/2024,0.024221156
2/21/2024,0.024408994
2/21/2024,0.024301595
2/21/2024,0.024114052
2/21/2024,0.024247959
2/21/2024,0.024786211
2/21/2024,0.023847029
2/21/2024,0.024543479
2/21/2024,0.024328429
2/21/2024,0.024007116
2/21/2024,0.023847029
2/21/2024,0.023847029
2/21/2024,0.023953712
2/21/2024,0.023713913
2/21/2024,0.023820385
2/21/2024,0.024060563
2/21/2024,0.023501479
2/21/2024,0.023263303
2/21/2024,0.023369053
2/21/2024,0.022973369
2/21/2024,0.023740515
2/21/2024,0.023316157
2/21/2024,0.024382128
2/21/2024,0.023713913
2/21/2024,0.023927025
2/21/2024,0.023342599
2/21/2024,0.023900349
2/21/2024,0.023289724
2/21/2024,0.023210492
2/21/2024,0.023793751
2/21/2024,0.023687322
2/21/2024,0.023607612
2/21/2024,0.023847029
2/21/2024,0.023634171
2/21/2024,0.023210492
2/21/2024,0.023581063
2/21/2024,0.023342599
2/21/2024,0.023740515
2/21/2024,0.023395517
2/21/2024,0.023687322
2/21/2024,0.023713913
2/21/2024,0.023025988
2/21/2024,0.023660741
2/21/2024,0.023421992
2/21/2024,0.023820385
2/21/2024,0.023581063
2/21/2024,0.02307865
2/21/2024,0.023501479
2/21/2024,0.023847029
2/21/2024,0.024114052
2/21/2024,0.024382128
2/21/2024,0.025328643
2/21/2024,0.025902666
2/21/2024,0.025383115
2/21/2024,0.02576558
2/21/2024,0.025820384
2/21/2024,0.025930114
2/21/2024,0.025847801
2/21/2024,0.025656097
2/21/2024,0.025820384
2/21/2024,0.025985042
2/21/2024,0.025383115
2/21/2024,0.025628752
2/21/2024,0.025355874
2/21/2024,0.025383115
2/21/2024,0.025656097
2/21/2024,0.025002683
2/21/2024,0.025710818
2/22/2024,0.025165476
2/22/2024,0.025355874
2/22/2024,0.025002683
2/22/2024,0.025710818
2/22/2024,0.02554678
2/22/2024,0.02576558
2/22/2024,0.025574094
2/22/2024,0.025574094
2/22/2024,0.025165476
2/22/2024,0.025301422
2/22/2024,0.025029789
2/22/2024,0.025410366
2/22/2024,0.025383115
2/22/2024,0.025574094
2/22/2024,0.025628752
2/22/2024,0.02576558
2/22/2024,0.025084033
2/22/2024,0.025492183
2/22/2024,0.025383115
2/22/2024,0.025355874
2/22/2024,0.024786211
2/22/2024,0.025383115
2/22/2024,0.025628752
2/22/2024,0.025301422
2/22/2024,0.025464901
2/22/2024,0.025274212
2/22/2024,0.025710818
2/22/2024,0.025247013
2/22/2024,0.025464901
2/22/2024,0.025574094
2/22/2024,0.025192644
2/22/2024,0.025437628
2/22/2024,0.02511117
2/22/2024,0.025574094
2/22/2024,0.025274212
2/22/2024,0.025601418
2/22/2024,0.025247013
2/22/2024,0.025165476
2/22/2024,0.02486731
2/22/2024,0.02604001
2/22/2024,0.024813233
2/22/2024,0.025410366
2/22/2024,0.025492183
2/22/2024,0.025247013
2/22/2024,0.025138318
2/22/2024,0.024759199
2/22/2024,0.025710818
2/22/2024,0.025084033
2/22/2024,0.025084033
2/22/2024,0.025084033
2/22/2024,0.025247013
2/22/2024,0.025492183
2/22/2024,0.025165476
2/22/2024,0.02486731
2/22/2024,0.02511117
2/22/2024,0.025247013
2/22/2024,0.025464901
2/22/2024,0.024921428
2/22/2024,0.025656097
2/22/2024,0.024786211
2/22/2024,0.025247013
2/22/2024,0.02511117
2/22/2024,0.025274212
2/22/2024,0.024570407
2/22/2024,0.024921428
2/22/2024,0.025301422
2/22/2024,0.025138318
2/22/2024,0.025247013
2/22/2024,0.025492183
2/22/2024,0.025138318
2/22/2024,0.02486731
2/22/2024,0.025410366
2/22/2024,0.025492183
2/22/2024,0.02554678
2/22/2024,0.02511117
2/22/2024,0.025029789
2/22/2024,0.025738194
2/22/2024,0.025464901
2/22/2024,0.024813233
2/22/2024,0.025383115
2/22/2024,0.024732197
2/22/2024,0.025274212
2/22/2024,0.025192644
2/22/2024,0.025056906
2/22/2024,0.025002683
2/22/2024,0.025464901
2/22/2024,0.02576558
2/22/2024,0.025464901
2/22/2024,0.025002683
2/22/2024,0.025002683
2/22/2024,0.024678225
2/22/2024,0.024759199
2/22/2024,0.02486731
2/22/2024,0.025574094
2/22/2024,0.025574094
2/22/2024,0.024840266
2/23/2024,0.024732197
2/23/2024,0.024921428
2/23/2024,0.024840266
2/23/2024,0.025056906
2/23/2024,0.024759199
2/23/2024,0.024786211
2/23/2024,0.025192644
2/23/2024,0.024813233
2/23/2024,0.024489653
2/23/2024,0.025437628
2/23/2024,0.025084033
2/23/2024,0.025056906
2/23/2024,0.025383115
2/23/2024,0.024786211
2/23/2024,0.025165476
2/23/2024,0.024840266
2/23/2024,0.024921428
2/23/2024,0.024732197
2/23/2024,0.024705206
2/23/2024,0.024651255
2/23/2024,0.024678225
2/23/2024,0.025192644
2/23/2024,0.024759199
2/23/2024,0.024894364
2/23/2024,0.024678225
2/23/2024,0.024651255
2/23/2024,0.024759199
2/23/2024,0.024921428
2/23/2024,0.02443587
2/23/2024,0.024624295
2/23/2024,0.024732197
2/23/2024,0.024894364
2/23/2024,0.025192644
2/23/2024,0.024408994
2/23/2024,0.024033834
2/23/2024,0.024167583
2/23/2024,0.024382128
2/23/2024,0.024813233
2/23/2024,0.025056906
2/23/2024,0.025002683
2/23/2024,0.024948503
2/23/2024,0.024597346
2/23/2024,0.02443587
2/23/2024,0.023474973
2/23/2024,0.024382128
2/23/2024,0.025084033
2/23/2024,0.024355274
2/23/2024,0.024355274
2/23/2024,0.024114052
2/23/2024,0.024462756
2/23/2024,0.024274772
2/23/2024,0.024543479
2/23/2024,0.024007116
2/23/2024,0.024328429
2/23/2024,0.024221156
2/23/2024,0.024921428
2/23/2024,0.024732197
2/23/2024,0.023980409
2/23/2024,0.024489653
2/23/2024,0.023900349
2/23/2024,0.023900349
2/23/2024,0.024007116
2/23/2024,0.024328429
2/23/2024,0.024705206
2/23/2024,0.024382128
2/23/2024,0.024462756
2/23/2024,0.023927025
2/23/2024,0.023847029
2/23/2024,0.024114052
2/23/2024,0.023581063
2/23/2024,0.024301595
2/23/2024,0.024705206
2/23/2024,0.02443587
2/23/2024,0.024408994
2/23/2024,0.024355274
2/23/2024,0.024221156
2/23/2024,0.023820385
2/23/2024,0.023927025
2/23/2024,0.024247959
2/23/2024,0.023820385
2/23/2024,0.024678225
2/23/2024,0.024786211
2/23/2024,0.024543479
2/23/2024,0.024382128
2/23/2024,0.023927025
2/23/2024,0.024651255
2/23/2024,0.024247959
2/23/2024,0.024114052
2/23/2024,0.024328429
2/23/2024,0.023820385
2/23/2024,0.024247959
2/23/2024,0.024007116
2/23/2024,0.023687322
2/23/2024,0.02443587
2/23/2024,0.024194365
2/23/2024,0.024033834
2/23/2024,0.024007116
2/24/2024,0.024221156
2/24/2024,0.024328429
2/24/2024,0.024221156
2/24/2024,0.023581063
2/24/2024,0.024221156
2/24/2024,0.023980409
2/24/2024,0.024301595
2/24/2024,0.023953712
2/24/2024,0.023554524
2/24/2024,0.024114052
2/24/2024,0.024060563
2/24/2024,0.024114052
2/24/2024,0.023820385
2/24/2024,0.023847029
2/24/2024,0.023581063
2/24/2024,0.023927025
2/24/2024,0.023421992
2/24/2024,0.024007116
2/24/2024,0.023847029
2/24/2024,0.023793751
2/24/2024,0.023501479
2/24/2024,0.023634171
2/24/2024,0.023184102
2/24/2024,0.024033834
2/24/2024,0.024194365
2/24/2024,0.023687322
2/24/2024,0.023474973
2/24/2024,0.023927025
2/24/2024,0.023767128
2/24/2024,0.023421992
2/24/2024,0.023713913
2/24/2024,0.023687322
2/24/2024,0.023634171
2/24/2024,0.023740515
2/24/2024,0.023501479
2/24/2024,0.023395517
2/24/2024,0.023236892
2/24/2024,0.023634171
2/24/2024,0.023184102
2/24/2024,0.023634171
2/24/2024,0.023316157
2/24/2024,0.023793751
2/24/2024,0.023421992
2/24/2024,0.023369053
2/24/2024,0.023740515
2/24/2024,0.024007116
2/24/2024,0.023927025
2/24/2024,0.023448477
2/24/2024,0.023767128
2/24/2024,0.023927025
2/24/2024,0.024247959
2/24/2024,0.023927025
2/24/2024,0.023820385
2/24/2024,0.023660741
2/24/2024,0.023793751
2/24/2024,0.023474973
2/24/2024,0.023554524
2/24/2024,0.023980409
2/24/2024,0.023501479
2/24/2024,0.023316157
2/24/2024,0.022789539
2/24/2024,0.024007116
2/24/2024,0.023316157
2/24/2024,0.023289724
2/24/2024,0.023263303
2/24/2024,0.023395517
2/24/2024,0.023395517
2/24/2024,0.023927025
2/24/2024,0.023289724
2/24/2024,0.02307865
2/24/2024,0.022658553
2/24/2024,0.023687322
2/24/2024,0.023025988
2/24/2024,0.023236892
2/24/2024,0.023025988
2/24/2024,0.022684728
2/24/2024,0.023184102
2/24/2024,0.02307865
2/24/2024,0.023474973
2/24/2024,0.022894521
2/24/2024,0.02307865
2/24/2024,0.023316157
2/24/2024,0.022815768
2/24/2024,0.022658553
2/24/2024,0.023052314
2/24/2024,0.022947076
2/24/2024,0.023052314
2/24/2024,0.023025988
2/24/2024,0.023025988
2/24/2024,0.023131355
2/24/2024,0.022658553
2/24/2024,0.023157723
2/24/2024,0.023474973
2/24/2024,0.023236892
2/24/2024,0.022973369
2/24/2024,0.022999674
2/25/2024,0.024274772
2/25/2024,0.022999674
2/25/2024,0.023369053
2/25/2024,0.023104997
2/25/2024,0.023131355
2/25/2024,0.022371327
2/25/2024,0.02276332
2/25/2024,0.022293219
2/25/2024,0.022842008
2/25/2024,0.022737112
2/25/2024,0.022527834
2/25/2024,0.022789539
2/25/2024,0.022501723
2/25/2024,0.022527834
2/25/2024,0.022527834
2/25/2024,0.022371327
2/25/2024,0.022920793
2/25/2024,0.022999674
2/25/2024,0.02276332
2/25/2024,0.022527834
2/25/2024,0.022371327
2/25/2024,0.022241201
2/25/2024,0.02234528
2/25/2024,0.022606233
2/25/2024,0.022267204
2/25/2024,0.022475622
2/25/2024,0.022475622
2/25/2024,0.022137293
2/25/2024,0.02276332
2/25/2024,0.022684728
2/25/2024,0.022111344
2/25/2024,0.022501723
2/25/2024,0.022319244
2/25/2024,0.022163254
2/25/2024,0.022527834
2/25/2024,0.022423453
2/25/2024,0.022189225
2/25/2024,0.022423453
2/25/2024,0.022085405
2/25/2024,0.022423453
2/25/2024,0.023025988
2/25/2024,0.022606233
2/25/2024,0.02276332
2/25/2024,0.022267204
2/25/2024,0.022580089
2/25/2024,0.022947076
2/25/2024,0.022527834
2/25/2024,0.023316157
2/25/2024,0.022163254
2/25/2024,0.023980409
2/25/2024,0.021826609
2/25/2024,0.023501479
2/25/2024,0.022371327
2/25/2024,0.022189225
2/25/2024,0.02234528
2/25/2024,0.022163254
2/25/2024,0.022137293
2/25/2024,0.023607612
2/25/2024,0.022137293
2/25/2024,0.022710915
2/25/2024,0.021800789
2/25/2024,0.022189225
2/25/2024,0.022606233
2/25/2024,0.022267204
2/25/2024,0.022606233
2/25/2024,0.022920793
2/25/2024,0.022449532
2/25/2024,0.022868259
2/25/2024,0.022920793
2/25/2024,0.023052314
2/25/2024,0.022606233
2/25/2024,0.02276332
2/25/2024,0.022371327
2/25/2024,0.022789539
2/25/2024,0.022658553
2/25/2024,0.022606233
2/25/2024,0.022319244
2/25/2024,0.023131355
2/25/2024,0.023980409
2/25/2024,0.022737112
2/25/2024,0.023448477
2/25/2024,0.023448477
2/25/2024,0.022842008
2/25/2024,0.022475622
2/25/2024,0.022894521
2/25/2024,0.02234528
2/25/2024,0.022553957
2/25/2024,0.022293219
2/25/2024,0.022894521
2/25/2024,0.022137293
2/25/2024,0.022947076
2/25/2024,0.023687322
2/25/2024,0.023184102
2/25/2024,0.025574094
2/25/2024,0.023740515
2/25/2024,0.023740515
2/26/2024,0.023316157
2/26/2024,0.023873684
2/26/2024,0.023634171
2/26/2024,0.024301595
2/26/2024,0.024408994
2/26/2024,0.026619663
2/26/2024,0.027092212
2/26/2024,0.027595767
2/26/2024,0.027933294
2/26/2024,0.028897497
2/26/2024,0.0303364
2/26/2024,0.030220376
2/26/2024,0.030860454
2/26/2024,0.030423521
2/26/2024,0.031534699
2/26/2024,0.03233278
2/26/2024,0.03233278
2/26/2024,0.031947636
2/26/2024,0.032958388
2/26/2024,0.033018191
2/26/2024,0.03233278
2/26/2024,0.032988285
2/26/2024,0.033317784
2/26/2024,0.034252606
2/26/2024,0.034222308
2/26/2024,0.033980261
2/26/2024,0.033919845
2/26/2024,0.034373896
2/26/2024,0.033137913
2/26/2024,0.033558149
2/26/2024,0.033107968
2/26/2024,0.033227806
2/26/2024,0.034070957
2/26/2024,0.033738825
2/26/2024,0.033287782
2/26/2024,0.033197832
2/26/2024,0.03343789
2/26/2024,0.033377818
2/26/2024,0.033137913
2/26/2024,0.033317784
2/26/2024,0.032988285
2/26/2024,0.032630158
2/26/2024,0.033768971
2/26/2024,0.032868755
2/26/2024,0.034161739
2/26/2024,0.033317784
2/26/2024,0.033137913
2/26/2024,0.033498001
2/26/2024,0.033257789
2/26/2024,0.033588238
2/26/2024,0.033287782
2/26/2024,0.033618336
2/26/2024,0.03352807
2/26/2024,0.032659949
2/26/2024,0.033377818
2/26/2024,0.032659949
2/26/2024,0.033227806
2/26/2024,0.032958388
2/26/2024,0.033018191
2/26/2024,0.033738825
2/26/2024,0.032868755
2/26/2024,0.033107968
2/26/2024,0.032868755
2/26/2024,0.032958388
2/26/2024,0.033078033
2/26/2024,0.033048107
2/26/2024,0.03268975
2/26/2024,0.03271956
2/26/2024,0.032958388
2/26/2024,0.0322141
2/26/2024,0.032154818
2/26/2024,0.03233278
2/26/2024,0.032540843
2/26/2024,0.03233278
2/26/2024,0.031977204
2/26/2024,0.031888528
2/26/2024,0.031652487
2/26/2024,0.031564132
2/26/2024,0.032065967
2/26/2024,0.031593573
2/26/2024,0.031681958
2/26/2024,0.031240914
2/26/2024,0.031652487
2/26/2024,0.032273421
2/26/2024,0.031858989
2/26/2024,0.031947636
2/26/2024,0.032630158
2/26/2024,0.031652487
2/26/2024,0.031681958
2/26/2024,0.031564132
2/26/2024,0.031328947
2/26/2024,0.032125191
2/26/2024,0.032125191
2/26/2024,0.031270248
2/26/2024,0.03179994
2/26/2024,0.033678562
2/27/2024,0.031123673
2/27/2024,0.031888528
2/27/2024,0.030656276
2/27/2024,0.031270248
2/27/2024,0.031623025
2/27/2024,0.030948105
2/27/2024,0.031035845
2/27/2024,0.031446461
2/27/2024,0.031623025
2/27/2024,0.031947636
2/27/2024,0.031211589
2/27/2024,0.031534699
2/27/2024,0.031211589
2/27/2024,0.031446461
2/27/2024,0.031006589
2/27/2024,0.030743722
2/27/2024,0.030627148
2/27/2024,0.031299593
2/27/2024,0.031593573
2/27/2024,0.030249367
2/27/2024,0.031211589
2/27/2024,0.031035845
2/27/2024,0.030889661
2/27/2024,0.030568919
2/27/2024,0.03077289
2/27/2024,0.031123673
2/27/2024,0.030918878
2/27/2024,0.030714564
2/27/2024,0.030802068
2/27/2024,0.030656276
2/27/2024,0.030423521
2/27/2024,0.031123673
2/27/2024,0.031240914
2/27/2024,0.030104511
2/27/2024,0.030017715
2/27/2024,0.029757863
2/27/2024,0.030017715
2/27/2024,0.030249367
2/27/2024,0.030598029
2/27/2024,0.030133462
2/27/2024,0.029844391
2/27/2024,0.029757863
2/27/2024,0.029757863
2/27/2024,0.028868973
2/27/2024,0.029671424
2/27/2024,0.029585074
2/27/2024,0.02964263
2/27/2024,0.030133462
2/27/2024,0.029441356
2/27/2024,0.029040269
2/27/2024,0.029873254
2/27/2024,0.028754975
2/27/2024,0.029412642
2/27/2024,0.029126051
2/27/2024,0.02955631
2/27/2024,0.029844391
2/27/2024,0.029240568
2/27/2024,0.02918329
2/27/2024,0.029757863
2/27/2024,0.02972904
2/27/2024,0.029269222
2/27/2024,0.029297886
2/27/2024,0.029757863
2/27/2024,0.02918329
2/27/2024,0.029498813
2/27/2024,0.02898313
2/27/2024,0.029613847
2/27/2024,0.02918329
2/27/2024,0.029068853
2/27/2024,0.02955631
2/27/2024,0.029412642
2/27/2024,0.028868973
2/27/2024,0.029040269
2/27/2024,0.029383938
2/27/2024,0.02955631
2/27/2024,0.028840458
2/27/2024,0.029068853
2/27/2024,0.029211924
2/27/2024,0.028954576
2/27/2024,0.029068853
2/27/2024,0.029355244
2/27/2024,0.028726501
2/27/2024,0.028840458
2/27/2024,0.029097447
2/27/2024,0.02898313
2/27/2024,0.029068853
2/27/2024,0.029498813
2/27/2024,0.028584279
2/27/2024,0.028783459
2/27/2024,0.029068853
2/27/2024,0.028783459
2/27/2024,0.029297886
2/27/2024,0.028811954
2/27/2024,0.029585074
2/27/2024,0.029097447
2/27/2024,0.029097447
2/28/2024,0.029383938
2/28/2024,0.029211924
2/28/2024,0.028897497
2/28/2024,0.028840458
2/28/2024,0.028954576
2/28/2024,0.028897497
2/28/2024,0.02932656
2/28/2024,0.028897497
2/28/2024,0.029040269
2/28/2024,0.029068853
2/28/2024,0.029097447
2/28/2024,0.028783459
2/28/2024,0.028897497
2/28/2024,0.029470079
2/28/2024,0.028954576
2/28/2024,0.029040269
2/28/2024,0.028584279
2/28/2024,0.028783459
2/28/2024,0.02898313
2/28/2024,0.028499066
2/28/2024,0.028783459
2/28/2024,0.029011694
2/28/2024,0.028868973
2/28/2024,0.028413944
2/28/2024,0.028840458
2/28/2024,0.028669582
2/28/2024,0.028669582
2/28/2024,0.028215677
2/28/2024,0.028641138
2/28/2024,0.02838559
2/28/2024,0.028215677
2/28/2024,0.028102603
2/28/2024,0.02838559
2/28/2024,0.028470682
2/28/2024,0.028612703
2/28/2024,0.02838559
2/28/2024,0.028442308
2/28/2024,0.02815912
2/28/2024,0.028074359
2/28/2024,0.028102603
2/28/2024,0.028499066
2/28/2024,0.028046126
2/28/2024,0.027933294
2/28/2024,0.028442308
2/28/2024,0.028215677
2/28/2024,0.028130856
2/28/2024,0.028130856
2/28/2024,0.028641138
2/28/2024,0.028187393
2/28/2024,0.028641138
2/28/2024,0.027792481
2/28/2024,0.028698036
2/28/2024,0.028243971
2/28/2024,0.028555865
2/28/2024,0.02898313
2/28/2024,0.02955631
2/28/2024,0.030278368
2/28/2024,0.030948105
2/28/2024,0.032898623
2/28/2024,0.034222308
2/28/2024,0.036707114
2/28/2024,0.037018148
2/28/2024,0.038808733
2/28/2024,0.040886983
2/28/2024,0.04482365
2/28/2024,0.048440816
2/28/2024,0.049956952
2/28/2024,0.050408067
2/28/2024,0.055033502
2/28/2024,0.059764293
2/28/2024,0.064783792
2/28/2024,0.063912053
2/28/2024,0.068118938
2/28/2024,0.069282706
2/28/2024,0.073013848
2/28/2024,0.075847446
2/28/2024,0.077460633
2/28/2024,0.077946934
2/28/2024,0.078231109
2/28/2024,0.079249008
2/28/2024,0.080928443
2/28/2024,0.079493998
2/28/2024,0.078841288
2/28/2024,0.078068678
2/28/2024,0.079657473
2/28/2024,0.080394587
2/28/2024,0.079616593
2/28/2024,0.079780158
2/28/2024,0.080107645
2/28/2024,0.079208202
2/28/2024,0.079330641
2/28/2024,0.078719117
2/28/2024,0.079045054
2/28/2024,0.079412304
2/28/2024,0.078597014
2/28/2024,0.078434315
2/28/2024,0.077379688
2/28/2024,0.07851565
2/28/2024,0.077501117
2/28/2024,0.075566379
2/29/2024,0.075646646
2/29/2024,0.075927819
2/29/2024,0.075927819
2/29/2024,0.075285682
2/29/2024,0.075847446
2/29/2024,0.07496534
2/29/2024,0.075606509
2/29/2024,0.074246344
2/29/2024,0.074685438
2/29/2024,0.073808169
2/29/2024,0.075486142
2/29/2024,0.07285535
2/29/2024,0.073569552
2/29/2024,0.075285682
2/29/2024,0.073172468
2/29/2024,0.073013848
2/29/2024,0.071749293
2/29/2024,0.071631143
2/29/2024,0.071198519
2/29/2024,0.070531749
2/29/2024,0.069399467
2/29/2024,0.07006243
2/29/2024,0.070610077
2/29/2024,0.070140573
2/29/2024,0.069243801
2/29/2024,0.068855179
2/29/2024,0.068002946
2/29/2024,0.068273703
2/29/2024,0.067964298
2/29/2024,0.066923745
2/29/2024,0.066654903
2/29/2024,0.064973855
2/29/2024,0.066386445
2/29/2024,0.066501451
2/29/2024,0.065545227
2/29/2024,0.065468942
2/29/2024,0.065583382
2/29/2024,0.064783792
2/29/2024,0.064176921
2/29/2024,0.064214791
2/29/2024,0.06402552
2/29/2024,0.063496617
2/29/2024,0.063006888
2/29/2024,0.062743746
2/29/2024,0.065278366
2/29/2024,0.063345788
2/29/2024,0.063383483
2/29/2024,0.062368507
2/29/2024,0.062181187
2/29/2024,0.061396629
2/29/2024,0.062256091
2/29/2024,0.062031475
2/29/2024,0.061583108
2/29/2024,0.061844515
2/29/2024,0.062181187
2/29/2024,0.062031475
2/29/2024,0.061807147
2/29/2024,0.061657755
2/29/2024,0.060912725
2/29/2024,0.062556026
2/29/2024,0.064063358
2/29/2024,0.063195086
2/29/2024,0.06402552
2/29/2024,0.066003601
2/29/2024,0.065545227
2/29/2024,0.066463108
2/29/2024,0.067346986
2/29/2024,0.06596536
2/29/2024,0.066080107
2/29/2024,0.067809783
2/29/2024,0.065659714
2/29/2024,0.065316465
2/29/2024,0.065583382
2/29/2024,0.065697893
2/29/2024,0.065011891
2/29/2024,0.066424773
2/29/2024,0.064366351
2/29/2024,0.064366351
2/29/2024,0.063119783
2/29/2024,0.063270421
2/29/2024,0.063534344
2/29/2024,0.062480994
2/29/2024,0.062368507
2/29/2024,0.062106315
2/29/2024,0.061919275
2/29/2024,0.060504329
2/29/2024,0.061284838
2/29/2024,0.060356064
2/29/2024,0.060652724
2/29/2024,0.060467251
2/29/2024,0.05957979
2/29/2024,0.060467251
2/29/2024,0.060207927
2/29/2024,0.059469185
2/29/2024,0.059838152
2/29/2024,0.058184195
2/29/2024,0.059211391
3/1/2024,0.058550318
3/1/2024,0.058660314
3/1/2024,0.057855381
3/1/2024,0.058074517
3/1/2024,0.057782401
3/1/2024,0.058111068
3/1/2024,0.057054402
3/1/2024,0.056221261
3/1/2024,0.056945485
3/1/2024,0.055824342
3/1/2024,0.055752282
3/1/2024,0.055464373
3/1/2024,0.055932494
3/1/2024,0.05614902
3/1/2024,0.055141108
3/1/2024,0.054890144
3/1/2024,0.054282352
3/1/2024,0.054318038
3/1/2024,0.055500333
3/1/2024,0.054568072
3/1/2024,0.054318038
3/1/2024,0.05385477
3/1/2024,0.053748062
3/1/2024,0.054211005
3/1/2024,0.053570383
3/1/2024,0.054104047
3/1/2024,0.053463875
3/1/2024,0.053144805
3/1/2024,0.05328653
3/1/2024,0.053321983
3/1/2024,0.05349937
3/1/2024,0.052897108
3/1/2024,0.053392912
3/1/2024,0.052332486
3/1/2024,0.052791077
3/1/2024,0.053180224
3/1/2024,0.052086141
3/1/2024,0.051805109
3/1/2024,0.052121308
3/1/2024,0.052015833
3/1/2024,0.052015833
3/1/2024,0.052121308
3/1/2024,0.051139824
3/1/2024,0.051244667
3/1/2024,0.053003213
3/1/2024,0.052932468
3/1/2024,0.052755751
3/1/2024,0.052579244
3/1/2024,0.053144805
3/1/2024,0.053003213
3/1/2024,0.052543967
3/1/2024,0.05159469
3/1/2024,0.052332486
3/1/2024,0.052791077
3/1/2024,0.052297269
3/1/2024,0.052438189
3/1/2024,0.052579244
3/1/2024,0.051524618
3/1/2024,0.051629739
3/1/2024,0.051770018
3/1/2024,0.051244667
3/1/2024,0.05016498
3/1/2024,0.050930369
3/1/2024,0.051875317
3/1/2024,0.05159469
3/1/2024,0.051035059
3/1/2024,0.051489594
3/1/2024,0.051840209
3/1/2024,0.051489594
3/1/2024,0.051419573
3/1/2024,0.050930369
3/1/2024,0.051035059
3/1/2024,0.050895489
3/1/2024,0.051035059
3/1/2024,0.050581955
3/1/2024,0.050825756
3/1/2024,0.050721219
3/1/2024,0.050303836
3/1/2024,0.050895489
3/1/2024,0.050234391
3/1/2024,0.050512374
3/1/2024,0.051069972
3/1/2024,0.05054716
3/1/2024,0.051244667
3/1/2024,0.05065157
3/1/2024,0.051489594
3/1/2024,0.051244667
3/1/2024,0.051209711
3/1/2024,0.05068639
3/1/2024,0.050895489
3/1/2024,0.051349585
3/1/2024,0.051139824
3/1/2024,0.050512374
3/1/2024,0.05068639
3/1/2024,0.051349585
3/1/2024,0.050616758
3/1/2024,0.050338571
3/2/2024,0.05054716
3/2/2024,0.050965257
3/2/2024,0.049749231
3/2/2024,0.051349585
3/2/2024,0.051035059
3/2/2024,0.049818437
3/2/2024,0.051244667
3/2/2024,0.051489594
3/2/2024,0.051174763
3/2/2024,0.051209711
3/2/2024,0.051384574
3/2/2024,0.050512374
3/2/2024,0.050303836
3/2/2024,0.050303836
3/2/2024,0.051454579
3/2/2024,0.05016498
3/2/2024,0.050860618
3/2/2024,0.050825756
3/2/2024,0.049956952
3/2/2024,0.050338571
3/2/2024,0.050338571
3/2/2024,0.049645486
3/2/2024,0.049093477
3/2/2024,0.049127913
3/2/2024,0.049887677
3/2/2024,0.050477596
3/2/2024,0.049472748
3/2/2024,0.050234391
3/2/2024,0.049645486
3/2/2024,0.050825756
3/2/2024,0.049887677
3/2/2024,0.050234391
3/2/2024,0.050756056
3/2/2024,0.048887039
3/2/2024,0.048921423
3/2/2024,0.048646584
3/2/2024,0.050269109
3/2/2024,0.049818437
3/2/2024,0.048783935
3/2/2024,0.050199681
3/2/2024,0.050338571
3/2/2024,0.050338571
3/2/2024,0.051174763
3/2/2024,0.051000154
3/2/2024,0.054032783
3/2/2024,0.054746918
3/2/2024,0.056981783
3/2/2024,0.057454396
3/2/2024,0.062556026
3/2/2024,0.063723099
3/2/2024,0.064783792
3/2/2024,0.065659714
3/2/2024,0.068351132
3/2/2024,0.068196305
3/2/2024,0.07123781
3/2/2024,0.071828098
3/2/2024,0.073053492
3/2/2024,0.073291514
3/2/2024,0.074366006
3/2/2024,0.075446035
3/2/2024,0.07480535
3/2/2024,0.07504538
3/2/2024,0.075285682
3/2/2024,0.074047059
3/2/2024,0.07512545
3/2/2024,0.073887768
3/2/2024,0.072815745
3/2/2024,0.073251824
3/2/2024,0.072499177
3/2/2024,0.0726574
3/2/2024,0.071316415
3/2/2024,0.073212142
3/2/2024,0.072894963
3/2/2024,0.071906933
3/2/2024,0.070414315
3/2/2024,0.071277109
3/2/2024,0.070727627
3/2/2024,0.069672181
3/2/2024,0.069127133
3/2/2024,0.069906238
3/2/2024,0.067925657
3/2/2024,0.067308471
3/2/2024,0.067000627
3/2/2024,0.067578244
3/2/2024,0.06680848
3/2/2024,0.066156645
3/2/2024,0.066118372
3/2/2024,0.065888902
3/2/2024,0.064442178
3/2/2024,0.06466985
3/2/2024,0.064821789
3/2/2024,0.064555978
3/2/2024,0.063609822
3/2/2024,0.063685332
3/2/2024,0.062743746
3/2/2024,0.063647573
3/2/2024,0.062969273
3/3/2024,0.062969273
3/3/2024,0.062218635
3/3/2024,0.062068891
3/3/2024,0.061061474
3/3/2024,0.061284838
3/3/2024,0.060356064
3/3/2024,0.060207927
3/3/2024,0.059985965
3/3/2024,0.06005992
3/3/2024,0.059727377
3/3/2024,0.059985965
3/3/2024,0.059838152
3/3/2024,0.059764293
3/3/2024,0.059101029
3/3/2024,0.058184195
3/3/2024,0.058111068
3/3/2024,0.057745923
3/3/2024,0.056872915
3/3/2024,0.057417992
3/3/2024,0.057600094
3/3/2024,0.057272458
3/3/2024,0.057054402
3/3/2024,0.056909196
3/3/2024,0.056402009
3/3/2024,0.055320617
3/3/2024,0.055752282
3/3/2024,0.056004636
3/3/2024,0.055572277
3/3/2024,0.055176993
3/3/2024,0.055860384
3/3/2024,0.055284699
3/3/2024,0.055320617
3/3/2024,0.054961806
3/3/2024,0.054603825
3/3/2024,0.055069362
3/3/2024,0.053961553
3/3/2024,0.054496592
3/3/2024,0.054925971
3/3/2024,0.053890356
3/3/2024,0.053676965
3/3/2024,0.053038599
3/3/2024,0.05364143
3/3/2024,0.053890356
3/3/2024,0.054211005
3/3/2024,0.052367712
3/3/2024,0.052861756
3/3/2024,0.05385477
3/3/2024,0.052226859
3/3/2024,0.052861756
3/3/2024,0.052438189
3/3/2024,0.052649821
3/3/2024,0.052720432
3/3/2024,0.053144805
3/3/2024,0.05328653
3/3/2024,0.053038599
3/3/2024,0.053109394
3/3/2024,0.053321983
3/3/2024,0.054711132
3/3/2024,0.053392912
3/3/2024,0.053676965
3/3/2024,0.053748062
3/3/2024,0.054104047
3/3/2024,0.054104047
3/3/2024,0.055069362
3/3/2024,0.053357443
3/3/2024,0.054246674
3/3/2024,0.054282352
3/3/2024,0.054639586
3/3/2024,0.054068411
3/3/2024,0.054425146
3/3/2024,0.053570383
3/3/2024,0.05349937
3/3/2024,0.053783623
3/3/2024,0.05342839
3/3/2024,0.053357443
3/3/2024,0.052791077
3/3/2024,0.053215651
3/3/2024,0.05364143
3/3/2024,0.053783623
3/3/2024,0.052438189
3/3/2024,0.052438189
3/3/2024,0.052579244
3/3/2024,0.051910433
3/3/2024,0.052755751
3/3/2024,0.052156483
3/3/2024,0.052050983
3/3/2024,0.052402946
3/3/2024,0.050756056
3/3/2024,0.051244667
3/3/2024,0.050199681
3/3/2024,0.05065157
3/3/2024,0.051489594
3/3/2024,0.051139824
3/3/2024,0.05054716
3/3/2024,0.051104894
3/3/2024,0.050130287
3/3/2024,0.05002626
3/4/2024,0.050581955
3/4/2024,0.049576365
3/4/2024,0.050895489
3/4/2024,0.049887677
3/4/2024,0.04992231
3/4/2024,0.049610921
3/4/2024,0.04992231
3/4/2024,0.049818437
3/4/2024,0.050442827
3/4/2024,0.050269109
3/4/2024,0.04978383
3/4/2024,0.049541817
3/4/2024,0.049369207
3/4/2024,0.049576365
3/4/2024,0.049059049
3/4/2024,0.049403712
3/4/2024,0.050199681
3/4/2024,0.05002626
3/4/2024,0.04978383
3/4/2024,0.04978383
3/4/2024,0.048680909
3/4/2024,0.048818294
3/4/2024,0.047961895
3/4/2024,0.048852662
3/4/2024,0.049162358
3/4/2024,0.049196811
3/4/2024,0.048372295
3/4/2024,0.047688984
3/4/2024,0.048612268
3/4/2024,0.04816694
3/4/2024,0.047996047
3/4/2024,0.04775716
3/4/2024,0.04782537
3/4/2024,0.047280656
3/4/2024,0.047723068
3/4/2024,0.047996047
3/4/2024,0.047416627
3/4/2024,0.047416627
3/4/2024,0.04782537
3/4/2024,0.047450641
3/4/2024,0.04782537
3/4/2024,0.047348624
3/4/2024,0.047586785
3/4/2024,0.046332746
3/4/2024,0.047416627
3/4/2024,0.047586785
3/4/2024,0.047314635
3/4/2024,0.046975228
3/4/2024,0.047654909
3/4/2024,0.047348624
3/4/2024,0.047348624
3/4/2024,0.047009129
3/4/2024,0.046231589
3/4/2024,0.048372295
3/4/2024,0.046467744
3/4/2024,0.047688984
3/4/2024,0.047144823
3/4/2024,0.047314635
3/4/2024,0.046738159
3/4/2024,0.047586785
3/4/2024,0.047212722
3/4/2024,0.047450641
3/4/2024,0.046873575
3/4/2024,0.047859488
3/4/2024,0.047723068
3/4/2024,0.046873575
3/4/2024,0.047314635
3/4/2024,0.047723068
3/4/2024,0.048132744
3/4/2024,0.048543661
3/4/2024,0.048372295
3/4/2024,0.048372295
3/4/2024,0.047110887
3/4/2024,0.047791261
3/4/2024,0.047382621
3/4/2024,0.047076959
3/4/2024,0.048030208
3/4/2024,0.047009129
3/4/2024,0.046299018
3/4/2024,0.047586785
3/4/2024,0.047246684
3/4/2024,0.047009129
3/4/2024,0.046738159
3/4/2024,0.047484664
3/4/2024,0.047620843
3/4/2024,0.046602882
3/4/2024,0.046063168
3/4/2024,0.047110887
3/4/2024,0.046772
3/4/2024,0.046501516
3/4/2024,0.046501516
3/4/2024,0.046265299
3/4/2024,0.046164194
3/4/2024,0.046805849
3/4/2024,0.046704326
3/4/2024,0.045358185
3/5/2024,0.046096834
3/5/2024,0.046467744
3/5/2024,0.04549217
3/5/2024,0.04576056
3/5/2024,0.046400228
3/5/2024,0.045626295
3/5/2024,0.04596222
3/5/2024,0.044756992
3/5/2024,0.044690368
3/5/2024,0.045257789
3/5/2024,0.044957073
3/5/2024,0.04569341
3/5/2024,0.045057233
3/5/2024,0.044856993
3/5/2024,0.044590499
3/5/2024,0.044957073
3/5/2024,0.04576056
3/5/2024,0.044258175
3/5/2024,0.04482365
3/5/2024,0.04482365
3/5/2024,0.043893639
3/5/2024,0.044258175
3/5/2024,0.043893639
3/5/2024,0.043497184
3/5/2024,0.044026074
3/5/2024,0.044224991
3/5/2024,0.043332372
3/5/2024,0.043563172
3/5/2024,0.044224991
3/5/2024,0.043959839
3/5/2024,0.042773673
3/5/2024,0.043431233
3/5/2024,0.043728294
3/5/2024,0.043299436
3/5/2024,0.043464204
3/5/2024,0.043069135
3/5/2024,0.043069135
3/5/2024,0.04244623
3/5/2024,0.042642589
3/5/2024,0.04254437
3/5/2024,0.042282844
3/5/2024,0.041989313
3/5/2024,0.041989313
3/5/2024,0.042054479
3/5/2024,0.04218492
3/5/2024,0.042217552
3/5/2024,0.04244623
3/5/2024,0.041664018
3/5/2024,0.041761512
3/5/2024,0.041729005
3/5/2024,0.041436847
3/5/2024,0.042642589
3/5/2024,0.042740889
3/5/2024,0.043200682
3/5/2024,0.043761346
3/5/2024,0.043563172
3/5/2024,0.043992952
3/5/2024,0.043893639
3/5/2024,0.044026074
3/5/2024,0.044523964
3/5/2024,0.045257789
3/5/2024,0.04435778
3/5/2024,0.045090637
3/5/2024,0.04512405
3/5/2024,0.04512405
3/5/2024,0.044990451
3/5/2024,0.045157471
3/5/2024,0.044923704
3/5/2024,0.044756992
3/5/2024,0.044723676
3/5/2024,0.044059205
3/5/2024,0.043761346
3/5/2024,0.044191816
3/5/2024,0.044258175
3/5/2024,0.043464204
3/5/2024,0.044258175
3/5/2024,0.044424227
3/5/2024,0.04303627
3/5/2024,0.043003414
3/5/2024,0.043695252
3/5/2024,0.043662219
3/5/2024,0.04303627
3/5/2024,0.043563172
3/5/2024,0.043200682
3/5/2024,0.043069135
3/5/2024,0.042642589
3/5/2024,0.043102008
3/5/2024,0.043629194
3/5/2024,0.042119681
3/5/2024,0.043728294
3/5/2024,0.042282844
3/5/2024,0.04218492
3/5/2024,0.041566605
3/5/2024,0.041956743
3/5/2024,0.042478935
3/5/2024,0.042937729
3/6/2024,0.041339623
3/6/2024,0.041566605
3/6/2024,0.04189163
3/6/2024,0.042348172
3/6/2024,0.04140443
3/6/2024,0.041696507
3/6/2024,0.041339623
3/6/2024,0.041274852
3/6/2024,0.040790219
3/6/2024,0.041794028
3/6/2024,0.041048437
3/6/2024,0.041339623
3/6/2024,0.04030762
3/6/2024,0.041307233
3/6/2024,0.04218492
3/6/2024,0.041210117
3/6/2024,0.04124248
3/6/2024,0.04033973
3/6/2024,0.040629126
3/6/2024,0.040371849
3/6/2024,0.040596935
3/6/2024,0.040822464
3/6/2024,0.040596935
3/6/2024,0.040371849
3/6/2024,0.039795099
3/6/2024,0.04027552
3/6/2024,0.040051069
3/6/2024,0.039603505
3/6/2024,0.039667333
3/6/2024,0.039412238
3/6/2024,0.040661327
3/6/2024,0.040243428
3/6/2024,0.039731198
3/6/2024,0.039094192
3/6/2024,0.039827064
3/6/2024,0.039635414
3/6/2024,0.038397715
3/6/2024,0.039380392
3/6/2024,0.038935512
3/6/2024,0.039253101
3/6/2024,0.038808733
3/6/2024,0.038872104
3/6/2024,0.03918951
3/6/2024,0.038777061
3/6/2024,0.03918951
3/6/2024,0.039795099
3/6/2024,0.038967229
3/6/2024,0.039253101
3/6/2024,0.039539713
3/6/2024,0.038177042
3/6/2024,0.038998956
3/6/2024,0.038967229
3/6/2024,0.040019041
3/6/2024,0.038840414
3/6/2024,0.039987022
3/6/2024,0.03950783
3/6/2024,0.040211346
3/6/2024,0.039795099
3/6/2024,0.040179272
3/6/2024,0.040179272
3/6/2024,0.039603505
3/6/2024,0.039827064
3/6/2024,0.040147208
3/6/2024,0.039157728
3/6/2024,0.040051069
3/6/2024,0.040051069
3/6/2024,0.040532579
3/6/2024,0.040532579
3/6/2024,0.040693536
3/6/2024,0.040243428
3/6/2024,0.040500415
3/6/2024,0.040243428
3/6/2024,0.039380392
3/6/2024,0.040371849
3/6/2024,0.03989102
3/6/2024,0.039475957
3/6/2024,0.039571604
3/6/2024,0.039635414
3/6/2024,0.040083106
3/6/2024,0.039923011
3/6/2024,0.039475957
3/6/2024,0.039062437
3/6/2024,0.039412238
3/6/2024,0.039955012
3/6/2024,0.038777061
3/6/2024,0.038587222
3/6/2024,0.038967229
3/6/2024,0.039157728
3/6/2024,0.038967229
3/6/2024,0.038840414
3/6/2024,0.039475957
3/6/2024,0.039412238
3/6/2024,0.038240045
3/6/2024,0.039062437
3/6/2024,0.038366163
3/6/2024,0.037643003
3/7/2024,0.038271561
3/7/2024,0.038303086
3/7/2024,0.038208539
3/7/2024,0.038177042
3/7/2024,0.038492427
3/7/2024,0.036645019
3/7/2024,0.038618839
3/7/2024,0.038177042
3/7/2024,0.038366163
3/7/2024,0.038208539
3/7/2024,0.036800326
3/7/2024,0.037423882
3/7/2024,0.037392616
3/7/2024,0.036613986
3/7/2024,0.038555615
3/7/2024,0.037267644
3/7/2024,0.036955867
3/7/2024,0.037423882
3/7/2024,0.037361359
3/7/2024,0.037267644
3/7/2024,0.036862515
3/7/2024,0.036862515
3/7/2024,0.037018148
3/7/2024,0.037142822
3/7/2024,0.036676062
3/7/2024,0.036273234
3/7/2024,0.036738176
3/7/2024,0.036273234
3/7/2024,0.037298873
3/7/2024,0.036458958
3/7/2024,0.037611672
3/7/2024,0.037111639
3/7/2024,0.03692474
3/7/2024,0.037018148
3/7/2024,0.036427981
3/7/2024,0.036489945
3/7/2024,0.036831416
3/7/2024,0.03692474
3/7/2024,0.035779617
3/7/2024,0.035410981
3/7/2024,0.035503013
3/7/2024,0.036427981
3/7/2024,0.035964442
3/7/2024,0.036242313
3/7/2024,0.03559513
3/7/2024,0.035748845
3/7/2024,0.03559513
3/7/2024,0.035779617
3/7/2024,0.035503013
3/7/2024,0.036273234
3/7/2024,0.035288404
3/7/2024,0.036087846
3/7/2024,0.035288404
3/7/2024,0.035841188
3/7/2024,0.036242313
3/7/2024,0.036118721
3/7/2024,0.036520941
3/7/2024,0.036831416
3/7/2024,0.035964442
3/7/2024,0.036582962
3/7/2024,0.036707114
3/7/2024,0.036397013
3/7/2024,0.036458958
3/7/2024,0.036520941
3/7/2024,0.036520941
3/7/2024,0.036458958
3/7/2024,0.037049302
3/7/2024,0.036987003
3/7/2024,0.036458958
3/7/2024,0.036427981
3/7/2024,0.035810397
3/7/2024,0.036180498
3/7/2024,0.03692474
3/7/2024,0.036180498
3/7/2024,0.035564415
3/7/2024,0.036026125
3/7/2024,0.036551947
3/7/2024,0.036366054
3/7/2024,0.036551947
3/7/2024,0.036242313
3/7/2024,0.036366054
3/7/2024,0.036707114
3/7/2024,0.036087846
3/7/2024,0.035319034
3/7/2024,0.036800326
3/7/2024,0.036397013
3/7/2024,0.035472326
3/7/2024,0.035656588
3/7/2024,0.035841188
3/7/2024,0.036211401
3/7/2024,0.035871987
3/7/2024,0.035441649
3/7/2024,0.035687331
3/7/2024,0.036180498
3/7/2024,0.035564415
3/7/2024,0.035871987
3/7/2024,0.035472326
3/8/2024,0.035933614
3/8/2024,0.035533709
3/8/2024,0.035380323
3/8/2024,0.035380323
3/8/2024,0.035410981
3/8/2024,0.035533709
3/8/2024,0.035074257
3/8/2024,0.034313232
3/8/2024,0.035472326
3/8/2024,0.03519657
3/8/2024,0.035319034
3/8/2024,0.034282914
3/8/2024,0.034586519
3/8/2024,0.035227172
3/8/2024,0.035319034
3/8/2024,0.035533709
3/8/2024,0.034586519
3/8/2024,0.034616931
3/8/2024,0.035165978
3/8/2024,0.034070957
3/8/2024,0.034616931
3/8/2024,0.035810397
3/8/2024,0.035104821
3/8/2024,0.034738677
3/8/2024,0.034677785
3/8/2024,0.034952096
3/8/2024,0.034616931
3/8/2024,0.033859467
3/8/2024,0.033919845
3/8/2024,0.033919845
3/8/2024,0.034769137
3/8/2024,0.034677785
3/8/2024,0.034708226
3/8/2024,0.034769137
3/8/2024,0.034040716
3/8/2024,0.033618336
3/8/2024,0.034313232
3/8/2024,0.034891071
3/8/2024,0.034343559
3/8/2024,0.033618336
3/8/2024,0.034222308
3/8/2024,0.033407849
3/8/2024,0.033558149
3/8/2024,0.032779209
3/8/2024,0.033889651
3/8/2024,0.033257789
3/8/2024,0.033829292
3/8/2024,0.034040716
3/8/2024,0.032958388
3/8/2024,0.033407849
3/8/2024,0.033078033
3/8/2024,0.03352807
3/8/2024,0.033287782
3/8/2024,0.033768971
3/8/2024,0.033588238
3/8/2024,0.033287782
3/8/2024,0.033829292
3/8/2024,0.033467941
3/8/2024,0.033829292
3/8/2024,0.033768971
3/8/2024,0.033407849
3/8/2024,0.033048107
3/8/2024,0.03352807
3/8/2024,0.033738825
3/8/2024,0.033708689
3/8/2024,0.033768971
3/8/2024,0.033618336
3/8/2024,0.033588238
3/8/2024,0.033498001
3/8/2024,0.034101208
3/8/2024,0.033678562
3/8/2024,0.032868755
3/8/2024,0.03352807
3/8/2024,0.032988285
3/8/2024,0.033137913
3/8/2024,0.033588238
3/8/2024,0.033558149
3/8/2024,0.033137913
3/8/2024,0.03352807
3/8/2024,0.033048107
3/8/2024,0.033048107
3/8/2024,0.033257789
3/8/2024,0.033738825
3/8/2024,0.033799127
3/8/2024,0.033799127
3/8/2024,0.032988285
3/8/2024,0.033377818
3/8/2024,0.03271956
3/8/2024,0.033137913
3/8/2024,0.033467941
3/8/2024,0.033227806
3/8/2024,0.033738825
3/8/2024,0.033919845
3/8/2024,0.033197832
3/8/2024,0.033137913
3/8/2024,0.033347796
3/9/2024,0.033317784
3/9/2024,0.033227806
3/9/2024,0.033107968
3/9/2024,0.032928501
3/9/2024,0.033678562
3/9/2024,0.033048107
3/9/2024,0.033167868
3/9/2024,0.032511091
3/9/2024,0.032838897
3/9/2024,0.032838897
3/9/2024,0.033317784
3/9/2024,0.032630158
3/9/2024,0.032630158
3/9/2024,0.032362475
3/9/2024,0.03268975
3/9/2024,0.032421892
3/9/2024,0.032154818
3/9/2024,0.032630158
3/9/2024,0.03233278
3/9/2024,0.033018191
3/9/2024,0.032600377
3/9/2024,0.032243755
3/9/2024,0.031977204
3/9/2024,0.032273421
3/9/2024,0.032184454
3/9/2024,0.032392178
3/9/2024,0.032065967
3/9/2024,0.031446461
3/9/2024,0.031888528
3/9/2024,0.032392178
3/9/2024,0.032451615
3/9/2024,0.03177043
3/9/2024,0.032392178
3/9/2024,0.031947636
3/9/2024,0.032838897
3/9/2024,0.031623025
3/9/2024,0.032362475
3/9/2024,0.031711439
3/9/2024,0.031829459
3/9/2024,0.032125191
3/9/2024,0.031623025
3/9/2024,0.031534699
3/9/2024,0.031711439
3/9/2024,0.031240914
3/9/2024,0.031505277
3/9/2024,0.03203637
3/9/2024,0.031387685
3/9/2024,0.030802068
3/9/2024,0.031505277
3/9/2024,0.031417068
3/9/2024,0.031593573
3/9/2024,0.031094387
3/9/2024,0.031211589
3/9/2024,0.030423521
3/9/2024,0.031387685
3/9/2024,0.031182274
3/9/2024,0.031123673
3/9/2024,0.031035845
3/9/2024,0.031475864
3/9/2024,0.030831256
3/9/2024,0.03051073
3/9/2024,0.031006589
3/9/2024,0.031270248
3/9/2024,0.030918878
3/9/2024,0.030948105
3/9/2024,0.030860454
3/9/2024,0.030627148
3/9/2024,0.030627148
3/9/2024,0.030977342
3/9/2024,0.030656276
3/9/2024,0.031182274
3/9/2024,0.030860454
3/9/2024,0.030802068
3/9/2024,0.030714564
3/9/2024,0.03077289
3/9/2024,0.030918878
3/9/2024,0.03051073
3/9/2024,0.030191395
3/9/2024,0.030831256
3/9/2024,0.030598029
3/9/2024,0.030685415
3/9/2024,0.03053982
3/9/2024,0.030685415
3/9/2024,0.030133462
3/9/2024,0.030220376
3/9/2024,0.030977342
3/9/2024,0.031094387
3/9/2024,0.030162424
3/9/2024,0.030423521
3/9/2024,0.03036543
3/9/2024,0.029902126
3/9/2024,0.030104511
3/9/2024,0.030307379
3/9/2024,0.03051073
3/9/2024,0.030017715
3/9/2024,0.03039447
3/10/2024,0.030307379
3/10/2024,0.0303364
3/10/2024,0.030307379
3/10/2024,0.030162424
3/10/2024,0.030714564
3/10/2024,0.029873254
3/10/2024,0.030627148
3/10/2024,0.030598029
3/10/2024,0.030307379
3/10/2024,0.030685415
3/10/2024,0.030133462
3/10/2024,0.030075569
3/10/2024,0.029959901
3/10/2024,0.029757863
3/10/2024,0.030423521
3/10/2024,0.030568919
3/10/2024,0.030220376
3/10/2024,0.0303364
3/10/2024,0.030075569
3/10/2024,0.029959901
3/10/2024,0.02964263
3/10/2024,0.02972904
3/10/2024,0.029498813
3/10/2024,0.029671424
3/10/2024,0.030133462
3/10/2024,0.029757863
3/10/2024,0.029844391
3/10/2024,0.029959901
3/10/2024,0.029931009
3/10/2024,0.029786696
3/10/2024,0.02955631
3/10/2024,0.029786696
3/10/2024,0.030133462
3/10/2024,0.029815539
3/10/2024,0.029844391
3/10/2024,0.02964263
3/10/2024,0.030220376
3/10/2024,0.030046637
3/10/2024,0.030046637
3/10/2024,0.029757863
3/10/2024,0.030191395
3/10/2024,0.0303364
3/10/2024,0.030133462
3/10/2024,0.030249367
3/10/2024,0.030831256
3/10/2024,0.0303364
3/10/2024,0.030017715
3/10/2024,0.030977342
3/10/2024,0.030162424
3/10/2024,0.030568919
3/10/2024,0.030831256
3/10/2024,0.030307379
3/10/2024,0.03053982
3/10/2024,0.0303364
3/10/2024,0.030802068
3/10/2024,0.030452581
3/10/2024,0.031417068
3/10/2024,0.030656276
3/10/2024,0.03203637
3/10/2024,0.030423521
3/10/2024,0.030831256
3/10/2024,0.030220376
3/10/2024,0.031094387
3/10/2024,0.03036543
3/10/2024,0.031006589
3/10/2024,0.029902126
3/10/2024,0.030423521
3/10/2024,0.03051073
3/10/2024,0.03077289
3/10/2024,0.030802068
3/10/2024,0.031947636
3/10/2024,0.031711439
3/10/2024,0.030948105
3/10/2024,0.031534699
3/10/2024,0.032006782
3/10/2024,0.031593573
3/10/2024,0.031593573
3/10/2024,0.031593573
3/10/2024,0.031299593
3/10/2024,0.031299593
3/10/2024,0.03077289
3/10/2024,0.030977342
3/10/2024,0.031065111
3/10/2024,0.030627148
3/10/2024,0.031152969
3/10/2024,0.031094387
3/10/2024,0.030568919
3/10/2024,0.030598029
3/10/2024,0.031299593
3/10/2024,0.03051073
3/10/2024,0.031035845
3/10/2024,0.030977342
3/10/2024,0.030307379
3/10/2024,0.030568919
3/10/2024,0.031152969
3/10/2024,0.030802068
3/11/2024,0.031182274
3/11/2024,0.031358311
3/11/2024,0.030831256
3/11/2024,0.031006589
3/11/2024,0.030568919
3/11/2024,0.030714564
3/11/2024,0.031240914
3/11/2024,0.030481651
3/11/2024,0.030075569
3/11/2024,0.030802068
3/11/2024,0.03077289
3/11/2024,0.030714564
3/11/2024,0.03036543
3/11/2024,0.030133462
3/11/2024,0.03039447
3/11/2024,0.030249367
3/11/2024,0.030481651
3/11/2024,0.030307379
3/11/2024,0.03077289
3/11/2024,0.0303364
3/11/2024,0.03036543
3/11/2024,0.030249367
3/11/2024,0.030104511
3/11/2024,0.029786696
3/11/2024,0.029931009
3/11/2024,0.030278368
3/11/2024,0.029441356
3/11/2024,0.030133462
3/11/2024,0.029931009
3/11/2024,0.030046637
3/11/2024,0.030104511
3/11/2024,0.029815539
3/11/2024,0.02972904
3/11/2024,0.029786696
3/11/2024,0.030249367
3/11/2024,0.029988803
3/11/2024,0.029815539
3/11/2024,0.030133462
3/11/2024,0.029700227
3/11/2024,0.029527557
3/11/2024,0.02964263
3/11/2024,0.02972904
3/11/2024,0.029815539
3/11/2024,0.02932656
3/11/2024,0.028954576
3/11/2024,0.02955631
3/11/2024,0.029040269
3/11/2024,0.029412642
3/11/2024,0.02972904
3/11/2024,0.029844391
3/11/2024,0.029355244
3/11/2024,0.029269222
3/11/2024,0.029269222
3/11/2024,0.029240568
3/11/2024,0.029269222
3/11/2024,0.029383938
3/11/2024,0.029700227
3/11/2024,0.029240568
3/11/2024,0.02918329
3/11/2024,0.029355244
3/11/2024,0.029154666
3/11/2024,0.028868973
3/11/2024,0.02898313
3/11/2024,0.029097447
3/11/2024,0.029269222
3/11/2024,0.029011694
3/11/2024,0.029412642
3/11/2024,0.028954576
3/11/2024,0.028754975
3/11/2024,0.028811954
3/11/2024,0.029269222
3/11/2024,0.028470682
3/11/2024,0.028641138
3/11/2024,0.02898313
3/11/2024,0.029011694
3/11/2024,0.02898313
3/11/2024,0.028783459
3/11/2024,0.02918329
3/11/2024,0.028926031
3/11/2024,0.030133462
3/11/2024,0.030889661
3/11/2024,0.031387685
3/11/2024,0.031446461
3/11/2024,0.032570605
3/11/2024,0.032540843
3/11/2024,0.03233278
3/11/2024,0.032928501
3/11/2024,0.032540843
3/11/2024,0.03268975
3/11/2024,0.032898623
3/11/2024,0.033018191
3/11/2024,0.032868755
3/11/2024,0.033558149
3/11/2024,0.034404242
3/11/2024,0.033648444
3/11/2024,0.035165978
3/12/2024,0.03519657
3/12/2024,0.034830085
3/12/2024,0.035995279
3/12/2024,0.035441649
3/12/2024,0.035257783
3/12/2024,0.035841188
3/12/2024,0.036242313
3/12/2024,0.036955867
3/12/2024,0.037392616
3/12/2024,0.036800326
3/12/2024,0.038114075
3/12/2024,0.038492427
3/12/2024,0.038650465
3/12/2024,0.038429277
3/12/2024,0.039955012
3/12/2024,0.04033973
3/12/2024,0.04030762
3/12/2024,0.041729005
3/12/2024,0.040983828
3/12/2024,0.041080755
3/12/2024,0.041761512
3/12/2024,0.042740889
3/12/2024,0.042675347
3/12/2024,0.04303627
3/12/2024,0.042773673
3/12/2024,0.043827474
3/12/2024,0.043167782
3/12/2024,0.041924182
3/12/2024,0.042282844
3/12/2024,0.041729005
3/12/2024,0.041794028
3/12/2024,0.04189163
3/12/2024,0.041016128
3/12/2024,0.040725755
3/12/2024,0.040951537
3/12/2024,0.041696507
3/12/2024,0.040115152
3/12/2024,0.04046826
3/12/2024,0.040661327
3/12/2024,0.04140443
3/12/2024,0.040115152
3/12/2024,0.040919256
3/12/2024,0.041210117
3/12/2024,0.039859037
3/12/2024,0.040725755
3/12/2024,0.041016128
3/12/2024,0.041210117
3/12/2024,0.040403977
3/12/2024,0.042217552
3/12/2024,0.042250194
3/12/2024,0.044957073
3/12/2024,0.04140443
3/12/2024,0.041566605
3/12/2024,0.041469273
3/12/2024,0.042282844
3/12/2024,0.040790219
3/12/2024,0.039955012
3/12/2024,0.040919256
3/12/2024,0.040147208
3/12/2024,0.040436114
3/12/2024,0.040564753
3/12/2024,0.040211346
3/12/2024,0.039571604
3/12/2024,0.039923011
3/12/2024,0.039603505
3/12/2024,0.039221301
3/12/2024,0.038967229
3/12/2024,0.039125955
3/12/2024,0.040179272
3/12/2024,0.040371849
3/12/2024,0.039221301
3/12/2024,0.038051146
3/12/2024,0.039316728
3/12/2024,0.039253101
3/12/2024,0.038460847
3/12/2024,0.038114075
3/12/2024,0.037737051
3/12/2024,0.038397715
3/12/2024,0.037862578
3/12/2024,0.037831182
3/12/2024,0.038366163
3/12/2024,0.04030762
3/12/2024,0.038872104
3/12/2024,0.039603505
3/12/2024,0.039539713
3/12/2024,0.038397715
3/12/2024,0.038587222
3/12/2024,0.038208539
3/12/2024,0.037925397
3/12/2024,0.03833462
3/12/2024,0.038145554
3/12/2024,0.038555615
3/12/2024,0.038460847
3/12/2024,0.038713745
3/12/2024,0.038397715
3/12/2024,0.038145554
3/13/2024,0.038145554
3/13/2024,0.038492427
3/13/2024,0.038019695
3/13/2024,0.038555615
3/13/2024,0.037831182
3/13/2024,0.03795682
3/13/2024,0.037705693
3/13/2024,0.037611672
3/13/2024,0.037893983
3/13/2024,0.037799796
3/13/2024,0.038082606
3/13/2024,0.037705693
3/13/2024,0.037580351
3/13/2024,0.038240045
3/13/2024,0.038177042
3/13/2024,0.038872104
3/13/2024,0.037455157
3/13/2024,0.037831182
3/13/2024,0.037330112
3/13/2024,0.038271561
3/13/2024,0.036769246
3/13/2024,0.037862578
3/13/2024,0.03795682
3/13/2024,0.037893983
3/13/2024,0.037330112
3/13/2024,0.037236425
3/13/2024,0.036987003
3/13/2024,0.036645019
3/13/2024,0.037111639
3/13/2024,0.036769246
3/13/2024,0.037643003
3/13/2024,0.036987003
3/13/2024,0.036893623
3/13/2024,0.037705693
3/13/2024,0.036707114
3/13/2024,0.037862578
3/13/2024,0.036613986
3/13/2024,0.036273234
3/13/2024,0.036955867
3/13/2024,0.038397715
3/13/2024,0.037423882
3/13/2024,0.037517735
3/13/2024,0.036582962
3/13/2024,0.036180498
3/13/2024,0.037205215
3/13/2024,0.037018148
3/13/2024,0.036180498
3/13/2024,0.036551947
3/13/2024,0.037455157
3/13/2024,0.036613986
3/13/2024,0.036427981
3/13/2024,0.036645019
3/13/2024,0.036458958
3/13/2024,0.037517735
3/13/2024,0.037111639
3/13/2024,0.035779617
3/13/2024,0.036149605
3/13/2024,0.036335105
3/13/2024,0.036273234
3/13/2024,0.037267644
3/13/2024,0.036242313
3/13/2024,0.036273234
3/13/2024,0.036366054
3/13/2024,0.036427981
3/13/2024,0.035964442
3/13/2024,0.035257783
3/13/2024,0.036149605
3/13/2024,0.035964442
3/13/2024,0.035964442
3/13/2024,0.035441649
3/13/2024,0.036026125
3/13/2024,0.035995279
3/13/2024,0.036056981
3/13/2024,0.035779617
3/13/2024,0.035349674
3/13/2024,0.035718083
3/13/2024,0.035810397
3/13/2024,0.036026125
3/13/2024,0.035748845
3/13/2024,0.035810397
3/13/2024,0.035257783
3/13/2024,0.035380323
3/13/2024,0.035410981
3/13/2024,0.035533709
3/13/2024,0.034982622
3/13/2024,0.035810397
3/13/2024,0.035779617
3/13/2024,0.034677785
3/13/2024,0.035135395
3/13/2024,0.035503013
3/13/2024,0.035718083
3/13/2024,0.034952096
3/13/2024,0.035564415
3/13/2024,0.035349674
3/13/2024,0.03559513
3/13/2024,0.035380323
3/14/2024,0.035135395
3/14/2024,0.034586519
3/14/2024,0.034799606
3/14/2024,0.035074257
3/14/2024,0.034952096
3/14/2024,0.035871987
3/14/2024,0.035074257
3/14/2024,0.034952096
3/14/2024,0.034495338
3/14/2024,0.034556115
3/14/2024,0.034616931
3/14/2024,0.035013158
3/14/2024,0.034982622
3/14/2024,0.03519657
3/14/2024,0.034647353
3/14/2024,0.034343559
3/14/2024,0.035074257
3/14/2024,0.034252606
3/14/2024,0.034616931
3/14/2024,0.034313232
3/14/2024,0.035288404
3/14/2024,0.034799606
3/14/2024,0.034495338
3/14/2024,0.034616931
3/14/2024,0.034616931
3/14/2024,0.034313232
3/14/2024,0.034252606
3/14/2024,0.034313232
3/14/2024,0.034313232
3/14/2024,0.034799606
3/14/2024,0.034101208
3/14/2024,0.034313232
3/14/2024,0.033799127
3/14/2024,0.034464963
3/14/2024,0.034404242
3/14/2024,0.034373896
3/14/2024,0.034313232
3/14/2024,0.034647353
3/14/2024,0.034040716
3/14/2024,0.03352807
3/14/2024,0.033889651
3/14/2024,0.034070957
3/14/2024,0.034282914
3/14/2024,0.033618336
3/14/2024,0.033618336
3/14/2024,0.030278368
3/14/2024,0.030133462
3/14/2024,0.030162424
3/14/2024,0.029959901
3/14/2024,0.029931009
3/14/2024,0.029412642
3/14/2024,0.029585074
3/14/2024,0.029097447
3/14/2024,0.029383938
3/14/2024,0.02932656
3/14/2024,0.02932656
3/14/2024,0.029269222
3/14/2024,0.029097447
3/14/2024,0.029355244
3/14/2024,0.029585074
3/14/2024,0.029297886
3/14/2024,0.028555865
3/14/2024,0.029240568
3/14/2024,0.02898313
3/14/2024,0.029011694
3/14/2024,0.028669582
3/14/2024,0.028555865
3/14/2024,0.028754975
3/14/2024,0.028726501
3/14/2024,0.028754975
3/14/2024,0.028527461
3/14/2024,0.028811954
3/14/2024,0.028868973
3/14/2024,0.028868973
3/14/2024,0.028442308
3/14/2024,0.028669582
3/14/2024,0.028811954
3/14/2024,0.028499066
3/14/2024,0.028641138
3/14/2024,0.028442308
3/14/2024,0.028584279
3/14/2024,0.028584279
3/14/2024,0.028328912
3/14/2024,0.028328912
3/14/2024,0.028328912
3/14/2024,0.028612703
3/14/2024,0.028470682
3/14/2024,0.028783459
3/14/2024,0.02815912
3/14/2024,0.027933294
3/14/2024,0.028698036
3/14/2024,0.028470682
3/14/2024,0.028641138
3/14/2024,0.027708114
3/14/2024,0.028470682
3/14/2024,0.028074359
3/14/2024,0.028555865
3/15/2024,0.028187393
3/15/2024,0.028470682
3/15/2024,0.027876938
3/15/2024,0.02745556
3/15/2024,0.027933294
3/15/2024,0.028017903
3/15/2024,0.028555865
3/15/2024,0.027708114
3/15/2024,0.028046126
3/15/2024,0.02815912
3/15/2024,0.02815912
3/15/2024,0.027933294
3/15/2024,0.028243971
3/15/2024,0.028413944
3/15/2024,0.027764348
3/15/2024,0.027736226
3/15/2024,0.027708114
3/15/2024,0.027259698
3/15/2024,0.028017903
3/15/2024,0.027708114
3/15/2024,0.027680012
3/15/2024,0.027315608
3/15/2024,0.027876938
3/15/2024,0.027371559
3/15/2024,0.027595767
3/15/2024,0.027848776
3/15/2024,0.027371559
3/15/2024,0.027736226
3/15/2024,0.027092212
3/15/2024,0.026925093
3/15/2024,0.027259698
3/15/2024,0.027539654
3/15/2024,0.027623838
3/15/2024,0.027483581
3/15/2024,0.027231758
3/15/2024,0.027092212
3/15/2024,0.027203829
3/15/2024,0.027511613
3/15/2024,0.027539654
3/15/2024,0.02742755
3/15/2024,0.027036465
3/15/2024,0.027120101
3/15/2024,0.026841671
3/15/2024,0.026813885
3/15/2024,0.027259698
3/15/2024,0.027203829
3/15/2024,0.026925093
3/15/2024,0.026925093
3/15/2024,0.026925093
3/15/2024,0.027399549
3/15/2024,0.027092212
3/15/2024,0.026647378
3/15/2024,0.026869468
3/15/2024,0.026730585
3/15/2024,0.027092212
3/15/2024,0.026730585
3/15/2024,0.026925093
3/15/2024,0.026591957
3/15/2024,0.026813885
3/15/2024,0.027036465
3/15/2024,0.026758341
3/15/2024,0.026564263
3/15/2024,0.026952921
3/15/2024,0.026564263
3/15/2024,0.026841671
3/15/2024,0.026012521
3/15/2024,0.026591957
3/15/2024,0.026980759
3/15/2024,0.026536578
3/15/2024,0.026260296
3/15/2024,0.026012521
3/15/2024,0.026287878
3/15/2024,0.026536578
3/15/2024,0.026591957
3/15/2024,0.02631547
3/15/2024,0.026287878
3/15/2024,0.026675103
3/15/2024,0.026177612
3/15/2024,0.02648124
3/15/2024,0.026425942
3/15/2024,0.026591957
3/15/2024,0.02606751
3/15/2024,0.026012521
3/15/2024,0.026564263
3/15/2024,0.026425942
3/15/2024,0.026150071
3/15/2024,0.026287878
3/15/2024,0.025820384
3/15/2024,0.026343073
3/15/2024,0.025902666
3/15/2024,0.02648124
3/15/2024,0.025410366
3/15/2024,0.026012521
3/15/2024,0.026260296
3/15/2024,0.02604001
3/15/2024,0.026232724
3/16/2024,0.025683453
3/16/2024,0.02606751
3/16/2024,0.025930114
3/16/2024,0.025902666
3/16/2024,0.025875228
3/16/2024,0.025710818
3/16/2024,0.025683453
3/16/2024,0.025710818
3/16/2024,0.025902666
3/16/2024,0.025601418
3/16/2024,0.025601418
3/16/2024,0.02576558
3/16/2024,0.025875228
3/16/2024,0.02604001
3/16/2024,0.02606751
3/16/2024,0.025902666
3/16/2024,0.025247013
3/16/2024,0.025410366
3/16/2024,0.025437628
3/16/2024,0.025301422
3/16/2024,0.025628752
3/16/2024,0.02576558
3/16/2024,0.025683453
3/16/2024,0.025683453
3/16/2024,0.025002683
3/16/2024,0.025383115
3/16/2024,0.025328643
3/16/2024,0.025492183
3/16/2024,0.025219823
3/16/2024,0.025138318
3/16/2024,0.025683453
3/16/2024,0.025138318
3/16/2024,0.025138318
3/16/2024,0.025355874
3/16/2024,0.025192644
3/16/2024,0.024921428
3/16/2024,0.025328643
3/16/2024,0.024786211
3/16/2024,0.024921428
3/16/2024,0.024975588
3/16/2024,0.024921428
3/16/2024,0.024462756
3/16/2024,0.024813233
3/16/2024,0.024948503
3/16/2024,0.024678225
3/16/2024,0.025002683
3/16/2024,0.024543479
3/16/2024,0.025002683
3/16/2024,0.024786211
3/16/2024,0.024489653
3/16/2024,0.024355274
3/16/2024,0.024301595
3/16/2024,0.024382128
3/16/2024,0.023581063
3/16/2024,0.024355274
3/16/2024,0.024274772
3/16/2024,0.023873684
3/16/2024,0.024382128
3/16/2024,0.02443587
3/16/2024,0.024355274
3/16/2024,0.024087302
3/16/2024,0.024408994
3/16/2024,0.024087302
3/16/2024,0.023927025
3/16/2024,0.024274772
3/16/2024,0.024462756
3/16/2024,0.023900349
3/16/2024,0.024301595
3/16/2024,0.023820385
3/16/2024,0.023501479
3/16/2024,0.023953712
3/16/2024,0.023873684
3/16/2024,0.024247959
3/16/2024,0.023793751
3/16/2024,0.024462756
3/16/2024,0.024408994
3/16/2024,0.024221156
3/16/2024,0.023953712
3/16/2024,0.024140812
3/16/2024,0.023953712
3/16/2024,0.023873684
3/16/2024,0.023767128
3/16/2024,0.024462756
3/16/2024,0.023793751
3/16/2024,0.023847029
3/16/2024,0.023873684
3/16/2024,0.023713913
3/16/2024,0.023634171
3/16/2024,0.024007116
3/16/2024,0.023157723
3/16/2024,0.024087302
3/16/2024,0.023316157
3/16/2024,0.023980409
3/16/2024,0.023527996
3/16/2024,0.023607612
3/16/2024,0.023184102
3/16/2024,0.023740515
3/17/2024,0.023660741
3/17/2024,0.023581063
3/17/2024,0.023581063
3/17/2024,0.023554524
3/17/2024,0.023184102
3/17/2024,0.023980409
3/17/2024,0.024140812
3/17/2024,0.023793751
3/17/2024,0.023395517
3/17/2024,0.023210492
3/17/2024,0.023660741
3/17/2024,0.023289724
3/17/2024,0.023052314
3/17/2024,0.023448477
3/17/2024,0.023369053
3/17/2024,0.023713913
3/17/2024,0.023395517
3/17/2024,0.023421992
3/17/2024,0.023184102
3/17/2024,0.023847029
3/17/2024,0.023395517
3/17/2024,0.023421992
3/17/2024,0.023025988
3/17/2024,0.023793751
3/17/2024,0.023581063
3/17/2024,0.024516561
3/17/2024,0.023263303
3/17/2024,0.023793751
3/17/2024,0.02307865
3/17/2024,0.024408994
3/17/2024,0.023289724
3/17/2024,0.022973369
3/17/2024,0.023740515
3/17/2024,0.023263303
3/17/2024,0.024033834
3/17/2024,0.023554524
3/17/2024,0.024060563
3/17/2024,0.022632387
3/17/2024,0.022999674
3/17/2024,0.022658553
3/17/2024,0.023820385
3/17/2024,0.023184102
3/17/2024,0.022423453
3/17/2024,0.024060563
3/17/2024,0.023025988
3/17/2024,0.022449532
3/17/2024,0.022737112
3/17/2024,0.023501479
3/17/2024,0.024087302
3/17/2024,0.023052314
3/17/2024,0.02234528
3/17/2024,0.023157723
3/17/2024,0.023316157
3/17/2024,0.023369053
3/17/2024,0.023289724
3/17/2024,0.022894521
3/17/2024,0.022423453
3/17/2024,0.022789539
3/17/2024,0.022553957
3/17/2024,0.02307865
3/17/2024,0.023236892
3/17/2024,0.022111344
3/17/2024,0.022947076
3/17/2024,0.02276332
3/17/2024,0.023421992
3/17/2024,0.022553957
3/17/2024,0.023184102
3/17/2024,0.023157723
3/17/2024,0.023527996
3/17/2024,0.022894521
3/17/2024,0.022737112
3/17/2024,0.023236892
3/17/2024,0.023052314
3/17/2024,0.023369053
3/17/2024,0.023607612
3/17/2024,0.023369053
3/17/2024,0.023316157
3/17/2024,0.023236892
3/17/2024,0.022684728
3/17/2024,0.023847029
3/17/2024,0.023342599
3/17/2024,0.023581063
3/17/2024,0.023793751
3/17/2024,0.023395517
3/17/2024,0.023157723
3/17/2024,0.023634171
3/17/2024,0.023554524
3/17/2024,0.023687322
3/17/2024,0.023501479
3/17/2024,0.022999674
3/17/2024,0.023527996
3/17/2024,0.023527996
3/17/2024,0.023131355
3/17/2024,0.022973369
3/17/2024,0.022842008
3/17/2024,0.023289724
3/18/2024,0.023104997
3/18/2024,0.023448477
3/18/2024,0.022868259
3/18/2024,0.022920793
3/18/2024,0.023395517
3/18/2024,0.02307865
3/18/2024,0.023395517
3/18/2024,0.023157723
3/18/2024,0.023263303
3/18/2024,0.022710915
3/18/2024,0.023157723
3/18/2024,0.023025988
3/18/2024,0.023052314
3/18/2024,0.023052314
3/18/2024,0.023660741
3/18/2024,0.022947076
3/18/2024,0.023184102
3/18/2024,0.023052314
3/18/2024,0.023554524
3/18/2024,0.023342599
3/18/2024,0.023369053
3/18/2024,0.023581063
3/18/2024,0.023900349
3/18/2024,0.022868259
3/18/2024,0.023369053
3/18/2024,0.022815768
3/18/2024,0.023687322
3/18/2024,0.022947076
3/18/2024,0.022920793
3/18/2024,0.023501479
3/18/2024,0.023527996
3/18/2024,0.023104997
3/18/2024,0.023052314
3/18/2024,0.022553957
3/18/2024,0.023052314
3/18/2024,0.023184102
3/18/2024,0.022789539
3/18/2024,0.023501479
3/18/2024,0.022894521
3/18/2024,0.022868259
3/18/2024,0.023104997
3/18/2024,0.022475622
3/18/2024,0.023131355
3/18/2024,0.022868259
3/18/2024,0.023289724
3/18/2024,0.022319244
3/18/2024,0.022371327
3/18/2024,0.02276332
3/18/2024,0.022137293
3/18/2024,0.022293219
3/18/2024,0.022397385
3/18/2024,0.021646097
3/18/2024,0.022580089
3/18/2024,0.022580089
3/18/2024,0.022215208
3/18/2024,0.022527834
3/18/2024,0.021723394
3/18/2024,0.022475622
3/18/2024,0.022947076
3/18/2024,0.021878282
3/18/2024,0.022215208
3/18/2024,0.022580089
3/18/2024,0.022553957
3/18/2024,0.022658553
3/18/2024,0.022423453
3/18/2024,0.022527834
3/18/2024,0.02276332
3/18/2024,0.022371327
3/18/2024,0.022111344
3/18/2024,0.023236892
3/18/2024,0.022397385
3/18/2024,0.022632387
3/18/2024,0.022501723
3/18/2024,0.022606233
3/18/2024,0.022553957
3/18/2024,0.022501723
3/18/2024,0.022475622
3/18/2024,0.022241201
3/18/2024,0.022580089
3/18/2024,0.022423453
3/18/2024,0.022397385
3/18/2024,0.022371327
3/18/2024,0.022475622
3/18/2024,0.022527834
3/18/2024,0.022475622
3/18/2024,0.022215208
3/18/2024,0.022137293
3/18/2024,0.022241201
3/18/2024,0.022710915
3/18/2024,0.022241201
3/18/2024,0.022293219
3/18/2024,0.023369053
3/18/2024,0.022423453
3/18/2024,0.022894521
3/18/2024,0.02234528
3/18/2024,0.022710915
3/19/2024,0.022658553
3/19/2024,0.022319244
3/19/2024,0.022868259
3/19/2024,0.022007652
3/19/2024,0.022789539
3/19/2024,0.022397385
3/19/2024,0.022033559
3/19/2024,0.022527834
3/19/2024,0.022658553
3/19/2024,0.022319244
3/19/2024,0.02234528
3/19/2024,0.022553957
3/19/2024,0.023104997
3/19/2024,0.022842008
3/19/2024,0.022894521
3/19/2024,0.022423453
3/19/2024,0.022632387
3/19/2024,0.022710915
3/19/2024,0.022475622
3/19/2024,0.021981757
3/19/2024,0.022241201
3/19/2024,0.022475622
3/19/2024,0.022894521
3/19/2024,0.022059476
3/19/2024,0.022710915
3/19/2024,0.022397385
3/19/2024,0.022606233
3/19/2024,0.022241201
3/19/2024,0.022371327
3/19/2024,0.022868259
3/19/2024,0.022920793
3/19/2024,0.022868259
3/19/2024,0.022842008
3/19/2024,0.022189225
3/19/2024,0.022684728
3/19/2024,0.022241201
3/19/2024,0.022189225
3/19/2024,0.022033559
3/19/2024,0.022137293
3/19/2024,0.022163254
3/19/2024,0.02185244
3/19/2024,0.022111344
3/19/2024,0.022137293
3/19/2024,0.021826609
3/19/2024,0.021749182
3/19/2024,0.022007652
3/19/2024,0.022007652
3/19/2024,0.021491797
3/19/2024,0.021031251
3/19/2024,0.021517486
3/19/2024,0.021107763
3/19/2024,0.021723394
3/19/2024,0.02185244
3/19/2024,0.02185244
3/19/2024,0.021671852
3/19/2024,0.021929997
3/19/2024,0.021955872
3/19/2024,0.021800789
3/19/2024,0.021466118
3/19/2024,0.021363513
3/19/2024,0.021671852
3/19/2024,0.021466118
3/19/2024,0.02159462
3/19/2024,0.021261081
3/19/2024,0.021620353
3/19/2024,0.021826609
3/19/2024,0.021491797
3/19/2024,0.021491797
3/19/2024,0.021620353
3/19/2024,0.021107763
3/19/2024,0.021646097
3/19/2024,0.021568898
3/19/2024,0.02159462
3/19/2024,0.021517486
3/19/2024,0.021158825
3/19/2024,0.021929997
3/19/2024,0.021568898
3/19/2024,0.022163254
3/19/2024,0.021904134
3/19/2024,0.021723394
3/19/2024,0.021646097
3/19/2024,0.021286673
3/19/2024,0.021312275
3/19/2024,0.02159462
3/19/2024,0.021568898
3/19/2024,0.021723394
3/19/2024,0.021697618
3/19/2024,0.022241201
3/19/2024,0.02185244
3/19/2024,0.021620353
3/19/2024,0.021723394
3/19/2024,0.021671852
3/19/2024,0.021209931
3/19/2024,0.02159462
3/19/2024,0.02177498
3/19/2024,0.021363513
3/20/2024,0.021158825
3/20/2024,0.021826609
3/20/2024,0.021826609
3/20/2024,0.02144045
3/20/2024,0.021800789
3/20/2024,0.021491797
3/20/2024,0.02177498
3/20/2024,0.021543187
3/20/2024,0.021414794
3/20/2024,0.021826609
3/20/2024,0.021209931
3/20/2024,0.021620353
3/20/2024,0.021517486
3/20/2024,0.021363513
3/20/2024,0.021749182
3/20/2024,0.021312275
3/20/2024,0.021826609
3/20/2024,0.021184373
3/20/2024,0.021286673
3/20/2024,0.02144045
3/20/2024,0.021723394
3/20/2024,0.021491797
3/20/2024,0.021466118
3/20/2024,0.021286673
3/20/2024,0.021620353
3/20/2024,0.020980298
3/20/2024,0.02144045
3/20/2024,0.020954838
3/20/2024,0.021082248
3/20/2024,0.021491797
3/20/2024,0.021286673
3/20/2024,0.021466118
3/20/2024,0.020802308
3/20/2024,0.021671852
3/20/2024,0.021723394
3/20/2024,0.021491797
3/20/2024,0.021209931
3/20/2024,0.021286673
3/20/2024,0.021235501
3/20/2024,0.021414794
3/20/2024,0.021184373
3/20/2024,0.021671852
3/20/2024,0.020954838
3/20/2024,0.022007652
3/20/2024,0.02144045
3/20/2024,0.021363513
3/20/2024,0.021620353
3/20/2024,0.021749182
3/20/2024,0.021517486
3/20/2024,0.021671852
3/20/2024,0.021543187
3/20/2024,0.021286673
3/20/2024,0.021929997
3/20/2024,0.021312275
3/20/2024,0.021107763
3/20/2024,0.021056744
3/20/2024,0.020853108
3/20/2024,0.021337888
3/20/2024,0.021312275
3/20/2024,0.021133289
3/20/2024,0.021005769
3/20/2024,0.020726192
3/20/2024,0.020726192
3/20/2024,0.020751553
3/20/2024,0.021209931
3/20/2024,0.020372294
3/20/2024,0.021337888
3/20/2024,0.020878524
3/20/2024,0.020929389
3/20/2024,0.020751553
3/20/2024,0.021261081
3/20/2024,0.020422718
3/20/2024,0.020878524
3/20/2024,0.020675503
3/20/2024,0.020726192
3/20/2024,0.020498438
3/20/2024,0.020980298
3/20/2024,0.020929389
3/20/2024,0.020827703
3/20/2024,0.020776925
3/20/2024,0.020853108
3/20/2024,0.021158825
3/20/2024,0.020675503
3/20/2024,0.020574256
3/20/2024,0.020827703
3/20/2024,0.021056744
3/20/2024,0.020776925
3/20/2024,0.021312275
3/20/2024,0.021363513
3/20/2024,0.020321913
3/20/2024,0.020171039
3/20/2024,0.020827703
3/20/2024,0.021466118
3/20/2024,0.021261081
3/20/2024,0.020548972
3/20/2024,0.021184373
3/21/2024,0.020751553
3/21/2024,0.020372294
3/21/2024,0.020120836
3/21/2024,0.020473187
3/21/2024,0.020700842
3/21/2024,0.020347098
3/21/2024,0.020624858
3/21/2024,0.021312275
3/21/2024,0.021184373
3/21/2024,0.020776925
3/21/2024,0.020726192
3/21/2024,0.020372294
3/21/2024,0.020171039
3/21/2024,0.020624858
3/21/2024,0.020650175
3/21/2024,0.020903951
3/21/2024,0.020954838
3/21/2024,0.020246426
3/21/2024,0.020751553
3/21/2024,0.020700842
3/21/2024,0.021286673
3/21/2024,0.020548972
3/21/2024,0.021107763
3/21/2024,0.02177498
3/21/2024,0.020675503
3/21/2024,0.020878524
3/21/2024,0.020751553
3/21/2024,0.021491797
3/21/2024,0.020574256
3/21/2024,0.020548972
3/21/2024,0.020751553
3/21/2024,0.021209931
3/21/2024,0.020700842
3/21/2024,0.021286673
3/21/2024,0.021723394
3/21/2024,0.02144045
3/21/2024,0.021749182
3/21/2024,0.02307865
3/21/2024,0.021286673
3/21/2024,0.021235501
3/21/2024,0.020574256
3/21/2024,0.020802308
3/21/2024,0.021235501
3/21/2024,0.020271577
3/21/2024,0.021337888
3/21/2024,0.021158825
3/21/2024,0.020523699
3/21/2024,0.020246426
3/21/2024,0.020372294
3/21/2024,0.020980298
3/21/2024,0.020372294
3/21/2024,0.020903951
3/21/2024,0.020221286
3/21/2024,0.019770661
3/21/2024,0.019497057
3/21/2024,0.019422673
3/21/2024,0.019945475
3/21/2024,0.01910151
3/21/2024,0.018904817
3/21/2024,0.019150796
3/21/2024,0.019447456
3/21/2024,0.019720814
3/21/2024,0.019003073
3/21/2024,0.01934839
3/21/2024,0.019027665
3/21/2024,0.019200127
3/21/2024,0.019126147
3/21/2024,0.019224809
3/21/2024,0.01910151
3/21/2024,0.019249503
3/21/2024,0.018978492
3/21/2024,0.01937314
3/21/2024,0.019175455
3/21/2024,0.018953922
3/21/2024,0.019274208
3/21/2024,0.018953922
3/21/2024,0.019546702
3/21/2024,0.018978492
3/21/2024,0.019200127
3/21/2024,0.01937314
3/21/2024,0.019027665
3/21/2024,0.019003073
3/21/2024,0.019126147
3/21/2024,0.018953922
3/21/2024,0.019497057
3/21/2024,0.019397901
3/21/2024,0.019596393
3/21/2024,0.01910151
3/21/2024,0.019397901
3/21/2024,0.019052269
3/21/2024,0.019200127
3/21/2024,0.019126147
3/21/2024,0.018953922
3/21/2024,0.018831243
3/21/2024,0.019447456
3/21/2024,0.019521874
3/22/2024,0.019076883
3/22/2024,0.018880281
3/22/2024,0.019200127
3/22/2024,0.019274208
3/22/2024,0.018880281
3/22/2024,0.019274208
3/22/2024,0.019076883
3/22/2024,0.018880281
3/22/2024,0.018708847
3/22/2024,0.019397901
3/22/2024,0.019175455
3/22/2024,0.018904817
3/22/2024,0.019422673
3/22/2024,0.019200127
3/22/2024,0.019150796
3/22/2024,0.018978492
3/22/2024,0.019003073
3/22/2024,0.018855756
3/22/2024,0.019422673
3/22/2024,0.018904817
3/22/2024,0.018880281
3/22/2024,0.018611135
3/22/2024,0.019052269
3/22/2024,0.019298924
3/22/2024,0.019003073
3/22/2024,0.018562347
3/22/2024,0.018222104
3/22/2024,0.019298924
3/22/2024,0.019298924
3/22/2024,0.018831243
3/22/2024,0.019571542
3/22/2024,0.019175455
3/22/2024,0.019298924
3/22/2024,0.01934839
3/22/2024,0.019497057
3/22/2024,0.019970494
3/22/2024,0.01934839
3/22/2024,0.019052269
3/22/2024,0.019052269
3/22/2024,0.018733304
3/22/2024,0.019497057
3/22/2024,0.019521874
3/22/2024,0.018855756
3/22/2024,0.020095751
3/22/2024,0.018733304
3/22/2024,0.019175455
3/22/2024,0.018806741
3/22/2024,0.018880281
3/22/2024,0.018611135
3/22/2024,0.019052269
3/22/2024,0.018806741
3/22/2024,0.018513604
3/22/2024,0.019027665
3/22/2024,0.018782251
3/22/2024,0.018929364
3/22/2024,0.018904817
3/22/2024,0.019052269
3/22/2024,0.018562347
3/22/2024,0.018537969
3/22/2024,0.018757772
3/22/2024,0.018586735
3/22/2024,0.018635546
3/22/2024,0.018611135
3/22/2024,0.018125302
3/22/2024,0.01817368
3/22/2024,0.018222104
3/22/2024,0.018489249
3/22/2024,0.018708847
3/22/2024,0.018464907
3/22/2024,0.018806741
3/22/2024,0.018782251
3/22/2024,0.018733304
3/22/2024,0.018880281
3/22/2024,0.018684402
3/22/2024,0.01910151
3/22/2024,0.018806741
3/22/2024,0.018416255
3/22/2024,0.019027665
3/22/2024,0.018708847
3/22/2024,0.018586735
3/22/2024,0.018880281
3/22/2024,0.018880281
3/22/2024,0.018586735
3/22/2024,0.019175455
3/22/2024,0.018367649
3/22/2024,0.018489249
3/22/2024,0.018782251
3/22/2024,0.019175455
3/22/2024,0.018929364
3/22/2024,0.019052269
3/22/2024,0.018733304
3/22/2024,0.019052269
3/22/2024,0.019003073
3/22/2024,0.018464907
3/22/2024,0.018684402
3/22/2024,0.01910151
3/23/2024,0.019052269
3/23/2024,0.019200127
3/23/2024,0.019175455
3/23/2024,0.018367649
3/23/2024,0.018880281
3/23/2024,0.018855756
3/23/2024,0.018904817
3/23/2024,0.018880281
3/23/2024,0.018659968
3/23/2024,0.018733304
3/23/2024,0.018611135
3/23/2024,0.018757772
3/23/2024,0.018733304
3/23/2024,0.018562347
3/23/2024,0.018953922
3/23/2024,0.019027665
3/23/2024,0.018733304
3/23/2024,0.019224809
3/23/2024,0.018513604
3/23/2024,0.018586735
3/23/2024,0.018904817
3/23/2024,0.018684402
3/23/2024,0.019397901
3/23/2024,0.018733304
3/23/2024,0.019052269
3/23/2024,0.018440575
3/23/2024,0.018929364
3/23/2024,0.018562347
3/23/2024,0.018806741
3/23/2024,0.018733304
3/23/2024,0.018855756
3/23/2024,0.01910151
3/23/2024,0.01817368
3/23/2024,0.018831243
3/23/2024,0.018855756
3/23/2024,0.018831243
3/23/2024,0.018782251
3/23/2024,0.018562347
3/23/2024,0.019027665
3/23/2024,0.019052269
3/23/2024,0.018757772
3/23/2024,0.018611135
3/23/2024,0.018831243
3/23/2024,0.019150796
3/23/2024,0.018880281
3/23/2024,0.018806741
3/23/2024,0.019845514
3/23/2024,0.019695907
3/23/2024,0.019422673
3/23/2024,0.019497057
3/23/2024,0.019820552
3/23/2024,0.019720814
3/23/2024,0.019323651
3/23/2024,0.019920469
3/23/2024,0.019920469
3/23/2024,0.019845514
3/23/2024,0.019621255
3/23/2024,0.019422673
3/23/2024,0.01910151
3/23/2024,0.019150796
3/23/2024,0.019052269
3/23/2024,0.019175455
3/23/2024,0.01934839
3/23/2024,0.019052269
3/23/2024,0.019249503
3/23/2024,0.018757772
3/23/2024,0.018880281
3/23/2024,0.019224809
3/23/2024,0.019027665
3/23/2024,0.019052269
3/23/2024,0.018489249
3/23/2024,0.019274208
3/23/2024,0.018635546
3/23/2024,0.019052269
3/23/2024,0.018782251
3/23/2024,0.018149486
3/23/2024,0.019027665
3/23/2024,0.018904817
3/23/2024,0.018855756
3/23/2024,0.019076883
3/23/2024,0.018708847
3/23/2024,0.018513604
3/23/2024,0.018806741
3/23/2024,0.019150796
3/23/2024,0.018855756
3/23/2024,0.018440575
3/23/2024,0.018806741
3/23/2024,0.018635546
3/23/2024,0.01910151
3/23/2024,0.018708847
3/23/2024,0.018880281
3/23/2024,0.018782251
3/23/2024,0.018806741
3/23/2024,0.018708847
3/23/2024,0.018929364
3/23/2024,0.018806741
3/23/2024,0.018537969
3/24/2024,0.018733304
3/24/2024,0.018537969
3/24/2024,0.018125302
3/24/2024,0.018659968
3/24/2024,0.018684402
3/24/2024,0.018782251
3/24/2024,0.018416255
3/24/2024,0.018440575
3/24/2024,0.018246333
3/24/2024,0.018004558
3/24/2024,0.018319088
3/24/2024,0.018513604
3/24/2024,0.018659968
3/24/2024,0.018489249
3/24/2024,0.018440575
3/24/2024,0.018733304
3/24/2024,0.018125302
3/24/2024,0.018953922
3/24/2024,0.019076883
3/24/2024,0.018855756
3/24/2024,0.018978492
3/24/2024,0.018904817
3/24/2024,0.019521874
3/24/2024,0.019200127
3/24/2024,0.019274208
3/24/2024,0.020045615
3/24/2024,0.019895473
3/24/2024,0.019298924
3/24/2024,0.019945475
3/24/2024,0.019820552
3/24/2024,0.019870488
3/24/2024,0.019571542
3/24/2024,0.020853108
3/24/2024,0.020650175
3/24/2024,0.020120836
3/24/2024,0.020171039
3/24/2024,0.020246426
3/24/2024,0.020650175
3/24/2024,0.020599551
3/24/2024,0.020650175
3/24/2024,0.020120836
3/24/2024,0.020751553
3/24/2024,0.020954838
3/24/2024,0.020700842
3/24/2024,0.021082248
3/24/2024,0.020624858
3/24/2024,0.021005769
3/24/2024,0.021543187
3/24/2024,0.021158825
3/24/2024,0.020498438
3/24/2024,0.020776925
3/24/2024,0.021082248
3/24/2024,0.020447947
3/24/2024,0.021466118
3/24/2024,0.021286673
3/24/2024,0.021671852
3/24/2024,0.021389148
3/24/2024,0.021466118
3/24/2024,0.02159462
3/24/2024,0.020776925
3/24/2024,0.021749182
3/24/2024,0.02177498
3/24/2024,0.021312275
3/24/2024,0.021235501
3/24/2024,0.021620353
3/24/2024,0.021286673
3/24/2024,0.022059476
3/24/2024,0.021184373
3/24/2024,0.02159462
3/24/2024,0.021261081
3/24/2024,0.021543187
3/24/2024,0.021466118
3/24/2024,0.021568898
3/24/2024,0.020574256
3/24/2024,0.021363513
3/24/2024,0.020929389
3/24/2024,0.021286673
3/24/2024,0.020954838
3/24/2024,0.021158825
3/24/2024,0.020878524
3/24/2024,0.020878524
3/24/2024,0.021158825
3/24/2024,0.021209931
3/24/2024,0.020700842
3/24/2024,0.020574256
3/24/2024,0.021031251
3/24/2024,0.02029674
3/24/2024,0.020853108
3/24/2024,0.020599551
3/24/2024,0.020473187
3/24/2024,0.020473187
3/24/2024,0.021031251
3/24/2024,0.020447947
3/24/2024,0.020498438
3/24/2024,0.020246426
3/24/2024,0.020954838
3/25/2024,0.020271577
3/25/2024,0.019945475
3/25/2024,0.020347098
3/25/2024,0.020372294
3/25/2024,0.020171039
3/25/2024,0.020523699
3/25/2024,0.020321913
3/25/2024,0.0203975
3/25/2024,0.019845514
3/25/2024,0.020095751
3/25/2024,0.020145932
3/25/2024,0.020196157
3/25/2024,0.020020563
3/25/2024,0.019695907
3/25/2024,0.019970494
3/25/2024,0.020246426
3/25/2024,0.020095751
3/25/2024,0.020045615
3/25/2024,0.020095751
3/25/2024,0.019920469
3/25/2024,0.019795601
3/25/2024,0.019945475
3/25/2024,0.019571542
3/25/2024,0.019945475
3/25/2024,0.020095751
3/25/2024,0.020070677
3/25/2024,0.020171039
3/25/2024,0.020221286
3/25/2024,0.020271577
3/25/2024,0.019745732
3/25/2024,0.019770661
3/25/2024,0.019422673
3/25/2024,0.020020563
3/25/2024,0.019720814
3/25/2024,0.020221286
3/25/2024,0.019646128
3/25/2024,0.019895473
3/25/2024,0.020120836
3/25/2024,0.020347098
3/25/2024,0.019720814
3/25/2024,0.01934839
3/25/2024,0.019521874
3/25/2024,0.019695907
3/25/2024,0.019323651
3/25/2024,0.019274208
3/25/2024,0.020070677
3/25/2024,0.020196157
3/25/2024,0.020347098
3/25/2024,0.020120836
3/25/2024,0.020070677
3/25/2024,0.02029674
3/25/2024,0.019126147
3/25/2024,0.019621255
3/25/2024,0.019820552
3/25/2024,0.019521874
3/25/2024,0.019646128
3/25/2024,0.019770661
3/25/2024,0.020196157
3/25/2024,0.019671012
3/25/2024,0.019995523
3/25/2024,0.019646128
3/25/2024,0.018978492
3/25/2024,0.020020563
3/25/2024,0.019274208
3/25/2024,0.019621255
3/25/2024,0.01937314
3/25/2024,0.019546702
3/25/2024,0.019895473
3/25/2024,0.019472251
3/25/2024,0.019596393
3/25/2024,0.018880281
3/25/2024,0.019521874
3/25/2024,0.019274208
3/25/2024,0.020020563
3/25/2024,0.019546702
3/25/2024,0.019571542
3/25/2024,0.019397901
3/25/2024,0.019323651
3/25/2024,0.019720814
3/25/2024,0.019845514
3/25/2024,0.019870488
3/25/2024,0.019621255
3/25/2024,0.019920469
3/25/2024,0.019422673
3/25/2024,0.019422673
3/25/2024,0.01937314
3/25/2024,0.019671012
3/25/2024,0.019175455
3/25/2024,0.019621255
3/25/2024,0.019397901
3/25/2024,0.019076883
3/25/2024,0.019274208
3/25/2024,0.019200127
3/25/2024,0.019224809
3/25/2024,0.018880281
3/25/2024,0.019224809
3/26/2024,0.018953922
3/26/2024,0.019621255
3/26/2024,0.019052269
3/26/2024,0.019323651
3/26/2024,0.019646128
3/26/2024,0.019795601
3/26/2024,0.019546702
3/26/2024,0.019200127
3/26/2024,0.019126147
3/26/2024,0.019274208
3/26/2024,0.019175455
3/26/2024,0.019447456
3/26/2024,0.019323651
3/26/2024,0.019621255
3/26/2024,0.019397901
3/26/2024,0.019076883
3/26/2024,0.019274208
3/26/2024,0.01910151
3/26/2024,0.019175455
3/26/2024,0.019200127
3/26/2024,0.019200127
3/26/2024,0.019323651
3/26/2024,0.019224809
3/26/2024,0.019175455
3/26/2024,0.019200127
3/26/2024,0.018953922
3/26/2024,0.019571542
3/26/2024,0.019447456
3/26/2024,0.018782251
3/26/2024,0.019298924
3/26/2024,0.019027665
3/26/2024,0.019671012
3/26/2024,0.019621255
3/26/2024,0.019596393
3/26/2024,0.019397901
3/26/2024,0.019571542
3/26/2024,0.018978492
3/26/2024,0.019323651
3/26/2024,0.020120836
3/26/2024,0.019224809
3/26/2024,0.020246426
3/26/2024,0.019571542
3/26/2024,0.020751553
3/26/2024,0.019695907
3/26/2024,0.019546702
3/26/2024,0.019397901
3/26/2024,0.019447456
3/26/2024,0.019646128
3/26/2024,0.019497057
3/26/2024,0.019447456
3/26/2024,0.019447456
3/26/2024,0.019895473
3/26/2024,0.019970494
3/26/2024,0.01910151
3/26/2024,0.019003073
3/26/2024,0.019298924
3/26/2024,0.019646128
3/26/2024,0.019447456
3/26/2024,0.019472251
3/26/2024,0.020246426
3/26/2024,0.019521874
3/26/2024,0.019274208
3/26/2024,0.018880281
3/26/2024,0.019027665
3/26/2024,0.019995523
3/26/2024,0.019052269
3/26/2024,0.018904817
3/26/2024,0.018513604
3/26/2024,0.019052269
3/26/2024,0.018562347
3/26/2024,0.019027665
3/26/2024,0.018953922
3/26/2024,0.019076883
3/26/2024,0.018733304
3/26/2024,0.018782251
3/26/2024,0.018880281
3/26/2024,0.018659968
3/26/2024,0.018440575
3/26/2024,0.018782251
3/26/2024,0.018757772
3/26/2024,0.019274208
3/26/2024,0.018464907
3/26/2024,0.018635546
3/26/2024,0.018416255
3/26/2024,0.018562347
3/26/2024,0.018806741
3/26/2024,0.018464907
3/26/2024,0.018733304
3/26/2024,0.018733304
3/26/2024,0.018586735
3/26/2024,0.018367649
3/26/2024,0.018733304
3/26/2024,0.018004558
3/26/2024,0.018367649
3/26/2024,0.018489249
3/26/2024,0.018635546
3/27/2024,0.018659968
3/27/2024,0.018708847
3/27/2024,0.018635546
3/27/2024,0.018782251
3/27/2024,0.018537969
3/27/2024,0.018537969
3/27/2024,0.018513604
3/27/2024,0.018733304
3/27/2024,0.018416255
3/27/2024,0.018537969
3/27/2024,0.018929364
3/27/2024,0.018708847
3/27/2024,0.018733304
3/27/2024,0.018708847
3/27/2024,0.018659968
3/27/2024,0.018806741
3/27/2024,0.018953922
3/27/2024,0.018391946
3/27/2024,0.018635546
3/27/2024,0.018806741
3/27/2024,0.018635546
3/27/2024,0.018391946
3/27/2024,0.018782251
3/27/2024,0.019027665
3/27/2024,0.018513604
3/27/2024,0.018904817
3/27/2024,0.018611135
3/27/2024,0.018831243
3/27/2024,0.019003073
3/27/2024,0.018513604
3/27/2024,0.019298924
3/27/2024,0.018635546
3/27/2024,0.019076883
3/27/2024,0.019003073
3/27/2024,0.018953922
3/27/2024,0.018611135
3/27/2024,0.018270573
3/27/2024,0.018806741
3/27/2024,0.018586735
3/27/2024,0.019027665
3/27/2024,0.018464907
3/27/2024,0.018343363
3/27/2024,0.018416255
3/27/2024,0.018246333
3/27/2024,0.018684402
3/27/2024,0.018489249
3/27/2024,0.018440575
3/27/2024,0.018343363
3/27/2024,0.018537969
3/27/2024,0.018684402
3/27/2024,0.018537969
3/27/2024,0.018782251
3/27/2024,0.018880281
3/27/2024,0.018806741
3/27/2024,0.018953922
3/27/2024,0.018831243
3/27/2024,0.019076883
3/27/2024,0.018806741
3/27/2024,0.018513604
3/27/2024,0.019003073
3/27/2024,0.018708847
3/27/2024,0.018733304
3/27/2024,0.018708847
3/27/2024,0.018562347
3/27/2024,0.018733304
3/27/2024,0.019200127
3/27/2024,0.018904817
3/27/2024,0.019323651
3/27/2024,0.019274208
3/27/2024,0.019052269
3/27/2024,0.018586735
3/27/2024,0.019249503
3/27/2024,0.019323651
3/27/2024,0.020700842
3/27/2024,0.020650175
3/27/2024,0.020700842
3/27/2024,0.02144045
3/27/2024,0.021261081
3/27/2024,0.020903951
3/27/2024,0.021517486
3/27/2024,0.021389148
3/27/2024,0.022449532
3/27/2024,0.021955872
3/27/2024,0.022163254
3/27/2024,0.021826609
3/27/2024,0.022241201
3/27/2024,0.021671852
3/27/2024,0.022137293
3/27/2024,0.022137293
3/27/2024,0.022293219
3/27/2024,0.021878282
3/27/2024,0.021389148
3/27/2024,0.02159462
3/27/2024,0.022137293
3/27/2024,0.021723394
3/27/2024,0.022111344
3/28/2024,0.02177498
3/28/2024,0.02159462
3/28/2024,0.022449532
3/28/2024,0.022033559
3/28/2024,0.02144045
3/28/2024,0.021749182
3/28/2024,0.021800789
3/28/2024,0.022215208
3/28/2024,0.021826609
3/28/2024,0.022163254
3/28/2024,0.022319244
3/28/2024,0.022449532
3/28/2024,0.021981757
3/28/2024,0.022449532
3/28/2024,0.02144045
3/28/2024,0.021620353
3/28/2024,0.021955872
3/28/2024,0.021414794
3/28/2024,0.021671852
3/28/2024,0.02177498
3/28/2024,0.021491797
3/28/2024,0.022137293
3/28/2024,0.022085405
3/28/2024,0.021878282
3/28/2024,0.021800789
3/28/2024,0.021671852
3/28/2024,0.022007652
3/28/2024,0.021878282
3/28/2024,0.021800789
3/28/2024,0.022319244
3/28/2024,0.021543187
3/28/2024,0.021568898
3/28/2024,0.021466118
3/28/2024,0.022293219
3/28/2024,0.021981757
3/28/2024,0.021543187
3/28/2024,0.021697618
3/28/2024,0.021749182
3/28/2024,0.021697618
3/28/2024,0.021981757
3/28/2024,0.02177498
3/28/2024,0.021517486
3/28/2024,0.021414794
3/28/2024,0.02144045
3/28/2024,0.021005769
3/28/2024,0.021056744
3/28/2024,0.020980298
3/28/2024,0.020726192
3/28/2024,0.021184373
3/28/2024,0.021466118
3/28/2024,0.020853108
3/28/2024,0.020473187
3/28/2024,0.021209931
3/28/2024,0.02159462
3/28/2024,0.021697618
3/28/2024,0.021414794
3/28/2024,0.02177498
3/28/2024,0.020751553
3/28/2024,0.022007652
3/28/2024,0.021158825
3/28/2024,0.021005769
3/28/2024,0.020650175
3/28/2024,0.020980298
3/28/2024,0.020599551
3/28/2024,0.021056744
3/28/2024,0.020853108
3/28/2024,0.021209931
3/28/2024,0.020498438
3/28/2024,0.021235501
3/28/2024,0.021543187
3/28/2024,0.020751553
3/28/2024,0.020650175
3/28/2024,0.020954838
3/28/2024,0.020878524
3/28/2024,0.021158825
3/28/2024,0.020145932
3/28/2024,0.020980298
3/28/2024,0.020802308
3/28/2024,0.021235501
3/28/2024,0.020903951
3/28/2024,0.021107763
3/28/2024,0.020675503
3/28/2024,0.020980298
3/28/2024,0.020751553
3/28/2024,0.021133289
3/28/2024,0.020726192
3/28/2024,0.020827703
3/28/2024,0.020903951
3/28/2024,0.020878524
3/28/2024,0.020700842
3/28/2024,0.021031251
3/28/2024,0.021184373
3/28/2024,0.020751553
3/28/2024,0.020700842
3/28/2024,0.020650175
3/28/2024,0.020827703
3/29/2024,0.021082248
3/29/2024,0.021158825
3/29/2024,0.021312275
3/29/2024,0.021158825
3/29/2024,0.020700842
3/29/2024,0.021312275
3/29/2024,0.020422718
3/29/2024,0.021286673
3/29/2024,0.021568898
3/29/2024,0.021031251
3/29/2024,0.021209931
3/29/2024,0.021184373
3/29/2024,0.021158825
3/29/2024,0.02144045
3/29/2024,0.021723394
3/29/2024,0.021107763
3/29/2024,0.021286673
3/29/2024,0.02159462
3/29/2024,0.021543187
3/29/2024,0.021158825
3/29/2024,0.02159462
3/29/2024,0.021312275
3/29/2024,0.021363513
3/29/2024,0.021056744
3/29/2024,0.021312275
3/29/2024,0.021568898
3/29/2024,0.021543187
3/29/2024,0.021056744
3/29/2024,0.021671852
3/29/2024,0.021209931
3/29/2024,0.021646097
3/29/2024,0.021056744
3/29/2024,0.021031251
3/29/2024,0.021261081
3/29/2024,0.02029674
3/29/2024,0.020447947
3/29/2024,0.020700842
3/29/2024,0.020624858
3/29/2024,0.020120836
3/29/2024,0.020196157
3/29/2024,0.020020563
3/29/2024,0.020372294
3/29/2024,0.020196157
3/29/2024,0.019497057
3/29/2024,0.020321913
3/29/2024,0.020095751
3/29/2024,0.019795601
3/29/2024,0.020347098
3/29/2024,0.019795601
3/29/2024,0.020196157
3/29/2024,0.023687322
3/29/2024,0.022085405
3/29/2024,0.021620353
3/29/2024,0.022189225
3/29/2024,0.022267204
3/29/2024,0.022319244
3/29/2024,0.022293219
3/29/2024,0.021929997
3/29/2024,0.021904134
3/29/2024,0.022267204
3/29/2024,0.022710915
3/29/2024,0.022059476
3/29/2024,0.021543187
3/29/2024,0.022111344
3/29/2024,0.02177498
3/29/2024,0.022111344
3/29/2024,0.022293219
3/29/2024,0.021671852
3/29/2024,0.022059476
3/29/2024,0.021466118
3/29/2024,0.021749182
3/29/2024,0.021491797
3/29/2024,0.021491797
3/29/2024,0.021929997
3/29/2024,0.021363513
3/29/2024,0.021826609
3/29/2024,0.021749182
3/29/2024,0.021671852
3/29/2024,0.021466118
3/29/2024,0.022033559
3/29/2024,0.02144045
3/29/2024,0.021031251
3/29/2024,0.02177498
3/29/2024,0.02159462
3/29/2024,0.021646097
3/29/2024,0.022085405
3/29/2024,0.021981757
3/29/2024,0.021517486
3/29/2024,0.021491797
3/29/2024,0.021543187
3/29/2024,0.021517486
3/29/2024,0.021466118
3/29/2024,0.022059476
3/29/2024,0.021414794
3/29/2024,0.021955872
3/29/2024,0.021800789
3/30/2024,0.021620353
3/30/2024,0.021466118
3/30/2024,0.021878282
3/30/2024,0.021082248
3/30/2024,0.021466118
3/30/2024,0.021517486
3/30/2024,0.021031251
3/30/2024,0.020980298
3/30/2024,0.021671852
3/30/2024,0.022033559
3/30/2024,0.021031251
3/30/2024,0.021671852
3/30/2024,0.02159462
3/30/2024,0.02159462
3/30/2024,0.021697618
3/30/2024,0.021261081
3/30/2024,0.02144045
3/30/2024,0.021414794
3/30/2024,0.021286673
3/30/2024,0.021312275
3/30/2024,0.021414794
3/30/2024,0.021800789
3/30/2024,0.021235501
3/30/2024,0.02144045
3/30/2024,0.020878524
3/30/2024,0.021955872
3/30/2024,0.021107763
3/30/2024,0.021826609
3/30/2024,0.02144045
3/30/2024,0.021568898
3/30/2024,0.021031251
3/30/2024,0.021056744
3/30/2024,0.020853108
3/30/2024,0.021337888
3/30/2024,0.021107763
3/30/2024,0.020954838
3/30/2024,0.021005769
3/30/2024,0.021082248
3/30/2024,0.020878524
3/30/2024,0.021389148
3/30/2024,0.020574256
3/30/2024,0.020574256
3/30/2024,0.020347098
3/30/2024,0.020954838
3/30/2024,0.020726192
3/30/2024,0.020980298
3/30/2024,0.020776925
3/30/2024,0.020929389
3/30/2024,0.021107763
3/30/2024,0.020776925
3/30/2024,0.021158825
3/30/2024,0.020700842
3/30/2024,0.021031251
3/30/2024,0.020523699
3/30/2024,0.020878524
3/30/2024,0.021697618
3/30/2024,0.020954838
3/30/2024,0.020624858
3/30/2024,0.020574256
3/30/2024,0.021184373
3/30/2024,0.020321913
3/30/2024,0.021005769
3/30/2024,0.020954838
3/30/2024,0.021184373
3/30/2024,0.020903951
3/30/2024,0.021209931
3/30/2024,0.021261081
3/30/2024,0.020548972
3/30/2024,0.021209931
3/30/2024,0.020246426
3/30/2024,0.021261081
3/30/2024,0.020473187
3/30/2024,0.020726192
3/30/2024,0.020827703
3/30/2024,0.020827703
3/30/2024,0.021082248
3/30/2024,0.020878524
3/30/2024,0.020624858
3/30/2024,0.020246426
3/30/2024,0.020878524
3/30/2024,0.020878524
3/30/2024,0.020221286
3/30/2024,0.020347098
3/30/2024,0.019720814
3/30/2024,0.020347098
3/30/2024,0.020422718
3/30/2024,0.020422718
3/30/2024,0.020853108
3/30/2024,0.020878524
3/30/2024,0.020271577
3/30/2024,0.020347098
3/30/2024,0.020624858
3/30/2024,0.020548972
3/30/2024,0.020675503
3/30/2024,0.020827703
3/30/2024,0.020726192
3/30/2024,0.020878524
3/31/2024,0.020145932
3/31/2024,0.020650175
3/31/2024,0.020321913
3/31/2024,0.019870488
3/31/2024,0.020726192
3/31/2024,0.020196157
3/31/2024,0.020751553
3/31/2024,0.020650175
3/31/2024,0.020700842
3/31/2024,0.020447947
3/31/2024,0.02029674
3/31/2024,0.020498438
3/31/2024,0.019970494
3/31/2024,0.019820552
3/31/2024,0.020599551
3/31/2024,0.020347098
3/31/2024,0.02029674
3/31/2024,0.020422718
3/31/2024,0.0203975
3/31/2024,0.020447947
3/31/2024,0.020498438
3/31/2024,0.020196157
3/31/2024,0.020271577
3/31/2024,0.020246426
3/31/2024,0.020372294
3/31/2024,0.020095751
3/31/2024,0.020095751
3/31/2024,0.020321913
3/31/2024,0.020045615
3/31/2024,0.020020563
3/31/2024,0.019745732
3/31/2024,0.02029674
3/31/2024,0.019497057
3/31/2024,0.020221286
3/31/2024,0.020045615
3/31/2024,0.020246426
3/31/2024,0.019795601
3/31/2024,0.020171039
3/31/2024,0.020045615
3/31/2024,0.020095751
3/31/2024,0.019720814
3/31/2024,0.019546702
3/31/2024,0.01937314
3/31/2024,0.019995523
3/31/2024,0.019224809
3/31/2024,0.019945475
3/31/2024,0.019323651
3/31/2024,0.019003073
3/31/2024,0.019274208
3/31/2024,0.019571542
3/31/2024,0.019571542
3/31/2024,0.019422673
3/31/2024,0.019621255
3/31/2024,0.019571542
3/31/2024,0.019720814
3/31/2024,0.019175455
3/31/2024,0.019671012
3/31/2024,0.019027665
3/31/2024,0.019397901
3/31/2024,0.019845514
3/31/2024,0.01910151
3/31/2024,0.018978492
3/31/2024,0.018733304
3/31/2024,0.019472251
3/31/2024,0.019571542
3/31/2024,0.019323651
3/31/2024,0.019770661
3/31/2024,0.019447456
3/31/2024,0.01910151
3/31/2024,0.018953922
3/31/2024,0.019447456
3/31/2024,0.01937314
3/31/2024,0.019224809
3/31/2024,0.019150796
3/31/2024,0.018880281
3/31/2024,0.019397901
3/31/2024,0.019224809
3/31/2024,0.018806741
3/31/2024,0.019274208
3/31/2024,0.019224809
3/31/2024,0.019596393
3/31/2024,0.019126147
3/31/2024,0.019397901
3/31/2024,0.019472251
3/31/2024,0.018929364
3/31/2024,0.019126147
3/31/2024,0.019298924
3/31/2024,0.019422673
3/31/2024,0.019323651
3/31/2024,0.018806741
3/31/2024,0.019003073
3/31/2024,0.019497057
3/31/2024,0.019323651
3/31/2024,0.019646128
3/31/2024,0.019249503
3/31/2024,0.019298924
4/1/2024,0.019274208
4/1/2024,0.018929364
4/1/2024,0.018904817
4/1/2024,0.019003073
4/1/2024,0.018880281
4/1/2024,0.019076883
4/1/2024,0.01934839
4/1/2024,0.019126147
4/1/2024,0.019422673
4/1/2024,0.018733304
4/1/2024,0.019224809
4/1/2024,0.019027665
4/1/2024,0.018929364
4/1/2024,0.019298924
4/1/2024,0.019274208
4/1/2024,0.01910151
4/1/2024,0.018806741
4/1/2024,0.019422673
4/1/2024,0.019003073
4/1/2024,0.019076883
4/1/2024,0.018684402
4/1/2024,0.018929364
4/1/2024,0.018904817
4/1/2024,0.019150796
4/1/2024,0.018953922
4/1/2024,0.019027665
4/1/2024,0.018733304
4/1/2024,0.019076883
4/1/2024,0.018806741
4/1/2024,0.018391946
4/1/2024,0.018855756
4/1/2024,0.018782251
4/1/2024,0.018855756
4/1/2024,0.018416255
4/1/2024,0.019150796
4/1/2024,0.018708847
4/1/2024,0.018880281
4/1/2024,0.018782251
4/1/2024,0.018953922
4/1/2024,0.018440575
4/1/2024,0.018929364
4/1/2024,0.018978492
4/1/2024,0.018416255
4/1/2024,0.01817368
4/1/2024,0.018537969
4/1/2024,0.018149486
4/1/2024,0.019027665
4/1/2024,0.018125302
4/1/2024,0.018733304
4/1/2024,0.018367649
4/1/2024,0.018440575
4/1/2024,0.018367649
4/1/2024,0.018562347
4/1/2024,0.018052822
4/1/2024,0.018782251
4/1/2024,0.018222104
4/1/2024,0.018343363
4/1/2024,0.018101131
4/1/2024,0.018197886
4/1/2024,0.01817368
4/1/2024,0.018489249
4/1/2024,0.018222104
4/1/2024,0.017980444
4/1/2024,0.018246333
4/1/2024,0.018149486
4/1/2024,0.018562347
4/1/2024,0.017739931
4/1/2024,0.017884101
4/1/2024,0.01807697
4/1/2024,0.018489249
4/1/2024,0.018101131
4/1/2024,0.018513604
4/1/2024,0.018101131
4/1/2024,0.017644048
4/1/2024,0.017980444
4/1/2024,0.018294825
4/1/2024,0.018197886
4/1/2024,0.018733304
4/1/2024,0.018101131
4/1/2024,0.018367649
4/1/2024,0.017691966
4/1/2024,0.018004558
4/1/2024,0.017787941
4/1/2024,0.018197886
4/1/2024,0.017932249
4/1/2024,0.017980444
4/1/2024,0.018562347
4/1/2024,0.018028684
4/1/2024,0.018416255
4/1/2024,0.017476697
4/1/2024,0.017835998
4/1/2024,0.018101131
4/1/2024,0.017932249
4/1/2024,0.018246333
4/1/2024,0.018197886
4/1/2024,0.017884101
4/2/2024,0.017932249
4/2/2024,0.018222104
4/2/2024,0.017860044
4/2/2024,0.018052822
4/2/2024,0.017811964
4/2/2024,0.018028684
4/2/2024,0.018125302
4/2/2024,0.017644048
4/2/2024,0.017500569
4/2/2024,0.01807697
4/2/2024,0.018028684
4/2/2024,0.01807697
4/2/2024,0.017932249
4/2/2024,0.017739931
4/2/2024,0.01776393
4/2/2024,0.018222104
4/2/2024,0.018197886
4/2/2024,0.018101131
4/2/2024,0.017811964
4/2/2024,0.018004558
4/2/2024,0.018004558
4/2/2024,0.017884101
4/2/2024,0.017884101
4/2/2024,0.017524454
4/2/2024,0.017980444
4/2/2024,0.017908169
4/2/2024,0.018270573
4/2/2024,0.017691966
4/2/2024,0.017811964
4/2/2024,0.018270573
4/2/2024,0.017811964
4/2/2024,0.017787941
4/2/2024,0.017620106
4/2/2024,0.017428986
4/2/2024,0.017884101
4/2/2024,0.017884101
4/2/2024,0.017787941
4/2/2024,0.017739931
4/2/2024,0.017238607
4/2/2024,0.017333704
4/2/2024,0.017596175
4/2/2024,0.017644048
4/2/2024,0.017238607
4/2/2024,0.017286132
4/2/2024,0.017691966
4/2/2024,0.017596175
4/2/2024,0.016883652
4/2/2024,0.017620106
4/2/2024,0.017476697
4/2/2024,0.016954433
4/2/2024,0.017191129
4/2/2024,0.017572257
4/2/2024,0.017072635
4/2/2024,0.017238607
4/2/2024,0.016930827
4/2/2024,0.017309912
4/2/2024,0.01697805
4/2/2024,0.017452836
4/2/2024,0.017524454
4/2/2024,0.017214862
4/2/2024,0.017048971
4/2/2024,0.017096311
4/2/2024,0.017072635
4/2/2024,0.016954433
4/2/2024,0.01678944
4/2/2024,0.017309912
4/2/2024,0.017596175
4/2/2024,0.017596175
4/2/2024,0.017405148
4/2/2024,0.017333704
4/2/2024,0.017428986
4/2/2024,0.017381322
4/2/2024,0.017048971
4/2/2024,0.017238607
4/2/2024,0.017405148
4/2/2024,0.017238607
4/2/2024,0.017476697
4/2/2024,0.017333704
4/2/2024,0.017452836
4/2/2024,0.017620106
4/2/2024,0.017262364
4/2/2024,0.017644048
4/2/2024,0.017405148
4/2/2024,0.017428986
4/2/2024,0.017357507
4/2/2024,0.017143696
4/2/2024,0.017787941
4/2/2024,0.017262364
4/2/2024,0.017476697
4/2/2024,0.017262364
4/2/2024,0.017357507
4/2/2024,0.017286132
4/2/2024,0.017405148
4/2/2024,0.017119998
4/2/2024,0.017381322
4/2/2024,0.01697805
4/3/2024,0.017072635
4/3/2024,0.017644048
4/3/2024,0.017524454
4/3/2024,0.017476697
4/3/2024,0.017096311
4/3/2024,0.016836522
4/3/2024,0.017096311
4/3/2024,0.017333704
4/3/2024,0.017524454
4/3/2024,0.017691966
4/3/2024,0.017286132
4/3/2024,0.016695416
4/3/2024,0.017262364
4/3/2024,0.016671939
4/3/2024,0.017548349
4/3/2024,0.017001679
4/3/2024,0.017214862
4/3/2024,0.016883652
4/3/2024,0.016930827
4/3/2024,0.017191129
4/3/2024,0.01678944
4/3/2024,0.017096311
4/3/2024,0.017214862
4/3/2024,0.017309912
4/3/2024,0.01662502
4/3/2024,0.016930827
4/3/2024,0.017428986
4/3/2024,0.01807697
4/3/2024,0.017691966
4/3/2024,0.017500569
4/3/2024,0.017428986
4/3/2024,0.017262364
4/3/2024,0.018733304
4/3/2024,0.017309912
4/3/2024,0.017238607
4/3/2024,0.017191129
4/3/2024,0.017025319
4/3/2024,0.017668001
4/3/2024,0.017357507
4/3/2024,0.017119998
4/3/2024,0.016930827
4/3/2024,0.016930827
4/3/2024,0.01776393
4/3/2024,0.017072635
4/3/2024,0.016883652
4/3/2024,0.016954433
4/3/2024,0.01697805
4/3/2024,0.016836522
4/3/2024,0.017072635
4/3/2024,0.017072635
4/3/2024,0.017119998
4/3/2024,0.016578149
4/3/2024,0.016883652
4/3/2024,0.016860081
4/3/2024,0.016671939
4/3/2024,0.016414469
4/3/2024,0.017191129
4/3/2024,0.016765916
4/3/2024,0.017214862
4/3/2024,0.017191129
4/3/2024,0.016930827
4/3/2024,0.017048971
4/3/2024,0.017167407
4/3/2024,0.017309912
4/3/2024,0.017286132
4/3/2024,0.017119998
4/3/2024,0.017119998
4/3/2024,0.017309912
4/3/2024,0.017286132
4/3/2024,0.016836522
4/3/2024,0.017191129
4/3/2024,0.016812975
4/3/2024,0.017548349
4/3/2024,0.016860081
4/3/2024,0.017405148
4/3/2024,0.017191129
4/3/2024,0.017309912
4/3/2024,0.017548349
4/3/2024,0.017381322
4/3/2024,0.017333704
4/3/2024,0.017238607
4/3/2024,0.017357507
4/3/2024,0.017739931
4/3/2024,0.017381322
4/3/2024,0.017025319
4/3/2024,0.01678944
4/3/2024,0.017381322
4/3/2024,0.017524454
4/3/2024,0.017596175
4/3/2024,0.017167407
4/3/2024,0.017096311
4/3/2024,0.017476697
4/3/2024,0.017072635
4/3/2024,0.017096311
4/3/2024,0.017096311
4/3/2024,0.017025319
4/4/2024,0.017262364
4/4/2024,0.017596175
4/4/2024,0.017262364
4/4/2024,0.017286132
4/4/2024,0.017524454
4/4/2024,0.017096311
4/4/2024,0.017214862
4/4/2024,0.017286132
4/4/2024,0.017405148
4/4/2024,0.017214862
4/4/2024,0.017191129
4/4/2024,0.017452836
4/4/2024,0.017048971
4/4/2024,0.017167407
4/4/2024,0.016907234
4/4/2024,0.017191129
4/4/2024,0.017428986
4/4/2024,0.017214862
4/4/2024,0.017286132
4/4/2024,0.017262364
4/4/2024,0.017428986
4/4/2024,0.017333704
4/4/2024,0.017572257
4/4/2024,0.017191129
4/4/2024,0.016742404
4/4/2024,0.016742404
4/4/2024,0.017500569
4/4/2024,0.017476697
4/4/2024,0.017238607
4/4/2024,0.017286132
4/4/2024,0.017262364
4/4/2024,0.017238607
4/4/2024,0.017381322
4/4/2024,0.017309912
4/4/2024,0.017048971
4/4/2024,0.017381322
4/4/2024,0.017191129
4/4/2024,0.017214862
4/4/2024,0.016907234
4/4/2024,0.016836522
4/4/2024,0.016484547
4/4/2024,0.016860081
4/4/2024,0.017119998
4/4/2024,0.016718904
4/4/2024,0.01662502
4/4/2024,0.01697805
4/4/2024,0.016671939
4/4/2024,0.01650793
4/4/2024,0.016954433
4/4/2024,0.016648474
4/4/2024,0.016344497
4/4/2024,0.017119998
4/4/2024,0.017072635
4/4/2024,0.017262364
4/4/2024,0.017191129
4/4/2024,0.017668001
4/4/2024,0.017286132
4/4/2024,0.016930827
4/4/2024,0.017333704
4/4/2024,0.017787941
4/4/2024,0.016930827
4/4/2024,0.017715943
4/4/2024,0.017048971
4/4/2024,0.017048971
4/4/2024,0.017191129
4/4/2024,0.017405148
4/4/2024,0.017357507
4/4/2024,0.017143696
4/4/2024,0.017262364
4/4/2024,0.017668001
4/4/2024,0.017524454
4/4/2024,0.017548349
4/4/2024,0.017405148
4/4/2024,0.017167407
4/4/2024,0.017596175
4/4/2024,0.017884101
4/4/2024,0.017238607
4/4/2024,0.017691966
4/4/2024,0.017835998
4/4/2024,0.017668001
4/4/2024,0.017644048
4/4/2024,0.017524454
4/4/2024,0.017644048
4/4/2024,0.017191129
4/4/2024,0.017333704
4/4/2024,0.017620106
4/4/2024,0.017596175
4/4/2024,0.017787941
4/4/2024,0.017620106
4/4/2024,0.017596175
4/4/2024,0.017860044
4/4/2024,0.017500569
4/4/2024,0.017572257
4/4/2024,0.017715943
4/4/2024,0.018294825
4/4/2024,0.01776393
4/5/2024,0.018101131
4/5/2024,0.017860044
4/5/2024,0.018562347
4/5/2024,0.018904817
4/5/2024,0.018733304
4/5/2024,0.019027665
4/5/2024,0.019175455
4/5/2024,0.019323651
4/5/2024,0.019323651
4/5/2024,0.019126147
4/5/2024,0.019076883
4/5/2024,0.018904817
4/5/2024,0.01937314
4/5/2024,0.019447456
4/5/2024,0.019397901
4/5/2024,0.019671012
4/5/2024,0.019323651
4/5/2024,0.019497057
4/5/2024,0.019995523
4/5/2024,0.019995523
4/5/2024,0.019970494
4/5/2024,0.020196157
4/5/2024,0.020246426
4/5/2024,0.020523699
4/5/2024,0.020624858
4/5/2024,0.021184373
4/5/2024,0.022059476
4/5/2024,0.02159462
4/5/2024,0.021620353
4/5/2024,0.021878282
4/5/2024,0.022111344
4/5/2024,0.022423453
4/5/2024,0.02276332
4/5/2024,0.023687322
4/5/2024,0.023263303
4/5/2024,0.023369053
4/5/2024,0.02511117
4/5/2024,0.02609502
4/5/2024,0.027792481
4/5/2024,0.029355244
4/5/2024,0.029873254
4/5/2024,0.030656276
4/5/2024,0.036242313
4/5/2024,0.040243428
4/5/2024,0.04244623
4/5/2024,0.042282844
4/5/2024,0.044291368
4/5/2024,0.04512405
4/5/2024,0.046839708
4/5/2024,0.047961895
4/5/2024,0.047246684
4/5/2024,0.047450641
4/5/2024,0.048612268
4/5/2024,0.04775716
4/5/2024,0.047382621
4/5/2024,0.046704326
4/5/2024,0.047280656
4/5/2024,0.047382621
4/5/2024,0.046704326
4/5/2024,0.046975228
4/5/2024,0.04542516
4/5/2024,0.045291246
4/5/2024,0.044457464
4/5/2024,0.044125493
4/5/2024,0.044523964
4/5/2024,0.043200682
4/5/2024,0.043299436
4/5/2024,0.04303627
4/5/2024,0.043464204
4/5/2024,0.042217552
4/5/2024,0.042087076
4/5/2024,0.042806467
4/5/2024,0.041631538
4/5/2024,0.040886983
4/5/2024,0.041372022
4/5/2024,0.040403977
4/5/2024,0.040629126
4/5/2024,0.041145418
4/5/2024,0.04030762
4/5/2024,0.040951537
4/5/2024,0.040115152
4/5/2024,0.039923011
4/5/2024,0.040083106
4/5/2024,0.039827064
4/5/2024,0.039253101
4/6/2024,0.039380392
4/6/2024,0.038587222
4/6/2024,0.039539713
4/6/2024,0.038745398
4/6/2024,0.039731198
4/6/2024,0.03795682
4/6/2024,0.038840414
4/6/2024,0.038082606
4/6/2024,0.038492427
4/6/2024,0.038051146
4/6/2024,0.038618839
4/6/2024,0.03795682
4/6/2024,0.038397715
4/6/2024,0.03833462
4/6/2024,0.038082606
4/6/2024,0.037517735
4/6/2024,0.037925397
4/6/2024,0.036427981
4/6/2024,0.03795682
4/6/2024,0.037392616
4/6/2024,0.038366163
4/6/2024,0.038019695
4/6/2024,0.037768419
4/6/2024,0.038460847
4/6/2024,0.039444093
4/6/2024,0.03833462
4/6/2024,0.039348556
4/6/2024,0.038713745
4/6/2024,0.039763144
4/6/2024,0.038872104
4/6/2024,0.040403977
4/6/2024,0.039380392
4/6/2024,0.041145418
4/6/2024,0.040629126
4/6/2024,0.041048437
4/6/2024,0.042413535
4/6/2024,0.042740889
4/6/2024,0.041989313
4/6/2024,0.042348172
4/6/2024,0.041696507
4/6/2024,0.042773673
4/6/2024,0.041924182
4/6/2024,0.04030762
4/6/2024,0.040886983
4/6/2024,0.040500415
4/6/2024,0.040854719
4/6/2024,0.039731198
4/6/2024,0.039444093
4/6/2024,0.039412238
4/6/2024,0.039253101
4/6/2024,0.03950783
4/6/2024,0.039125955
4/6/2024,0.038840414
4/6/2024,0.039062437
4/6/2024,0.038019695
4/6/2024,0.039157728
4/6/2024,0.038240045
4/6/2024,0.038208539
4/6/2024,0.038650465
4/6/2024,0.038397715
4/6/2024,0.038366163
4/6/2024,0.037549038
4/6/2024,0.037080466
4/6/2024,0.037988253
4/6/2024,0.038460847
4/6/2024,0.037674343
4/6/2024,0.038051146
4/7/2024,0.034860573
4/7/2024,0.034131469
4/7/2024,0.034647353
4/7/2024,0.034282914
4/7/2024,0.034101208
4/7/2024,0.034161739
4/7/2024,0.034647353
4/7/2024,0.034040716
4/7/2024,0.034222308
4/7/2024,0.033919845
4/7/2024,0.034677785
4/7/2024,0.034010484
4/7/2024,0.034952096
4/7/2024,0.034131469
4/7/2024,0.034222308
4/7/2024,0.034252606
4/7/2024,0.034161739
4/7/2024,0.033738825
4/7/2024,0.033708689
4/7/2024,0.034525722
4/7/2024,0.033257789
4/7/2024,0.034101208
4/7/2024,0.033919845
4/7/2024,0.034464963
4/7/2024,0.033738825
4/7/2024,0.033889651
4/7/2024,0.033738825
4/7/2024,0.034495338
4/7/2024,0.033377818
4/7/2024,0.033048107
4/7/2024,0.032928501
4/7/2024,0.033829292
4/7/2024,0.033018191
4/7/2024,0.033107968
4/7/2024,0.032630158
4/7/2024,0.032958388
4/7/2024,0.033018191
4/7/2024,0.032154818
4/7/2024,0.033227806
4/7/2024,0.033347796
4/7/2024,0.033588238
4/7/2024,0.032838897
4/7/2024,0.032809048
4/7/2024,0.032511091
4/7/2024,0.032273421
4/7/2024,0.032540843
4/7/2024,0.032481348
4/7/2024,0.032125191
4/7/2024,0.03177043
4/7/2024,0.032303096
4/7/2024,0.031977204
4/7/2024,0.032006782
4/7/2024,0.032362475
4/7/2024,0.031977204
4/7/2024,0.032303096
4/7/2024,0.032273421
4/7/2024,0.031888528
4/7/2024,0.032600377
4/7/2024,0.032362475
4/7/2024,0.032809048
4/7/2024,0.032006782
4/7/2024,0.031947636
4/7/2024,0.031740929
4/7/2024,0.032125191
4/7/2024,0.03203637
4/7/2024,0.031534699
4/7/2024,0.03179994
4/7/2024,0.032095574
4/7/2024,0.031623025
4/7/2024,0.031270248
4/7/2024,0.031446461
4/7/2024,0.031299593
4/8/2024,0.031740929
4/8/2024,0.031387685
4/8/2024,0.03203637
4/8/2024,0.031918077
4/8/2024,0.031977204
4/8/2024,0.031387685
4/8/2024,0.030889661
4/8/2024,0.03051073
4/8/2024,0.031152969
4/8/2024,0.030714564
4/8/2024,0.031006589
4/8/2024,0.031035845
4/8/2024,0.031065111
4/8/2024,0.031182274
4/8/2024,0.030831256
4/8/2024,0.031240914
4/8/2024,0.031006589
4/8/2024,0.030948105
4/8/2024,0.031711439
4/8/2024,0.030656276
4/8/2024,0.031123673
4/8/2024,0.030714564
4/8/2024,0.030831256
4/8/2024,0.03053982
4/8/2024,0.031006589
4/8/2024,0.030802068
4/8/2024,0.030191395
4/8/2024,0.031387685
4/8/2024,0.030948105
4/8/2024,0.030802068
4/8/2024,0.0303364
4/8/2024,0.030714564
4/8/2024,0.030831256
4/8/2024,0.030889661
4/8/2024,0.030307379
4/8/2024,0.030656276
4/8/2024,0.02964263
4/8/2024,0.030133462
4/8/2024,0.030017715
4/8/2024,0.030452581
4/8/2024,0.030423521
4/8/2024,0.031152969
4/8/2024,0.030714564
4/8/2024,0.029700227
4/8/2024,0.029844391
4/8/2024,0.029815539
4/8/2024,0.030017715
4/8/2024,0.029873254
4/8/2024,0.030918878
4/8/2024,0.030452581
4/8/2024,0.029959901
4/8/2024,0.029873254
4/8/2024,0.030162424
4/8/2024,0.030568919
4/8/2024,0.030162424
4/8/2024,0.030017715
4/8/2024,0.030133462
4/8/2024,0.029815539
4/8/2024,0.030104511
4/8/2024,0.029671424
4/8/2024,0.02955631
4/8/2024,0.02964263
4/8/2024,0.029355244
4/8/2024,0.029757863
4/8/2024,0.029585074
4/8/2024,0.029269222
4/8/2024,0.02964263
4/8/2024,0.029412642
4/8/2024,0.029470079
4/8/2024,0.029613847
4/8/2024,0.029154666
4/8/2024,0.029441356
4/8/2024,0.029527557
4/8/2024,0.02955631
4/8/2024,0.02932656
4/8/2024,0.028669582
4/8/2024,0.028954576
4/8/2024,0.029097447
4/8/2024,0.028811954
4/8/2024,0.029211924
4/8/2024,0.02918329
4/8/2024,0.029240568
4/8/2024,0.028754975
4/8/2024,0.028726501
4/8/2024,0.028470682
4/8/2024,0.029068853
4/8/2024,0.029040269
4/8/2024,0.028470682
4/8/2024,0.028555865
4/8/2024,0.029011694
4/8/2024,0.028243971
4/8/2024,0.029355244
4/8/2024,0.029412642
4/8/2024,0.028811954
4/8/2024,0.029068853
4/8/2024,0.029040269
4/9/2024,0.028954576
4/9/2024,0.029126051
4/9/2024,0.028669582
4/9/2024,0.02838559
4/9/2024,0.029441356
4/9/2024,0.029240568
4/9/2024,0.029355244
4/9/2024,0.029211924
4/9/2024,0.028783459
4/9/2024,0.028897497
4/9/2024,0.028754975
4/9/2024,0.02898313
4/9/2024,0.028840458
4/9/2024,0.02898313
4/9/2024,0.028669582
4/9/2024,0.029412642
4/9/2024,0.029613847
4/9/2024,0.02955631
4/9/2024,0.029671424
4/9/2024,0.030075569
4/9/2024,0.030075569
4/9/2024,0.02955631
4/9/2024,0.029873254
4/9/2024,0.029757863
4/9/2024,0.030249367
4/9/2024,0.029844391
4/9/2024,0.032095574
4/9/2024,0.029757863
4/9/2024,0.030046637
4/9/2024,0.030017715
4/9/2024,0.03039447
4/9/2024,0.030162424
4/9/2024,0.029873254
4/9/2024,0.029154666
4/9/2024,0.03039447
4/9/2024,0.029671424
4/9/2024,0.029613847
4/9/2024,0.029988803
4/9/2024,0.03053982
4/9/2024,0.029988803
4/9/2024,0.03051073
4/9/2024,0.029700227
4/9/2024,0.03051073
4/9/2024,0.030249367
4/9/2024,0.029671424
4/9/2024,0.030452581
4/9/2024,0.030598029
4/9/2024,0.030220376
4/9/2024,0.030627148
4/9/2024,0.029700227
4/9/2024,0.029786696
4/9/2024,0.03036543
4/9/2024,0.029786696
4/9/2024,0.030307379
4/9/2024,0.03039447
4/9/2024,0.029757863
4/9/2024,0.02815912
4/9/2024,0.029873254
4/9/2024,0.029126051
4/9/2024,0.029585074
4/9/2024,0.029671424
4/9/2024,0.029902126
4/9/2024,0.030568919
4/9/2024,0.029931009
4/9/2024,0.029700227
4/9/2024,0.028897497
4/9/2024,0.029297886
4/9/2024,0.029585074
4/9/2024,0.028470682
4/9/2024,0.028328912
4/9/2024,0.028926031
4/9/2024,0.029269222
4/9/2024,0.02955631
4/9/2024,0.028527461
4/9/2024,0.028328912
4/9/2024,0.028442308
4/9/2024,0.02898313
4/9/2024,0.028442308
4/9/2024,0.028328912
4/9/2024,0.028726501
4/9/2024,0.028527461
4/9/2024,0.027343578
4/9/2024,0.028868973
4/9/2024,0.028442308
4/9/2024,0.028357246
4/9/2024,0.028499066
4/9/2024,0.028641138
4/9/2024,0.028527461
4/9/2024,0.028499066
4/9/2024,0.028641138
4/9/2024,0.028215677
4/9/2024,0.028328912
4/9/2024,0.028584279
4/9/2024,0.028499066
4/9/2024,0.028357246
4/9/2024,0.02838559
4/10/2024,0.028300588
4/10/2024,0.028074359
4/10/2024,0.028046126
4/10/2024,0.027905111
4/10/2024,0.028187393
4/10/2024,0.028046126
4/10/2024,0.027511613
4/10/2024,0.027933294
4/10/2024,0.027905111
4/10/2024,0.028187393
4/10/2024,0.027399549
4/10/2024,0.028102603
4/10/2024,0.02815912
4/10/2024,0.028243971
4/10/2024,0.027595767
4/10/2024,0.028555865
4/10/2024,0.028499066
4/10/2024,0.02815912
4/10/2024,0.028612703
4/10/2024,0.028017903
4/10/2024,0.027708114
4/10/2024,0.027708114
4/10/2024,0.028130856
4/10/2024,0.028017903
4/10/2024,0.02815912
4/10/2024,0.027371559
4/10/2024,0.027511613
4/10/2024,0.027764348
4/10/2024,0.027848776
4/10/2024,0.027064334
4/10/2024,0.027567705
4/10/2024,0.027905111
4/10/2024,0.027036465
4/10/2024,0.027708114
4/10/2024,0.027848776
4/10/2024,0.02765192
4/10/2024,0.02798969
4/10/2024,0.026453586
4/10/2024,0.027203829
4/10/2024,0.027708114
4/10/2024,0.027820623
4/10/2024,0.02745556
4/10/2024,0.027231758
4/10/2024,0.026758341
4/10/2024,0.027680012
4/10/2024,0.026786108
4/10/2024,0.027343578
4/10/2024,0.027008607
4/10/2024,0.026925093
4/10/2024,0.027848776
4/10/2024,0.027203829
4/10/2024,0.027203829
4/10/2024,0.027203829
4/10/2024,0.026897276
4/10/2024,0.027008607
4/10/2024,0.027092212
4/10/2024,0.026150071
4/10/2024,0.026205163
4/10/2024,0.026897276
4/10/2024,0.027399549
4/10/2024,0.026591957
4/10/2024,0.027259698
4/10/2024,0.026786108
4/10/2024,0.026813885
4/10/2024,0.026758341
4/10/2024,0.026758341
4/10/2024,0.026813885
4/10/2024,0.026952921
4/10/2024,0.026343073
4/10/2024,0.027231758
4/10/2024,0.026897276
4/10/2024,0.026536578
4/10/2024,0.027120101
4/10/2024,0.026980759
4/10/2024,0.026813885
4/10/2024,0.026786108
4/10/2024,0.026453586
4/10/2024,0.026758341
4/10/2024,0.02742755
4/10/2024,0.02631547
4/10/2024,0.02631547
4/10/2024,0.026869468
4/10/2024,0.02648124
4/10/2024,0.027315608
4/10/2024,0.026425942
4/10/2024,0.026786108
4/10/2024,0.026925093
4/10/2024,0.02631547
4/10/2024,0.027175909
4/10/2024,0.026758341
4/10/2024,0.026813885
4/10/2024,0.026177612
4/10/2024,0.026591957
4/10/2024,0.026702839
4/11/2024,0.026343073
4/11/2024,0.026813885
4/11/2024,0.026758341
4/11/2024,0.026591957
4/11/2024,0.026952921
4/11/2024,0.026536578
4/11/2024,0.02612254
4/11/2024,0.026980759
4/11/2024,0.026758341
4/11/2024,0.025875228
4/11/2024,0.026702839
4/11/2024,0.026370686
4/11/2024,0.02609502
4/11/2024,0.026287878
4/11/2024,0.026177612
4/11/2024,0.026343073
4/11/2024,0.025792977
4/11/2024,0.026925093
4/11/2024,0.026564263
4/11/2024,0.026675103
4/11/2024,0.026177612
4/11/2024,0.026287878
4/11/2024,0.026675103
4/11/2024,0.02606751
4/11/2024,0.025601418
4/11/2024,0.026564263
4/11/2024,0.025574094
4/11/2024,0.026647378
4/11/2024,0.02604001
4/11/2024,0.02554678
4/11/2024,0.02606751
4/11/2024,0.025710818
4/11/2024,0.026647378
4/11/2024,0.025683453
4/12/2024,0
4/12/2024,0.024167583
4/12/2024,0.024007116
4/12/2024,0.024543479
4/12/2024,0.024194365
4/12/2024,0.023421992
4/12/2024,0.024274772
4/12/2024,0.024328429
4/12/2024,0.024705206
4/12/2024,0.024140812
4/12/2024,0.023448477
4/12/2024,0.024570407
4/12/2024,0.023873684
4/12/2024,0.024247959
4/12/2024,0.024087302
4/12/2024,0.024274772
4/12/2024,0.02443587
4/13/2024,0.023820385
4/13/2024,0.023927025
4/13/2024,0.021466118
4/13/2024,0.023900349
4/13/2024,0.023847029
4/13/2024,0.023687322
4/13/2024,0.024382128
4/13/2024,0.023847029
4/13/2024,0.024087302
4/13/2024,0.023900349
4/13/2024,0.023210492
4/13/2024,0.023900349
4/13/2024,0.023527996
4/13/2024,0.023342599
4/13/2024,0.023369053
4/13/2024,0.023474973
4/13/2024,0.023873684
4/13/2024,0.023527996
4/13/2024,0.023025988
4/13/2024,0.023289724
4/13/2024,0.023210492
4/13/2024,0.023395517
4/13/2024,0.023793751
4/13/2024,0.023184102
4/13/2024,0.022947076
4/13/2024,0.023263303
4/13/2024,0.023210492
4/13/2024,0.02307865
4/13/2024,0.023104997
4/13/2024,0.023369053
4/13/2024,0.022999674
4/13/2024,0.022580089
4/13/2024,0.023157723
4/13/2024,0.023236892
4/13/2024,0.022868259
4/13/2024,0.022868259
4/13/2024,0.022737112
4/13/2024,0.02234528
4/13/2024,0.022789539
4/13/2024,0.023289724
4/13/2024,0
4/13/2024,0.02234528
4/13/2024,0.02276332
4/13/2024,0.022973369
4/13/2024,0.022580089
4/13/2024,0.023104997
4/13/2024,0.022501723
4/13/2024,0.023104997
4/13/2024,0.02276332
4/13/2024,0.022293219
4/13/2024,0.022293219
4/13/2024,0.023369053
4/13/2024,0.021031251
4/14/2024,0.022815768
4/14/2024,0.022815768
4/14/2024,0.02307865
4/14/2024,0.022737112
4/14/2024,0.022085405
4/14/2024,0.022397385
4/14/2024,0.022267204
4/14/2024,0.02276332
4/14/2024,0.022658553
4/14/2024,0.022789539
4/14/2024,0.022920793
4/14/2024,0.022920793
4/14/2024,0.021878282
4/14/2024,0.022868259
4/14/2024,0.022423453
4/14/2024,0.022920793
4/14/2024,0.022267204
4/14/2024,0.022501723
4/14/2024,0.022423453
4/14/2024,0.022163254
4/14/2024,0.02177498
4/14/2024,0.022111344
4/14/2024,0.021929997
4/14/2024,0.022449532
4/14/2024,0.022842008
4/14/2024,0.022789539
4/14/2024,0.022475622
4/14/2024,0.022842008
4/14/2024,0.022658553
4/14/2024,0.022632387
4/14/2024,0.021697618
4/14/2024,0.022293219
4/14/2024,0.022868259
4/14/2024,0.021005769
4/14/2024,0.02234528
4/14/2024,0.022553957
4/14/2024,0.02177498
4/14/2024,0.021568898
4/14/2024,0.021723394
4/14/2024,0.02177498
4/14/2024,0.022267204
4/14/2024,0.021646097
4/14/2024,0.021723394
4/14/2024,0.02185244
4/14/2024,0.022007652
4/14/2024,0.021646097
4/14/2024,0.021904134
4/14/2024,0.022319244
4/14/2024,0.022033559
4/14/2024,0.022007652
4/14/2024,0.021878282
4/14/2024,0.02177498
4/14/2024,0.021955872
4/14/2024,0.021749182
4/14/2024,0.021826609
4/14/2024,0.022059476
4/14/2024,0.021749182
4/14/2024,0.022397385
4/14/2024,0.021800789
4/14/2024,0.022163254
4/14/2024,0.022163254
4/14/2024,0.022033559
4/14/2024,0.022397385
4/14/2024,0.022163254
4/14/2024,0.022737112
4/14/2024,0.022189225
4/15/2024,0.022475622
4/15/2024,0.021826609
4/15/2024,0.022033559
4/15/2024,0.021878282
4/15/2024,0.021749182
4/15/2024,0.021184373
4/15/2024,0.021826609
4/15/2024,0.021723394
4/15/2024,0.021389148
4/15/2024,0.021517486
4/15/2024,0.021646097
4/15/2024,0.021491797
4/15/2024,0.021031251
4/15/2024,0.021671852
4/15/2024,0.021543187
4/15/2024,0.021261081
4/15/2024,0.021697618
4/15/2024,0.022059476
4/15/2024,0.021543187
4/15/2024,0.021312275
4/15/2024,0.021671852
4/15/2024,0.021082248
4/15/2024,0.021517486
4/15/2024,0.02177498
4/15/2024,0.021749182
4/15/2024,0.021337888
4/15/2024,0.022007652
4/15/2024,0.02234528
4/15/2024,0.021800789
4/15/2024,0.022189225
4/15/2024,0.021543187
4/15/2024,0.020802308
4/15/2024,0.021749182
4/15/2024,0.021235501
4/15/2024,0.021389148
4/15/2024,0.021312275
4/15/2024,0.021517486
4/15/2024,0.021235501
4/15/2024,0.021697618
4/15/2024,0.020980298
4/15/2024,0.022293219
4/15/2024,0.021005769
4/15/2024,0.022059476
4/15/2024,0.020246426
4/15/2024,0.022319244
4/15/2024,0.022033559
4/15/2024,0.021389148
4/15/2024,0.022293219
4/15/2024,0.021082248
4/15/2024,0.02159462
4/15/2024,0.020548972
4/15/2024,0.020903951
4/15/2024,0.020473187
4/15/2024,0.020347098
4/15/2024,0.021133289
4/15/2024,0.020498438
4/15/2024,0.020372294
4/15/2024,0.020020563
4/15/2024,0.019945475
4/15/2024,0.019323651
4/15/2024,0.019249503
4/15/2024,0.020650175
4/15/2024,0.019870488
4/15/2024,0.019795601
4/15/2024,0.020447947
4/15/2024,0.020095751
4/15/2024,0.021491797
4/15/2024,0.020878524
4/15/2024,0.021363513
4/15/2024,0.020321913
4/15/2024,0.020776925
4/15/2024,0.021312275
4/15/2024,0.020548972
4/15/2024,0.020751553
4/15/2024,0.020473187
4/15/2024,0.021158825
4/15/2024,0.020903951
4/15/2024,0.020929389
4/15/2024,0.021082248
4/15/2024,0.021749182
4/15/2024,0.021337888
4/15/2024,0.020700842
4/15/2024,0.021568898
4/15/2024,0.021082248
4/15/2024,0.020776925
4/15/2024,0.020675503
4/15/2024,0.020447947
4/15/2024,0.020675503
4/15/2024,0.020372294
4/15/2024,0.020347098
4/15/2024,0.020422718
4/15/2024,0.020776925
4/15/2024,0.020498438
4/16/2024,0.020878524
4/16/2024,0.020903951
4/16/2024,0.020498438
4/16/2024,0.020498438
4/16/2024,0.020196157
4/16/2024,0.0203975
4/16/2024,0.020776925
4/16/2024,0.021031251
4/16/2024,0.020145932
4/16/2024,0.020120836
4/16/2024,0.020372294
4/16/2024,0.020726192
4/16/2024,0.020954838
4/16/2024,0.020574256
4/16/2024,0.020321913
4/16/2024,0.020954838
4/16/2024,0.020070677
4/16/2024,0.020624858
4/16/2024,0.020321913
4/16/2024,0.020422718
4/16/2024,0.020675503
4/16/2024,0.020548972
4/16/2024,0.020447947
4/16/2024,0.0203975
4/16/2024,0.020171039
4/16/2024,0.020145932
4/16/2024,0.020878524
4/16/2024,0.020020563
4/16/2024,0.020321913
4/16/2024,0.020523699
4/16/2024,0.020246426
4/16/2024,0.020145932
4/16/2024,0.020020563
4/16/2024,0.021697618
4/16/2024,0.020776925
4/16/2024,0.019995523
4/16/2024,0.020145932
4/16/2024,0.020447947
4/16/2024,0.020878524
4/16/2024,0.020145932
4/16/2024,0.019521874
4/16/2024,0.020020563
4/16/2024,0.019249503
4/16/2024,0.019472251
4/16/2024,0.019895473
4/16/2024,0.018904817
4/16/2024,0.019720814
4/16/2024,0.01934839
4/16/2024,0.01934839
4/16/2024,0.019249503
4/16/2024,0.020523699
4/16/2024,0.018904817
4/16/2024,0.019150796
4/16/2024,0.020347098
4/16/2024,0.019052269
4/16/2024,0.019422673
4/16/2024,0.018416255
4/16/2024,0.017811964
4/16/2024,0.019770661
4/16/2024,0.01910151
4/16/2024,0.019720814
4/16/2024,0.018319088
4/16/2024,0.018904817
4/16/2024,0.019596393
4/16/2024,0.019249503
4/16/2024,0.01807697
4/16/2024,0.019621255
4/16/2024,0.019323651
4/16/2024,0.019175455
4/16/2024,0.019621255
4/16/2024,0.019521874
4/16/2024,0.019845514
4/16/2024,0.019571542
4/16/2024,0.019126147
4/16/2024,0.019945475
4/16/2024,0.019845514
4/16/2024,0.019745732
4/16/2024,0.019845514
4/17/2024,0.018929364
4/17/2024,0.019052269
4/17/2024,0.019126147
4/17/2024,0.019323651
4/17/2024,0.019274208
4/17/2024,0.019274208
4/17/2024,0.019027665
4/17/2024,0.01910151
4/17/2024,0.019200127
4/17/2024,0.01910151
4/17/2024,0.018904817
4/17/2024,0.019397901
4/17/2024,0.018659968
4/17/2024,0.018978492
4/17/2024,0.018708847
4/17/2024,0.018904817
4/17/2024,0.018904817
4/17/2024,0.019720814
4/17/2024,0.018831243
4/17/2024,0.018782251
4/17/2024,0.019472251
4/17/2024,0.019003073
4/17/2024,0.019274208
4/17/2024,0.018684402
4/17/2024,0.018294825
4/17/2024,0.018708847
4/17/2024,0.018929364
4/17/2024,0.018537969
4/17/2024,0.019175455
4/17/2024,0.019003073
4/17/2024,0.018028684
4/17/2024,0.018635546
4/17/2024,0.017524454
4/17/2024,0.018416255
4/17/2024,0.018757772
4/17/2024,0.018537969
4/17/2024,0.017286132
4/17/2024,0.018149486
4/17/2024,0.017811964
4/17/2024,0.018537969
4/17/2024,0.017500569
4/17/2024,0.016954433
4/17/2024,0.017787941
4/17/2024,0.018391946
4/17/2024,0.017381322
4/17/2024,0.018391946
4/17/2024,0.015949998
4/17/2024,0.017286132
4/17/2024,0.018222104
4/17/2024,0.018489249
4/17/2024,0.018611135
4/17/2024,0.01807697
4/17/2024,0.01662502
4/17/2024,0.016297908
4/17/2024,0.016812975
4/17/2024,0.018294825
4/17/2024,0.017956341
4/17/2024,0.017835998
4/17/2024,0.018489249
4/17/2024,0.018537969
4/17/2024,0.018149486
4/17/2024,0.017835998
4/17/2024,0.017668001
4/17/2024,0.018125302
4/17/2024,0.018294825
4/17/2024,0.018343363
4/17/2024,0.018101131
4/17/2024,0.018101131
4/17/2024,0.018513604
4/17/2024,0.018659968
4/17/2024,0.018319088
4/18/2024,0.01817368
4/18/2024,0.018028684
4/18/2024,0.018101131
4/18/2024,0.018125302
4/18/2024,0.018222104
4/18/2024,0.017860044
4/18/2024,0.018586735
4/18/2024,0.018028684
4/18/2024,0.017884101
4/18/2024,0.017932249
4/18/2024,0.018367649
4/18/2024,0.017811964
4/18/2024,0.016718904
4/18/2024,0.017691966
4/18/2024,0.018319088
4/18/2024,0.017787941
4/18/2024,0.018149486
4/18/2024,0.018028684
4/18/2024,0.017548349
4/18/2024,0.01817368
4/18/2024,0.017596175
4/18/2024,0.017500569
4/18/2024,0.017715943
4/18/2024,0.017405148
4/18/2024,0.017476697
4/18/2024,0.017548349
4/18/2024,0.017476697
4/18/2024,0.017238607
4/18/2024,0.017405148
4/18/2024,0.017620106
4/18/2024,0.017452836
4/18/2024,0.017644048
4/18/2024,0.017262364
4/18/2024,0.017860044
4/18/2024,0.017835998
4/18/2024,0.017476697
4/18/2024,0.017309912
4/18/2024,0.017644048
4/18/2024,0.017908169
4/18/2024,0.017596175
4/18/2024,0.017167407
4/18/2024,0.017357507
4/18/2024,0.017214862
4/18/2024,0.017143696
4/18/2024,0.017405148
4/18/2024,0.017884101
4/18/2024,0.017025319
4/18/2024,0.017286132
4/18/2024,0.017715943
4/18/2024,0.017572257
4/18/2024,0.017428986
4/18/2024,0.017691966
4/18/2024,0.017238607
4/18/2024,0.017405148
4/18/2024,0.017333704
4/18/2024,0.017452836
4/18/2024,0.017119998
4/18/2024,0.017238607
4/18/2024,0.017238607
4/18/2024,0.017572257
4/18/2024,0.017428986
4/18/2024,0.017191129
4/18/2024,0.017072635
4/18/2024,0.016907234
4/18/2024,0.017357507
4/18/2024,0.017119998
4/18/2024,0.017357507
4/18/2024,0.017119998
4/18/2024,0.017214862
4/18/2024,0.017476697
4/18/2024,0.017476697
4/18/2024,0.016907234
4/18/2024,0.016765916
4/18/2024,0.017333704
4/18/2024,0.017191129
4/18/2024,0.017143696
4/18/2024,0.017405148
4/18/2024,0.016836522
4/19/2024,0.017452836
4/19/2024,0.017214862
4/19/2024,0.016812975
4/19/2024,0.017286132
4/19/2024,0.016671939
4/19/2024,0.017119998
4/19/2024,0.017025319
4/19/2024,0.017333704
4/19/2024,0.017143696
4/19/2024,0.01678944
4/19/2024,0.01697805
4/19/2024,0.017025319
4/19/2024,0.016695416
4/19/2024,0.017309912
4/19/2024,0.016883652
4/19/2024,0.017119998
4/19/2024,0.01697805
4/19/2024,0.016930827
4/19/2024,0.017143696
4/19/2024,0.016836522
4/19/2024,0.01678944
4/19/2024,0.01697805
4/19/2024,0.017025319
4/19/2024,0.017262364
4/19/2024,0.016907234
4/19/2024,0.01662502
4/19/2024,0.016836522
4/19/2024,0.017119998
4/19/2024,0.016883652
4/19/2024,0.016742404
4/19/2024,0.016860081
4/19/2024,0.017143696
4/19/2024,0.017096311
4/19/2024,0.017309912
4/19/2024,0.016907234
4/19/2024,0.016930827
4/19/2024,0.017167407
4/19/2024,0.016742404
4/19/2024,0.01650793
4/19/2024,0.016578149
4/19/2024,0.016414469
4/19/2024,0.016578149
4/19/2024,0.016065672
4/19/2024,0.016484547
4/19/2024,0.016484547
4/19/2024,0.016042513
4/19/2024,0.016181642
4/19/2024,0.016718904
4/19/2024,0.016088842
4/19/2024,0.016019366
4/19/2024,0.016367809
4/19/2024,0.016251366
4/19/2024,0.016181642
4/19/2024,0.016135218
4/19/2024,0.016019366
4/19/2024,0.016112024
4/19/2024,0.015857672
4/19/2024,0.016065672
4/19/2024,0.016158424
4/19/2024,0.016065672
4/19/2024,0.015742533
4/19/2024,0.016065672
4/19/2024,0.016065672
4/19/2024,0.015973109
4/19/2024,0.016135218
4/19/2024,0.016181642
4/19/2024,0.016135218
4/19/2024,0.015742533
4/19/2024,0.015513149
4/19/2024,0.015125948
4/19/2024,0.015467416
4/19/2024,0.015880736
4/19/2024,0.015421731
4/19/2024,0.01583462
4/19/2024,0.015742533
4/19/2024,0.015673592
4/19/2024,0.015627692
4/19/2024,0.015581839
4/19/2024,0.015811581
4/19/2024,0.015949998
4/19/2024,0.015604759
4/19/2024,0.015627692
4/19/2024,0.015421731
4/19/2024,0.015765537
4/19/2024,0.015376094
4/19/2024,0.015650636
4/19/2024,0.015581839
4/19/2024,0.01555893
4/19/2024,0.015742533
4/19/2024,0.015490277
4/19/2024,0.015581839
4/19/2024,0.015467416
4/19/2024,0.015742533
4/19/2024,0.015857672
4/19/2024,0.015513149
4/19/2024,0.015719541
4/20/2024,0.015444568
4/20/2024,0.015742533
4/20/2024,0.015398906
4/20/2024,0.015353293
4/20/2024,0.015673592
4/20/2024,0.015216741
4/20/2024,0.015513149
4/20/2024,0.015262211
4/20/2024,0.015604759
4/20/2024,0.01555893
4/20/2024,0.015216741
4/20/2024,0.015627692
4/20/2024,0.015330504
4/20/2024,0.015673592
4/20/2024,0.015421731
4/20/2024,0.015581839
4/20/2024,0.015421731
4/20/2024,0.015490277
4/20/2024,0.015194025
4/20/2024,0.015216741
4/20/2024,0.015650636
4/20/2024,0.01510328
4/20/2024,0.015353293
4/20/2024,0.015125948
4/20/2024,0.015080623
4/20/2024,0.015421731
4/20/2024,0.015421731
4/20/2024,0.015696561
4/20/2024,0.015719541
4/20/2024,0.015262211
4/20/2024,0.015650636
4/20/2024,0.015307728
4/20/2024,0.015536034
4/20/2024,0.015125948
4/20/2024,0.015444568
4/20/2024,0.014832203
4/20/2024,0.016251366
4/20/2024,0.015125948
4/20/2024,0.014674881
4/20/2024,0.014990119
4/20/2024,0.01523947
4/20/2024,0.015035347
4/20/2024,0.015376094
4/20/2024,0.015262211
4/20/2024,0.015467416
4/20/2024,0.014990119
4/20/2024,0.014742232
4/20/2024,0.014832203
4/20/2024,0.014899809
4/20/2024,0.014922368
4/20/2024,0.014787193
4/20/2024,0.014922368
4/20/2024,0.014250875
4/20/2024,0.014674881
4/20/2024,0.014809692
4/20/2024,0.014630042
4/20/2024,0.014854726
4/20/2024,0.014832203
4/20/2024,0.015080623
4/20/2024,0.014742232
4/20/2024,0.015125948
4/20/2024,0.014787193
4/20/2024,0.014787193
4/20/2024,0.014990119
4/20/2024,0.014697319
4/20/2024,0.014832203
4/20/2024,0.015490277
4/20/2024,0.014832203
4/20/2024,0.015080623
4/20/2024,0.014967524
4/20/2024,0.014990119
4/20/2024,0.014990119
4/20/2024,0.014990119
4/20/2024,0.01460764
4/20/2024,0.01494494
4/20/2024,0.014809692
4/20/2024,0.014922368
4/20/2024,0.01460764
4/20/2024,0.014967524
4/20/2024,0.014832203
4/20/2024,0.014877262
4/20/2024,0.014585251
4/20/2024,0.014540508
4/20/2024,0.014473486
4/20/2024,0.014495815
4/20/2024,0.014854726
4/20/2024,0.014764707
4/20/2024,0.014384295
4/20/2024,0.014406575
4/20/2024,0.014250875
4/20/2024,0.01445117
4/20/2024,0.015216741
4/20/2024,0.014562873
4/20/2024,0.016135218
4/20/2024,0.015490277
4/20/2024,0.01431753
4/21/2024,0.014339773
4/21/2024,0.014095777
4/21/2024,0.014518156
4/21/2024,0.015171321
4/21/2024,0.015421731
4/21/2024,0.016019366
4/21/2024,0.015353293
4/21/2024,0.014877262
4/21/2024,0.014787193
4/21/2024,0.015513149
4/21/2024,0.01471977
4/21/2024,0.014832203
4/21/2024,0.014585251
4/21/2024,0.015012727
4/21/2024,0.014007421
4/21/2024,0.014228682
4/21/2024,0.0142065
4/21/2024,0.014228682
4/21/2024,0.01431753
4/21/2024,0.014051574
4/21/2024,0.014562873
4/21/2024,#NUM!
4/21/2024,0.013919261
4/21/2024,0.013919261
4/21/2024,0.013831299
4/21/2024,0.013985362
4/21/2024,0.014384295
4/21/2024,0.014495815
4/21/2024,0.01471977
4/21/2024,0.01460764
4/21/2024,0.01407367
4/21/2024,0.01445117
4/21/2024,0.014339773
4/21/2024,0.01460764
4/21/2024,0.014787193
4/21/2024,0.014384295
4/21/2024,0.013875256
4/21/2024,0.014384295
4/21/2024,0.01414003
4/21/2024,0.013897252
4/21/2024,0.013985362
4/21/2024,0.014809692
4/21/2024,0.01365597
4/21/2024,0.014562873
4/21/2024,0.01407367
4/21/2024,0.015035347
4/21/2024,0.014362028
4/21/2024,0.014250875
4/21/2024,0.01365597
4/21/2024,0.013831299
4/21/2024,0.013941282
4/21/2024,0.013699728
4/21/2024,0.014029491
4/21/2024,0.01445117
4/21/2024,0.014095777
4/21/2024,0.01407367
4/21/2024,0.014339773
4/21/2024,0.014339773
4/21/2024,0.014339773
4/21/2024,0.01445117
4/21/2024,0.01431753
4/21/2024,0.013743536
4/21/2024,0.01471977
4/21/2024,0.0142953
4/21/2024,0.014764707
4/21/2024,0.013985362
4/21/2024,0.014406575
4/21/2024,0.013941282
4/21/2024,0.014473486
4/21/2024,0.014764707
4/21/2024,0.0142953
4/21/2024,0.014051574
4/21/2024,0.014384295
4/21/2024,0.013963316
4/21/2024,0.014095777
4/21/2024,0.01445117
4/21/2024,0.014362028
4/21/2024,0.014029491
4/21/2024,0.013941282
4/21/2024,0.014029491
4/21/2024,0.014117897
4/21/2024,0.014095777
4/21/2024,0.013590427
4/21/2024,0.013941282
4/21/2024,0.013699728
4/21/2024,0.013765458
4/21/2024,0.013875256
4/21/2024,0.013897252
4/21/2024,0.013941282
4/21/2024,0.013919261
4/21/2024,0.014029491
4/21/2024,0.014228682
4/21/2024,0.014051574
4/21/2024,0.01350321
4/21/2024,0.013743536
4/21/2024,0.013897252
4/21/2024,0.013875256
4/21/2024,0.013919261
4/22/2024,0.013831299
4/22/2024,0.013743536
4/22/2024,0.013721626
4/22/2024,0.013897252
4/22/2024,0.013459676
4/22/2024,0.013919261
4/22/2024,0.013897252
4/22/2024,0.013919261
4/22/2024,0.01335106
4/22/2024,0.014384295
4/22/2024,0.014029491
4/22/2024,0.013897252
4/22/2024,0.01363411
4/22/2024,0.013853271
4/22/2024,0.01380934
4/22/2024,0.013546793
4/22/2024,0.013875256
4/22/2024,0.01365597
4/22/2024,0.01380934
4/22/2024,0.013919261
4/22/2024,0.013831299
4/22/2024,0.013743536
4/22/2024,0.013568604
4/22/2024,0.013721626
4/22/2024,0.013919261
4/22/2024,0.01380934
4/22/2024,0.013787393
4/22/2024,0.013524995
4/22/2024,0.013546793
4/22/2024,0.013546793
4/22/2024,0.013612262
4/22/2024,0.013242757
4/22/2024,0.013481437
4/22/2024,0.013699728
4/22/2024,0.01365597
4/22/2024,0.013481437
4/22/2024,0.01350321
4/22/2024,0.013677843
4/22/2024,0.013546793
4/22/2024,0.013481437
4/22/2024,0.013853271
4/22/2024,0.013437928
4/22/2024,0.013721626
4/22/2024,0.01328604
4/22/2024,0.013941282
4/22/2024,0.013546793
4/22/2024,0.013568604
4/22/2024,0.013242757
4/22/2024,0.013831299
4/22/2024,0.01350321
4/22/2024,0.013546793
4/22/2024,0.012941177
4/22/2024,0.013677843
4/22/2024,0.013437928
4/22/2024,0.013329374
4/22/2024,0.013070123
4/22/2024,0.013329374
4/22/2024,0.013699728
4/22/2024,0.013156339
4/22/2024,0.013677843
4/22/2024,0.013242757
4/22/2024,0.01335106
4/22/2024,0.013264392
4/22/2024,0.01328604
4/22/2024,0.013113206
4/22/2024,0.012876873
4/22/2024,0.01335106
4/22/2024,0.013546793
4/22/2024,0.013177925
4/22/2024,0.013091658
4/22/2024,0.013177925
4/22/2024,0.013242757
4/22/2024,0.01328604
4/22/2024,0.013437928
4/22/2024,0.013853271
4/22/2024,0.013524995
4/22/2024,0.013221133
4/22/2024,0.013416192
4/22/2024,0.013329374
4/22/2024,0.013264392
4/22/2024,0.013394469
4/22/2024,0.013437928
4/22/2024,0.013264392
4/22/2024,0.013264392
4/22/2024,0.013481437
4/22/2024,0.013677843
4/22/2024,0.013156339
4/22/2024,0.01365597
4/22/2024,0.01350321
4/22/2024,0.013005593
4/22/2024,0.013329374
4/22/2024,0.013264392
4/22/2024,0.01291973
4/22/2024,0.013264392
4/22/2024,0.012962636
4/22/2024,0.013394469
4/23/2024,0.012876873
4/23/2024,0.01335106
4/23/2024,0.01365597
4/23/2024,0.013221133
4/23/2024,0.01328604
4/23/2024,0.013264392
4/23/2024,0.013546793
4/23/2024,0.013481437
4/23/2024,0.013307701
4/23/2024,0.013524995
4/23/2024,0.013765458
4/23/2024,0.013459676
4/23/2024,0.01350321
4/23/2024,0.013156339
4/23/2024,0.013156339
4/23/2024,0.01335106
4/23/2024,0.013091658
4/23/2024,0.01335106
4/23/2024,0.013113206
4/23/2024,0.013199523
4/23/2024,0.013199523
4/23/2024,0.013156339
4/23/2024,0.01328604
4/23/2024,0.013048601
4/23/2024,0.013394469
4/23/2024,0.013113206
4/23/2024,0.013070123
4/23/2024,0.013590427
4/23/2024,0.013177925
4/23/2024,0.01328604
4/23/2024,0.013070123
4/23/2024,0.013091658
4/23/2024,0.013134766
4/23/2024,0.013091658
4/23/2024,0.013394469
4/23/2024,0.01350321
4/23/2024,0.01291973
4/23/2024,0.012941177
4/23/2024,0.012834068
4/23/2024,0.012962636
4/23/2024,0.012812684
4/23/2024,0.012748609
4/23/2024,0.013027091
4/23/2024,0.012962636
4/23/2024,0.012535849
4/23/2024,0.012366558
4/23/2024,0.012876873
4/23/2024,0.012578299
4/23/2024,0.012834068
4/23/2024,0.012345454
4/23/2024,0.01264207
4/23/2024,0.012705955
4/23/2024,0.012748609
4/23/2024,0.012727276
4/23/2024,0.012535849
4/23/2024,0.012834068
4/23/2024,0.01264207
4/23/2024,0.0126208
4/23/2024,0.012812684
4/23/2024,0.012514643
4/23/2024,0.012451101
4/23/2024,0.0126208
4/23/2024,0.012684647
4/23/2024,0.012876873
4/23/2024,0.012812684
4/23/2024,0.012748609
4/23/2024,0.012408804
4/23/2024,0.01291973
4/23/2024,0.012769955
4/23/2024,0.012684647
4/23/2024,0.012663352
4/23/2024,0.012727276
4/23/2024,0.012984108
4/23/2024,0.012898295
4/23/2024,0.012834068
4/23/2024,0.012408804
4/23/2024,0.013070123
4/23/2024,0.012727276
4/23/2024,0.012941177
4/23/2024,0.012855464
4/23/2024,0.013113206
4/23/2024,0.012705955
4/23/2024,0.012962636
4/23/2024,0.012812684
4/23/2024,0.012834068
4/23/2024,0.012557068
4/23/2024,0.012535849
4/23/2024,0.012791313
4/23/2024,0.01291973
4/23/2024,0.013199523
4/23/2024,0.012812684
4/23/2024,0.012727276
4/23/2024,0.013156339
4/23/2024,0.01264207
4/23/2024,0.012663352
4/23/2024,0.012451101
4/24/2024,0.013048601
4/24/2024,0.012663352
4/24/2024,0.012769955
4/24/2024,0.01291973
4/24/2024,0.012834068
4/24/2024,0.012812684
4/24/2024,0.012684647
4/24/2024,0.012429946
4/24/2024,0.012941177
4/24/2024,0.012387674
4/24/2024,0.012962636
4/24/2024,0.012366558
4/24/2024,0.01264207
4/24/2024,0.01249345
4/24/2024,0.012898295
4/24/2024,0.012684647
4/24/2024,0.012535849
4/24/2024,0.012684647
4/24/2024,0.013091658
4/24/2024,0.012514643
4/24/2024,0.012684647
4/24/2024,0.012599543
4/24/2024,0.012705955
4/24/2024,0.012198085
4/24/2024,0.012535849
4/24/2024,0.01249345
4/24/2024,0.012514643
4/24/2024,0.012429946
4/24/2024,0.012114156
4/24/2024,0.012408804
4/24/2024,0.012599543
4/24/2024,0.012535849
4/24/2024,0.012156095
4/24/2024,0.012093207
4/24/2024,0.012451101
4/24/2024,0.012748609
4/24/2024,0.0126208
4/24/2024,0.012282219
4/24/2024,0.012345454
4/24/2024,0.012198085
4/24/2024,0.012156095
4/24/2024,0.012408804
4/24/2024,0.012072269
4/24/2024,0.012156095
4/24/2024,0.012748609
4/24/2024,0.01198865
4/24/2024,0.012876873
4/24/2024,0.012514643
4/24/2024,0.0126208
4/24/2024,0.012557068
4/24/2024,0.012030434
4/24/2024,0.012303284
4/24/2024,0.012009535
4/24/2024,0.01249345
4/24/2024,0.012366558
4/24/2024,0.011863608
4/24/2024,0.012345454
4/24/2024,0.012834068
4/24/2024,0.0126208
4/24/2024,0.012984108
4/24/2024,0.012514643
4/24/2024,0.012429946
4/24/2024,0.012240126
4/24/2024,0.012834068
4/24/2024,0.012240126
4/24/2024,0.012599543
4/24/2024,0.011967777
4/24/2024,0.012578299
4/24/2024,0.012093207
4/24/2024,0.012345454
4/24/2024,0.012451101
4/24/2024,0.01182203
4/24/2024,0.011905237
4/24/2024,0.011967777
4/24/2024,0.012324363
4/24/2024,0.011967777
4/24/2024,0.011884416
4/24/2024,0.012030434
4/24/2024,0.011905237
4/24/2024,0.012177084
4/24/2024,0.012345454
4/24/2024,0.012030434
4/24/2024,0.011926071
4/24/2024,0.012345454
4/24/2024,0.012472269
4/24/2024,0.012240126
4/24/2024,0.012030434
4/24/2024,0.012366558
4/24/2024,0.012261166
4/24/2024,0.012114156
4/24/2024,0.012282219
4/24/2024,0.012177084
4/24/2024,0.012282219
4/24/2024,0.012240126
4/24/2024,0.012177084
4/24/2024,0.012198085
4/25/2024,0.011905237
4/25/2024,0.012177084
4/25/2024,0.012303284
4/25/2024,0.012114156
4/25/2024,0.012135119
4/25/2024,0.01264207
4/25/2024,0.012009535
4/25/2024,0.012472269
4/25/2024,0.01198865
4/25/2024,0.012072269
4/25/2024,0.012177084
4/25/2024,0.011946917
4/25/2024,0.012156095
4/25/2024,0.012072269
4/25/2024,0.012093207
4/25/2024,0.012345454
4/25/2024,0.01198865
4/25/2024,0.012072269
4/25/2024,0.012345454
4/25/2024,0.012030434
4/25/2024,0.012114156
4/25/2024,0.012324363
4/25/2024,0.012198085
4/25/2024,0.012072269
4/25/2024,0.012072269
4/25/2024,0.011926071
4/25/2024,0.011946917
4/25/2024,0.012072269
4/25/2024,0.012240126
4/25/2024,0.012009535
4/25/2024,0.012387674
4/25/2024,0.011863608
4/25/2024,0.012093207
4/25/2024,0.012156095
4/25/2024,0.01198865
4/25/2024,0.012324363
4/25/2024,0.012303284
4/25/2024,0.012240126
4/25/2024,0.011926071
4/25/2024,0.011946917
4/25/2024,0.012135119
4/25/2024,0.012261166
4/25/2024,0.01182203
4/25/2024,0.011759762
4/25/2024,0.012093207
4/25/2024,0.012177084
4/25/2024,0.011926071
4/25/2024,0.011759762
4/25/2024,0.011926071
4/25/2024,0.011926071
4/25/2024,0.012303284
4/25/2024,0.011946917
4/25/2024,0.012514643
4/25/2024,0.012366558
4/25/2024,0.01165624
4/25/2024,0.01169761
4/25/2024,0.011470721
4/25/2024,0.011532444
4/25/2024,0.01198865
4/25/2024,0.01198865
4/25/2024,0.012156095
4/25/2024,0.01198865
4/25/2024,0.012261166
4/25/2024,0.012240126
4/25/2024,0.011946917
4/25/2024,0.012114156
4/25/2024,0.01165624
4/25/2024,0.012557068
4/25/2024,0.01198865
4/25/2024,0.011946917
4/25/2024,0.012345454
4/25/2024,0.012135119
4/25/2024,0.011926071
4/25/2024,0.011967777
4/25/2024,0.011884416
4/25/2024,0.012072269
4/25/2024,0.012009535
4/25/2024,0.011842813
4/25/2024,0.011739031
4/25/2024,0.011759762
4/25/2024,0.011780505
4/25/2024,0.01198865
4/25/2024,0.011842813
4/25/2024,0.011884416
4/25/2024,0.011863608
4/25/2024,0.011946917
4/25/2024,0.011676918
4/25/2024,0.012051345
4/25/2024,0.011863608
4/25/2024,0.012240126
4/25/2024,0.012177084
4/25/2024,0.011905237
4/25/2024,0.012009535
4/25/2024,0.011573657
4/25/2024,0.011946917
4/25/2024,0.012051345
4/26/2024,0.012198085
4/26/2024,0.011614922
4/26/2024,0.012093207
4/26/2024,0.01169761
4/26/2024,0.012177084
4/26/2024,0.011905237
4/26/2024,0.011842813
4/26/2024,0.011884416
4/26/2024,0.011614922
4/26/2024,0.011759762
4/26/2024,0.011863608
4/26/2024,0.011842813
4/26/2024,0.011967777
4/26/2024,0.012030434
4/26/2024,0.011884416
4/26/2024,0.011739031
4/26/2024,0.011739031
4/26/2024,0.012009535
4/26/2024,0.011884416
4/26/2024,0.011863608
4/26/2024,0.01169761
4/26/2024,0.011967777
4/26/2024,0.01182203
4/26/2024,0.011614922
4/26/2024,0.01169761
4/26/2024,0.011926071
4/26/2024,0.011759762
4/26/2024,0.01169761
4/26/2024,0.011511856
4/26/2024,0.011863608
4/26/2024,0.011863608
4/26/2024,0.011905237
4/26/2024,0.011863608
4/26/2024,0.01165624
4/26/2024,0.011884416
4/26/2024,0.011946917
4/26/2024,0.011573657
4/26/2024,0.011614922
4/26/2024,0.011614922
4/26/2024,0.011594283
4/26/2024,0.011863608
4/26/2024,0.011759762
4/26/2024,0.011429639
4/26/2024,0.011511856
4/26/2024,0.01165624
4/26/2024,0.011780505
4/26/2024,0.01182203
4/26/2024,0.011967777
4/26/2024,0.011429639
4/26/2024,0.011718314
4/26/2024,0.011450173
4/26/2024,0.011573657
4/26/2024,0.011491282
4/26/2024,0.011553044
4/26/2024,0.011491282
4/26/2024,0.011429639
4/26/2024,0.011614922
4/26/2024,0.011450173
4/26/2024,0.011739031
4/26/2024,0.011450173
4/26/2024,0.01165624
4/26/2024,0.011409117
4/26/2024,0.011842813
4/26/2024,0.011676918
4/26/2024,0.011511856
4/26/2024,0.011718314
4/26/2024,0.011553044
4/26/2024,0.011306704
4/26/2024,0.011553044
4/26/2024,0.011143527
4/26/2024,0.011511856
4/26/2024,0.011306704
4/26/2024,0.011327161
4/26/2024,0.011635575
4/26/2024,0.011184243
4/26/2024,0.011553044
4/26/2024,0.011388608
4/26/2024,0.011368113
4/26/2024,0.011532444
4/26/2024,0.011450173
4/26/2024,0.011573657
4/26/2024,0.011553044
4/26/2024,0.011718314
4/26/2024,0.011409117
4/26/2024,0.011429639
4/26/2024,0.011409117
4/26/2024,0.011429639
4/26/2024,0.011184243
4/26/2024,0.011306704
4/26/2024,0.01120462
4/26/2024,0.011532444
4/26/2024,0.011573657
4/26/2024,0.011368113
4/26/2024,0.011532444
4/26/2024,0.011594283
4/26/2024,0.011718314
4/27/2024,0.011573657
4/27/2024,0.011225011
4/27/2024,0.011573657
4/27/2024,0.011511856
4/27/2024,0.011614922
4/27/2024,0.011429639
4/27/2024,0.01165624
4/27/2024,0.011245414
4/27/2024,0.011286261
4/27/2024,0.011306704
4/27/2024,0.011143527
4/27/2024,0.011470721
4/27/2024,0.011491282
4/27/2024,0.011163878
4/27/2024,0.011759762
4/27/2024,0.011573657
4/27/2024,0.011245414
4/27/2024,0.011470721
4/27/2024,0.011225011
4/27/2024,0.011511856
4/27/2024,0.011368113
4/27/2024,0.011863608
4/27/2024,0.011082553
4/27/2024,0.011102865
4/27/2024,0.01134763
4/27/2024,0.011062255
4/27/2024,0.011491282
4/27/2024,0.011245414
4/27/2024,0.011225011
4/27/2024,0.011573657
4/27/2024,0.011123189
4/27/2024,0.01134763
4/27/2024,0.011143527
4/27/2024,0.01104197
4/27/2024,0.011163878
4/27/2024,0.011511856
4/27/2024,0.01104197
4/27/2024,0.011388608
4/27/2024,0.011163878
4/27/2024,0.01120462
4/27/2024,0.011573657
4/27/2024,0.011286261
4/27/2024,0.011184243
4/27/2024,0.011429639
4/27/2024,0.01120462
4/27/2024,0.011184243
4/27/2024,0.012093207
4/27/2024,0.01120462
4/27/2024,0.011594283
4/27/2024,0.011184243
4/27/2024,0.011450173
4/27/2024,0.011286261
4/27/2024,0.011082553
4/27/2024,0.010960962
4/27/2024,0.011062255
4/27/2024,0.011368113
4/27/2024,0.01134763
4/27/2024,0.01120462
4/27/2024,0.011123189
4/27/2024,0.011102865
4/27/2024,0.011594283
4/27/2024,0.01104197
4/27/2024,0.01120462
4/27/2024,0.011163878
4/27/2024,0.011163878
4/27/2024,0.01134763
4/27/2024,0.011409117
4/27/2024,0.010960962
4/27/2024,0.010981194
4/27/2024,0.011082553
4/27/2024,0.011511856
4/27/2024,0.011245414
4/27/2024,0.011286261
4/27/2024,0.011021698
4/27/2024,0.011306704
4/27/2024,0.010960962
4/27/2024,0.011327161
4/27/2024,0.010960962
4/27/2024,0.01104197
4/27/2024,0.010900345
4/27/2024,0.011062255
4/27/2024,0.010940743
4/27/2024,0.010981194
4/27/2024,0.011062255
4/27/2024,0.011123189
4/27/2024,0.011143527
4/27/2024,0.010819707
4/27/2024,0.010920537
4/27/2024,0.011143527
4/27/2024,0.010880165
4/27/2024,0.010880165
4/27/2024,0.010880165
4/27/2024,0.011021698
4/27/2024,0.011102865
4/27/2024,0.010880165
4/27/2024,0.010920537
4/28/2024,0.010920537
4/28/2024,0.011184243
4/28/2024,0.011225011
4/28/2024,0.01104197
4/28/2024,0.010839847
4/28/2024,0.010900345
4/28/2024,0.011001439
4/28/2024,0.010880165
4/28/2024,0.01104197
4/28/2024,0.011102865
4/28/2024,0.011102865
4/28/2024,0.011184243
4/28/2024,0.010920537
4/28/2024,0.010960962
4/28/2024,0.010880165
4/28/2024,0.011021698
4/28/2024,0.010559108
4/28/2024,0.010981194
4/28/2024,0.010579074
4/28/2024,0.010900345
4/28/2024,0.010759369
4/28/2024,0.011021698
4/28/2024,0.010920537
4/28/2024,0.010960962
4/28/2024,0.010639052
4/28/2024,0.010799581
4/28/2024,0.010739283
4/28/2024,0.010799581
4/28/2024,0.010920537
4/28/2024,0.010839847
4/28/2024,0.010839847
4/28/2024,0.010920537
4/28/2024,0.010900345
4/28/2024,0.010920537
4/28/2024,0.010779469
4/28/2024,0.010819707
4/28/2024,0.011123189
4/28/2024,0.010859999
4/28/2024,0.010880165
4/28/2024,0.01120462
4/28/2024,0.011082553
4/28/2024,0.010920537
4/28/2024,0.010679105
4/28/2024,0.010579074
4/28/2024,0.01104197
4/28/2024,0.010579074
4/28/2024,0.011021698
4/28/2024,0.010981194
4/28/2024,0.010880165
4/28/2024,0.01071921
4/28/2024,0.010981194
4/28/2024,0.010519216
4/28/2024,0.010981194
4/28/2024,0.010739283
4/28/2024,0.011225011
4/28/2024,0.010799581
4/28/2024,0.01120462
4/28/2024,0.01120462
4/28/2024,0.010819707
4/28/2024,0.011245414
4/28/2024,0.010839847
4/28/2024,0.010639052
4/28/2024,0.010900345
4/28/2024,0.01120462
4/28/2024,0.010779469
4/28/2024,0.010599053
4/28/2024,0.010940743
4/28/2024,0.010659072
4/28/2024,0.010699151
4/28/2024,0.010981194
4/28/2024,0.010619046
4/28/2024,0.010599053
4/28/2024,0.01104197
4/28/2024,0.010419721
4/28/2024,0.011780505
4/28/2024,0.010900345
4/28/2024,0.010819707
4/28/2024,0.010900345
4/28/2024,0.011245414
4/28/2024,0.010499291
4/28/2024,0.010759369
4/28/2024,0.010819707
4/28/2024,0.010960962
4/28/2024,0.010880165
4/28/2024,0.010659072
4/28/2024,0.010839847
4/28/2024,0.010779469
4/28/2024,0.01071921
4/28/2024,0.010880165
4/28/2024,0.010639052
4/28/2024,0.010619046
4/28/2024,0.010920537
4/28/2024,0.011553044
4/28/2024,0.010619046
4/28/2024,0.010699151
4/28/2024,0.010579074
4/28/2024,0.010599053
4/29/2024,0.010859999
4/29/2024,0.010499291
4/29/2024,0.010699151
4/29/2024,0.010559108
4/29/2024,0.010679105
4/29/2024,0.010839847
4/29/2024,0.010859999
4/29/2024,0.010779469
4/29/2024,0.011001439
4/29/2024,0.010619046
4/29/2024,0.011225011
4/29/2024,0.010599053
4/29/2024,0.010799581
4/29/2024,0.010419721
4/29/2024,0.010679105
4/29/2024,0.010940743
4/29/2024,0.010839847
4/29/2024,0.010940743
4/29/2024,0.010399863
4/29/2024,0.010519216
4/29/2024,0.010779469
4/29/2024,0.010839847
4/29/2024,0.010859999
4/29/2024,0.010699151
4/29/2024,0.010739283
4/29/2024,0.010499291
4/29/2024,0.010459479
4/29/2024,0.010419721
4/29/2024,0.010221741
4/29/2024,0.010280993
4/29/2024,0.010981194
4/29/2024,0.010759369
4/29/2024,0.010340367
4/29/2024,0.010083958
4/29/2024,0.01104197
4/29/2024,0.010859999
4/29/2024,0.010579074
4/29/2024,0.010439594
4/29/2024,0.010619046
4/29/2024,0.010182306
4/29/2024,0.010599053
4/29/2024,0.010182306
4/29/2024,0.010699151
4/29/2024,0.010920537
4/29/2024,0.010960962
4/29/2024,0.010619046
4/29/2024,0.010539155
4/29/2024,0.010519216
4/29/2024,0.010539155
4/29/2024,0.010280993
4/29/2024,0.010300771
4/29/2024,0.010300771
4/29/2024,0.010539155
4/29/2024,0.010619046
4/29/2024,0.010320563
4/29/2024,0.010479378
4/29/2024,0.01071921
4/29/2024,0.010699151
4/29/2024,0.011102865
4/29/2024,0.010599053
4/29/2024,0.011001439
4/29/2024,0.010819707
4/29/2024,0.010920537
4/29/2024,0.010261229
4/29/2024,0.010221741
4/29/2024,0.010439594
4/29/2024,0.010479378
4/29/2024,0.010439594
4/29/2024,0.010241478
4/29/2024,0.010479378
4/29/2024,0.010241478
4/29/2024,0.010439594
4/29/2024,0.010479378
4/29/2024,0.010221741
4/29/2024,0.010519216
4/29/2024,0.010479378
4/29/2024,0.010579074
4/29/2024,0.010479378
4/29/2024,0.010241478
4/29/2024,0.010399863
4/29/2024,0.010340367
4/29/2024,0.010419721
4/29/2024,0.010261229
4/29/2024,0.010519216
4/29/2024,0.010419721
4/29/2024,0.010064329
4/29/2024,0.010459479
4/29/2024,0.010300771
4/29/2024,0.010280993
4/29/2024,0.010320563
4/29/2024,0.010519216
4/29/2024,0.010439594
4/29/2024,0.010519216
4/29/2024,0.010320563
4/29/2024,0.010599053
4/29/2024,0.010340367
4/30/2024,0.010419721
4/30/2024,0.010261229
4/30/2024,0.010579074
4/30/2024,0.010360186
4/30/2024,0.010202017
4/30/2024,0.010320563
4/30/2024,0.010221741
4/30/2024,0.010280993
4/30/2024,0.010519216
4/30/2024,0.010399863
4/30/2024,0.010419721
4/30/2024,0.010261229
4/30/2024,0.010202017
4/30/2024,0.010025111
4/30/2024,0.010340367
4/30/2024,0.01016261
4/30/2024,0.010261229
4/30/2024,0.010123257
4/30/2024,0.010599053
4/30/2024,0.010241478
4/30/2024,0.010025111
4/30/2024,0.0101036
4/30/2024,0.010083958
4/30/2024,0.010202017
4/30/2024,0.010221741
4/30/2024,0.010360186
4/30/2024,0.010280993
4/30/2024,0.010419721
4/30/2024,0.010064329
4/30/2024,0.009985948
4/30/2024,0.009907786
4/30/2024,0.009966387
4/30/2024,0.010261229
4/30/2024,0.009927306
4/30/2024,0.010142926
4/30/2024,0.010025111
4/30/2024,0.010182306
4/30/2024,0.010044713
4/30/2024,0.010221741
4/30/2024,0.010025111
4/30/2024,0.010064329
4/30/2024,0.009868786
4/30/2024,0.009790951
4/30/2024,0.009966387
4/30/2024,0.010025111
4/30/2024,0.009849307
4/30/2024,0.010083958
4/30/2024,0.009966387
4/30/2024,0.010280993
4/30/2024,0.010221741
4/30/2024,0.010261229
4/30/2024,0.010142926
4/30/2024,0.010142926
4/30/2024,0.010025111
4/30/2024,0.009868786
4/30/2024,0.010123257
4/30/2024,0.010083958
4/30/2024,0.010025111
4/30/2024,0.010221741
4/30/2024,0.010280993
4/30/2024,0.009966387
4/30/2024,0.010280993
4/30/2024,0.010559108
4/30/2024,0.009927306
4/30/2024,0.010064329
4/30/2024,0.010261229
4/30/2024,0.009907786
4/30/2024,0.009849307
4/30/2024,0.009868786
4/30/2024,0.010241478
4/30/2024,0.010123257
4/30/2024,0.0101036
4/30/2024,0.00994684
4/30/2024,0.010025111
4/30/2024,0.010044713
4/30/2024,0.009907786
4/30/2024,0.009907786
4/30/2024,0.010005523
4/30/2024,0.010123257
4/30/2024,0.009888279
4/30/2024,0.010142926
4/30/2024,0.009829841
4/30/2024,0.00994684
4/30/2024,0.009927306
4/30/2024,0.009732718
4/30/2024,0.009616623
4/30/2024,0.009985948
4/30/2024,0.009849307
4/30/2024,0.00994684
4/30/2024,0.009732718
4/30/2024,0.010202017
4/30/2024,0.010044713
4/30/2024,0.009810389
4/30/2024,0.009868786
4/30/2024,0.010083958
4/30/2024,0.009771526
5/1/2024,0.009790951
5/1/2024,0.009810389
5/1/2024,0.009966387
5/1/2024,0.010025111
5/1/2024,0.009966387
5/1/2024,0.009790951
5/1/2024,0.009849307
5/1/2024,0.009888279
5/1/2024,0.009693965
5/1/2024,0.010083958
5/1/2024,0.009829841
5/1/2024,0.010005523
5/1/2024,0.009732718
5/1/2024,0.009713334
5/1/2024,0.009635938
5/1/2024,0.009732718
5/1/2024,0.010005523
5/1/2024,0.009810389
5/1/2024,0.009732718
5/1/2024,0.009810389
5/1/2024,0.009732718
5/1/2024,0.009849307
5/1/2024,0.009752115
5/1/2024,0.009732718
5/1/2024,0.009810389
5/1/2024,0.009790951
5/1/2024,0.009597322
5/1/2024,0.010044713
5/1/2024,0.00994684
5/1/2024,0.009927306
5/1/2024,0.00994684
5/1/2024,0.009732718
5/1/2024,0.009790951
5/1/2024,0.009927306
5/1/2024,0.0094626
5/1/2024,0.009713334
5/1/2024,0.009810389
5/1/2024,0.009732718
5/1/2024,0.009790951
5/1/2024,0.009539501
5/1/2024,0.00919519
5/1/2024,0.010439594
5/1/2024,0.009927306
5/1/2024,0.009810389
5/1/2024,0.009616623
5/1/2024,0.009366784
5/1/2024,0.009849307
5/1/2024,0.009849307
5/1/2024,0.009578034
5/1/2024,0.009597322
5/1/2024,0.009810389
5/1/2024,0.009481804
5/1/2024,0.009424232
5/1/2024,0.009655266
5/1/2024,0.009616623
5/1/2024,0.009810389
5/1/2024,0.009693965
5/1/2024,0.009578034
5/1/2024,0.011062255
5/1/2024,0.009597322
5/1/2024,0.009616623
5/1/2024,0.010519216
5/1/2024,0.009790951
5/1/2024,0.009713334
5/1/2024,0.0094626
5/1/2024,0.009888279
5/1/2024,0.009578034
5/1/2024,0.009693965
5/1/2024,0.010044713
5/1/2024,0.009771526
5/1/2024,0.009752115
5/1/2024,0.009655266
5/1/2024,0.009888279
5/1/2024,0.009558761
5/1/2024,0.009655266
5/1/2024,0.009868786
5/1/2024,0.009752115
5/1/2024,0.009713334
5/1/2024,0.009655266
5/1/2024,0.009578034
5/1/2024,0.009771526
5/1/2024,0.009578034
5/1/2024,0.009539501
5/1/2024,0.009810389
5/1/2024,0.009713334
5/1/2024,0.009481804
5/1/2024,0.009713334
5/1/2024,0.009713334
5/1/2024,0.009635938
5/1/2024,0.009501023
5/1/2024,0.009693965
5/1/2024,0.009790951
5/1/2024,0.009713334
5/1/2024,0.009752115
5/1/2024,0.009849307
5/1/2024,0.009771526
5/2/2024,0.009578034
5/2/2024,0.010025111
5/2/2024,0.009713334
5/2/2024,0.009713334
5/2/2024,0.009597322
5/2/2024,0.009597322
5/2/2024,0.009481804
5/2/2024,0.009790951
5/2/2024,0.009868786
5/2/2024,0.009693965
5/2/2024,0.009597322
5/2/2024,0.009693965
5/2/2024,0.009674609
5/2/2024,0.009655266
5/2/2024,0.009693965
5/2/2024,0.009597322
5/2/2024,0.009501023
5/2/2024,0.009732718
5/2/2024,0.009752115
5/2/2024,0.009868786
5/2/2024,0.009616623
5/2/2024,0.009597322
5/2/2024,0.009578034
5/2/2024,0.009616623
5/2/2024,0.009424232
5/2/2024,0.009713334
5/2/2024,0.009771526
5/2/2024,0.009674609
5/2/2024,0.009927306
5/2/2024,0.009635938
5/2/2024,0.009481804
5/2/2024,0.009520255
5/2/2024,0.0094626
5/2/2024,0.009233225
5/2/2024,0.009539501
5/2/2024,0.009520255
5/2/2024,0.009520255
5/2/2024,0.009271315
5/2/2024,0.009252263
5/2/2024,0.009347663
5/2/2024,0.009233225
5/2/2024,0.009176194
5/2/2024,0.009328555
5/2/2024,0.009005855
5/2/2024,0.009290381
5/2/2024,0.00938592
5/2/2024,0.009214201
5/2/2024,0.009309461
5/2/2024,0.008949327
5/2/2024,0.009062508
5/2/2024,0.009233225
5/2/2024,0.009252263
5/2/2024,0.008986998
5/2/2024,0.00904361
5/2/2024,0.009214201
5/2/2024,0.008743142
5/2/2024,0.008855395
5/2/2024,0.008836651
5/2/2024,0.009100348
5/2/2024,0.009119288
5/2/2024,0.009005855
5/2/2024,0.008855395
5/2/2024,0.008836651
5/2/2024,0.008986998
5/2/2024,0.008799205
5/2/2024,0.008874153
5/2/2024,0.00904361
5/2/2024,0.008968155
5/2/2024,0.008986998
5/2/2024,0.009119288
5/2/2024,0.009005855
5/2/2024,0.009176194
5/2/2024,0.009062508
5/2/2024,0.009005855
5/2/2024,0.009062508
5/2/2024,0.009100348
5/2/2024,0.009062508
5/2/2024,0.008949327
5/2/2024,0.008986998
5/2/2024,0.009081421
5/2/2024,0.009100348
5/2/2024,0.009233225
5/2/2024,0.009062508
5/2/2024,0.009214201
5/2/2024,0.00919519
5/2/2024,0.009138243
5/2/2024,0.009024725
5/2/2024,0.008911712
5/2/2024,0.009119288
5/2/2024,0.009290381
5/2/2024,0.009176194
5/2/2024,0.00919519
5/2/2024,0.008743142
5/2/2024,0.009233225
5/2/2024,0.009100348
5/2/2024,0.009366784
5/3/2024,0.00904361
5/3/2024,0.009119288
5/3/2024,0.009157211
5/3/2024,0.009233225
5/3/2024,0.009081421
5/3/2024,0.009100348
5/3/2024,0.009138243
5/3/2024,0.00904361
5/3/2024,0.009138243
5/3/2024,0.009100348
5/3/2024,0.009100348
5/3/2024,0.009214201
5/3/2024,0.009157211
5/3/2024,0.009024725
5/3/2024,0.009233225
5/3/2024,0.008892926
5/3/2024,0.008986998
5/3/2024,0.009100348
5/3/2024,0.009005855
5/3/2024,0.00904361
5/3/2024,0.008949327
5/3/2024,0.008968155
5/3/2024,0.008949327
5/3/2024,0.008930512
5/3/2024,0.009024725
5/3/2024,0.008986998
5/3/2024,0.009081421
5/3/2024,0.008911712
5/3/2024,0.008892926
5/3/2024,0.009005855
5/3/2024,0.008836651
5/3/2024,0.008687206
5/3/2024,0.008724482
5/3/2024,0.008817921
5/3/2024,0.008930512
5/3/2024,0.008724482
5/3/2024,0.008668589
5/3/2024,0.008799205
5/3/2024,0.008780503
5/3/2024,0.008836651
5/3/2024,0.008612823
5/3/2024,0.008594263
5/3/2024,0.008743142
5/3/2024,0.008743142
5/3/2024,0.008799205
5/3/2024,0.008649986
5/3/2024,0.008594263
5/3/2024,0.00846474
5/3/2024,0.008836651
5/3/2024,0.008668589
5/3/2024,0.008687206
5/3/2024,0.008483201
5/3/2024,0.008575717
5/3/2024,0.008594263
5/3/2024,0.008557186
5/3/2024,0.008594263
5/3/2024,0.008649986
5/3/2024,0.008836651
5/3/2024,0.008631398
5/3/2024,0.008649986
5/3/2024,0.008799205
5/3/2024,0.008668589
5/3/2024,0.008687206
5/3/2024,0.008761815
5/3/2024,0.008557186
5/3/2024,0.008743142
5/3/2024,0.008538668
5/3/2024,0.008724482
5/3/2024,0.008501676
5/3/2024,0.008855395
5/3/2024,0.008780503
5/3/2024,0.008892926
5/3/2024,0.008724482
5/3/2024,0.008930512
5/3/2024,0.008874153
5/3/2024,0.009081421
5/3/2024,0.009005855
5/3/2024,0.009138243
5/3/2024,0.009005855
5/3/2024,0.009176194
5/3/2024,0.009024725
5/3/2024,0.009062508
5/3/2024,0.009119288
5/3/2024,0.009062508
5/3/2024,0.009271315
5/3/2024,0.00904361
5/3/2024,0.008892926
5/3/2024,0.009100348
5/3/2024,0.008949327
5/3/2024,0.008780503
5/3/2024,0.008968155
5/3/2024,0.00904361
5/3/2024,0.009176194
5/3/2024,0.009062508
5/3/2024,0.009176194
5/3/2024,0.009157211
5/4/2024,0.009328555
5/4/2024,0.009024725
5/4/2024,0.009100348
5/4/2024,0.009347663
5/4/2024,0.009271315
5/4/2024,0.009176194
5/4/2024,0.00904361
5/4/2024,0.009138243
5/4/2024,0.009138243
5/4/2024,0.009309461
5/4/2024,0.009501023
5/4/2024,0.009252263
5/4/2024,0.009233225
5/4/2024,0.009558761
5/4/2024,0.009309461
5/4/2024,0.009252263
5/4/2024,0.009347663
5/4/2024,0.009405069
5/4/2024,0.009290381
5/4/2024,0.009214201
5/4/2024,0.009443409
5/4/2024,0.009233225
5/4/2024,0.009252263
5/4/2024,0.009405069
5/4/2024,0.009405069
5/4/2024,0.009214201
5/4/2024,0.00904361
5/4/2024,0.009309461
5/4/2024,0.0094626
5/4/2024,0.00919519
5/4/2024,0.009081421
5/4/2024,0.009214201
5/4/2024,0.009119288
5/4/2024,0.008986998
5/4/2024,0.009119288
5/4/2024,0.009271315
5/4/2024,0.009443409
5/4/2024,0.009539501
5/4/2024,0.009100348
5/4/2024,0.009100348
5/4/2024,0.00919519
5/4/2024,0.009290381
5/4/2024,0.009138243
5/4/2024,0.008836651
5/4/2024,0.009024725
5/4/2024,0.00904361
5/4/2024,0.009081421
5/4/2024,0.009290381
5/4/2024,0.009328555
5/4/2024,0.009176194
5/4/2024,0.00919519
5/4/2024,0.009366784
5/4/2024,0.009252263
5/4/2024,0.009405069
5/4/2024,0.009347663
5/4/2024,0.008986998
5/4/2024,0.009062508
5/4/2024,0.009024725
5/4/2024,0.009005855
5/4/2024,0.009405069
5/4/2024,0.009328555
5/4/2024,0.009214201
5/4/2024,0.009005855
5/4/2024,0.009214201
5/4/2024,0.009157211
5/4/2024,0.009062508
5/4/2024,0.009176194
5/4/2024,0.008799205
5/4/2024,0.008817921
5/4/2024,0.008986998
5/4/2024,0.008949327
5/4/2024,0.008855395
5/4/2024,0.008930512
5/4/2024,0.008949327
5/4/2024,0.008911712
5/4/2024,0.008968155
5/4/2024,0.00904361
5/4/2024,0.009100348
5/4/2024,0.008836651
5/4/2024,0.008949327
5/4/2024,0.008930512
5/4/2024,0.008855395
5/4/2024,0.008817921
5/4/2024,0.009138243
5/4/2024,0.009081421
5/4/2024,0.008986998
5/4/2024,0.009119288
5/4/2024,0.008855395
5/4/2024,0.009119288
5/4/2024,0.009214201
5/4/2024,0.009081421
5/4/2024,0.008874153
5/4/2024,0.008986998
5/4/2024,0.00904361
5/4/2024,0.008836651
5/4/2024,0.009062508
5/5/2024,0.008892926
5/5/2024,0.009233225
5/5/2024,0.008761815
5/5/2024,0.009005855
5/5/2024,0.008949327
5/5/2024,0.008817921
5/5/2024,0.008986998
5/5/2024,0.009176194
5/5/2024,0.009138243
5/5/2024,0.008930512
5/5/2024,0.008930512
5/5/2024,0.009119288
5/5/2024,0.009176194
5/5/2024,0.009062508
5/5/2024,0.008930512
5/5/2024,0.008836651
5/5/2024,0.008949327
5/5/2024,0.008817921
5/5/2024,0.008575717
5/5/2024,0.008649986
5/5/2024,0.009062508
5/5/2024,0.008874153
5/5/2024,0.008817921
5/5/2024,0.008817921
5/5/2024,0.008892926
5/5/2024,0.008575717
5/5/2024,0.008743142
5/5/2024,0.008780503
5/5/2024,0.008724482
5/5/2024,0.008743142
5/5/2024,0.008649986
5/5/2024,0.008687206
5/5/2024,0.008668589
5/5/2024,0.008874153
5/5/2024,0.008668589
5/5/2024,0.008780503
5/5/2024,0.008968155
5/5/2024,0.008743142
5/5/2024,0.008949327
5/5/2024,0.008743142
5/5/2024,0.008780503
5/5/2024,0.008949327
5/5/2024,0.008649986
5/5/2024,0.008501676
5/5/2024,0.008761815
5/5/2024,0.008892926
5/5/2024,0.008836651
5/5/2024,0.008427862
5/5/2024,0.008874153
5/5/2024,0.008780503
5/5/2024,0.008631398
5/5/2024,0.008687206
5/5/2024,0.008538668
5/5/2024,0.008930512
5/5/2024,0.008575717
5/5/2024,0.00846474
5/5/2024,0.008631398
5/5/2024,0.008631398
5/5/2024,0.008836651
5/5/2024,0.008892926
5/5/2024,0.008761815
5/5/2024,0.008743142
5/5/2024,0.008501676
5/5/2024,0.008743142
5/5/2024,0.008761815
5/5/2024,0.008631398
5/5/2024,0.008687206
5/5/2024,0.008817921
5/5/2024,0.008557186
5/5/2024,0.008612823
5/5/2024,0.008612823
5/5/2024,0.008799205
5/5/2024,0.008409445
5/5/2024,0.008501676
5/5/2024,0.008668589
5/5/2024,0.008761815
5/5/2024,0.008631398
5/5/2024,0.008892926
5/5/2024,0.008724482
5/5/2024,0.008354277
5/5/2024,0.008743142
5/5/2024,0.008874153
5/5/2024,0.008799205
5/5/2024,0.008520165
5/5/2024,0.00846474
5/5/2024,0.008817921
5/5/2024,0.008668589
5/5/2024,0.008930512
5/5/2024,0.008668589
5/5/2024,0.008557186
5/5/2024,0.008538668
5/5/2024,0.009138243
5/5/2024,0.008949327
5/5/2024,0.008911712
5/5/2024,0.008761815
5/5/2024,0.008743142
5/5/2024,0.009309461
5/6/2024,0.009081421
5/6/2024,0.008799205
5/6/2024,0.009157211
5/6/2024,0.009290381
5/6/2024,0.008949327
5/6/2024,0.008780503
5/6/2024,0.008668589
5/6/2024,0.009233225
5/6/2024,0.009328555
5/6/2024,0.009214201
5/6/2024,0.009233225
5/6/2024,0.009176194
5/6/2024,0.009309461
5/6/2024,0.009024725
5/6/2024,0.008799205
5/6/2024,0.008930512
5/6/2024,0.008724482
5/6/2024,0.009810389
5/6/2024,0.00904361
5/6/2024,0.008836651
5/6/2024,0.008780503
5/6/2024,0.009157211
5/6/2024,0.009005855
5/6/2024,0.009081421
5/6/2024,0.008799205
5/6/2024,0.009119288
5/6/2024,0.008799205
5/6/2024,0.009062508
5/6/2024,0.008705837
5/6/2024,0.008836651
5/6/2024,0.008817921
5/6/2024,0.009635938
5/6/2024,0.009309461
5/6/2024,0.008968155
5/6/2024,0.008855395
5/6/2024,0.009100348
5/6/2024,0.008557186
5/6/2024,0.009157211
5/6/2024,0.009024725
5/6/2024,0.008986998
5/6/2024,0.009138243
5/6/2024,0.008446294
5/6/2024,0.009328555
5/6/2024,0.008354277
5/6/2024,0.008892926
5/6/2024,0.010025111
5/6/2024,0.008705837
5/6/2024,0.008724482
5/6/2024,0.008668589
5/6/2024,0.008538668
5/6/2024,0.008930512
5/6/2024,0.008836651
5/6/2024,0.008080381
5/6/2024,0.008799205
5/6/2024,0.008317571
5/6/2024,0.008705837
5/6/2024,0.008280922
5/6/2024,0.009024725
5/6/2024,0.008780503
5/6/2024,0.008743142
5/6/2024,0.008649986
5/6/2024,0.009005855
5/6/2024,0.008817921
5/6/2024,0.008317571
5/6/2024,0.008968155
5/6/2024,0.008986998
5/6/2024,0.008687206
5/6/2024,0.008687206
5/6/2024,0.008226056
5/6/2024,0.008409445
5/6/2024,0.008409445
5/6/2024,0.008911712
5/6/2024,0.008799205
5/6/2024,0.008612823
5/6/2024,0.008372652
5/6/2024,0.008687206
5/6/2024,0.008483201
5/6/2024,0.008575717
5/6/2024,0.008649986
5/6/2024,0.008409445
5/6/2024,0.008538668
5/6/2024,0.00824433
5/6/2024,0.00846474
5/6/2024,0.008483201
5/6/2024,0.008799205
5/6/2024,0.008538668
5/6/2024,0.008134901
5/6/2024,0.008409445
5/6/2024,0.008761815
5/6/2024,0.008911712
5/6/2024,0.00938592
5/6/2024,0.008836651
5/6/2024,0.009024725
5/6/2024,0.008557186
5/6/2024,0.008299239
5/6/2024,0.00824433
5/7/2024,0.008427862
5/7/2024,0.008446294
5/7/2024,0.008391041
5/7/2024,0.008501676
5/7/2024,0.008207796
5/7/2024,0.008557186
5/7/2024,0.008080381
5/7/2024,0.008025992
5/7/2024,0.008317571
5/7/2024,0.008189551
5/7/2024,0.008483201
5/7/2024,0.008427862
5/7/2024,0.008409445
5/7/2024,0.008025992
5/7/2024,0.008317571
5/7/2024,0.008427862
5/7/2024,0.008520165
5/7/2024,0.008153103
5/7/2024,0.008189551
5/7/2024,0.008575717
5/7/2024,0.008153103
5/7/2024,0.008483201
5/7/2024,0.008391041
5/7/2024,0.008409445
5/7/2024,0.008372652
5/7/2024,0.008631398
5/7/2024,0.008501676
5/7/2024,0.008299239
5/7/2024,0.007935632
5/7/2024,0.009157211
5/7/2024,0.007845637
5/7/2024,0.008501676
5/7/2024,0.008391041
5/7/2024,0.009616623
5/7/2024,0.008911712
5/7/2024,0.008836651
5/7/2024,0.008483201
5/7/2024,0.007702403
5/7/2024,0.008280922
5/7/2024,0.008116713
5/7/2024,0.008062237
5/7/2024,0.008207796
5/7/2024,0.008153103
5/7/2024,0.008062237
5/7/2024,0.008262619
5/7/2024,0.007953675
5/7/2024,0.008207796
5/7/2024,0.007953675
5/7/2024,0.007935632
5/7/2024,0.008575717
5/7/2024,0.008189551
5/7/2024,0.008446294
5/7/2024,0.007881591
5/7/2024,0.007827681
5/7/2024,0.008446294
5/7/2024,0.007935632
5/7/2024,0.008705837
5/7/2024,0.007809741
5/7/2024,0.00824433
5/7/2024,0.008930512
5/7/2024,0.008409445
5/7/2024,0.007791814
5/7/2024,0.00817132
5/7/2024,0.008874153
5/7/2024,0.008575717
5/7/2024,0.00824433
5/7/2024,0.007917604
5/7/2024,0.007917604
5/7/2024,0.007935632
5/7/2024,0.007989804
5/7/2024,0.008207796
5/7/2024,0.008025992
5/7/2024,0.008116713
5/7/2024,0.007917604
5/7/2024,0.008025992
5/7/2024,0.00809854
5/7/2024,0.007971733
5/7/2024,0.007827681
5/7/2024,0.007863607
5/7/2024,0.007899591
5/7/2024,0.007881591
5/7/2024,0.007702403
5/7/2024,0.007845637
5/7/2024,0.007935632
5/7/2024,0.007827681
5/7/2024,0.007863607
5/7/2024,0.007738124
5/7/2024,0.008116713
5/7/2024,0.007666741
5/7/2024,0.007773903
5/7/2024,0.008025992
5/7/2024,0.007953675
5/7/2024,0.007935632
5/7/2024,0.008044107
5/7/2024,0.007809741
5/7/2024,0.00809854
5/8/2024,0.007773903
5/8/2024,0.007917604
5/8/2024,0.007773903
5/8/2024,0.007863607
5/8/2024,0.008044107
5/8/2024,0.007863607
5/8/2024,0.007666741
5/8/2024,0.007666741
5/8/2024,0.008025992
5/8/2024,0.007863607
5/8/2024,0.008025992
5/8/2024,0.007863607
5/8/2024,0.007720256
5/8/2024,0.007899591
5/8/2024,0.007899591
5/8/2024,0.007648932
5/8/2024,0.007631138
5/8/2024,0.007756006
5/8/2024,0.007881591
5/8/2024,0.007613359
5/8/2024,0.007791814
5/8/2024,0.007560108
5/8/2024,0.007827681
5/8/2024,0.007791814
5/8/2024,0.008025992
5/8/2024,0.007702403
5/8/2024,0.007756006
5/8/2024,0.007756006
5/8/2024,0.007631138
5/8/2024,0.007702403
5/8/2024,0.007577844
5/8/2024,0.007506991
5/8/2024,0.007845637
5/8/2024,0.007738124
5/8/2024,0.007613359
5/8/2024,0.007720256
5/8/2024,0.007577844
5/8/2024,0.007631138
5/8/2024,0.007595594
5/8/2024,0.007773903
5/8/2024,0.007436375
5/8/2024,0.007436375
5/8/2024,0.007489315
5/8/2024,0.007454007
5/8/2024,0.007524682
5/8/2024,0.007383568
5/8/2024,0.007542388
5/8/2024,0.007418758
5/8/2024,0.007613359
5/8/2024,0.007348438
5/8/2024,0.007418758
5/8/2024,0.007454007
5/8/2024,0.007401156
5/8/2024,0.007313368
5/8/2024,0.007348438
5/8/2024,0.007666741
5/8/2024,0.007436375
5/8/2024,0.007489315
5/8/2024,0.007436375
5/8/2024,0.007295855
5/8/2024,0.007401156
5/8/2024,0.007295855
5/8/2024,0.007560108
5/8/2024,0.007595594
5/8/2024,0.007383568
5/8/2024,0.007260873
5/8/2024,0.007489315
5/8/2024,0.007383568
5/8/2024,0.007418758
5/8/2024,0.007330895
5/8/2024,0.007489315
5/8/2024,0.007330895
5/8/2024,0.007243405
5/8/2024,0.007471653
5/8/2024,0.007225952
5/8/2024,0.007489315
5/8/2024,0.007418758
5/8/2024,0.007471653
5/8/2024,0.007506991
5/8/2024,0.007436375
5/8/2024,0.007613359
5/8/2024,0.007278356
5/8/2024,0.007401156
5/8/2024,0.007506991
5/8/2024,0.007489315
5/8/2024,0.007577844
5/8/2024,0.007383568
5/8/2024,0.007243405
5/8/2024,0.007295855
5/8/2024,0.007577844
5/8/2024,0.007631138
5/8/2024,0.007489315
5/8/2024,0.007506991
5/8/2024,0.007631138
5/8/2024,0.007365996
5/8/2024,0.007648932
5/9/2024,0.007542388
5/9/2024,0.007542388
5/9/2024,0.007330895
5/9/2024,0.007401156
5/9/2024,0.007418758
5/9/2024,0.007330895
5/9/2024,0.007436375
5/9/2024,0.007243405
5/9/2024,0.007506991
5/9/2024,0.007489315
5/9/2024,0.007613359
5/9/2024,0.007666741
5/9/2024,0.007401156
5/9/2024,0.007418758
5/9/2024,0.007524682
5/9/2024,0.007471653
5/9/2024,0.007401156
5/9/2024,0.007454007
5/9/2024,0.007436375
5/9/2024,0.007348438
5/9/2024,0.007401156
5/9/2024,0.007684565
5/9/2024,0.007489315
5/9/2024,0.007418758
5/9/2024,0.007313368
5/9/2024,0.007648932
5/9/2024,0.007577844
5/9/2024,0.007365996
5/9/2024,0.007313368
5/9/2024,0.007436375
5/9/2024,0.007383568
5/9/2024,0.007524682
5/9/2024,0.007348438
5/9/2024,0.007383568
5/9/2024,0.007069546
5/9/2024,0.007225952
5/9/2024,0.00713891
5/9/2024,0.007121546
5/9/2024,0.007313368
5/9/2024,0.007173682
5/9/2024,0.007225952
5/9/2024,0.007313368
5/9/2024,0.007278356
5/9/2024,0.007156288
5/9/2024,0.007173682
5/9/2024,0.007069546
5/9/2024,0.007313368
5/9/2024,0.007243405
5/9/2024,0.007000423
5/9/2024,0.007225952
5/9/2024,0.00713891
5/9/2024,0.007069546
5/9/2024,0.007156288
5/9/2024,0.007034954
5/9/2024,0.006948739
5/9/2024,0.006965952
5/9/2024,0.007173682
5/9/2024,0.007156288
5/9/2024,0.007208513
5/9/2024,0.00698318
5/9/2024,0.006845779
5/9/2024,0.006931541
5/9/2024,0.007000423
5/9/2024,0.006965952
5/9/2024,0.007034954
5/9/2024,0.007052242
5/9/2024,0.007156288
5/9/2024,0.006880038
5/9/2024,0.006931541
5/9/2024,0.007156288
5/9/2024,0.007121546
5/9/2024,0.007173682
5/9/2024,0.007034954
5/9/2024,0.007330895
5/9/2024,0.007104198
5/9/2024,0.007295855
5/9/2024,0.00719109
5/9/2024,0.007506991
5/9/2024,0.007278356
5/9/2024,0.007069546
5/9/2024,0.007225952
5/9/2024,0.007401156
5/9/2024,0.00719109
5/9/2024,0.007086864
5/9/2024,0.007121546
5/9/2024,0.007295855
5/9/2024,0.00719109
5/9/2024,0.00719109
5/9/2024,0.007173682
5/9/2024,0.007418758
5/9/2024,0.007348438
5/9/2024,0.007295855
5/9/2024,0.007348438
5/9/2024,0.007542388
5/9/2024,0.007225952
5/9/2024,0.007243405
5/10/2024,0.007506991
5/10/2024,0.007330895
5/10/2024,0.007313368
5/10/2024,0.007208513
5/10/2024,0.007330895
5/10/2024,0.007243405
5/10/2024,0.007173682
5/10/2024,0.007330895
5/10/2024,0.00719109
5/10/2024,0.00713891
5/10/2024,0.007260873
5/10/2024,0.007104198
5/10/2024,0.007295855
5/10/2024,0.007208513
5/10/2024,0.007454007
5/10/2024,0.007278356
5/10/2024,0.007418758
5/10/2024,0.007104198
5/10/2024,0.007295855
5/10/2024,0.007225952
5/10/2024,0.007173682
5/10/2024,0.007156288
5/10/2024,0.00719109
5/10/2024,0.007225952
5/10/2024,0.007069546
5/10/2024,0.00719109
5/10/2024,0.007295855
5/10/2024,0.007295855
5/10/2024,0.007418758
5/10/2024,0.007156288
5/10/2024,0.007104198
5/10/2024,0.007086864
5/10/2024,0.007121546
5/10/2024,0.00713891
5/10/2024,0.00698318
5/10/2024,0.007017681
5/10/2024,0.006777443
5/10/2024,0.007208513
5/10/2024,0.006948739
5/10/2024,0.00670935
5/10/2024,0.006880038
5/10/2024,0.006914358
5/10/2024,0.007034954
5/10/2024,0.007052242
5/10/2024,0.006880038
5/10/2024,0.006777443
5/10/2024,0.00670935
5/10/2024,0.006777443
5/10/2024,0.006897191
5/10/2024,0.006692365
5/10/2024,0.007017681
5/10/2024,0.006845779
5/10/2024,0.007034954
5/10/2024,0.006811581
5/10/2024,0.006845779
5/10/2024,0.006862901
5/10/2024,0.006828672
5/10/2024,0.006726351
5/10/2024,0.006914358
5/10/2024,0.006760397
5/10/2024,0.006880038
5/10/2024,0.006743366
5/10/2024,0.006845779
5/10/2024,0.006811581
5/10/2024,0.006862901
5/10/2024,0.006948739
5/10/2024,0.007000423
5/10/2024,0.006880038
5/10/2024,0.006811581
5/10/2024,0.007017681
5/10/2024,0.006557036
5/10/2024,0.006692365
5/10/2024,0.007000423
5/10/2024,0.006931541
5/10/2024,0.006862901
5/10/2024,0.007173682
5/10/2024,0.007156288
5/10/2024,0.006948739
5/10/2024,0.00719109
5/10/2024,0.007383568
5/10/2024,0.007260873
5/10/2024,0.007243405
5/10/2024,0.007104198
5/10/2024,0.007121546
5/10/2024,0.006948739
5/10/2024,0.006965952
5/10/2024,0.007295855
5/10/2024,0.007034954
5/10/2024,0.007313368
5/10/2024,0.007295855
5/10/2024,0.007104198
5/10/2024,0.006948739
5/10/2024,0.007173682
5/10/2024,0.007208513
5/10/2024,0.007069546
5/10/2024,0.007348438
5/11/2024,0.007052242
5/11/2024,0.007069546
5/11/2024,0.007156288
5/11/2024,0.00713891
5/11/2024,0.007000423
5/11/2024,0.007243405
5/11/2024,0.007208513
5/11/2024,0.007121546
5/11/2024,0.007260873
5/11/2024,0.007330895
5/11/2024,0.007295855
5/11/2024,0.007243405
5/11/2024,0.007086864
5/11/2024,0.007069546
5/11/2024,0.007000423
5/11/2024,0.007401156
5/11/2024,0.007278356
5/11/2024,0.00719109
5/11/2024,0.007086864
5/11/2024,0.007017681
5/11/2024,0.007173682
5/11/2024,0.007278356
5/11/2024,0.007173682
5/11/2024,0.007260873
5/11/2024,0.007278356
5/11/2024,0.007471653
5/11/2024,0.007260873
5/11/2024,0.007156288
5/11/2024,0.00713891
5/11/2024,0.00713891
5/11/2024,0.006845779
5/11/2024,0.00713891
5/11/2024,0.007104198
5/11/2024,0.007104198
5/11/2024,0.006777443
5/11/2024,0.006931541
5/11/2024,0.00698318
5/11/2024,0.00698318
5/11/2024,0.00670935
5/11/2024,0.006845779
5/11/2024,0.006845779
5/11/2024,0.006760397
5/11/2024,0.006897191
5/11/2024,0.006760397
5/11/2024,0.006743366
5/11/2024,0.006880038
5/11/2024,0.006675396
5/11/2024,0.006828672
5/11/2024,0.006692365
5/11/2024,0.006624578
5/11/2024,0.006726351
5/11/2024,0.006523358
5/11/2024,0.006590777
5/11/2024,0.006897191
5/11/2024,0.006811581
5/11/2024,0.006641502
5/11/2024,0.00670935
5/11/2024,0.006523358
5/11/2024,0.006624578
5/11/2024,0.006540189
5/11/2024,0.006760397
5/11/2024,0.006726351
5/11/2024,0.006641502
5/11/2024,0.006726351
5/11/2024,0.006590777
5/11/2024,0.006641502
5/11/2024,0.006573899
5/11/2024,0.006573899
5/11/2024,0.006573899
5/11/2024,0.00660767
5/11/2024,0.006624578
5/11/2024,0.006760397
5/11/2024,0.006845779
5/11/2024,0.006948739
5/11/2024,0.006726351
5/11/2024,0.006811581
5/11/2024,0.006862901
5/11/2024,0.006862901
5/11/2024,0.006965952
5/11/2024,0.007052242
5/11/2024,0.006880038
5/11/2024,0.006845779
5/11/2024,0.00698318
5/11/2024,0.006760397
5/11/2024,0.006777443
5/11/2024,0.006811581
5/11/2024,0.007034954
5/11/2024,0.006811581
5/11/2024,0.006777443
5/11/2024,0.006914358
5/11/2024,0.00698318
5/11/2024,0.007086864
5/11/2024,0.007208513
5/11/2024,0.006965952
5/11/2024,0.007052242
5/11/2024,0.007086864
5/12/2024,0.006965952
5/12/2024,0.006948739
5/12/2024,0.007104198
5/12/2024,0.00713891
5/12/2024,0.006931541
5/12/2024,0.006897191
5/12/2024,0.007052242
5/12/2024,0.007034954
5/12/2024,0.00698318
5/12/2024,0.006726351
5/12/2024,0.00698318
5/12/2024,0.006777443
5/12/2024,0.006897191
5/12/2024,0.006965952
5/12/2024,0.006897191
5/12/2024,0.007121546
5/12/2024,0.006965952
5/12/2024,0.006845779
5/12/2024,0.006948739
5/12/2024,0.00698318
5/12/2024,0.006948739
5/12/2024,0.006862901
5/12/2024,0.007121546
5/12/2024,0.007034954
5/12/2024,0.007052242
5/12/2024,0.007034954
5/12/2024,0.006931541
5/12/2024,0.007000423
5/12/2024,0.006726351
5/12/2024,0.00719109
5/12/2024,0.006777443
5/12/2024,0.006880038
5/12/2024,0.006692365
5/12/2024,0.00670935
5/12/2024,0.006777443
5/12/2024,0.00670935
5/12/2024,0.00660767
5/12/2024,0.006658441
5/12/2024,0.006590777
5/12/2024,0.006760397
5/12/2024,0.006641502
5/12/2024,0.00660767
5/12/2024,0.006540189
5/12/2024,0.006590777
5/12/2024,0.00660767
5/12/2024,0.006590777
5/12/2024,0.006760397
5/12/2024,0.006489741
5/12/2024,0.006506541
5/12/2024,0.006173467
5/12/2024,0.006506541
5/12/2024,0.00635589
5/12/2024,0.006339228
5/12/2024,0.006692365
5/12/2024,0.006009271
5/12/2024,0.006372567
5/12/2024,0.006573899
5/12/2024,0.00638926
5/12/2024,0.006675396
5/12/2024,0.006339228
5/12/2024,0.006489741
5/12/2024,0.006372567
5/12/2024,0.006372567
5/12/2024,0.006289336
5/12/2024,0.006624578
5/12/2024,0.006573899
5/12/2024,0.006339228
5/12/2024,0.006339228
5/12/2024,0.006305951
5/12/2024,0.006289336
5/12/2024,0.006372567
5/12/2024,0.006573899
5/12/2024,0.006322582
5/12/2024,0.00635589
5/12/2024,0.00635589
5/12/2024,0.006372567
5/12/2024,0.006590777
5/12/2024,0.006624578
5/12/2024,0.006557036
5/12/2024,0.00660767
5/12/2024,0.006523358
5/12/2024,0.006743366
5/12/2024,0.006523358
5/12/2024,0.006658441
5/12/2024,0.006828672
5/12/2024,0.00660767
5/12/2024,0.006811581
5/12/2024,0.006777443
5/12/2024,0.006726351
5/12/2024,0.006743366
5/12/2024,0.006692365
5/12/2024,0.006675396
5/12/2024,0.00670935
5/12/2024,0.006658441
5/12/2024,0.006675396
5/12/2024,0.006590777
5/12/2024,0.00670935
5/13/2024,0.006692365
5/13/2024,0.006658441
5/13/2024,0.006624578
5/13/2024,0.006828672
5/13/2024,0.006675396
5/13/2024,0.006760397
5/13/2024,0.00670935
5/13/2024,0.006540189
5/13/2024,0.006641502
5/13/2024,0.006862901
5/13/2024,0.00660767
5/13/2024,0.006523358
5/13/2024,0.006624578
5/13/2024,0.006641502
5/13/2024,0.006641502
5/13/2024,0.006590777
5/13/2024,0.00670935
5/13/2024,0.006641502
5/13/2024,0.006692365
5/13/2024,0.006726351
5/13/2024,0.006506541
5/13/2024,0.006828672
5/13/2024,0.006573899
5/13/2024,0.00670935
5/13/2024,0.006506541
5/13/2024,0.006557036
5/13/2024,0.006624578
5/13/2024,0.006726351
5/13/2024,0.006641502
5/13/2024,0.006540189
5/13/2024,0.006540189
5/13/2024,0.00660767
5/13/2024,0.006472955
5/13/2024,0.006777443
5/13/2024,0.006272737
5/13/2024,0.006372567
5/13/2024,0.006456185
5/13/2024,0.00635589
5/13/2024,0.006405968
5/13/2024,0.006372567
5/13/2024,0.006472955
5/13/2024,0.006540189
5/13/2024,0.006140503
5/13/2024,0.006156977
5/13/2024,0.006124044
5/13/2024,0.006289336
5/13/2024,0.0061076
5/13/2024,0.006173467
5/13/2024,0.006372567
5/13/2024,0.006239585
5/13/2024,0.006305951
5/13/2024,0.006091173
5/13/2024,0.006239585
5/13/2024,0.006845779
5/13/2024,0.006009271
5/13/2024,0.0061076
5/13/2024,0.006058365
5/13/2024,0.006206495
5/13/2024,0.006206495
5/13/2024,0.00635589
5/13/2024,0.006206495
5/13/2024,0.006489741
5/13/2024,0.006557036
5/13/2024,0.006189973
5/13/2024,0.006173467
5/13/2024,0.006156977
5/13/2024,0.006439431
5/13/2024,0.006289336
5/13/2024,0.006506541
5/13/2024,0.006223032
5/13/2024,0.006489741
5/13/2024,0.006422691
5/13/2024,0.006239585
5/13/2024,0.006305951
5/13/2024,0.006305951
5/13/2024,0.006339228
5/13/2024,0.006405968
5/13/2024,0.006523358
5/13/2024,0.006439431
5/13/2024,0.006256153
5/13/2024,0.006372567
5/13/2024,0.006322582
5/13/2024,0.006305951
5/13/2024,0.006272737
5/13/2024,0.006223032
5/13/2024,0.006289336
5/13/2024,0.006339228
5/13/2024,0.006540189
5/13/2024,0.006339228
5/13/2024,0.006189973
5/13/2024,0.00638926
5/13/2024,0.006339228
5/13/2024,0.006272737
5/13/2024,0.006456185
5/13/2024,0.006405968
5/13/2024,0.006540189
5/14/2024,0.006456185
5/14/2024,0.00635589
5/14/2024,0.006422691
5/14/2024,0.006372567
5/14/2024,0.006523358
5/14/2024,0.00635589
5/14/2024,0.006489741
5/14/2024,0.006305951
5/14/2024,0.006305951
5/14/2024,0.006305951
5/14/2024,0.006590777
5/14/2024,0.00638926
5/14/2024,0.006322582
5/14/2024,0.006372567
5/14/2024,0.006223032
5/14/2024,0.006322582
5/14/2024,0.006540189
5/14/2024,0.006372567
5/14/2024,0.006305951
5/14/2024,0.006472955
5/14/2024,0.006173467
5/14/2024,0.006523358
5/14/2024,0.00638926
5/14/2024,0.00635589
5/14/2024,0.006372567
5/14/2024,0.006439431
5/14/2024,0.006156977
5/14/2024,0.006156977
5/14/2024,0.006223032
5/14/2024,0.0061076
5/14/2024,0.006322582
5/14/2024,0.006173467
5/14/2024,0.00635589
5/14/2024,0.005992938
5/14/2024,0.0061076
5/14/2024,0.006124044
5/14/2024,0.0061076
5/14/2024,0.006074761
5/14/2024,0.006074761
5/14/2024,0.006140503
5/14/2024,0.006041985
5/14/2024,0.005960319
5/14/2024,0.006058365
5/14/2024,0.005879049
5/14/2024,0.0061076
5/14/2024,0.006091173
5/14/2024,0.006091173
5/14/2024,0.005976621
5/14/2024,0.006124044
5/14/2024,0.006140503
5/14/2024,0.005960319
5/14/2024,0.005814318
5/14/2024,0.005911509
5/14/2024,0.005798175
5/14/2024,0.005960319
5/14/2024,0.006058365
5/14/2024,0.005911509
5/14/2024,0.005573853
5/14/2024,0.006239585
5/14/2024,0.005798175
5/14/2024,0.005846651
5/14/2024,0.006009271
5/14/2024,0.005814318
5/14/2024,0.006058365
5/14/2024,0.005669606
5/14/2024,0.005992938
5/14/2024,0.005798175
5/14/2024,0.005895271
5/14/2024,0.006041985
5/14/2024,0.005879049
5/14/2024,0.005927763
5/14/2024,0.006009271
5/14/2024,0.006058365
5/14/2024,0.005927763
5/14/2024,0.005976621
5/14/2024,0.00602562
5/14/2024,0.006124044
5/14/2024,0.006041985
5/14/2024,0.006305951
5/14/2024,0.00602562
5/14/2024,0.006124044
5/14/2024,0.006058365
5/14/2024,0.006156977
5/14/2024,0.006058365
5/14/2024,0.006140503
5/14/2024,0.0061076
5/14/2024,0.006339228
5/14/2024,0.0061076
5/14/2024,0.006140503
5/14/2024,0.006256153
5/14/2024,0.006173467
5/14/2024,0.006140503
5/14/2024,0.006339228
5/14/2024,0.006156977
5/14/2024,0.006140503
5/14/2024,0.006272737
5/15/2024,0.006074761
5/15/2024,0.006091173
5/15/2024,0.006405968
5/15/2024,0.006372567
5/15/2024,0.006272737
5/15/2024,0.006189973
5/15/2024,0.006140503
5/15/2024,0.006140503
5/15/2024,0.006091173
5/15/2024,0.006289336
5/15/2024,0.00602562
5/15/2024,0.006206495
5/15/2024,0.006189973
5/15/2024,0.006156977
5/15/2024,0.00602562
5/15/2024,0.006124044
5/15/2024,0.006540189
5/15/2024,0.006256153
5/15/2024,0.006173467
5/15/2024,0.006173467
5/15/2024,0.006124044
5/15/2024,0.006239585
5/15/2024,0.006173467
5/15/2024,0.006223032
5/15/2024,0.006339228
5/15/2024,0.006206495
5/15/2024,0.006009271
5/15/2024,0.006041985
5/15/2024,0.006239585
5/15/2024,0.006009271
5/15/2024,0.006041985
5/15/2024,0.005846651
5/15/2024,0.00602562
5/15/2024,0.005944033
5/15/2024,0.005895271
5/15/2024,0.006041985
5/15/2024,0.006041985
5/15/2024,0.005733763
5/15/2024,0.005830477
5/15/2024,0.005927763
5/15/2024,0.005846651
5/15/2024,0.005701652
5/15/2024,0.005637624
5/15/2024,0.005701652
5/15/2024,0.005573853
5/15/2024,0.005814318
5/15/2024,0.005814318
5/15/2024,0.005685621
5/15/2024,0.005701652
5/15/2024,0.005814318
5/15/2024,0.005685621
5/15/2024,0.005669606
5/15/2024,0.005701652
5/15/2024,0.005862842
5/15/2024,0.0057177
5/15/2024,0.005879049
5/15/2024,0.005830477
5/15/2024,0.005526194
5/15/2024,0.005782048
5/15/2024,0.005621657
5/15/2024,0.005765937
5/15/2024,0.005798175
5/15/2024,0.005542064
5/15/2024,0.005431312
5/15/2024,0.005605706
5/15/2024,0.005669606
5/15/2024,0.005621657
5/15/2024,0.005589772
5/15/2024,0.005669606
5/15/2024,0.005879049
5/15/2024,0.0057177
5/15/2024,0.005685621
5/15/2024,0.005621657
5/15/2024,0.005798175
5/15/2024,0.005733763
5/15/2024,0.005895271
5/15/2024,0.006009271
5/15/2024,0.005862842
5/15/2024,0.005927763
5/15/2024,0.005749842
5/15/2024,0.005862842
5/15/2024,0.00602562
5/15/2024,0.005879049
5/15/2024,0.005927763
5/15/2024,0.005927763
5/15/2024,0.005911509
5/15/2024,0.005927763
5/15/2024,0.006009271
5/15/2024,0.005927763
5/15/2024,0.006041985
5/15/2024,0.005895271
5/15/2024,0.005992938
5/15/2024,0.00602562
5/15/2024,0.005927763
5/15/2024,0.005992938
5/15/2024,0.006156977
5/16/2024,0.006074761
5/16/2024,0.006140503
5/16/2024,0.005944033
5/16/2024,0.006189973
5/16/2024,0.005911509
5/16/2024,0.006009271
5/16/2024,0.006058365
5/16/2024,0.006140503
5/16/2024,0.006074761
5/16/2024,0.005960319
5/16/2024,0.006041985
5/16/2024,0.005830477
5/16/2024,0.005911509
5/16/2024,0.0061076
5/16/2024,0.005911509
5/16/2024,0.006058365
5/16/2024,0.006009271
5/16/2024,0.006091173
5/16/2024,0.006140503
5/16/2024,0.006041985
5/16/2024,0.005879049
5/16/2024,0.006156977
5/16/2024,0.006091173
5/16/2024,0.005862842
5/16/2024,0.005927763
5/16/2024,0.006058365
5/16/2024,0.005992938
5/16/2024,0.005960319
5/16/2024,0.006074761
5/16/2024,0.005814318
5/16/2024,0.005669606
5/16/2024,0.005782048
5/16/2024,0.005782048
5/16/2024,0.005733763
5/16/2024,0.005701652
5/16/2024,0.005542064
5/16/2024,0.0057177
5/16/2024,0.0057177
5/16/2024,0.006339228
5/16/2024,0.005927763
5/16/2024,0.005701652
5/16/2024,0.005862842
5/16/2024,0.005605706
5/16/2024,0.005798175
5/16/2024,0.005589772
5/16/2024,0.005830477
5/16/2024,0.005621657
5/16/2024,0.005526194
5/16/2024,0.005621657
5/16/2024,0.005976621
5/16/2024,0.005782048
5/16/2024,0.00538409
5/16/2024,0.00538409
5/16/2024,0.005337014
5/16/2024,0.005685621
5/16/2024,0.00547868
5/16/2024,0.006289336
5/16/2024,0.005637624
5/16/2024,0.005337014
5/16/2024,0.005431312
5/16/2024,0.005653607
5/16/2024,0.005399814
5/16/2024,0.00538409
5/16/2024,0.00547868
5/16/2024,0.005321355
5/16/2024,0.005462874
5/16/2024,0.005653607
5/16/2024,0.005305712
5/16/2024,0.005814318
5/16/2024,0.005573853
5/16/2024,0.005733763
5/16/2024,0.005415555
5/16/2024,0.00555795
5/16/2024,0.005653607
5/16/2024,0.005765937
5/16/2024,0.005605706
5/16/2024,0.005749842
5/16/2024,0.00555795
5/16/2024,0.005573853
5/16/2024,0.005749842
5/16/2024,0.005542064
5/16/2024,0.005685621
5/16/2024,0.005573853
5/16/2024,0.005653607
5/16/2024,0.0057177
5/16/2024,0.005589772
5/16/2024,0.00555795
5/16/2024,0.00555795
5/16/2024,0.005685621
5/16/2024,0.005765937
5/16/2024,0.005814318
5/16/2024,0.005782048
5/16/2024,0.005526194
5/16/2024,0.0057177
5/16/2024,0.005814318
5/16/2024,0.005879049
5/17/2024,0.005733763
5/17/2024,0.005653607
5/17/2024,0.005927763
5/17/2024,0.005862842
5/17/2024,0.005830477
5/17/2024,0.005701652
5/17/2024,0.005846651
5/17/2024,0.005814318
5/17/2024,0.005927763
5/17/2024,0.005976621
5/17/2024,0.005944033
5/17/2024,0.005621657
5/17/2024,0.0057177
5/17/2024,0.0057177
5/17/2024,0.005621657
5/17/2024,0.005862842
5/17/2024,0.005879049
5/17/2024,0.005399814
5/17/2024,0.005637624
5/17/2024,0.005911509
5/17/2024,0.005685621
5/17/2024,0.005927763
5/17/2024,0.005701652
5/17/2024,0.005879049
5/17/2024,0.005782048
5/17/2024,0.005573853
5/17/2024,0.005669606
5/17/2024,0.005227743
5/17/2024,0.005701652
5/17/2024,0.005621657
5/17/2024,0.005526194
5/17/2024,0.005765937
5/17/2024,0.005701652
5/17/2024,0.005165663
5/17/2024,0.006289336
5/17/2024,0.005526194
5/17/2024,0.005321355
5/17/2024,0.005462874
5/17/2024,0.005573853
5/17/2024,0.005415555
5/17/2024,0.005494501
5/17/2024,0.005653607
5/17/2024,0.005895271
5/17/2024,0.005814318
5/17/2024,0.005653607
5/17/2024,0.005510339
5/17/2024,0.00602562
5/17/2024,0.005526194
5/17/2024,0.0057177
5/17/2024,0.005399814
5/17/2024,0.005637624
5/17/2024,0.00555795
5/17/2024,0.005830477
5/17/2024,0.005605706
5/17/2024,0.005415555
5/17/2024,0.005510339
5/17/2024,0.00535269
5/17/2024,0.005510339
5/17/2024,0.00555795
5/17/2024,0.005605706
5/17/2024,0.005431312
5/17/2024,0.005542064
5/17/2024,0.005526194
5/17/2024,0.005337014
5/17/2024,0.005415555
5/17/2024,0.00535269
5/17/2024,0.005447085
5/17/2024,0.005368381
5/17/2024,0.005447085
5/17/2024,0.005337014
5/17/2024,0.00538409
5/17/2024,0.005368381
5/17/2024,0.005431312
5/17/2024,0.005337014
5/17/2024,0.005637624
5/17/2024,0.00555795
5/17/2024,0.00547868
5/17/2024,0.005749842
5/17/2024,0.005653607
5/17/2024,0.005685621
5/17/2024,0.005685621
5/17/2024,0.00555795
5/17/2024,0.005701652
5/17/2024,0.005685621
5/17/2024,0.005749842
5/17/2024,0.005653607
5/17/2024,0.005733763
5/17/2024,0.005685621
5/17/2024,0.005653607
5/17/2024,0.005862842
5/17/2024,0.005749842
5/17/2024,0.005573853
5/17/2024,0.005669606
5/17/2024,0.005749842
5/17/2024,0.005749842
5/17/2024,0.005879049
5/18/2024,0.005782048
5/18/2024,0.005782048
5/18/2024,0.005669606
5/18/2024,0.005830477
5/18/2024,0.005542064
5/18/2024,0.005733763
5/18/2024,0.005765937
5/18/2024,0.005621657
5/18/2024,0.005701652
5/18/2024,0.005798175
5/18/2024,0.005862842
5/18/2024,0.005782048
5/18/2024,0.005782048
5/18/2024,0.005749842
5/18/2024,0.005927763
5/18/2024,0.005879049
5/18/2024,0.0057177
5/18/2024,0.005765937
5/18/2024,0.005542064
5/18/2024,0.0057177
5/18/2024,0.005765937
5/18/2024,0.005782048
5/18/2024,0.005749842
5/18/2024,0.005830477
5/18/2024,0.005621657
5/18/2024,0.005765937
5/18/2024,0.005733763
5/18/2024,0.005637624
5/18/2024,0.005637624
5/18/2024,0.005653607
5/18/2024,0.005782048
5/18/2024,0.005733763
5/18/2024,0.00547868
5/18/2024,0.005589772
5/18/2024,0.005685621
5/18/2024,0.005685621
5/18/2024,0.005637624
5/18/2024,0.005526194
5/18/2024,0.00555795
5/18/2024,0.005621657
5/18/2024,0.005542064
5/18/2024,0.005589772
5/18/2024,0.005447085
5/18/2024,0.005494501
5/18/2024,0.005447085
5/18/2024,0.005653607
5/18/2024,0.005462874
5/18/2024,0.005510339
5/18/2024,0.00538409
5/18/2024,0.005305712
5/18/2024,0.00555795
5/18/2024,0.005447085
5/18/2024,0.005165663
5/18/2024,0.00535269
5/18/2024,0.005447085
5/18/2024,0.00555795
5/18/2024,0.005057659
5/18/2024,0.005243304
5/18/2024,0.005447085
5/18/2024,0.005258881
5/18/2024,0.005305712
5/18/2024,0.005447085
5/18/2024,0.005227743
5/18/2024,0.005447085
5/18/2024,0.005290085
5/18/2024,0.005510339
5/18/2024,0.005542064
5/18/2024,0.00538409
5/18/2024,0.005321355
5/18/2024,0.00535269
5/18/2024,0.005274475
5/18/2024,0.005368381
5/18/2024,0.005415555
5/18/2024,0.005542064
5/18/2024,0.005510339
5/18/2024,0.005337014
5/18/2024,0.005621657
5/18/2024,0.005431312
5/18/2024,0.005494501
5/18/2024,0.005573853
5/18/2024,0.005573853
5/18/2024,0.005542064
5/18/2024,0.005368381
5/18/2024,0.00555795
5/18/2024,0.005415555
5/18/2024,0.005573853
5/18/2024,0.005337014
5/18/2024,0.005399814
5/18/2024,0.005462874
5/18/2024,0.005243304
5/18/2024,0.005305712
5/18/2024,0.005399814
5/18/2024,0.005462874
5/18/2024,0.005447085
5/18/2024,0.005462874
5/18/2024,0.005462874
5/19/2024,0.005321355
5/19/2024,0.005447085
5/19/2024,0.005447085
5/19/2024,0.005290085
5/19/2024,0.005653607
5/19/2024,0.005368381
5/19/2024,0.005494501
5/19/2024,0.00538409
5/19/2024,0.005337014
5/19/2024,0.005542064
5/19/2024,0.005494501
5/19/2024,0.005653607
5/19/2024,0.005494501
5/19/2024,0.005605706
5/19/2024,0.005605706
5/19/2024,0.00547868
5/19/2024,0.005542064
5/19/2024,0.005573853
5/19/2024,0.005415555
5/19/2024,0.005447085
5/19/2024,0.005494501
5/19/2024,0.005399814
5/19/2024,0.005321355
5/19/2024,0.005447085
5/19/2024,0.005494501
5/19/2024,0.005274475
5/19/2024,0.005321355
5/19/2024,0.005337014
5/19/2024,0.005337014
5/19/2024,0.005415555
5/19/2024,0.005227743
5/19/2024,0.005337014
5/19/2024,0.005243304
5/19/2024,0.00535269
5/19/2024,0.00555795
5/19/2024,0.005057659
5/19/2024,0.005290085
5/19/2024,0.005227743
5/19/2024,0.005290085
5/19/2024,0.005150185
5/19/2024,0.005134722
5/19/2024,0.005119277
5/19/2024,0.005212199
5/19/2024,0.00501162
5/19/2024,0.005274475
5/19/2024,0.005212199
5/19/2024,0.005227743
5/19/2024,0.00498101
5/19/2024,0.005274475
5/19/2024,0.005150185
5/19/2024,0.005227743
5/19/2024,0.005042296
5/19/2024,0.005165663
5/19/2024,0.00498101
5/19/2024,0.00501162
5/19/2024,0.005243304
5/19/2024,0.005042296
5/19/2024,0.00538409
5/19/2024,0.005181159
5/19/2024,0.00493522
5/19/2024,0.005057659
5/19/2024,0.005073039
5/19/2024,0.005088435
5/19/2024,0.004889581
5/19/2024,0.005103847
5/19/2024,0.005134722
5/19/2024,0.005134722
5/19/2024,0.005119277
5/19/2024,0.004950467
5/19/2024,0.00498101
5/19/2024,0.00498101
5/19/2024,0.004950467
5/19/2024,0.005165663
5/19/2024,0.005073039
5/19/2024,0.00498101
5/19/2024,0.005073039
5/19/2024,0.005042296
5/19/2024,0.005134722
5/19/2024,0.00519667
5/19/2024,0.005258881
5/19/2024,0.005243304
5/19/2024,0.005119277
5/19/2024,0.005321355
5/19/2024,0.005227743
5/19/2024,0.005134722
5/19/2024,0.005103847
5/19/2024,0.005290085
5/19/2024,0.00519667
5/19/2024,0.005243304
5/19/2024,0.005290085
5/19/2024,0.005212199
5/19/2024,0.005290085
5/19/2024,0.005227743
5/19/2024,0.005321355
5/19/2024,0.00519667
5/19/2024,0.00535269
5/19/2024,0.005258881
5/20/2024,0.005258881
5/20/2024,0.005212199
5/20/2024,0.005227743
5/20/2024,0.005181159
5/20/2024,0.005181159
5/20/2024,0.005321355
5/20/2024,0.005321355
5/20/2024,0.005321355
5/20/2024,0.005181159
5/20/2024,0.00538409
5/20/2024,0.005290085
5/20/2024,0.005181159
5/20/2024,0.005368381
5/20/2024,0.005290085
5/20/2024,0.005181159
5/20/2024,0.005212199
5/20/2024,0.005274475
5/20/2024,0.005290085
5/20/2024,0.005227743
5/20/2024,0.005103847
5/20/2024,0.005243304
5/20/2024,0.005274475
5/20/2024,0.005368381
5/20/2024,0.005305712
5/20/2024,0.005150185
5/20/2024,0.005368381
5/20/2024,0.005073039
5/20/2024,0.005165663
5/20/2024,0.005103847
5/20/2024,0.005134722
5/20/2024,0.005290085
5/20/2024,0.005073039
5/20/2024,0.00498101
5/20/2024,0.004996306
5/20/2024,0.005042296
5/20/2024,0.004859238
5/20/2024,0.005150185
5/20/2024,0.005057659
5/20/2024,0.005026949
5/20/2024,0.005212199
5/20/2024,0.005088435
5/20/2024,0.004950467
5/20/2024,0.004904777
5/20/2024,0.004798754
5/20/2024,0.005026949
5/20/2024,0.004950467
5/20/2024,0.004996306
5/20/2024,0.004753568
5/20/2024,0.004904777
5/20/2024,0.00501162
5/20/2024,0.00481385
5/20/2024,0.00501162
5/20/2024,0.00491999
5/20/2024,0.00498101
5/20/2024,0.00498101
5/20/2024,0.004859238
5/20/2024,0.005103847
5/20/2024,0.004678595
5/20/2024,0.004950467
5/20/2024,0.00501162
5/20/2024,0.00491999
5/20/2024,0.005057659
5/20/2024,0.004874401
5/20/2024,0.00493522
5/20/2024,0.004708533
5/20/2024,0.004889581
5/20/2024,0.004663651
5/20/2024,0.004844092
5/20/2024,0.004859238
5/20/2024,0.004874401
5/20/2024,0.005088435
5/20/2024,0.004708533
5/20/2024,0.004889581
5/20/2024,0.004859238
5/20/2024,0.005057659
5/20/2024,0.005103847
5/20/2024,0.005042296
5/20/2024,0.005073039
5/20/2024,0.005088435
5/20/2024,0.004950467
5/20/2024,0.00498101
5/20/2024,0.005042296
5/20/2024,0.005103847
5/20/2024,0.004996306
5/20/2024,0.005103847
5/20/2024,0.005042296
5/20/2024,0.005042296
5/20/2024,0.00493522
5/20/2024,0.005103847
5/20/2024,0.005181159
5/20/2024,0.005181159
5/20/2024,0.005150185
5/20/2024,0.005057659
5/20/2024,0.005150185
5/20/2024,0.005073039
5/20/2024,0.00498101
5/21/2024,0.005042296
5/21/2024,0.005119277
5/21/2024,0.00519667
5/21/2024,0.005088435
5/21/2024,0.005042296
5/21/2024,0.005181159
5/21/2024,0.00501162
5/21/2024,0.005026949
5/21/2024,0.005165663
5/21/2024,0.00519667
5/21/2024,0.005073039
5/21/2024,0.005119277
5/21/2024,0.005057659
5/21/2024,0.005321355
5/21/2024,0.005073039
5/21/2024,0.005088435
5/21/2024,0.005150185
5/21/2024,0.004996306
5/21/2024,0.005103847
5/21/2024,0.005103847
5/21/2024,0.005181159
5/21/2024,0.005119277
5/21/2024,0.00498101
5/21/2024,0.00519667
5/21/2024,0.005274475
5/21/2024,0.005212199
5/21/2024,0.005088435
5/21/2024,0.004996306
5/21/2024,0.005042296
5/21/2024,0.005103847
5/21/2024,0.005227743
5/21/2024,0.004783675
5/21/2024,0.00498101
5/21/2024,0.005073039
5/21/2024,0.005119277
5/21/2024,0.005103847
5/21/2024,0.005181159
5/21/2024,0.005057659
5/21/2024,0.005057659
5/21/2024,0.00491999
5/21/2024,0.00491999
5/21/2024,0.00496573
5/21/2024,0.005026949
5/21/2024,0.004859238
5/21/2024,0.00491999
5/21/2024,0.005042296
5/21/2024,0.005150185
5/21/2024,0.005042296
5/21/2024,0.004874401
5/21/2024,0.004889581
5/21/2024,0.004859238
5/21/2024,0.004768613
5/21/2024,0.004904777
5/21/2024,0.004889581
5/21/2024,0.004604046
5/21/2024,0.004768613
5/21/2024,0.00498101
5/21/2024,0.004753568
5/21/2024,0.00493522
5/21/2024,0.004723528
5/21/2024,0.004889581
5/21/2024,0.005042296
5/21/2024,0.00481385
5/21/2024,0.004889581
5/21/2024,0.004693556
5/21/2024,0.004828962
5/21/2024,0.005119277
5/21/2024,0.004859238
5/21/2024,0.004678595
5/21/2024,0.004828962
5/21/2024,0.00501162
5/21/2024,0.004996306
5/21/2024,0.00498101
5/21/2024,0.005227743
5/21/2024,0.005073039
5/21/2024,0.00501162
5/21/2024,0.00491999
5/21/2024,0.005088435
5/21/2024,0.004996306
5/21/2024,0.005103847
5/21/2024,0.004844092
5/21/2024,0.005088435
5/21/2024,0.005042296
5/21/2024,0.004889581
5/21/2024,0.00496573
5/21/2024,0.00493522
5/21/2024,0.00496573
5/21/2024,0.00501162
5/21/2024,0.005119277
5/21/2024,0.004950467
5/21/2024,0.00493522
5/21/2024,0.005103847
5/21/2024,0.005057659
5/21/2024,0.005026949
5/21/2024,0.005119277
5/21/2024,0.00493522
5/22/2024,0.00496573
5/22/2024,0.005119277
5/22/2024,0.005057659
5/22/2024,0.005073039
5/22/2024,0.005119277
5/22/2024,0.004859238
5/22/2024,0.005181159
5/22/2024,0.005227743
5/22/2024,0.005165663
5/22/2024,0.005134722
5/22/2024,0.005227743
5/22/2024,0.005134722
5/22/2024,0.005165663
5/22/2024,0.005042296
5/22/2024,0.005165663
5/22/2024,0.005274475
5/22/2024,0.005150185
5/22/2024,0.005321355
5/22/2024,0.005088435
5/22/2024,0.005103847
5/22/2024,0.00496573
5/22/2024,0.005181159
5/22/2024,0.005243304
5/22/2024,0.005274475
5/22/2024,0.005181159
5/22/2024,0.005274475
5/22/2024,0.005243304
5/22/2024,0.005073039
5/22/2024,0.005258881
5/22/2024,0.005258881
5/22/2024,0.00519667
5/22/2024,0.004904777
5/22/2024,0.005258881
5/22/2024,0.004950467
5/22/2024,0.005134722
5/22/2024,0.00501162
5/22/2024,0.005212199
5/22/2024,0.005212199
5/22/2024,0.005103847
5/22/2024,0.005165663
5/22/2024,0.005227743
5/22/2024,0.005073039
5/22/2024,0.005243304
5/22/2024,0.004874401
5/22/2024,0.005181159
5/22/2024,0.005088435
5/22/2024,0.00496573
5/22/2024,0.005150185
5/22/2024,0.005026949
5/22/2024,0.005212199
5/22/2024,0.004996306
5/22/2024,0.004996306
5/22/2024,0.00501162
5/22/2024,0.005073039
5/22/2024,0.00491999
5/22/2024,0.005165663
5/22/2024,0.005088435
5/22/2024,0.00496573
5/22/2024,0.00493522
5/22/2024,0.00498101
5/22/2024,0.005042296
5/22/2024,0.00493522
5/22/2024,0.004904777
5/22/2024,0.00498101
5/22/2024,0.00491999
5/22/2024,0.004950467
5/22/2024,0.005026949
5/22/2024,0.004889581
5/22/2024,0.004874401
5/22/2024,0.00501162
5/22/2024,0.005073039
5/22/2024,0.00498101
5/22/2024,0.00498101
5/22/2024,0.00496573
5/22/2024,0.00496573
5/22/2024,0.00493522
5/22/2024,0.00496573
5/22/2024,0.00498101
5/22/2024,0.00493522
5/22/2024,0.005026949
5/22/2024,0.00496573
5/22/2024,0.00493522
5/22/2024,0.004828962
5/22/2024,0.005165663
5/22/2024,0.004798754
5/22/2024,0.004996306
5/22/2024,0.00491999
5/22/2024,0.00498101
5/22/2024,0.005073039
5/22/2024,0.004950467
5/22/2024,0.00498101
5/22/2024,0.00496573
5/22/2024,0.004950467
5/22/2024,0.004889581
5/22/2024,0.00498101
5/22/2024,0.004904777
5/23/2024,0.004950467
5/23/2024,0.004889581
5/23/2024,0.004904777
5/23/2024,0.005042296
5/23/2024,0.004996306
5/23/2024,0.004874401
5/23/2024,0.004874401
5/23/2024,0.004904777
5/23/2024,0.00501162
5/23/2024,0.004950467
5/23/2024,0.00493522
5/23/2024,0.00491999
5/23/2024,0.004904777
5/23/2024,0.004874401
5/23/2024,0.004950467
5/23/2024,0.00501162
5/23/2024,0.00498101
5/23/2024,0.004996306
5/23/2024,0.004889581
5/23/2024,0.00498101
5/23/2024,0.004904777
5/23/2024,0.004828962
5/23/2024,0.00491999
5/23/2024,0.004844092
5/23/2024,0.004798754
5/23/2024,0.004859238
5/23/2024,0.00496573
5/23/2024,0.00491999
5/23/2024,0.004783675
5/23/2024,0.004859238
5/23/2024,0.004798754
5/23/2024,0.004708533
5/23/2024,0.004828962
5/23/2024,0.004738539
5/23/2024,0.004798754
5/23/2024,0.004768613
5/23/2024,0.004753568
5/23/2024,0.004828962
5/23/2024,0.004874401
5/23/2024,0.004874401
5/23/2024,0.004768613
5/23/2024,0.004798754
5/23/2024,0.004708533
5/23/2024,0.004663651
5/23/2024,0.004693556
5/23/2024,0.004723528
5/23/2024,0.004693556
5/23/2024,0.004589188
5/23/2024,0.004738539
5/23/2024,0.004708533
5/23/2024,0.004559521
5/23/2024,0.004678595
5/23/2024,0.004544714
5/23/2024,0.004618922
5/23/2024,0.004738539
5/23/2024,0.004618922
5/23/2024,0.004589188
5/23/2024,0.004633815
5/23/2024,0.004574346
5/23/2024,0.004678595
5/23/2024,0.004633815
5/23/2024,0.004529923
5/23/2024,0.004529923
5/23/2024,0.00451515
5/23/2024,0.004648725
5/23/2024,0.004693556
5/23/2024,0.004618922
5/23/2024,0.004738539
5/23/2024,0.004798754
5/23/2024,0.004663651
5/23/2024,0.004753568
5/23/2024,0.004783675
5/23/2024,0.004544714
5/23/2024,0.004828962
5/23/2024,0.004768613
5/23/2024,0.004753568
5/23/2024,0.004798754
5/23/2024,0.004708533
5/23/2024,0.004828962
5/23/2024,0.00481385
5/23/2024,0.004844092
5/23/2024,0.004783675
5/23/2024,0.004859238
5/23/2024,0.004753568
5/23/2024,0.004663651
5/23/2024,0.004859238
5/23/2024,0.004859238
5/23/2024,0.00481385
5/23/2024,0.004950467
5/23/2024,0.004889581
5/23/2024,0.004768613
5/23/2024,0.004874401
5/23/2024,0.00498101
5/23/2024,0.004844092
5/23/2024,0.004693556
5/23/2024,0.004950467
5/24/2024,0.004904777
5/24/2024,0.00493522
5/24/2024,0.00498101
5/24/2024,0.004889581
5/24/2024,0.00491999
5/24/2024,0.00491999
5/24/2024,0.004859238
5/24/2024,0.00491999
5/24/2024,0.00491999
5/24/2024,0.004859238
5/24/2024,0.004996306
5/24/2024,0.00491999
5/24/2024,0.004828962
5/24/2024,0.00493522
5/24/2024,0.00498101
5/24/2024,0.00498101
5/24/2024,0.004950467
5/24/2024,0.00496573
5/24/2024,0.004708533
5/24/2024,0.004904777
5/24/2024,0.004874401
5/24/2024,0.004874401
5/24/2024,0.004889581
5/24/2024,0.00491999
5/24/2024,0.004889581
5/24/2024,0.005026949
5/24/2024,0.00498101
5/24/2024,0.00496573
5/24/2024,0.004889581
5/24/2024,0.004738539
5/24/2024,0.004859238
5/24/2024,0.004768613
5/24/2024,0.00491999
5/24/2024,0.004950467
5/24/2024,0.004678595
5/24/2024,0.00481385
5/24/2024,0.00481385
5/24/2024,0.004708533
5/24/2024,0.004768613
5/24/2024,0.004753568
5/24/2024,0.004753568
5/24/2024,0.004783675
5/24/2024,0.004693556
5/24/2024,0.004574346
5/24/2024,0.004678595
5/24/2024,0.004574346
5/24/2024,0.004678595
5/24/2024,0.004723528
5/24/2024,0.004574346
5/24/2024,0.004589188
5/24/2024,0.004559521
5/24/2024,0.004604046
5/24/2024,0.004456228
5/24/2024,0.004604046
5/24/2024,0.004485655
5/24/2024,0.004500394
5/24/2024,0.004426871
5/24/2024,0.004382963
5/24/2024,0.004559521
5/24/2024,0.004456228
5/24/2024,0.004485655
5/24/2024,0.004574346
5/24/2024,0.004485655
5/24/2024,0.004559521
5/24/2024,0.004426871
5/24/2024,0.004470933
5/24/2024,0.004529923
5/24/2024,0.004574346
5/24/2024,0.00451515
5/24/2024,0.004470933
5/24/2024,0.004456228
5/24/2024,0.004426871
5/24/2024,0.004589188
5/24/2024,0.004485655
5/24/2024,0.00451515
5/24/2024,0.004500394
5/24/2024,0.004618922
5/24/2024,0.004485655
5/24/2024,0.004529923
5/24/2024,0.004618922
5/24/2024,0.004529923
5/24/2024,0.004663651
5/24/2024,0.004604046
5/24/2024,0.004544714
5/24/2024,0.004648725
5/24/2024,0.004663651
5/24/2024,0.004589188
5/24/2024,0.004589188
5/24/2024,0.004753568
5/24/2024,0.004529923
5/24/2024,0.004633815
5/24/2024,0.004708533
5/24/2024,0.004544714
5/24/2024,0.004618922
5/24/2024,0.004663651
5/24/2024,0.004633815
5/25/2024,0.004574346
5/25/2024,0.004693556
5/25/2024,0.004604046
5/25/2024,0.004500394
5/25/2024,0.004604046
5/25/2024,0.004604046
5/25/2024,0.004678595
5/25/2024,0.004589188
5/25/2024,0.004604046
5/25/2024,0.004456228
5/25/2024,0.004678595
5/25/2024,0.004633815
5/25/2024,0.004529923
5/25/2024,0.004589188
5/25/2024,0.004663651
5/25/2024,0.004633815
5/25/2024,0.004663651
5/25/2024,0.004544714
5/25/2024,0.004738539
5/25/2024,0.004529923
5/25/2024,0.00451515
5/25/2024,0.004633815
5/25/2024,0.004604046
5/25/2024,0.004559521
5/25/2024,0.004500394
5/25/2024,0.004426871
5/25/2024,0.004544714
5/25/2024,0.004544714
5/25/2024,0.004500394
5/25/2024,0.004137106
5/25/2024,0.004500394
5/25/2024,0.004529923
5/25/2024,0.004266639
5/25/2024,0.004456228
5/25/2024,0.004295616
5/25/2024,0.004412218
5/25/2024,0.004441541
5/25/2024,0.004339212
5/25/2024,0.004266639
5/25/2024,0.004180126
5/25/2024,0.004648725
5/25/2024,0.004165769
5/25/2024,0.004368362
5/25/2024,0.004324662
5/25/2024,0.004208894
5/25/2024,0.004108514
5/25/2024,0.004051541
5/25/2024,0.004194501
5/25/2024,0.004441541
5/25/2024,0.004281119
5/25/2024,0.003896328
5/25/2024,0.003980723
5/25/2024,0.003854372
5/25/2024,0.004223304
5/25/2024,0.003812577
5/25/2024,0.004693556
5/25/2024,0.004281119
5/25/2024,0.003994851
5/25/2024,0.003994851
5/25/2024,0.004122802
5/25/2024,0.004008997
5/25/2024,0.003980723
5/25/2024,0.004094245
5/25/2024,0.004266639
5/25/2024,0.004079993
5/25/2024,0.004122802
5/25/2024,0.004051541
5/25/2024,0.004252176
5/25/2024,0.004094245
5/25/2024,0.004094245
5/25/2024,0.004151429
5/25/2024,0.004165769
5/25/2024,0.004324662
5/25/2024,0.004079993
5/25/2024,0.004165769
5/25/2024,0.004194501
5/25/2024,0.00431013
5/25/2024,0.004137106
5/25/2024,0.00395252
5/25/2024,0.004094245
5/25/2024,0.004122802
5/25/2024,0.004151429
5/25/2024,0.004023161
5/25/2024,0.004281119
5/25/2024,0.004353778
5/25/2024,0.004180126
5/25/2024,0.004194501
5/25/2024,0.004324662
5/25/2024,0.004151429
5/25/2024,0.004065758
5/25/2024,0.004281119
5/25/2024,0.004223304
5/25/2024,0.004252176
5/25/2024,0.004266639
5/25/2024,0.004151429
5/25/2024,0.004252176
5/26/2024,0.004237731
5/26/2024,0.004324662
5/26/2024,0.004252176
5/26/2024,0.004368362
5/26/2024,0.004295616
5/26/2024,0.004223304
5/26/2024,0.00431013
5/26/2024,0.004295616
5/26/2024,0.00431013
5/26/2024,0.004339212
5/26/2024,0.004339212
5/26/2024,0.004281119
5/26/2024,0.004252176
5/26/2024,0.004353778
5/26/2024,0.004180126
5/26/2024,0.004281119
5/26/2024,0.004281119
5/26/2024,0.004266639
5/26/2024,0.004266639
5/26/2024,0.004237731
5/26/2024,0.004108514
5/26/2024,0.004165769
5/26/2024,0.004079993
5/26/2024,0.004281119
5/26/2024,0.004252176
5/26/2024,0.004281119
5/26/2024,0.004237731
5/26/2024,0.004281119
5/26/2024,0.004223304
5/26/2024,0.004223304
5/26/2024,0.004079993
5/26/2024,0.004037342
5/26/2024,0.004223304
5/26/2024,0.003980723
5/26/2024,0.004065758
5/26/2024,0.004137106
5/26/2024,0.003966613
5/26/2024,0.004194501
5/26/2024,0.004037342
5/26/2024,0.004137106
5/26/2024,0.004037342
5/26/2024,0.00395252
5/26/2024,0.004037342
5/26/2024,0.004023161
5/26/2024,0.003980723
5/26/2024,0.004051541
5/26/2024,0.003924389
5/26/2024,0.003924389
5/26/2024,0.004023161
5/26/2024,0.003994851
5/26/2024,0.004065758
5/26/2024,0.003924389
5/26/2024,0.003840422
5/26/2024,0.003826491
5/26/2024,0.003896328
5/26/2024,0.003701917
5/26/2024,0.003770944
5/26/2024,0.003784803
5/26/2024,0.003770944
5/26/2024,0.003660718
5/26/2024,0.003784803
5/26/2024,0.003757102
5/26/2024,0.003715686
5/26/2024,0.003798681
5/26/2024,0.003868339
5/26/2024,0.003757102
5/26/2024,0.003868339
5/26/2024,0.003826491
5/26/2024,0.003770944
5/26/2024,0.003798681
5/26/2024,0.003757102
5/26/2024,0.003896328
5/26/2024,0.003812577
5/26/2024,0.003840422
5/26/2024,0.00395252
5/26/2024,0.003966613
5/26/2024,0.003882325
5/26/2024,0.003882325
5/26/2024,0.003938446
5/26/2024,0.003854372
5/26/2024,0.004023161
5/26/2024,0.00395252
5/26/2024,0.003882325
5/26/2024,0.003910349
5/26/2024,0.003924389
5/26/2024,0.003924389
5/26/2024,0.004023161
5/26/2024,0.00395252
5/26/2024,0.004023161
5/26/2024,0.00395252
5/26/2024,0.004122802
5/26/2024,0.004008997
5/26/2024,0.004051541
5/26/2024,0.004065758
5/26/2024,0.003896328
5/26/2024,0.004094245
5/27/2024,0.004094245
5/27/2024,0.004051541
5/27/2024,0.004137106
5/27/2024,0.004037342
5/27/2024,0.004037342
5/27/2024,0.004094245
5/27/2024,0.004065758
5/27/2024,0.004023161
5/27/2024,0.004065758
5/27/2024,0.004008997
5/27/2024,0.004094245
5/27/2024,0.004051541
5/27/2024,0.004122802
5/27/2024,0.004065758
5/27/2024,0.004023161
5/27/2024,0.004122802
5/27/2024,0.003980723
5/27/2024,0.004023161
5/27/2024,0.004008997
5/27/2024,0.003938446
5/27/2024,0.004108514
5/27/2024,0.004037342
5/27/2024,0.004037342
5/27/2024,0.004194501
5/27/2024,0.004079993
5/27/2024,0.004079993
5/27/2024,0.003994851
5/27/2024,0.003938446
5/27/2024,0.003868339
5/27/2024,0.003994851
5/27/2024,0.003798681
5/27/2024,0.003812577
5/27/2024,0.003994851
5/27/2024,0.003868339
5/27/2024,0.003826491
5/27/2024,0.003784803
5/27/2024,0.003743279
5/27/2024,0.003701917
5/27/2024,0.003812577
5/27/2024,0.003770944
5/27/2024,0.003868339
5/27/2024,0.003784803
5/27/2024,0.003619683
5/27/2024,0.003688166
5/27/2024,0.003674433
5/27/2024,0.003606042
5/27/2024,0.003619683
5/27/2024,0.003660718
5/27/2024,0.003647022
5/27/2024,0.003578813
5/27/2024,0.003592418
5/27/2024,0.003578813
5/27/2024,0.003606042
5/27/2024,0.003457194
5/27/2024,0.003551658
5/27/2024,0.003443773
5/27/2024,0.003497568
5/27/2024,0.003390275
5/27/2024,0.003443773
5/27/2024,0.003497568
5/27/2024,0.003403622
5/27/2024,0.003376947
5/27/2024,0.003430371
5/27/2024,0.003497568
5/27/2024,0.003470633
5/27/2024,0.003443773
5/27/2024,0.003470633
5/27/2024,0.003497568
5/27/2024,0.003484091
5/27/2024,0.003350347
5/27/2024,0.003470633
5/27/2024,0.003470633
5/27/2024,0.003524576
5/27/2024,0.003551658
5/27/2024,0.003524576
5/27/2024,0.003457194
5/27/2024,0.003674433
5/27/2024,0.003743279
5/27/2024,0.003647022
5/27/2024,0.003729473
5/27/2024,0.003701917
5/27/2024,0.003770944
5/27/2024,0.003674433
5/27/2024,0.003826491
5/27/2024,0.003798681
5/27/2024,0.003688166
5/27/2024,0.003757102
5/27/2024,0.003882325
5/27/2024,0.003784803
5/27/2024,0.003743279
5/27/2024,0.003757102
5/27/2024,0.003812577
5/27/2024,0.003743279
5/27/2024,0.003826491
5/27/2024,0.003896328
5/27/2024,0.003938446
5/27/2024,0.003938446
5/28/2024,0.003910349
5/28/2024,0.003854372
5/28/2024,0.003924389
5/28/2024,0.003840422
5/28/2024,0.003910349
5/28/2024,0.00395252
5/28/2024,0.00395252
5/28/2024,0.003896328
5/28/2024,0.00395252
5/28/2024,0.004008997
5/28/2024,0.003924389
5/28/2024,0.003868339
5/28/2024,0.004008997
5/28/2024,0.003924389
5/28/2024,0.003896328
5/28/2024,0.003868339
5/28/2024,0.003994851
5/28/2024,0.003854372
5/28/2024,0.004008997
5/28/2024,0.004023161
5/28/2024,0.004108514
5/28/2024,0.003980723
5/28/2024,0.003966613
5/28/2024,0.004008997
5/28/2024,0.00395252
5/28/2024,0.003924389
5/28/2024,0.003896328
5/28/2024,0.003910349
5/28/2024,0.003826491
5/28/2024,0.003896328
5/28/2024,0.003840422
5/28/2024,0.003896328
5/28/2024,0.003812577
5/28/2024,0.003757102
5/28/2024,0.003647022
5/28/2024,0.003688166
5/28/2024,0.003538108
5/28/2024,0.003524576
5/28/2024,0.003633343
5/28/2024,0.003619683
5/28/2024,0.003770944
5/28/2024,0.003538108
5/28/2024,0.003660718
5/28/2024,0.003633343
5/28/2024,0.003538108
5/28/2024,0.003484091
5/28/2024,0.003470633
5/28/2024,0.003390275
5/28/2024,0.003606042
5/28/2024,0.003565226
5/28/2024,0.003511063
5/28/2024,0.003524576
5/28/2024,0.003350347
5/28/2024,0.003497568
5/28/2024,0.003363637
5/28/2024,0.003179275
5/28/2024,0.003337075
5/28/2024,0.003376947
5/28/2024,0.003430371
5/28/2024,0.003390275
5/28/2024,0.003244695
5/28/2024,0.003443773
5/28/2024,0.003551658
5/28/2024,0.003592418
5/28/2024,0.003363637
5/28/2024,0.003403622
5/28/2024,0.003430371
5/28/2024,0.00312728
5/28/2024,0.003457194
5/28/2024,0.003350347
5/28/2024,0.003376947
5/28/2024,0.003430371
5/28/2024,0.003257836
5/28/2024,0.003297371
5/28/2024,0.003430371
5/28/2024,0.003244695
5/28/2024,0.003443773
5/28/2024,0.003323821
5/28/2024,0.003297371
5/28/2024,0.00321847
5/28/2024,0.003270995
5/28/2024,0.003231573
5/28/2024,0.00307559
5/28/2024,0.003284173
5/28/2024,0.003323821
5/28/2024,0.003363637
5/28/2024,0.003376947
5/28/2024,0.003284173
5/28/2024,0.003497568
5/28/2024,0.003416987
5/28/2024,0.003363637
5/28/2024,0.003390275
5/28/2024,0.003337075
5/28/2024,0.003231573
5/28/2024,0.003484091
5/28/2024,0.003323821
5/29/2024,0.003310586
5/29/2024,0.003443773
5/29/2024,0.003443773
5/29/2024,0.003443773
5/29/2024,0.003390275
5/29/2024,0.003511063
5/29/2024,0.003416987
5/29/2024,0.003403622
5/29/2024,0.003484091
5/29/2024,0.003337075
5/29/2024,0.003297371
5/29/2024,0.003376947
5/29/2024,0.003430371
5/29/2024,0.003416987
5/29/2024,0.003430371
5/29/2024,0.003390275
5/29/2024,0.003484091
5/29/2024,0.003323821
5/29/2024,0.003430371
5/29/2024,0.003470633
5/29/2024,0.003457194
5/29/2024,0.003403622
5/29/2024,0.003390275
5/29/2024,0.003416987
5/29/2024,0.003457194
5/29/2024,0.003497568
5/29/2024,0.003390275
5/29/2024,0.003390275
5/29/2024,0.003538108
5/29/2024,0.003363637
5/29/2024,0.003297371
5/29/2024,0.003323821
5/29/2024,0.003297371
5/29/2024,0.003257836
5/29/2024,0.003337075
5/29/2024,0.003257836
5/29/2024,0.003310586
5/29/2024,0.003430371
5/29/2024,0.003310586
5/29/2024,0.003376947
5/29/2024,0.003166247
5/29/2024,0.003062715
5/29/2024,0.003284173
5/29/2024,0.003244695
5/29/2024,0.003166247
5/29/2024,0.003284173
5/29/2024,0.003205386
5/29/2024,0.003270995
5/29/2024,0.003284173
5/29/2024,0.00321847
5/29/2024,0.003192321
5/29/2024,0.00312728
5/29/2024,0.003205386
5/29/2024,0.00307559
5/29/2024,0.003297371
5/29/2024,0.003205386
5/29/2024,0.003231573
5/29/2024,0.003153239
5/29/2024,0.003101397
5/29/2024,0.003337075
5/29/2024,0.003166247
5/29/2024,0.003244695
5/29/2024,0.003270995
5/29/2024,0.00321847
5/29/2024,0.003376947
5/29/2024,0.003257836
5/29/2024,0.003179275
5/29/2024,0.003430371
5/29/2024,0.003337075
5/29/2024,0.003416987
5/29/2024,0.003270995
5/29/2024,0.003284173
5/29/2024,0.003416987
5/29/2024,0.003470633
5/29/2024,0.003323821
5/29/2024,0.003403622
5/29/2024,0.003457194
5/29/2024,0.003350347
5/29/2024,0.003457194
5/29/2024,0.003416987
5/29/2024,0.003416987
5/29/2024,0.003337075
5/29/2024,0.003350347
5/29/2024,0.003323821
5/29/2024,0.003297371
5/29/2024,0.003350347
5/29/2024,0.003416987
5/29/2024,0.003403622
5/29/2024,0.003310586
5/29/2024,0.003416987
5/29/2024,0.003363637
5/29/2024,0.003524576
5/29/2024,0.003470633
5/29/2024,0.003416987
5/29/2024,0.003390275
5/29/2024,0.003443773
5/30/2024,0.003376947
5/30/2024,0.003337075
5/30/2024,0.003497568
5/30/2024,0.003497568
5/30/2024,0.003416987
5/30/2024,0.003484091
5/30/2024,0.003470633
5/30/2024,0.003403622
5/30/2024,0.003592418
5/30/2024,0.003430371
5/30/2024,0.003403622
5/30/2024,0.003443773
5/30/2024,0.003511063
5/30/2024,0.003484091
5/30/2024,0.003497568
5/30/2024,0.003457194
5/30/2024,0.003565226
5/30/2024,0.003470633
5/30/2024,0.003470633
5/30/2024,0.003430371
5/30/2024,0.003524576
5/30/2024,0.003457194
5/30/2024,0.003443773
5/30/2024,0.003443773
5/30/2024,0.003430371
5/30/2024,0.003538108
5/30/2024,0.003430371
5/30/2024,0.003390275
5/30/2024,0.003416987
5/30/2024,0.003430371
5/30/2024,0.003337075
5/30/2024,0.003376947
5/30/2024,0.003244695
5/30/2024,0.003101397
5/30/2024,0.003284173
5/30/2024,0.003310586
5/30/2024,0.003443773
5/30/2024,0.003403622
5/30/2024,0.003403622
5/30/2024,0.003323821
5/30/2024,0.003323821
5/30/2024,0.003323821
5/30/2024,0.003497568
5/30/2024,0.003297371
5/30/2024,0.003350347
5/30/2024,0.003257836
5/30/2024,0.003284173
5/30/2024,0.003205386
5/30/2024,0.003231573
5/30/2024,0.003310586
5/30/2024,0.003270995
5/30/2024,0.003244695
5/30/2024,0.003153239
5/30/2024,0.00321847
5/30/2024,0.003205386
5/30/2024,0.003153239
5/30/2024,0.003153239
5/30/2024,0.003153239
5/30/2024,0.00312728
5/30/2024,0.003114329
5/30/2024,0.003114329
5/30/2024,0.003037024
5/30/2024,0.003114329
5/30/2024,0.00314025
5/30/2024,0.003166247
5/30/2024,0.003062715
5/30/2024,0.003088484
5/30/2024,0.00312728
5/30/2024,0.003257836
5/30/2024,0.00314025
5/30/2024,0.003192321
5/30/2024,0.003101397
5/30/2024,0.00312728
5/30/2024,0.003244695
5/30/2024,0.003205386
5/30/2024,0.003205386
5/30/2024,0.003310586
5/30/2024,0.003403622
5/30/2024,0.003376947
5/30/2024,0.003350347
5/30/2024,0.003443773
5/30/2024,0.003443773
5/30/2024,0.003403622
5/30/2024,0.003416987
5/30/2024,0.003430371
5/30/2024,0.003403622
5/30/2024,0.003538108
5/30/2024,0.003443773
5/30/2024,0.003430371
5/30/2024,0.003511063
5/30/2024,0.003337075
5/30/2024,0.003443773
5/30/2024,0.003390275
5/30/2024,0.003484091
5/30/2024,0.003565226
5/30/2024,0.003565226
5/31/2024,0.003497568
5/31/2024,0.003592418
5/31/2024,0.003497568
5/31/2024,0.003511063
5/31/2024,0.003511063
5/31/2024,0.003592418
5/31/2024,0.003551658
5/31/2024,0.003551658
5/31/2024,0.003457194
5/31/2024,0.003565226
5/31/2024,0.003619683
5/31/2024,0.003457194
5/31/2024,0.003551658
5/31/2024,0.003511063
5/31/2024,0.003551658
5/31/2024,0.003551658
5/31/2024,0.003524576
5/31/2024,0.003524576
5/31/2024,0.003578813
5/31/2024,0.003647022
5/31/2024,0.003511063
5/31/2024,0.003484091
5/31/2024,0.003524576
5/31/2024,0.003606042
5/31/2024,0.003511063
5/31/2024,0.003497568
5/31/2024,0.003524576
5/31/2024,0.003390275
5/31/2024,0.003390275
5/31/2024,0.003430371
5/31/2024,0.003403622
5/31/2024,0.003376947
5/31/2024,0.003416987
5/31/2024,0.003376947
5/31/2024,0.003376947
5/31/2024,0.003363637
5/31/2024,0.003350347
5/31/2024,0.003337075
5/31/2024,0.003323821
5/31/2024,0.003323821
5/31/2024,0.003231573
5/31/2024,0.003310586
5/31/2024,0.003297371
5/31/2024,0.003166247
5/31/2024,0.003179275
5/31/2024,0.003205386
5/31/2024,0.003244695
5/31/2024,0.00312728
5/31/2024,0.003011409
5/31/2024,0.003024207
5/31/2024,0.00314025
5/31/2024,0.00307559
5/31/2024,0.003153239
5/31/2024,0.00314025
5/31/2024,0.00312728
5/31/2024,0.003011409
5/31/2024,0.003011409
5/31/2024,0.003024207
5/31/2024,0.002947709
5/31/2024,0.00299863
5/31/2024,0.002947709
5/31/2024,0.003024207
5/31/2024,0.002973131
5/31/2024,0.002922365
5/31/2024,0.003024207
5/31/2024,0.003024207
5/31/2024,0.00296041
5/31/2024,0.00296041
5/31/2024,0.002935027
5/31/2024,0.002973131
5/31/2024,0.002922365
5/31/2024,0.00307559
5/31/2024,0.002922365
5/31/2024,0.00296041
5/31/2024,0.003024207
5/31/2024,0.003114329
5/31/2024,0.00304986
5/31/2024,0.003179275
5/31/2024,0.00312728
5/31/2024,0.003205386
5/31/2024,0.00321847
5/31/2024,0.003192321
5/31/2024,0.00321847
5/31/2024,0.003179275
5/31/2024,0.003192321
5/31/2024,0.003284173
5/31/2024,0.003270995
5/31/2024,0.003257836
5/31/2024,0.003270995
5/31/2024,0.003350347
5/31/2024,0.003403622
5/31/2024,0.003337075
5/31/2024,0.003323821
5/31/2024,0.003257836
5/31/2024,0.003297371
5/31/2024,0.003337075
6/1/2024,0.003363637
6/1/2024,0.003270995
6/1/2024,0.003416987
6/1/2024,0.003416987
6/1/2024,0.003350347
6/1/2024,0.003416987
6/1/2024,0.003484091
6/1/2024,0.003363637
6/1/2024,0.003376947
6/1/2024,0.003337075
6/1/2024,0.003390275
6/1/2024,0.003363637
6/1/2024,0.003390275
6/1/2024,0.003323821
6/1/2024,0.003403622
6/1/2024,0.003310586
6/1/2024,0.003337075
6/1/2024,0.003390275
6/1/2024,0.003350347
6/1/2024,0.003430371
6/1/2024,0.003297371
6/1/2024,0.003443773
6/1/2024,0.003297371
6/1/2024,0.003443773
6/1/2024,0.003350347
6/1/2024,0.003430371
6/1/2024,0.003257836
6/1/2024,0.003337075
6/1/2024,0.003257836
6/1/2024,0.003310586
6/1/2024,0.003430371
6/1/2024,0.003270995
6/1/2024,0.003284173
6/1/2024,0.003231573
6/1/2024,0.003244695
6/1/2024,0.003231573
6/1/2024,0.003257836
6/1/2024,0.003192321
6/1/2024,0.003192321
6/1/2024,0.003062715
6/1/2024,0.00314025
6/1/2024,0.00304986
6/1/2024,0.00299863
6/1/2024,0.002985871
6/1/2024,0.003024207
6/1/2024,0.002985871
6/1/2024,0.002947709
6/1/2024,0.002947709
6/1/2024,0.002859345
6/1/2024,0.00304986
6/1/2024,0.002935027
6/1/2024,0.003062715
6/1/2024,0.002909722
6/1/2024,0.002922365
6/1/2024,0.003024207
6/1/2024,0.0028468
6/1/2024,0.002784367
6/1/2024,0.00287191
6/1/2024,0.002809281
6/1/2024,0.002884494
6/1/2024,0.002784367
6/1/2024,0.002759532
6/1/2024,0.002759532
6/1/2024,0.002722427
6/1/2024,0.002710098
6/1/2024,0.002685501
6/1/2024,0.002821768
6/1/2024,0.002759532
6/1/2024,0.00269779
6/1/2024,0.002784367
6/1/2024,0.002834274
6/1/2024,0.002784367
6/1/2024,0.002747144
6/1/2024,0.002673232
6/1/2024,0.002784367
6/1/2024,0.002897099
6/1/2024,0.0028468
6/1/2024,0.00287191
6/1/2024,0.002859345
6/1/2024,0.002947709
6/1/2024,0.0028468
6/1/2024,0.002922365
6/1/2024,0.002909722
6/1/2024,0.002909722
6/1/2024,0.002947709
6/1/2024,0.002922365
6/1/2024,0.002922365
6/1/2024,0.002947709
6/1/2024,0.00287191
6/1/2024,0.002859345
6/1/2024,0.002985871
6/1/2024,0.002947709
6/1/2024,0.002935027
6/1/2024,0.00296041
6/1/2024,0.002947709
6/1/2024,0.003024207
6/2/2024,0.002973131
6/2/2024,0.00299863
6/2/2024,0.003166247
6/2/2024,0.003153239
6/2/2024,0.00307559
6/2/2024,0.002985871
6/2/2024,0.00299863
6/2/2024,0.002973131
6/2/2024,0.003088484
6/2/2024,0.003024207
6/2/2024,0.003062715
6/2/2024,0.002947709
6/2/2024,0.00299863
6/2/2024,0.003037024
6/2/2024,0.003101397
6/2/2024,0.003037024
6/2/2024,0.00307559
6/2/2024,0.003011409
6/2/2024,0.00299863
6/2/2024,0.00299863
6/2/2024,0.003011409
6/2/2024,0.003037024
6/2/2024,0.003011409
6/2/2024,0.003024207
6/2/2024,0.002922365
6/2/2024,0.002973131
6/2/2024,0.003037024
6/2/2024,0.002935027
6/2/2024,0.002947709
6/2/2024,0.002897099
6/2/2024,0.00299863
6/2/2024,0.002947709
6/2/2024,0.002985871
6/2/2024,0.003024207
6/2/2024,0.003062715
6/2/2024,0.00304986
6/2/2024,0.00304986
6/2/2024,0.003024207
6/2/2024,0.002935027
6/2/2024,0.002884494
6/2/2024,0.00296041
6/2/2024,0.002884494
6/2/2024,0.002884494
6/2/2024,0.002935027
6/2/2024,0.002935027
6/2/2024,0.002884494
6/2/2024,0.00287191
6/2/2024,0.002909722
6/2/2024,0.002834274
6/2/2024,0.002922365
6/2/2024,0.002935027
6/2/2024,0.002884494
6/2/2024,0.002985871
6/2/2024,0.002897099
6/2/2024,0.002935027
6/2/2024,0.002947709
6/2/2024,0.002922365
6/2/2024,0.00287191
6/2/2024,0.002909722
6/2/2024,0.00287191
6/2/2024,0.002922365
6/2/2024,0.002935027
6/2/2024,0.002859345
6/2/2024,0.00296041
6/2/2024,0.002922365
6/2/2024,0.00287191
6/2/2024,0.002922365
6/2/2024,0.002909722
6/2/2024,0.003037024
6/2/2024,0.002909722
6/2/2024,0.002884494
6/2/2024,0.003024207
6/2/2024,0.00304986
6/2/2024,0.00314025
6/2/2024,0.003062715
6/2/2024,0.003011409
6/2/2024,0.00299863
6/2/2024,0.002985871
6/2/2024,0.003153239
6/2/2024,0.003088484
6/2/2024,0.003101397
6/2/2024,0.003166247
6/2/2024,0.003101397
6/2/2024,0.003088484
6/2/2024,0.003011409
6/2/2024,0.003062715
6/2/2024,0.00296041
6/2/2024,0.00314025
6/2/2024,0.00312728
6/2/2024,0.00312728
6/2/2024,0.003114329
6/2/2024,0.003101397
6/2/2024,0.00312728
6/2/2024,0.003244695
6/2/2024,0.003153239
6/2/2024,0.003284173
6/3/2024,0.003192321
6/3/2024,0.003244695
6/3/2024,0.003270995
6/3/2024,0.003257836
6/3/2024,0.003284173
6/3/2024,0.003244695
6/3/2024,0.003257836
6/3/2024,0.003363637
6/3/2024,0.003350347
6/3/2024,0.003297371
6/3/2024,0.003390275
6/3/2024,0.003443773
6/3/2024,0.003497568
6/3/2024,0.003376947
6/3/2024,0.003416987
6/3/2024,0.003470633
6/3/2024,0.003565226
6/3/2024,0.003938446
6/3/2024,0.004281119
6/3/2024,0.00493522
6/3/2024,0.005150185
6/3/2024,0.00555795
6/3/2024,0.005510339
6/3/2024,0.005431312
6/3/2024,0.00535269
6/3/2024,0.005542064
6/3/2024,0.00547868
6/3/2024,0.005621657
6/3/2024,0.005960319
6/3/2024,0.006506541
6/3/2024,0.007489315
6/3/2024,0.007436375
6/3/2024,0.006914358
6/3/2024,0.006897191
6/3/2024,0.006965952
6/3/2024,0.006828672
6/3/2024,0.007000423
6/3/2024,0.00670935
6/3/2024,0.006845779
6/3/2024,0.006675396
6/3/2024,0.006828672
6/3/2024,0.006557036
6/3/2024,0.00638926
6/3/2024,0.006573899
6/3/2024,0.006422691
6/3/2024,0.005976621
6/3/2024,0.006405968
6/3/2024,0.006156977
6/3/2024,0.006489741
6/3/2024,0.006223032
6/3/2024,0.006239585
6/3/2024,0.00660767
6/3/2024,0.006173467
6/3/2024,0.0057177
6/3/2024,0.006041985
6/3/2024,0.006091173
6/3/2024,0.005895271
6/3/2024,0.006506541
6/3/2024,0.006140503
6/3/2024,0.006058365
6/3/2024,0.006091173
6/3/2024,0.006658441
6/3/2024,0.006140503
6/3/2024,0.005911509
6/3/2024,0.005944033
6/3/2024,0.006041985
6/3/2024,0.006074761
6/3/2024,0.005701652
6/3/2024,0.005830477
6/3/2024,0.005765937
6/3/2024,0.005960319
6/3/2024,0.005862842
6/3/2024,0.005685621
6/3/2024,0.005669606
6/3/2024,0.005669606
6/3/2024,0.00555795
6/3/2024,0.005765937
6/3/2024,0.005415555
6/3/2024,0.005749842
6/3/2024,0.005589772
6/3/2024,0.005573853
6/3/2024,0.005701652
6/3/2024,0.005782048
6/3/2024,0.005305712
6/3/2024,0.005399814
6/3/2024,0.005526194
6/3/2024,0.00555795
6/3/2024,0.005510339
6/3/2024,0.005542064
6/3/2024,0.005765937
6/3/2024,0.005685621
6/3/2024,0.005526194
6/3/2024,0.005399814
6/3/2024,0.005669606
6/3/2024,0.005542064
6/3/2024,0.005621657
6/3/2024,0.00538409
6/4/2024,0.00547868
6/4/2024,0.005621657
6/4/2024,0.005510339
6/4/2024,0.005685621
6/4/2024,0.00555795
6/4/2024,0.005605706
6/4/2024,0.005337014
6/4/2024,0.005510339
6/4/2024,0.005573853
6/4/2024,0.005415555
6/4/2024,0.005494501
6/4/2024,0.005431312
6/4/2024,0.005415555
6/4/2024,0.00538409
6/4/2024,0.005305712
6/4/2024,0.005462874
6/4/2024,0.005510339
6/4/2024,0.005431312
6/4/2024,0.005526194
6/4/2024,0.005510339
6/4/2024,0.005542064
6/4/2024,0.005462874
6/4/2024,0.005526194
6/4/2024,0.005415555
6/4/2024,0.005494501
6/4/2024,0.00547868
6/4/2024,0.005462874
6/4/2024,0.005494501
6/4/2024,0.005368381
6/4/2024,0.005589772
6/4/2024,0.005368381
6/4/2024,0.00538409
6/4/2024,0.005431312
6/4/2024,0.005415555
6/4/2024,0.005399814
6/4/2024,0.00535269
6/4/2024,0.005431312
6/4/2024,0.00535269
6/4/2024,0.005321355
6/4/2024,0.00547868
6/4/2024,0.005462874
6/4/2024,0.005368381
6/4/2024,0.005399814
6/4/2024,0.005605706
6/4/2024,0.00535269
6/4/2024,0.005290085
6/4/2024,0.005337014
6/4/2024,0.005510339
6/4/2024,0.005274475
6/4/2024,0.005337014
6/4/2024,0.005368381
6/4/2024,0.00519667
6/4/2024,0.005274475
6/4/2024,0.005305712
6/4/2024,0.005431312
6/4/2024,0.005290085
6/4/2024,0.005494501
6/4/2024,0.00538409
6/4/2024,0.005227743
6/4/2024,0.005212199
6/4/2024,0.005305712
6/4/2024,0.005368381
6/4/2024,0.005274475
6/4/2024,0.005258881
6/4/2024,0.00519667
6/4/2024,0.005305712
6/4/2024,0.005026949
6/4/2024,0.005026949
6/4/2024,0.005026949
6/4/2024,0.005150185
6/4/2024,0.005042296
6/4/2024,0.004996306
6/4/2024,0.005212199
6/4/2024,0.004950467
6/4/2024,0.004889581
6/4/2024,0.005057659
6/4/2024,0.005057659
6/4/2024,0.004798754
6/4/2024,0.005103847
6/4/2024,0.004950467
6/4/2024,0.005181159
6/4/2024,0.005073039
6/4/2024,0.00519667
6/4/2024,0.004874401
6/4/2024,0.005103847
6/4/2024,0.00496573
6/4/2024,0.00498101
6/4/2024,0.005150185
6/4/2024,0.005057659
6/4/2024,0.004996306
6/4/2024,0.005057659
6/4/2024,0.00496573
6/4/2024,0.005057659
6/4/2024,0.005073039
6/4/2024,0.005057659
6/4/2024,0.004950467
6/5/2024,0.005073039
6/5/2024,0.00493522
6/5/2024,0.005119277
6/5/2024,0.005073039
6/5/2024,0.005026949
6/5/2024,0.005134722
6/5/2024,0.004950467
6/5/2024,0.00496573
6/5/2024,0.004874401
6/5/2024,0.005026949
6/5/2024,0.00493522
6/5/2024,0.005103847
6/5/2024,0.004996306
6/5/2024,0.004996306
6/5/2024,0.004950467
6/5/2024,0.004889581
6/5/2024,0.005088435
6/5/2024,0.004889581
6/5/2024,0.004950467
6/5/2024,0.005057659
6/5/2024,0.005042296
6/5/2024,0.004874401
6/5/2024,0.00493522
6/5/2024,0.00491999
6/5/2024,0.00501162
6/5/2024,0.00498101
6/5/2024,0.004874401
6/5/2024,0.00493522
6/5/2024,0.004889581
6/5/2024,0.004753568
6/5/2024,0.004889581
6/5/2024,0.00493522
6/5/2024,0.004889581
6/5/2024,0.004859238
6/5/2024,0.00493522
6/5/2024,0.004874401
6/5/2024,0.004950467
6/5/2024,0.00481385
6/5/2024,0.004889581
6/5/2024,0.004798754
6/5/2024,0.004783675
6/5/2024,0.004738539
6/5/2024,0.00491999
6/5/2024,0.004618922
6/5/2024,0.00481385
6/5/2024,0.004708533
6/5/2024,0.004844092
6/5/2024,0.004693556
6/5/2024,0.004648725
6/5/2024,0.004618922
6/5/2024,0.004648725
6/5/2024,0.004663651
6/5/2024,0.004663651
6/5/2024,0.004768613
6/5/2024,0.004678595
6/5/2024,0.004485655
6/5/2024,0.004559521
6/5/2024,0.004574346
6/5/2024,0.004574346
6/5/2024,0.004648725
6/5/2024,0.004559521
6/5/2024,0.004648725
6/5/2024,0.004544714
6/5/2024,0.004574346
6/5/2024,0.004589188
6/5/2024,0.004456228
6/5/2024,0.004456228
6/5/2024,0.004544714
6/5/2024,0.004574346
6/5/2024,0.004618922
6/5/2024,0.004574346
6/5/2024,0.004559521
6/5/2024,0.004485655
6/5/2024,0.004633815
6/5/2024,0.004441541
6/5/2024,0.004618922
6/5/2024,0.004633815
6/5/2024,0.004574346
6/5/2024,0.004604046
6/5/2024,0.004693556
6/5/2024,0.004663651
6/5/2024,0.004574346
6/5/2024,0.004648725
6/5/2024,0.004604046
6/5/2024,0.004693556
6/5/2024,0.004708533
6/5/2024,0.004708533
6/5/2024,0.004693556
6/5/2024,0.004768613
6/5/2024,0.004648725
6/5/2024,0.004633815
6/5/2024,0.004738539
6/5/2024,0.004738539
6/5/2024,0.004618922
6/5/2024,0.004663651
6/5/2024,0.004738539
6/6/2024,0.004678595
6/6/2024,0.004798754
6/6/2024,0.004663651
6/6/2024,0.004753568
6/6/2024,0.004633815
6/6/2024,0.004723528
6/6/2024,0.004648725
6/6/2024,0.004604046
6/6/2024,0.004648725
6/6/2024,0.004589188
6/6/2024,0.004604046
6/6/2024,0.004693556
6/6/2024,0.004693556
6/6/2024,0.004708533
6/6/2024,0.004618922
6/6/2024,0.004783675
6/6/2024,0.004693556
6/6/2024,0.004604046
6/6/2024,0.004693556
6/6/2024,0.004663651
6/6/2024,0.004574346
6/6/2024,0.004648725
6/6/2024,0.004633815
6/6/2024,0.004589188
6/6/2024,0.004633815
6/6/2024,0.004663651
6/6/2024,0.004529923
6/6/2024,0.004633815
6/6/2024,0.004544714
6/6/2024,0.004529923
6/6/2024,0.004574346
6/6/2024,0.004368362
6/6/2024,0.004485655
6/6/2024,0.004529923
6/6/2024,0.00431013
6/6/2024,0.004339212
6/6/2024,0.004252176
6/6/2024,0.00431013
6/6/2024,0.004180126
6/6/2024,0.004151429
6/6/2024,0.004368362
6/6/2024,0.004281119
6/6/2024,0.004237731
6/6/2024,0.004237731
6/6/2024,0.004180126
6/6/2024,0.004223304
6/6/2024,0.004094245
6/6/2024,0.004122802
6/6/2024,0.004165769
6/6/2024,0.004165769
6/6/2024,0.004079993
6/6/2024,0.004108514
6/6/2024,0.004122802
6/6/2024,0.004122802
6/6/2024,0.004051541
6/6/2024,0.004079993
6/6/2024,0.004023161
6/6/2024,0.003994851
6/6/2024,0.003938446
6/6/2024,0.003938446
6/6/2024,0.003966613
6/6/2024,0.003896328
6/6/2024,0.003910349
6/6/2024,0.003966613
6/6/2024,0.003784803
6/6/2024,0.003784803
6/6/2024,0.00395252
6/6/2024,0.003854372
6/6/2024,0.003784803
6/6/2024,0.003784803
6/6/2024,0.003826491
6/6/2024,0.003868339
6/6/2024,0.003966613
6/6/2024,0.003966613
6/6/2024,0.003966613
6/6/2024,0.003938446
6/6/2024,0.004023161
6/6/2024,0.003966613
6/6/2024,0.003994851
6/6/2024,0.004122802
6/6/2024,0.004037342
6/6/2024,0.004051541
6/6/2024,0.003994851
6/6/2024,0.004037342
6/6/2024,0.004165769
6/6/2024,0.004151429
6/6/2024,0.004122802
6/6/2024,0.004252176
6/6/2024,0.004151429
6/6/2024,0.004237731
6/6/2024,0.004122802
6/6/2024,0.004122802
6/6/2024,0.004165769
6/6/2024,0.004079993
6/6/2024,0.004137106
6/6/2024,0.004122802
6/7/2024,0.004151429
6/7/2024,0.004180126
6/7/2024,0.004137106
6/7/2024,0.004180126
6/7/2024,0.004180126
6/7/2024,0.004137106
6/7/2024,0.004137106
6/7/2024,0.004137106
6/7/2024,0.004252176
6/7/2024,0.004137106
6/7/2024,0.004094245
6/7/2024,0.004165769
6/7/2024,0.004180126
6/7/2024,0.004151429
6/7/2024,0.004108514
6/7/2024,0.004094245
6/7/2024,0.004151429
6/7/2024,0.004094245
6/7/2024,0.004122802
6/7/2024,0.003994851
6/7/2024,0.004037342
6/7/2024,0.004051541
6/7/2024,0.004037342
6/7/2024,0.004094245
6/7/2024,0.004023161
6/7/2024,0.003924389
6/7/2024,0.003994851
6/7/2024,0.004037342
6/7/2024,0.004008997
6/7/2024,0.003980723
6/7/2024,0.003980723
6/7/2024,0.003924389
6/7/2024,0.003812577
6/7/2024,0.003966613
6/7/2024,0.003798681
6/7/2024,0.003798681
6/7/2024,0.003812577
6/7/2024,0.003784803
6/7/2024,0.003784803
6/7/2024,0.003743279
6/7/2024,0.003729473
6/7/2024,0.003715686
6/7/2024,0.003524576
6/7/2024,0.003619683
6/7/2024,0.003578813
6/7/2024,0.003660718
6/7/2024,0.003470633
6/7/2024,0.003538108
6/7/2024,0.003430371
6/7/2024,0.003511063
6/7/2024,0.003390275
6/7/2024,0.003457194
6/7/2024,0.003484091
6/7/2024,0.003484091
6/7/2024,0.003484091
6/7/2024,0.003403622
6/7/2024,0.003337075
6/7/2024,0.003470633
6/7/2024,0.003363637
6/7/2024,0.003363637
6/7/2024,0.003323821
6/7/2024,0.003297371
6/7/2024,0.003297371
6/7/2024,0.00321847
6/7/2024,0.003390275
6/7/2024,0.003310586
6/7/2024,0.003350347
6/7/2024,0.003350347
6/7/2024,0.003337075
6/7/2024,0.003270995
6/7/2024,0.003310586
6/7/2024,0.003310586
6/7/2024,0.003244695
6/7/2024,0.003337075
6/7/2024,0.003430371
6/7/2024,0.003390275
6/7/2024,0.003497568
6/7/2024,0.003511063
6/7/2024,0.003416987
6/7/2024,0.003565226
6/7/2024,0.003457194
6/7/2024,0.003538108
6/7/2024,0.003511063
6/7/2024,0.003565226
6/7/2024,0.003538108
6/7/2024,0.003484091
6/7/2024,0.003578813
6/7/2024,0.003565226
6/7/2024,0.003551658
6/7/2024,0.003619683
6/7/2024,0.003578813
6/7/2024,0.003660718
6/7/2024,0.003674433
6/7/2024,0.003647022
6/7/2024,0.003606042
6/7/2024,0.003524576
6/8/2024,0.003524576
6/8/2024,0.003619683
6/8/2024,0.003701917
6/8/2024,0.003565226
6/8/2024,0.003551658
6/8/2024,0.003688166
6/8/2024,0.003578813
6/8/2024,0.003606042
6/8/2024,0.003538108
6/8/2024,0.003538108
6/8/2024,0.003538108
6/8/2024,0.003633343
6/8/2024,0.003647022
6/8/2024,0.003551658
6/8/2024,0.003660718
6/8/2024,0.003701917
6/8/2024,0.003729473
6/8/2024,0.003701917
6/8/2024,0.003619683
6/8/2024,0.003715686
6/8/2024,0.003688166
6/8/2024,0.003674433
6/8/2024,0.003647022
6/8/2024,0.003688166
6/8/2024,0.003660718
6/8/2024,0.003484091
6/8/2024,0.003565226
6/8/2024,0.003592418
6/8/2024,0.003606042
6/8/2024,0.003538108
6/8/2024,0.003565226
6/8/2024,0.003578813
6/8/2024,0.003416987
6/8/2024,0.003578813
6/8/2024,0.003443773
6/8/2024,0.003443773
6/8/2024,0.003524576
6/8/2024,0.003284173
6/8/2024,0.003390275
6/8/2024,0.00321847
6/8/2024,0.003284173
6/8/2024,0.003323821
6/8/2024,0.003337075
6/8/2024,0.003310586
6/8/2024,0.003153239
6/8/2024,0.003179275
6/8/2024,0.003179275
6/8/2024,0.003101397
6/8/2024,0.003153239
6/8/2024,0.00314025
6/8/2024,0.003011409
6/8/2024,0.00299863
6/8/2024,0.002985871
6/8/2024,0.002985871
6/8/2024,0.003011409
6/8/2024,0.002935027
6/8/2024,0.002947709
6/8/2024,0.00299863
6/8/2024,0.002922365
6/8/2024,0.002859345
6/8/2024,0.002834274
6/8/2024,0.002897099
6/8/2024,0.002935027
6/8/2024,0.00287191
6/8/2024,0.002834274
6/8/2024,0.002909722
6/8/2024,0.002859345
6/8/2024,0.002909722
6/8/2024,0.00304986
6/8/2024,0.002985871
6/8/2024,0.00304986
6/8/2024,0.00299863
6/8/2024,0.002985871
6/8/2024,0.003024207
6/8/2024,0.003024207
6/8/2024,0.00304986
6/8/2024,0.003024207
6/8/2024,0.00307559
6/8/2024,0.003205386
6/8/2024,0.003166247
6/8/2024,0.003179275
6/8/2024,0.00321847
6/8/2024,0.003231573
6/8/2024,0.00321847
6/8/2024,0.003192321
6/8/2024,0.003257836
6/8/2024,0.003270995
6/8/2024,0.003297371
6/8/2024,0.003350347
6/8/2024,0.003284173
6/8/2024,0.003297371
6/8/2024,0.003205386
6/8/2024,0.003323821
6/8/2024,0.003284173
6/8/2024,0.003376947
6/8/2024,0.003337075
6/9/2024,0.003323821
6/9/2024,0.003337075
6/9/2024,0.003323821
6/9/2024,0.003297371
6/9/2024,0.003323821
6/9/2024,0.003337075
6/9/2024,0.003337075
6/9/2024,0.003511063
6/9/2024,0.003310586
6/9/2024,0.003297371
6/9/2024,0.003403622
6/9/2024,0.003376947
6/9/2024,0.00321847
6/9/2024,0.003511063
6/9/2024,0.003310586
6/9/2024,0.003403622
6/9/2024,0.003416987
6/9/2024,0.003390275
6/9/2024,0.003363637
6/9/2024,0.003363637
6/9/2024,0.003416987
6/9/2024,0.003376947
6/9/2024,0.003297371
6/9/2024,0.003403622
6/9/2024,0.003430371
6/9/2024,0.003363637
6/9/2024,0.003363637
6/9/2024,0.003270995
6/9/2024,0.003270995
6/9/2024,0.003323821
6/9/2024,0.00321847
6/9/2024,0.003166247
6/9/2024,0.003244695
6/9/2024,0.00307559
6/9/2024,0.00312728
6/9/2024,0.003114329
6/9/2024,0.003114329
6/9/2024,0.003153239
6/9/2024,0.00307559
6/9/2024,0.00307559
6/9/2024,0.003011409
6/9/2024,0.002922365
6/9/2024,0.002935027
6/9/2024,0.002922365
6/9/2024,0.002973131
6/9/2024,0.002935027
6/9/2024,0.002796814
6/9/2024,0.002922365
6/9/2024,0.002759532
6/9/2024,0.002834274
6/9/2024,0.00287191
6/9/2024,0.002784367
6/9/2024,0.002747144
6/9/2024,0.002834274
6/9/2024,0.002734775
6/9/2024,0.002809281
6/9/2024,0.002747144
6/9/2024,0.002685501
6/9/2024,0.0028468
6/9/2024,0.002809281
6/9/2024,0.002809281
6/9/2024,0.002784367
6/9/2024,0.002884494
6/9/2024,0.002909722
6/9/2024,0.002935027
6/9/2024,0.002884494
6/9/2024,0.002935027
6/9/2024,0.002834274
6/9/2024,0.00296041
6/9/2024,0.00287191
6/9/2024,0.002897099
6/9/2024,0.002747144
6/9/2024,0.002897099
6/9/2024,0.002884494
6/9/2024,0.002834274
6/9/2024,0.002909722
6/9/2024,0.002947709
6/9/2024,0.002922365
6/9/2024,0.002985871
6/9/2024,0.002985871
6/9/2024,0.002884494
6/9/2024,0.00299863
6/9/2024,0.00296041
6/9/2024,0.003101397
6/9/2024,0.003037024
6/9/2024,0.003037024
6/9/2024,0.003011409
6/9/2024,0.003011409
6/9/2024,0.003024207
6/9/2024,0.003062715
6/9/2024,0.003114329
6/9/2024,0.003088484
6/9/2024,0.003114329
6/9/2024,0.003011409
6/9/2024,0.00312728
6/9/2024,0.003153239
6/10/2024,0.003179275
6/10/2024,0.003101397
6/10/2024,0.00312728
6/10/2024,0.003088484
6/10/2024,0.003166247
6/10/2024,0.00312728
6/10/2024,0.003153239
6/10/2024,0.003179275
6/10/2024,0.003101397
6/10/2024,0.00314025
6/10/2024,0.003024207
6/10/2024,0.003062715
6/10/2024,0.003179275
6/10/2024,0.003011409
6/10/2024,0.00304986
6/10/2024,0.00312728
6/10/2024,0.00307559
6/10/2024,0.00307559
6/10/2024,0.00307559
6/10/2024,0.00299863
6/10/2024,0.003062715
6/10/2024,0.00312728
6/10/2024,0.003011409
6/10/2024,0.00304986
6/10/2024,0.00314025
6/10/2024,0.003114329
6/10/2024,0.003114329
6/10/2024,0.003101397
6/10/2024,0.002947709
6/10/2024,0.003011409
6/10/2024,0.00304986
6/10/2024,0.00296041
6/10/2024,0.002973131
6/10/2024,0.002973131
6/10/2024,0.002884494
6/10/2024,0.00296041
6/10/2024,0.002796814
6/10/2024,0.002834274
6/10/2024,0.0028468
6/10/2024,0.002935027
6/10/2024,0.002935027
6/10/2024,0.002784367
6/10/2024,0.002660983
6/10/2024,0.002648754
6/10/2024,0.002759532
6/10/2024,0.00269779
6/10/2024,0.002612187
6/10/2024,0.002747144
6/10/2024,0.002551645
6/10/2024,0.002624356
6/10/2024,0.002612187
6/10/2024,0.002636545
6/10/2024,0.00245583
6/10/2024,0.002551645
6/10/2024,0.00243208
6/10/2024,0.002349602
6/10/2024,0.002467735
6/10/2024,0.002349602
6/10/2024,0.002467735
6/10/2024,0.002396609
6/10/2024,0.002373064
6/10/2024,0.002279715
6/10/2024,0.002337902
6/10/2024,0.002279715
6/10/2024,0.002256586
6/10/2024,0.002326223
6/10/2024,0.002373064
6/10/2024,0.002420235
6/10/2024,0.002291311
6/10/2024,0.002420235
6/10/2024,0.002420235
6/10/2024,0.002373064
6/10/2024,0.002361323
6/10/2024,0.002373064
6/10/2024,0.002349602
6/10/2024,0.002491608
6/10/2024,0.002515562
6/10/2024,0.002600039
6/10/2024,0.002551645
6/10/2024,0.002551645
6/10/2024,0.002624356
6/10/2024,0.002624356
6/10/2024,0.00269779
6/10/2024,0.002648754
6/10/2024,0.002624356
6/10/2024,0.002660983
6/10/2024,0.002673232
6/10/2024,0.002710098
6/10/2024,0.002673232
6/10/2024,0.002734775
6/10/2024,0.00269779
6/10/2024,0.002809281
6/10/2024,0.002771939
6/10/2024,0.002685501
6/10/2024,0.002759532
6/10/2024,0.002747144
6/10/2024,0.002884494
6/11/2024,0.00287191
6/11/2024,0.002747144
6/11/2024,0.002897099
6/11/2024,0.00287191
6/11/2024,0.002935027
6/11/2024,0.002884494
6/11/2024,0.002809281
6/11/2024,0.002834274
6/11/2024,0.002897099
6/11/2024,0.002897099
6/11/2024,0.002909722
6/11/2024,0.002935027
6/11/2024,0.002909722
6/11/2024,0.002922365
6/11/2024,0.002947709
6/11/2024,0.002821768
6/11/2024,0.002973131
6/11/2024,0.003037024
6/11/2024,0.003024207
6/11/2024,0.002859345
6/11/2024,0.002897099
6/11/2024,0.002935027
6/11/2024,0.002947709
6/11/2024,0.002935027
6/11/2024,0.002884494
6/11/2024,0.002947709
6/11/2024,0.002922365
6/11/2024,0.00296041
6/11/2024,0.002834274
6/11/2024,0.002821768
6/11/2024,0.002834274
6/11/2024,0.002771939
6/11/2024,0.002796814
6/11/2024,0.002660983
6/11/2024,0.002636545
6/11/2024,0.002648754
6/11/2024,0.002515562
6/11/2024,0.002479661
6/11/2024,0.002349602
6/11/2024,0.00245583
6/11/2024,0.002539597
6/11/2024,0.002396609
6/11/2024,0.002256586
6/11/2024,0.002361323
6/11/2024,0.00226814
6/11/2024,0.002245053
6/11/2024,0.002245053
6/11/2024,0.00226814
6/11/2024,0.002007754
6/11/2024,0.002097043
6/11/2024,0.002041076
6/11/2024,0.001887251
6/11/2024,0.001887251
6/11/2024,0.001952652
6/11/2024,0.001887251
6/11/2024,0.001941697
6/11/2024,0.001919853
6/11/2024,0.001919853
6/11/2024,0.001748284
6/11/2024,0.001919853
6/11/2024,0.001383642
6/11/2024,0.001521847
6/11/2024,0.002007754
6/11/2024,0.001974628
6/11/2024,0.002245053
6/11/2024,0.001930764
6/11/2024,0.00175884
6/11/2024,0.001822644
6/11/2024,0.001952652
6/11/2024,0.002041076
6/11/2024,0.001985648
6/11/2024,0.00216491
6/11/2024,0.001974628
6/11/2024,0.00211958
6/11/2024,0.002007754
6/11/2024,0.001963629
6/11/2024,0.002085807
6/11/2024,0.002130881
6/11/2024,0.002153546
6/11/2024,0.002130881
6/11/2024,0.002233541
6/11/2024,0.002210579
6/11/2024,0.002210579
6/11/2024,0.002176296
6/11/2024,0.00216491
6/11/2024,0.00226814
6/11/2024,0.002256586
6/11/2024,0.002314565
6/11/2024,0.00216491
6/11/2024,0.002210579
6/11/2024,0.002153546
6/11/2024,0.00219913
6/11/2024,0.002222049
6/11/2024,0.002233541
6/11/2024,0.00219913
6/11/2024,0.002222049
6/12/2024,0.002279715
6/12/2024,0.002279715
6/12/2024,0.002245053
6/12/2024,0.002291311
6/12/2024,0.002337902
6/12/2024,0.00226814
6/12/2024,0.00226814
6/12/2024,0.002326223
6/12/2024,0.002256586
6/12/2024,0.002314565
6/12/2024,0.00226814
6/12/2024,0.002420235
6/12/2024,0.002373064
6/12/2024,0.002314565
6/12/2024,0.002337902
6/12/2024,0.002349602
6/12/2024,0.002349602
6/12/2024,0.002396609
6/12/2024,0.002420235
6/12/2024,0.002291311
6/12/2024,0.00245583
6/12/2024,0.002326223
6/12/2024,0.002326223
6/12/2024,0.002326223
6/12/2024,0.002256586
6/12/2024,0.002326223
6/12/2024,0.002349602
6/12/2024,0.002302927
6/12/2024,0.002142203
6/12/2024,0.00219913
6/12/2024,0.002130881
6/12/2024,0.00219913
6/12/2024,0.002041076
6/12/2024,0.002085807
6/12/2024,0.002063399
6/12/2024,0.00199669
6/12/2024,0.002074592
6/12/2024,0.001974628
6/12/2024,0.002063399
6/12/2024,0.00199669
6/12/2024,0.001898096
6/12/2024,0.002108301
6/12/2024,0.001844091
6/12/2024,0.001887251
6/12/2024,0.001854848
6/12/2024,0.001887251
6/12/2024,0.001854848
6/12/2024,0.001822644
6/12/2024,0.001887251
6/12/2024,0.001716754
6/12/2024,0.001643978
6/12/2024,0.001592684
6/12/2024,0.001602897
6/12/2024,0.001592684
6/12/2024,0.001613132
6/12/2024,0.001552066
6/12/2024,0.001602897
6/12/2024,0.001552066
6/12/2024,0.001531896
6/12/2024,0.001562185
6/12/2024,0.001572328
6/12/2024,0.001572328
6/12/2024,0.001602897
6/12/2024,0.001562185
6/12/2024,0.001481884
6/12/2024,0.001613132
6/12/2024,0.001541969
6/12/2024,0.001623391
6/12/2024,0.001602897
6/12/2024,0.001643978
6/12/2024,0.001643978
6/12/2024,0.001716754
6/12/2024,0.001643978
6/12/2024,0.001633673
6/12/2024,0.001727241
6/12/2024,0.001727241
6/12/2024,0.00175884
6/12/2024,0.001822644
6/12/2024,0.001790641
6/12/2024,0.001908963
6/12/2024,0.001811954
6/12/2024,0.001898096
6/12/2024,0.001908963
6/12/2024,0.001963629
6/12/2024,0.001952652
6/12/2024,0.00201884
6/12/2024,0.002074592
6/12/2024,0.002007754
6/12/2024,0.002052227
6/12/2024,0.002153546
6/12/2024,0.002063399
6/12/2024,0.002052227
6/12/2024,0.002153546
6/12/2024,0.002130881
6/12/2024,0.00211958
6/12/2024,0.002074592
6/13/2024,0.002142203
6/13/2024,0.002176296
6/13/2024,0.00216491
6/13/2024,0.002130881
6/13/2024,0.00216491
6/13/2024,0.002176296
6/13/2024,0.002210579
6/13/2024,0.002187702
6/13/2024,0.002222049
6/13/2024,0.002222049
6/13/2024,0.002153546
6/13/2024,0.002245053
6/13/2024,0.00219913
6/13/2024,0.00211958
6/13/2024,0.002337902
6/13/2024,0.002233541
6/13/2024,0.002210579
6/13/2024,0.002279715
6/13/2024,0.002279715
6/13/2024,0.00226814
6/13/2024,0.002256586
6/13/2024,0.002291311
6/13/2024,0.002176296
6/13/2024,0.00219913
6/13/2024,0.002187702
6/13/2024,0.002302927
6/13/2024,0.002245053
6/13/2024,0.002187702
6/13/2024,0.002153546
6/13/2024,0.002063399
6/13/2024,0.002142203
6/13/2024,0.00201884
6/13/2024,0.00199669
6/13/2024,0.001974628
6/13/2024,0.001974628
6/13/2024,0.001941697
6/13/2024,0.001941697
6/13/2024,0.001963629
6/13/2024,0.001833356
6/13/2024,0.001811954
6/13/2024,0.001801286
6/13/2024,0.001706289
6/13/2024,0.001695847
6/13/2024,0.001582494
6/13/2024,0.001685427
6/13/2024,0.001685427
6/13/2024,0.001552066
6/13/2024,0.001501818
6/13/2024,0.001521847
6/13/2024,0.001531896
6/13/2024,0.001471953
6/13/2024,0.001412863
6/13/2024,0.001452161
6/13/2024,0.001393359
6/13/2024,0.001471953
6/13/2024,0.001383642
6/13/2024,0.001432464
6/13/2024,0.001471953
6/13/2024,0.001481884
6/13/2024,0.001442301
6/13/2024,0.001452161
6/13/2024,0.001422652
6/13/2024,0.001412863
6/13/2024,0.001442301
6/13/2024,0.001393359
6/13/2024,0.001541969
6/13/2024,0.00149184
6/13/2024,0.001501818
6/13/2024,0.001511821
6/13/2024,0.001452161
6/13/2024,0.001511821
6/13/2024,0.001471953
6/13/2024,0.00149184
6/13/2024,0.001501818
6/13/2024,0.00149184
6/13/2024,0.001521847
6/13/2024,0.001562185
6/13/2024,0.001613132
6/13/2024,0.001695847
6/13/2024,0.001633673
6/13/2024,0.001706289
6/13/2024,0.001748284
6/13/2024,0.001748284
6/13/2024,0.001811954
6/13/2024,0.001780018
6/13/2024,0.001790641
6/13/2024,0.001876428
6/13/2024,0.001748284
6/13/2024,0.00175884
6/13/2024,0.001811954
6/13/2024,0.001780018
6/13/2024,0.001811954
6/13/2024,0.001801286
6/13/2024,0.001844091
6/13/2024,0.001833356
6/13/2024,0.001822644
6/14/2024,0.001876428
6/14/2024,0.00175884
6/14/2024,0.001844091
6/14/2024,0.001844091
6/14/2024,0.001930764
6/14/2024,0.001769418
6/14/2024,0.001801286
6/14/2024,0.001811954
6/14/2024,0.001811954
6/14/2024,0.001790641
6/14/2024,0.001769418
6/14/2024,0.001844091
6/14/2024,0.001822644
6/14/2024,0.001780018
6/14/2024,0.001833356
6/14/2024,0.001790641
6/14/2024,0.001811954
6/14/2024,0.001833356
6/14/2024,0.001833356
6/14/2024,0.001854848
6/14/2024,0.001748284
6/14/2024,0.001811954
6/14/2024,0.001780018
6/14/2024,0.001769418
6/14/2024,0.001716754
6/14/2024,0.001716754
6/14/2024,0.001685427
6/14/2024,0.001633673
6/14/2024,0.001623391
6/14/2024,0.001592684
6/14/2024,0.001790641
6/14/2024,0.001552066
6/14/2024,0.001462045
6/14/2024,0.001613132
6/14/2024,0.001531896
6/14/2024,0.001521847
6/14/2024,0.00149184
6/14/2024,0.001403099
6/14/2024,0.001481884
6/14/2024,0.001297288
6/14/2024,0.001422652
6/14/2024,0.001297288
6/14/2024,0.001335424
6/14/2024,0.001364282
6/14/2024,0.001364282
6/14/2024,0.001212927
6/14/2024,0.001268944
6/14/2024,0.001212927
6/14/2024,0.001212927
6/14/2024,0.001250172
6/14/2024,0.001157813
6/14/2024,0.001194455
6/14/2024,0.001139645
6/14/2024,0.001148716
6/14/2024,0.001139645
6/14/2024,0.001203678
6/14/2024,0.001157813
6/14/2024,0.001148716
6/14/2024,0.001130599
6/14/2024,0.001212927
6/14/2024,0.001185256
6/14/2024,0.001166935
6/14/2024,0.001250172
6/14/2024,0.001121578
6/14/2024,0.0012315
6/14/2024,0.001212927
6/14/2024,0.0012315
6/14/2024,0.001157813
6/14/2024,0.001240823
6/14/2024,0.001316307
6/14/2024,0.001364282
6/14/2024,0.001335424
6/14/2024,0.001335424
6/14/2024,0.001345019
6/14/2024,0.001432464
6/14/2024,0.001462045
6/14/2024,0.001471953
6/14/2024,0.001481884
6/14/2024,0.001541969
6/14/2024,0.001562185
6/14/2024,0.001582494
6/14/2024,0.001602897
6/14/2024,0.001592684
6/14/2024,0.001592684
6/14/2024,0.001654306
6/14/2024,0.001633673
6/14/2024,0.001602897
6/14/2024,0.001633673
6/14/2024,0.001685427
6/14/2024,0.001633673
6/14/2024,0.001664657
6/14/2024,0.001706289
6/14/2024,0.001654306
6/14/2024,0.001737752
6/14/2024,0.001685427
6/14/2024,0.001654306
6/15/2024,0.001685427
6/15/2024,0.001706289
6/15/2024,0.001769418
6/15/2024,0.001780018
6/15/2024,0.001801286
6/15/2024,0.001706289
6/15/2024,0.001675031
6/15/2024,0.001748284
6/15/2024,0.001780018
6/15/2024,0.001737752
6/15/2024,0.001737752
6/15/2024,0.001727241
6/15/2024,0.001706289
6/15/2024,0.001748284
6/15/2024,0.001801286
6/15/2024,0.001727241
6/15/2024,0.00175884
6/15/2024,0.00175884
6/15/2024,0.001780018
6/15/2024,0.001685427
6/15/2024,0.001737752
6/15/2024,0.001706289
6/15/2024,0.001706289
6/15/2024,0.001664657
6/15/2024,0.001664657
6/15/2024,0.001664657
6/15/2024,0.001716754
6/15/2024,0.001613132
6/15/2024,0.001675031
6/15/2024,0.001643978
6/15/2024,0.001552066
6/15/2024,0.001643978
6/15/2024,0.001695847
6/15/2024,0.00175884
6/15/2024,0.001706289
6/15/2024,0.001613132
6/15/2024,0.001664657
6/15/2024,0.001592684
6/15/2024,0.001442301
6/15/2024,0.001511821
6/15/2024,0.001562185
6/15/2024,0.001501818
6/15/2024,0.001354638
6/15/2024,0.001562185
6/15/2024,0.001442301
6/15/2024,0.001442301
6/15/2024,0.00137395
6/15/2024,0.001452161
6/15/2024,0.001541969
6/15/2024,0.001393359
6/15/2024,0.001592684
6/15/2024,0.001345019
6/15/2024,0.001325853
6/15/2024,0.001222201
6/15/2024,0.001287815
6/15/2024,0.001306785
6/15/2024,0.001297288
6/15/2024,0.001278367
6/15/2024,0.001194455
6/15/2024,0.001354638
6/15/2024,0.001259546
6/15/2024,0.001335424
6/15/2024,0.001325853
6/15/2024,0.001268944
6/15/2024,0.001259546
6/15/2024,0.001278367
6/15/2024,0.001364282
6/15/2024,0.001287815
6/15/2024,0.001297288
6/15/2024,0.001297288
6/15/2024,0.001403099
6/15/2024,0.001354638
6/15/2024,0.001442301
6/15/2024,0.001471953
6/15/2024,0.001403099
6/15/2024,0.001442301
6/15/2024,0.001383642
6/15/2024,0.001471953
6/15/2024,0.001471953
6/15/2024,0.001501818
6/15/2024,0.001403099
6/15/2024,0.001471953
6/15/2024,0.001412863
6/15/2024,0.001462045
6/15/2024,0.001462045
6/15/2024,0.001412863
6/15/2024,0.001393359
6/15/2024,0.001432464
6/15/2024,0.001403099
6/15/2024,0.001462045
6/15/2024,0.001412863
6/15/2024,0.001422652
6/15/2024,0.001432464
6/15/2024,0.001462045
6/15/2024,0.00149184
6/15/2024,0.001521847
6/16/2024,0.001432464
6/16/2024,0.001471953
6/16/2024,0.001471953
6/16/2024,0.001393359
6/16/2024,0.001452161
6/16/2024,0.001422652
6/16/2024,0.001442301
6/16/2024,0.00149184
6/16/2024,0.001462045
6/16/2024,0.001471953
6/16/2024,0.001452161
6/16/2024,0.001541969
6/16/2024,0.001442301
6/16/2024,0.001592684
6/16/2024,0.001452161
6/16/2024,0.001501818
6/16/2024,0.001592684
6/16/2024,0.001572328
6/16/2024,0.001572328
6/16/2024,0.001531896
6/16/2024,0.001613132
6/16/2024,0.001552066
6/16/2024,0.001592684
6/16/2024,0.001572328
6/16/2024,0.001541969
6/16/2024,0.001633673
6/16/2024,0.001572328
6/16/2024,0.001592684
6/16/2024,0.001592684
6/16/2024,0.001552066
6/16/2024,0.001481884
6/16/2024,0.001501818
6/16/2024,0.001501818
6/16/2024,0.001501818
6/16/2024,0.001442301
6/16/2024,0.00149184
6/16/2024,0.001531896
6/16/2024,0.001471953
6/16/2024,0.001422652
6/16/2024,0.001471953
6/16/2024,0.001452161
6/16/2024,0.001452161
6/16/2024,0.001268944
6/16/2024,0.001432464
6/16/2024,0.001316307
6/16/2024,0.00137395
6/16/2024,0.001383642
6/16/2024,0.001354638
6/16/2024,0.001422652
6/16/2024,0.001268944
6/16/2024,0.001354638
6/16/2024,0.001306785
6/16/2024,0.001383642
6/16/2024,0.001316307
6/16/2024,0.001268944
6/16/2024,0.001287815
6/16/2024,0.001139645
6/16/2024,0.001222201
6/16/2024,0.0012315
6/16/2024,0.0012315
6/16/2024,0.0012315
6/16/2024,0.001194455
6/16/2024,0.001203678
6/16/2024,0.001203678
6/16/2024,0.001203678
6/16/2024,0.001268944
6/16/2024,0.001185256
6/16/2024,0.001278367
6/16/2024,0.001250172
6/16/2024,0.001297288
6/16/2024,0.001364282
6/16/2024,0.001345019
6/16/2024,0.001278367
6/16/2024,0.001354638
6/16/2024,0.001345019
6/16/2024,0.001306785
6/16/2024,0.001354638
6/16/2024,0.001354638
6/16/2024,0.001383642
6/16/2024,0.001422652
6/16/2024,0.001412863
6/16/2024,0.001393359
6/16/2024,0.001432464
6/16/2024,0.00137395
6/16/2024,0.001412863
6/16/2024,0.001452161
6/16/2024,0.001412863
6/16/2024,0.001432464
6/16/2024,0.001403099
6/16/2024,0.001422652
6/16/2024,0.001442301
6/16/2024,0.00137395
6/16/2024,0.001531896
6/16/2024,0.001432464
6/16/2024,0.001452161
6/16/2024,0.001462045
6/17/2024,0.001501818
6/17/2024,0.00149184
6/17/2024,0.001432464
6/17/2024,0.001521847
6/17/2024,0.001471953
6/17/2024,0.001471953
6/17/2024,0.001511821
6/17/2024,0.001501818
6/17/2024,0.001452161
6/17/2024,0.001511821
6/17/2024,0.001462045
6/17/2024,0.001422652
6/17/2024,0.001552066
6/17/2024,0.001501818
6/17/2024,0.001471953
6/17/2024,0.001481884
6/17/2024,0.001462045
6/17/2024,0.001462045
6/17/2024,0.001393359
6/17/2024,0.001422652
6/17/2024,0.001442301
6/17/2024,0.001393359
6/17/2024,0.001422652
6/17/2024,0.001422652
6/17/2024,0.001364282
6/17/2024,0.001442301
6/17/2024,0.001462045
6/17/2024,0.001462045
6/17/2024,0.001393359
6/17/2024,0.001422652
6/17/2024,0.001471953
6/17/2024,0.001393359
6/17/2024,0.001432464
6/17/2024,0.001403099
6/17/2024,0.001306785
6/17/2024,0.001345019
6/17/2024,0.001335424
6/17/2024,0.001278367
6/17/2024,0.001250172
6/17/2024,0.001240823
6/17/2024,0.001306785
6/17/2024,0.001287815
6/17/2024,0.001268944
6/17/2024,0.001194455
6/17/2024,0.001176083
6/17/2024,0.001287815
6/17/2024,0.001278367
6/17/2024,0.001203678
6/17/2024,0.0012315
6/17/2024,0.001148716
6/17/2024,0.001325853
6/17/2024,0.001212927
6/17/2024,0.001194455
6/17/2024,0.001240823
6/17/2024,0.001194455
6/17/2024,0.0012315
6/17/2024,0.001139645
6/17/2024,0.001121578
6/17/2024,0.001166935
6/17/2024,0.001139645
6/17/2024,0.001203678
6/17/2024,0.001103615
6/17/2024,0.001130599
6/17/2024,0.001157813
6/17/2024,0.001212927
6/17/2024,0.001130599
6/17/2024,0.001166935
6/17/2024,0.001076863
6/17/2024,0.001166935
6/17/2024,0.001222201
6/17/2024,0.001212927
6/17/2024,0.001203678
6/17/2024,0.0012315
6/17/2024,0.001250172
6/17/2024,0.001240823
6/17/2024,0.001203678
6/17/2024,0.001268944
6/17/2024,0.001203678
6/17/2024,0.001203678
6/17/2024,0.001157813
6/17/2024,0.001176083
6/17/2024,0.0012315
6/17/2024,0.001222201
6/17/2024,0.001148716
6/17/2024,0.001259546
6/17/2024,0.001166935
6/17/2024,0.001222201
6/17/2024,0.001250172
6/17/2024,0.001250172
6/17/2024,0.001185256
6/17/2024,0.001268944
6/17/2024,0.001222201
6/17/2024,0.001240823
6/17/2024,0.001194455
6/17/2024,0.001268944
6/17/2024,0.001268944
6/17/2024,0.001203678
6/18/2024,0.001203678
6/18/2024,0.0012315
6/18/2024,0.001240823
6/18/2024,0.001268944
6/18/2024,0.001268944
6/18/2024,0.001287815
6/18/2024,0.001250172
6/18/2024,0.001250172
6/18/2024,0.001250172
6/18/2024,0.001194455
6/18/2024,0.001222201
6/18/2024,0.001240823
6/18/2024,0.001250172
6/18/2024,0.001259546
6/18/2024,0.001287815
6/18/2024,0.001259546
6/18/2024,0.001240823
6/18/2024,0.001287815
6/18/2024,0.001268944
6/18/2024,0.001222201
6/18/2024,0.001250172
6/18/2024,0.001250172
6/18/2024,0.001203678
6/18/2024,0.001222201
6/18/2024,0.001240823
6/18/2024,0.001250172
6/18/2024,0.001240823
6/18/2024,0.001259546
6/18/2024,0.001240823
6/18/2024,0.001212927
6/18/2024,0.001316307
6/18/2024,0.001250172
6/18/2024,0.001306785
6/18/2024,0.001240823
6/18/2024,0.001325853
6/18/2024,0.001185256
6/18/2024,0.001176083
6/18/2024,0.001250172
6/18/2024,0.001222201
6/18/2024,0.001212927
6/18/2024,0.001185256
6/18/2024,0.001259546
6/18/2024,0.001121578
6/18/2024,0.001148716
6/18/2024,0.001166935
6/18/2024,0.001103615
6/18/2024,0.001121578
6/18/2024,0.001121578
6/18/2024,0.001103615
6/18/2024,0.001094672
6/18/2024,0.001139645
6/18/2024,0.001112584
6/18/2024,0.001059158
6/18/2024,0.000998017
6/18/2024,0.001050345
6/18/2024,0.000998017
6/18/2024,0.001059158
6/18/2024,0.001032797
6/18/2024,0.000980786
6/18/2024,0.001067998
6/18/2024,0.001085754
6/18/2024,0.000980786
6/18/2024,0.001076863
6/18/2024,0.001006672
6/18/2024,0.001041558
6/18/2024,0.001032797
6/18/2024,0.001006672
6/18/2024,0.001059158
6/18/2024,0.001006672
6/18/2024,0.001041558
6/18/2024,0.001024062
6/18/2024,0.001059158
6/18/2024,0.001050345
6/18/2024,0.001041558
6/18/2024,0.001050345
6/18/2024,0.001067998
6/18/2024,0.001085754
6/18/2024,0.001067998
6/18/2024,0.001130599
6/18/2024,0.001157813
6/18/2024,0.001103615
6/18/2024,0.001157813
6/18/2024,0.001130599
6/18/2024,0.001139645
6/18/2024,0.001139645
6/18/2024,0.001067998
6/18/2024,0.001176083
6/18/2024,0.001212927
6/18/2024,0.001148716
6/18/2024,0.001157813
6/18/2024,0.001148716
6/18/2024,0.001166935
6/18/2024,0.001130599
6/18/2024,0.001157813
6/18/2024,0.001203678
6/18/2024,0.001130599
6/19/2024,0.001148716
6/19/2024,0.001203678
6/19/2024,0.001268944
6/19/2024,0.001259546
6/19/2024,0.001250172
6/19/2024,0.001166935
6/19/2024,0.001222201
6/19/2024,0.001185256
6/19/2024,0.001250172
6/19/2024,0.001250172
6/19/2024,0.001194455
6/19/2024,0.001222201
6/19/2024,0.001166935
6/19/2024,0.001185256
6/19/2024,0.001185256
6/19/2024,0.001212927
6/19/2024,0.001166935
6/19/2024,0.001240823
6/19/2024,0.001166935
6/19/2024,0.001185256
6/19/2024,0.001121578
6/19/2024,0.001203678
6/19/2024,0.001166935
6/19/2024,0.001157813
6/19/2024,0.001176083
6/19/2024,0.001130599
6/19/2024,0.001121578
6/19/2024,0.001121578
6/19/2024,0.001076863
6/19/2024,0.001085754
6/19/2024,0.001085754
6/19/2024,0.001121578
6/19/2024,0.001059158
6/19/2024,0.001059158
6/19/2024,0.00095514
6/19/2024,0.001059158
6/19/2024,0.000929736
6/19/2024,0.000929736
6/19/2024,0.000938177
6/19/2024,0.000896244
6/19/2024,0.000871412
6/19/2024,0.00086319
6/19/2024,0.000887939
6/19/2024,0.000846829
6/19/2024,0.000838691
6/19/2024,0.000798417
6/19/2024,0.000790447
6/19/2024,0.000766708
6/19/2024,0.000798417
6/19/2024,0.000751025
6/19/2024,0.000790447
6/19/2024,0.000766708
6/19/2024,0.000766708
6/19/2024,0.000697048
6/19/2024,0.000751025
6/19/2024,0.00068189
6/19/2024,0.000712324
6/19/2024,0.000782506
6/19/2024,0.000751025
6/19/2024,0.000790447
6/19/2024,0.000735458
6/19/2024,0.000758852
6/19/2024,0.000782506
6/19/2024,0.000751025
6/19/2024,0.000790447
6/19/2024,0.000751025
6/19/2024,0.000712324
6/19/2024,0.000751025
6/19/2024,0.000814442
6/19/2024,0.000798417
6/19/2024,0.000782506
6/19/2024,0.000838691
6/19/2024,0.000790447
6/19/2024,0.000806416
6/19/2024,0.000806416
6/19/2024,0.000846829
6/19/2024,0.00083058
6/19/2024,0.000814442
6/19/2024,0.000822497
6/19/2024,0.000887939
6/19/2024,0.000904576
6/19/2024,0.000871412
6/19/2024,0.000980786
6/19/2024,0.000963662
6/19/2024,0.00095514
6/19/2024,0.000963662
6/19/2024,0.000980786
6/19/2024,0.001015354
6/19/2024,0.001067998
6/19/2024,0.001006672
6/19/2024,0.001006672
6/19/2024,0.001067998
6/19/2024,0.001015354
6/19/2024,0.001024062
6/19/2024,0.001006672
6/19/2024,0.001015354
6/20/2024,0.001024062
6/20/2024,0.001076863
6/20/2024,0.001076863
6/20/2024,0.001032797
6/20/2024,0.001112584
6/20/2024,0.001050345
6/20/2024,0.001006672
6/20/2024,0.001006672
6/20/2024,0.001032797
6/20/2024,0.001067998
6/20/2024,0.001139645
6/20/2024,0.001059158
6/20/2024,0.001094672
6/20/2024,0.001112584
6/20/2024,0.001050345
6/20/2024,0.001148716
6/20/2024,0.001059158
6/20/2024,0.001085754
6/20/2024,0.001103615
6/20/2024,0.001076863
6/20/2024,0.001103615
6/20/2024,0.001015354
6/20/2024,0.001032797
6/20/2024,0.001041558
6/20/2024,0.001059158
6/20/2024,0.001059158
6/20/2024,0.000963662
6/20/2024,0.000989388
6/20/2024,0.000972211
6/20/2024,0.000980786
6/20/2024,0.000896244
6/20/2024,0.00095514
6/20/2024,0.000929736
6/20/2024,0.000921322
6/20/2024,0.000822497
6/20/2024,0.000798417
6/20/2024,0.000846829
6/20/2024,0.00083058
6/20/2024,0.000758852
6/20/2024,0.000751025
6/20/2024,0.000704671
6/20/2024,0.00066685
6/20/2024,0.000644515
6/20/2024,0.000674355
6/20/2024,0.000644515
6/20/2024,0.000659375
6/20/2024,0.000644515
6/20/2024,0.000600662
6/20/2024,0.000644515
6/20/2024,0.000586289
6/20/2024,0.000564962
6/20/2024,0.000543918
6/20/2024,0.000550901
6/20/2024,0.000543918
6/20/2024,0.000550901
6/20/2024,0.000579149
6/20/2024,0.000622451
6/20/2024,0.000550901
6/20/2024,0.000644515
6/20/2024,0.000536966
6/20/2024,0.000536966
6/20/2024,0.00057204
6/20/2024,0.00057204
6/20/2024,0.000579149
6/20/2024,0.00057204
6/20/2024,0.000550901
6/20/2024,0.000557916
6/20/2024,0.000543918
6/20/2024,0.000579149
6/20/2024,0.000600662
6/20/2024,0.000530046
6/20/2024,0.00059346
6/20/2024,0.000579149
6/20/2024,0.00059346
6/20/2024,0.000622451
6/20/2024,0.000629776
6/20/2024,0.000674355
6/20/2024,0.000600662
6/20/2024,0.00068189
6/20/2024,0.000704671
6/20/2024,0.000743227
6/20/2024,0.000774593
6/20/2024,0.00086319
6/20/2024,0.000766708
6/20/2024,0.000806416
6/20/2024,0.00083058
6/20/2024,0.000904576
6/20/2024,0.000838691
6/20/2024,0.000912936
6/20/2024,0.00086319
6/20/2024,0.000871412
6/20/2024,0.00083058
6/20/2024,0.000838691
6/20/2024,0.000871412
6/20/2024,0.000854996
6/20/2024,0.000782506
6/21/2024,0.000887939
6/21/2024,0.000838691
6/21/2024,0.000921322
6/21/2024,0.000904576
6/21/2024,0.000938177
6/21/2024,0.000912936
6/21/2024,0.000912936
6/21/2024,0.000946645
6/21/2024,0.000972211
6/21/2024,0.000896244
6/21/2024,0.000879662
6/21/2024,0.000929736
6/21/2024,0.00095514
6/21/2024,0.001006672
6/21/2024,0.001076863
6/21/2024,0.000963662
6/21/2024,0.001024062
6/21/2024,0.00095514
6/21/2024,0.000879662
6/21/2024,0.000846829
6/21/2024,0.000854996
6/21/2024,0.000896244
6/21/2024,0.000871412
6/21/2024,0.000871412
6/21/2024,0.000814442
6/21/2024,0.000822497
6/21/2024,0.000838691
6/21/2024,0.000766708
6/21/2024,0.000854996
6/21/2024,0.000806416
6/21/2024,0.000838691
6/21/2024,0.000774593
6/21/2024,0.000814442
6/21/2024,0.000798417
6/21/2024,0.000689454
6/21/2024,0.000751025
6/21/2024,0.000727717
6/21/2024,0.000720006
6/21/2024,0.000607894
6/21/2024,0.000622451
6/21/2024,0.000600662
6/21/2024,0.000622451
6/21/2024,0.000516302
6/21/2024,0.000615157
6/21/2024,0.000557916
6/21/2024,0.000516302
6/21/2024,0.000530046
6/21/2024,0.000557916
6/21/2024,0.000509478
6/21/2024,0.000536966
6/21/2024,0.000475846
6/21/2024,0.000502687
6/21/2024,0.000482507
6/21/2024,0.000475846
6/21/2024,0.000462623
6/21/2024,0.000523158
6/21/2024,0.000449532
6/21/2024,0.000482507
6/21/2024,0.000530046
6/21/2024,0.000379959
6/21/2024,0.000462623
6/21/2024,0.000462623
6/21/2024,0.000489201
6/21/2024,0.000489201
6/21/2024,0.000495928
6/21/2024,0.000502687
6/21/2024,0.000482507
6/21/2024,0.000523158
6/21/2024,0.000482507
6/21/2024,0.000523158
6/21/2024,0.000516302
6/21/2024,0.000523158
6/21/2024,0.000489201
6/21/2024,0.000536966
6/21/2024,0.000489201
6/21/2024,0.000530046
6/21/2024,0.000495928
6/21/2024,0.000536966
6/21/2024,0.000536966
6/21/2024,0.000557916
6/21/2024,0.000607894
6/21/2024,0.000564962
6/21/2024,0.000586289
6/21/2024,0.000607894
6/21/2024,0.00057204
6/21/2024,0.000523158
6/21/2024,0.00057204
6/21/2024,0.000543918
6/21/2024,0.000564962
6/21/2024,0.000579149
6/21/2024,0.000564962
6/21/2024,0.00057204
6/21/2024,0.000579149
6/21/2024,0.000530046
6/21/2024,0.000615157
6/21/2024,0.00063713
6/22/2024,0.00065193
6/22/2024,0.000659375
6/22/2024,0.000766708
6/22/2024,0.000822497
6/22/2024,0.000879662
6/22/2024,0.000879662
6/22/2024,0.00083058
6/22/2024,0.000938177
6/22/2024,0.000912936
6/22/2024,0.000929736
6/22/2024,0.000887939
6/22/2024,0.000946645
6/22/2024,0.000963662
6/22/2024,0.000912936
6/22/2024,0.000921322
6/22/2024,0.000921322
6/22/2024,0.000938177
6/22/2024,0.000921322
6/22/2024,0.000963662
6/22/2024,0.000879662
6/22/2024,0.000921322
6/22/2024,0.000887939
6/22/2024,0.000980786
6/22/2024,0.000854996
6/22/2024,0.000938177
6/22/2024,0.000980786
6/22/2024,0.00086319
6/22/2024,0.000887939
6/22/2024,0.000887939
6/22/2024,0.000938177
6/22/2024,0.000838691
6/22/2024,0.000774593
6/22/2024,0.000720006
6/22/2024,0.000720006
6/22/2024,0.000758852
6/22/2024,0.000727717
6/22/2024,0.000689454
6/22/2024,0.000712324
6/22/2024,0.000659375
6/22/2024,0.000607894
6/22/2024,0.00063713
6/22/2024,0.000579149
6/22/2024,0.000600662
6/22/2024,0.000564962
6/22/2024,0.000579149
6/22/2024,0.000536966
6/22/2024,0.000543918
6/22/2024,0.000509478
6/22/2024,0.000523158
6/22/2024,0.000530046
6/22/2024,0.000495928
6/22/2024,0.000482507
6/22/2024,0.000475846
6/22/2024,0.000443037
6/22/2024,0.000423754
6/22/2024,0.000509478
6/22/2024,0.000495928
6/22/2024,0.000475846
6/22/2024,0.000516302
6/22/2024,0.000495928
6/22/2024,0.000523158
6/22/2024,0.000502687
6/22/2024,0.000523158
6/22/2024,0.000495928
6/22/2024,0.000475846
6/22/2024,0.000509478
6/22/2024,0.000502687
6/22/2024,0.000536966
6/22/2024,0.000530046
6/22/2024,0.000482507
6/22/2024,0.000502687
6/22/2024,0.000489201
6/22/2024,0.000530046
6/22/2024,0.000536966
6/22/2024,0.000489201
6/22/2024,0.000536966
6/22/2024,0.000482507
6/22/2024,0.000543918
6/22/2024,0.000489201
6/22/2024,0.000509478
6/22/2024,0.000475846
6/22/2024,0.000509478
6/22/2024,0.000516302
6/22/2024,0.000495928
6/22/2024,0.000509478
6/22/2024,0.000462623
6/22/2024,0.000509478
6/22/2024,0.000509478
6/22/2024,0.000509478
6/22/2024,0.000482507
6/22/2024,0.000475846
6/22/2024,0.000475846
6/22/2024,0.000469218
6/22/2024,0.000489201
6/22/2024,0.000449532
6/22/2024,0.000449532
6/23/2024,0.000475846
6/23/2024,0.000392298
6/23/2024,0.000557916
6/23/2024,0.000607894
6/23/2024,0.000674355
6/23/2024,0.00065193
6/23/2024,0.00059346
6/23/2024,0.000629776
6/23/2024,0.000615157
6/23/2024,0.000600662
6/23/2024,0.000674355
6/23/2024,0.000622451
6/23/2024,0.000615157
6/23/2024,0.00063713
6/23/2024,0.000607894
6/23/2024,0.000644515
6/23/2024,0.00063713
6/23/2024,0.000607894
6/23/2024,0.00057204
6/23/2024,0.000557916
6/23/2024,0.000516302
6/23/2024,0.000579149
6/23/2024,0.000536966
6/23/2024,0.00057204
6/23/2024,0.000543918
6/23/2024,0.000530046
6/23/2024,0.000536966
6/23/2024,0.000550901
6/23/2024,0.000516302
6/23/2024,0.000495928
6/23/2024,0.000482507
6/23/2024,0.000509478
6/23/2024,0.000436575
6/23/2024,0.000456061
6/23/2024,0.000417394
6/23/2024,0.000443037
6/23/2024,0.000436575
6/23/2024,0.00039852
6/23/2024,0.00039852
6/23/2024,0.000436575
6/23/2024,0.000404777
6/23/2024,0.000449532
6/23/2024,0.00039852
6/23/2024,0.000386111
6/23/2024,0.000320397
6/23/2024,0.00033202
6/23/2024,0.00032619
6/23/2024,0.000253819
6/23/2024,0.000314641
6/23/2024,0.00029199
6/23/2024,0.000253819
6/23/2024,0.00033202
6/23/2024,0.000259156
6/23/2024,0.00032619
6/23/2024,0.000217586
6/23/2024,0.000280891
6/23/2024,0.000207602
6/23/2024,0.000314641
6/23/2024,0.000243266
6/23/2024,0.000227736
6/23/2024,0.000238049
6/23/2024,0.000222641
6/23/2024,0.00019294
6/23/2024,0.000227736
6/23/2024,0.000227736
6/23/2024,0.000133974
6/23/2024,0.000183379
6/23/2024,0.000188138
6/23/2024,0.000133974
6/23/2024,0.000222641
6/23/2024,0.00019294
6/23/2024,0.00019294
6/23/2024,0.000217586
6/23/2024,0.0001469
6/23/2024,0.000188138
6/23/2024,0.000164781
6/23/2024,0.0001469
6/23/2024,0.0001469
6/23/2024,0.000164781
6/23/2024,0.000164781
6/23/2024,0.000173992
6/23/2024,0.0001469
6/23/2024,0.000142544
6/23/2024,0.000138235
6/23/2024,0.000117407
6/23/2024,0.0001469
6/23/2024,0.0001469
6/23/2024,0.000109419
6/23/2024,0.000138235
6/23/2024,9.03E-05
6/23/2024,0.000117407
6/23/2024,0.000109419
6/23/2024,7.95E-05
6/23/2024,0.000125594
6/23/2024,0.000113388
6/23/2024,8.31E-05
6/24/2024,9.41E-05
6/24/2024,6.59E-05
6/24/2024,0.000109419
6/24/2024,6.59E-05
6/24/2024,5.32E-05
6/24/2024,5.63E-05
6/24/2024,6.26E-05
6/24/2024,4.15E-05
6/24/2024,4.43E-05
6/24/2024,4.43E-05
6/24/2024,6.59E-05
6/24/2024,3.09E-05
6/24/2024,4.72E-05
6/24/2024,4.15E-05
6/24/2024,2.60E-05
6/24/2024,2.84E-05
6/24/2024,1.71E-05
6/24/2024,2.36E-05
6/24/2024,2.14E-05
6/24/2024,1.77E-06
6/24/2024,6.56E-06
6/24/2024,2.76E-06
6/24/2024,3.90E-06
6/24/2024,3.22E-07
6/24/2024,9.41E-07
6/24/2024,1.77E-06
,
,
,
,
,
,
,
,
,
,
,
,
,
,
,
,
,
,
,
,
,
,
,
,
,
,
,
,
,
,
,
,
,
,
,
,
,
,
,
,
,
,
,
,
,
,
,
,
,
,
,
,
,
,
,
,
,
,
,
,
,
,
,
,
,
,
,
,
,
,
,
,
,
,
,
,
,
,
,
,
,
,
,
,
,
,
,
,
,
,
,
,
,
,
,
,
,
,
,
,
,
,
,
,
,
,
,
,
,
,
,
,
,
,
,
,
,
,
,
,
,
,
,
,
,
,
,
,
,
,
,
,
,
,
,
,
,
,
,
,
,
,
,
,
,
,
,
,
,
,
,
,
,
,
,
,
,
,
,
,
,
,
,
,
,
,
,
,
,
,
,
,
,
,
,
,
,
,
,
,
,
,
,
,
,
,
,
,
,
,
,
,
,
,
,
,
,
,
,
,
,
,
,
,
,
,
,
,
,
,
,
,
,
,
,
,
,
,
,
,
,
,
,
,
,
,
,
,
,
,
,
,
,
,
,
,
,
,
,
,
,
,
,
,
,
,
,
,
,
,
,
,
,
,
,
,
,
,
,
,
,
,
,
,
,
,
,
,
,
,
,
,
,
,
,
,
,
,
,
,
,
,
,
,
,
,
,
,
,
,
,
,
,
,
,
,
,
,
,
,
,
,
,
,
,
,
,
,
,
,
,
,
,
,
,
,
,
,
,
,
,
,
,
,
,
,
,
,
,
,
,
,
,
,
,
,
,
,
,
,
,
,
,
,
,
,
,
,
,
,
,
,
,
,
,
,
,
,
,
,
,
,
,
,
,
,
,
,
,
,
,
,
,
,
,
,
,
,
,
,
,
,
,
,
,
,
,
,
,
,
,
,
,
,
,
,
,
,
,
,
,
,
,
,
,
,
,
,
,
,
,
,
,
,
,
,
,
,
,
,
,
,
,
,
,
,
,
,
,
,
,
,
,
,
,
,
,
,
,
,
,
,
,
,
,
,
,
,
,
,
,
,
,
,
,
,
,
,
,
,
,
,
,
,
,
,
,
,
,
,
,
,
,
,
,
,
,
,
,
,
,
,
,
,
,
,
,
,
,
,
,
,
,
,
,
,
,
,
,
,
,
,
,
,
,
,
,
,
,
,
,
,
,
,
,
,
,
,
,
,
,
,
,
,
,
,
,
,
,
,
,
,
,
,
,
,
,
,
,
,
,
,
,
,
,
,
,
,
,
,
,
,
,
,
,
,
,
,
,
,
,
,
,
,
,
,
,
,
,
,
,
,
,
,
,
,
,
,
,
,
,
,
,
,
,
,
,
,
,
,
,
,
,
,
,
,
,
,
,
,
,
,
,
,
,
,
,
,
,
,
,
,
,
,
,
,
,
,
,
,
,
,
,
,
,
,
,
,
,
,
,
,
,
,
,
,
,
,
,
,
,
,
,
,
,
,
,
,
,
,
,
,
,
,
,
,
,
,
,
,
,
,
,
,
,
,
,
,
,
,
,
,
,
,
,
,
,
,
,
,
,
,
,
,
,
,
,
,
,
,
,
,
,
,
,
,
,
,
,
,
,
,
,
,
,
,
,
,
,
,
,
,
,
,
,
,
,
,
,
,
,
,
,
,
,
,
,
,
,
,
,
,
,
,
,
,
,
,
,
,
,
,
,
,
,
,
,
,
,
,
,
,
,
,
,
,
,
,
,
,
,
,
,
,
,
,
,
,
,
,
,
,
,
,
,
,
,
,
,
,
,
,
,
,
,
,
,
,
,
,
,
,
,
,
,
,
,
,
,
,
,
,
,
,
,
,
,
,
,
,
,
,
,
,
,
,
,
,
,
,
,
,
,
,
,
,
,
,
,
,
,
,
,
,
,
,
,
,
,
,
,
,
,
,
,
,
,
,
,
,
,
,
,
,
,
,
,
,
,
,
,
,
,
,
,
,
,
,
,
,
,
,
,
,
,
,
,
,
,
,
,
,
,
,
,
,
,
,
,
,
,
,
,
,
,
,
,
,
,
,
,
,
,
,
,
,
,
,
,
,
,
,
,
,
,
,
,
,
,
,
,
,
,
,
,
,
,
,
,
,
,
,
,
,
,
,
,
,
,
,
,
,
,
,
,
,
,
,
,
,
,
,
,
,
,
,
,
,
,
,
,
,
,
,
,
,
,
,
,
,
,
,
,
,
,
,
,
,
,
,
,
,
,
,
,
,
,
,
,
,
,
,
,
,
,
,
,
,
,
,
,
,
,
,
,
,
,
,
,
,
,
,
,
,
,
,
,
,
,
,
,
,
,
,
,
,
,
,
,
,
,
,
,
,
,
,
,
,
,
,
,
,
,
,
,
,
,
,
,
,
,
,
,
,
,
,
,
,
,
,
,
,
,
,
,
,
,
,
,
,
,
,
,
,
,
,
,
,
,
,
,
,
,
,
,
,
,
,
,
,
,
,
,
,
,
,
,
,
,
,
,
,
,
,
,
,
,
,
,
,
,
,
,
,
,
,
,
,
,
,
,
,
,
,
,
,
,
,
,
,
,
,
,
,
,
,
,
,
,
,
,
,
,
,
,
,
,
,
,
,
,
,
,
,
,
,
,
,
,
,
,
,
,
,
,
,
,
,
,
,
,
,
,
,
,
,
,
,
,
,
,
,
,
,
,
,
,
,
,
,
,
,
,
,
,
,
,
,
,
,
,
,
,
,
,
,
,
,
,
,
,
,
,
,
,
,
,
,
,
,
,
,
,
,
,
,
,
,
,
,
,
,
,
,
,
,
,
,
,
,
,
,
,
,
,
,
,
,
,
,
,
,
,
,
,
,
,
,
,
,
,
,
,
,
,
,
,
,
,
,
,
,
,
,
,
,
,
,
,
,
,
,
,
,
,
,
,
,
,
,
,
,
,
,
,
,
,
,
,
,
,
,
,
,
,
,
,
,
,
,
,
,
,
,
,
,
,
,
,
,
,
,
,
,
,
,
,
,
,
,
,
,
,
,
,
,
,
,
,
,
,
,
,
,
,
,
,
,
,
,
,
,
,
,
,
,
,
,
,
,
,
,
,
,
,
,
,
,
,
,
,
,
,
,
,
,
,
,
,
,
,
,
,
,
,
,
,
,
,
,
,
,
,
,
,
,
,
,
,
,
,
,
,
,
,
,
,
,
,
,
,
,
,
,
,
,
,
,
,
,
,
,
,
,
,
,
,
,
,
,
,
,
,
,
,
,
,
,
,
,
,
,
,
,
,
,
,
,
,
,
,
,
,
,
,
,
,
,
,
,
,
,
,
,
,
,
,
,
,
,
,
,
,
,
,
,
,
,
,
,
,
,
,
,
,
,
,
,
,
,
,
,
,
,
,
,
,
,
,
,
,
,
,
,
,
,
,
,
,
,
,
,
,
,
,
,
,
,
,
,
,
,
,
,
,
,
,
,
,
,
,
,
,
,
,
,
,
,
,
,
,
,
,
,
,
,
,
,
,
,
,
,
,
,
,
,
,
,
,
,
,
,
,
,
,
,
,
,
,
,
,
,
,
,
,
,
,
,
,
,
,
,
,
,
,
,
,
,
,
,
,
,
,
,
,
,
,
,
,
,
,
,
,
,
,
,
,
,
,
,
,
,
,
,
,
,
,
,
,
,
,
,
,
,
,
,
,
,
,
,
,
,
,
,
,
,
,
,
,
,
,
,
,
,
,
,
,
,
,
,
,
,
,
,
,
,
,
,
,
,
,
,
,
,
,
,
,
,
,
,
,
,
,
,
,
,
,
,
,
,
,
,
,
,
,
,
,
,
,
,
,
,
,
,
,
,
,
,
,
,
,
,
,
,
,
,
,
,
,
,
,
,
,
,
,
,
,
,
,
,
,
,
,
,
,
,
,
,
,
,
,
,
,
,
,
,
,
,
,
,
,
,
,
,
,
,
,
,
,
,
,
,
,
,
,
,
,
,
,
,
,
,
,
,
,
,
,
,
,
,
,
,
,
,
,
,
,
,
,
,
,
,
,
,
,
,
,
,
,
,
,
,
,
,
,
,
,
,
,
,
,
,
,
,
,
,
,
,
,
,
,
,
,
,
,
,
,
,
,
,
,
,
,
,
,
,
,
,
,
,
,
,
,
,
,
,
,
,
,
,
,
,
,
,
,
,
,
,
,
,
,
,
,
,
,
,
,
,
,
,
,
,
,
,
,
,
,
,
,
,
,
,
,
,
,
,
,
,
,
,
,
,
,
,
,
,
,
,
,
,
,
,
,
,
,
,
,
,
,
,
,
,
,
,
,
,
,
,
,
,
,
,
,
,
,
,
,
,
,
,
,
,
,
,
,
,
,
,
,
,
,
,
,
,
,
,
,
,
,
,
,
,
,
,
,
,
,
,
,
,
,
,
,
,
,
,
,
,
,
,
,
,
,
,
,
,
,
,
,
,
,
,
,
,
,
,
,
,
,
,
,
,
,
,
,
,
,
,
,
,
,
,
,
,
,
,
,
,
,
,
,
,
,
,
,
,
,
,
,
,
,
,
,
,
,
,
,
,
,
,
,
,
,
,
,
,
,
,
,
,
,
,
,
,
,
,
,
,
,
,
,
,
,
,
,
,
,
,
,
,
,
,
,
,
,
,
,
,
,
,
,
,
,
,
,
,
,
,
,
,
,
,
,
,
,
,
,
,
,
,
,
,
,
,
,
,
,
,
,
,
,
,
,
,
,
,
,
,
,
,
,
,
,
,
,
,
,
,
,
,
,
,
,
,
,
,
,
,
,
,
,
,
,
,
,
,
,
,
,
,
,
,
,
,
,
,
,
,
,
,
,
,
,
,
,
,
,
,
,
,
,
,
,
,
,
,
,
,
,
,
,
,
,
,
,
,
,
,
,
,
,
,
,
,
,
,
,
,
,
,
,
,
,
,
,
,
,
,
,
,
,
,
,
,
,
,
,
,
,
,
,
,
,
,
,
,
,
,
,
,
,
,
,
,
,
,
,
,
,
,
,
,
,
,
,
,
,
,
,
,
,
,
,
,
,
,
,
,
,
,
,
,
,
,
,
,
,
,
,
,
,
,
,
,
,
,
,
,
,
,
,
,
,
,
,
,
,
,
,
,
,
,
,
,
,
,
,
,
,
,
,
,
,
,
,
,
,
,
,
,
,
,
,
,
,
,
,
,
,
,
,
,
,
,
,
,
,
,
,
,
,
,
,
,
,
,
,
,
,
,
,
,
,
,
,
,
,
,
,
,
,
,
,
,
,
,
,
,
,
,
,
,
,
,
,
,
,
,
,
,
,
,
,
,
,
,
,
,
,
,
,
,
,
,
,
,
,
,
,
,
,
,
,
,
,
,
,
,
,
,
,
,
,
,
,
,
,
,
,
,
,
,
,
,
,
,
,
,
,
,
,
,
,
,
,
,
,
,
,
,
,
,
,
,
,
,
,
,
,
,
,
,
,
,
,
,
,
,
,
,
,
,
,
,
,
,
,
,
,
,
,
,
,
,
,
,
,
,
,
,
,
,
,
,
,
,
,
,
,
,
,
,
,
,
,
,
,
,
,
,
,
,
,
,
,
,
,
,
,
,
,
,
,
,
,
,
,
,
,
,
,
,
,
,
,
,
,
,
,
,
,
,
,
,
,
,
,
,
,
,
,
,
,
,
,
,
,
,
,
,
,
,
,
,
,
,
,
,
,
,
,
,
,
,
,
,
,
,
,
,
,
,
,
,
,
,
,
,
,
,
,
,
,
,
,
,
,
,
