Date-Time,TL_Temp_C
11/19/2023 18:00,7.09
11/19/2023 18:15,7.41
11/19/2023 18:30,7.33
11/19/2023 18:45,7.46
11/19/2023 19:00,7.52
11/19/2023 19:15,7.49
11/19/2023 19:30,7.48
11/19/2023 19:45,7.45
11/19/2023 20:00,7.45
11/19/2023 20:15,7.4
11/19/2023 20:30,7.36
11/19/2023 20:45,7.33
11/19/2023 21:00,7.35
11/19/2023 21:15,7.29
11/19/2023 21:30,7.32
11/19/2023 21:45,7.27
11/19/2023 22:00,7.34
11/19/2023 22:15,7.38
11/19/2023 22:30,7.42
11/19/2023 22:45,7.34
11/19/2023 23:00,7.29
11/19/2023 23:15,7.21
11/19/2023 23:30,7.23
11/19/2023 23:45,7.23
11/20/2023 0:00,7.16
11/20/2023 0:15,7.07
11/20/2023 0:30,7.05
11/20/2023 0:45,7.06
11/20/2023 1:00,6.99
11/20/2023 1:15,7.03
11/20/2023 1:30,6.981
11/20/2023 1:45,6.943
11/20/2023 2:00,6.934
11/20/2023 2:15,6.897
11/20/2023 2:30,6.801
11/20/2023 2:45,6.801
11/20/2023 3:00,6.82
11/20/2023 3:15,6.83
11/20/2023 3:30,6.715
11/20/2023 3:45,6.649
11/20/2023 4:00,6.649
11/20/2023 4:15,6.639
11/20/2023 4:30,6.582
11/20/2023 4:45,6.543
11/20/2023 5:00,6.581
11/20/2023 5:15,6.562
11/20/2023 5:30,6.562
11/20/2023 5:45,6.581
11/20/2023 6:00,6.486
11/20/2023 6:15,6.419
11/20/2023 6:30,6.438
11/20/2023 6:45,6.552
11/20/2023 7:00,6.599
11/20/2023 7:15,6.627
11/20/2023 7:30,6.531
11/20/2023 7:45,6.522
11/20/2023 8:00,6.445
11/20/2023 8:15,6.474
11/20/2023 8:30,6.483
11/20/2023 8:45,6.472
11/20/2023 9:00,6.462
11/20/2023 9:15,6.481
11/20/2023 9:30,6.498
11/20/2023 9:45,6.554
11/20/2023 10:00,6.58
11/20/2023 10:15,6.621
11/20/2023 10:30,6.702
11/20/2023 10:45,6.739
11/20/2023 11:00,6.785
11/20/2023 11:15,6.747
11/20/2023 11:30,6.783
11/20/2023 11:45,6.81
11/20/2023 12:00,6.789
11/20/2023 12:15,6.799
11/20/2023 12:30,6.855
11/20/2023 12:45,6.892
11/20/2023 13:00,6.873
11/20/2023 13:15,6.863
11/20/2023 13:30,6.902
11/20/2023 13:45,6.996
11/20/2023 14:00,7.01
11/20/2023 14:15,6.978
11/20/2023 14:30,6.921
11/20/2023 14:45,6.884
11/20/2023 15:00,6.848
11/20/2023 15:15,6.804
11/20/2023 15:30,6.74
11/20/2023 15:45,6.638
11/20/2023 16:00,6.524
11/20/2023 16:15,6.346
11/20/2023 16:30,6.168
11/20/2023 16:45,6.049
11/20/2023 17:00,5.975
11/20/2023 17:15,5.891
11/20/2023 17:30,5.883
11/20/2023 17:45,5.884
11/20/2023 18:00,5.875
11/20/2023 18:15,5.837
11/20/2023 18:30,5.866
11/20/2023 18:45,5.828
11/20/2023 19:00,5.771
11/20/2023 19:15,5.733
11/20/2023 19:30,5.771
11/20/2023 19:45,5.771
11/20/2023 20:00,5.77
11/20/2023 20:15,5.808
11/20/2023 20:30,5.827
11/20/2023 20:45,5.836
11/20/2023 21:00,5.827
11/20/2023 21:15,5.76
11/20/2023 21:30,5.76
11/20/2023 21:45,5.731
11/20/2023 22:00,5.722
11/20/2023 22:15,5.655
11/20/2023 22:30,5.617
11/20/2023 22:45,5.645
11/20/2023 23:00,5.721
11/20/2023 23:15,5.636
11/20/2023 23:30,5.57
11/20/2023 23:45,5.626
11/21/2023 0:00,5.607
11/21/2023 0:15,5.56
11/21/2023 0:30,5.466
11/21/2023 0:45,5.399
11/21/2023 1:00,5.371
11/21/2023 1:15,5.456
11/21/2023 1:30,5.484
11/21/2023 1:45,5.475
11/21/2023 2:00,5.456
11/21/2023 2:15,5.437
11/21/2023 2:30,5.371
11/21/2023 2:45,5.315
11/21/2023 3:00,5.305
11/21/2023 3:15,5.296
11/21/2023 3:30,5.315
11/21/2023 3:45,5.324
11/21/2023 4:00,5.305
11/21/2023 4:15,5.343
11/21/2023 4:30,5.4
11/21/2023 4:45,5.371
11/21/2023 5:00,5.324
11/21/2023 5:15,5.324
11/21/2023 5:30,5.362
11/21/2023 5:45,5.343
11/21/2023 6:00,5.296
11/21/2023 6:15,5.23
11/21/2023 6:30,5.239
11/21/2023 6:45,5.249
11/21/2023 7:00,5.145
11/21/2023 7:15,5.173
11/21/2023 7:30,5.154
11/21/2023 7:45,5.163
11/21/2023 8:00,5.266
11/21/2023 8:15,5.37
11/21/2023 8:30,5.369
11/21/2023 8:45,5.293
11/21/2023 9:00,5.217
11/21/2023 9:15,5.236
11/21/2023 9:30,5.283
11/21/2023 9:45,5.377
11/21/2023 10:00,5.547
11/21/2023 10:15,5.603
11/21/2023 10:30,5.711
11/21/2023 10:45,5.793
11/21/2023 11:00,5.867
11/21/2023 11:15,5.934
11/21/2023 11:30,5.943
11/21/2023 11:45,6.056
11/21/2023 12:00,6.133
11/21/2023 12:15,6.132
11/21/2023 12:30,6.284
11/21/2023 12:45,6.282
11/21/2023 13:00,6.377
11/21/2023 13:15,6.451
11/21/2023 13:30,6.46
11/21/2023 13:45,6.469
11/21/2023 14:00,6.467
11/21/2023 14:15,6.392
11/21/2023 14:30,6.439
11/21/2023 14:45,6.401
11/21/2023 15:00,6.364
11/21/2023 15:15,6.288
11/21/2023 15:30,6.174
11/21/2023 15:45,6.033
11/21/2023 16:00,5.883
11/21/2023 16:15,5.793
11/21/2023 16:30,5.674
11/21/2023 16:45,5.649
11/21/2023 17:00,5.547
11/21/2023 17:15,5.416
11/21/2023 17:30,5.341
11/21/2023 17:45,5.294
11/21/2023 18:00,5.2
11/21/2023 18:15,5.209
11/21/2023 18:30,5.105
11/21/2023 18:45,5.021
11/21/2023 19:00,4.945
11/21/2023 19:15,4.832
11/21/2023 19:30,4.7
11/21/2023 19:45,4.587
11/21/2023 20:00,4.483
11/21/2023 20:15,4.407
11/21/2023 20:30,4.314
11/21/2023 20:45,4.276
11/21/2023 21:00,4.379
11/21/2023 21:15,4.426
11/21/2023 21:30,4.426
11/21/2023 21:45,4.426
11/21/2023 22:00,4.463
11/21/2023 22:15,4.501
11/21/2023 22:30,4.529
11/21/2023 22:45,4.509
11/21/2023 23:00,4.556
11/21/2023 23:15,4.584
11/21/2023 23:30,4.622
11/21/2023 23:45,4.631
11/22/2023 0:00,4.612
11/22/2023 0:15,4.603
11/22/2023 0:30,4.631
11/22/2023 0:45,4.622
11/22/2023 1:00,4.631
11/22/2023 1:15,4.65
11/22/2023 1:30,4.641
11/22/2023 1:45,4.659
11/22/2023 2:00,4.669
11/22/2023 2:15,4.687
11/22/2023 2:30,4.687
11/22/2023 2:45,4.707
11/22/2023 3:00,4.716
11/22/2023 3:15,4.706
11/22/2023 3:30,4.753
11/22/2023 3:45,4.735
11/22/2023 4:00,4.782
11/22/2023 4:15,4.773
11/22/2023 4:30,4.801
11/22/2023 4:45,4.82
11/22/2023 5:00,4.811
11/22/2023 5:15,4.783
11/22/2023 5:30,4.736
11/22/2023 5:45,4.717
11/22/2023 6:00,4.773
11/22/2023 6:15,4.783
11/22/2023 6:30,4.802
11/22/2023 6:45,4.821
11/22/2023 7:00,4.802
11/22/2023 7:15,4.84
11/22/2023 7:30,4.821
11/22/2023 7:45,4.877
11/22/2023 8:00,4.943
11/22/2023 8:15,4.99
11/22/2023 8:30,5.057
11/22/2023 8:45,5.113
11/22/2023 9:00,5.189
11/22/2023 9:15,5.246
11/22/2023 9:30,5.263
11/22/2023 9:45,5.283
11/22/2023 10:00,5.292
11/22/2023 10:15,5.33
11/22/2023 10:30,5.349
11/22/2023 10:45,5.377
11/22/2023 11:00,5.406
11/22/2023 11:15,5.434
11/22/2023 11:30,5.282
11/22/2023 11:45,5.252
11/22/2023 12:00,5.3
11/22/2023 12:15,5.375
11/22/2023 12:30,5.395
11/22/2023 12:45,5.376
11/22/2023 13:00,5.442
11/22/2023 13:15,5.49
11/22/2023 13:30,5.49
11/22/2023 13:45,5.5
11/22/2023 14:00,5.481
11/22/2023 14:15,5.49
11/22/2023 14:30,5.509
11/22/2023 14:45,5.51
11/22/2023 15:00,5.567
11/22/2023 15:15,5.604
11/22/2023 15:30,5.642
11/22/2023 15:45,5.661
11/22/2023 16:00,5.68
11/22/2023 16:15,5.642
11/22/2023 16:30,5.652
11/22/2023 16:45,5.642
11/22/2023 17:00,5.632
11/22/2023 17:15,5.576
11/22/2023 17:30,5.576
11/22/2023 17:45,5.614
11/22/2023 18:00,5.633
11/22/2023 18:15,5.614
11/22/2023 18:30,5.595
11/22/2023 18:45,5.548
11/22/2023 19:00,5.501
11/22/2023 19:15,5.482
11/22/2023 19:30,5.501
11/22/2023 19:45,5.482
11/22/2023 20:00,5.435
11/22/2023 20:15,5.482
11/22/2023 20:30,5.482
11/22/2023 20:35,5.511
11/22/2023 20:45,5.51
11/22/2023 21:00,5.52
11/22/2023 21:15,5.52
11/22/2023 21:30,5.406
11/22/2023 21:45,5.322
11/22/2023 22:00,5.133
11/22/2023 22:15,5.086
11/22/2023 22:30,5.077
11/22/2023 22:45,5.096
11/22/2023 23:00,5.134
11/22/2023 23:15,5.181
11/22/2023 23:30,5.162
11/22/2023 23:45,5.2
11/23/2023 0:00,5.19
11/23/2023 0:15,5.105
11/23/2023 0:30,5.086
11/23/2023 0:45,5.096
11/23/2023 1:00,5.115
11/23/2023 1:15,5.095
11/23/2023 1:30,5.057
11/23/2023 1:45,5.039
11/23/2023 2:00,5.039
11/23/2023 2:15,5.087
11/23/2023 2:30,5.058
11/23/2023 2:45,5.021
11/23/2023 3:00,5.002
11/23/2023 3:15,4.926
11/23/2023 3:30,4.926
11/23/2023 3:45,4.879
11/23/2023 4:00,4.785
11/23/2023 4:15,4.691
11/23/2023 4:30,4.559
11/23/2023 4:45,4.521
11/23/2023 5:00,4.55
11/23/2023 5:15,4.569
11/23/2023 5:30,4.55
11/23/2023 5:45,4.503
11/23/2023 6:00,4.484
11/23/2023 6:15,4.418
11/23/2023 6:30,4.399
11/23/2023 6:45,4.39
11/23/2023 7:00,4.107
11/23/2023 7:15,4.182
11/23/2023 7:30,4.258
11/23/2023 7:45,4.192
11/23/2023 8:00,4.258
11/23/2023 8:15,4.343
11/23/2023 8:30,4.4
11/23/2023 8:45,4.456
11/23/2023 9:00,4.493
11/23/2023 9:15,4.493
11/23/2023 9:30,4.484
11/23/2023 9:45,4.493
11/23/2023 10:00,4.568
11/23/2023 10:15,4.624
11/23/2023 10:30,4.615
11/23/2023 10:45,4.558
11/23/2023 11:00,4.557
11/23/2023 11:15,4.538
11/23/2023 11:30,4.548
11/23/2023 11:45,4.632
11/23/2023 12:00,4.67
11/23/2023 12:15,4.679
11/23/2023 12:30,4.631
11/23/2023 12:45,4.509
11/23/2023 13:00,4.528
11/23/2023 13:15,4.368
11/23/2023 13:30,4.189
11/23/2023 13:45,4.104
11/23/2023 14:00,4.208
11/23/2023 14:15,4.123
11/23/2023 14:30,4.246
11/23/2023 14:45,4.18
11/23/2023 15:00,4.124
11/23/2023 15:15,3.973
11/23/2023 15:30,4.011
11/23/2023 15:45,3.992
11/23/2023 16:00,3.851
11/23/2023 16:15,4.011
11/23/2023 16:30,4.096
11/23/2023 16:45,4.088
11/23/2023 17:00,3.928
11/23/2023 17:15,4.012
11/23/2023 17:30,4.059
11/23/2023 17:45,3.984
11/23/2023 18:00,4.013
11/23/2023 18:15,3.975
11/23/2023 18:30,3.938
11/23/2023 18:45,3.854
11/23/2023 19:00,3.76
11/23/2023 19:15,3.675
11/23/2023 19:30,3.601
11/23/2023 19:45,3.517
11/23/2023 20:00,3.516
11/23/2023 20:15,3.432
11/23/2023 20:30,3.432
11/23/2023 20:45,3.385
11/23/2023 21:00,3.404
11/23/2023 21:15,3.338
11/23/2023 21:30,3.356
11/23/2023 21:45,3.338
11/23/2023 22:00,3.3
11/23/2023 22:15,3.282
11/23/2023 22:30,3.188
11/23/2023 22:45,3.179
11/23/2023 23:00,2.982
11/23/2023 23:15,3.029
11/23/2023 23:30,3.02
11/23/2023 23:45,2.992
11/24/2023 0:00,2.87
11/24/2023 0:15,2.851
11/24/2023 0:30,2.832
11/24/2023 0:45,2.682
11/24/2023 1:00,2.617
11/24/2023 1:15,2.477
11/24/2023 1:30,2.42
11/24/2023 1:45,2.439
11/24/2023 2:00,2.383
11/24/2023 2:15,2.346
11/24/2023 2:30,2.309
11/24/2023 2:45,2.271
11/24/2023 3:00,2.318
11/24/2023 3:15,2.308
11/24/2023 3:30,2.309
11/24/2023 3:45,2.224
11/24/2023 4:00,2.121
11/24/2023 4:15,2.074
11/24/2023 4:30,2.038
11/24/2023 4:45,2.019
11/24/2023 5:00,2.132
11/24/2023 5:15,2.084
11/24/2023 5:30,1.962
11/24/2023 5:45,1.7
11/24/2023 6:00,1.588
11/24/2023 6:15,1.466
11/24/2023 6:30,1.384
11/24/2023 6:45,1.349
11/24/2023 7:00,1.237
11/24/2023 7:15,1.237
11/24/2023 7:30,1.38
11/24/2023 7:45,1.467
11/24/2023 8:00,1.639
11/24/2023 8:15,1.793
11/24/2023 8:30,1.876
11/24/2023 8:45,1.903
11/24/2023 9:00,1.959
11/24/2023 9:15,2.062
11/24/2023 9:30,2.164
11/24/2023 9:45,2.265
11/24/2023 10:00,2.385
11/24/2023 10:15,2.467
11/24/2023 10:30,2.554
11/24/2023 10:45,2.635
11/24/2023 11:00,2.697
11/24/2023 11:15,2.77
11/24/2023 11:30,2.825
11/24/2023 11:45,2.843
11/24/2023 12:00,2.861
11/24/2023 12:15,2.946
11/24/2023 12:30,2.965
11/24/2023 12:45,2.874
11/24/2023 13:00,2.817
11/24/2023 13:15,2.799
11/24/2023 13:30,2.661
11/24/2023 13:45,2.587
11/24/2023 14:00,2.569
11/24/2023 14:15,2.467
11/24/2023 14:30,2.224
11/24/2023 14:45,2.149
11/24/2023 15:00,1.947
11/24/2023 15:15,1.697
11/24/2023 15:30,1.362
11/24/2023 15:45,1.533
11/24/2023 16:00,1.656
11/24/2023 16:15,1.853
11/24/2023 16:30,1.807
11/24/2023 16:45,1.967
11/24/2023 17:00,2.024
11/24/2023 17:15,2.033
11/24/2023 17:30,2.034
11/24/2023 17:45,2.108
11/24/2023 18:00,2.043
11/24/2023 18:15,2.043
11/24/2023 18:30,2.052
11/24/2023 18:45,2.081
11/24/2023 19:00,2.128
11/24/2023 19:15,2.109
11/24/2023 19:30,2.118
11/24/2023 19:45,2.015
11/24/2023 20:00,2.071
11/24/2023 20:15,2.025
11/24/2023 20:30,1.997
11/24/2023 20:45,2.062
11/24/2023 21:00,2.016
11/24/2023 21:15,2.081
11/24/2023 21:30,2.091
11/24/2023 21:45,2.035
11/24/2023 22:00,2.006
11/24/2023 22:15,2.016
11/24/2023 22:30,2.044
11/24/2023 22:45,2.054
11/24/2023 23:00,2.035
11/24/2023 23:15,2.044
11/24/2023 23:30,2.025
11/24/2023 23:45,1.988
11/25/2023 0:00,2.035
11/25/2023 0:15,1.997
11/25/2023 0:30,1.922
11/25/2023 0:45,1.885
11/25/2023 1:00,1.8
11/25/2023 1:15,1.716
11/25/2023 1:30,1.632
11/25/2023 1:45,1.604
11/25/2023 2:00,1.519
11/25/2023 2:15,1.52
11/25/2023 2:30,1.463
11/25/2023 2:45,1.426
11/25/2023 3:00,1.379
11/25/2023 3:15,1.342
11/25/2023 3:30,1.295
11/25/2023 3:45,1.267
11/25/2023 4:00,1.192
11/25/2023 4:15,1.117
11/25/2023 4:30,1.014
11/25/2023 4:45,0.968
11/25/2023 5:00,0.893
11/25/2023 5:15,0.884
11/25/2023 5:30,0.94
11/25/2023 5:45,0.996
11/25/2023 5:47,1.005
11/25/2023 6:00,1.062
11/25/2023 6:15,1.108
11/25/2023 6:30,1.136
11/25/2023 6:45,1.155
11/25/2023 7:00,1.192
11/25/2023 7:15,1.201
11/25/2023 7:30,1.164
11/25/2023 7:45,1.211
11/25/2023 8:00,1.201
11/25/2023 8:15,1.173
11/25/2023 8:30,1.229
11/25/2023 8:45,1.285
11/25/2023 9:00,1.341
11/25/2023 9:15,1.463
11/25/2023 9:30,1.603
11/25/2023 9:45,1.706
11/25/2023 10:00,1.734
11/25/2023 10:15,1.734
11/25/2023 10:30,1.78
11/25/2023 10:45,1.901
11/25/2023 11:00,2.033
11/25/2023 11:15,2.023
11/25/2023 11:30,2.06
11/25/2023 11:45,1.994
11/25/2023 12:00,2.013
11/25/2023 12:15,2.134
11/25/2023 12:30,2.256
11/25/2023 12:45,2.359
11/25/2023 13:00,2.367
11/25/2023 13:15,2.403
11/25/2023 13:30,2.382
11/25/2023 13:45,2.372
11/25/2023 14:00,2.277
11/25/2023 14:15,2.276
11/25/2023 14:30,2.258
11/25/2023 14:45,2.238
11/25/2023 15:00,2.192
11/25/2023 15:15,2.145
11/25/2023 15:30,2.099
11/25/2023 15:45,2.064
11/25/2023 16:00,2.019
11/25/2023 16:15,1.973
11/25/2023 16:30,1.938
11/25/2023 16:45,1.845
11/25/2023 17:00,1.762
11/25/2023 17:15,1.688
11/25/2023 17:30,1.651
11/25/2023 17:45,1.614
11/25/2023 18:00,1.624
11/25/2023 18:15,1.596
11/25/2023 18:30,1.391
11/25/2023 18:45,1.281
11/25/2023 19:00,1.233
11/25/2023 19:15,1.113
11/25/2023 19:30,1.038
11/25/2023 19:45,0.89
11/25/2023 20:00,0.836
11/25/2023 20:15,0.67
11/25/2023 20:30,0.559
11/25/2023 20:45,0.398
11/25/2023 21:00,0.315
11/25/2023 21:15,0.288
11/25/2023 21:30,0.233
11/25/2023 21:45,0.13
11/25/2023 22:00,0.111
11/25/2023 22:15,0.102
11/25/2023 22:30,-0.02
11/25/2023 22:45,-0.048
11/25/2023 23:00,0.009
11/25/2023 23:15,-0.048
11/25/2023 23:30,-0.151
11/25/2023 23:45,-0.235
11/26/2023 0:00,-0.253
11/26/2023 0:15,-0.384
11/26/2023 0:30,-0.431
11/26/2023 0:45,-0.468
11/26/2023 1:00,-0.525
11/26/2023 1:15,-0.674
11/26/2023 1:30,-0.477
11/26/2023 1:45,-0.599
11/26/2023 2:00,-0.665
11/26/2023 2:15,-0.758
11/26/2023 2:30,-0.768
11/26/2023 2:45,-0.768
11/26/2023 3:00,-0.786
11/26/2023 3:15,-0.833
11/26/2023 3:30,-0.927
11/26/2023 3:45,-1.011
11/26/2023 4:00,-0.955
11/26/2023 4:15,-1.03
11/26/2023 4:30,-1.095
11/26/2023 4:45,-0.898
11/26/2023 5:00,-0.617
11/26/2023 5:15,-0.28
11/26/2023 5:30,-0.131
11/26/2023 5:45,-0.012
11/26/2023 6:00,0.069
11/26/2023 6:15,0.169
11/26/2023 6:30,0.259
11/26/2023 6:45,0.361
11/26/2023 7:00,0.426
11/26/2023 7:15,0.472
11/26/2023 7:30,0.482
11/26/2023 7:45,0.434
11/26/2023 8:00,0.416
11/26/2023 8:15,0.416
11/26/2023 8:30,0.416
11/26/2023 8:45,0.509
11/26/2023 9:00,0.64
11/26/2023 9:15,0.705
11/26/2023 9:30,0.78
11/26/2023 9:45,0.892
11/26/2023 10:00,0.938
11/26/2023 10:15,0.976
11/26/2023 10:30,1.088
11/26/2023 10:45,1.107
11/26/2023 11:00,1.088
11/26/2023 11:15,1.116
11/26/2023 11:30,1.191
11/26/2023 11:45,1.2
11/26/2023 12:00,1.266
11/26/2023 12:15,1.359
11/26/2023 12:30,1.387
11/26/2023 12:45,1.47
11/26/2023 13:00,1.545
11/26/2023 13:15,1.563
11/26/2023 13:30,1.563
11/26/2023 13:45,1.563
11/26/2023 14:00,1.572
11/26/2023 14:15,1.525
11/26/2023 14:30,1.507
11/26/2023 14:45,1.535
11/26/2023 15:00,1.498
11/26/2023 15:15,1.508
11/26/2023 15:30,1.518
11/26/2023 15:45,1.508
11/26/2023 16:00,1.518
11/26/2023 16:15,1.528
11/26/2023 16:30,1.556
11/26/2023 16:45,1.556
11/26/2023 17:00,1.509
11/26/2023 17:15,1.481
11/26/2023 17:30,1.528
11/26/2023 17:45,1.5
11/26/2023 18:00,1.5
11/26/2023 18:15,1.435
11/26/2023 18:30,1.434
11/26/2023 18:45,1.397
11/26/2023 19:00,1.332
11/26/2023 19:15,1.341
11/26/2023 19:30,1.378
11/26/2023 19:45,1.407
11/26/2023 20:00,1.36
11/26/2023 20:15,1.341
11/26/2023 20:30,1.2
11/26/2023 20:45,1.117
11/26/2023 21:00,0.901
11/26/2023 21:15,0.705
11/26/2023 21:30,0.528
11/26/2023 21:45,0.426
11/26/2023 22:00,0.323
11/26/2023 22:15,0.232
11/26/2023 22:30,0.116
11/26/2023 22:45,-0.07
11/26/2023 23:00,0.035
11/26/2023 23:15,0.055
11/26/2023 23:30,0.026
11/26/2023 23:45,0.08
11/27/2023 0:00,0.164
11/27/2023 0:15,0.19
11/27/2023 0:30,0.215
11/27/2023 0:45,0.241
11/27/2023 1:00,0.231
11/27/2023 1:15,0.23
11/27/2023 1:30,0.22
11/27/2023 1:45,0.201
11/27/2023 2:00,0.173
11/27/2023 2:15,0.229
11/27/2023 2:30,0.248
11/27/2023 2:45,0.191
11/27/2023 3:00,0.163
11/27/2023 3:15,0.154
11/27/2023 3:30,0.163
11/27/2023 3:45,0.172
11/27/2023 4:00,0.172
11/27/2023 4:15,0.201
11/27/2023 4:30,0.201
11/27/2023 4:45,0.192
11/27/2023 5:00,0.191
11/27/2023 5:15,0.182
11/27/2023 5:30,0.173
11/27/2023 5:45,0.164
11/27/2023 6:00,0.135
11/27/2023 6:15,0.126
11/27/2023 6:30,0.126
11/27/2023 6:45,0.145
11/27/2023 7:00,0.145
11/27/2023 7:15,0.145
11/27/2023 7:30,0.145
11/27/2023 7:45,0.173
11/27/2023 8:00,0.229
11/27/2023 8:15,0.294
11/27/2023 8:30,0.377
11/27/2023 8:45,0.461
11/27/2023 9:00,0.555
11/27/2023 9:15,0.685
11/27/2023 9:30,0.825
11/27/2023 9:45,0.955
11/27/2023 10:00,1.103
11/27/2023 10:15,1.233
11/27/2023 10:30,1.345
11/27/2023 10:45,1.455
11/27/2023 11:00,1.564
11/27/2023 11:15,1.656
11/27/2023 11:30,1.767
11/27/2023 11:45,1.841
11/27/2023 12:00,1.944
11/27/2023 12:15,2.019
11/27/2023 12:30,2.075
11/27/2023 12:45,2.157
11/27/2023 13:00,2.212
11/27/2023 13:15,2.284
11/27/2023 13:30,2.34
11/27/2023 13:45,2.386
11/27/2023 14:00,2.386
11/27/2023 14:15,2.35
11/27/2023 14:30,2.36
11/27/2023 14:45,2.324
11/27/2023 15:00,2.285
11/27/2023 15:15,2.256
11/27/2023 15:30,2.218
11/27/2023 15:45,2.118
11/27/2023 16:00,2.047
11/27/2023 16:15,1.901
11/27/2023 16:30,1.83
11/27/2023 16:45,1.738
11/27/2023 17:00,1.599
11/27/2023 17:15,1.536
11/27/2023 17:30,1.359
11/27/2023 17:45,1.267
11/27/2023 18:00,1.127
11/27/2023 18:15,1.08
11/27/2023 18:30,0.959
11/27/2023 18:45,0.866
11/27/2023 19:00,0.914
11/27/2023 19:15,0.858
11/27/2023 19:30,0.831
11/27/2023 19:45,0.812
11/27/2023 20:00,0.719
11/27/2023 20:15,0.503
11/27/2023 20:30,0.41
11/27/2023 20:45,0.456
11/27/2023 21:00,0.477
11/27/2023 21:15,0.522
11/27/2023 21:30,0.514
11/27/2023 21:45,0.523
11/27/2023 22:00,0.531
11/27/2023 22:15,0.475
11/27/2023 22:30,0.428
11/27/2023 22:45,0.446
11/27/2023 23:00,0.372
11/27/2023 23:15,0.362
11/27/2023 23:30,0.336
11/27/2023 23:45,0.335
11/28/2023 0:00,0.298
11/28/2023 0:15,0.194
11/28/2023 0:30,0.261
11/28/2023 0:45,0.25
11/28/2023 1:00,0.148
11/28/2023 1:15,0.148
11/28/2023 1:30,0.131
11/28/2023 1:45,0.114
11/28/2023 2:00,0.031
11/28/2023 2:15,-0.033
11/28/2023 2:30,-0.043
11/28/2023 2:45,-0.063
11/28/2023 3:00,-0.033
11/28/2023 3:15,0.055
11/28/2023 3:30,0.1
11/28/2023 3:45,0.099
11/28/2023 4:00,0.127
11/28/2023 4:15,0.117
11/28/2023 4:30,0.154
11/28/2023 4:45,0.135
11/28/2023 5:00,0.145
11/28/2023 5:15,0.154
11/28/2023 5:30,0.182
11/28/2023 5:45,0.126
11/28/2023 6:00,0.061
11/28/2023 6:15,0.032
11/28/2023 6:30,-0.015
11/28/2023 6:45,-0.043
11/28/2023 7:00,-0.043
11/28/2023 7:15,-0.014
11/28/2023 7:30,-0.005
11/28/2023 7:45,0.023
11/28/2023 8:00,0.097
11/28/2023 8:15,0.2
11/28/2023 8:30,0.312
11/28/2023 8:45,0.414
11/28/2023 9:00,0.536
11/28/2023 9:15,0.704
11/28/2023 9:30,0.862
11/28/2023 9:45,1.001
11/28/2023 10:00,1.131
11/28/2023 10:15,1.221
11/28/2023 10:30,1.339
11/28/2023 10:45,1.44
11/28/2023 11:00,1.539
11/28/2023 11:15,1.622
11/28/2023 11:30,1.715
11/28/2023 11:45,1.76
11/28/2023 12:00,1.815
11/28/2023 12:15,1.87
11/28/2023 12:30,1.898
11/28/2023 12:45,1.955
11/28/2023 13:00,2.001
11/28/2023 13:15,2.075
11/28/2023 13:30,2.093
11/28/2023 13:45,1.784
11/28/2023 14:00,1.421
11/28/2023 14:15,1.16
11/28/2023 14:30,0.985
11/28/2023 14:45,0.945
11/28/2023 15:00,1.109
11/28/2023 15:15,1.111
11/28/2023 15:30,1.094
11/28/2023 15:45,1.114
11/28/2023 16:00,1.115
11/28/2023 16:15,1.059
11/28/2023 16:30,0.92
11/28/2023 16:45,0.929
11/28/2023 17:00,0.986
11/28/2023 17:15,1.06
11/28/2023 17:30,1.023
11/28/2023 17:45,0.986
11/28/2023 18:00,0.939
11/28/2023 18:15,0.902
11/28/2023 18:30,0.939
11/28/2023 18:45,0.883
11/28/2023 19:00,0.846
11/28/2023 19:15,0.818
11/28/2023 19:30,0.706
11/28/2023 19:45,0.724
11/28/2023 20:00,0.734
11/28/2023 20:15,0.799
11/28/2023 20:30,0.687
11/28/2023 20:45,0.631
11/28/2023 21:00,0.594
11/28/2023 21:15,0.603
11/28/2023 21:30,0.519
11/28/2023 21:45,0.519
11/28/2023 22:00,0.51
11/28/2023 22:15,0.444
11/28/2023 22:30,0.435
11/28/2023 22:45,0.397
11/28/2023 23:00,0.444
11/28/2023 23:15,0.454
11/28/2023 23:30,0.463
11/28/2023 23:45,0.519
11/29/2023 0:00,0.519
11/29/2023 0:15,0.276
11/29/2023 0:30,0.201
11/29/2023 0:45,0.229
11/29/2023 1:00,0.351
11/29/2023 1:15,0.061
11/29/2023 1:30,-0.192
11/29/2023 1:45,-0.173
11/29/2023 2:00,-0.22
11/29/2023 2:15,-0.154
11/29/2023 2:30,-0.098
11/29/2023 2:45,-0.089
11/29/2023 3:00,-0.117
11/29/2023 3:15,0.006
11/29/2023 3:30,0.033
11/29/2023 3:45,-0.079
11/29/2023 4:00,-0.126
11/29/2023 4:15,-0.229
11/29/2023 4:30,-0.229
11/29/2023 4:45,-0.106
11/29/2023 5:00,-0.087
11/29/2023 5:15,-0.022
11/29/2023 5:30,0.005
11/29/2023 5:45,-0.21
11/29/2023 6:00,-0.183
11/29/2023 6:15,-0.145
11/29/2023 6:30,-0.117
11/29/2023 6:45,-0.136
11/29/2023 7:00,-0.07
11/29/2023 7:15,-0.051
11/29/2023 7:30,-0.051
11/29/2023 7:45,-0.061
11/29/2023 8:00,-0.07
11/29/2023 8:15,0.08
11/29/2023 8:30,0.07
11/29/2023 8:45,0.051
11/29/2023 9:00,0.06
11/29/2023 9:15,0.061
11/29/2023 9:30,0.07
11/29/2023 9:45,0.042
11/29/2023 10:00,0.051
11/29/2023 10:15,0.098
11/29/2023 10:30,0.145
11/29/2023 10:45,0.116
11/29/2023 11:00,0.069
11/29/2023 11:15,0.05
11/29/2023 11:30,0.06
11/29/2023 11:45,-0.109
11/29/2023 12:00,-0.24
11/29/2023 12:15,-0.09
11/29/2023 12:30,-0.118
11/29/2023 12:45,-0.006
11/29/2023 13:00,0.088
11/29/2023 13:15,0.144
11/29/2023 13:30,0.237
11/29/2023 13:45,0.265
11/29/2023 14:00,0.218
11/29/2023 14:15,0.237
11/29/2023 14:30,0.312
11/29/2023 14:45,0.331
11/29/2023 15:00,0.321
11/29/2023 15:15,0.34
11/29/2023 15:30,0.387
11/29/2023 15:45,0.369
11/29/2023 16:00,0.341
11/29/2023 16:15,0.322
11/29/2023 16:30,0.304
11/29/2023 16:45,0.322
11/29/2023 17:00,0.22
11/29/2023 17:15,0.22
11/29/2023 17:30,0.192
11/29/2023 17:45,0.192
11/29/2023 18:00,0.22
11/29/2023 18:15,0.22
11/29/2023 18:30,0.248
11/29/2023 18:45,0.229
11/29/2023 19:00,0.257
11/29/2023 19:15,0.276
11/29/2023 19:30,0.286
11/29/2023 19:45,0.323
11/29/2023 20:00,0.286
11/29/2023 20:15,0.286
11/29/2023 20:30,0.285
11/29/2023 20:45,0.305
11/29/2023 21:00,0.286
11/29/2023 21:15,0.333
11/29/2023 21:30,0.314
11/29/2023 21:45,0.361
11/29/2023 22:00,0.314
11/29/2023 22:15,0.183
11/29/2023 22:30,0.145
11/29/2023 22:45,0.136
11/29/2023 23:00,0.154
11/29/2023 23:15,0.201
11/29/2023 23:30,0.313
11/29/2023 23:45,0.36
11/30/2023 0:00,0.407
11/30/2023 0:15,0.435
11/30/2023 0:30,0.444
11/30/2023 0:45,0.435
11/30/2023 1:00,0.454
11/30/2023 1:15,0.397
11/30/2023 1:30,0.397
11/30/2023 1:45,0.435
11/30/2023 2:00,0.341
11/30/2023 2:15,0.36
11/30/2023 2:30,0.369
11/30/2023 2:45,0.407
11/30/2023 3:00,0.407
11/30/2023 3:15,0.416
11/30/2023 3:30,0.472
11/30/2023 3:45,0.463
11/30/2023 4:00,0.444
11/30/2023 4:15,0.407
11/30/2023 4:30,0.444
11/30/2023 4:45,0.444
11/30/2023 5:00,0.472
11/30/2023 5:15,0.463
11/30/2023 5:30,0.472
11/30/2023 5:45,0.528
11/30/2023 6:00,0.509
11/30/2023 6:15,0.491
11/30/2023 6:30,0.491
11/30/2023 6:45,0.472
11/30/2023 7:00,0.538
11/30/2023 7:15,0.5
11/30/2023 7:30,0.566
11/30/2023 7:45,0.584
11/30/2023 8:00,0.575
11/30/2023 8:15,0.575
11/30/2023 8:30,0.528
11/30/2023 8:45,0.519
11/30/2023 9:00,0.565
11/30/2023 9:15,0.575
11/30/2023 9:30,0.519
11/30/2023 9:45,0.5
11/30/2023 10:00,0.49
11/30/2023 10:15,0.509
11/30/2023 10:30,0.565
11/30/2023 10:45,0.611
11/30/2023 11:00,0.639
11/30/2023 11:15,0.751
11/30/2023 11:30,0.733
11/30/2023 11:45,0.742
11/30/2023 12:00,0.76
11/30/2023 12:15,0.769
11/30/2023 12:30,0.844
11/30/2023 12:45,0.956
11/30/2023 13:00,1.003
11/30/2023 13:15,1.04
11/30/2023 13:30,1.031
11/30/2023 13:45,1.096
11/30/2023 14:00,1.096
11/30/2023 14:15,1.162
11/30/2023 14:30,1.171
11/30/2023 14:45,1.133
11/30/2023 15:00,1.153
11/30/2023 15:15,1.106
11/30/2023 15:30,1.078
11/30/2023 15:45,1.078
11/30/2023 16:00,1.06
11/30/2023 16:15,1.051
11/30/2023 16:30,1.041
11/30/2023 16:45,1.013
11/30/2023 17:00,0.976
11/30/2023 17:15,0.967
11/30/2023 17:30,0.976
11/30/2023 17:45,1.042
11/30/2023 18:00,1.013
11/30/2023 18:15,1.014
11/30/2023 18:30,1.023
11/30/2023 18:45,1.051
11/30/2023 19:00,1.014
11/30/2023 19:15,1.033
11/30/2023 19:30,1.08
11/30/2023 19:45,1.117
11/30/2023 20:00,1.107
11/30/2023 20:15,1.173
11/30/2023 20:30,1.164
11/30/2023 20:45,1.108
11/30/2023 21:00,1.033
11/30/2023 21:15,1.042
11/30/2023 21:30,0.995
11/30/2023 21:45,0.902
11/30/2023 22:00,0.893
11/30/2023 22:15,0.874
11/30/2023 22:30,0.864
11/30/2023 22:45,0.949
11/30/2023 23:00,1.052
11/30/2023 23:15,1.042
11/30/2023 23:30,1.061
11/30/2023 23:45,1.163
12/1/2023 0:00,1.238
12/1/2023 0:15,0.864
12/1/2023 0:30,0.03
12/1/2023 0:45,-0.204
12/1/2023 1:00,-0.298
12/1/2023 1:15,-0.316
12/1/2023 1:30,-0.072
12/1/2023 1:45,-0.044
12/1/2023 2:00,0.041
12/1/2023 2:15,0.041
12/1/2023 2:30,0.144
12/1/2023 2:45,0.247
12/1/2023 3:00,0.359
12/1/2023 3:15,0.528
12/1/2023 3:30,0.575
12/1/2023 3:45,0.537
12/1/2023 4:00,0.603
12/1/2023 4:15,0.678
12/1/2023 4:30,0.79
12/1/2023 4:45,0.856
12/1/2023 5:00,0.856
12/1/2023 5:15,0.902
12/1/2023 5:30,0.893
12/1/2023 5:45,0.79
12/1/2023 6:00,0.734
12/1/2023 6:15,0.631
12/1/2023 6:30,0.565
12/1/2023 6:45,0.481
12/1/2023 7:00,0.322
12/1/2023 7:15,0.201
12/1/2023 7:30,0.117
12/1/2023 7:45,0.07
12/1/2023 8:00,0.117
12/1/2023 8:15,0.238
12/1/2023 8:30,0.341
12/1/2023 8:45,0.434
12/1/2023 9:00,0.556
12/1/2023 9:15,0.696
12/1/2023 9:30,0.78
12/1/2023 9:45,0.892
12/1/2023 10:00,0.966
12/1/2023 10:15,1.116
12/1/2023 10:30,1.19
12/1/2023 10:45,1.311
12/1/2023 11:00,1.358
12/1/2023 11:15,1.414
12/1/2023 11:30,1.433
12/1/2023 11:45,1.451
12/1/2023 12:00,1.507
12/1/2023 12:15,1.563
12/1/2023 12:30,1.582
12/1/2023 12:45,1.61
12/1/2023 13:00,1.61
12/1/2023 13:15,1.695
12/1/2023 13:30,1.694
12/1/2023 13:45,1.666
12/1/2023 14:00,1.591
12/1/2023 14:15,1.273
12/1/2023 14:30,1.17
12/1/2023 14:45,1.132
12/1/2023 15:00,1.114
12/1/2023 15:15,1.029
12/1/2023 15:30,0.955
12/1/2023 15:45,0.973
12/1/2023 16:00,0.917
12/1/2023 16:15,0.758
12/1/2023 16:30,0.815
12/1/2023 16:45,0.749
12/1/2023 17:00,0.712
12/1/2023 17:15,0.712
12/1/2023 17:30,0.749
12/1/2023 17:45,0.74
12/1/2023 18:00,0.731
12/1/2023 18:15,0.665
12/1/2023 18:30,0.646
12/1/2023 18:45,0.646
12/1/2023 19:00,0.684
12/1/2023 19:15,0.796
12/1/2023 19:30,0.824
12/1/2023 19:45,0.834
12/1/2023 20:00,0.909
12/1/2023 20:15,1.021
12/1/2023 20:30,1.059
12/1/2023 20:45,1.124
12/1/2023 21:00,1.143
12/1/2023 21:15,1.161
12/1/2023 21:30,1.199
12/1/2023 21:45,1.189
12/1/2023 22:00,1.246
12/1/2023 22:15,1.217
12/1/2023 22:30,1.226
12/1/2023 22:45,1.254
12/1/2023 23:00,1.292
12/1/2023 23:15,1.442
12/1/2023 23:30,1.555
12/1/2023 23:45,1.582
12/2/2023 0:00,1.517
12/2/2023 0:15,1.545
12/2/2023 0:30,1.611
12/2/2023 0:45,1.742
12/2/2023 1:00,1.835
12/2/2023 1:15,1.844
12/2/2023 1:30,1.891
12/2/2023 1:45,1.967
12/2/2023 2:00,1.966
12/2/2023 2:15,1.995
12/2/2023 2:30,2.004
12/2/2023 2:45,1.985
12/2/2023 3:00,1.948
12/2/2023 3:15,1.929
12/2/2023 3:30,1.948
12/2/2023 3:45,2.042
12/2/2023 4:00,2.089
12/2/2023 4:15,2.126
12/2/2023 4:30,2.117
12/2/2023 4:45,2.117
12/2/2023 5:00,2.126
12/2/2023 5:15,2.144
12/2/2023 5:30,2.154
12/2/2023 5:45,2.164
12/2/2023 5:55,2.163
12/2/2023 6:00,2.163
12/2/2023 6:15,2.191
12/2/2023 6:30,2.247
12/2/2023 6:45,2.294
12/2/2023 7:00,2.304
12/2/2023 7:15,2.35
12/2/2023 7:30,2.35
12/2/2023 7:45,2.322
12/2/2023 8:00,2.294
12/2/2023 8:15,2.266
12/2/2023 8:30,2.257
12/2/2023 8:45,2.528
12/2/2023 9:00,3.12
12/2/2023 9:15,3.863
12/2/2023 9:30,4.579
12/2/2023 9:45,5.155
12/2/2023 10:00,5.77
12/2/2023 10:15,6.234
12/2/2023 10:30,6.491
12/2/2023 10:45,6.614
12/2/2023 11:00,6.605
12/2/2023 11:15,6.519
12/2/2023 11:30,6.566
12/2/2023 11:45,6.623
12/2/2023 12:00,6.651
12/2/2023 12:15,6.764
12/2/2023 12:30,6.821
12/2/2023 12:45,6.878
12/2/2023 12:59,6.839
12/2/2023 13:00,6.849
12/2/2023 13:15,6.925
12/2/2023 13:16,6.915
12/2/2023 13:30,7.02
12/2/2023 13:45,7.21
12/2/2023 14:00,7.18
12/2/2023 14:15,7.2
12/2/2023 14:23,7.26
12/2/2023 14:30,7.24
12/2/2023 14:45,7.28
12/2/2023 15:00,7.36
12/2/2023 15:15,7.43
12/2/2023 15:30,7.51
12/2/2023 15:45,7.66
12/2/2023 16:00,7.6
12/2/2023 16:15,7.57
12/2/2023 16:30,7.47
12/2/2023 16:45,7.44
12/2/2023 17:00,7.35
12/2/2023 17:15,7.3
12/2/2023 17:30,7.23
12/2/2023 17:45,7.22
12/2/2023 18:00,7.2
12/2/2023 18:15,7.19
12/2/2023 18:30,7.19
12/2/2023 18:45,7.19
12/2/2023 19:00,7.15
12/2/2023 19:15,7.13
12/2/2023 19:30,7.13
12/2/2023 19:45,7.15
12/2/2023 20:00,7.11
12/2/2023 20:15,7.08
12/2/2023 20:30,7.12
12/2/2023 20:45,7.11
12/2/2023 21:00,7.1
12/2/2023 21:15,7.07
12/2/2023 21:30,7.11
12/2/2023 21:45,7.18
12/2/2023 22:00,7.19
12/2/2023 22:15,7.2
12/2/2023 22:30,7.21
12/2/2023 22:45,7.29
12/2/2023 23:00,7.32
12/2/2023 23:15,7.24
12/2/2023 23:30,7.23
12/2/2023 23:45,7.14
12/3/2023 0:00,7.06
12/3/2023 0:15,7.09
12/3/2023 0:30,7.09
12/3/2023 0:45,7.11
12/3/2023 1:00,7.09
12/3/2023 1:15,7.02
12/3/2023 1:30,7.03
12/3/2023 1:45,7.1
12/3/2023 2:00,7.02
12/3/2023 2:15,6.962
12/3/2023 2:30,7.02
12/3/2023 2:45,6.972
12/3/2023 3:00,6.952
12/3/2023 3:15,6.991
12/3/2023 3:30,7.02
12/3/2023 3:45,7.01
12/3/2023 4:00,7.03
12/3/2023 4:15,7.09
12/3/2023 4:30,7.13
12/3/2023 4:45,7.11
12/3/2023 5:00,7.12
12/3/2023 5:15,7.16
12/3/2023 5:30,7.16
12/3/2023 5:45,7.13
12/3/2023 6:00,7.06
12/3/2023 6:15,7.06
12/3/2023 6:30,7.04
12/3/2023 6:45,7.04
12/3/2023 7:00,7.03
12/3/2023 7:15,7.03
12/3/2023 7:30,7.04
12/3/2023 7:45,7.08
12/3/2023 8:00,7.09
12/3/2023 8:15,7.13
12/3/2023 8:30,7.12
12/3/2023 8:45,7.12
12/3/2023 9:00,7.13
12/3/2023 9:15,7.13
12/3/2023 9:30,7.18
12/3/2023 9:45,7.19
12/3/2023 10:00,7.21
12/3/2023 10:15,7.19
12/3/2023 10:30,7.15
12/3/2023 10:45,7.12
12/3/2023 11:00,7.12
12/3/2023 11:15,7.09
12/3/2023 11:30,7.07
12/3/2023 11:45,7.07
12/3/2023 12:00,7.07
12/3/2023 12:15,7.05
12/3/2023 12:30,7.03
12/3/2023 12:45,7.06
12/3/2023 13:00,7.09
12/3/2023 13:15,7.1
12/3/2023 13:30,7.11
12/3/2023 13:45,7.14
12/3/2023 14:00,7.13
12/3/2023 14:15,7.14
12/3/2023 14:30,7.14
12/3/2023 14:45,7.16
12/3/2023 15:00,7.17
12/3/2023 15:15,7.18
12/3/2023 15:30,7.19
12/3/2023 15:45,7.21
12/3/2023 16:00,7.21
12/3/2023 16:15,7.27
12/3/2023 16:30,7.3
12/3/2023 16:45,7.37
12/3/2023 17:00,7.37
12/3/2023 17:15,7.35
12/3/2023 17:30,7.42
12/3/2023 17:45,7.46
12/3/2023 18:00,7.52
12/3/2023 18:15,7.6
12/3/2023 18:30,7.61
12/3/2023 18:45,7.6
12/3/2023 19:00,7.57
12/3/2023 19:15,7.62
12/3/2023 19:30,7.64
12/3/2023 19:45,7.64
12/3/2023 20:00,7.64
12/3/2023 20:15,7.65
12/3/2023 20:30,7.59
12/3/2023 20:45,7.6
12/3/2023 21:00,7.6
12/3/2023 21:15,7.58
12/3/2023 21:30,7.59
12/3/2023 21:45,7.62
12/3/2023 22:00,7.59
12/3/2023 22:15,7.57
12/3/2023 22:30,7.57
12/3/2023 22:45,7.56
12/3/2023 23:00,7.56
12/3/2023 23:15,7.57
12/3/2023 23:30,7.56
12/3/2023 23:45,7.56
12/4/2023 0:00,7.56
12/4/2023 0:15,7.6
12/4/2023 0:30,7.56
12/4/2023 0:45,7.6
12/4/2023 1:00,7.64
12/4/2023 1:15,7.64
12/4/2023 1:30,7.57
12/4/2023 1:45,7.53
12/4/2023 2:00,7.53
12/4/2023 2:15,7.53
12/4/2023 2:30,7.55
12/4/2023 2:45,7.54
12/4/2023 3:00,7.51
12/4/2023 3:15,7.5
12/4/2023 3:30,7.49
12/4/2023 3:45,7.44
12/4/2023 4:00,7.39
12/4/2023 4:15,7.35
12/4/2023 4:30,7.37
12/4/2023 4:45,7.41
12/4/2023 5:00,7.44
12/4/2023 5:15,7.46
12/4/2023 5:30,7.47
12/4/2023 5:45,7.45
12/4/2023 6:00,7.45
12/4/2023 6:15,7.49
12/4/2023 6:30,7.5
12/4/2023 6:45,7.51
12/4/2023 7:00,7.5
12/4/2023 7:15,7.48
12/4/2023 7:30,7.46
12/4/2023 7:45,7.46
12/4/2023 8:00,7.46
12/4/2023 8:15,7.48
12/4/2023 8:30,7.48
12/4/2023 8:45,7.46
12/4/2023 9:00,7.52
12/4/2023 9:15,7.54
12/4/2023 9:30,7.57
12/4/2023 9:45,7.64
12/4/2023 10:00,7.59
12/4/2023 10:15,7.63
12/4/2023 10:30,7.66
12/4/2023 10:45,7.69
12/4/2023 11:00,7.71
12/4/2023 11:15,7.75
12/4/2023 11:30,7.76
12/4/2023 11:45,7.76
12/4/2023 12:00,7.77
12/4/2023 12:15,7.79
12/4/2023 12:30,7.82
12/4/2023 12:45,7.84
12/4/2023 13:00,7.82
12/4/2023 13:15,7.81
12/4/2023 13:30,7.81
12/4/2023 13:45,7.8
12/4/2023 14:00,7.78
12/4/2023 14:15,7.77
12/4/2023 14:30,7.78
12/4/2023 14:45,7.78
12/4/2023 15:00,7.77
12/4/2023 15:15,7.75
12/4/2023 15:30,7.73
12/4/2023 15:45,7.72
12/4/2023 16:00,7.71
12/4/2023 16:15,7.71
12/4/2023 16:30,7.7
12/4/2023 16:45,7.7
12/4/2023 17:00,7.68
12/4/2023 17:15,7.69
12/4/2023 17:30,7.68
12/4/2023 17:45,7.68
12/4/2023 18:00,7.68
12/4/2023 18:15,7.67
12/4/2023 18:30,7.69
12/4/2023 18:45,7.68
12/4/2023 19:00,7.69
12/4/2023 19:15,7.71
12/4/2023 19:30,7.7
12/4/2023 19:45,7.72
12/4/2023 20:00,7.72
12/4/2023 20:15,7.71
12/4/2023 20:30,7.71
12/4/2023 20:45,7.73
12/4/2023 21:00,7.75
12/4/2023 21:15,7.74
12/4/2023 21:30,7.74
12/4/2023 21:45,7.73
12/4/2023 22:00,7.75
12/4/2023 22:15,7.73
12/4/2023 22:30,7.74
12/4/2023 22:45,7.74
12/4/2023 23:00,7.74
12/4/2023 23:15,7.75
12/4/2023 23:30,7.77
12/4/2023 23:45,7.78
12/5/2023 0:00,7.77
12/5/2023 0:15,7.77
12/5/2023 0:30,7.75
12/5/2023 0:45,7.76
12/5/2023 1:00,7.75
12/5/2023 1:15,7.77
12/5/2023 1:30,7.77
12/5/2023 1:45,7.77
12/5/2023 2:00,7.79
12/5/2023 2:15,7.78
12/5/2023 2:30,7.76
12/5/2023 2:45,7.76
12/5/2023 3:00,7.76
12/5/2023 3:15,7.76
12/5/2023 3:30,7.77
12/5/2023 3:45,7.77
12/5/2023 4:00,7.76
12/5/2023 4:15,7.76
12/5/2023 4:30,7.76
12/5/2023 4:45,7.77
12/5/2023 5:00,7.77
12/5/2023 5:15,7.77
12/5/2023 5:30,7.77
12/5/2023 5:45,7.75
12/5/2023 6:00,7.77
12/5/2023 6:15,7.77
12/5/2023 6:30,7.77
12/5/2023 6:45,7.76
12/5/2023 7:00,7.77
12/5/2023 7:15,7.77
12/5/2023 7:30,7.77
12/5/2023 7:45,7.77
12/5/2023 8:00,7.78
12/5/2023 8:15,7.78
12/5/2023 8:30,7.79
12/5/2023 8:45,7.8
12/5/2023 9:00,7.8
12/5/2023 9:15,7.8
12/5/2023 9:30,7.79
12/5/2023 9:45,7.8
12/5/2023 10:00,7.8
12/5/2023 10:15,7.82
12/5/2023 10:30,7.82
12/5/2023 10:45,7.83
12/5/2023 11:00,7.82
12/5/2023 11:15,7.83
12/5/2023 11:30,7.82
12/5/2023 11:45,7.82
12/5/2023 12:00,7.83
12/5/2023 12:15,7.82
12/5/2023 12:30,7.81
12/5/2023 12:45,7.82
12/5/2023 13:00,7.83
12/5/2023 13:15,7.83
12/5/2023 13:30,7.83
12/5/2023 13:45,7.83
12/5/2023 14:00,7.84
12/5/2023 14:15,7.82
12/5/2023 14:30,7.83
12/5/2023 14:45,7.82
12/5/2023 15:00,7.82
12/5/2023 15:15,7.81
12/5/2023 15:30,7.81
12/5/2023 15:45,7.8
12/5/2023 16:00,7.8
12/5/2023 16:15,7.79
12/5/2023 16:30,7.78
12/5/2023 16:45,7.78
12/5/2023 17:00,7.75
12/5/2023 17:15,7.75
12/5/2023 17:30,7.76
12/5/2023 17:45,7.75
12/5/2023 18:00,7.76
12/5/2023 18:15,7.75
12/5/2023 18:30,7.75
12/5/2023 18:45,7.75
12/5/2023 19:00,7.75
12/5/2023 19:15,7.75
12/5/2023 19:30,7.76
12/5/2023 19:45,7.74
12/5/2023 20:00,7.75
12/5/2023 20:15,7.76
12/5/2023 20:30,7.75
12/5/2023 20:45,7.74
12/5/2023 21:00,7.74
12/5/2023 21:15,7.73
12/5/2023 21:30,7.73
12/5/2023 21:45,7.77
12/5/2023 22:00,7.77
12/5/2023 22:15,7.77
12/5/2023 22:30,7.77
12/5/2023 22:45,7.76
12/5/2023 23:00,7.76
12/5/2023 23:15,7.77
12/5/2023 23:30,7.78
12/5/2023 23:45,7.76
12/6/2023 0:00,7.77
12/6/2023 0:15,7.77
12/6/2023 0:30,7.76
12/6/2023 0:45,7.76
12/6/2023 1:00,7.77
12/6/2023 1:15,7.76
12/6/2023 1:30,7.75
12/6/2023 1:45,7.76
12/6/2023 2:00,7.76
12/6/2023 2:15,7.76
12/6/2023 2:30,7.75
12/6/2023 2:45,7.76
12/6/2023 3:00,7.76
12/6/2023 3:15,7.76
12/6/2023 3:30,7.76
12/6/2023 3:45,7.74
12/6/2023 4:00,7.74
12/6/2023 4:15,7.73
12/6/2023 4:30,7.73
12/6/2023 4:45,7.73
12/6/2023 5:00,7.71
12/6/2023 5:15,7.73
12/6/2023 5:30,7.73
12/6/2023 5:45,7.73
12/6/2023 6:00,7.73
12/6/2023 6:15,7.73
12/6/2023 6:30,7.71
12/6/2023 6:45,7.73
12/6/2023 7:00,7.73
12/6/2023 7:15,7.74
12/6/2023 7:30,7.73
12/6/2023 7:45,7.74
12/6/2023 8:00,7.74
12/6/2023 8:15,7.73
12/6/2023 8:30,7.74
12/6/2023 8:45,7.74
12/6/2023 9:00,7.73
12/6/2023 9:15,7.75
12/6/2023 9:30,7.75
12/6/2023 9:45,7.74
12/6/2023 10:00,7.74
12/6/2023 10:15,7.74
12/6/2023 10:30,7.75
12/6/2023 10:45,7.72
12/6/2023 11:00,7.73
12/6/2023 11:15,7.72
12/6/2023 11:30,7.73
12/6/2023 11:45,7.73
12/6/2023 12:00,7.73
12/6/2023 12:15,7.75
12/6/2023 12:30,7.74
12/6/2023 12:45,7.74
12/6/2023 13:00,7.75
12/6/2023 13:15,7.73
12/6/2023 13:30,7.72
12/6/2023 13:45,7.73
12/6/2023 14:00,7.74
12/6/2023 14:15,7.73
12/6/2023 14:30,7.74
12/6/2023 14:45,7.72
12/6/2023 15:00,7.72
12/6/2023 15:15,7.71
12/6/2023 15:30,7.7
12/6/2023 15:45,7.7
12/6/2023 16:00,7.68
12/6/2023 16:15,7.68
12/6/2023 16:30,7.7
12/6/2023 16:45,7.68
12/6/2023 17:00,7.66
12/6/2023 17:15,7.68
12/6/2023 17:30,7.66
12/6/2023 17:45,7.66
12/6/2023 18:00,7.58
12/6/2023 18:15,7.62
12/6/2023 18:30,7.64
12/6/2023 18:45,7.62
12/6/2023 19:00,7.63
12/6/2023 19:15,7.62
12/6/2023 19:30,7.63
12/6/2023 19:45,7.59
12/6/2023 20:00,7.59
12/6/2023 20:15,7.6
12/6/2023 20:30,7.58
12/6/2023 20:45,7.58
12/6/2023 21:00,7.53
12/6/2023 21:15,7.53
12/6/2023 21:30,7.53
12/6/2023 21:45,7.56
12/6/2023 22:00,7.5
12/6/2023 22:15,7.5
12/6/2023 22:30,7.52
12/6/2023 22:45,7.53
12/6/2023 23:00,7.5
12/6/2023 23:15,7.49
12/6/2023 23:30,7.43
12/6/2023 23:45,7.3
12/7/2023 0:00,7.2
12/7/2023 0:15,7.18
12/7/2023 0:30,7.17
12/7/2023 0:45,7.24
12/7/2023 1:00,7.19
12/7/2023 1:15,7.17
12/7/2023 1:30,7.14
12/7/2023 1:45,7.12
12/7/2023 2:00,7.14
12/7/2023 2:15,7.09
12/7/2023 2:30,7.09
12/7/2023 2:45,7.04
12/7/2023 3:00,7.03
12/7/2023 3:15,7.05
12/7/2023 3:30,6.992
12/7/2023 3:45,6.877
12/7/2023 4:00,6.915
12/7/2023 4:15,6.877
12/7/2023 4:30,6.896
12/7/2023 4:45,6.868
12/7/2023 5:00,6.83
12/7/2023 5:15,6.811
12/7/2023 5:30,6.84
12/7/2023 5:45,6.821
12/7/2023 6:00,6.783
12/7/2023 6:15,6.83
12/7/2023 6:30,6.735
12/7/2023 6:45,6.678
12/7/2023 7:00,6.707
12/7/2023 7:15,6.726
12/7/2023 7:30,6.726
12/7/2023 7:45,6.802
12/7/2023 8:00,6.907
12/7/2023 8:15,6.897
12/7/2023 8:30,6.954
12/7/2023 8:45,6.907
12/7/2023 9:00,6.888
12/7/2023 9:15,6.926
12/7/2023 9:30,6.935
12/7/2023 9:45,6.945
12/7/2023 10:00,6.992
12/7/2023 10:15,6.992
12/7/2023 10:30,6.971
12/7/2023 10:45,7.06
12/7/2023 11:00,6.959
12/7/2023 11:15,6.939
12/7/2023 11:30,6.937
12/7/2023 11:45,6.966
12/7/2023 12:00,7.08
12/7/2023 12:15,7.02
12/7/2023 12:30,7.06
12/7/2023 12:45,7.11
12/7/2023 13:00,7.08
12/7/2023 13:15,7.07
12/7/2023 13:30,7.01
12/7/2023 13:45,7.04
12/7/2023 14:00,7.05
12/7/2023 14:15,7.13
12/7/2023 14:30,7.24
12/7/2023 14:45,7.21
12/7/2023 15:00,7.18
12/7/2023 15:15,7.19
12/7/2023 15:30,7.13
12/7/2023 15:45,7.2
12/7/2023 16:00,7.11
12/7/2023 16:15,7.15
12/7/2023 16:30,7.17
12/7/2023 16:45,7.2
12/7/2023 17:00,7.21
12/7/2023 17:15,7.21
12/7/2023 17:30,7.16
12/7/2023 17:45,7.14
12/7/2023 18:00,7.1
12/7/2023 18:15,7.13
12/7/2023 18:30,7.14
12/7/2023 18:45,7.15
12/7/2023 19:00,7.14
12/7/2023 19:15,7.06
12/7/2023 19:30,6.964
12/7/2023 19:45,6.906
12/7/2023 20:00,6.916
12/7/2023 20:15,6.801
12/7/2023 20:30,6.763
12/7/2023 20:45,6.706
12/7/2023 21:00,6.734
12/7/2023 21:15,6.678
12/7/2023 21:30,6.65
12/7/2023 21:45,6.621
12/7/2023 22:00,6.679
12/7/2023 22:15,6.612
12/7/2023 22:30,6.546
12/7/2023 22:45,6.537
12/7/2023 23:00,6.594
12/7/2023 23:15,6.5
12/7/2023 23:30,6.481
12/7/2023 23:45,6.396
12/8/2023 0:00,6.368
12/8/2023 0:15,6.386
12/8/2023 0:30,6.462
12/8/2023 0:45,6.462
12/8/2023 1:00,6.49
12/8/2023 1:15,6.424
12/8/2023 1:30,6.69
12/8/2023 1:45,6.585
12/8/2023 2:00,6.443
12/8/2023 2:15,6.423
12/8/2023 2:30,6.376
12/8/2023 2:45,6.405
12/8/2023 3:00,6.329
12/8/2023 3:15,6.377
12/8/2023 3:30,6.282
12/8/2023 3:45,6.32
12/8/2023 4:00,6.348
12/8/2023 4:15,6.329
12/8/2023 4:30,6.31
12/8/2023 4:45,6.349
12/8/2023 5:00,6.358
12/8/2023 5:15,6.358
12/8/2023 5:30,6.282
12/8/2023 5:45,6.264
12/8/2023 6:00,6.311
12/8/2023 6:15,6.264
12/8/2023 6:30,6.292
12/8/2023 6:45,6.35
12/8/2023 7:00,6.416
12/8/2023 7:15,6.407
12/8/2023 7:30,6.549
12/8/2023 7:45,6.626
12/8/2023 8:00,6.436
12/8/2023 8:15,6.293
12/8/2023 8:30,6.34
12/8/2023 8:45,6.398
12/8/2023 9:00,6.311
12/8/2023 9:15,6.273
12/8/2023 9:30,6.348
12/8/2023 9:45,6.205
12/8/2023 10:00,6.213
12/8/2023 10:15,6.25
12/8/2023 10:30,6.266
12/8/2023 10:45,6.388
12/8/2023 11:00,6.399
12/8/2023 11:15,6.368
12/8/2023 11:30,6.395
12/8/2023 11:45,6.422
12/8/2023 12:00,6.631
12/8/2023 12:15,6.632
12/8/2023 12:30,6.403
12/8/2023 12:45,6.331
12/8/2023 13:00,6.391
12/8/2023 13:15,6.42
12/8/2023 13:30,6.458
12/8/2023 13:45,6.467
12/8/2023 14:00,6.495
12/8/2023 14:15,6.484
12/8/2023 14:30,6.528
12/8/2023 14:45,6.545
12/8/2023 15:00,6.605
12/8/2023 15:15,6.674
12/8/2023 15:30,6.705
12/8/2023 15:45,6.726
12/8/2023 16:00,6.708
12/8/2023 16:15,6.737
12/8/2023 16:30,6.624
12/8/2023 16:45,6.587
12/8/2023 17:00,6.645
12/8/2023 17:15,6.607
12/8/2023 17:30,6.656
12/8/2023 17:45,6.59
12/8/2023 18:00,6.609
12/8/2023 18:15,6.562
12/8/2023 18:30,6.61
12/8/2023 18:45,6.611
12/8/2023 19:00,6.593
12/8/2023 19:15,6.498
12/8/2023 19:30,6.519
12/8/2023 19:45,6.517
12/8/2023 20:00,6.433
12/8/2023 20:15,6.441
12/8/2023 20:30,6.455
12/8/2023 20:45,6.473
12/8/2023 21:00,6.473
12/8/2023 21:15,6.414
12/8/2023 21:30,6.417
12/8/2023 21:45,6.398
12/8/2023 22:00,6.446
12/8/2023 22:15,6.399
12/8/2023 22:30,6.361
12/8/2023 22:45,6.369
12/8/2023 23:00,6.292
12/8/2023 23:15,6.381
12/8/2023 23:30,6.352
12/8/2023 23:45,6.323
12/9/2023 0:00,6.312
12/9/2023 0:15,6.294
12/9/2023 0:30,6.294
12/9/2023 0:45,6.276
12/9/2023 1:00,6.286
12/9/2023 1:15,6.267
12/9/2023 1:30,6.258
12/9/2023 1:45,6.236
12/9/2023 2:00,6.24
12/9/2023 2:15,6.209
12/9/2023 2:30,6.153
12/9/2023 2:45,6.172
12/9/2023 3:00,6.259
12/9/2023 3:15,6.258
12/9/2023 3:30,6.257
12/9/2023 3:45,6.274
12/9/2023 4:00,6.271
12/9/2023 4:15,6.261
12/9/2023 4:30,6.269
12/9/2023 4:45,6.278
12/9/2023 5:00,6.268
12/9/2023 5:15,6.249
12/9/2023 5:30,6.24
12/9/2023 5:45,6.221
12/9/2023 6:00,6.268
12/9/2023 6:15,6.335
12/9/2023 6:30,6.354
12/9/2023 6:45,6.373
12/9/2023 7:00,6.363
12/9/2023 7:15,6.4
12/9/2023 7:30,6.4
12/9/2023 7:45,6.409
12/9/2023 8:00,6.438
12/9/2023 8:15,6.447
12/9/2023 8:30,6.466
12/9/2023 8:45,6.465
12/9/2023 9:00,6.484
12/9/2023 9:15,6.475
12/9/2023 9:30,6.503
12/9/2023 9:45,6.512
12/9/2023 10:00,6.521
12/9/2023 10:15,6.54
12/9/2023 10:30,6.549
12/9/2023 10:45,6.568
12/9/2023 11:00,6.587
12/9/2023 11:15,6.615
12/9/2023 11:30,6.605
12/9/2023 11:45,6.566
12/9/2023 12:00,6.595
12/9/2023 12:15,6.595
12/9/2023 12:30,6.605
12/9/2023 12:45,6.604
12/9/2023 13:00,6.604
12/9/2023 13:15,6.641
12/9/2023 13:30,6.603
12/9/2023 13:45,6.613
12/9/2023 14:00,6.603
12/9/2023 14:15,6.574
12/9/2023 14:30,6.584
12/9/2023 14:30,6.584
12/9/2023 14:45,6.593
12/9/2023 15:00,6.613
12/9/2023 15:15,6.575
12/9/2023 15:30,6.556
12/9/2023 15:45,6.547
12/9/2023 16:00,6.566
12/9/2023 16:15,6.547
12/9/2023 16:30,6.566
12/9/2023 16:45,6.576
12/9/2023 17:00,6.548
12/9/2023 17:15,6.557
12/9/2023 17:30,6.586
12/9/2023 17:45,6.615
12/9/2023 18:00,6.624
12/9/2023 18:15,6.605
12/9/2023 18:30,6.614
12/9/2023 18:45,6.577
12/9/2023 19:00,6.539
12/9/2023 19:15,6.538
12/9/2023 19:30,6.576
12/9/2023 19:45,6.567
12/9/2023 20:00,6.586
12/9/2023 20:15,6.548
12/9/2023 20:30,6.567
12/9/2023 20:45,6.558
12/9/2023 21:00,6.558
12/9/2023 21:15,6.567
12/9/2023 21:30,6.539
12/9/2023 21:45,6.539
12/9/2023 22:00,6.549
12/9/2023 22:15,6.549
12/9/2023 22:30,6.549
12/9/2023 22:45,6.539
12/9/2023 23:00,6.539
12/9/2023 23:15,6.529
12/9/2023 23:30,6.539
12/9/2023 23:45,6.549
12/10/2023 0:00,6.539
12/10/2023 0:15,6.558
12/10/2023 0:30,6.539
12/10/2023 0:45,6.539
12/10/2023 1:00,6.529
12/10/2023 1:15,6.558
12/10/2023 1:30,6.529
12/10/2023 1:45,6.52
12/10/2023 2:00,6.53
12/10/2023 2:15,6.311
12/10/2023 2:30,6.51
12/10/2023 2:45,6.51
12/10/2023 3:00,6.548
12/10/2023 3:15,6.52
12/10/2023 3:30,6.558
12/10/2023 3:45,6.558
12/10/2023 4:00,6.567
12/10/2023 4:15,6.558
12/10/2023 4:30,6.586
12/10/2023 4:45,6.605
12/10/2023 5:00,6.605
12/10/2023 5:15,6.615
12/10/2023 5:30,6.653
12/10/2023 5:45,6.662
12/10/2023 6:00,6.7
12/10/2023 6:15,6.739
12/10/2023 6:30,6.786
12/10/2023 6:45,6.862
12/10/2023 7:00,6.891
12/10/2023 7:15,6.929
12/10/2023 7:30,6.986
12/10/2023 7:45,7.13
12/10/2023 8:00,7.52
12/10/2023 8:15,7.58
12/10/2023 8:30,7.59
12/10/2023 8:45,7.62
12/10/2023 8:47,7.61
12/10/2023 9:00,7.62
12/10/2023 9:15,7.62
12/10/2023 9:30,7.62
12/10/2023 9:45,7.6
12/10/2023 10:00,7.57
12/10/2023 10:15,7.55
12/10/2023 10:30,7.53
12/10/2023 10:45,7.5
12/10/2023 11:00,7.5
12/10/2023 11:15,7.48
12/10/2023 11:30,7.46
12/10/2023 11:45,7.46
12/10/2023 12:00,7.45
12/10/2023 12:15,7.45
12/10/2023 12:30,7.43
12/10/2023 12:32,7.42
12/10/2023 12:45,7.42
12/10/2023 13:00,7.41
12/10/2023 13:15,7.39
12/10/2023 13:30,7.38
12/10/2023 13:45,7.38
12/10/2023 14:00,7.39
12/10/2023 14:15,7.38
12/10/2023 14:30,7.37
12/10/2023 14:31,7.36
12/10/2023 14:45,7.35
12/10/2023 15:00,7.31
12/10/2023 15:15,7.3
12/10/2023 15:30,7.29
12/10/2023 15:45,7.26
12/10/2023 16:00,7.22
12/10/2023 16:15,7.2
12/10/2023 16:30,7.19
12/10/2023 16:45,7.18
12/10/2023 17:00,7.14
12/10/2023 17:15,7.11
12/10/2023 17:30,7.11
12/10/2023 17:45,7.08
12/10/2023 18:00,7.06
12/10/2023 18:15,7.05
12/10/2023 18:30,7.03
12/10/2023 18:45,7.02
12/10/2023 19:00,7.03
12/10/2023 19:15,7.01
12/10/2023 19:30,7.01
12/10/2023 19:45,7
12/10/2023 20:00,7
12/10/2023 20:15,6.985
12/10/2023 20:30,6.985
12/10/2023 20:45,6.966
12/10/2023 21:00,6.956
12/10/2023 21:14,6.947
12/10/2023 21:15,6.947
12/10/2023 21:30,6.909
12/10/2023 21:45,6.908
12/10/2023 22:00,6.88
12/10/2023 22:15,6.871
12/10/2023 22:30,6.851
12/10/2023 22:45,6.832
12/10/2023 23:00,6.823
12/10/2023 23:15,6.813
12/10/2023 23:30,6.832
12/10/2023 23:45,6.813
12/11/2023 0:00,6.813
12/11/2023 0:15,6.823
12/11/2023 0:30,6.804
12/11/2023 0:45,6.804
12/11/2023 1:00,6.804
12/11/2023 1:15,6.794
12/11/2023 1:30,6.794
12/11/2023 1:45,6.794
12/11/2023 2:00,6.794
12/11/2023 2:15,6.785
12/11/2023 2:30,6.775
12/11/2023 2:45,6.756
12/11/2023 3:00,6.766
12/11/2023 3:15,6.766
12/11/2023 3:30,6.766
12/11/2023 3:45,6.775
12/11/2023 4:00,6.794
12/11/2023 4:15,6.794
12/11/2023 4:30,6.794
12/11/2023 4:45,6.785
12/11/2023 5:00,6.794
12/11/2023 5:15,6.804
12/11/2023 5:30,6.804
12/11/2023 5:45,6.813
12/11/2023 6:00,6.813
12/11/2023 6:15,6.823
12/11/2023 6:30,6.823
12/11/2023 6:45,6.832
12/11/2023 7:00,6.851
12/11/2023 7:15,6.832
12/11/2023 7:30,6.841
12/11/2023 7:45,6.841
12/11/2023 8:00,6.851
12/11/2023 8:15,6.87
12/11/2023 8:30,6.87
12/11/2023 8:45,6.869
12/11/2023 9:00,6.879
12/11/2023 9:15,6.879
12/11/2023 9:30,6.879
12/11/2023 9:45,6.888
12/11/2023 10:00,6.897
12/11/2023 10:15,6.878
12/11/2023 10:30,6.878
12/11/2023 10:45,6.887
12/11/2023 11:00,6.887
12/11/2023 11:15,6.905
12/11/2023 11:30,6.915
12/11/2023 11:45,6.902
12/11/2023 12:00,6.913
12/11/2023 12:15,6.911
12/11/2023 12:30,6.908
12/11/2023 12:45,6.909
12/11/2023 13:00,6.938
12/11/2023 13:15,6.948
12/11/2023 13:30,6.947
12/11/2023 13:45,6.958
12/11/2023 14:00,6.977
12/11/2023 14:15,6.976
12/11/2023 14:30,6.988
12/11/2023 14:45,6.989
12/11/2023 15:00,7.02
12/11/2023 15:15,6.997
12/11/2023 15:30,7.03
12/11/2023 15:45,7.03
12/11/2023 16:00,7.04
12/11/2023 16:15,7.06
12/11/2023 16:30,7.07
12/11/2023 16:45,7.08
12/11/2023 17:00,7.09
12/11/2023 17:15,7.08
12/11/2023 17:30,7.08
12/11/2023 17:45,7.1
12/11/2023 18:00,7.11
12/11/2023 18:15,7.12
12/11/2023 18:30,7.12
12/11/2023 18:45,7.14
12/11/2023 19:00,7.15
12/11/2023 19:15,7.14
12/11/2023 19:30,7.14
12/11/2023 19:45,7.16
12/11/2023 20:00,7.17
12/11/2023 20:15,7.18
12/11/2023 20:30,7.18
12/11/2023 20:45,7.18
12/11/2023 21:00,7.19
12/11/2023 21:12,7.2
12/11/2023 21:15,7.2
12/11/2023 21:30,7.19
12/11/2023 21:45,7.2
12/11/2023 22:00,7.21
12/11/2023 22:15,7.23
12/11/2023 22:30,7.23
12/11/2023 22:45,7.22
12/11/2023 23:00,7.22
12/11/2023 23:15,7.23
12/11/2023 23:30,7.23
12/11/2023 23:45,7.23
12/12/2023 0:00,7.24
12/12/2023 0:15,7.25
12/12/2023 0:30,7.26
12/12/2023 0:45,7.25
12/12/2023 1:00,7.25
12/12/2023 1:15,7.25
12/12/2023 1:30,7.26
12/12/2023 1:45,7.26
12/12/2023 2:00,7.26
12/12/2023 2:15,7.28
12/12/2023 2:30,7.27
12/12/2023 2:45,7.28
12/12/2023 3:00,7.27
12/12/2023 3:15,7.27
12/12/2023 3:30,7.27
12/12/2023 3:45,7.28
12/12/2023 4:00,7.28
12/12/2023 4:15,7.3
12/12/2023 4:30,7.29
12/12/2023 4:45,7.29
12/12/2023 5:00,7.29
12/12/2023 5:15,7.29
12/12/2023 5:30,7.29
12/12/2023 5:45,7.29
12/12/2023 6:00,7.29
12/12/2023 6:15,7.31
12/12/2023 6:30,7.29
12/12/2023 6:45,7.29
12/12/2023 7:00,7.29
12/12/2023 7:15,7.31
12/12/2023 7:30,7.3
12/12/2023 7:45,7.3
12/12/2023 8:00,7.31
12/12/2023 8:15,7.31
12/12/2023 8:30,7.31
12/12/2023 8:45,7.32
12/12/2023 9:00,7.31
12/12/2023 9:15,7.32
12/12/2023 9:30,7.32
12/12/2023 9:45,7.31
12/12/2023 10:00,7.34
12/12/2023 10:15,7.34
12/12/2023 10:30,7.36
12/12/2023 10:45,7.36
12/12/2023 11:00,7.36
12/12/2023 11:15,7.38
12/12/2023 11:30,7.36
12/12/2023 11:45,7.36
12/12/2023 12:00,7.38
12/12/2023 12:05,7.38
12/12/2023 12:15,7.37
12/12/2023 12:30,7.38
12/12/2023 12:45,7.38
12/12/2023 13:00,7.37
12/12/2023 13:15,7.36
12/12/2023 13:30,7.36
12/12/2023 13:45,7.37
12/12/2023 14:00,7.36
12/12/2023 14:15,7.36
12/12/2023 14:30,7.38
12/12/2023 14:45,7.37
12/12/2023 15:00,7.39
12/12/2023 15:15,7.37
12/12/2023 15:30,7.37
12/12/2023 15:45,7.37
12/12/2023 16:00,7.35
12/12/2023 16:15,7.35
12/12/2023 16:30,7.36
12/12/2023 16:45,7.36
12/12/2023 17:00,7.37
12/12/2023 17:15,7.36
12/12/2023 17:30,7.38
12/12/2023 17:45,7.39
12/12/2023 18:00,7.37
12/12/2023 18:15,7.37
12/12/2023 18:30,7.37
12/12/2023 18:45,7.38
12/12/2023 19:00,7.37
12/12/2023 19:15,7.38
12/12/2023 19:30,7.38
12/12/2023 19:45,7.37
12/12/2023 20:00,7.37
12/12/2023 20:15,7.38
12/12/2023 20:30,7.39
12/12/2023 20:45,7.38
12/12/2023 21:00,7.38
12/12/2023 21:15,7.38
12/12/2023 21:30,7.38
12/12/2023 21:45,7.39
12/12/2023 22:00,7.38
12/12/2023 22:15,7.38
12/12/2023 22:30,7.37
12/12/2023 22:45,7.37
12/12/2023 23:00,7.38
12/12/2023 23:15,7.38
12/12/2023 23:30,7.37
12/12/2023 23:45,7.37
12/13/2023 0:00,7.38
12/13/2023 0:15,7.37
12/13/2023 0:30,7.38
12/13/2023 0:45,7.39
12/13/2023 1:00,7.38
12/13/2023 1:15,7.38
12/13/2023 1:30,7.37
12/13/2023 1:45,7.38
12/13/2023 2:00,7.37
12/13/2023 2:15,7.38
12/13/2023 2:30,7.39
12/13/2023 2:45,7.38
12/13/2023 3:00,7.38
12/13/2023 3:15,7.38
12/13/2023 3:30,7.38
12/13/2023 3:45,7.38
12/13/2023 4:00,7.38
12/13/2023 4:15,7.37
12/13/2023 4:30,7.39
12/13/2023 4:45,7.39
12/13/2023 5:00,7.38
12/13/2023 5:15,7.38
12/13/2023 5:30,7.37
12/13/2023 5:45,7.37
12/13/2023 6:00,7.38
12/13/2023 6:15,7.38
12/13/2023 6:30,7.39
12/13/2023 6:45,7.36
12/13/2023 7:00,7.37
12/13/2023 7:15,7.37
12/13/2023 7:30,7.36
12/13/2023 7:45,7.37
12/13/2023 8:00,7.37
12/13/2023 8:15,7.37
12/13/2023 8:30,7.38
12/13/2023 8:45,7.37
12/13/2023 9:00,7.36
12/13/2023 9:15,7.37
12/13/2023 9:30,7.37
12/13/2023 9:45,7.37
12/13/2023 10:00,7.37
12/13/2023 10:15,7.37
12/13/2023 10:30,7.36
12/13/2023 10:45,7.37
12/13/2023 11:00,7.36
12/13/2023 11:15,7.33
12/13/2023 11:30,7.35
12/13/2023 11:45,7.34
12/13/2023 12:00,7.35
12/13/2023 12:15,7.34
12/13/2023 12:30,7.34
12/13/2023 12:45,7.34
12/13/2023 13:00,7.36
12/13/2023 13:15,7.35
12/13/2023 13:30,7.33
12/13/2023 13:45,7.32
12/13/2023 14:00,7.33
12/13/2023 14:15,7.34
12/13/2023 14:30,7.32
12/13/2023 14:45,7.32
12/13/2023 15:00,7.33
12/13/2023 15:15,7.32
12/13/2023 15:30,7.33
12/13/2023 15:45,7.32
12/13/2023 16:00,7.31
12/13/2023 16:15,7.31
12/13/2023 16:30,7.32
12/13/2023 16:45,7.32
12/13/2023 17:00,7.33
12/13/2023 17:15,7.3
12/13/2023 17:30,7.32
12/13/2023 17:45,7.31
12/13/2023 18:00,7.32
12/13/2023 18:15,7.33
12/13/2023 18:30,7.32
12/13/2023 18:45,7.31
12/13/2023 19:00,7.32
12/13/2023 19:15,7.31
12/13/2023 19:30,7.3
12/13/2023 19:45,7.31
12/13/2023 20:00,7.3
12/13/2023 20:15,7.3
12/13/2023 20:30,7.31
12/13/2023 20:45,7.29
12/13/2023 21:00,7.3
12/13/2023 21:14,7.3
12/13/2023 21:15,7.3
12/13/2023 21:30,7.3
12/13/2023 21:45,7.3
12/13/2023 22:00,7.28
12/13/2023 22:15,7.29
12/13/2023 22:30,7.28
12/13/2023 22:45,7.28
12/13/2023 23:00,7.28
12/13/2023 23:15,7.3
12/13/2023 23:30,7.29
12/13/2023 23:45,7.27
12/14/2023 0:00,7.28
12/14/2023 0:15,7.27
12/14/2023 0:30,7.27
12/14/2023 0:45,7.27
12/14/2023 1:00,7.28
12/14/2023 1:15,7.26
12/14/2023 1:30,7.27
12/14/2023 1:45,7.28
12/14/2023 2:00,7.26
12/14/2023 2:15,7.26
12/14/2023 2:30,7.27
12/14/2023 2:45,7.26
12/14/2023 3:00,7.27
12/14/2023 3:15,7.28
12/14/2023 3:30,7.26
12/14/2023 3:45,7.26
12/14/2023 4:00,7.26
12/14/2023 4:15,7.25
12/14/2023 4:30,7.25
12/14/2023 4:45,7.25
12/14/2023 5:00,7.24
12/14/2023 5:15,7.24
12/14/2023 5:30,7.25
12/14/2023 5:45,7.24
12/14/2023 6:00,7.24
12/14/2023 6:15,7.23
12/14/2023 6:30,7.24
12/14/2023 6:45,7.24
12/14/2023 7:00,7.23
12/14/2023 7:15,7.23
12/14/2023 7:30,7.22
12/14/2023 7:45,7.22
12/14/2023 8:00,7.21
12/14/2023 8:15,7.22
12/14/2023 8:30,7.21
12/14/2023 8:45,7.2
12/14/2023 9:00,7.19
12/14/2023 9:15,7.2
12/14/2023 9:30,7.19
12/14/2023 9:45,7.18
12/14/2023 10:00,7.17
12/14/2023 10:15,7.17
12/14/2023 10:30,7.15
12/14/2023 10:45,7.14
12/14/2023 11:00,7.13
12/14/2023 11:15,7.09
12/14/2023 11:30,7.1
12/14/2023 11:45,7.06
12/14/2023 12:00,7.05
12/14/2023 12:15,7.01
12/14/2023 12:30,6.993
12/14/2023 12:45,6.983
12/14/2023 13:00,6.973
12/14/2023 13:15,6.973
12/14/2023 13:30,6.963
12/14/2023 13:45,6.973
12/14/2023 14:00,6.963
12/14/2023 14:15,6.982
12/14/2023 14:30,6.962
12/14/2023 14:45,6.953
12/14/2023 15:00,6.935
12/14/2023 15:15,6.925
12/14/2023 15:30,6.926
12/14/2023 15:45,6.907
12/14/2023 16:00,6.916
12/14/2023 16:15,6.888
12/14/2023 16:30,6.879
12/14/2023 16:45,6.879
12/14/2023 17:00,6.879
12/14/2023 17:15,6.889
12/14/2023 17:30,6.88
12/14/2023 17:45,6.88
12/14/2023 18:00,6.88
12/14/2023 18:15,6.88
12/14/2023 18:30,6.88
12/14/2023 18:45,6.87
12/14/2023 19:00,6.86
12/14/2023 19:15,6.87
12/14/2023 19:30,6.88
12/14/2023 19:45,6.87
12/14/2023 20:00,6.879
12/14/2023 20:15,6.879
12/14/2023 20:30,6.87
12/14/2023 20:45,6.87
12/14/2023 21:00,6.851
12/14/2023 21:15,6.87
12/14/2023 21:30,6.879
12/14/2023 21:45,6.898
12/14/2023 22:00,6.87
12/14/2023 22:15,6.851
12/14/2023 22:30,6.813
12/14/2023 22:45,6.775
12/14/2023 23:00,6.775
12/14/2023 23:15,6.786
12/14/2023 23:30,6.738
12/14/2023 23:45,6.739
12/15/2023 0:00,6.748
12/15/2023 0:15,6.749
12/15/2023 0:30,6.749
12/15/2023 0:45,6.749
12/15/2023 1:00,6.74
12/15/2023 1:15,6.72
12/15/2023 1:30,6.692
12/15/2023 1:45,6.711
12/15/2023 2:00,6.692
12/15/2023 2:15,6.73
12/15/2023 2:30,6.711
12/15/2023 2:45,6.701
12/15/2023 3:00,6.72
12/15/2023 3:15,6.701
12/15/2023 3:30,6.692
12/15/2023 3:45,6.711
12/15/2023 4:00,7.02
12/15/2023 4:15,7.23
12/15/2023 4:30,7.22
12/15/2023 4:45,7.22
12/15/2023 5:00,7.23
12/15/2023 5:15,7.24
12/15/2023 5:30,7.23
12/15/2023 5:45,7.23
12/15/2023 6:00,7.22
12/15/2023 6:15,7.23
12/15/2023 6:30,7.23
12/15/2023 6:45,7.22
12/15/2023 7:00,7.23
12/15/2023 7:15,7.23
12/15/2023 7:30,7.22
12/15/2023 7:45,7.23
12/15/2023 8:00,7.23
12/15/2023 8:15,7.23
12/15/2023 8:30,7.23
12/15/2023 8:45,7.22
12/15/2023 9:00,7.23
12/15/2023 9:15,7.23
12/15/2023 9:30,7.23
12/15/2023 9:45,7.23
12/15/2023 10:00,7.23
12/15/2023 10:15,7.23
12/15/2023 10:30,7.22
12/15/2023 10:45,7.23
12/15/2023 11:00,7.22
12/15/2023 11:15,7.23
12/15/2023 11:30,7.24
12/15/2023 11:45,7.24
12/15/2023 12:00,7.23
12/15/2023 12:15,7.24
12/15/2023 12:30,7.24
12/15/2023 12:45,7.24
12/15/2023 13:00,7.25
12/15/2023 13:15,7.26
12/15/2023 13:30,7.26
12/15/2023 13:45,7.25
12/15/2023 14:00,7.24
12/15/2023 14:15,7.24
12/15/2023 14:30,7.24
12/15/2023 14:45,7.23
12/15/2023 15:00,7.23
12/15/2023 15:15,7.23
12/15/2023 15:30,7.23
12/15/2023 15:45,7.2
12/15/2023 16:00,7.22
12/15/2023 16:15,7.2
12/15/2023 16:30,7.2
12/15/2023 16:45,7.21
12/15/2023 17:00,7.2
12/15/2023 17:15,7.21
12/15/2023 17:30,7.21
12/15/2023 17:45,7.21
12/15/2023 18:00,7.2
12/15/2023 18:15,7.21
12/15/2023 18:30,7.2
12/15/2023 18:45,7.2
12/15/2023 19:00,7.22
12/15/2023 19:15,7.19
12/15/2023 19:30,7.2
12/15/2023 19:45,7.2
12/15/2023 20:00,7.19
12/15/2023 20:15,7.2
12/15/2023 20:30,7.2
12/15/2023 20:45,7.2
12/15/2023 21:00,7.2
12/15/2023 21:15,7.19
12/15/2023 21:30,7.2
12/15/2023 21:45,7.2
12/15/2023 22:00,7.19
12/15/2023 22:15,7.19
12/15/2023 22:30,7.19
12/15/2023 22:45,7.18
12/15/2023 23:00,7.18
12/15/2023 23:15,7.18
12/15/2023 23:30,7.2
12/15/2023 23:45,7.2
12/16/2023 0:00,7.19
12/16/2023 0:15,7.19
12/16/2023 0:30,7.19
12/16/2023 0:45,7.18
12/16/2023 1:00,7.19
12/16/2023 1:15,7.18
12/16/2023 1:30,7.17
12/16/2023 1:45,7.18
12/16/2023 2:00,7.18
12/16/2023 2:15,7.17
12/16/2023 2:30,7.18
12/16/2023 2:45,7.18
12/16/2023 3:00,7.18
12/16/2023 3:15,7.16
12/16/2023 3:30,7.19
12/16/2023 3:45,7.17
12/16/2023 4:00,7.17
12/16/2023 4:15,7.18
12/16/2023 4:30,7.16
12/16/2023 4:45,7.18
12/16/2023 5:00,7.17
12/16/2023 5:15,7.17
12/16/2023 5:30,7.17
12/16/2023 5:45,7.17
12/16/2023 6:00,7.17
12/16/2023 6:15,7.16
12/16/2023 6:30,7.16
12/16/2023 6:45,7.14
12/16/2023 7:00,7.15
12/16/2023 7:15,7.15
12/16/2023 7:30,7.15
12/16/2023 7:45,7.16
12/16/2023 8:00,7.15
12/16/2023 8:15,7.15
12/16/2023 8:30,7.17
12/16/2023 8:45,7.16
12/16/2023 9:00,7.16
12/16/2023 9:15,7.15
12/16/2023 9:30,7.17
12/16/2023 9:45,7.17
12/16/2023 10:00,7.17
12/16/2023 10:15,7.17
12/16/2023 10:30,7.18
12/16/2023 10:45,7.17
12/16/2023 11:00,7.17
12/16/2023 11:15,7.18
12/16/2023 11:30,7.2
12/16/2023 11:45,7.18
12/16/2023 12:00,7.18
12/16/2023 12:15,7.19
12/16/2023 12:30,7.19
12/16/2023 12:45,7.2
12/16/2023 13:00,7.21
12/16/2023 13:15,7.19
12/16/2023 13:30,7.19
12/16/2023 13:45,7.19
12/16/2023 14:00,7.18
12/16/2023 14:15,7.19
12/16/2023 14:30,7.18
12/16/2023 14:45,7.15
12/16/2023 15:00,7.16
12/16/2023 15:15,7.14
12/16/2023 15:30,7.15
12/16/2023 15:45,7.15
12/16/2023 16:00,7.13
12/16/2023 16:15,7.12
12/16/2023 16:30,7.12
12/16/2023 16:45,7.08
12/16/2023 17:00,7.08
12/16/2023 17:15,7.11
12/16/2023 17:30,7.13
12/16/2023 17:45,7.12
12/16/2023 18:00,7.13
12/16/2023 18:15,7.14
12/16/2023 18:30,7.13
12/16/2023 18:45,7.11
12/16/2023 19:00,7.12
12/16/2023 19:15,7.12
12/16/2023 19:30,7.1
12/16/2023 19:45,7.1
12/16/2023 20:00,7.09
12/16/2023 20:15,7.09
12/16/2023 20:30,7.09
12/16/2023 20:45,7.09
12/16/2023 21:00,7.09
12/16/2023 21:15,7.08
12/16/2023 21:30,7.08
12/16/2023 21:45,7.08
12/16/2023 22:00,7.08
12/16/2023 22:15,7.08
12/16/2023 22:30,7.07
12/16/2023 22:45,7.06
12/16/2023 23:00,7.09
12/16/2023 23:15,7.08
12/16/2023 23:30,7.07
12/16/2023 23:45,7.09
12/17/2023 0:00,7.07
12/17/2023 0:15,7.06
12/17/2023 0:30,7.06
12/17/2023 0:45,7.06
12/17/2023 1:00,7.06
12/17/2023 1:15,7.06
12/17/2023 1:30,7.06
12/17/2023 1:45,7.04
12/17/2023 2:00,7.05
12/17/2023 2:15,7.06
12/17/2023 2:30,7.04
12/17/2023 2:45,7.03
12/17/2023 3:00,7.03
12/17/2023 3:15,7.03
12/17/2023 3:30,7.02
12/17/2023 3:45,7.03
12/17/2023 4:00,7.04
12/17/2023 4:15,7.02
12/17/2023 4:30,7.03
12/17/2023 4:45,7.02
12/17/2023 5:00,7.01
12/17/2023 5:15,7.01
12/17/2023 5:30,6.988
12/17/2023 5:45,6.998
12/17/2023 6:00,6.998
12/17/2023 6:15,6.979
12/17/2023 6:30,6.979
12/17/2023 6:45,6.979
12/17/2023 7:00,6.979
12/17/2023 7:15,6.97
12/17/2023 7:30,6.96
12/17/2023 7:45,6.96
12/17/2023 8:00,6.97
12/17/2023 8:15,6.96
12/17/2023 8:30,6.969
12/17/2023 8:45,6.969
12/17/2023 9:00,6.968
12/17/2023 9:15,6.968
12/17/2023 9:30,6.967
12/17/2023 9:45,6.976
12/17/2023 10:00,6.964
12/17/2023 10:15,6.972
12/17/2023 10:30,6.97
12/17/2023 10:45,6.956
12/17/2023 11:00,6.972
12/17/2023 11:15,6.961
12/17/2023 11:30,6.98
12/17/2023 11:45,6.97
12/17/2023 12:00,6.988
12/17/2023 12:15,6.988
12/17/2023 12:30,6.997
12/17/2023 12:45,6.995
12/17/2023 13:00,7
12/17/2023 13:15,6.987
12/17/2023 13:30,6.996
12/17/2023 13:45,6.959
12/17/2023 14:00,6.979
12/17/2023 14:15,6.989
12/17/2023 14:30,6.971
12/17/2023 14:45,6.952
12/17/2023 15:00,6.962
12/17/2023 15:15,6.954
12/17/2023 15:30,6.926
12/17/2023 15:45,6.909
12/17/2023 16:00,6.903
12/17/2023 16:15,6.905
12/17/2023 16:30,6.878
12/17/2023 16:45,6.822
12/17/2023 17:00,6.813
12/17/2023 17:15,6.795
12/17/2023 17:30,6.815
12/17/2023 17:45,6.815
12/17/2023 18:00,6.825
12/17/2023 18:15,6.826
12/17/2023 18:30,6.854
12/17/2023 18:45,6.845
12/17/2023 19:00,6.825
12/17/2023 19:15,6.835
12/17/2023 19:30,6.806
12/17/2023 19:45,6.815
12/17/2023 20:00,6.825
12/17/2023 20:15,6.824
12/17/2023 20:30,6.834
12/17/2023 20:45,6.815
12/17/2023 21:00,6.814
12/17/2023 21:15,6.767
12/17/2023 21:30,6.804
12/17/2023 21:45,6.776
12/17/2023 22:00,6.747
12/17/2023 22:15,6.748
12/17/2023 22:30,6.719
12/17/2023 22:45,6.69
12/17/2023 23:00,6.7
12/17/2023 23:15,6.69
12/17/2023 23:30,6.728
12/17/2023 23:45,6.729
12/18/2023 0:00,6.785
12/18/2023 0:15,6.823
12/18/2023 0:30,6.832
12/18/2023 0:45,6.832
12/18/2023 1:00,6.813
12/18/2023 1:15,6.822
12/18/2023 1:30,6.851
12/18/2023 1:45,6.822
12/18/2023 2:00,6.755
12/18/2023 2:15,6.746
12/18/2023 2:30,6.756
12/18/2023 2:45,6.746
12/18/2023 3:00,6.727
12/18/2023 3:15,6.727
12/18/2023 3:30,6.727
12/18/2023 3:45,6.746
12/18/2023 4:00,6.67
12/18/2023 4:15,6.613
12/18/2023 4:30,6.585
12/18/2023 4:45,6.642
12/18/2023 5:00,6.642
12/18/2023 5:15,6.614
12/18/2023 5:30,6.594
12/18/2023 5:45,6.604
12/18/2023 6:00,6.595
12/18/2023 6:15,6.614
12/18/2023 6:30,6.547
12/18/2023 6:45,6.519
12/18/2023 7:00,6.557
12/18/2023 7:15,6.548
12/18/2023 7:30,6.548
12/18/2023 7:45,6.529
12/18/2023 8:00,6.548
12/18/2023 8:15,6.586
12/18/2023 8:30,6.567
12/18/2023 8:45,6.595
12/18/2023 9:00,6.604
12/18/2023 9:15,6.613
12/18/2023 9:30,6.641
12/18/2023 9:45,6.641
12/18/2023 10:00,6.697
12/18/2023 10:15,6.658
12/18/2023 10:30,6.677
12/18/2023 10:45,6.702
12/18/2023 11:00,6.737
12/18/2023 11:15,6.784
12/18/2023 11:30,6.792
12/18/2023 11:45,6.791
12/18/2023 12:00,6.798
12/18/2023 12:15,6.856
12/18/2023 12:30,6.902
12/18/2023 12:45,6.912
12/18/2023 13:00,6.891
12/18/2023 13:15,6.872
12/18/2023 13:30,6.863
12/18/2023 13:45,6.874
12/18/2023 14:00,6.856
12/18/2023 14:15,6.847
12/18/2023 14:30,6.829
12/18/2023 14:45,6.811
12/18/2023 15:00,6.776
12/18/2023 15:15,6.768
12/18/2023 15:30,6.771
12/18/2023 15:45,6.771
12/18/2023 16:00,6.762
12/18/2023 16:15,6.762
12/18/2023 16:30,6.772
12/18/2023 16:45,6.742
12/18/2023 17:00,6.762
12/18/2023 17:15,6.761
12/18/2023 17:30,6.762
12/18/2023 17:45,6.762
12/18/2023 18:00,6.752
12/18/2023 18:15,6.743
12/18/2023 18:30,6.725
12/18/2023 18:45,6.715
12/18/2023 19:00,6.725
12/18/2023 19:15,6.697
12/18/2023 19:30,6.688
12/18/2023 19:45,6.697
12/18/2023 20:00,6.716
12/18/2023 20:15,6.717
12/18/2023 20:30,6.736
12/18/2023 20:45,6.745
12/18/2023 21:00,6.727
12/18/2023 21:15,6.736
12/18/2023 21:30,6.726
12/18/2023 21:45,6.726
12/18/2023 22:00,6.736
12/18/2023 22:15,6.746
12/18/2023 22:30,6.726
12/18/2023 22:45,6.736
12/18/2023 23:00,6.736
12/18/2023 23:15,6.745
12/18/2023 23:30,6.736
12/18/2023 23:45,6.745
12/19/2023 0:00,6.736
12/19/2023 0:15,6.745
12/19/2023 0:30,6.755
12/19/2023 0:45,6.765
12/19/2023 1:00,6.783
12/19/2023 1:15,6.774
12/19/2023 1:30,6.773
12/19/2023 1:45,6.754
12/19/2023 2:00,6.774
12/19/2023 2:15,6.755
12/19/2023 2:30,6.745
12/19/2023 2:45,6.774
12/19/2023 3:00,6.774
12/19/2023 3:15,6.755
12/19/2023 3:30,6.764
12/19/2023 3:45,6.773
12/19/2023 4:00,6.764
12/19/2023 4:15,6.773
12/19/2023 4:30,6.764
12/19/2023 4:45,6.764
12/19/2023 5:00,6.764
12/19/2023 5:15,6.783
12/19/2023 5:30,6.783
12/19/2023 5:45,6.792
12/19/2023 6:00,6.792
12/19/2023 6:15,6.792
12/19/2023 6:30,6.792
12/19/2023 6:45,6.792
12/19/2023 7:00,6.802
12/19/2023 7:15,6.792
12/19/2023 7:30,6.792
12/19/2023 7:45,6.811
12/19/2023 8:00,6.792
12/19/2023 8:15,6.82
12/19/2023 8:30,6.83
12/19/2023 8:45,6.848
12/19/2023 9:00,6.848
12/19/2023 9:15,6.868
12/19/2023 9:30,6.868
12/19/2023 9:45,6.83
12/19/2023 10:00,6.829
12/19/2023 10:15,6.839
12/19/2023 10:30,6.847
12/19/2023 10:45,6.856
12/19/2023 11:00,6.894
12/19/2023 11:15,6.942
12/19/2023 11:30,6.969
12/19/2023 11:45,6.985
12/19/2023 12:00,7.04
12/19/2023 12:15,7.04
12/19/2023 12:30,7.03
12/19/2023 12:45,7.02
12/19/2023 13:00,7.04
12/19/2023 13:15,7.04
12/19/2023 13:30,7.05
12/19/2023 13:45,7.06
12/19/2023 14:00,7.05
12/19/2023 14:15,7.05
12/19/2023 14:30,7.04
12/19/2023 14:45,7.05
12/19/2023 15:00,7.05
12/19/2023 15:15,7.03
12/19/2023 15:30,7.02
12/19/2023 15:45,7.01
12/19/2023 16:00,7.01
12/19/2023 16:15,6.999
12/19/2023 16:30,6.99
12/19/2023 16:45,6.981
12/19/2023 17:00,6.991
12/19/2023 17:15,7
12/19/2023 17:30,6.981
12/19/2023 17:45,6.962
12/19/2023 18:00,6.973
12/19/2023 18:15,6.963
12/19/2023 18:30,6.963
12/19/2023 18:45,6.953
12/19/2023 19:00,6.944
12/19/2023 19:15,6.963
12/19/2023 19:30,6.982
12/19/2023 19:45,6.972
12/19/2023 20:00,6.972
12/19/2023 20:15,6.943
12/19/2023 20:30,6.944
12/19/2023 20:45,6.954
12/19/2023 21:00,6.954
12/19/2023 21:15,6.918
12/19/2023 21:30,6.926
12/19/2023 21:45,6.906
12/19/2023 22:00,6.916
12/19/2023 22:15,6.909
12/19/2023 22:30,6.907
12/19/2023 22:45,6.926
12/19/2023 23:00,6.916
12/19/2023 23:15,6.906
12/19/2023 23:30,6.917
12/19/2023 23:45,6.897
12/20/2023 0:00,6.918
12/20/2023 0:15,6.918
12/20/2023 0:30,6.918
12/20/2023 0:45,6.869
12/20/2023 1:00,6.823
12/20/2023 1:15,6.863
12/20/2023 1:30,6.825
12/20/2023 1:45,6.834
12/20/2023 2:00,6.855
12/20/2023 2:15,6.845
12/20/2023 2:30,6.844
12/20/2023 2:45,6.873
12/20/2023 3:00,6.892
12/20/2023 3:15,6.861
12/20/2023 3:30,6.853
12/20/2023 3:45,6.853
12/20/2023 4:00,6.864
12/20/2023 4:15,6.881
12/20/2023 4:30,6.853
12/20/2023 4:45,6.884
12/20/2023 5:00,6.835
12/20/2023 5:15,6.834
12/20/2023 5:30,6.844
12/20/2023 5:45,6.815
12/20/2023 6:00,6.816
12/20/2023 6:15,6.805
12/20/2023 6:30,6.799
12/20/2023 6:45,6.826
12/20/2023 7:00,6.817
12/20/2023 7:15,6.818
12/20/2023 7:30,6.836
12/20/2023 7:45,6.835
12/20/2023 8:00,6.806
12/20/2023 8:15,6.805
12/20/2023 8:30,6.796
12/20/2023 8:45,6.78
12/20/2023 9:00,6.778
12/20/2023 9:15,6.826
12/20/2023 9:30,6.851
12/20/2023 9:45,6.906
12/20/2023 10:00,6.904
12/20/2023 10:15,6.902
12/20/2023 10:30,6.938
12/20/2023 10:45,6.917
12/20/2023 11:00,6.944
12/20/2023 11:15,6.952
12/20/2023 11:30,6.978
12/20/2023 11:45,6.988
12/20/2023 12:00,6.978
12/20/2023 12:15,6.985
12/20/2023 12:30,6.988
12/20/2023 12:45,7.01
12/20/2023 13:00,7.02
12/20/2023 13:15,6.924
12/20/2023 13:30,6.877
12/20/2023 13:45,6.869
12/20/2023 14:00,6.861
12/20/2023 14:15,6.863
12/20/2023 14:30,6.883
12/20/2023 14:45,6.863
12/20/2023 15:00,6.807
12/20/2023 15:15,6.856
12/20/2023 15:30,6.847
12/20/2023 15:45,6.792
12/20/2023 16:00,6.783
12/20/2023 16:15,6.738
12/20/2023 16:30,6.701
12/20/2023 16:45,6.693
12/20/2023 17:00,6.628
12/20/2023 17:15,6.525
12/20/2023 17:30,6.459
12/20/2023 17:45,6.422
12/20/2023 18:00,6.385
12/20/2023 18:15,6.424
12/20/2023 18:30,6.387
12/20/2023 18:45,6.339
12/20/2023 19:00,6.311
12/20/2023 19:15,6.283
12/20/2023 19:30,6.283
12/20/2023 19:45,6.303
12/20/2023 20:00,6.265
12/20/2023 20:15,6.303
12/20/2023 20:30,6.332
12/20/2023 20:45,6.313
12/20/2023 21:00,6.332
12/20/2023 21:15,6.35
12/20/2023 21:20,6.313
12/20/2023 21:30,6.303
12/20/2023 21:45,6.322
12/20/2023 22:00,6.332
12/20/2023 22:15,6.303
12/20/2023 22:30,6.332
12/20/2023 22:45,6.341
12/20/2023 23:00,6.389
12/20/2023 23:15,6.398
12/20/2023 23:30,6.426
12/20/2023 23:45,6.435
12/21/2023 0:00,6.425
12/21/2023 0:15,6.434
12/21/2023 0:30,6.377
12/21/2023 0:45,6.32
12/21/2023 1:00,6.196
12/21/2023 1:15,6.149
12/21/2023 1:30,6.054
12/21/2023 1:45,6.074
12/21/2023 2:00,6.103
12/21/2023 2:15,6.274
12/21/2023 2:30,6.265
12/21/2023 2:45,6.283
12/21/2023 3:00,6.236
12/21/2023 3:15,6.274
12/21/2023 3:30,6.265
12/21/2023 3:45,6.284
12/21/2023 4:00,6.274
12/21/2023 4:15,6.227
12/21/2023 4:30,6.303
12/21/2023 4:45,6.218
12/21/2023 5:00,6.17
12/21/2023 5:15,6.151
12/21/2023 5:30,6.219
12/21/2023 5:45,6.209
12/21/2023 6:00,6.256
12/21/2023 6:15,6.266
12/21/2023 6:30,6.294
12/21/2023 6:45,6.303
12/21/2023 7:00,6.331
12/21/2023 7:15,6.34
12/21/2023 7:30,6.33
12/21/2023 7:45,6.349
12/21/2023 8:00,6.339
12/21/2023 8:15,6.367
12/21/2023 8:30,6.377
12/21/2023 8:45,6.376
12/21/2023 9:00,6.395
12/21/2023 9:15,6.414
12/21/2023 9:30,6.48
12/21/2023 9:45,6.564
12/21/2023 10:00,6.581
12/21/2023 10:15,6.654
12/21/2023 10:30,6.679
12/21/2023 10:45,6.706
12/21/2023 11:00,6.724
12/21/2023 11:15,6.732
12/21/2023 11:30,6.768
12/21/2023 11:45,6.778
12/21/2023 12:00,6.776
12/21/2023 12:15,6.785
12/21/2023 12:30,6.804
12/21/2023 12:45,6.814
12/21/2023 13:00,6.825
12/21/2023 13:15,6.844
12/21/2023 13:30,6.845
12/21/2023 13:45,6.835
12/21/2023 14:00,6.863
12/21/2023 14:15,6.855
12/21/2023 14:30,6.864
12/21/2023 14:45,6.865
12/21/2023 15:00,6.845
12/21/2023 15:15,6.846
12/21/2023 15:30,6.837
12/21/2023 15:45,6.771
12/21/2023 16:00,6.732
12/21/2023 16:15,6.657
12/21/2023 16:30,6.592
12/21/2023 16:45,6.567
12/21/2023 17:00,6.522
12/21/2023 17:15,6.486
12/21/2023 17:30,6.506
12/21/2023 17:45,6.488
12/21/2023 18:00,6.479
12/21/2023 18:15,6.489
12/21/2023 18:30,6.489
12/21/2023 18:45,6.47
12/21/2023 19:00,6.479
12/21/2023 19:15,6.479
12/21/2023 19:30,6.489
12/21/2023 19:45,6.489
12/21/2023 20:00,6.498
12/21/2023 20:15,6.498
12/21/2023 20:30,6.507
12/21/2023 20:45,6.517
12/21/2023 21:00,6.517
12/21/2023 21:15,6.498
12/21/2023 21:30,6.489
12/21/2023 21:45,6.479
12/21/2023 22:00,6.47
12/21/2023 22:15,6.46
12/21/2023 22:30,6.46
12/21/2023 22:45,6.46
12/21/2023 23:00,6.47
12/21/2023 23:15,6.451
12/21/2023 23:30,6.479
12/21/2023 23:45,6.489
12/22/2023 0:00,6.517
12/22/2023 0:15,6.498
12/22/2023 0:30,6.498
12/22/2023 0:45,6.507
12/22/2023 1:00,6.498
12/22/2023 1:15,6.517
12/22/2023 1:30,6.489
12/22/2023 1:45,6.488
12/22/2023 2:00,6.489
12/22/2023 2:15,6.498
12/22/2023 2:30,6.479
12/22/2023 2:45,6.47
12/22/2023 3:00,6.489
12/22/2023 3:15,6.489
12/22/2023 3:30,6.479
12/22/2023 3:45,6.479
12/22/2023 4:00,6.489
12/22/2023 4:15,6.46
12/22/2023 4:30,6.451
12/22/2023 4:45,6.46
12/22/2023 5:00,6.441
12/22/2023 5:15,6.46
12/22/2023 5:30,6.479
12/22/2023 5:45,6.508
12/22/2023 6:00,6.546
12/22/2023 6:15,6.546
12/22/2023 6:30,6.564
12/22/2023 6:45,6.573
12/22/2023 7:00,6.592
12/22/2023 7:15,6.611
12/22/2023 7:30,6.611
12/22/2023 7:45,6.639
12/22/2023 8:00,6.627
12/22/2023 8:15,6.636
12/22/2023 8:30,6.646
12/22/2023 8:45,6.636
12/22/2023 9:00,6.662
12/22/2023 9:15,6.672
12/22/2023 9:30,6.654
12/22/2023 9:45,6.664
12/22/2023 10:00,6.616
12/22/2023 10:15,6.55
12/22/2023 10:30,6.645
12/22/2023 10:45,6.655
12/22/2023 11:00,6.695
12/22/2023 11:15,6.712
12/22/2023 11:30,6.694
12/22/2023 11:45,6.721
12/22/2023 12:00,6.757
12/22/2023 12:15,6.765
12/22/2023 12:30,6.774
12/22/2023 12:45,6.823
12/22/2023 13:00,6.821
12/22/2023 13:15,6.792
12/22/2023 13:30,6.791
12/22/2023 13:45,6.763
12/22/2023 14:00,6.772
12/22/2023 14:15,6.772
12/22/2023 14:30,6.744
12/22/2023 14:45,6.737
12/22/2023 15:00,6.671
12/22/2023 15:15,6.394
12/22/2023 15:30,6.113
12/22/2023 15:45,5.934
12/22/2023 16:00,5.765
12/22/2023 16:15,5.786
12/22/2023 16:30,5.787
12/22/2023 16:45,5.816
12/22/2023 17:00,5.731
12/22/2023 17:15,5.779
12/22/2023 17:30,5.902
12/22/2023 17:45,5.987
12/22/2023 18:00,5.96
12/22/2023 18:15,5.902
12/22/2023 18:30,5.817
12/22/2023 18:45,5.931
12/22/2023 19:00,5.94
12/22/2023 19:15,5.788
12/22/2023 19:30,5.874
12/22/2023 19:45,5.912
12/22/2023 20:00,5.978
12/22/2023 20:15,5.94
12/22/2023 20:30,5.94
12/22/2023 20:45,5.93
12/22/2023 21:00,5.845
12/22/2023 21:15,5.807
12/22/2023 21:30,5.864
12/22/2023 21:45,5.816
12/22/2023 22:00,5.75
12/22/2023 22:15,5.703
12/22/2023 22:30,5.618
12/22/2023 22:45,5.627
12/22/2023 23:00,5.618
12/22/2023 23:15,5.571
12/22/2023 23:30,5.534
12/22/2023 23:45,5.467
12/23/2023 0:00,5.525
12/23/2023 0:15,5.487
12/23/2023 0:30,5.515
12/23/2023 0:45,5.516
12/23/2023 1:00,5.554
12/23/2023 1:15,5.487
12/23/2023 1:30,5.544
12/23/2023 1:45,5.516
12/23/2023 2:00,5.629
12/23/2023 2:15,5.62
12/23/2023 2:30,5.563
12/23/2023 2:45,5.478
12/23/2023 3:00,5.478
12/23/2023 3:15,5.525
12/23/2023 3:30,5.601
12/23/2023 3:45,5.564
12/23/2023 4:00,5.602
12/23/2023 4:15,5.601
12/23/2023 4:30,5.563
12/23/2023 4:45,5.573
12/23/2023 5:00,5.687
12/23/2023 5:15,5.829
12/23/2023 5:30,5.962
12/23/2023 5:45,5.82
12/23/2023 6:00,5.688
12/23/2023 6:15,5.877
12/23/2023 6:30,5.802
12/23/2023 6:45,5.925
12/23/2023 7:00,5.963
12/23/2023 7:15,5.954
12/23/2023 7:30,5.85
12/23/2023 7:45,5.869
12/23/2023 8:00,5.869
12/23/2023 8:15,5.869
12/23/2023 8:30,5.727
12/23/2023 8:45,5.707
12/23/2023 9:00,5.764
12/23/2023 9:15,5.811
12/23/2023 9:30,5.753
12/23/2023 9:45,5.724
12/23/2023 10:00,5.827
12/23/2023 10:15,5.826
12/23/2023 10:30,5.785
12/23/2023 10:45,5.88
12/23/2023 11:00,5.83
12/23/2023 11:15,5.884
12/23/2023 11:30,5.977
12/23/2023 11:45,5.929
12/23/2023 12:00,5.947
12/23/2023 12:15,5.89
12/23/2023 12:30,5.985
12/23/2023 12:45,5.938
12/23/2023 13:00,5.852
12/23/2023 13:15,5.977
12/23/2023 13:30,6.033
12/23/2023 13:45,6.061
12/23/2023 14:00,6.089
12/23/2023 14:15,6.108
12/23/2023 14:30,6.119
12/23/2023 14:45,6.161
12/23/2023 15:00,6.065
12/23/2023 15:15,6.077
12/23/2023 15:30,6.116
12/23/2023 15:45,6.078
12/23/2023 16:00,6.136
12/23/2023 16:15,6.166
12/23/2023 16:30,6.129
12/23/2023 16:45,6.054
12/23/2023 17:00,6.046
12/23/2023 17:15,6.037
12/23/2023 17:30,6.066
12/23/2023 17:45,6.029
12/23/2023 18:00,5.982
12/23/2023 18:15,6.087
12/23/2023 18:30,6.012
12/23/2023 18:45,6.032
12/23/2023 19:00,6.015
12/23/2023 19:15,5.988
12/23/2023 19:30,5.988
12/23/2023 19:45,5.959
12/23/2023 20:00,5.94
12/23/2023 20:15,5.976
12/23/2023 20:30,5.987
12/23/2023 20:45,6.007
12/23/2023 21:00,5.932
12/23/2023 21:15,5.867
12/23/2023 21:30,5.924
12/23/2023 21:45,5.877
12/23/2023 22:00,5.887
12/23/2023 22:15,5.859
12/23/2023 22:30,5.813
12/23/2023 22:45,5.822
12/23/2023 23:00,5.802
12/23/2023 23:15,5.764
12/23/2023 23:30,5.773
12/23/2023 23:45,5.802
12/24/2023 0:00,5.802
12/24/2023 0:15,5.828
12/24/2023 0:30,5.791
12/24/2023 0:45,5.782
12/24/2023 1:00,5.753
12/24/2023 1:15,5.8
12/24/2023 1:30,5.782
12/24/2023 1:45,5.801
12/24/2023 2:00,5.801
12/24/2023 2:15,5.79
12/24/2023 2:30,5.79
12/24/2023 2:45,5.798
12/24/2023 3:00,5.808
12/24/2023 3:15,5.815
12/24/2023 3:30,5.787
12/24/2023 3:45,5.786
12/24/2023 4:00,5.776
12/24/2023 4:15,5.759
12/24/2023 4:30,5.76
12/24/2023 4:45,5.74
12/24/2023 5:00,5.75
12/24/2023 5:15,5.751
12/24/2023 5:30,5.76
12/24/2023 5:45,5.741
12/24/2023 6:00,5.74
12/24/2023 6:15,5.761
12/24/2023 6:30,5.751
12/24/2023 6:45,5.769
12/24/2023 7:00,5.761
12/24/2023 7:15,5.761
12/24/2023 7:30,5.739
12/24/2023 7:45,5.739
12/24/2023 8:00,5.75
12/24/2023 8:15,5.757
12/24/2023 8:30,5.767
12/24/2023 8:45,5.786
12/24/2023 9:00,5.823
12/24/2023 9:15,5.794
12/24/2023 9:30,5.841
12/24/2023 9:45,5.85
12/24/2023 10:00,5.858
12/24/2023 10:15,5.886
12/24/2023 10:30,5.885
12/24/2023 10:45,5.865
12/24/2023 11:00,5.892
12/24/2023 11:15,5.921
12/24/2023 11:30,5.939
12/24/2023 11:45,5.938
12/24/2023 12:00,5.957
12/24/2023 12:15,5.967
12/24/2023 12:30,5.976
12/24/2023 12:45,5.985
12/24/2023 13:00,6.032
12/24/2023 13:15,6.014
12/24/2023 13:30,6.004
12/24/2023 13:45,6.033
12/24/2023 14:00,6.004
12/24/2023 14:15,5.995
12/24/2023 14:30,5.957
12/24/2023 14:45,5.92
12/24/2023 15:00,5.901
12/24/2023 15:15,5.893
12/24/2023 15:30,5.884
12/24/2023 15:45,5.876
12/24/2023 16:00,5.838
12/24/2023 16:15,5.763
12/24/2023 16:30,5.726
12/24/2023 16:45,5.669
12/24/2023 17:00,5.661
12/24/2023 17:15,5.767
12/24/2023 17:30,5.738
12/24/2023 17:45,5.731
12/24/2023 18:00,5.769
12/24/2023 18:15,5.723
12/24/2023 18:30,5.742
12/24/2023 18:45,5.895
12/24/2023 19:00,5.847
12/24/2023 19:15,5.787
12/24/2023 19:30,5.825
12/24/2023 19:45,5.805
12/24/2023 20:00,5.805
12/24/2023 20:15,5.833
12/24/2023 20:30,5.842
12/24/2023 20:45,5.871
12/24/2023 21:00,5.898
12/24/2023 21:15,5.935
12/24/2023 21:30,5.926
12/24/2023 21:45,5.925
12/24/2023 22:00,5.944
12/24/2023 22:15,5.944
12/24/2023 22:30,5.934
12/24/2023 22:45,5.915
12/24/2023 23:00,5.924
12/24/2023 23:15,5.924
12/24/2023 23:30,5.905
12/24/2023 23:45,5.905
12/25/2023 0:00,5.905
12/25/2023 0:15,5.952
12/25/2023 0:30,5.953
12/25/2023 0:45,5.905
12/25/2023 1:00,5.915
12/25/2023 1:15,5.867
12/25/2023 1:30,5.848
12/25/2023 1:45,5.821
12/25/2023 2:00,5.793
12/25/2023 2:15,5.784
12/25/2023 2:30,5.784
12/25/2023 2:45,5.765
12/25/2023 3:00,5.775
12/25/2023 3:15,5.774
12/25/2023 3:30,5.765
12/25/2023 3:45,5.757
12/25/2023 4:00,5.757
12/25/2023 4:15,5.747
12/25/2023 4:30,5.757
12/25/2023 4:45,5.748
12/25/2023 5:00,5.766
12/25/2023 5:15,5.765
12/25/2023 5:30,5.756
12/25/2023 5:45,5.756
12/25/2023 6:00,5.737
12/25/2023 6:15,5.746
12/25/2023 6:30,5.756
12/25/2023 6:45,5.756
12/25/2023 7:00,5.765
12/25/2023 7:15,5.747
12/25/2023 7:30,5.737
12/25/2023 7:45,5.746
12/25/2023 8:00,5.746
12/25/2023 8:15,5.718
12/25/2023 8:30,5.746
12/25/2023 8:45,5.756
12/25/2023 9:00,5.765
12/25/2023 9:15,5.755
12/25/2023 9:30,5.764
12/25/2023 9:45,5.735
12/25/2023 10:00,5.79
12/25/2023 10:15,5.78
12/25/2023 10:30,5.845
12/25/2023 10:45,5.882
12/25/2023 11:00,5.881
12/25/2023 11:15,5.899
12/25/2023 11:30,5.945
12/25/2023 11:45,5.936
12/25/2023 12:00,5.951
12/25/2023 12:15,6.01
12/25/2023 12:30,6.02
12/25/2023 12:45,6.046
12/25/2023 13:00,6.035
12/25/2023 13:15,6.015
12/25/2023 13:30,6.043
12/25/2023 13:45,6.015
12/25/2023 14:00,6.054
12/25/2023 14:15,6.016
12/25/2023 14:30,5.989
12/25/2023 14:45,6.009
12/25/2023 15:00,5.999
12/25/2023 15:15,5.981
12/25/2023 15:30,5.935
12/25/2023 15:45,5.908
12/25/2023 16:00,5.937
12/25/2023 16:15,5.9
12/25/2023 16:30,5.883
12/25/2023 16:45,5.884
12/25/2023 17:00,5.875
12/25/2023 17:15,5.875
12/25/2023 17:30,5.885
12/25/2023 17:45,5.866
12/25/2023 18:00,5.847
12/25/2023 18:15,5.837
12/25/2023 18:30,5.838
12/25/2023 18:45,5.828
12/25/2023 19:00,5.838
12/25/2023 19:15,5.838
12/25/2023 19:30,5.857
12/25/2023 19:45,5.866
12/25/2023 20:00,5.885
12/25/2023 20:15,5.913
12/25/2023 20:30,5.885
12/25/2023 20:45,5.856
12/25/2023 21:00,5.875
12/25/2023 21:15,5.894
12/25/2023 21:30,5.913
12/25/2023 21:45,5.941
12/25/2023 22:00,5.95
12/25/2023 22:15,5.95
12/25/2023 22:30,5.96
12/25/2023 22:45,5.959
12/25/2023 23:00,5.96
12/25/2023 23:15,5.969
12/25/2023 23:30,5.95
12/25/2023 23:45,5.969
12/26/2023 0:00,5.93
12/26/2023 0:15,5.959
12/26/2023 0:30,5.94
12/26/2023 0:45,5.968
12/26/2023 1:00,5.94
12/26/2023 1:15,5.959
12/26/2023 1:30,5.94
12/26/2023 1:45,5.968
12/26/2023 2:00,5.959
12/26/2023 2:15,5.978
12/26/2023 2:30,5.931
12/26/2023 2:45,5.95
12/26/2023 3:00,5.959
12/26/2023 3:15,5.959
12/26/2023 3:30,5.959
12/26/2023 3:45,5.968
12/26/2023 4:00,5.997
12/26/2023 4:15,5.988
12/26/2023 4:30,6.007
12/26/2023 4:45,6.016
12/26/2023 5:00,6.016
12/26/2023 5:15,6.017
12/26/2023 5:30,6.017
12/26/2023 5:45,5.988
12/26/2023 6:00,5.979
12/26/2023 6:15,5.969
12/26/2023 6:30,5.988
12/26/2023 6:45,5.998
12/26/2023 7:00,5.998
12/26/2023 7:15,6.007
12/26/2023 7:30,6.026
12/26/2023 7:45,6.026
12/26/2023 8:00,6.036
12/26/2023 8:15,6.026
12/26/2023 8:30,6.055
12/26/2023 8:45,6.045
12/26/2023 9:00,6.054
12/26/2023 9:15,6.045
12/26/2023 9:30,6.045
12/26/2023 9:45,6.064
12/26/2023 10:00,6.092
12/26/2023 10:15,6.178
12/26/2023 10:30,6.216
12/26/2023 10:45,6.225
12/26/2023 11:00,6.291
12/26/2023 11:15,6.281
12/26/2023 11:30,6.328
12/26/2023 11:45,6.328
12/26/2023 12:00,6.299
12/26/2023 12:15,6.356
12/26/2023 12:30,6.356
12/26/2023 12:45,6.375
12/26/2023 13:00,6.346
12/26/2023 13:15,6.384
12/26/2023 13:30,6.375
12/26/2023 13:45,6.422
12/26/2023 14:00,6.364
12/26/2023 14:15,6.411
12/26/2023 14:30,6.42
12/26/2023 14:45,6.411
12/26/2023 15:00,6.374
12/26/2023 15:15,6.346
12/26/2023 15:30,6.365
12/26/2023 15:45,6.355
12/26/2023 16:00,6.346
12/26/2023 16:15,6.356
12/26/2023 16:30,6.327
12/26/2023 16:45,6.307
12/26/2023 17:00,6.213
12/26/2023 17:15,6.186
12/26/2023 17:30,6.215
12/26/2023 17:45,6.224
12/26/2023 18:00,6.243
12/26/2023 18:15,6.225
12/26/2023 18:30,6.215
12/26/2023 18:45,6.225
12/26/2023 19:00,6.244
12/26/2023 19:15,6.235
12/26/2023 19:30,6.244
12/26/2023 19:45,6.254
12/26/2023 20:00,6.244
12/26/2023 20:15,6.263
12/26/2023 20:30,6.253
12/26/2023 20:45,6.206
12/26/2023 21:00,6.206
12/26/2023 21:15,6.216
12/26/2023 21:30,6.225
12/26/2023 21:45,6.254
12/26/2023 22:00,6.244
12/26/2023 22:15,6.244
12/26/2023 22:30,6.272
12/26/2023 22:45,6.263
12/26/2023 23:00,6.244
12/26/2023 23:15,6.234
12/26/2023 23:30,6.225
12/26/2023 23:45,6.215
12/27/2023 0:00,6.206
12/27/2023 0:15,6.206
12/27/2023 0:30,6.215
12/27/2023 0:45,6.196
12/27/2023 1:00,6.216
12/27/2023 1:15,6.216
12/27/2023 1:30,6.206
12/27/2023 1:45,6.187
12/27/2023 2:00,6.187
12/27/2023 2:15,6.159
12/27/2023 2:30,6.168
12/27/2023 2:45,6.159
12/27/2023 3:00,6.15
12/27/2023 3:15,6.15
12/27/2023 3:30,6.15
12/27/2023 3:45,6.131
12/27/2023 4:00,6.131
12/27/2023 4:15,6.122
12/27/2023 4:30,6.112
12/27/2023 4:45,6.113
12/27/2023 5:00,6.113
12/27/2023 5:15,6.112
12/27/2023 5:30,6.103
12/27/2023 5:45,6.122
12/27/2023 6:00,6.14
12/27/2023 6:15,6.159
12/27/2023 6:30,6.15
12/27/2023 6:45,6.168
12/27/2023 7:00,6.168
12/27/2023 7:15,6.149
12/27/2023 7:30,6.168
12/27/2023 7:45,6.158
12/27/2023 8:00,6.168
12/27/2023 8:15,6.158
12/27/2023 8:30,6.139
12/27/2023 8:45,6.12
12/27/2023 9:00,6.12
12/27/2023 9:15,6.149
12/27/2023 9:30,6.149
12/27/2023 9:45,6.177
12/27/2023 10:00,6.186
12/27/2023 10:15,6.186
12/27/2023 10:30,6.205
12/27/2023 10:45,6.224
12/27/2023 11:00,6.261
12/27/2023 11:15,6.252
12/27/2023 11:30,6.299
12/27/2023 11:45,6.317
12/27/2023 12:00,6.336
12/27/2023 12:15,6.353
12/27/2023 12:30,6.392
12/27/2023 12:45,6.398
12/27/2023 13:00,6.409
12/27/2023 13:15,6.389
12/27/2023 13:30,6.418
12/27/2023 13:45,6.407
12/27/2023 14:00,6.378
12/27/2023 14:15,6.358
12/27/2023 14:30,6.329
12/27/2023 14:45,6.341
12/27/2023 15:00,6.352
12/27/2023 15:15,6.335
12/27/2023 15:30,6.335
12/27/2023 15:45,6.335
12/27/2023 16:00,6.334
12/27/2023 16:15,6.326
12/27/2023 16:30,6.317
12/27/2023 16:45,6.317
12/27/2023 17:00,6.317
12/27/2023 17:15,6.308
12/27/2023 17:30,6.289
12/27/2023 17:45,6.298
12/27/2023 18:00,6.308
12/27/2023 18:15,6.327
12/27/2023 18:30,6.289
12/27/2023 18:45,6.298
12/27/2023 19:00,6.289
12/27/2023 19:15,6.327
12/27/2023 19:30,6.298
12/27/2023 19:45,6.289
12/27/2023 20:00,6.279
12/27/2023 20:15,6.251
12/27/2023 20:30,6.251
12/27/2023 20:45,6.232
12/27/2023 21:00,6.194
12/27/2023 21:15,6.195
12/27/2023 21:30,6.242
12/27/2023 21:30,6.242
12/27/2023 21:45,6.242
12/27/2023 22:00,6.271
12/27/2023 22:15,6.28
12/27/2023 22:30,6.28
12/27/2023 22:45,6.318
12/27/2023 23:00,6.308
12/27/2023 23:15,6.289
12/27/2023 23:30,6.317
12/27/2023 23:45,6.28
12/28/2023 0:00,6.279
12/28/2023 0:15,6.279
12/28/2023 0:30,6.232
12/28/2023 0:45,6.279
12/28/2023 1:00,6.26
12/28/2023 1:15,6.279
12/28/2023 1:30,6.299
12/28/2023 1:45,6.289
12/28/2023 2:00,6.279
12/28/2023 2:15,6.26
12/28/2023 2:30,6.27
12/28/2023 2:45,6.259
12/28/2023 3:00,6.231
12/28/2023 3:15,6.203
12/28/2023 3:30,6.156
12/28/2023 3:45,6.204
12/28/2023 4:00,6.176
12/28/2023 4:15,6.157
12/28/2023 4:30,6.129
12/28/2023 4:45,6.129
12/28/2023 5:00,6.205
12/28/2023 5:15,6.215
12/28/2023 5:30,6.252
12/28/2023 5:45,6.252
12/28/2023 6:00,6.204
12/28/2023 6:15,6.261
12/28/2023 6:30,6.261
12/28/2023 6:45,6.251
12/28/2023 7:00,6.261
12/28/2023 7:15,6.28
12/28/2023 7:30,6.289
12/28/2023 7:45,6.213
12/28/2023 8:00,6.185
12/28/2023 8:15,6.175
12/28/2023 8:30,6.185
12/28/2023 8:45,6.223
12/28/2023 9:00,6.251
12/28/2023 9:15,6.299
12/28/2023 9:30,6.316
12/28/2023 9:45,6.396
12/28/2023 10:00,6.413
12/28/2023 10:15,6.458
12/28/2023 10:30,6.485
12/28/2023 10:45,6.532
12/28/2023 11:00,6.55
12/28/2023 11:15,6.587
12/28/2023 11:30,6.615
12/28/2023 11:45,6.625
12/28/2023 12:00,6.623
12/28/2023 12:15,6.614
12/28/2023 12:30,6.624
12/28/2023 12:45,6.633
12/28/2023 13:00,6.634
12/28/2023 13:15,6.643
12/28/2023 13:30,6.653
12/28/2023 13:45,6.654
12/28/2023 14:00,6.663
12/28/2023 14:15,6.606
12/28/2023 14:30,6.531
12/28/2023 14:45,6.494
12/28/2023 15:00,6.495
12/28/2023 15:15,6.477
12/28/2023 15:30,6.469
12/28/2023 15:45,6.469
12/28/2023 16:00,6.453
12/28/2023 16:15,6.446
12/28/2023 16:30,6.388
12/28/2023 16:45,6.334
12/28/2023 17:00,6.258
12/28/2023 17:15,6.212
12/28/2023 17:30,6.279
12/28/2023 17:45,6.346
12/28/2023 18:00,6.356
12/28/2023 18:15,6.356
12/28/2023 18:30,6.355
12/28/2023 18:45,6.346
12/28/2023 19:00,6.346
12/28/2023 19:15,6.298
12/28/2023 19:30,6.288
12/28/2023 19:45,6.26
12/28/2023 20:00,6.298
12/28/2023 20:15,6.337
12/28/2023 20:30,6.308
12/28/2023 20:45,6.261
12/28/2023 21:00,6.233
12/28/2023 21:15,6.251
12/28/2023 21:30,6.252
12/28/2023 21:45,6.271
12/28/2023 22:00,6.318
12/28/2023 22:15,6.356
12/28/2023 22:30,6.366
12/28/2023 22:45,6.365
12/28/2023 23:00,6.384
12/28/2023 23:15,6.422
12/28/2023 23:30,6.431
12/28/2023 23:45,6.429
12/29/2023 0:00,6.448
12/29/2023 0:15,6.439
12/29/2023 0:30,6.448
12/29/2023 0:45,6.456
12/29/2023 1:00,6.464
12/29/2023 1:15,6.464
12/29/2023 1:30,6.424
12/29/2023 1:45,6.434
12/29/2023 2:00,6.424
12/29/2023 2:15,6.407
12/29/2023 2:30,6.425
12/29/2023 2:45,6.437
12/29/2023 3:00,6.455
12/29/2023 3:15,6.466
12/29/2023 3:30,6.463
12/29/2023 3:45,6.473
12/29/2023 4:00,6.464
12/29/2023 4:15,6.445
12/29/2023 4:30,6.463
12/29/2023 4:45,6.426
12/29/2023 5:00,6.436
12/29/2023 5:15,6.427
12/29/2023 5:30,6.406
12/29/2023 5:45,6.408
12/29/2023 6:00,6.37
12/29/2023 6:15,6.362
12/29/2023 6:30,6.401
12/29/2023 6:45,6.419
12/29/2023 7:00,6.381
12/29/2023 7:15,6.392
12/29/2023 7:30,6.343
12/29/2023 7:45,6.381
12/29/2023 8:00,6.398
12/29/2023 8:15,6.4
12/29/2023 8:30,6.362
12/29/2023 8:45,6.419
12/29/2023 9:00,6.448
12/29/2023 9:15,6.447
12/29/2023 9:30,6.501
12/29/2023 9:45,6.509
12/29/2023 10:00,6.518
12/29/2023 10:15,6.536
12/29/2023 10:30,6.564
12/29/2023 10:45,6.592
12/29/2023 11:00,6.619
12/29/2023 11:15,6.618
12/29/2023 11:30,6.655
12/29/2023 11:45,6.643
12/29/2023 12:00,6.651
12/29/2023 12:15,6.669
12/29/2023 12:30,6.68
12/29/2023 12:45,6.699
12/29/2023 13:00,6.698
12/29/2023 13:15,6.698
12/29/2023 13:30,6.689
12/29/2023 13:45,6.719
12/29/2023 14:00,6.729
12/29/2023 14:15,6.739
12/29/2023 14:30,6.719
12/29/2023 14:45,6.747
12/29/2023 15:00,6.729
12/29/2023 15:15,6.728
12/29/2023 15:30,6.701
12/29/2023 15:45,6.673
12/29/2023 16:00,6.636
12/29/2023 16:15,6.618
12/29/2023 16:30,6.6
12/29/2023 16:45,6.563
12/29/2023 17:00,6.526
12/29/2023 17:15,6.507
12/29/2023 17:30,6.489
12/29/2023 17:45,6.49
12/29/2023 18:00,6.462
12/29/2023 18:15,6.473
12/29/2023 18:30,6.464
12/29/2023 18:45,6.503
12/29/2023 19:00,6.502
12/29/2023 19:15,6.511
12/29/2023 19:30,6.567
12/29/2023 19:45,6.567
12/29/2023 20:00,6.556
12/29/2023 20:15,6.527
12/29/2023 20:30,6.545
12/29/2023 20:45,6.545
12/29/2023 21:00,6.555
12/29/2023 21:15,6.556
12/29/2023 21:30,6.546
12/29/2023 21:45,6.545
12/29/2023 22:00,6.546
12/29/2023 22:15,6.527
12/29/2023 22:30,6.488
12/29/2023 22:45,6.45
12/29/2023 23:00,6.404
12/29/2023 23:15,6.424
12/29/2023 23:30,6.426
12/29/2023 23:45,6.407
12/30/2023 0:00,6.37
12/30/2023 0:15,6.39
12/30/2023 0:30,6.38
12/30/2023 0:45,6.363
12/30/2023 1:00,6.345
12/30/2023 1:15,6.364
12/30/2023 1:30,6.335
12/30/2023 1:45,6.335
12/30/2023 2:00,6.373
12/30/2023 2:15,6.345
12/30/2023 2:30,6.344
12/30/2023 2:45,6.325
12/30/2023 3:00,6.288
12/30/2023 3:15,6.268
12/30/2023 3:30,6.24
12/30/2023 3:45,6.241
12/30/2023 4:00,6.221
12/30/2023 4:15,6.241
12/30/2023 4:30,6.232
12/30/2023 4:45,6.147
12/30/2023 5:00,6.138
12/30/2023 5:15,6.147
12/30/2023 5:30,6.129
12/30/2023 5:45,6.091
12/30/2023 6:00,6.063
12/30/2023 6:15,6.073
12/30/2023 6:30,6.073
12/30/2023 6:45,6.044
12/30/2023 7:00,6.007
12/30/2023 7:15,5.96
12/30/2023 7:30,6.026
12/30/2023 7:45,6.007
12/30/2023 8:00,6.045
12/30/2023 8:15,6.064
12/30/2023 8:30,6.074
12/30/2023 8:45,6.093
12/30/2023 9:00,6.14
12/30/2023 9:15,6.177
12/30/2023 9:30,6.234
12/30/2023 9:45,6.233
12/30/2023 10:00,6.251
12/30/2023 10:15,6.317
12/30/2023 10:30,6.381
12/30/2023 10:45,6.426
12/30/2023 11:00,6.426
12/30/2023 11:15,6.433
12/30/2023 11:30,6.422
12/30/2023 11:45,6.449
12/30/2023 12:00,6.478
12/30/2023 12:15,6.515
12/30/2023 12:30,6.524
12/30/2023 12:45,6.543
12/30/2023 13:00,6.534
12/30/2023 13:15,6.515
12/30/2023 13:30,6.524
12/30/2023 13:45,6.534
12/30/2023 14:00,6.534
12/30/2023 14:15,6.515
12/30/2023 14:30,6.487
12/30/2023 14:45,6.478
12/30/2023 15:00,6.469
12/30/2023 15:15,6.469
12/30/2023 15:30,6.497
12/30/2023 15:45,6.448
12/30/2023 16:00,6.438
12/30/2023 16:15,6.4
12/30/2023 16:30,6.382
12/30/2023 16:45,6.259
12/30/2023 17:00,6.128
12/30/2023 17:15,6.074
12/30/2023 17:30,6.002
12/30/2023 17:45,6.023
12/30/2023 18:00,6.043
12/30/2023 18:15,5.997
12/30/2023 18:30,5.959
12/30/2023 18:45,5.931
12/30/2023 19:00,5.951
12/30/2023 19:15,5.96
12/30/2023 19:30,5.894
12/30/2023 19:45,5.885
12/30/2023 20:00,5.857
12/30/2023 20:15,5.857
12/30/2023 20:30,5.819
12/30/2023 20:45,5.782
12/30/2023 21:00,5.792
12/30/2023 21:15,5.82
12/30/2023 21:30,5.802
12/30/2023 21:45,5.821
12/30/2023 22:00,5.783
12/30/2023 22:15,5.736
12/30/2023 22:30,5.802
12/30/2023 22:45,5.84
12/30/2023 23:00,5.83
12/30/2023 23:15,5.849
12/30/2023 23:30,5.916
12/30/2023 23:45,5.925
12/31/2023 0:00,5.905
12/31/2023 0:15,5.971
12/31/2023 0:30,6.009
12/31/2023 0:45,6.027
12/31/2023 1:00,6.075
12/31/2023 1:15,6.046
12/31/2023 1:30,6.036
12/31/2023 1:45,6.093
12/31/2023 2:00,6.111
12/31/2023 2:15,6.092
12/31/2023 2:30,6.101
12/31/2023 2:45,6.11
12/31/2023 3:00,6.12
12/31/2023 3:15,6.129
12/31/2023 3:30,6.139
12/31/2023 3:45,6.158
12/31/2023 4:00,6.129
12/31/2023 4:15,6.139
12/31/2023 4:30,6.148
12/31/2023 4:45,6.129
12/31/2023 5:00,6.148
12/31/2023 5:15,6.147
12/31/2023 5:30,6.147
12/31/2023 5:45,6.157
12/31/2023 6:00,6.157
12/31/2023 6:15,6.195
12/31/2023 6:30,6.195
12/31/2023 6:45,6.194
12/31/2023 7:00,6.194
12/31/2023 7:15,6.185
12/31/2023 7:30,6.185
12/31/2023 7:45,6.176
12/31/2023 8:00,6.176
12/31/2023 8:15,6.204
12/31/2023 8:30,6.185
12/31/2023 8:45,6.204
12/31/2023 9:00,6.195
12/31/2023 9:15,6.213
12/31/2023 9:30,6.28
12/31/2023 9:45,6.345
12/31/2023 10:00,6.388
12/31/2023 10:15,6.414
12/31/2023 10:30,6.451
12/31/2023 10:45,6.449
12/31/2023 11:00,6.438
12/31/2023 11:15,6.437
12/31/2023 11:30,6.476
12/31/2023 11:45,6.504
12/31/2023 12:00,6.513
12/31/2023 12:15,6.466
12/31/2023 12:30,6.447
12/31/2023 12:45,6.476
12/31/2023 13:00,6.496
12/31/2023 13:15,6.477
12/31/2023 13:30,6.534
12/31/2023 13:45,6.525
12/31/2023 14:00,6.534
12/31/2023 14:15,6.496
12/31/2023 14:30,6.477
12/31/2023 14:45,6.478
12/31/2023 15:00,6.487
12/31/2023 15:15,6.507
12/31/2023 15:30,6.536
12/31/2023 15:45,6.489
12/31/2023 16:00,6.422
12/31/2023 16:15,6.32
12/31/2023 16:30,6.263
12/31/2023 16:45,6.228
12/31/2023 17:00,6.249
12/31/2023 17:15,6.26
12/31/2023 17:30,6.27
12/31/2023 17:45,6.27
12/31/2023 18:00,6.24
12/31/2023 18:15,6.279
12/31/2023 18:30,6.213
12/31/2023 18:45,6.223
12/31/2023 19:00,6.26
12/31/2023 19:15,6.185
12/31/2023 19:30,6.119
12/31/2023 19:45,6.09
12/31/2023 20:00,6.072
12/31/2023 20:15,6.006
12/31/2023 20:30,6.035
12/31/2023 20:45,6.035
12/31/2023 21:00,6.026
12/31/2023 21:15,6.016
12/31/2023 21:30,5.988
12/31/2023 21:45,5.959
12/31/2023 22:00,5.941
12/31/2023 22:15,5.932
12/31/2023 22:30,5.903
12/31/2023 22:45,5.894
12/31/2023 23:00,5.913
12/31/2023 23:15,5.856
12/31/2023 23:30,5.857
12/31/2023 23:45,5.828
1/1/2024 0:00,5.81
1/1/2024 0:15,5.838
1/1/2024 0:30,5.81
1/1/2024 0:45,5.915
1/1/2024 1:00,5.839
1/1/2024 1:15,5.801
1/1/2024 1:30,5.801
1/1/2024 1:45,5.754
1/1/2024 2:00,5.773
1/1/2024 2:15,5.773
1/1/2024 2:30,5.755
1/1/2024 2:45,5.783
1/1/2024 3:00,5.707
1/1/2024 3:15,5.745
1/1/2024 3:30,5.764
1/1/2024 3:45,5.736
1/1/2024 4:00,5.755
1/1/2024 4:15,5.784
1/1/2024 4:30,5.783
1/1/2024 4:45,5.83
1/1/2024 5:00,5.839
1/1/2024 5:15,5.877
1/1/2024 5:30,5.876
1/1/2024 5:45,5.885
1/1/2024 6:00,5.866
1/1/2024 6:15,5.819
1/1/2024 6:30,5.828
1/1/2024 6:45,5.828
1/1/2024 7:00,5.857
1/1/2024 7:15,5.866
1/1/2024 7:30,5.875
1/1/2024 7:45,5.856
1/1/2024 8:00,5.866
1/1/2024 8:15,5.857
1/1/2024 8:30,5.866
1/1/2024 8:45,5.885
1/1/2024 9:00,5.904
1/1/2024 9:15,5.932
1/1/2024 9:30,5.941
1/1/2024 9:45,5.998
1/1/2024 10:00,6.035
1/1/2024 10:15,6.091
1/1/2024 10:30,6.134
1/1/2024 10:45,6.14
1/1/2024 11:00,6.214
1/1/2024 11:15,6.203
1/1/2024 11:30,6.24
1/1/2024 11:45,6.249
1/1/2024 12:00,6.249
1/1/2024 12:15,6.22
1/1/2024 12:30,6.267
1/1/2024 12:45,6.295
1/1/2024 13:00,6.286
1/1/2024 13:15,6.304
1/1/2024 13:30,6.304
1/1/2024 13:45,6.264
1/1/2024 14:00,6.312
1/1/2024 14:15,6.322
1/1/2024 14:30,6.323
1/1/2024 14:45,6.352
1/1/2024 15:00,6.362
1/1/2024 15:15,6.362
1/1/2024 15:30,6.334
1/1/2024 15:45,6.238
1/1/2024 16:00,6.077
1/1/2024 16:15,6.088
1/1/2024 16:30,6.044
1/1/2024 16:45,5.931
1/1/2024 17:00,5.888
1/1/2024 17:15,5.871
1/1/2024 17:30,5.835
1/1/2024 17:45,5.837
1/1/2024 18:00,5.818
1/1/2024 18:15,5.81
1/1/2024 18:30,5.772
1/1/2024 18:45,5.745
1/1/2024 19:00,5.754
1/1/2024 19:15,5.755
1/1/2024 19:30,5.661
1/1/2024 19:45,5.67
1/1/2024 20:00,5.652
1/1/2024 20:15,5.645
1/1/2024 20:30,5.617
1/1/2024 20:45,5.673
1/1/2024 21:00,5.664
1/1/2024 21:15,5.683
1/1/2024 21:30,5.785
1/1/2024 21:45,5.843
1/1/2024 22:00,5.879
1/1/2024 22:15,5.868
1/1/2024 22:30,5.858
1/1/2024 22:45,5.839
1/1/2024 23:00,5.838
1/1/2024 23:15,5.857
1/1/2024 23:30,5.866
1/1/2024 23:45,5.856
1/2/2024 0:00,5.856
1/2/2024 0:15,5.846
1/2/2024 0:30,5.866
1/2/2024 0:45,5.875
1/2/2024 1:00,5.865
1/2/2024 1:15,5.875
1/2/2024 1:30,5.903
1/2/2024 1:45,5.885
1/2/2024 2:00,5.866
1/2/2024 2:15,5.875
1/2/2024 2:30,5.875
1/2/2024 2:45,5.866
1/2/2024 3:00,5.847
1/2/2024 3:15,5.847
1/2/2024 3:30,5.866
1/2/2024 3:45,5.847
1/2/2024 4:00,5.838
1/2/2024 4:15,5.866
1/2/2024 4:30,5.876
1/2/2024 4:45,5.866
1/2/2024 5:00,5.857
1/2/2024 5:15,5.866
1/2/2024 5:30,5.847
1/2/2024 5:45,5.819
1/2/2024 6:00,5.819
1/2/2024 6:15,5.838
1/2/2024 6:30,5.819
1/2/2024 6:45,5.819
1/2/2024 7:00,5.819
1/2/2024 7:15,5.8
1/2/2024 7:30,5.829
1/2/2024 7:45,5.829
1/2/2024 8:00,5.829
1/2/2024 8:15,5.829
1/2/2024 8:30,5.829
1/2/2024 8:45,5.828
1/2/2024 9:00,5.847
1/2/2024 9:15,5.865
1/2/2024 9:30,5.884
1/2/2024 9:45,5.893
1/2/2024 10:00,5.929
1/2/2024 10:15,5.947
1/2/2024 10:30,5.965
1/2/2024 10:45,5.962
1/2/2024 11:00,5.97
1/2/2024 11:15,5.998
1/2/2024 11:30,6.008
1/2/2024 11:45,6.028
1/2/2024 12:00,6.064
1/2/2024 12:15,6.085
1/2/2024 12:30,6.084
1/2/2024 12:45,6.114
1/2/2024 13:00,6.141
1/2/2024 13:15,6.101
1/2/2024 13:30,6.111
1/2/2024 13:45,6.119
1/2/2024 14:00,6.122
1/2/2024 14:15,6.131
1/2/2024 14:30,6.142
1/2/2024 14:45,6.133
1/2/2024 15:00,6.105
1/2/2024 15:15,6.106
1/2/2024 15:30,6.097
1/2/2024 15:45,6.088
1/2/2024 16:00,6.061
1/2/2024 16:15,6.07
1/2/2024 16:30,6.032
1/2/2024 16:45,6.014
1/2/2024 17:00,6.014
1/2/2024 17:15,6.043
1/2/2024 17:30,6.043
1/2/2024 17:45,6.033
1/2/2024 18:00,6.005
1/2/2024 18:15,6.024
1/2/2024 18:30,6.015
1/2/2024 18:45,6.005
1/2/2024 19:00,6.005
1/2/2024 19:15,6.024
1/2/2024 19:30,6.044
1/2/2024 19:45,6.024
1/2/2024 20:00,5.996
1/2/2024 20:15,5.986
1/2/2024 20:30,5.987
1/2/2024 20:45,5.968
1/2/2024 21:00,5.968
1/2/2024 21:15,5.949
1/2/2024 21:30,5.949
1/2/2024 21:45,5.959
1/2/2024 22:00,5.931
1/2/2024 22:15,5.94
1/2/2024 22:30,5.94
1/2/2024 22:45,5.912
1/2/2024 23:00,5.912
1/2/2024 23:15,5.988
1/2/2024 23:30,5.998
1/2/2024 23:45,5.988
1/3/2024 0:00,5.997
1/3/2024 0:15,5.94
1/3/2024 0:30,5.76
1/3/2024 0:45,5.884
1/3/2024 1:00,5.932
1/3/2024 1:15,5.884
1/3/2024 1:30,5.923
1/3/2024 1:45,5.894
1/3/2024 2:00,5.923
1/3/2024 2:15,5.98
1/3/2024 2:30,5.98
1/3/2024 2:45,5.97
1/3/2024 3:00,5.96
1/3/2024 3:15,5.941
1/3/2024 3:30,5.97
1/3/2024 3:45,5.969
1/3/2024 4:00,5.979
1/3/2024 4:15,5.988
1/3/2024 4:30,5.998
1/3/2024 4:45,5.988
1/3/2024 5:00,5.978
1/3/2024 5:15,5.988
1/3/2024 5:30,5.997
1/3/2024 5:45,5.988
1/3/2024 6:00,5.95
1/3/2024 6:15,5.988
1/3/2024 6:30,6.017
1/3/2024 6:45,5.998
1/3/2024 7:00,6.016
1/3/2024 7:15,5.997
1/3/2024 7:30,6.016
1/3/2024 7:45,6.035
1/3/2024 8:00,6.025
1/3/2024 8:15,6.044
1/3/2024 8:30,6.016
1/3/2024 8:45,6.054
1/3/2024 9:00,6.053
1/3/2024 9:15,6.053
1/3/2024 9:30,6.072
1/3/2024 9:45,6.053
1/3/2024 10:00,6.186
1/3/2024 10:15,6.233
1/3/2024 10:30,6.251
1/3/2024 10:45,6.232
1/3/2024 11:00,6.231
1/3/2024 11:15,6.251
1/3/2024 11:30,6.212
1/3/2024 11:45,6.137
1/3/2024 12:00,6.137
1/3/2024 12:15,6.146
1/3/2024 12:30,6.099
1/3/2024 12:45,6.08
1/3/2024 13:00,6.069
1/3/2024 13:15,6.032
1/3/2024 13:30,6.07
1/3/2024 13:45,6.09
1/3/2024 14:00,6.061
1/3/2024 14:15,6.128
1/3/2024 14:30,6.194
1/3/2024 14:45,6.157
1/3/2024 15:00,6.071
1/3/2024 15:15,6.005
1/3/2024 15:30,6.014
1/3/2024 15:45,6.024
1/3/2024 16:00,6.062
1/3/2024 16:15,6.024
1/3/2024 16:30,6.024
1/3/2024 16:45,6.091
1/3/2024 17:00,6.167
1/3/2024 17:15,6.053
1/3/2024 17:30,5.977
1/3/2024 17:45,5.968
1/3/2024 18:00,6.063
1/3/2024 18:15,6.157
1/3/2024 18:30,6.177
1/3/2024 18:45,6.177
1/3/2024 19:00,6.139
1/3/2024 19:15,6.158
1/3/2024 19:30,6.186
1/3/2024 19:45,6.176
1/3/2024 20:00,6.167
1/3/2024 20:15,6.148
1/3/2024 20:30,6.091
1/3/2024 20:45,6.035
1/3/2024 21:00,5.949
1/3/2024 21:15,5.892
1/3/2024 21:30,5.921
1/3/2024 21:40,5.987
1/3/2024 21:45,5.959
1/3/2024 22:00,6.006
1/3/2024 22:15,6.025
1/3/2024 22:30,5.987
1/3/2024 22:45,5.911
1/3/2024 23:00,6.025
1/3/2024 23:15,6.063
1/3/2024 23:30,6.082
1/3/2024 23:45,6.158
1/4/2024 0:00,6.149
1/4/2024 0:15,6.177
1/4/2024 0:30,6.177
1/4/2024 0:45,6.167
1/4/2024 1:00,6.158
1/4/2024 1:15,6.167
1/4/2024 1:30,6.149
1/4/2024 1:45,6.167
1/4/2024 2:00,6.177
1/4/2024 2:15,6.196
1/4/2024 2:30,6.167
1/4/2024 2:45,6.186
1/4/2024 3:00,6.186
1/4/2024 3:15,6.196
1/4/2024 3:30,6.186
1/4/2024 3:45,6.186
1/4/2024 4:00,6.205
1/4/2024 4:15,6.215
1/4/2024 4:30,6.214
1/4/2024 4:45,6.205
1/4/2024 5:00,6.196
1/4/2024 5:15,6.215
1/4/2024 5:30,6.224
1/4/2024 5:45,6.205
1/4/2024 6:00,6.214
1/4/2024 6:15,6.205
1/4/2024 6:30,6.195
1/4/2024 6:45,6.214
1/4/2024 7:00,6.205
1/4/2024 7:15,6.158
1/4/2024 7:30,6.167
1/4/2024 7:45,6.186
1/4/2024 8:00,6.186
1/4/2024 8:15,6.205
1/4/2024 8:30,6.186
1/4/2024 8:45,6.186
1/4/2024 9:00,6.243
1/4/2024 9:15,6.243
1/4/2024 9:30,6.271
1/4/2024 9:45,6.271
1/4/2024 10:00,6.298
1/4/2024 10:15,6.346
1/4/2024 10:30,6.344
1/4/2024 10:45,6.227
1/4/2024 11:00,6.074
1/4/2024 11:15,6.044
1/4/2024 11:30,6.063
1/4/2024 11:45,6.091
1/4/2024 12:00,6.092
1/4/2024 12:15,6.034
1/4/2024 12:30,6.11
1/4/2024 12:45,6.204
1/4/2024 13:00,6.11
1/4/2024 13:15,6.138
1/4/2024 13:30,6.09
1/4/2024 13:45,6.091
1/4/2024 14:00,6.092
1/4/2024 14:15,6.101
1/4/2024 14:30,6.15
1/4/2024 14:45,6.159
1/4/2024 15:00,6.199
1/4/2024 15:15,6.2
1/4/2024 15:30,6.218
1/4/2024 15:45,6.266
1/4/2024 16:00,6.23
1/4/2024 16:15,6.288
1/4/2024 16:30,6.307
1/4/2024 16:45,6.327
1/4/2024 17:00,6.337
1/4/2024 17:15,6.318
1/4/2024 17:30,6.308
1/4/2024 17:45,6.308
1/4/2024 18:00,6.318
1/4/2024 18:15,6.308
1/4/2024 18:30,6.299
1/4/2024 18:45,6.29
1/4/2024 19:00,6.27
1/4/2024 19:15,6.28
1/4/2024 19:30,6.261
1/4/2024 19:45,6.251
1/4/2024 20:00,6.252
1/4/2024 20:15,6.261
1/4/2024 20:30,6.261
1/4/2024 20:45,6.261
1/4/2024 21:00,6.28
1/4/2024 21:15,6.308
1/4/2024 21:30,6.308
1/4/2024 21:45,6.29
1/4/2024 22:00,6.233
1/4/2024 22:15,6.195
1/4/2024 22:30,6.128
1/4/2024 22:45,6.099
1/4/2024 23:00,6.024
1/4/2024 23:15,5.985
1/4/2024 23:30,5.975
1/4/2024 23:45,5.937
1/5/2024 0:00,5.919
1/5/2024 0:15,5.872
1/5/2024 0:30,5.852
1/5/2024 0:45,5.891
1/5/2024 1:00,5.806
1/5/2024 1:15,5.777
1/5/2024 1:30,5.654
1/5/2024 1:45,5.664
1/5/2024 2:00,5.73
1/5/2024 2:15,5.721
1/5/2024 2:30,5.702
1/5/2024 2:45,5.693
1/5/2024 3:00,5.712
1/5/2024 3:15,5.702
1/5/2024 3:30,5.788
1/5/2024 3:45,5.636
1/5/2024 4:00,5.655
1/5/2024 4:15,5.646
1/5/2024 4:30,5.608
1/5/2024 4:45,5.532
1/5/2024 5:00,5.599
1/5/2024 5:15,5.579
1/5/2024 5:30,5.58
1/5/2024 5:45,5.551
1/5/2024 6:00,5.608
1/5/2024 6:15,5.551
1/5/2024 6:30,5.646
1/5/2024 6:45,5.618
1/5/2024 7:00,5.58
1/5/2024 7:15,5.722
1/5/2024 7:30,5.675
1/5/2024 7:45,5.818
1/5/2024 8:00,5.799
1/5/2024 8:15,5.705
1/5/2024 8:30,5.676
1/5/2024 8:45,5.657
1/5/2024 9:00,5.695
1/5/2024 9:15,5.705
1/5/2024 9:30,5.695
1/5/2024 9:45,5.76
1/5/2024 10:00,5.683
1/5/2024 10:15,5.645
1/5/2024 10:30,5.635
1/5/2024 10:45,5.682
1/5/2024 11:00,5.71
1/5/2024 11:15,5.72
1/5/2024 11:30,5.804
1/5/2024 11:45,5.824
1/5/2024 12:00,5.776
1/5/2024 12:15,5.822
1/5/2024 12:30,5.783
1/5/2024 12:45,5.831
1/5/2024 13:00,5.812
1/5/2024 13:15,5.896
1/5/2024 13:30,5.913
1/5/2024 13:45,5.922
1/5/2024 14:00,5.93
1/5/2024 14:15,5.913
1/5/2024 14:30,5.828
1/5/2024 14:45,5.915
1/5/2024 15:00,5.914
1/5/2024 15:15,5.912
1/5/2024 15:30,5.911
1/5/2024 15:45,5.769
1/5/2024 16:00,5.799
1/5/2024 16:15,5.848
1/5/2024 16:30,5.918
1/5/2024 16:45,5.881
1/5/2024 17:00,5.92
1/5/2024 17:15,5.892
1/5/2024 17:30,5.95
1/5/2024 17:45,5.96
1/5/2024 18:00,5.989
1/5/2024 18:15,6.017
1/5/2024 18:30,5.988
1/5/2024 18:45,5.913
1/5/2024 19:00,5.894
1/5/2024 19:15,5.895
1/5/2024 19:30,5.952
1/5/2024 19:45,5.98
1/5/2024 20:00,5.942
1/5/2024 20:15,5.933
1/5/2024 20:30,5.914
1/5/2024 20:45,5.933
1/5/2024 21:00,5.904
1/5/2024 21:15,5.895
1/5/2024 21:30,5.876
1/5/2024 21:45,5.876
1/5/2024 22:00,5.895
1/5/2024 22:15,5.895
1/5/2024 22:30,5.876
1/5/2024 22:45,5.894
1/5/2024 23:00,5.894
1/5/2024 23:15,5.922
1/5/2024 23:30,5.932
1/5/2024 23:45,5.913
1/6/2024 0:00,5.903
1/6/2024 0:15,5.904
1/6/2024 0:30,5.904
1/6/2024 0:45,5.913
1/6/2024 1:00,5.922
1/6/2024 1:15,5.922
1/6/2024 1:30,5.922
1/6/2024 1:45,5.932
1/6/2024 2:00,5.922
1/6/2024 2:15,5.96
1/6/2024 2:30,5.941
1/6/2024 2:45,5.922
1/6/2024 3:00,5.922
1/6/2024 3:15,5.941
1/6/2024 3:30,5.922
1/6/2024 3:45,5.941
1/6/2024 4:00,5.95
1/6/2024 4:15,5.969
1/6/2024 4:30,5.96
1/6/2024 4:45,5.988
1/6/2024 5:00,5.988
1/6/2024 5:15,6.016
1/6/2024 5:30,5.978
1/6/2024 5:45,5.883
1/6/2024 6:00,5.969
1/6/2024 6:15,6.016
1/6/2024 6:30,5.997
1/6/2024 6:45,5.987
1/6/2024 7:00,6.016
1/6/2024 7:15,6.006
1/6/2024 7:30,5.968
1/6/2024 7:45,5.921
1/6/2024 8:00,5.997
1/6/2024 8:15,5.978
1/6/2024 8:30,5.997
1/6/2024 8:45,5.978
1/6/2024 9:00,6.007
1/6/2024 9:15,6.016
1/6/2024 9:30,6.026
1/6/2024 9:45,6.016
1/6/2024 10:00,6.006
1/6/2024 10:15,6.007
1/6/2024 10:30,6.007
1/6/2024 10:45,6.016
1/6/2024 11:00,5.987
1/6/2024 11:15,6.006
1/6/2024 11:30,5.987
1/6/2024 11:45,5.987
1/6/2024 12:00,5.996
1/6/2024 12:15,5.996
1/6/2024 12:30,5.977
1/6/2024 12:45,5.902
1/6/2024 13:00,5.873
1/6/2024 13:15,5.816
1/6/2024 13:30,5.797
1/6/2024 13:45,5.816
1/6/2024 14:00,5.788
1/6/2024 14:15,5.778
1/6/2024 14:30,5.778
1/6/2024 14:45,5.731
1/6/2024 15:00,5.75
1/6/2024 15:15,5.684
1/6/2024 15:30,5.655
1/6/2024 15:45,5.769
1/6/2024 16:00,5.77
1/6/2024 16:15,5.769
1/6/2024 16:30,5.817
1/6/2024 16:45,5.817
1/6/2024 17:00,5.77
1/6/2024 17:15,5.732
1/6/2024 17:30,5.713
1/6/2024 17:45,5.647
1/6/2024 18:00,5.685
1/6/2024 18:15,5.713
1/6/2024 18:30,5.666
1/6/2024 18:45,5.6
1/6/2024 19:00,5.562
1/6/2024 19:15,5.591
1/6/2024 19:30,5.553
1/6/2024 19:45,5.629
1/6/2024 20:00,5.601
1/6/2024 20:15,5.592
1/6/2024 20:30,5.583
1/6/2024 20:45,5.365
1/6/2024 21:00,5.554
1/6/2024 21:15,5.574
1/6/2024 21:30,5.242
1/6/2024 21:45,5.252
1/6/2024 22:00,5.185
1/6/2024 22:15,5.204
1/6/2024 22:30,5.317
1/6/2024 22:45,5.554
1/6/2024 23:00,5.374
1/6/2024 23:15,5.45
1/6/2024 23:30,5.592
1/6/2024 23:45,5.687
1/7/2024 0:00,5.668
1/7/2024 0:15,5.668
1/7/2024 0:30,5.677
1/7/2024 0:45,5.62
1/7/2024 1:00,5.554
1/7/2024 1:15,5.621
1/7/2024 1:30,5.659
1/7/2024 1:45,5.65
1/7/2024 2:00,5.688
1/7/2024 2:15,5.678
1/7/2024 2:30,5.707
1/7/2024 2:45,5.697
1/7/2024 3:00,5.745
1/7/2024 3:15,5.792
1/7/2024 3:30,5.679
1/7/2024 3:45,5.556
1/7/2024 4:00,5.689
1/7/2024 4:15,5.688
1/7/2024 4:30,5.622
1/7/2024 4:45,5.613
1/7/2024 5:00,5.518
1/7/2024 5:15,5.501
1/7/2024 5:30,5.551
1/7/2024 5:45,5.401
1/7/2024 6:00,5.593
1/7/2024 6:15,5.764
1/7/2024 6:30,5.64
1/7/2024 6:45,5.678
1/7/2024 7:00,5.612
1/7/2024 7:15,5.497
1/7/2024 7:30,5.336
1/7/2024 7:45,5.347
1/7/2024 8:00,5.338
1/7/2024 8:15,5.291
1/7/2024 8:30,5.32
1/7/2024 8:45,5.254
1/7/2024 9:00,5.358
1/7/2024 9:15,5.396
1/7/2024 9:30,5.452
1/7/2024 9:45,5.497
1/7/2024 10:00,5.577
1/7/2024 10:15,5.679
1/7/2024 10:30,5.734
1/7/2024 10:45,5.733
1/7/2024 11:00,5.496
1/7/2024 11:15,5.571
1/7/2024 11:30,5.607
1/7/2024 11:45,5.665
1/7/2024 12:00,5.589
1/7/2024 12:15,5.702
1/7/2024 12:30,5.721
1/7/2024 12:45,5.702
1/7/2024 13:00,5.532
1/7/2024 13:15,5.712
1/7/2024 13:30,5.409
1/7/2024 13:45,5.4
1/7/2024 14:00,5.618
1/7/2024 14:15,5.769
1/7/2024 14:30,5.883
1/7/2024 14:45,5.883
1/7/2024 15:00,5.845
1/7/2024 15:15,5.864
1/7/2024 15:30,5.826
1/7/2024 15:45,5.656
1/7/2024 16:00,5.6
1/7/2024 16:15,5.552
1/7/2024 16:30,5.439
1/7/2024 16:45,5.289
1/7/2024 17:00,5.195
1/7/2024 17:15,5.046
1/7/2024 17:30,4.985
1/7/2024 17:45,4.961
1/7/2024 18:00,4.917
1/7/2024 18:15,4.874
1/7/2024 18:30,4.904
1/7/2024 18:45,4.886
1/7/2024 19:00,4.84
1/7/2024 19:15,4.831
1/7/2024 19:30,4.831
1/7/2024 19:45,4.774
1/7/2024 20:00,4.765
1/7/2024 20:15,4.711
1/7/2024 20:30,4.656
1/7/2024 20:45,4.592
1/7/2024 21:00,4.64
1/7/2024 21:15,4.631
1/7/2024 21:30,4.669
1/7/2024 21:45,4.849
1/7/2024 22:00,5.047
1/7/2024 22:15,5.158
1/7/2024 22:30,5.269
1/7/2024 22:45,5.266
1/7/2024 23:00,5.217
1/7/2024 23:15,5.188
1/7/2024 23:30,5.159
1/7/2024 23:45,5.169
1/8/2024 0:00,5.235
1/8/2024 0:15,5.244
1/8/2024 0:30,5.329
1/8/2024 0:45,5.42
1/8/2024 1:00,5.418
1/8/2024 1:15,5.454
1/8/2024 1:30,5.472
1/8/2024 1:45,5.471
1/8/2024 2:00,5.46
1/8/2024 2:15,5.488
1/8/2024 2:30,5.505
1/8/2024 2:45,5.522
1/8/2024 3:00,5.521
1/8/2024 3:15,5.549
1/8/2024 3:30,5.539
1/8/2024 3:45,5.557
1/8/2024 4:00,5.567
1/8/2024 4:15,5.586
1/8/2024 4:30,5.576
1/8/2024 4:45,5.604
1/8/2024 5:00,5.566
1/8/2024 5:15,5.622
1/8/2024 5:30,5.603
1/8/2024 5:45,5.651
1/8/2024 6:00,5.66
1/8/2024 6:15,5.632
1/8/2024 6:30,5.622
1/8/2024 6:45,5.641
1/8/2024 7:00,5.651
1/8/2024 7:15,5.632
1/8/2024 7:30,5.631
1/8/2024 7:45,5.603
1/8/2024 8:00,5.593
1/8/2024 8:15,5.603
1/8/2024 8:30,5.575
1/8/2024 8:45,5.622
1/8/2024 9:00,5.603
1/8/2024 9:15,5.622
1/8/2024 9:30,5.631
1/8/2024 9:45,5.64
1/8/2024 10:00,5.631
1/8/2024 10:15,5.649
1/8/2024 10:30,5.658
1/8/2024 10:45,5.695
1/8/2024 11:00,5.704
1/8/2024 11:15,5.732
1/8/2024 11:30,5.741
1/8/2024 11:45,5.759
1/8/2024 12:00,5.778
1/8/2024 12:15,5.73
1/8/2024 12:30,5.758
1/8/2024 12:45,5.796
1/8/2024 13:00,5.805
1/8/2024 13:15,5.824
1/8/2024 13:30,5.796
1/8/2024 13:45,5.777
1/8/2024 14:00,5.768
1/8/2024 14:15,5.787
1/8/2024 14:30,5.797
1/8/2024 14:45,5.797
1/8/2024 15:00,5.807
1/8/2024 15:15,5.788
1/8/2024 15:30,5.769
1/8/2024 15:45,5.741
1/8/2024 16:00,5.713
1/8/2024 16:15,5.685
1/8/2024 16:30,5.705
1/8/2024 16:45,5.715
1/8/2024 17:00,5.744
1/8/2024 17:15,5.734
1/8/2024 17:30,5.753
1/8/2024 17:45,5.763
1/8/2024 18:00,5.782
1/8/2024 18:15,5.753
1/8/2024 18:30,5.744
1/8/2024 18:45,5.725
1/8/2024 19:00,5.734
1/8/2024 19:15,5.725
1/8/2024 19:30,5.734
1/8/2024 19:45,5.715
1/8/2024 20:00,5.715
1/8/2024 20:15,5.734
1/8/2024 20:30,5.734
1/8/2024 20:45,5.743
1/8/2024 21:00,5.743
1/8/2024 21:15,5.791
1/8/2024 21:30,5.791
1/8/2024 21:45,5.762
1/8/2024 22:00,5.762
1/8/2024 22:15,5.8
1/8/2024 22:30,5.809
1/8/2024 22:45,5.762
1/8/2024 23:00,5.771
1/8/2024 23:15,5.79
1/8/2024 23:30,5.818
1/8/2024 23:45,5.837
1/9/2024 0:00,5.828
1/9/2024 0:15,5.828
1/9/2024 0:30,5.827
1/9/2024 0:45,5.847
1/9/2024 1:00,5.847
1/9/2024 1:15,5.875
1/9/2024 1:30,5.875
1/9/2024 1:45,5.856
1/9/2024 2:00,5.837
1/9/2024 2:15,5.818
1/9/2024 2:30,5.827
1/9/2024 2:45,5.808
1/9/2024 3:00,5.836
1/9/2024 3:15,5.789
1/9/2024 3:30,5.789
1/9/2024 3:45,5.722
1/9/2024 4:00,5.713
1/9/2024 4:15,5.751
1/9/2024 4:30,5.78
1/9/2024 4:45,5.808
1/9/2024 5:00,5.827
1/9/2024 5:15,5.817
1/9/2024 5:30,5.826
1/9/2024 5:45,5.864
1/9/2024 6:00,5.836
1/9/2024 6:15,5.816
1/9/2024 6:30,5.759
1/9/2024 6:45,5.816
1/9/2024 7:00,5.816
1/9/2024 7:15,5.835
1/9/2024 7:30,5.835
1/9/2024 7:45,5.968
1/9/2024 8:00,6.414
1/9/2024 8:15,6.461
1/9/2024 8:30,6.471
1/9/2024 8:45,6.499
1/9/2024 9:00,6.518
1/9/2024 9:15,6.499
1/9/2024 9:30,6.499
1/9/2024 9:45,6.508
1/9/2024 10:00,6.499
1/9/2024 10:15,6.498
1/9/2024 10:30,6.487
1/9/2024 10:45,6.479
1/9/2024 11:00,6.488
1/9/2024 11:15,6.507
1/9/2024 11:30,6.697
1/9/2024 11:45,6.659
1/9/2024 12:00,6.62
1/9/2024 12:15,6.669
1/9/2024 12:28,6.65
1/9/2024 12:30,6.641
1/9/2024 12:45,6.65
1/9/2024 13:00,6.65
1/9/2024 13:15,6.651
1/9/2024 13:30,6.773
1/9/2024 13:45,6.802
1/9/2024 14:00,6.898
1/9/2024 14:15,6.898
1/9/2024 14:30,6.879
1/9/2024 14:45,6.907
1/9/2024 15:00,6.879
1/9/2024 15:15,6.897
1/9/2024 15:30,6.936
1/9/2024 15:45,6.955
1/9/2024 16:00,6.956
1/9/2024 16:15,6.975
1/9/2024 16:30,6.223
1/9/2024 16:45,6.195
1/9/2024 17:00,6.204
1/9/2024 17:15,6.214
1/9/2024 17:30,6.28
1/9/2024 17:45,6.289
1/9/2024 18:00,6.28
1/9/2024 18:15,6.328
1/9/2024 18:30,6.423
1/9/2024 18:45,6.575
1/9/2024 19:00,6.5
1/9/2024 19:15,6.291
1/9/2024 19:30,6.5
1/9/2024 19:45,6.462
1/9/2024 20:00,6.471
1/9/2024 20:15,6.462
1/9/2024 20:30,6.481
1/9/2024 20:45,6.472
1/9/2024 21:00,6.452
1/9/2024 21:15,6.434
1/9/2024 21:30,6.69
1/9/2024 21:45,6.671
1/9/2024 22:00,6.662
1/9/2024 22:15,6.682
1/9/2024 22:30,6.663
1/9/2024 22:45,6.653
1/9/2024 23:00,6.654
1/9/2024 23:15,6.664
1/9/2024 23:30,6.654
1/9/2024 23:45,6.635
1/10/2024 0:00,6.664
1/10/2024 0:15,6.645
1/10/2024 0:30,6.683
1/10/2024 0:45,6.674
1/10/2024 1:00,6.636
1/10/2024 1:15,6.655
1/10/2024 1:30,6.636
1/10/2024 1:45,6.636
1/10/2024 2:00,6.664
1/10/2024 2:15,6.645
1/10/2024 2:30,6.664
1/10/2024 2:45,6.673
1/10/2024 3:00,6.645
1/10/2024 3:15,6.654
1/10/2024 3:30,6.655
1/10/2024 3:45,6.636
1/10/2024 4:00,6.664
1/10/2024 4:15,6.636
1/10/2024 4:30,6.655
1/10/2024 4:45,6.645
1/10/2024 5:00,6.646
1/10/2024 5:15,6.665
1/10/2024 5:30,6.655
1/10/2024 5:45,6.655
1/10/2024 6:00,6.636
1/10/2024 6:15,6.645
1/10/2024 6:30,6.645
1/10/2024 6:45,6.626
1/10/2024 7:00,6.655
1/10/2024 7:15,6.636
1/10/2024 7:30,6.655
1/10/2024 7:45,6.646
1/10/2024 8:00,6.636
1/10/2024 8:15,6.655
1/10/2024 8:30,6.655
1/10/2024 8:45,6.665
1/10/2024 9:00,6.655
1/10/2024 9:15,6.635
1/10/2024 9:30,6.464
1/10/2024 9:45,6.463
1/10/2024 10:00,6.425
1/10/2024 10:15,6.406
1/10/2024 10:30,6.369
1/10/2024 10:45,6.387
1/10/2024 11:00,6.359
1/10/2024 11:15,6.378
1/10/2024 11:30,6.369
1/10/2024 11:45,6.368
1/10/2024 12:00,6.359
1/10/2024 12:15,6.397
1/10/2024 12:30,6.368
1/10/2024 12:45,6.358
1/10/2024 13:00,6.349
1/10/2024 13:15,6.367
1/10/2024 13:30,6.348
1/10/2024 13:45,6.358
1/10/2024 14:00,6.329
1/10/2024 14:15,6.338
1/10/2024 14:30,6.367
1/10/2024 14:45,6.348
1/10/2024 15:00,6.357
1/10/2024 15:15,6.376
1/10/2024 15:30,6.357
1/10/2024 15:45,6.358
1/10/2024 16:00,6.358
1/10/2024 16:15,6.377
1/10/2024 16:30,6.368
1/10/2024 16:45,6.359
1/10/2024 17:00,6.397
1/10/2024 17:15,6.397
1/10/2024 17:30,6.397
1/10/2024 17:45,6.369
1/10/2024 18:00,6.379
1/10/2024 18:15,6.397
1/10/2024 18:30,6.426
1/10/2024 18:45,6.397
1/10/2024 19:00,6.397
1/10/2024 19:15,6.359
1/10/2024 19:30,6.35
1/10/2024 19:45,6.35
1/10/2024 20:00,6.331
1/10/2024 20:15,6.312
1/10/2024 20:30,6.35
1/10/2024 20:45,6.341
1/10/2024 21:00,6.35
1/10/2024 21:15,6.331
1/10/2024 21:30,6.322
1/10/2024 21:45,6.341
1/10/2024 22:00,6.341
1/10/2024 22:15,6.369
1/10/2024 22:30,6.369
1/10/2024 22:45,6.35
1/10/2024 23:00,6.37
1/10/2024 23:15,6.36
1/10/2024 23:30,6.332
1/10/2024 23:45,6.36
1/11/2024 0:00,6.36
1/11/2024 0:15,6.341
1/11/2024 0:30,6.341
1/11/2024 0:45,6.369
1/11/2024 1:00,6.351
1/11/2024 1:15,6.35
1/11/2024 1:30,6.36
1/11/2024 1:45,6.351
1/11/2024 2:00,6.322
1/11/2024 2:15,6.341
1/11/2024 2:30,6.332
1/11/2024 2:45,6.341
1/11/2024 3:00,6.341
1/11/2024 3:15,6.294
1/11/2024 3:30,6.312
1/11/2024 3:45,6.294
1/11/2024 4:00,6.322
1/11/2024 4:15,6.303
1/11/2024 4:30,6.303
1/11/2024 4:45,6.294
1/11/2024 5:00,6.284
1/11/2024 5:15,6.294
1/11/2024 5:30,6.322
1/11/2024 5:45,6.294
1/11/2024 6:00,6.294
1/11/2024 6:15,6.341
1/11/2024 6:30,6.351
1/11/2024 6:45,6.37
1/11/2024 7:00,6.399
1/11/2024 7:15,6.361
1/11/2024 7:30,6.351
1/11/2024 7:45,6.351
1/11/2024 8:00,6.332
1/11/2024 8:15,6.294
1/11/2024 8:30,6.265
1/11/2024 8:45,6.056
1/11/2024 9:00,6.046
1/11/2024 9:15,6.113
1/11/2024 9:30,6.103
1/11/2024 9:45,6.454
1/11/2024 10:00,6.464
1/11/2024 10:15,6.511
1/11/2024 10:30,6.378
1/11/2024 10:45,6.397
1/11/2024 11:00,6.444
1/11/2024 11:15,6.463
1/11/2024 11:30,6.473
1/11/2024 11:45,6.311
1/11/2024 12:00,6.426
1/11/2024 12:15,6.444
1/11/2024 12:30,6.406
1/11/2024 12:45,6.378
1/11/2024 13:00,6.425
1/11/2024 13:15,6.386
1/11/2024 13:30,6.462
1/11/2024 13:45,6.415
1/11/2024 14:00,6.377
1/11/2024 14:15,6.406
1/11/2024 14:30,6.349
1/11/2024 14:45,6.387
1/11/2024 15:00,6.387
1/11/2024 15:15,6.397
1/11/2024 15:30,6.417
1/11/2024 15:45,6.54
1/11/2024 16:00,6.665
1/11/2024 16:15,6.608
1/11/2024 16:30,6.704
1/11/2024 16:45,6.657
1/11/2024 17:00,6.552
1/11/2024 17:15,6.581
1/11/2024 17:30,6.61
1/11/2024 17:45,6.544
1/11/2024 18:00,6.601
1/11/2024 18:15,6.553
1/11/2024 18:30,6.543
1/11/2024 18:45,6.516
1/11/2024 19:00,6.506
1/11/2024 19:15,6.439
1/11/2024 19:30,6.392
1/11/2024 19:45,6.403
1/11/2024 20:00,6.422
1/11/2024 20:15,6.545
1/11/2024 20:30,6.528
1/11/2024 20:45,6.508
1/11/2024 21:00,6.491
1/11/2024 21:15,6.395
1/11/2024 21:30,6.47
1/11/2024 21:45,6.471
1/11/2024 22:00,6.55
1/11/2024 22:15,6.51
1/11/2024 22:30,6.53
1/11/2024 22:45,6.464
1/11/2024 23:00,6.494
1/11/2024 23:15,6.466
1/11/2024 23:30,6.438
1/11/2024 23:45,6.428
1/12/2024 0:00,6.467
1/12/2024 0:15,6.315
1/12/2024 0:30,6.401
1/12/2024 0:45,6.421
1/12/2024 1:00,6.441
1/12/2024 1:15,6.412
1/12/2024 1:30,6.271
1/12/2024 1:45,6.436
1/12/2024 2:00,6.32
1/12/2024 2:15,6.36
1/12/2024 2:30,6.341
1/12/2024 2:45,6.333
1/12/2024 3:00,6.361
1/12/2024 3:15,6.286
1/12/2024 3:30,6.363
1/12/2024 3:45,6.259
1/12/2024 4:00,6.24
1/12/2024 4:15,6.155
1/12/2024 4:30,6.145
1/12/2024 4:45,6.126
1/12/2024 5:00,6.06
1/12/2024 5:15,6.042
1/12/2024 5:30,6.013
1/12/2024 5:45,5.947
1/12/2024 6:00,6.061
1/12/2024 6:15,6.081
1/12/2024 6:30,6.166
1/12/2024 6:45,6.176
1/12/2024 7:00,6.119
1/12/2024 7:15,6.261
1/12/2024 7:30,6.242
1/12/2024 7:45,6.281
1/12/2024 8:00,6.216
1/12/2024 8:15,6.121
1/12/2024 8:30,6.234
1/12/2024 8:45,6.036
1/12/2024 9:00,6.058
1/12/2024 9:15,5.803
1/12/2024 9:30,5.784
1/12/2024 9:45,5.689
1/12/2024 10:00,5.632
1/12/2024 10:15,5.924
1/12/2024 10:30,6.102
1/12/2024 10:45,6.119
1/12/2024 11:00,6.023
1/12/2024 11:15,6.146
1/12/2024 11:30,6.197
1/12/2024 11:45,5.984
1/12/2024 12:00,5.94
1/12/2024 12:15,5.937
1/12/2024 12:30,6.049
1/12/2024 12:45,5.992
1/12/2024 13:00,5.945
1/12/2024 13:15,5.85
1/12/2024 13:30,5.958
1/12/2024 13:45,5.895
1/12/2024 14:00,6.002
1/12/2024 14:15,5.881
1/12/2024 14:30,5.95
1/12/2024 14:45,5.885
1/12/2024 15:00,5.906
1/12/2024 15:15,5.802
1/12/2024 15:30,5.784
1/12/2024 15:45,5.889
1/12/2024 16:00,5.785
1/12/2024 16:15,5.758
1/12/2024 16:30,5.81
1/12/2024 16:45,5.529
1/12/2024 17:00,5.687
1/12/2024 17:15,5.567
1/12/2024 17:30,5.701
1/12/2024 17:45,5.74
1/12/2024 18:00,5.591
1/12/2024 18:15,5.661
1/12/2024 18:30,5.566
1/12/2024 18:45,5.577
1/12/2024 19:00,5.378
1/12/2024 19:15,5.379
1/12/2024 19:30,5.654
1/12/2024 19:45,5.74
1/12/2024 20:00,5.599
1/12/2024 20:15,5.345
1/12/2024 20:30,5.659
1/12/2024 20:45,5.345
1/12/2024 21:00,5.508
1/12/2024 21:15,5.526
1/12/2024 21:30,5.621
1/12/2024 21:45,5.235
1/12/2024 22:00,5.121
1/12/2024 22:15,5.463
1/12/2024 22:30,5.142
1/12/2024 22:45,5.124
1/12/2024 23:00,5.048
1/12/2024 23:15,5.02
1/12/2024 23:30,5.03
1/12/2024 23:45,5.012
1/13/2024 0:00,5.082
1/13/2024 0:15,4.97
1/13/2024 0:30,5.123
1/13/2024 0:45,4.981
1/13/2024 1:00,5.003
1/13/2024 1:15,5.032
1/13/2024 1:30,5.098
1/13/2024 1:45,5.251
1/13/2024 2:00,5.137
1/13/2024 2:15,5.2
1/13/2024 2:30,5.171
1/13/2024 2:45,5.199
1/13/2024 3:00,5.178
1/13/2024 3:15,5.243
1/13/2024 3:30,5.296
1/13/2024 3:45,5.314
1/13/2024 4:00,5.295
1/13/2024 4:15,5.313
1/13/2024 4:30,5.275
1/13/2024 4:45,5.294
1/13/2024 5:00,5.322
1/13/2024 5:15,5.351
1/13/2024 5:30,5.275
1/13/2024 5:45,5.304
1/13/2024 6:00,5.351
1/13/2024 6:15,5.323
1/13/2024 6:30,5.313
1/13/2024 6:45,5.379
1/13/2024 7:00,5.284
1/13/2024 7:15,5.322
1/13/2024 7:30,5.322
1/13/2024 7:45,5.293
1/13/2024 8:00,5.388
1/13/2024 8:15,5.369
1/13/2024 8:30,5.414
1/13/2024 8:45,5.401
1/13/2024 9:00,5.427
1/13/2024 9:15,5.5
1/13/2024 9:30,5.507
1/13/2024 9:45,5.476
1/13/2024 10:00,5.48
1/13/2024 10:15,5.513
1/13/2024 10:30,5.545
1/13/2024 10:45,5.561
1/13/2024 11:00,5.663
1/13/2024 11:15,5.63
1/13/2024 11:30,5.627
1/13/2024 11:45,5.672
1/13/2024 12:00,5.671
1/13/2024 12:15,5.658
1/13/2024 12:30,5.676
1/13/2024 12:45,5.669
1/13/2024 13:00,5.706
1/13/2024 13:15,5.661
1/13/2024 13:30,5.69
1/13/2024 13:45,5.694
1/13/2024 14:00,5.762
1/13/2024 14:15,5.735
1/13/2024 14:30,5.784
1/13/2024 14:45,5.757
1/13/2024 15:00,5.739
1/13/2024 15:15,5.682
1/13/2024 15:30,5.702
1/13/2024 15:45,5.646
1/13/2024 16:00,5.742
1/13/2024 16:15,5.696
1/13/2024 16:30,5.803
1/13/2024 16:45,5.643
1/13/2024 17:00,5.711
1/13/2024 17:15,5.692
1/13/2024 17:30,5.721
1/13/2024 17:45,5.704
1/13/2024 18:00,5.704
1/13/2024 18:15,5.676
1/13/2024 18:30,5.667
1/13/2024 18:45,5.743
1/13/2024 19:00,5.63
1/13/2024 19:15,5.658
1/13/2024 19:30,5.745
1/13/2024 19:45,5.764
1/13/2024 20:00,5.699
1/13/2024 20:15,5.767
1/13/2024 20:30,5.606
1/13/2024 20:45,5.616
1/13/2024 21:00,5.521
1/13/2024 21:15,5.578
1/13/2024 21:30,5.474
1/13/2024 21:45,5.418
1/13/2024 22:00,5.39
1/13/2024 22:15,5.409
1/13/2024 22:30,5.495
1/13/2024 22:45,5.515
1/13/2024 23:00,5.308
1/13/2024 23:15,5.254
1/13/2024 23:30,5.227
1/13/2024 23:45,5.228
1/14/2024 0:00,5.086
1/14/2024 0:15,5.02
1/14/2024 0:30,5.091
1/14/2024 0:45,5.092
1/14/2024 1:00,5.045
1/14/2024 1:15,5.045
1/14/2024 1:30,5.027
1/14/2024 1:45,5.056
1/14/2024 2:00,5.056
1/14/2024 2:15,5.065
1/14/2024 2:30,5.093
1/14/2024 2:45,5.232
1/14/2024 3:00,5.278
1/14/2024 3:15,5.314
1/14/2024 3:30,5.349
1/14/2024 3:45,5.345
1/14/2024 4:00,5.353
1/14/2024 4:15,5.352
1/14/2024 4:30,5.427
1/14/2024 4:45,5.597
1/14/2024 5:00,5.502
1/14/2024 5:15,5.462
1/14/2024 5:30,5.528
1/14/2024 5:45,5.536
1/14/2024 6:00,5.573
1/14/2024 6:15,5.571
1/14/2024 6:30,5.619
1/14/2024 6:45,5.58
1/14/2024 7:00,5.579
1/14/2024 7:15,5.664
1/14/2024 7:30,5.759
1/14/2024 7:45,5.844
1/14/2024 8:00,5.882
1/14/2024 8:15,5.863
1/14/2024 8:30,5.929
1/14/2024 8:45,5.939
1/14/2024 9:00,5.834
1/14/2024 9:15,5.91
1/14/2024 9:30,5.897
1/14/2024 9:45,5.791
1/14/2024 10:00,5.931
1/14/2024 10:15,5.883
1/14/2024 10:30,5.92
1/14/2024 10:45,6.033
1/14/2024 11:00,5.965
1/14/2024 11:15,5.84
1/14/2024 11:30,5.856
1/14/2024 11:45,6.044
1/14/2024 12:00,6.052
1/14/2024 12:15,6.032
1/14/2024 12:30,5.956
1/14/2024 12:45,5.985
1/14/2024 13:00,6.014
1/14/2024 13:15,5.947
1/14/2024 13:30,6.08
1/14/2024 13:45,6.053
1/14/2024 14:00,6.044
1/14/2024 14:15,5.949
1/14/2024 14:30,5.674
1/14/2024 14:45,5.819
1/14/2024 15:00,5.915
1/14/2024 15:15,5.945
1/14/2024 15:30,5.898
1/14/2024 15:45,5.899
1/14/2024 16:00,5.852
1/14/2024 16:15,5.824
1/14/2024 16:30,5.853
1/14/2024 16:45,5.854
1/14/2024 17:00,5.863
1/14/2024 17:15,5.855
1/14/2024 17:30,5.788
1/14/2024 17:45,5.506
1/14/2024 18:00,5.439
1/14/2024 18:15,5.472
1/14/2024 18:30,5.417
1/14/2024 18:45,5.248
1/14/2024 19:00,5.191
1/14/2024 19:15,5.131
1/14/2024 19:30,5.029
1/14/2024 19:45,5.058
1/14/2024 20:00,5.051
1/14/2024 20:15,5.027
1/14/2024 20:30,5.085
1/14/2024 20:45,5.048
1/14/2024 21:00,5.039
1/14/2024 21:15,5.012
1/14/2024 21:30,5.088
1/14/2024 21:45,4.983
1/14/2024 22:00,5.002
1/14/2024 22:15,4.888
1/14/2024 22:30,4.919
1/14/2024 22:45,4.892
1/14/2024 23:00,4.904
1/14/2024 23:15,5.009
1/14/2024 23:30,4.943
1/14/2024 23:45,4.915
1/15/2024 0:00,4.887
1/15/2024 0:15,4.972
1/15/2024 0:30,4.925
1/15/2024 0:45,4.887
1/15/2024 1:00,4.888
1/15/2024 1:15,4.916
1/15/2024 1:30,4.907
1/15/2024 1:45,4.879
1/15/2024 2:00,4.822
1/15/2024 2:15,4.812
1/15/2024 2:30,4.935
1/15/2024 2:45,5.001
1/15/2024 3:00,5.002
1/15/2024 3:15,5.001
1/15/2024 3:30,5.086
1/15/2024 3:45,5.133
1/15/2024 4:00,5.143
1/15/2024 4:15,5.038
1/15/2024 4:30,5.104
1/15/2024 4:45,4.942
1/15/2024 5:00,4.939
1/15/2024 5:15,4.929
1/15/2024 5:30,4.966
1/15/2024 5:45,5.044
1/15/2024 6:00,5.044
1/15/2024 6:15,5.042
1/15/2024 6:30,5.156
1/15/2024 6:45,5.28
1/15/2024 7:00,5.25
1/15/2024 7:15,5.343
1/15/2024 7:30,5.303
1/15/2024 7:45,5.28
1/15/2024 8:00,5.193
1/15/2024 8:15,5.23
1/15/2024 8:30,5.163
1/15/2024 8:45,5.2
1/15/2024 9:00,5.285
1/15/2024 9:15,5.341
1/15/2024 9:30,5.326
1/15/2024 9:45,5.569
1/15/2024 10:00,5.525
1/15/2024 10:15,5.559
1/15/2024 10:30,5.526
1/15/2024 10:45,5.465
1/15/2024 11:00,5.557
1/15/2024 11:15,5.629
1/15/2024 11:30,5.778
1/15/2024 11:45,5.928
1/15/2024 12:00,6.003
1/15/2024 12:15,5.85
1/15/2024 12:30,6.01
1/15/2024 12:45,6.048
1/15/2024 13:00,5.991
1/15/2024 13:15,6.087
1/15/2024 13:30,5.934
1/15/2024 13:45,6.057
1/15/2024 14:00,5.981
1/15/2024 14:15,5.944
1/15/2024 14:30,6.001
1/15/2024 14:45,6.03
1/15/2024 15:00,5.992
1/15/2024 15:15,5.775
1/15/2024 15:30,5.812
1/15/2024 15:45,5.661
1/15/2024 16:00,5.738
1/15/2024 16:15,5.619
1/15/2024 16:30,5.606
1/15/2024 16:45,5.593
1/15/2024 17:00,5.616
1/15/2024 17:15,5.547
1/15/2024 17:30,5.531
1/15/2024 17:45,5.534
1/15/2024 18:00,5.5
1/15/2024 18:15,5.587
1/15/2024 18:30,5.607
1/15/2024 18:45,5.578
1/15/2024 19:00,5.541
1/15/2024 19:15,5.551
1/15/2024 19:30,5.608
1/15/2024 19:45,5.532
1/15/2024 20:00,5.57
1/15/2024 20:15,5.485
1/15/2024 20:30,5.56
1/15/2024 20:45,5.579
1/15/2024 21:00,5.541
1/15/2024 21:15,5.665
1/15/2024 21:30,5.551
1/15/2024 21:45,5.627
1/15/2024 22:00,5.608
1/15/2024 22:15,5.645
1/15/2024 22:30,5.759
1/15/2024 22:45,5.939
1/15/2024 23:00,5.882
1/15/2024 23:15,5.898
1/15/2024 23:30,5.98
1/15/2024 23:45,5.968
1/16/2024 0:00,6.022
1/16/2024 0:15,6.077
1/16/2024 0:30,6.095
1/16/2024 0:45,6.131
1/16/2024 1:00,6.007
1/16/2024 1:15,6.045
1/16/2024 1:30,6.197
1/16/2024 1:45,6.111
1/16/2024 2:00,6.073
1/16/2024 2:15,6.016
1/16/2024 2:30,5.949
1/16/2024 2:45,6.015
1/16/2024 3:00,6.082
1/16/2024 3:15,5.996
1/16/2024 3:30,6.053
1/16/2024 3:45,5.921
1/16/2024 4:00,5.988
1/16/2024 4:15,5.865
1/16/2024 4:30,5.978
1/16/2024 4:45,5.968
1/16/2024 5:00,6.082
1/16/2024 5:15,6.025
1/16/2024 5:30,5.873
1/16/2024 5:45,5.996
1/16/2024 6:00,6.025
1/16/2024 6:15,5.987
1/16/2024 6:30,5.854
1/16/2024 6:45,5.835
1/16/2024 7:00,5.844
1/16/2024 7:15,5.987
1/16/2024 7:30,6.063
1/16/2024 7:45,5.911
1/16/2024 8:00,5.873
1/16/2024 8:15,5.854
1/16/2024 8:30,5.911
1/16/2024 8:45,6.062
1/16/2024 9:00,6.014
1/16/2024 9:15,6.042
1/16/2024 9:30,6.049
1/16/2024 9:45,5.999
1/16/2024 10:00,6.005
1/16/2024 10:15,6.048
1/16/2024 10:30,6.215
1/16/2024 10:45,6.184
1/16/2024 11:00,6.173
1/16/2024 11:15,6.181
1/16/2024 11:30,6.2
1/16/2024 11:45,6.077
1/16/2024 12:00,6.2
1/16/2024 12:15,6.152
1/16/2024 12:30,6.141
1/16/2024 12:35,6.093
1/16/2024 12:45,6.245
1/16/2024 13:00,6.253
1/16/2024 13:15,6.252
1/16/2024 13:30,6.224
1/16/2024 13:45,6.197
1/16/2024 14:00,6.274
1/16/2024 14:15,6.342
1/16/2024 14:30,6.351
1/16/2024 14:45,6.323
1/16/2024 15:00,6.39
1/16/2024 15:15,6.447
1/16/2024 15:30,6.42
1/16/2024 15:45,6.402
1/16/2024 16:00,6.285
1/16/2024 16:15,6.061
1/16/2024 16:30,6.151
1/16/2024 16:45,6.239
1/16/2024 17:00,6.06
1/16/2024 17:15,6.213
1/16/2024 17:30,6.366
1/16/2024 17:45,6.28
1/16/2024 18:00,6.318
1/16/2024 18:15,6.356
1/16/2024 18:30,6.365
1/16/2024 18:45,6.365
1/16/2024 19:00,6.345
1/16/2024 19:15,6.259
1/16/2024 19:30,6.285
1/16/2024 19:45,6.417
1/16/2024 20:00,6.424
1/16/2024 20:15,6.328
1/16/2024 20:30,6.281
1/16/2024 20:45,6.308
1/16/2024 21:00,6.289
1/16/2024 21:15,6.383
1/16/2024 21:30,6.412
1/16/2024 21:45,6.184
1/16/2024 22:00,6.231
1/16/2024 22:15,6.327
1/16/2024 22:30,6.227
1/16/2024 22:45,6.258
1/16/2024 23:00,6.145
1/16/2024 23:15,6.061
1/16/2024 23:30,6.156
1/16/2024 23:45,6.261
1/17/2024 0:00,6.185
1/17/2024 0:15,6.175
1/17/2024 0:30,6.356
1/17/2024 0:45,6.364
1/17/2024 1:00,6.296
1/17/2024 1:15,6.405
1/17/2024 1:30,6.308
1/17/2024 1:45,6.251
1/17/2024 2:00,6.326
1/17/2024 2:15,6.297
1/17/2024 2:30,6.334
1/17/2024 2:45,6.352
1/17/2024 3:00,6.284
1/17/2024 3:15,6.359
1/17/2024 3:30,6.332
1/17/2024 3:45,6.283
1/17/2024 4:00,6.33
1/17/2024 4:15,6.375
1/17/2024 4:30,6.375
1/17/2024 4:45,6.261
1/17/2024 5:00,6.252
1/17/2024 5:15,6.299
1/17/2024 5:30,6.28
1/17/2024 5:45,6.223
1/17/2024 6:00,6.251
1/17/2024 6:15,6.393
1/17/2024 6:30,6.469
1/17/2024 6:45,6.384
1/17/2024 7:00,6.364
1/17/2024 7:15,6.26
1/17/2024 7:30,6.241
1/17/2024 7:45,6.336
1/17/2024 8:00,6.393
1/17/2024 8:15,6.355
1/17/2024 8:30,6.354
1/17/2024 8:45,6.231
1/17/2024 9:00,6.288
1/17/2024 9:15,6.335
1/17/2024 9:30,6.288
1/17/2024 9:45,6.259
1/17/2024 10:00,6.353
1/17/2024 10:15,6.239
1/17/2024 10:30,6.314
1/17/2024 10:45,6.362
1/17/2024 11:00,6.238
1/17/2024 11:15,6.304
1/17/2024 11:30,6.266
1/17/2024 11:45,6.256
1/17/2024 12:00,6.217
1/17/2024 12:15,6.246
1/17/2024 12:30,6.255
1/17/2024 12:45,6.274
1/17/2024 13:00,6.36
1/17/2024 13:15,6.284
1/17/2024 13:30,6.255
1/17/2024 13:45,6.255
1/17/2024 14:00,6.236
1/17/2024 14:15,6.331
1/17/2024 14:30,6.19
1/17/2024 14:45,6.381
1/17/2024 15:00,6.439
1/17/2024 15:15,6.506
1/17/2024 15:30,6.535
1/17/2024 15:45,6.46
1/17/2024 16:00,6.366
1/17/2024 16:15,6.461
1/17/2024 16:30,6.358
1/17/2024 16:45,6.294
1/17/2024 17:00,6.247
1/17/2024 17:15,6.276
1/17/2024 17:30,6.289
1/17/2024 17:45,6.308
1/17/2024 18:00,6.206
1/17/2024 18:15,6.397
1/17/2024 18:30,6.371
1/17/2024 18:45,6.238
1/17/2024 19:00,6.086
1/17/2024 19:15,6.401
1/17/2024 19:30,6.497
1/17/2024 19:45,6.096
1/17/2024 20:00,6.154
1/17/2024 20:15,6.268
1/17/2024 20:30,5.766
1/17/2024 20:45,5.823
1/17/2024 21:00,5.965
1/17/2024 21:15,6.203
1/17/2024 21:30,6.09
1/17/2024 21:45,6.024
1/17/2024 22:00,5.968
1/17/2024 22:15,5.903
1/17/2024 22:30,5.82
1/17/2024 22:45,5.775
1/17/2024 23:00,5.844
1/17/2024 23:15,5.759
1/17/2024 23:30,5.704
1/17/2024 23:45,5.689
1/18/2024 0:00,5.662
1/18/2024 0:15,5.672
1/18/2024 0:30,5.739
1/18/2024 0:45,5.749
1/18/2024 1:00,5.75
1/18/2024 1:15,5.74
1/18/2024 1:30,5.749
1/18/2024 1:45,5.721
1/18/2024 2:00,5.683
1/18/2024 2:15,5.721
1/18/2024 2:30,5.835
1/18/2024 2:45,5.806
1/18/2024 3:00,5.7
1/18/2024 3:15,5.803
1/18/2024 3:30,5.726
1/18/2024 3:45,5.733
1/18/2024 4:00,5.77
1/18/2024 4:15,5.75
1/18/2024 4:30,5.759
1/18/2024 4:45,5.825
1/18/2024 5:00,5.749
1/18/2024 5:15,5.738
1/18/2024 5:30,5.898
1/18/2024 5:45,5.802
1/18/2024 6:00,5.82
1/18/2024 6:15,5.695
1/18/2024 6:30,5.704
1/18/2024 6:45,5.675
1/18/2024 7:00,5.741
1/18/2024 7:15,5.787
1/18/2024 7:30,5.825
1/18/2024 7:45,5.758
1/18/2024 8:00,5.834
1/18/2024 8:15,5.853
1/18/2024 8:30,5.976
1/18/2024 8:45,5.956
1/18/2024 9:00,5.916
1/18/2024 9:15,6.18
1/18/2024 9:30,6.063
1/18/2024 9:45,6.099
1/18/2024 10:00,6.19
1/18/2024 10:15,6.366
1/18/2024 10:30,6.297
1/18/2024 10:45,6.362
1/18/2024 11:00,6.362
1/18/2024 11:15,6.199
1/18/2024 11:30,6.265
1/18/2024 11:45,6.292
1/18/2024 12:00,6.292
1/18/2024 12:15,6.348
1/18/2024 12:30,6.423
1/18/2024 12:45,6.42
1/18/2024 13:00,6.449
1/18/2024 13:15,6.429
1/18/2024 13:30,6.497
1/18/2024 13:45,6.457
1/18/2024 14:00,6.37
1/18/2024 14:15,7.93
1/18/2024 14:30,7.95
1/18/2024 14:45,8.13
1/18/2024 15:00,8.1
1/18/2024 15:15,8.15
1/18/2024 15:30,8.1
1/18/2024 15:45,8.02
1/18/2024 16:00,8.05
1/18/2024 16:15,8.09
1/18/2024 16:30,8.06
1/18/2024 16:45,7.98
1/18/2024 17:00,8.08
1/18/2024 17:15,8.01
1/18/2024 17:30,8.1
1/18/2024 17:45,8.14
1/18/2024 18:00,8.14
1/18/2024 18:15,8.16
1/18/2024 18:30,8.06
1/18/2024 18:45,8.13
1/18/2024 19:00,8.15
1/18/2024 19:15,8.14
1/18/2024 19:30,7.95
1/18/2024 19:45,8.09
1/18/2024 20:00,8.09
1/18/2024 20:15,8.01
1/18/2024 20:30,8.06
1/18/2024 20:45,8.14
1/18/2024 21:00,8.21
1/18/2024 21:15,8.27
1/18/2024 21:30,8.12
1/18/2024 21:45,8.2
1/18/2024 22:00,8.3
1/18/2024 22:15,8.12
1/18/2024 22:30,8.28
1/18/2024 22:45,8.21
1/18/2024 23:00,8.26
1/18/2024 23:15,8.37
1/18/2024 23:30,8.38
1/18/2024 23:45,8.18
1/19/2024 0:00,7.98
1/19/2024 0:15,7.71
1/19/2024 0:30,7.68
1/19/2024 0:45,7.48
1/19/2024 1:00,7.66
1/19/2024 1:15,7.7
1/19/2024 1:30,7.54
1/19/2024 1:45,7.52
1/19/2024 2:00,7.73
1/19/2024 2:15,7.74
1/19/2024 2:30,7.63
1/19/2024 2:45,7.61
1/19/2024 3:00,7.64
1/19/2024 3:15,7.75
1/19/2024 3:30,7.66
1/19/2024 3:45,7.76
1/19/2024 4:00,7.79
1/19/2024 4:15,8.11
1/19/2024 4:30,8.15
1/19/2024 4:45,8.02
1/19/2024 5:00,8.06
1/19/2024 5:15,8.13
1/19/2024 5:30,8.19
1/19/2024 5:45,8.31
1/19/2024 6:00,8.22
1/19/2024 6:15,8.21
1/19/2024 6:30,8.21
1/19/2024 6:45,8.07
1/19/2024 7:00,8.07
1/19/2024 7:15,8.09
1/19/2024 7:30,7.79
1/19/2024 7:45,8.03
1/19/2024 8:00,8.3
1/19/2024 8:15,8.19
1/19/2024 8:30,8.34
1/19/2024 8:45,8.23
1/19/2024 9:00,8.39
1/19/2024 9:15,8.26
1/19/2024 9:30,8.22
1/19/2024 9:45,8.09
1/19/2024 10:00,8.22
1/19/2024 10:15,8.21
1/19/2024 10:30,8.44
1/19/2024 10:45,8.26
1/19/2024 11:00,7.86
1/19/2024 11:15,7.99
1/19/2024 11:30,8.62
1/19/2024 11:45,8.24
1/19/2024 12:00,8.32
1/19/2024 12:15,8.33
1/19/2024 12:30,8.39
1/19/2024 12:45,8.34
1/19/2024 13:00,8.37
1/19/2024 13:15,8.2
1/19/2024 13:30,8.23
1/19/2024 13:45,8.14
1/19/2024 14:00,8.24
1/19/2024 14:15,8.27
1/19/2024 14:30,8.46
1/19/2024 14:45,8.35
1/19/2024 15:00,8.32
1/19/2024 15:15,8.45
1/19/2024 15:30,8.34
1/19/2024 15:45,8.33
1/19/2024 16:00,8.27
1/19/2024 16:15,8.41
1/19/2024 16:30,8.52
1/19/2024 16:45,8.27
1/19/2024 17:00,8.31
1/19/2024 17:15,8.16
1/19/2024 17:30,8.35
1/19/2024 17:45,8.35
1/19/2024 18:00,8.26
1/19/2024 18:15,8.38
1/19/2024 18:30,8.28
1/19/2024 18:45,8.34
1/19/2024 19:00,8.16
1/19/2024 19:15,8.25
1/19/2024 19:30,8.11
1/19/2024 19:45,8.1
1/19/2024 20:00,8.48
1/19/2024 20:15,8.34
1/19/2024 20:30,8.31
1/19/2024 20:45,8.26
1/19/2024 21:00,8.1
1/19/2024 21:15,8.18
1/19/2024 21:30,8.22
1/19/2024 21:45,8.35
1/19/2024 22:00,8.17
1/19/2024 22:15,8.4
1/19/2024 22:30,8.29
1/19/2024 22:45,8.37
1/19/2024 23:00,8.15
1/19/2024 23:15,8
1/19/2024 23:30,8.18
1/19/2024 23:45,7.99
1/20/2024 0:00,8.15
1/20/2024 0:15,8.18
1/20/2024 0:30,8.26
1/20/2024 0:45,8.26
1/20/2024 1:00,8.14
1/20/2024 1:15,8.02
1/20/2024 1:30,7.94
1/20/2024 1:45,8.06
1/20/2024 2:00,8.01
1/20/2024 2:15,7.9
1/20/2024 2:30,7.9
1/20/2024 2:45,8.15
1/20/2024 3:00,8.5
1/20/2024 3:15,8.12
1/20/2024 3:30,8.38
1/20/2024 3:45,8.4
1/20/2024 4:00,8.32
1/20/2024 4:15,8.29
1/20/2024 4:30,8.14
1/20/2024 4:45,8.38
1/20/2024 5:00,8.51
1/20/2024 5:15,8.34
1/20/2024 5:30,8.29
1/20/2024 5:45,8.36
1/20/2024 6:00,8.14
1/20/2024 6:15,8.16
1/20/2024 6:30,8.17
1/20/2024 6:45,8.19
1/20/2024 7:00,8.43
1/20/2024 7:15,8.33
1/20/2024 7:30,8.41
1/20/2024 7:45,8.18
1/20/2024 8:00,8.51
1/20/2024 8:15,8.38
1/20/2024 8:30,8.54
1/20/2024 8:45,8.39
1/20/2024 9:00,8.15
1/20/2024 9:15,8.35
1/20/2024 9:30,8.37
1/20/2024 9:45,8.22
1/20/2024 10:00,8.05
1/20/2024 10:15,8.2
1/20/2024 10:30,8.3
1/20/2024 10:45,8.49
1/20/2024 11:00,8.26
1/20/2024 11:15,8.34
1/20/2024 11:30,8.2
1/20/2024 11:45,8.15
1/20/2024 12:00,8.24
1/20/2024 12:15,8.15
1/20/2024 12:30,8.35
1/20/2024 12:45,8.37
1/20/2024 13:00,8.37
1/20/2024 13:15,8.31
1/20/2024 13:30,8.34
1/20/2024 13:45,8.4
1/20/2024 14:00,8.46
1/20/2024 14:15,8.49
1/20/2024 14:30,8.34
1/20/2024 14:45,8.5
1/20/2024 15:00,8.38
1/20/2024 15:15,8.5
1/20/2024 15:30,8.38
1/20/2024 15:45,8.46
1/20/2024 16:00,8.51
1/20/2024 16:15,8.49
1/20/2024 16:30,8.4
1/20/2024 16:45,8.52
1/20/2024 17:00,8.42
1/20/2024 17:15,8.34
1/20/2024 17:30,8.39
1/20/2024 17:45,8.54
1/20/2024 18:00,8.55
1/20/2024 18:15,8.37
1/20/2024 18:30,8.34
1/20/2024 18:45,8.42
1/20/2024 19:00,8.37
1/20/2024 19:15,8.47
1/20/2024 19:30,8.44
1/20/2024 19:45,8.43
1/20/2024 20:00,8.42
1/20/2024 20:15,8.44
1/20/2024 20:30,8.52
1/20/2024 20:45,8.47
1/20/2024 21:00,8.55
1/20/2024 21:15,8.58
1/20/2024 21:30,8.55
1/20/2024 21:45,8.56
1/20/2024 22:00,8.6
1/20/2024 22:15,8.51
1/20/2024 22:30,8.49
1/20/2024 22:45,8.58
1/20/2024 23:00,8.85
1/20/2024 23:15,8.95
1/20/2024 23:30,8.84
1/20/2024 23:45,8.92
1/21/2024 0:00,8.92
1/21/2024 0:15,9.01
1/21/2024 0:30,9
1/21/2024 0:45,8.96
1/21/2024 1:00,9.06
1/21/2024 1:15,8.91
1/21/2024 1:30,8.94
1/21/2024 1:45,8.96
1/21/2024 1:48,8.94
1/21/2024 2:00,9.08
1/21/2024 2:15,9.03
1/21/2024 2:30,8.95
1/21/2024 2:45,8.92
1/21/2024 3:00,9.07
1/21/2024 3:15,9
1/21/2024 3:30,8.85
1/21/2024 3:45,9.03
1/21/2024 4:00,8.86
1/21/2024 4:08,8.99
1/21/2024 4:15,8.89
1/21/2024 4:30,8.99
1/21/2024 4:45,8.95
1/21/2024 5:00,8.96
1/21/2024 5:15,8.93
1/21/2024 5:30,8.97
1/21/2024 5:45,8.99
1/21/2024 6:00,9.01
1/21/2024 6:15,8.84
1/21/2024 6:30,8.84
1/21/2024 6:45,8.97
1/21/2024 7:00,8.89
1/21/2024 7:15,8.78
1/21/2024 7:30,8.95
1/21/2024 7:45,8.97
1/21/2024 8:00,8.86
1/21/2024 8:15,8.86
1/21/2024 8:30,8.84
1/21/2024 8:45,8.86
1/21/2024 9:00,8.76
1/21/2024 9:15,8.77
1/21/2024 9:30,8.78
1/21/2024 9:45,8.77
1/21/2024 10:00,8.84
1/21/2024 10:09,8.89
1/21/2024 10:15,8.72
1/21/2024 10:30,8.75
1/21/2024 10:45,8.87
1/21/2024 11:00,8.81
1/21/2024 11:15,9.05
1/21/2024 11:30,8.76
1/21/2024 11:45,8.98
1/21/2024 12:00,8.91
1/21/2024 12:15,8.79
1/21/2024 12:30,8.8
1/21/2024 12:45,8.84
1/21/2024 13:00,9.18
1/21/2024 13:15,9.63
1/21/2024 13:30,9.33
1/21/2024 13:45,9.44
1/21/2024 14:00,9.27
1/21/2024 14:15,9.34
1/21/2024 14:30,9.98
1/21/2024 14:45,9.97
1/21/2024 15:00,9.56
1/21/2024 15:15,9.75
1/21/2024 15:30,9.72
1/21/2024 15:45,10.05
1/21/2024 16:00,9.66
1/21/2024 16:15,10.08
1/21/2024 16:30,9.95
1/21/2024 16:45,10.05
1/21/2024 16:45,9.72
1/21/2024 17:00,9.84
1/21/2024 17:15,10.21
1/21/2024 17:30,9.58
1/21/2024 17:45,9.87
1/21/2024 18:00,9.45
1/21/2024 18:15,9.64
1/21/2024 18:30,9.62
1/21/2024 18:45,9.92
1/21/2024 19:00,9.61
1/21/2024 19:15,9.87
1/21/2024 19:30,9.53
1/21/2024 19:45,9.89
1/21/2024 20:00,9.7
1/21/2024 20:15,9.68
1/21/2024 20:30,9.6
1/21/2024 20:45,9.65
1/21/2024 21:00,9.88
1/21/2024 21:15,9.56
1/21/2024 21:30,9.77
1/21/2024 21:45,9.78
1/21/2024 22:00,9.52
1/21/2024 22:15,9.8
1/21/2024 22:30,9.67
1/21/2024 22:45,9.54
1/21/2024 23:00,9.51
1/21/2024 23:15,9.82
1/21/2024 23:30,9.44
1/21/2024 23:45,9.59
1/22/2024 0:00,9.68
1/22/2024 0:15,9.47
1/22/2024 0:30,9.53
1/22/2024 0:45,9.69
1/22/2024 1:00,9.75
1/22/2024 1:15,9.49
1/22/2024 1:30,9.6
1/22/2024 1:45,9.81
1/22/2024 2:00,9.66
1/22/2024 2:15,9.77
1/22/2024 2:30,9.56
1/22/2024 2:45,9.72
1/22/2024 3:00,9.45
1/22/2024 3:15,9.71
1/22/2024 3:30,9.62
1/22/2024 3:45,9.51
1/22/2024 4:00,9.46
1/22/2024 4:15,9.54
1/22/2024 4:30,9.47
1/22/2024 4:45,9.16
1/22/2024 5:00,9.16
1/22/2024 5:15,9.34
1/22/2024 5:30,9.45
1/22/2024 5:45,9.43
1/22/2024 5:53,9.38
1/22/2024 6:00,9.09
1/22/2024 6:15,9.05
1/22/2024 6:30,9.12
1/22/2024 6:45,9.27
1/22/2024 7:00,9.09
1/22/2024 7:15,8.97
1/22/2024 7:30,8.92
1/22/2024 7:45,8.86
1/22/2024 8:00,8.9
1/22/2024 8:15,8.8
1/22/2024 8:30,8.61
1/22/2024 8:45,8.52
1/22/2024 9:00,8.42
1/22/2024 9:15,8.43
1/22/2024 9:30,8.44
1/22/2024 9:40,8.58
1/22/2024 9:45,8.4
1/22/2024 10:00,8.48
1/22/2024 10:15,8.26
1/22/2024 10:30,9.15
1/22/2024 10:45,11.6
1/22/2024 11:00,20.53
1/22/2024 11:15,20.51
1/22/2024 11:30,22.82
1/22/2024 11:45,21.14
1/22/2024 12:00,24.3
1/22/2024 12:15,22.64
1/22/2024 12:30,21.66
1/22/2024 12:45,20.87
1/22/2024 13:00,22.49
1/22/2024 13:15,24.06
1/22/2024 13:30,21.83
1/22/2024 13:45,22.23
1/22/2024 14:00,21.19
1/22/2024 14:15,22
1/22/2024 14:30,21.64
1/22/2024 14:45,21.51
1/22/2024 15:00,21.3
1/22/2024 15:15,22.78
1/22/2024 15:30,23.2
1/22/2024 15:45,21.61
1/22/2024 16:00,23.19
1/22/2024 16:15,21.54
1/22/2024 16:30,23.27
1/22/2024 16:45,23.33
1/22/2024 17:00,23.36
1/22/2024 17:15,21.87
1/22/2024 17:30,22.3
1/22/2024 17:45,22.69
1/22/2024 18:00,23.99
1/22/2024 18:15,24.11
1/22/2024 18:30,24.2
1/22/2024 18:45,23.04
1/22/2024 19:00,23.86
1/22/2024 19:15,23.71
1/22/2024 19:30,22.44
1/22/2024 19:45,23.74
1/22/2024 20:00,22.95
1/22/2024 20:15,23.91
1/22/2024 20:30,22.81
1/22/2024 20:45,23.37
1/22/2024 21:00,23.62
1/22/2024 21:15,22.51
1/22/2024 21:30,22.28
1/22/2024 21:45,22.56
1/22/2024 22:00,23.08
1/22/2024 22:15,22.74
1/22/2024 22:30,23.49
1/22/2024 22:45,24.14
1/22/2024 23:00,22.98
1/22/2024 23:15,23.51
1/22/2024 23:30,22.74
1/22/2024 23:45,23.19
1/23/2024 0:00,23.32
1/23/2024 0:15,23.67
1/23/2024 0:30,23.62
1/23/2024 0:45,23.12
1/23/2024 1:00,23.18
1/23/2024 1:15,22.91
1/23/2024 1:30,23.84
1/23/2024 1:45,23.56
1/23/2024 2:00,22.83
1/23/2024 2:15,23.79
1/23/2024 2:30,23.9
1/23/2024 2:45,24.24
1/23/2024 3:00,24.99
1/23/2024 3:15,23.44
1/23/2024 3:30,24.52
1/23/2024 3:45,23.99
1/23/2024 4:00,25.18
1/23/2024 4:15,25.31
1/23/2024 4:30,24.1
1/23/2024 4:45,24.01
1/23/2024 5:00,25.02
1/23/2024 5:15,24.12
1/23/2024 5:30,25.38
1/23/2024 5:45,25.27
1/23/2024 6:00,25.17
1/23/2024 6:15,24.76
1/23/2024 6:30,23.83
1/23/2024 6:45,25.57
1/23/2024 7:00,25.48
1/23/2024 7:15,25.79
1/23/2024 7:30,24.46
1/23/2024 7:45,24.19
1/23/2024 8:00,25.27
1/23/2024 8:15,25.41
1/23/2024 8:30,24.08
1/23/2024 8:45,23.95
1/23/2024 9:00,24.77
1/23/2024 9:15,25.44
1/23/2024 9:30,24.01
1/23/2024 9:45,26.53
1/23/2024 10:00,6.386
1/23/2024 10:15,7.17
1/23/2024 10:30,7.58
1/23/2024 10:45,9.41
1/23/2024 11:00,9.18
1/23/2024 11:15,9.32
1/23/2024 11:30,12.34
1/23/2024 11:45,-6999
1/23/2024 12:00,-6999
1/23/2024 12:15,-6999
1/23/2024 12:30,-6999
1/23/2024 12:45,-6999
1/23/2024 13:00,-6999
1/23/2024 13:15,-6999
1/23/2024 13:30,-6999
1/23/2024 13:45,-6999
1/23/2024 14:00,-6999
1/23/2024 14:15,-6999
1/23/2024 14:30,-6999
1/23/2024 14:45,-6999
1/23/2024 15:00,-6999
1/23/2024 15:15,-6999
1/23/2024 15:30,-6999
1/23/2024 15:45,-6999
1/23/2024 16:00,-6999
1/23/2024 16:15,-6999
1/23/2024 16:30,-6999
1/23/2024 16:45,-6999
1/23/2024 17:00,-6999
1/23/2024 17:15,-6999
1/23/2024 17:30,-6999
1/23/2024 17:45,-6999
1/23/2024 18:00,-6999
1/23/2024 18:15,-6999
1/23/2024 18:30,-6999
1/23/2024 18:45,-6999
1/23/2024 19:00,-6999
1/23/2024 19:15,-6999
1/23/2024 19:30,-6999
1/23/2024 19:45,-6999
1/23/2024 20:00,-6999
1/23/2024 20:15,-6999
1/23/2024 20:30,-6999
1/23/2024 20:45,-6999
1/23/2024 21:00,-6999
1/23/2024 21:15,-6999
1/23/2024 21:30,-6999
1/23/2024 21:45,-6999
1/23/2024 22:00,5.638
1/23/2024 22:15,5.676
1/23/2024 22:30,5.685
1/23/2024 22:45,5.695
1/23/2024 23:00,5.629
1/23/2024 23:15,5.752
1/23/2024 23:30,5.743
1/23/2024 23:45,5.667
1/24/2024 0:00,5.743
1/24/2024 0:15,5.705
1/24/2024 0:30,5.743
1/24/2024 0:45,5.714
1/24/2024 1:00,5.799
1/24/2024 1:15,5.79
1/24/2024 1:30,5.733
1/24/2024 1:45,5.723
1/24/2024 2:00,5.818
1/24/2024 2:15,5.827
1/24/2024 2:30,5.837
1/24/2024 2:45,5.761
1/24/2024 3:00,5.837
1/24/2024 3:15,5.837
1/24/2024 3:30,5.79
1/24/2024 3:45,5.865
1/24/2024 4:00,5.856
1/24/2024 4:15,5.789
1/24/2024 4:30,5.799
1/24/2024 4:45,5.875
1/24/2024 5:00,5.884
1/24/2024 5:15,5.856
1/24/2024 5:30,5.856
1/24/2024 5:45,5.894
1/24/2024 6:00,5.903
1/24/2024 6:15,5.874
1/24/2024 6:30,5.893
1/24/2024 6:45,5.837
1/24/2024 7:00,5.941
1/24/2024 7:15,5.913
1/24/2024 7:30,5.894
1/24/2024 7:45,5.941
1/24/2024 8:00,5.912
1/24/2024 8:15,5.893
1/24/2024 8:30,5.95
1/24/2024 8:45,4.956
1/24/2024 9:00,4.965
1/24/2024 9:15,4.983
1/24/2024 9:30,4.984
1/24/2024 9:45,4.993
1/24/2024 10:00,4.993
1/24/2024 10:15,5
1/24/2024 10:30,5.001
1/24/2024 10:45,4.978
1/24/2024 11:00,4.978
1/24/2024 11:15,4.986
1/24/2024 11:30,4.995
1/24/2024 11:45,4.997
1/24/2024 12:00,4.987
1/24/2024 12:15,4.987
1/24/2024 12:30,4.967
1/24/2024 12:45,4.966
1/24/2024 13:00,4.938
1/24/2024 13:15,4.919
1/24/2024 13:30,4.9
1/24/2024 13:45,4.892
1/24/2024 14:00,4.863
1/24/2024 14:15,4.844
1/24/2024 14:30,4.853
1/24/2024 14:45,4.843
1/24/2024 15:00,4.815
1/24/2024 15:15,4.825
1/24/2024 15:30,4.816
1/24/2024 15:45,4.815
1/24/2024 16:00,4.816
1/24/2024 16:15,4.816
1/24/2024 16:30,4.817
1/24/2024 16:45,4.816
1/24/2024 17:00,4.817
1/24/2024 17:15,4.808
1/24/2024 17:30,4.827
1/24/2024 17:45,4.818
1/24/2024 18:00,4.781
1/24/2024 18:15,4.772
1/24/2024 18:30,4.761
1/24/2024 18:45,4.771
1/24/2024 19:00,4.743
1/24/2024 19:15,4.743
1/24/2024 19:30,4.733
1/24/2024 19:45,4.715
1/24/2024 20:00,4.705
1/24/2024 20:15,4.686
1/24/2024 20:30,4.686
1/24/2024 20:45,4.649
1/24/2024 21:00,4.65
1/24/2024 21:15,4.651
1/24/2024 21:30,4.65
1/24/2024 21:45,4.658
1/24/2024 22:00,4.651
1/24/2024 22:15,4.64
1/24/2024 22:30,4.659
1/24/2024 22:45,4.668
1/24/2024 23:00,4.689
1/24/2024 23:15,4.688
1/24/2024 23:30,4.697
1/24/2024 23:45,4.717
1/25/2024 0:00,4.734
1/25/2024 0:15,4.744
1/25/2024 0:30,4.745
1/25/2024 0:45,4.765
1/25/2024 1:00,4.756
1/25/2024 1:15,4.784
1/25/2024 1:30,4.774
1/25/2024 1:45,4.794
1/25/2024 2:00,4.803
1/25/2024 2:15,4.822
1/25/2024 2:30,4.83
1/25/2024 2:45,4.82
1/25/2024 3:00,4.819
1/25/2024 3:15,4.837
1/25/2024 3:30,4.849
1/25/2024 3:45,4.857
1/25/2024 4:00,4.847
1/25/2024 4:15,4.866
1/25/2024 4:30,4.868
1/25/2024 4:45,4.869
1/25/2024 5:00,4.869
1/25/2024 5:15,4.86
1/25/2024 5:30,4.871
1/25/2024 5:45,4.9
1/25/2024 6:00,4.919
1/25/2024 6:15,4.919
1/25/2024 6:30,4.929
1/25/2024 6:45,4.929
1/25/2024 7:00,4.929
1/25/2024 7:10,4.928
1/25/2024 7:15,4.947
1/25/2024 7:30,4.947
1/25/2024 7:45,4.938
1/25/2024 8:00,4.947
1/25/2024 8:15,4.957
1/25/2024 8:30,4.956
1/25/2024 8:45,4.975
1/25/2024 9:00,4.975
1/25/2024 9:15,4.974
1/25/2024 9:30,4.979
1/25/2024 9:45,4.986
1/25/2024 10:00,4.995
1/25/2024 10:15,5.013
1/25/2024 10:30,5.003
1/25/2024 10:45,5.003
1/25/2024 11:00,5.002
1/25/2024 11:15,5.002
1/25/2024 11:30,5.01
1/25/2024 11:45,5.01
1/25/2024 12:00,5.01
1/25/2024 12:15,5.01
1/25/2024 12:30,5.009
1/25/2024 12:45,4.991
1/25/2024 13:00,4.962
1/25/2024 13:15,5.009
1/25/2024 13:30,5.009
1/25/2024 13:45,5
1/25/2024 14:00,4.972
1/25/2024 14:15,4.981
1/25/2024 14:30,4.991
1/25/2024 14:45,5.001
1/25/2024 15:00,4.982
1/25/2024 15:15,5.001
1/25/2024 15:30,4.991
1/25/2024 15:45,5.02
1/25/2024 16:00,5.039
1/25/2024 16:15,5.02
1/25/2024 16:30,5.011
1/25/2024 16:45,5.039
1/25/2024 17:00,5.021
1/25/2024 17:15,5.06
1/25/2024 17:30,5.043
1/25/2024 17:45,5.045
1/25/2024 18:00,5.085
1/25/2024 18:15,5.048
1/25/2024 18:30,5.087
1/25/2024 18:45,5.106
1/25/2024 19:00,5.076
1/25/2024 19:15,5.086
1/25/2024 19:30,5.086
1/25/2024 19:45,5.094
1/25/2024 20:00,5.101
1/25/2024 20:15,5.111
1/25/2024 20:30,5.139
1/25/2024 20:45,5.11
1/25/2024 21:00,5.101
1/25/2024 21:15,5.102
1/25/2024 21:30,5.121
1/25/2024 21:45,5.095
1/25/2024 22:00,5.114
1/25/2024 22:15,5.135
1/25/2024 22:30,5.135
1/25/2024 22:45,5.144
1/25/2024 23:00,5.153
1/25/2024 23:15,5.152
1/25/2024 23:30,5.153
1/25/2024 23:45,5.152
1/26/2024 0:00,5.171
1/26/2024 0:15,5.143
1/26/2024 0:30,5.162
1/26/2024 0:45,5.188
1/26/2024 1:00,5.178
1/26/2024 1:15,5.17
1/26/2024 1:30,5.149
1/26/2024 1:45,5.16
1/26/2024 2:00,5.179
1/26/2024 2:15,5.197
1/26/2024 2:30,5.169
1/26/2024 2:45,5.198
1/26/2024 3:00,5.191
1/26/2024 3:15,5.2
1/26/2024 3:30,5.172
1/26/2024 3:45,5.183
1/26/2024 4:00,5.202
1/26/2024 4:15,5.211
1/26/2024 4:30,5.202
1/26/2024 4:45,5.174
1/26/2024 5:00,5.221
1/26/2024 5:15,5.183
1/26/2024 5:30,5.212
1/26/2024 5:40,5.221
1/26/2024 5:45,5.221
1/26/2024 6:00,5.22
1/26/2024 6:15,5.221
1/26/2024 6:30,5.23
1/26/2024 6:45,5.23
1/26/2024 7:00,5.249
1/26/2024 7:15,5.231
1/26/2024 7:30,5.24
1/26/2024 7:45,5.259
1/26/2024 8:00,5.231
1/26/2024 8:15,5.25
1/26/2024 8:30,5.24
1/26/2024 8:45,5.249
1/26/2024 9:00,5.268
1/26/2024 9:15,5.258
1/26/2024 9:30,5.246
1/26/2024 9:45,5.272
1/26/2024 10:00,5.251
1/26/2024 10:15,5.269
1/26/2024 10:30,5.248
1/26/2024 10:45,5.257
1/26/2024 11:00,5.238
1/26/2024 11:15,5.218
1/26/2024 11:30,5.264
1/26/2024 11:45,5.244
1/26/2024 12:00,5.252
1/26/2024 12:15,5.224
1/26/2024 12:30,5.215
1/26/2024 12:45,5.225
1/26/2024 13:00,5.233
1/26/2024 13:15,5.243
1/26/2024 13:30,5.234
1/26/2024 13:45,5.243
1/26/2024 14:00,5.205
1/26/2024 14:15,5.222
1/26/2024 14:30,5.223
1/26/2024 14:45,5.23
1/26/2024 15:00,5.213
1/26/2024 15:15,5.232
1/26/2024 15:30,5.233
1/26/2024 15:45,5.225
1/26/2024 16:00,5.245
1/26/2024 16:15,5.246
1/26/2024 16:30,5.247
1/26/2024 16:45,5.248
1/26/2024 17:00,5.229
1/26/2024 17:15,5.258
1/26/2024 17:30,5.268
1/26/2024 17:45,5.28
1/26/2024 18:00,5.262
1/26/2024 18:15,5.244
1/26/2024 18:30,5.281
1/26/2024 18:45,5.262
1/26/2024 19:00,5.302
1/26/2024 19:15,5.293
1/26/2024 19:30,5.275
1/26/2024 19:45,5.314
1/26/2024 20:00,5.296
1/26/2024 20:15,5.276
1/26/2024 20:30,5.286
1/26/2024 20:45,5.295
1/26/2024 21:00,5.322
1/26/2024 21:15,5.301
1/26/2024 21:30,5.312
1/26/2024 21:45,5.309
1/26/2024 22:00,5.289
1/26/2024 22:15,5.307
1/26/2024 22:30,5.307
1/26/2024 22:45,5.307
1/26/2024 23:00,5.317
1/26/2024 23:15,5.326
1/26/2024 23:30,5.316
1/26/2024 23:45,5.335
1/27/2024 0:00,5.326
1/27/2024 0:15,5.307
1/27/2024 0:30,5.326
1/27/2024 0:45,5.325
1/27/2024 1:00,5.335
1/27/2024 1:15,5.335
1/27/2024 1:30,5.335
1/27/2024 1:45,5.325
1/27/2024 2:00,5.336
1/27/2024 2:15,5.335
1/27/2024 2:30,5.354
1/27/2024 2:45,5.336
1/27/2024 3:00,5.335
1/27/2024 3:15,5.335
1/27/2024 3:30,5.345
1/27/2024 3:45,5.344
1/27/2024 4:00,5.356
1/27/2024 4:15,5.345
1/27/2024 4:30,5.354
1/27/2024 4:45,5.345
1/27/2024 5:00,5.335
1/27/2024 5:15,5.354
1/27/2024 5:30,5.354
1/27/2024 5:45,5.345
1/27/2024 6:00,5.345
1/27/2024 6:15,5.354
1/27/2024 6:30,5.325
1/27/2024 6:45,5.353
1/27/2024 7:00,5.334
1/27/2024 7:15,5.344
1/27/2024 7:30,5.335
1/27/2024 7:45,5.345
1/27/2024 8:00,5.325
1/27/2024 8:15,5.344
1/27/2024 8:30,5.344
1/27/2024 8:45,5.353
1/27/2024 9:00,5.362
1/27/2024 9:15,5.325
1/27/2024 9:30,5.334
1/27/2024 9:45,5.344
1/27/2024 10:00,5.324
1/27/2024 10:15,5.334
1/27/2024 10:30,5.315
1/27/2024 10:45,5.296
1/27/2024 11:00,5.258
1/27/2024 11:15,5.229
1/27/2024 11:30,5.173
1/27/2024 11:45,5.182
1/27/2024 12:00,5.144
1/27/2024 12:15,5.135
1/27/2024 12:30,5.059
1/27/2024 12:34,5.04
1/27/2024 12:45,4.993
1/27/2024 13:00,4.965
1/27/2024 13:15,4.936
1/27/2024 13:30,4.926
1/27/2024 13:45,4.983
1/27/2024 14:00,5.001
1/27/2024 14:15,5.02
1/27/2024 14:30,5.057
1/27/2024 14:45,5.076
1/27/2024 15:00,5.086
1/27/2024 15:15,5.067
1/27/2024 15:30,5.067
1/27/2024 15:45,5.086
1/27/2024 16:00,5.067
1/27/2024 16:15,5.058
1/27/2024 16:30,5.077
1/27/2024 16:45,5.049
1/27/2024 17:00,5.068
1/27/2024 17:15,5.049
1/27/2024 17:30,5.058
1/27/2024 17:45,5.058
1/27/2024 18:00,5.049
1/27/2024 18:15,5.059
1/27/2024 18:30,5.068
1/27/2024 18:45,5.077
1/27/2024 19:00,5.059
1/27/2024 19:15,5.087
1/27/2024 19:30,5.068
1/27/2024 19:45,5.087
1/27/2024 20:00,5.068
1/27/2024 20:15,5.106
1/27/2024 20:30,5.068
1/27/2024 20:45,5.097
1/27/2024 21:00,5.078
1/27/2024 21:15,5.097
1/27/2024 21:30,5.097
1/27/2024 21:45,5.097
1/27/2024 22:00,5.126
1/27/2024 22:15,5.125
1/27/2024 22:30,5.135
1/27/2024 22:45,5.125
1/27/2024 23:00,5.163
1/27/2024 23:15,5.144
1/27/2024 23:30,5.115
1/27/2024 23:45,5.153
1/28/2024 0:00,5.134
1/28/2024 0:15,5.153
1/28/2024 0:30,5.144
1/28/2024 0:45,5.153
1/28/2024 1:00,5.162
1/28/2024 1:15,5.181
1/28/2024 1:30,5.19
1/28/2024 1:45,5.19
1/28/2024 2:00,5.152
1/28/2024 2:15,5.19
1/28/2024 2:30,5.171
1/28/2024 2:45,5.199
1/28/2024 3:00,5.19
1/28/2024 3:15,5.162
1/28/2024 3:30,5.209
1/28/2024 3:45,5.152
1/28/2024 4:00,5.19
1/28/2024 4:15,5.171
1/28/2024 4:30,5.209
1/28/2024 4:45,5.2
1/28/2024 5:00,5.19
1/28/2024 5:15,5.181
1/28/2024 5:30,5.219
1/28/2024 5:45,5.219
1/28/2024 6:00,5.209
1/28/2024 6:15,5.201
1/28/2024 6:30,5.219
1/28/2024 6:45,5.219
1/28/2024 7:00,5.2
1/28/2024 7:15,5.209
1/28/2024 7:30,5.247
1/28/2024 7:45,5.237
1/28/2024 8:00,5.218
1/28/2024 8:15,5.237
1/28/2024 8:30,5.218
1/28/2024 8:45,5.237
1/28/2024 9:00,5.246
1/28/2024 9:15,5.237
1/28/2024 9:30,5.237
1/28/2024 9:45,5.247
1/28/2024 10:00,5.237
1/28/2024 10:15,5.246
1/28/2024 10:30,5.237
1/28/2024 10:45,5.256
1/28/2024 11:00,5.236
1/28/2024 11:15,5.236
1/28/2024 11:30,5.246
1/28/2024 11:45,5.255
1/28/2024 12:00,5.236
1/28/2024 12:15,5.264
1/28/2024 12:30,5.235
1/28/2024 12:45,5.235
1/28/2024 13:00,5.244
1/28/2024 13:15,5.235
1/28/2024 13:30,5.263
1/28/2024 13:45,5.253
1/28/2024 14:00,5.253
1/28/2024 14:15,5.272
1/28/2024 14:30,5.253
1/28/2024 14:45,5.291
1/28/2024 15:00,5.262
1/28/2024 15:15,5.262
1/28/2024 15:30,5.262
1/28/2024 15:45,5.272
1/28/2024 16:00,5.253
1/28/2024 16:15,5.244
1/28/2024 16:30,5.282
1/28/2024 16:45,5.263
1/28/2024 17:00,5.273
1/28/2024 17:15,5.292
1/28/2024 17:30,5.274
1/28/2024 17:45,5.293
1/28/2024 18:00,5.302
1/28/2024 18:15,5.284
1/28/2024 18:30,5.284
1/28/2024 18:45,5.303
1/28/2024 19:00,5.304
1/28/2024 19:15,5.294
1/28/2024 19:30,5.304
1/28/2024 19:45,5.294
1/28/2024 20:00,5.294
1/28/2024 20:15,5.266
1/28/2024 20:30,5.304
1/28/2024 20:45,5.305
1/28/2024 21:00,5.304
1/28/2024 21:15,5.323
1/28/2024 21:30,5.313
1/28/2024 21:45,5.285
1/28/2024 22:00,5.342
1/28/2024 22:15,5.304
1/28/2024 22:30,5.314
1/28/2024 22:45,5.323
1/28/2024 23:00,5.323
1/28/2024 23:15,5.323
1/28/2024 23:30,5.304
1/28/2024 23:45,5.324
1/29/2024 0:00,5.305
1/29/2024 0:15,5.305
1/29/2024 0:17,5.333
1/29/2024 0:30,5.333
1/29/2024 0:45,5.343
1/29/2024 1:00,5.343
1/29/2024 1:15,5.305
1/29/2024 1:30,5.324
1/29/2024 1:45,5.314
1/29/2024 2:00,5.324
1/29/2024 2:15,5.352
1/29/2024 2:30,5.334
1/29/2024 2:45,5.343
1/29/2024 3:00,5.352
1/29/2024 3:15,5.342
1/29/2024 3:30,5.371
1/29/2024 3:45,5.324
1/29/2024 4:00,5.353
1/29/2024 4:15,5.325
1/29/2024 4:30,5.334
1/29/2024 4:45,5.372
1/29/2024 5:00,5.353
1/29/2024 5:15,5.363
1/29/2024 5:30,5.362
1/29/2024 5:45,5.354
1/29/2024 6:00,5.372
1/29/2024 6:15,5.363
1/29/2024 6:30,5.354
1/29/2024 6:45,5.373
1/29/2024 7:00,5.372
1/29/2024 7:15,5.363
1/29/2024 7:30,5.382
1/29/2024 7:45,5.363
1/29/2024 8:00,5.39
1/29/2024 8:15,5.353
1/29/2024 8:30,5.342
1/29/2024 8:45,5.36
1/29/2024 9:00,5.369
1/29/2024 9:15,5.349
1/29/2024 9:30,5.377
1/29/2024 9:45,5.358
1/29/2024 10:00,5.376
1/29/2024 10:15,5.337
1/29/2024 10:30,5.344
1/29/2024 10:45,5.363
1/29/2024 11:00,5.332
1/29/2024 11:15,5.342
1/29/2024 11:30,5.341
1/29/2024 11:45,5.34
1/29/2024 12:00,5.331
1/29/2024 12:15,5.349
1/29/2024 12:30,5.348
1/29/2024 12:45,5.33
1/29/2024 13:00,5.347
1/29/2024 13:15,5.347
1/29/2024 13:30,5.348
1/29/2024 13:45,5.356
1/29/2024 14:00,5.346
1/29/2024 14:15,5.346
1/29/2024 14:30,5.328
1/29/2024 14:45,5.348
1/29/2024 15:00,5.329
1/29/2024 15:15,5.357
1/29/2024 15:30,5.336
1/29/2024 15:45,5.328
1/29/2024 16:00,5.348
1/29/2024 16:15,5.358
1/29/2024 16:30,5.358
1/29/2024 16:45,5.35
1/29/2024 17:00,5.379
1/29/2024 17:15,5.381
1/29/2024 17:30,5.363
1/29/2024 17:45,5.374
1/29/2024 18:00,5.366
1/29/2024 18:15,5.386
1/29/2024 18:30,5.367
1/29/2024 18:45,5.377
1/29/2024 19:00,5.368
1/29/2024 19:15,5.387
1/29/2024 19:30,5.377
1/29/2024 19:45,5.396
1/29/2024 20:00,5.397
1/29/2024 20:15,5.378
1/29/2024 20:30,5.359
1/29/2024 20:45,5.397
1/29/2024 21:00,5.359
1/29/2024 21:15,5.397
1/29/2024 21:30,5.369
1/29/2024 21:45,5.397
1/29/2024 22:00,5.388
1/29/2024 22:15,5.397
1/29/2024 22:30,5.407
1/29/2024 22:45,5.416
1/29/2024 23:00,5.397
1/29/2024 23:15,5.397
1/29/2024 23:30,5.416
1/29/2024 23:45,5.416
1/30/2024 0:00,5.388
1/30/2024 0:15,5.426
1/30/2024 0:30,5.407
1/30/2024 0:45,5.408
1/30/2024 1:00,5.427
1/30/2024 1:15,5.418
1/30/2024 1:30,5.408
1/30/2024 1:45,5.427
1/30/2024 2:00,5.398
1/30/2024 2:15,5.436
1/30/2024 2:30,5.417
1/30/2024 2:45,5.408
1/30/2024 3:00,5.446
1/30/2024 3:15,5.418
1/30/2024 3:30,5.427
1/30/2024 3:45,5.437
1/30/2024 4:00,5.418
1/30/2024 4:15,5.427
1/30/2024 4:30,5.427
1/30/2024 4:45,5.437
1/30/2024 5:00,5.446
1/30/2024 5:15,5.437
1/30/2024 5:30,5.427
1/30/2024 5:45,5.447
1/30/2024 6:00,5.446
1/30/2024 6:15,5.446
1/30/2024 6:30,5.428
1/30/2024 6:45,5.428
1/30/2024 7:00,5.456
1/30/2024 7:15,5.427
1/30/2024 7:30,5.446
1/30/2024 7:45,5.437
1/30/2024 8:00,5.456
1/30/2024 8:15,5.446
1/30/2024 8:30,5.465
1/30/2024 8:45,5.454
1/30/2024 9:00,5.453
1/30/2024 9:15,5.452
1/30/2024 9:30,5.461
1/30/2024 9:45,5.442
1/30/2024 10:00,5.451
1/30/2024 10:15,5.451
1/30/2024 10:30,5.432
1/30/2024 10:45,5.451
1/30/2024 11:00,5.433
1/30/2024 11:15,5.452
1/30/2024 11:30,5.442
1/30/2024 11:45,5.442
1/30/2024 12:00,5.442
1/30/2024 12:15,5.451
1/30/2024 12:30,5.461
1/30/2024 12:45,5.461
1/30/2024 13:00,5.451
1/30/2024 13:15,5.451
1/30/2024 13:30,5.47
1/30/2024 13:45,5.47
1/30/2024 14:00,5.461
1/30/2024 14:15,5.47
1/30/2024 14:30,5.461
1/30/2024 14:45,5.47
1/30/2024 15:00,5.47
1/30/2024 15:15,5.48
1/30/2024 15:30,5.471
1/30/2024 15:45,5.471
1/30/2024 16:00,5.49
1/30/2024 16:15,5.481
1/30/2024 16:30,5.49
1/30/2024 16:45,5.471
1/30/2024 17:00,5.472
1/30/2024 17:15,5.491
1/30/2024 17:30,5.472
1/30/2024 17:45,5.472
1/30/2024 18:00,5.491
1/30/2024 18:15,5.501
1/30/2024 18:30,5.501
1/30/2024 18:45,5.491
1/30/2024 19:00,5.492
1/30/2024 19:15,5.501
1/30/2024 19:30,5.502
1/30/2024 19:45,5.512
1/30/2024 20:00,5.493
1/30/2024 20:15,5.484
1/30/2024 20:30,5.522
1/30/2024 20:45,5.494
1/30/2024 21:00,5.503
1/30/2024 21:15,5.522
1/30/2024 21:30,5.522
1/30/2024 21:45,5.522
1/30/2024 22:00,5.513
1/30/2024 22:15,5.523
1/30/2024 22:30,5.513
1/30/2024 22:45,5.523
1/30/2024 23:00,5.522
1/30/2024 23:15,5.513
1/30/2024 23:30,5.513
1/30/2024 23:45,5.513
1/31/2024 0:00,5.513
1/31/2024 0:15,5.532
1/31/2024 0:30,5.522
1/31/2024 0:45,5.532
1/31/2024 1:00,5.541
1/31/2024 1:15,5.531
1/31/2024 1:30,5.532
1/31/2024 1:45,5.531
1/31/2024 2:00,5.541
1/31/2024 2:15,5.541
1/31/2024 2:30,5.541
1/31/2024 2:45,5.541
1/31/2024 3:00,5.541
1/31/2024 3:15,5.54
1/31/2024 3:30,5.54
1/31/2024 3:45,5.521
1/31/2024 4:00,5.521
1/31/2024 4:15,5.54
1/31/2024 4:30,5.521
1/31/2024 4:45,5.55
1/31/2024 5:00,5.531
1/31/2024 5:15,5.54
1/31/2024 5:30,5.559
1/31/2024 5:45,5.54
1/31/2024 6:00,5.559
1/31/2024 6:15,5.559
1/31/2024 6:30,5.54
1/31/2024 6:45,5.53
1/31/2024 7:00,5.549
1/31/2024 7:15,5.549
1/31/2024 7:30,5.558
1/31/2024 7:45,5.568
1/31/2024 8:00,5.539
1/31/2024 8:15,5.587
1/31/2024 8:30,5.578
1/31/2024 8:45,5.606
1/31/2024 9:00,5.596
1/31/2024 9:15,5.568
1/31/2024 9:30,5.567
1/31/2024 9:45,5.576
1/31/2024 10:00,5.595
1/31/2024 10:15,5.575
1/31/2024 10:30,5.574
1/31/2024 10:45,5.592
1/31/2024 11:00,5.572
1/31/2024 11:15,5.6
1/31/2024 11:30,5.59
1/31/2024 11:45,5.591
1/31/2024 12:00,5.581
1/31/2024 12:15,5.581
1/31/2024 12:30,5.571
1/31/2024 12:45,5.6
1/31/2024 13:00,5.599
1/31/2024 13:15,5.589
1/31/2024 13:30,5.588
1/31/2024 13:45,5.598
1/31/2024 14:00,5.598
1/31/2024 14:15,5.627
1/31/2024 14:30,5.589
1/31/2024 14:45,5.58
1/31/2024 15:00,5.598
1/31/2024 15:15,5.617
1/31/2024 15:30,5.617
1/31/2024 15:45,5.589
1/31/2024 16:00,5.599
1/31/2024 16:15,5.6
1/31/2024 16:30,5.591
1/31/2024 16:34,5.6
1/31/2024 16:45,5.6
1/31/2024 17:00,5.62
1/31/2024 17:15,5.639
1/31/2024 17:30,5.621
1/31/2024 17:45,5.612
1/31/2024 18:00,5.641
1/31/2024 18:15,5.632
1/31/2024 18:30,5.614
1/31/2024 18:45,5.633
1/31/2024 19:00,5.653
1/31/2024 19:15,5.615
1/31/2024 19:30,5.634
1/31/2024 19:45,5.634
1/31/2024 20:00,5.634
1/31/2024 20:15,5.615
1/31/2024 20:30,5.624
1/31/2024 20:45,5.662
1/31/2024 21:00,5.625
1/31/2024 21:15,5.643
1/31/2024 21:30,5.634
1/31/2024 21:45,5.653
1/31/2024 22:00,5.633
1/31/2024 22:15,5.652
1/31/2024 22:30,5.643
1/31/2024 22:45,5.652
1/31/2024 23:00,5.624
1/31/2024 23:15,5.652
1/31/2024 23:30,5.662
1/31/2024 23:45,5.633
2/1/2024 0:00,5.671
2/1/2024 0:15,5.634
2/1/2024 0:30,5.643
2/1/2024 0:45,5.653
2/1/2024 1:00,5.662
2/1/2024 1:15,5.662
2/1/2024 1:30,5.662
2/1/2024 1:45,5.653
2/1/2024 2:00,5.691
2/1/2024 2:15,5.672
2/1/2024 2:30,5.691
2/1/2024 2:45,5.653
2/1/2024 3:00,5.672
2/1/2024 3:15,5.663
2/1/2024 3:30,5.672
2/1/2024 3:45,5.672
2/1/2024 4:00,5.672
2/1/2024 4:15,5.671
2/1/2024 4:30,5.671
2/1/2024 4:45,5.662
2/1/2024 5:00,5.681
2/1/2024 5:15,5.681
2/1/2024 5:30,5.681
2/1/2024 5:45,5.671
2/1/2024 6:00,5.689
2/1/2024 6:15,5.671
2/1/2024 6:30,5.662
2/1/2024 6:45,5.68
2/1/2024 7:00,5.699
2/1/2024 7:15,5.68
2/1/2024 7:30,5.69
2/1/2024 7:45,5.69
2/1/2024 8:00,5.709
2/1/2024 8:15,5.69
2/1/2024 8:30,5.681
2/1/2024 8:45,5.699
2/1/2024 9:00,5.699
2/1/2024 9:15,5.68
2/1/2024 9:30,5.68
2/1/2024 9:45,5.708
2/1/2024 10:00,5.679
2/1/2024 10:15,5.678
2/1/2024 10:30,5.715
2/1/2024 10:45,5.696
2/1/2024 11:00,5.696
2/1/2024 11:15,5.705
2/1/2024 11:30,5.697
2/1/2024 11:45,5.697
2/1/2024 12:00,5.688
2/1/2024 12:15,5.716
2/1/2024 12:30,5.707
2/1/2024 12:45,5.687
2/1/2024 13:00,5.696
2/1/2024 13:15,5.695
2/1/2024 13:30,5.695
2/1/2024 13:45,5.647
2/1/2024 14:00,5.695
2/1/2024 14:15,5.695
2/1/2024 14:30,5.714
2/1/2024 14:45,5.695
2/1/2024 15:00,5.686
2/1/2024 15:15,5.723
2/1/2024 15:30,5.704
2/1/2024 15:45,5.715
2/1/2024 16:00,5.715
2/1/2024 16:15,5.706
2/1/2024 16:30,5.697
2/1/2024 16:45,5.726
2/1/2024 17:00,5.717
2/1/2024 17:15,5.708
2/1/2024 17:30,5.699
2/1/2024 17:45,5.719
2/1/2024 18:00,5.728
2/1/2024 18:15,5.719
2/1/2024 18:30,5.701
2/1/2024 18:45,5.748
2/1/2024 19:00,5.73
2/1/2024 19:15,5.729
2/1/2024 19:30,5.72
2/1/2024 19:45,5.72
2/1/2024 20:00,5.739
2/1/2024 20:15,5.72
2/1/2024 20:30,5.73
2/1/2024 20:45,5.73
2/1/2024 21:00,5.74
2/1/2024 21:15,5.73
2/1/2024 21:30,5.749
2/1/2024 21:45,5.721
2/1/2024 22:00,5.74
2/1/2024 22:15,5.749
2/1/2024 22:30,5.73
2/1/2024 22:45,5.749
2/1/2024 23:00,5.749
2/1/2024 23:15,5.749
2/1/2024 23:30,5.749
2/1/2024 23:45,5.758
2/2/2024 0:00,5.749
2/2/2024 0:15,5.749
2/2/2024 0:30,5.749
2/2/2024 0:45,5.75
2/2/2024 1:00,5.75
2/2/2024 1:15,5.759
2/2/2024 1:30,5.75
2/2/2024 1:45,5.749
2/2/2024 2:00,5.75
2/2/2024 2:15,5.75
2/2/2024 2:30,5.769
2/2/2024 2:45,5.769
2/2/2024 3:00,5.75
2/2/2024 3:15,5.751
2/2/2024 3:30,5.75
2/2/2024 3:45,5.75
2/2/2024 4:00,5.769
2/2/2024 4:15,5.788
2/2/2024 4:30,5.769
2/2/2024 4:45,5.769
2/2/2024 5:00,5.788
2/2/2024 5:15,5.769
2/2/2024 5:30,5.779
2/2/2024 5:45,5.779
2/2/2024 6:00,5.76
2/2/2024 6:15,5.788
2/2/2024 6:30,5.75
2/2/2024 6:45,5.769
2/2/2024 7:00,5.779
2/2/2024 7:15,5.779
2/2/2024 7:30,5.789
2/2/2024 7:45,5.789
2/2/2024 8:00,5.8
2/2/2024 8:15,5.818
2/2/2024 8:30,5.789
2/2/2024 8:45,5.779
2/2/2024 9:00,5.807
2/2/2024 9:15,5.778
2/2/2024 9:30,5.806
2/2/2024 9:45,5.815
2/2/2024 10:00,5.796
2/2/2024 10:15,5.806
2/2/2024 10:30,5.816
2/2/2024 10:45,5.796
2/2/2024 11:00,5.796
2/2/2024 11:15,5.796
2/2/2024 11:30,5.796
2/2/2024 11:45,5.795
2/2/2024 12:00,5.795
2/2/2024 12:15,5.805
2/2/2024 12:30,5.814
2/2/2024 12:45,5.814
2/2/2024 13:00,5.823
2/2/2024 13:15,5.823
2/2/2024 13:30,5.814
2/2/2024 13:45,5.823
2/2/2024 14:00,5.832
2/2/2024 14:15,5.823
2/2/2024 14:30,5.814
2/2/2024 14:45,5.804
2/2/2024 15:00,5.823
2/2/2024 15:15,5.842
2/2/2024 15:30,5.823
2/2/2024 15:45,5.814
2/2/2024 16:00,5.795
2/2/2024 16:15,5.833
2/2/2024 16:30,5.833
2/2/2024 16:45,5.834
2/2/2024 17:00,5.815
2/2/2024 17:15,5.835
2/2/2024 17:30,5.816
2/2/2024 17:45,5.807
2/2/2024 18:00,5.807
2/2/2024 18:15,5.837
2/2/2024 18:30,5.829
2/2/2024 18:45,5.859
2/2/2024 19:00,5.831
2/2/2024 19:15,5.843
2/2/2024 19:30,5.835
2/2/2024 19:45,5.843
2/2/2024 20:00,5.87
2/2/2024 20:15,5.879
2/2/2024 20:30,5.859
2/2/2024 20:45,5.848
2/2/2024 21:00,5.876
2/2/2024 21:15,5.867
2/2/2024 21:30,5.867
2/2/2024 21:45,5.838
2/2/2024 22:00,5.847
2/2/2024 22:15,5.86
2/2/2024 22:30,5.881
2/2/2024 22:45,5.853
2/2/2024 23:00,5.872
2/2/2024 23:15,5.864
2/2/2024 23:30,5.893
2/2/2024 23:45,5.873
2/3/2024 0:00,5.865
2/3/2024 0:15,5.865
2/3/2024 0:30,5.874
2/3/2024 0:45,5.883
2/3/2024 1:00,5.864
2/3/2024 1:15,5.883
2/3/2024 1:30,5.893
2/3/2024 1:45,5.863
2/3/2024 2:00,5.873
2/3/2024 2:15,5.9
2/3/2024 2:30,5.88
2/3/2024 2:45,5.888
2/3/2024 3:00,5.879
2/3/2024 3:15,5.896
2/3/2024 3:30,5.896
2/3/2024 3:45,5.886
2/3/2024 4:00,5.885
2/3/2024 4:15,5.896
2/3/2024 4:30,5.876
2/3/2024 4:45,5.887
2/3/2024 5:00,5.898
2/3/2024 5:15,5.879
2/3/2024 5:30,5.88
2/3/2024 5:45,5.88
2/3/2024 6:00,5.909
2/3/2024 6:15,5.907
2/3/2024 6:30,5.872
2/3/2024 6:45,5.89
2/3/2024 7:00,5.91
2/3/2024 7:15,5.89
2/3/2024 7:30,5.909
2/3/2024 7:45,5.919
2/3/2024 8:00,5.902
2/3/2024 8:15,5.901
2/3/2024 8:30,5.919
2/3/2024 8:45,5.927
2/3/2024 9:00,5.889
2/3/2024 9:15,5.927
2/3/2024 9:30,5.907
2/3/2024 9:45,5.916
2/3/2024 10:00,5.935
2/3/2024 10:15,5.926
2/3/2024 10:30,5.916
2/3/2024 10:45,5.906
2/3/2024 11:00,5.925
2/3/2024 11:15,5.915
2/3/2024 11:30,5.904
2/3/2024 11:45,5.925
2/3/2024 12:00,5.933
2/3/2024 12:15,5.895
2/3/2024 12:30,5.932
2/3/2024 12:45,5.933
2/3/2024 13:00,5.951
2/3/2024 13:15,5.922
2/3/2024 13:30,5.932
2/3/2024 13:45,5.913
2/3/2024 14:00,5.941
2/3/2024 14:15,5.932
2/3/2024 14:30,5.904
2/3/2024 14:45,5.925
2/3/2024 15:00,5.933
2/3/2024 15:15,5.913
2/3/2024 15:30,5.943
2/3/2024 15:45,5.945
2/3/2024 16:00,5.914
2/3/2024 16:15,5.935
2/3/2024 16:30,5.943
2/3/2024 16:45,5.935
2/3/2024 17:00,5.927
2/3/2024 17:15,5.927
2/3/2024 17:30,5.917
2/3/2024 17:45,5.937
2/3/2024 18:00,5.926
2/3/2024 18:15,5.945
2/3/2024 18:30,5.945
2/3/2024 18:45,5.926
2/3/2024 19:00,5.945
2/3/2024 19:15,5.936
2/3/2024 19:30,5.954
2/3/2024 19:45,5.954
2/3/2024 20:00,5.935
2/3/2024 20:15,5.938
2/3/2024 20:30,5.954
2/3/2024 20:45,5.953
2/3/2024 21:00,5.945
2/3/2024 21:15,5.938
2/3/2024 21:30,5.955
2/3/2024 21:45,5.937
2/3/2024 22:00,5.955
2/3/2024 22:15,5.956
2/3/2024 22:30,5.956
2/3/2024 22:45,5.957
2/3/2024 23:00,5.948
2/3/2024 23:15,5.947
2/3/2024 23:30,5.955
2/3/2024 23:45,5.947
2/4/2024 0:00,5.974
2/4/2024 0:15,5.947
2/4/2024 0:30,5.966
2/4/2024 0:45,5.977
2/4/2024 1:00,5.968
2/4/2024 1:15,5.968
2/4/2024 1:30,5.977
2/4/2024 1:45,5.977
2/4/2024 2:00,5.958
2/4/2024 2:15,5.958
2/4/2024 2:30,5.958
2/4/2024 2:45,5.978
2/4/2024 3:00,5.959
2/4/2024 3:15,5.969
2/4/2024 3:30,5.958
2/4/2024 3:45,5.978
2/4/2024 4:00,5.978
2/4/2024 4:15,5.969
2/4/2024 4:30,5.987
2/4/2024 4:45,5.987
2/4/2024 5:00,5.978
2/4/2024 5:15,5.978
2/4/2024 5:30,5.997
2/4/2024 5:45,5.969
2/4/2024 6:00,5.978
2/4/2024 6:15,5.96
2/4/2024 6:30,5.959
2/4/2024 6:45,5.978
2/4/2024 7:00,5.988
2/4/2024 7:15,5.969
2/4/2024 7:30,5.969
2/4/2024 7:45,5.988
2/4/2024 8:00,5.97
2/4/2024 8:15,5.979
2/4/2024 8:30,5.988
2/4/2024 8:45,5.988
2/4/2024 9:00,5.978
2/4/2024 9:15,5.997
2/4/2024 9:30,5.984
2/4/2024 9:45,5.984
2/4/2024 10:00,6.001
2/4/2024 10:15,5.99
2/4/2024 10:30,5.989
2/4/2024 10:45,5.988
2/4/2024 11:00,5.997
2/4/2024 11:15,5.987
2/4/2024 11:30,6.006
2/4/2024 11:45,5.985
2/4/2024 12:00,6.004
2/4/2024 12:15,6.003
2/4/2024 12:30,6.002
2/4/2024 12:45,5.992
2/4/2024 13:00,5.982
2/4/2024 13:15,5.981
2/4/2024 13:30,5.981
2/4/2024 13:45,5.981
2/4/2024 14:00,5.98
2/4/2024 14:15,5.998
2/4/2024 14:30,6.007
2/4/2024 14:45,5.969
2/4/2024 15:00,5.989
2/4/2024 15:15,5.979
2/4/2024 15:30,5.989
2/4/2024 15:45,5.989
2/4/2024 16:00,5.999
2/4/2024 16:15,5.972
2/4/2024 16:30,6
2/4/2024 16:45,5.963
2/4/2024 17:00,5.965
2/4/2024 17:15,5.957
2/4/2024 17:30,5.958
2/4/2024 17:45,5.969
2/4/2024 18:00,6.018
2/4/2024 18:15,5.991
2/4/2024 18:30,5.984
2/4/2024 18:45,6.015
2/4/2024 19:00,6.015
2/4/2024 19:15,6.006
2/4/2024 19:30,5.997
2/4/2024 19:45,6.007
2/4/2024 20:00,5.998
2/4/2024 20:15,6.006
2/4/2024 20:30,6.025
2/4/2024 20:45,6.014
2/4/2024 21:00,6.034
2/4/2024 21:15,6.024
2/4/2024 21:30,6.014
2/4/2024 21:45,5.994
2/4/2024 22:00,6.021
2/4/2024 22:15,6.02
2/4/2024 22:30,6.039
2/4/2024 22:45,6.019
2/4/2024 23:00,6.028
2/4/2024 23:15,6.028
2/4/2024 23:30,6.01
2/4/2024 23:45,5.999
2/5/2024 0:00,6.027
2/5/2024 0:15,6.027
2/5/2024 0:30,6.017
2/5/2024 0:45,6.037
2/5/2024 1:00,6.019
2/5/2024 1:15,6.018
2/5/2024 1:30,6.027
2/5/2024 1:45,6.008
2/5/2024 2:00,6.018
2/5/2024 2:15,6.02
2/5/2024 2:30,6.041
2/5/2024 2:45,6.031
2/5/2024 3:00,6.041
2/5/2024 3:15,6.041
2/5/2024 3:30,6.022
2/5/2024 3:45,6.049
2/5/2024 4:00,6.059
2/5/2024 4:15,6.012
2/5/2024 4:30,6.029
2/5/2024 4:45,6.048
2/5/2024 5:00,6.022
2/5/2024 5:15,6.032
2/5/2024 5:30,6.04
2/5/2024 5:45,6.048
2/5/2024 6:00,6.038
2/5/2024 6:15,6.02
2/5/2024 6:30,6.037
2/5/2024 6:45,6.027
2/5/2024 7:00,6.028
2/5/2024 7:15,6.047
2/5/2024 7:30,6.038
2/5/2024 7:45,6.037
2/5/2024 8:00,6.057
2/5/2024 8:15,6.046
2/5/2024 8:30,6.046
2/5/2024 8:45,6.065
2/5/2024 9:00,6.056
2/5/2024 9:15,6.065
2/5/2024 9:30,6.064
2/5/2024 9:45,6.054
2/5/2024 10:00,6.054
2/5/2024 10:15,6.054
2/5/2024 10:30,6.054
2/5/2024 10:45,6.072
2/5/2024 11:00,6.062
2/5/2024 11:15,6.063
2/5/2024 11:30,6.072
2/5/2024 11:45,6.081
2/5/2024 12:00,6.062
2/5/2024 12:15,6.052
2/5/2024 12:30,6.08
2/5/2024 12:45,6.062
2/5/2024 13:00,6.061
2/5/2024 13:15,6.08
2/5/2024 13:30,6.08
2/5/2024 13:45,6.089
2/5/2024 14:00,6.06
2/5/2024 14:15,6.069
2/5/2024 14:30,6.079
2/5/2024 14:45,6.079
2/5/2024 15:00,6.059
2/5/2024 15:15,6.059
2/5/2024 15:30,6.05
2/5/2024 15:45,6.04
2/5/2024 16:00,6.069
2/5/2024 16:15,6.049
2/5/2024 16:30,6.068
2/5/2024 16:45,6.069
2/5/2024 17:00,6.05
2/5/2024 17:15,6.079
2/5/2024 17:30,6.07
2/5/2024 17:45,6.08
2/5/2024 18:00,6.08
2/5/2024 18:15,6.071
2/5/2024 18:30,6.081
2/5/2024 18:45,6.071
2/5/2024 19:00,6.072
2/5/2024 19:15,6.072
2/5/2024 19:30,6.082
2/5/2024 19:45,6.064
2/5/2024 20:00,6.074
2/5/2024 20:15,6.074
2/5/2024 20:30,6.074
2/5/2024 20:45,6.075
2/5/2024 21:00,6.095
2/5/2024 21:15,6.078
2/5/2024 21:30,6.075
2/5/2024 21:45,6.084
2/5/2024 22:00,6.083
2/5/2024 22:15,6.083
2/5/2024 22:30,6.083
2/5/2024 22:45,6.074
2/5/2024 23:00,6.093
2/5/2024 23:15,6.065
2/5/2024 23:30,6.055
2/5/2024 23:45,6.086
2/6/2024 0:00,6.087
2/6/2024 0:15,6.087
2/6/2024 0:30,6.095
2/6/2024 0:45,6.097
2/6/2024 1:00,6.099
2/6/2024 1:15,6.088
2/6/2024 1:30,6.088
2/6/2024 1:45,6.089
2/6/2024 2:00,6.087
2/6/2024 2:15,6.097
2/6/2024 2:30,6.075
2/6/2024 2:45,6.096
2/6/2024 3:00,6.098
2/6/2024 3:15,6.078
2/6/2024 3:30,6.089
2/6/2024 3:45,6.09
2/6/2024 4:00,6.11
2/6/2024 4:15,6.082
2/6/2024 4:30,6.1
2/6/2024 4:45,6.081
2/6/2024 5:00,6.081
2/6/2024 5:15,6.098
2/6/2024 5:30,6.088
2/6/2024 5:45,6.117
2/6/2024 6:00,6.089
2/6/2024 6:15,6.1
2/6/2024 6:30,6.09
2/6/2024 6:45,6.099
2/6/2024 7:00,6.117
2/6/2024 7:15,6.08
2/6/2024 7:30,6.091
2/6/2024 7:45,6.11
2/6/2024 8:00,6.101
2/6/2024 8:15,6.108
2/6/2024 8:30,6.106
2/6/2024 8:45,6.113
2/6/2024 9:00,6.111
2/6/2024 9:15,6.101
2/6/2024 9:30,6.08
2/6/2024 9:45,6.108
2/6/2024 10:00,6.096
2/6/2024 10:15,6.095
2/6/2024 10:30,6.093
2/6/2024 10:45,6.101
2/6/2024 11:00,6.102
2/6/2024 11:15,6.102
2/6/2024 11:30,6.102
2/6/2024 11:45,6.102
2/6/2024 12:00,6.129
2/6/2024 12:15,6.138
2/6/2024 12:30,6.089
2/6/2024 12:45,6.116
2/6/2024 13:00,6.085
2/6/2024 13:15,6.082
2/6/2024 13:30,6.084
2/6/2024 13:45,6.094
2/6/2024 14:00,6.085
2/6/2024 14:15,6.085
2/6/2024 14:30,6.059
2/6/2024 14:45,6.079
2/6/2024 15:00,6.098
2/6/2024 15:15,6.079
2/6/2024 15:30,6.07
2/6/2024 15:45,6.089
2/6/2024 16:00,6.081
2/6/2024 16:15,6.063
2/6/2024 16:30,6.084
2/6/2024 16:45,6.085
2/6/2024 17:00,6.087
2/6/2024 17:15,6.098
2/6/2024 17:30,6.099
2/6/2024 17:45,6.08
2/6/2024 18:00,6.1
2/6/2024 18:15,6.091
2/6/2024 18:30,6.11
2/6/2024 18:45,6.082
2/6/2024 19:00,6.101
2/6/2024 19:15,6.101
2/6/2024 19:30,6.101
2/6/2024 19:45,6.102
2/6/2024 20:00,6.092
2/6/2024 20:15,6.112
2/6/2024 20:30,6.093
2/6/2024 20:45,6.102
2/6/2024 21:00,6.102
2/6/2024 21:15,6.093
2/6/2024 21:30,6.096
2/6/2024 21:45,6.094
2/6/2024 22:00,6.083
2/6/2024 22:15,6.084
2/6/2024 22:30,6.103
2/6/2024 22:45,6.102
2/6/2024 23:00,6.112
2/6/2024 23:15,6.102
2/6/2024 23:30,6.123
2/6/2024 23:45,6.103
2/7/2024 0:00,6.115
2/7/2024 0:15,6.123
2/7/2024 0:30,6.113
2/7/2024 0:45,6.113
2/7/2024 1:00,6.112
2/7/2024 1:15,6.123
2/7/2024 1:30,6.123
2/7/2024 1:45,6.113
2/7/2024 2:00,6.115
2/7/2024 2:15,6.104
2/7/2024 2:30,6.122
2/7/2024 2:45,6.114
2/7/2024 3:00,6.113
2/7/2024 3:15,6.103
2/7/2024 3:30,6.104
2/7/2024 3:45,6.103
2/7/2024 4:00,6.123
2/7/2024 4:15,6.104
2/7/2024 4:30,6.115
2/7/2024 4:45,6.104
2/7/2024 5:00,6.123
2/7/2024 5:15,6.114
2/7/2024 5:30,6.105
2/7/2024 5:45,6.113
2/7/2024 6:00,6.104
2/7/2024 6:15,6.114
2/7/2024 6:30,6.123
2/7/2024 6:45,6.123
2/7/2024 7:00,6.113
2/7/2024 7:15,6.123
2/7/2024 7:30,6.114
2/7/2024 7:45,6.123
2/7/2024 8:00,6.124
2/7/2024 8:15,6.105
2/7/2024 8:30,6.113
2/7/2024 8:45,6.142
2/7/2024 9:00,6.133
2/7/2024 9:15,6.141
2/7/2024 9:30,6.131
2/7/2024 9:45,6.112
2/7/2024 10:00,6.113
2/7/2024 10:15,6.131
2/7/2024 10:30,6.131
2/7/2024 10:45,6.122
2/7/2024 11:00,6.122
2/7/2024 11:15,6.112
2/7/2024 11:30,6.131
2/7/2024 11:45,6.123
2/7/2024 12:00,6.132
2/7/2024 12:15,6.141
2/7/2024 12:30,6.132
2/7/2024 12:45,6.131
2/7/2024 13:00,6.121
2/7/2024 13:15,6.121
2/7/2024 13:30,6.131
2/7/2024 13:45,6.131
2/7/2024 14:00,6.131
2/7/2024 14:15,6.122
2/7/2024 14:30,6.121
2/7/2024 14:45,6.151
2/7/2024 15:00,6.132
2/7/2024 15:15,6.131
2/7/2024 15:30,6.14
2/7/2024 15:45,6.131
2/7/2024 16:00,6.14
2/7/2024 16:15,6.149
2/7/2024 16:30,6.132
2/7/2024 16:40,6.15
2/7/2024 16:45,6.134
2/7/2024 17:00,6.141
2/7/2024 17:15,6.132
2/7/2024 17:30,6.144
2/7/2024 17:45,6.133
2/7/2024 18:00,6.132
2/7/2024 18:15,6.133
2/7/2024 18:30,6.141
2/7/2024 18:45,6.161
2/7/2024 19:00,6.171
2/7/2024 19:15,6.142
2/7/2024 19:30,6.142
2/7/2024 19:45,6.133
2/7/2024 20:00,6.164
2/7/2024 20:15,6.164
2/7/2024 20:30,6.164
2/7/2024 20:45,6.135
2/7/2024 21:00,6.145
2/7/2024 21:15,6.144
2/7/2024 21:30,6.153
2/7/2024 21:45,6.164
2/7/2024 22:00,6.136
2/7/2024 22:15,6.134
2/7/2024 22:30,6.145
2/7/2024 22:45,6.154
2/7/2024 23:00,6.155
2/7/2024 23:15,6.117
2/7/2024 23:30,6.157
2/7/2024 23:45,6.156
2/8/2024 0:00,6.136
2/8/2024 0:15,6.165
2/8/2024 0:30,6.146
2/8/2024 0:45,6.164
2/8/2024 1:00,6.155
2/8/2024 1:15,6.166
2/8/2024 1:30,6.137
2/8/2024 1:45,6.147
2/8/2024 2:00,6.167
2/8/2024 2:15,6.146
2/8/2024 2:30,6.156
2/8/2024 2:45,6.167
2/8/2024 3:00,6.157
2/8/2024 3:15,6.138
2/8/2024 3:30,6.157
2/8/2024 3:45,6.148
2/8/2024 4:00,6.149
2/8/2024 4:15,6.158
2/8/2024 4:30,6.157
2/8/2024 4:45,6.147
2/8/2024 5:00,6.158
2/8/2024 5:15,6.176
2/8/2024 5:30,6.14
2/8/2024 5:45,6.15
2/8/2024 6:00,6.15
2/8/2024 6:15,6.169
2/8/2024 6:30,6.159
2/8/2024 6:45,6.168
2/8/2024 7:00,6.159
2/8/2024 7:15,6.149
2/8/2024 7:30,6.168
2/8/2024 7:45,6.15
2/8/2024 8:00,6.169
2/8/2024 8:15,6.159
2/8/2024 8:30,6.159
2/8/2024 8:45,6.158
2/8/2024 9:00,6.177
2/8/2024 9:15,6.168
2/8/2024 9:30,6.176
2/8/2024 9:45,6.167
2/8/2024 10:00,6.175
2/8/2024 10:15,6.173
2/8/2024 10:30,6.19
2/8/2024 10:45,6.163
2/8/2024 11:00,6.173
2/8/2024 11:15,6.163
2/8/2024 11:30,6.163
2/8/2024 11:45,6.181
2/8/2024 12:00,6.18
2/8/2024 12:15,6.173
2/8/2024 12:30,6.171
2/8/2024 12:45,6.162
2/8/2024 13:00,6.164
2/8/2024 13:15,6.146
2/8/2024 13:30,6.163
2/8/2024 13:45,6.173
2/8/2024 14:00,6.087
2/8/2024 14:15,6.086
2/8/2024 14:30,6.104
2/8/2024 14:45,6.104
2/8/2024 15:00,6.104
2/8/2024 15:15,6.097
2/8/2024 15:30,6.106
2/8/2024 15:45,6.134
2/8/2024 16:00,6.114
2/8/2024 16:15,6.095
2/8/2024 16:30,6.125
2/8/2024 16:45,6.115
2/8/2024 17:00,6.105
2/8/2024 17:15,6.106
2/8/2024 17:30,6.116
2/8/2024 17:45,6.119
2/8/2024 18:00,6.127
2/8/2024 18:15,6.108
2/8/2024 18:30,6.139
2/8/2024 18:45,6.119
2/8/2024 19:00,6.129
2/8/2024 19:15,6.129
2/8/2024 19:30,6.129
2/8/2024 19:45,6.12
2/8/2024 20:00,6.111
2/8/2024 20:15,6.102
2/8/2024 20:30,6.139
2/8/2024 20:45,6.14
2/8/2024 21:00,6.112
2/8/2024 21:15,6.131
2/8/2024 21:30,6.122
2/8/2024 21:45,6.131
2/8/2024 22:00,6.15
2/8/2024 22:15,6.122
2/8/2024 22:30,6.131
2/8/2024 22:45,6.121
2/8/2024 23:00,6.131
2/8/2024 23:15,6.14
2/8/2024 23:30,6.14
2/8/2024 23:45,6.131
2/9/2024 0:00,6.121
2/9/2024 0:15,6.112
2/9/2024 0:30,6.121
2/9/2024 0:45,6.131
2/9/2024 1:00,6.141
2/9/2024 1:15,6.14
2/9/2024 1:30,6.141
2/9/2024 1:45,6.122
2/9/2024 2:00,6.121
2/9/2024 2:15,6.131
2/9/2024 2:30,6.131
2/9/2024 2:45,6.122
2/9/2024 3:00,6.14
2/9/2024 3:15,6.121
2/9/2024 3:30,6.131
2/9/2024 3:45,6.15
2/9/2024 4:00,6.141
2/9/2024 4:15,6.131
2/9/2024 4:30,6.141
2/9/2024 4:45,6.121
2/9/2024 5:00,6.159
2/9/2024 5:15,6.15
2/9/2024 5:30,6.131
2/9/2024 5:45,6.122
2/9/2024 6:00,6.131
2/9/2024 6:15,6.15
2/9/2024 6:30,6.131
2/9/2024 6:45,6.131
2/9/2024 7:00,6.121
2/9/2024 7:15,6.14
2/9/2024 7:30,6.131
2/9/2024 7:45,6.131
2/9/2024 8:00,6.13
2/9/2024 8:15,6.15
2/9/2024 8:30,6.149
2/9/2024 8:45,6.149
2/9/2024 9:00,6.149
2/9/2024 9:15,6.149
2/9/2024 9:30,6.149
2/9/2024 9:45,6.129
2/9/2024 10:00,6.129
2/9/2024 10:15,6.14
2/9/2024 10:30,6.149
2/9/2024 10:45,6.149
2/9/2024 11:00,6.149
2/9/2024 11:15,6.138
2/9/2024 11:30,6.139
2/9/2024 11:45,6.119
2/9/2024 12:00,6.137
2/9/2024 12:15,6.164
2/9/2024 12:30,6.154
2/9/2024 12:45,6.135
2/9/2024 13:00,6.152
2/9/2024 13:15,6.141
2/9/2024 13:30,6.122
2/9/2024 13:45,6.132
2/9/2024 14:00,6.132
2/9/2024 14:15,6.151
2/9/2024 14:30,6.141
2/9/2024 14:45,6.133
2/9/2024 15:00,6.151
2/9/2024 15:15,6.153
2/9/2024 15:30,6.142
2/9/2024 15:45,6.132
2/9/2024 16:00,6.133
2/9/2024 16:15,6.136
2/9/2024 16:30,6.135
2/9/2024 16:45,6.157
2/9/2024 17:00,6.148
2/9/2024 17:15,6.159
2/9/2024 17:30,6.121
2/9/2024 17:45,6.13
2/9/2024 18:00,6.14
2/9/2024 18:15,6.131
2/9/2024 18:30,6.15
2/9/2024 18:45,6.141
2/9/2024 19:00,6.123
2/9/2024 19:15,6.132
2/9/2024 19:30,6.152
2/9/2024 19:45,6.152
2/9/2024 20:00,6.143
2/9/2024 20:15,6.153
2/9/2024 20:30,6.163
2/9/2024 20:45,6.153
2/9/2024 21:00,6.154
2/9/2024 21:15,6.145
2/9/2024 21:30,6.145
2/9/2024 21:45,6.164
2/9/2024 22:00,6.144
2/9/2024 22:15,6.153
2/9/2024 22:30,6.172
2/9/2024 22:45,6.134
2/9/2024 23:00,6.191
2/9/2024 23:15,6.164
2/9/2024 23:30,6.166
2/9/2024 23:45,6.179
2/10/2024 0:00,6.171
2/10/2024 0:15,6.172
2/10/2024 0:30,6.172
2/10/2024 0:45,6.191
2/10/2024 1:00,6.163
2/10/2024 1:15,6.182
2/10/2024 1:30,6.183
2/10/2024 1:45,6.183
2/10/2024 2:00,6.183
2/10/2024 2:15,6.183
2/10/2024 2:30,6.193
2/10/2024 2:45,6.174
2/10/2024 3:00,6.174
2/10/2024 3:15,6.174
2/10/2024 3:30,6.193
2/10/2024 3:45,6.193
2/10/2024 4:00,6.174
2/10/2024 4:15,6.173
2/10/2024 4:30,6.183
2/10/2024 4:45,6.202
2/10/2024 5:00,6.192
2/10/2024 5:15,6.201
2/10/2024 5:30,6.201
2/10/2024 5:45,6.191
2/10/2024 6:00,6.2
2/10/2024 6:15,6.181
2/10/2024 6:30,6.179
2/10/2024 6:45,6.197
2/10/2024 7:00,6.196
2/10/2024 7:15,6.203
2/10/2024 7:30,6.192
2/10/2024 7:45,6.172
2/10/2024 8:00,6.172
2/10/2024 8:15,6.162
2/10/2024 8:30,6.171
2/10/2024 8:45,6.161
2/10/2024 9:00,6.161
2/10/2024 9:15,6.17
2/10/2024 9:30,6.169
2/10/2024 9:45,6.167
2/10/2024 10:00,6.154
2/10/2024 10:15,6.141
2/10/2024 10:30,6.159
2/10/2024 10:45,6.159
2/10/2024 11:00,6.168
2/10/2024 11:15,6.157
2/10/2024 11:30,6.166
2/10/2024 11:45,6.166
2/10/2024 12:00,6.156
2/10/2024 12:15,6.174
2/10/2024 12:30,6.164
2/10/2024 12:45,6.174
2/10/2024 13:00,6.211
2/10/2024 13:15,6.163
2/10/2024 13:30,6.181
2/10/2024 13:45,6.162
2/10/2024 14:00,6.152
2/10/2024 14:15,6.152
2/10/2024 14:30,6.171
2/10/2024 14:45,6.181
2/10/2024 15:00,6.144
2/10/2024 15:15,6.145
2/10/2024 15:30,6.146
2/10/2024 15:45,6.174
2/10/2024 16:00,6.137
2/10/2024 16:15,6.138
2/10/2024 16:30,6.157
2/10/2024 16:45,6.147
2/10/2024 17:00,6.148
2/10/2024 17:15,6.139
2/10/2024 17:30,6.12
2/10/2024 17:45,6.14
2/10/2024 18:00,6.17
2/10/2024 18:15,6.154
2/10/2024 18:30,6.165
2/10/2024 18:45,6.166
2/10/2024 19:00,6.139
2/10/2024 19:15,6.13
2/10/2024 19:30,6.159
2/10/2024 19:45,6.149
2/10/2024 20:00,6.159
2/10/2024 20:15,6.14
2/10/2024 20:30,6.159
2/10/2024 20:45,6.15
2/10/2024 21:00,6.14
2/10/2024 21:15,6.15
2/10/2024 21:30,6.14
2/10/2024 21:45,6.168
2/10/2024 22:00,6.149
2/10/2024 22:15,6.178
2/10/2024 22:30,6.169
2/10/2024 22:45,6.14
2/10/2024 23:00,6.131
2/10/2024 23:15,6.15
2/10/2024 23:30,6.141
2/10/2024 23:45,6.15
2/11/2024 0:00,6.141
2/11/2024 0:15,6.15
2/11/2024 0:30,6.169
2/11/2024 0:45,6.169
2/11/2024 1:00,6.14
2/11/2024 1:15,6.169
2/11/2024 1:30,6.159
2/11/2024 1:45,6.169
2/11/2024 2:00,6.131
2/11/2024 2:15,6.159
2/11/2024 2:30,6.159
2/11/2024 2:45,6.15
2/11/2024 3:00,6.14
2/11/2024 3:15,6.14
2/11/2024 3:30,6.15
2/11/2024 3:45,6.131
2/11/2024 4:00,6.16
2/11/2024 4:15,6.14
2/11/2024 4:30,6.15
2/11/2024 4:45,6.15
2/11/2024 5:00,6.159
2/11/2024 5:15,6.159
2/11/2024 5:30,6.159
2/11/2024 5:45,6.14
2/11/2024 6:00,6.158
2/11/2024 6:15,6.14
2/11/2024 6:30,6.149
2/11/2024 6:45,6.14
2/11/2024 7:00,6.13
2/11/2024 7:15,6.149
2/11/2024 7:30,6.129
2/11/2024 7:45,6.139
2/11/2024 8:00,6.138
2/11/2024 8:15,6.139
2/11/2024 8:30,6.12
2/11/2024 8:45,6.138
2/11/2024 9:00,6.148
2/11/2024 9:15,6.128
2/11/2024 9:30,6.126
2/11/2024 9:45,6.134
2/11/2024 10:00,6.125
2/11/2024 10:15,6.135
2/11/2024 10:30,6.116
2/11/2024 10:45,6.127
2/11/2024 11:00,6.126
2/11/2024 11:15,6.135
2/11/2024 11:30,6.137
2/11/2024 11:45,6.146
2/11/2024 12:00,6.147
2/11/2024 12:15,6.147
2/11/2024 12:30,6.148
2/11/2024 12:45,6.148
2/11/2024 13:00,6.147
2/11/2024 13:15,6.147
2/11/2024 13:30,6.137
2/11/2024 13:45,6.144
2/11/2024 14:00,6.145
2/11/2024 14:15,6.166
2/11/2024 14:30,6.128
2/11/2024 14:45,6.146
2/11/2024 15:00,6.156
2/11/2024 15:15,6.156
2/11/2024 15:30,6.143
2/11/2024 15:45,6.134
2/11/2024 16:00,6.152
2/11/2024 16:15,6.143
2/11/2024 16:30,6.125
2/11/2024 16:45,6.153
2/11/2024 17:00,6.155
2/11/2024 17:15,6.146
2/11/2024 17:30,6.137
2/11/2024 17:45,6.148
2/11/2024 18:00,6.138
2/11/2024 18:15,6.148
2/11/2024 18:30,6.139
2/11/2024 18:45,6.149
2/11/2024 19:00,6.138
2/11/2024 19:15,6.137
2/11/2024 19:30,6.129
2/11/2024 19:45,6.147
2/11/2024 20:00,6.148
2/11/2024 20:15,6.136
2/11/2024 20:30,6.146
2/11/2024 20:45,6.137
2/11/2024 21:00,6.136
2/11/2024 21:15,6.138
2/11/2024 21:30,6.148
2/11/2024 21:45,6.139
2/11/2024 22:00,6.138
2/11/2024 22:15,6.166
2/11/2024 22:30,6.137
2/11/2024 22:45,6.138
2/11/2024 23:00,6.119
2/11/2024 23:15,6.157
2/11/2024 23:30,6.139
2/11/2024 23:45,6.139
2/12/2024 0:00,6.13
2/12/2024 0:15,6.139
2/12/2024 0:30,6.148
2/12/2024 0:45,6.139
2/12/2024 1:00,6.157
2/12/2024 1:15,6.158
2/12/2024 1:30,6.138
2/12/2024 1:45,6.147
2/12/2024 2:00,6.139
2/12/2024 2:15,6.138
2/12/2024 2:30,6.138
2/12/2024 2:45,6.138
2/12/2024 3:00,6.139
2/12/2024 3:15,6.138
2/12/2024 3:30,6.128
2/12/2024 3:45,6.129
2/12/2024 4:00,6.149
2/12/2024 4:15,6.149
2/12/2024 4:30,6.138
2/12/2024 4:45,6.148
2/12/2024 5:00,6.138
2/12/2024 5:15,6.129
2/12/2024 5:30,6.148
2/12/2024 5:45,6.138
2/12/2024 6:00,6.129
2/12/2024 6:15,6.137
2/12/2024 6:30,6.157
2/12/2024 6:45,6.147
2/12/2024 7:00,6.145
2/12/2024 7:15,6.144
2/12/2024 7:30,6.163
2/12/2024 7:45,6.143
2/12/2024 8:00,6.151
2/12/2024 8:15,6.152
2/12/2024 8:30,6.141
2/12/2024 8:45,6.141
2/12/2024 9:00,6.141
2/12/2024 9:15,6.14
2/12/2024 9:30,6.14
2/12/2024 9:45,6.15
2/12/2024 10:00,6.141
2/12/2024 10:15,6.131
2/12/2024 10:30,6.121
2/12/2024 10:45,6.14
2/12/2024 11:00,6.14
2/12/2024 11:15,6.13
2/12/2024 11:30,6.13
2/12/2024 11:45,6.14
2/12/2024 12:00,6.111
2/12/2024 12:15,6.12
2/12/2024 12:30,6.13
2/12/2024 12:45,6.139
2/12/2024 13:00,6.101
2/12/2024 13:15,6.12
2/12/2024 13:30,6.12
2/12/2024 13:45,6.12
2/12/2024 14:00,6.111
2/12/2024 14:15,6.11
2/12/2024 14:30,6.101
2/12/2024 14:45,6.12
2/12/2024 15:00,6.11
2/12/2024 15:15,6.11
2/12/2024 15:30,6.101
2/12/2024 15:45,6.101
2/12/2024 16:00,6.091
2/12/2024 16:15,6.101
2/12/2024 16:30,6.091
2/12/2024 16:45,6.111
2/12/2024 17:00,6.101
2/12/2024 17:15,6.092
2/12/2024 17:30,6.102
2/12/2024 17:45,6.083
2/12/2024 18:00,6.074
2/12/2024 18:15,6.075
2/12/2024 18:30,6.055
2/12/2024 18:45,6.084
2/12/2024 19:00,6.074
2/12/2024 19:15,6.067
2/12/2024 19:30,6.075
2/12/2024 19:45,6.074
2/12/2024 20:00,6.065
2/12/2024 20:15,6.074
2/12/2024 20:30,6.075
2/12/2024 20:45,6.065
2/12/2024 21:00,6.055
2/12/2024 21:15,6.046
2/12/2024 21:30,6.055
2/12/2024 21:45,6.055
2/12/2024 22:00,6.057
2/12/2024 22:15,6.057
2/12/2024 22:30,6.04
2/12/2024 22:45,6.05
2/12/2024 23:00,6.06
2/12/2024 23:15,6.049
2/12/2024 23:30,6.066
2/12/2024 23:45,6.049
2/13/2024 0:00,6.047
2/13/2024 0:15,6.039
2/13/2024 0:30,6.049
2/13/2024 0:45,6.051
2/13/2024 1:00,6.049
2/13/2024 1:15,6.069
2/13/2024 1:30,6.042
2/13/2024 1:45,6.042
2/13/2024 2:00,6.053
2/13/2024 2:15,6.053
2/13/2024 2:30,6.054
2/13/2024 2:45,6.054
2/13/2024 3:00,6.063
2/13/2024 3:15,6.035
2/13/2024 3:30,6.026
2/13/2024 3:45,6.036
2/13/2024 4:00,6.046
2/13/2024 4:15,6.065
2/13/2024 4:30,6.056
2/13/2024 4:45,6.055
2/13/2024 5:00,6.056
2/13/2024 5:15,6.056
2/13/2024 5:30,6.055
2/13/2024 5:45,6.055
2/13/2024 6:00,6.055
2/13/2024 6:15,6.055
2/13/2024 6:30,6.065
2/13/2024 6:45,6.065
2/13/2024 7:00,6.055
2/13/2024 7:15,6.046
2/13/2024 7:30,6.074
2/13/2024 7:45,6.055
2/13/2024 8:00,6.046
2/13/2024 8:15,6.064
2/13/2024 8:30,6.046
2/13/2024 8:45,6.064
2/13/2024 9:00,6.054
2/13/2024 9:15,6.052
2/13/2024 9:30,6.049
2/13/2024 9:45,6.037
2/13/2024 10:00,6.045
2/13/2024 10:15,6.071
2/13/2024 10:30,6.07
2/13/2024 10:45,6.04
2/13/2024 11:00,6.049
2/13/2024 11:15,6.077
2/13/2024 11:30,6.047
2/13/2024 11:45,6.065
2/13/2024 12:00,6.045
2/13/2024 12:15,6.044
2/13/2024 12:30,6.025
2/13/2024 12:45,6.034
2/13/2024 13:00,6.053
2/13/2024 13:15,6.081
2/13/2024 13:30,6.014
2/13/2024 13:45,6.043
2/13/2024 14:00,6.064
2/13/2024 14:15,6.074
2/13/2024 14:30,6.075
2/13/2024 14:45,6.055
2/13/2024 15:00,6.045
2/13/2024 15:15,6.016
2/13/2024 15:30,6.025
2/13/2024 15:45,6.035
2/13/2024 16:00,6.008
2/13/2024 16:15,6.037
2/13/2024 16:30,6.028
2/13/2024 16:45,6.019
2/13/2024 17:00,6.01
2/13/2024 17:15,6.049
2/13/2024 17:30,6.041
2/13/2024 17:45,6.043
2/13/2024 18:00,6.018
2/13/2024 18:15,6.031
2/13/2024 18:30,6.035
2/13/2024 18:45,6.018
2/13/2024 19:00,6.047
2/13/2024 19:15,6.057
2/13/2024 19:30,6.019
2/13/2024 19:45,6.056
2/13/2024 20:00,6.047
2/13/2024 20:15,6.038
2/13/2024 20:30,6.037
2/13/2024 20:45,6.037
2/13/2024 21:00,6.037
2/13/2024 21:15,6.037
2/13/2024 21:30,6.066
2/13/2024 21:45,6.066
2/13/2024 22:00,6.056
2/13/2024 22:15,6.047
2/13/2024 22:30,6.057
2/13/2024 22:45,6.028
2/13/2024 23:00,6.028
2/13/2024 23:15,6.048
2/13/2024 23:30,6.048
2/13/2024 23:45,6.03
2/14/2024 0:00,6.032
2/14/2024 0:15,6.042
2/14/2024 0:30,6.007
2/14/2024 0:45,6.007
2/14/2024 1:00,6.046
2/14/2024 1:15,6.029
2/14/2024 1:30,6.01
2/14/2024 1:45,6.03
2/14/2024 2:00,6.029
2/14/2024 2:15,6.029
2/14/2024 2:30,6.02
2/14/2024 2:45,6.059
2/14/2024 3:00,6.078
2/14/2024 3:15,6.05
2/14/2024 3:30,6.05
2/14/2024 3:45,6.05
2/14/2024 4:00,6.051
2/14/2024 4:15,6.07
2/14/2024 4:30,6.06
2/14/2024 4:45,6.06
2/14/2024 5:00,6.07
2/14/2024 5:15,6.061
2/14/2024 5:30,6.07
2/14/2024 5:45,6.042
2/14/2024 6:00,6.061
2/14/2024 6:15,6.042
2/14/2024 6:30,6.042
2/14/2024 6:45,6.042
2/14/2024 7:00,6.061
2/14/2024 7:15,6.042
2/14/2024 7:30,6.061
2/16/2024 9:18,5.844
2/16/2024 9:18,5.837
2/16/2024 9:30,5.893
2/16/2024 9:45,5.922
2/16/2024 10:00,5.951
2/16/2024 10:15,6.036
2/16/2024 10:30,6.064
2/16/2024 10:45,6.042
2/16/2024 11:00,6.032
2/16/2024 11:15,6.02
2/16/2024 11:30,6.038
2/16/2024 11:45,6.027
2/16/2024 12:00,6.007
2/16/2024 12:15,5.988
2/16/2024 12:30,5.978
2/16/2024 12:45,5.922
2/16/2024 13:00,5.931
2/16/2024 13:15,5.912
2/16/2024 13:30,5.95
2/16/2024 13:45,5.987
2/16/2024 14:00,5.958
2/16/2024 14:15,5.937
2/16/2024 14:30,5.916
2/16/2024 14:45,5.906
2/16/2024 15:00,5.907
2/16/2024 15:15,5.908
2/16/2024 15:30,5.91
2/16/2024 15:45,5.872
2/16/2024 16:00,5.872
2/16/2024 16:15,5.843
2/16/2024 16:30,5.824
2/16/2024 16:45,5.824
2/16/2024 17:00,5.815
2/16/2024 17:15,5.816
2/16/2024 17:30,5.817
2/16/2024 17:45,5.818
2/16/2024 18:00,5.823
2/16/2024 18:15,5.826
2/16/2024 18:30,5.837
2/16/2024 18:45,5.838
2/16/2024 19:00,5.839
2/16/2024 19:15,5.784
2/16/2024 19:30,5.784
2/16/2024 19:45,5.786
2/16/2024 20:00,5.789
2/16/2024 20:15,5.789
2/16/2024 20:30,5.789
2/16/2024 20:45,5.801
2/16/2024 21:00,5.791
2/16/2024 21:15,5.801
2/16/2024 21:30,5.783
2/16/2024 21:45,5.793
2/16/2024 22:00,5.812
2/16/2024 22:15,5.831
2/16/2024 22:30,5.822
2/16/2024 22:45,5.812
2/16/2024 23:00,5.813
2/16/2024 23:15,5.822
2/16/2024 23:30,5.822
2/16/2024 23:45,5.831
2/17/2024 0:00,5.831
2/17/2024 0:15,5.831
2/17/2024 0:30,5.831
2/17/2024 0:45,5.84
2/17/2024 1:00,5.84
2/17/2024 1:15,5.848
2/17/2024 1:30,5.829
2/17/2024 1:45,5.828
2/17/2024 2:00,5.838
2/17/2024 2:15,5.82
2/17/2024 2:30,5.829
2/17/2024 2:45,5.82
2/17/2024 3:00,5.82
2/17/2024 3:15,5.839
2/17/2024 3:30,5.82
2/17/2024 3:45,5.837
2/17/2024 4:00,5.829
2/17/2024 4:15,5.829
2/17/2024 4:30,5.82
2/17/2024 4:45,5.83
2/17/2024 5:00,5.83
2/17/2024 5:15,5.83
2/17/2024 5:30,5.83
2/17/2024 5:45,5.84
2/17/2024 6:00,5.82
2/17/2024 6:15,5.83
2/17/2024 6:30,5.839
2/17/2024 6:45,5.829
2/17/2024 7:00,5.828
2/17/2024 7:15,5.839
2/17/2024 7:30,5.857
2/17/2024 7:45,5.837
2/17/2024 8:00,5.852
2/17/2024 8:15,5.85
2/17/2024 8:30,5.839
2/17/2024 8:45,5.829
2/17/2024 9:00,5.829
2/17/2024 9:15,5.809
2/17/2024 9:30,5.817
2/17/2024 9:45,5.813
2/17/2024 10:00,5.81
2/17/2024 10:15,5.809
2/17/2024 10:30,5.817
2/17/2024 10:45,5.797
2/17/2024 11:00,5.797
2/17/2024 11:15,5.796
2/17/2024 11:30,5.806
2/17/2024 11:45,5.796
2/17/2024 12:00,5.826
2/17/2024 12:15,5.817
2/17/2024 12:30,5.825
2/17/2024 12:45,5.816
2/17/2024 13:00,5.805
2/17/2024 13:15,5.795
2/17/2024 13:30,5.814
2/17/2024 13:45,5.795
2/17/2024 14:00,5.815
2/17/2024 14:15,5.815
2/17/2024 14:30,5.825
2/17/2024 14:45,5.806
2/17/2024 15:00,5.815
2/17/2024 15:15,5.815
2/17/2024 15:30,5.825
2/17/2024 15:45,5.805
2/17/2024 16:00,5.796
2/17/2024 16:15,5.796
2/17/2024 16:30,5.806
2/17/2024 16:45,5.807
2/17/2024 17:00,5.817
2/17/2024 17:15,5.818
2/17/2024 17:30,5.818
2/17/2024 17:45,5.819
2/17/2024 18:00,5.832
2/17/2024 18:15,5.842
2/17/2024 18:30,5.823
2/17/2024 18:45,5.832
2/17/2024 19:00,5.845
2/17/2024 19:15,5.826
2/17/2024 19:30,5.834
2/17/2024 19:45,5.835
2/17/2024 20:00,5.826
2/17/2024 20:15,5.826
2/17/2024 20:30,5.817
2/17/2024 20:45,5.826
2/17/2024 21:00,5.827
2/17/2024 21:15,5.816
2/17/2024 21:30,5.835
2/17/2024 21:45,5.817
2/17/2024 22:00,5.825
2/17/2024 22:15,5.823
2/17/2024 22:30,5.834
2/17/2024 22:45,5.813
2/17/2024 23:00,5.824
2/17/2024 23:15,5.814
2/17/2024 23:30,5.824
2/17/2024 23:45,5.805
2/18/2024 0:00,5.805
2/18/2024 0:15,5.813
2/18/2024 0:30,5.813
2/18/2024 0:45,5.803
2/18/2024 1:00,5.823
2/18/2024 1:15,5.822
2/18/2024 1:30,5.824
2/18/2024 1:45,5.826
2/18/2024 2:00,5.843
2/18/2024 2:15,5.844
2/18/2024 2:30,5.844
2/18/2024 2:45,5.844
2/18/2024 3:00,5.845
2/18/2024 3:15,5.843
2/18/2024 3:30,5.853
2/18/2024 3:45,5.835
2/18/2024 4:00,5.845
2/18/2024 4:15,5.846
2/18/2024 4:30,5.845
2/18/2024 4:45,5.845
2/18/2024 5:00,5.844
2/18/2024 5:15,5.845
2/18/2024 5:30,5.854
2/18/2024 5:45,5.846
2/18/2024 6:00,5.855
2/18/2024 6:15,5.835
2/18/2024 6:30,5.827
2/18/2024 6:45,5.835
2/18/2024 7:00,5.843
2/18/2024 7:15,5.853
2/18/2024 7:30,5.845
2/18/2024 7:45,5.845
2/18/2024 8:00,5.836
2/18/2024 8:15,5.834
2/18/2024 8:30,5.834
2/18/2024 8:45,5.824
2/18/2024 9:00,5.824
2/18/2024 9:15,5.832
2/18/2024 9:30,5.831
2/18/2024 9:45,5.831
2/18/2024 10:00,5.832
2/18/2024 10:15,5.822
2/18/2024 10:30,5.824
2/18/2024 10:45,5.832
2/18/2024 11:00,5.811
2/18/2024 11:15,5.829
2/18/2024 11:30,5.818
2/18/2024 11:45,5.808
2/18/2024 12:00,5.818
2/18/2024 12:15,5.799
2/18/2024 12:30,5.808
2/18/2024 12:45,5.807
2/18/2024 13:00,5.798
2/18/2024 13:15,5.807
2/18/2024 13:30,5.807
2/18/2024 13:45,5.798
2/18/2024 14:00,5.798
2/18/2024 14:15,5.798
2/18/2024 14:30,5.798
2/18/2024 14:45,5.807
2/18/2024 15:00,5.808
2/18/2024 15:15,5.798
2/18/2024 15:30,5.798
2/18/2024 15:45,5.798
2/18/2024 16:00,5.789
2/18/2024 16:15,5.779
2/18/2024 16:30,5.77
2/18/2024 16:45,5.761
2/18/2024 17:00,5.752
2/18/2024 17:15,5.762
2/18/2024 17:30,5.752
2/18/2024 17:45,5.744
2/18/2024 18:00,5.753
2/18/2024 18:15,5.744
2/18/2024 18:30,5.756
2/18/2024 18:45,5.755
2/18/2024 19:00,5.744
2/18/2024 19:15,5.765
2/18/2024 19:30,5.746
2/18/2024 19:45,5.765
2/18/2024 20:00,5.775
2/18/2024 20:15,5.746
2/18/2024 20:30,5.756
2/18/2024 20:45,5.766
2/18/2024 21:00,5.756
2/18/2024 21:15,5.765
2/18/2024 21:30,5.767
2/18/2024 21:45,5.777
2/18/2024 22:00,5.787
2/18/2024 22:15,5.769
2/18/2024 22:30,5.778
2/18/2024 22:45,5.77
2/18/2024 23:00,5.779
2/18/2024 23:15,5.77
2/18/2024 23:30,5.78
2/18/2024 23:45,5.78
2/19/2024 0:00,5.78
2/19/2024 0:15,5.78
2/19/2024 0:30,5.77
2/19/2024 0:45,5.789
2/19/2024 1:00,5.78
2/19/2024 1:15,5.789
2/19/2024 1:30,5.77
2/19/2024 1:45,5.77
2/19/2024 2:00,5.768
2/19/2024 2:15,5.778
2/19/2024 2:30,5.779
2/19/2024 2:45,5.789
2/19/2024 3:00,5.769
2/19/2024 3:15,5.769
2/19/2024 3:30,5.787
2/19/2024 3:45,5.788
2/19/2024 4:00,5.778
2/19/2024 4:15,5.785
2/19/2024 4:30,5.777
2/19/2024 4:45,5.785
2/19/2024 5:00,5.774
2/19/2024 5:15,5.784
2/19/2024 5:30,5.774
2/19/2024 5:45,5.774
2/19/2024 6:00,5.783
2/19/2024 6:15,5.766
2/19/2024 6:30,5.774
2/19/2024 6:45,5.782
2/19/2024 7:00,5.773
2/19/2024 7:15,5.792
2/19/2024 7:30,5.772
2/19/2024 7:45,5.792
2/19/2024 8:00,5.781
2/19/2024 8:15,5.79
2/19/2024 8:30,5.799
2/19/2024 8:45,5.798
2/19/2024 9:00,5.788
2/19/2024 9:15,5.779
2/19/2024 9:30,5.797
2/19/2024 9:45,5.778
2/19/2024 10:00,5.778
2/19/2024 10:15,5.768
2/19/2024 10:30,5.768
2/19/2024 10:45,5.768
2/19/2024 11:00,5.759
2/19/2024 11:15,5.768
2/19/2024 11:30,5.768
2/19/2024 11:45,5.787
2/19/2024 12:00,5.777
2/19/2024 12:15,5.768
2/19/2024 12:30,5.758
2/19/2024 12:45,5.757
2/19/2024 13:00,5.767
2/19/2024 13:15,5.768
2/19/2024 13:30,5.768
2/19/2024 13:45,5.777
2/19/2024 14:00,5.767
2/19/2024 14:15,5.758
2/19/2024 14:30,5.748
2/19/2024 14:45,5.757
2/19/2024 15:00,5.748
2/19/2024 15:15,5.757
2/19/2024 15:30,5.748
2/19/2024 15:45,5.748
2/19/2024 16:00,5.748
2/19/2024 16:15,5.748
2/19/2024 16:30,5.748
2/19/2024 16:45,5.73
2/19/2024 17:00,5.739
2/19/2024 17:15,5.749
2/19/2024 17:30,5.739
2/19/2024 17:45,5.74
2/19/2024 18:00,5.749
2/19/2024 18:15,5.74
2/19/2024 18:30,5.74
2/19/2024 18:45,5.74
2/19/2024 19:00,5.75
2/19/2024 19:15,5.731
2/19/2024 19:30,5.75
2/19/2024 19:45,5.731
2/19/2024 20:00,5.731
2/19/2024 20:15,5.741
2/19/2024 20:30,5.751
2/19/2024 20:45,5.733
2/19/2024 21:00,5.743
2/19/2024 21:15,5.752
2/19/2024 21:30,5.753
2/19/2024 21:45,5.763
2/19/2024 22:00,5.752
2/19/2024 22:15,5.761
2/19/2024 22:30,5.761
2/19/2024 22:45,5.751
2/19/2024 23:00,5.761
2/19/2024 23:15,5.751
2/19/2024 23:30,5.76
2/19/2024 23:45,5.751
2/20/2024 0:00,5.751
2/20/2024 0:15,5.751
2/20/2024 0:30,5.76
2/20/2024 0:45,5.76
2/20/2024 1:00,5.751
2/20/2024 1:15,5.751
2/20/2024 1:30,5.761
2/20/2024 1:45,5.76
2/20/2024 2:00,5.751
2/20/2024 2:15,5.77
2/20/2024 2:30,5.741
2/20/2024 2:45,5.76
2/20/2024 3:00,5.751
2/20/2024 3:15,5.751
2/20/2024 3:30,5.761
2/20/2024 3:45,5.751
2/20/2024 4:00,5.751
2/20/2024 4:15,5.76
2/20/2024 4:30,5.751
2/20/2024 4:45,5.751
2/20/2024 5:00,5.751
2/20/2024 5:15,5.76
2/20/2024 5:30,5.77
2/20/2024 5:45,5.741
2/20/2024 6:00,5.75
2/20/2024 6:15,5.76
2/20/2024 6:30,5.751
2/20/2024 6:45,5.76
2/20/2024 7:00,5.761
2/20/2024 7:15,5.751
2/20/2024 7:30,5.751
2/20/2024 7:45,5.751
2/20/2024 8:00,5.75
2/20/2024 8:15,5.741
2/20/2024 8:30,5.76
2/20/2024 8:45,5.75
2/20/2024 9:00,5.74
2/20/2024 9:15,5.749
2/20/2024 9:30,5.739
2/20/2024 9:45,5.749
2/20/2024 10:00,5.749
2/20/2024 10:15,5.739
2/20/2024 10:30,5.757
2/20/2024 10:45,5.747
2/20/2024 11:00,5.738
2/20/2024 11:15,5.757
2/20/2024 11:30,5.738
2/20/2024 11:45,5.728
2/20/2024 12:00,5.729
2/20/2024 12:15,5.729
2/20/2024 12:30,5.738
2/20/2024 12:45,5.728
2/20/2024 13:00,5.728
2/20/2024 13:15,5.737
2/20/2024 13:30,5.718
2/20/2024 13:45,5.718
2/20/2024 14:00,5.728
2/20/2024 14:15,5.718
2/20/2024 14:30,5.718
2/20/2024 14:45,5.718
2/20/2024 15:00,5.727
2/20/2024 15:15,5.699
2/20/2024 15:30,5.718
2/20/2024 15:45,5.69
2/20/2024 16:00,5.709
2/20/2024 16:15,5.709
2/20/2024 16:30,5.7
2/20/2024 16:45,5.69
2/20/2024 17:00,5.69
2/20/2024 17:15,5.671
2/20/2024 17:30,5.672
2/20/2024 17:45,5.692
2/20/2024 18:00,5.683
2/20/2024 18:15,5.673
2/20/2024 18:30,5.664
2/20/2024 18:45,5.655
2/20/2024 19:00,5.656
2/20/2024 19:15,5.676
2/20/2024 19:30,5.676
2/20/2024 19:45,5.687
2/20/2024 20:00,5.688
2/20/2024 20:15,5.688
2/20/2024 20:30,5.697
2/20/2024 20:45,5.681
2/20/2024 21:00,5.691
2/20/2024 21:15,5.691
2/20/2024 21:30,5.691
2/20/2024 21:45,5.692
2/20/2024 22:00,5.683
2/20/2024 22:15,5.7
2/20/2024 22:30,5.682
2/20/2024 22:45,5.701
2/20/2024 23:00,5.699
2/20/2024 23:15,5.68
2/20/2024 23:30,5.69
2/20/2024 23:45,5.691
2/21/2024 0:00,5.672
2/21/2024 0:15,5.671
2/21/2024 0:30,5.692
2/21/2024 0:45,5.674
2/21/2024 1:00,5.684
2/21/2024 1:15,5.684
2/21/2024 1:30,5.684
2/21/2024 1:45,5.674
2/21/2024 2:00,5.684
2/21/2024 2:15,5.694
2/21/2024 2:30,5.675
2/21/2024 2:45,5.674
2/21/2024 3:00,5.684
2/21/2024 3:15,5.675
2/21/2024 3:30,5.694
2/21/2024 3:45,5.684
2/21/2024 4:00,5.691
2/21/2024 4:15,5.692
2/21/2024 4:30,5.691
2/21/2024 4:45,5.671
2/21/2024 5:00,5.68
2/21/2024 5:15,5.689
2/21/2024 5:30,5.678
2/21/2024 5:45,5.687
2/21/2024 6:00,5.688
2/21/2024 6:15,5.677
2/21/2024 6:30,5.677
2/21/2024 6:45,5.668
2/21/2024 7:00,5.677
2/21/2024 7:15,5.677
2/21/2024 7:30,5.676
2/21/2024 7:45,5.687
2/21/2024 8:00,5.676
2/21/2024 8:15,5.676
2/21/2024 8:30,5.685
2/21/2024 8:45,5.685
2/21/2024 9:00,5.675
2/21/2024 9:15,5.826
2/21/2024 9:30,5.768
2/21/2024 9:45,5.814
2/21/2024 10:00,5.852
2/21/2024 10:15,5.851
2/21/2024 10:30,5.831
2/21/2024 10:45,5.828
2/21/2024 11:00,5.818
2/21/2024 11:15,5.826
2/21/2024 11:30,5.825
2/21/2024 11:45,5.776
2/21/2024 12:00,5.812
2/21/2024 12:15,5.775
2/21/2024 12:30,5.775
2/21/2024 12:45,5.738
2/21/2024 13:00,5.758
2/21/2024 13:15,5.74
2/21/2024 13:30,5.722
2/21/2024 13:45,5.751
2/21/2024 14:00,5.752
2/21/2024 14:15,5.733
2/21/2024 14:30,5.724
2/21/2024 14:45,5.724
2/21/2024 15:00,5.753
2/21/2024 15:15,5.724
2/21/2024 15:30,5.734
2/21/2024 15:45,5.733
2/21/2024 16:00,5.742
2/21/2024 16:15,5.742
2/21/2024 16:30,5.742
2/21/2024 16:45,5.734
2/21/2024 17:00,5.753
2/21/2024 17:15,5.726
2/21/2024 17:30,5.746
2/21/2024 17:45,5.756
2/21/2024 18:00,5.766
2/21/2024 18:15,5.758
2/21/2024 18:30,5.777
2/21/2024 18:45,5.768
2/21/2024 19:00,5.768
2/21/2024 19:15,5.778
2/21/2024 19:30,5.76
2/21/2024 19:45,5.761
2/21/2024 20:00,5.751
2/21/2024 20:15,5.764
2/21/2024 20:30,5.764
2/21/2024 20:45,5.762
2/21/2024 21:00,5.763
2/21/2024 21:15,5.772
2/21/2024 21:30,5.762
2/21/2024 21:45,5.752
2/21/2024 22:00,5.752
2/21/2024 22:15,5.771
2/21/2024 22:30,5.761
2/21/2024 22:45,5.761
2/21/2024 23:00,5.761
2/21/2024 23:15,5.761
2/21/2024 23:30,5.761
2/21/2024 23:45,5.77
2/22/2024 0:00,5.76
2/22/2024 0:15,5.779
2/22/2024 0:30,5.77
2/22/2024 0:45,5.752
2/22/2024 1:00,5.77
2/22/2024 1:15,5.771
2/22/2024 1:30,5.77
2/22/2024 1:45,5.77
2/22/2024 2:00,5.77
2/22/2024 2:15,5.761
2/22/2024 2:30,5.771
2/22/2024 2:45,5.751
2/22/2024 3:00,5.761
2/22/2024 3:15,5.771
2/22/2024 3:30,5.742
2/22/2024 3:45,5.744
2/22/2024 4:00,5.743
2/22/2024 4:15,5.725
2/22/2024 4:30,5.738
2/22/2024 4:45,5.749
2/22/2024 5:00,5.732
2/22/2024 5:15,5.741
2/22/2024 5:30,5.732
2/22/2024 5:45,5.742
2/22/2024 6:00,5.733
2/22/2024 6:15,5.733
2/22/2024 6:30,5.724
2/22/2024 6:45,5.743
2/22/2024 7:00,5.753
2/22/2024 7:15,5.752
2/22/2024 7:30,5.752
2/22/2024 7:45,5.752
2/22/2024 8:00,5.752
2/22/2024 8:15,5.757
2/22/2024 8:30,5.753
2/22/2024 8:45,5.741
2/22/2024 9:00,5.748
2/22/2024 9:15,5.747
2/22/2024 9:30,5.726
2/22/2024 9:45,5.706
2/22/2024 10:00,5.743
2/22/2024 10:15,5.733
2/22/2024 10:30,5.722
2/22/2024 10:45,5.722
2/22/2024 11:00,5.684
2/22/2024 11:15,5.713
2/22/2024 11:30,5.713
2/22/2024 11:45,5.704
2/22/2024 12:00,5.704
2/22/2024 12:15,5.685
2/22/2024 12:30,5.695
2/22/2024 12:45,5.695
2/22/2024 13:00,5.666
2/22/2024 13:15,5.694
2/22/2024 13:30,5.694
2/22/2024 13:45,5.694
2/22/2024 14:00,5.684
2/22/2024 14:15,5.702
2/22/2024 14:30,5.701
2/22/2024 14:45,5.682
2/22/2024 15:00,5.672
2/22/2024 15:15,5.681
2/22/2024 15:30,5.699
2/22/2024 15:45,5.671
2/22/2024 16:00,5.662
2/22/2024 16:15,5.653
2/22/2024 16:30,5.672
2/22/2024 16:45,5.683
2/22/2024 17:00,5.693
2/22/2024 17:15,5.684
2/22/2024 17:30,5.686
2/22/2024 17:45,5.669
2/22/2024 18:00,5.671
2/22/2024 18:15,5.673
2/22/2024 18:30,5.674
2/22/2024 18:45,5.676
2/22/2024 19:00,5.659
2/22/2024 19:15,5.672
2/22/2024 19:30,5.675
2/22/2024 19:45,5.685
2/22/2024 20:00,5.677
2/22/2024 20:15,5.696
2/22/2024 20:30,5.696
2/22/2024 20:45,5.678
2/22/2024 21:00,5.668
2/22/2024 21:15,5.697
2/22/2024 21:30,5.697
2/22/2024 21:45,5.707
2/22/2024 22:00,5.717
2/22/2024 22:15,5.709
2/22/2024 22:30,5.717
2/22/2024 22:45,5.708
2/22/2024 23:00,5.7
2/22/2024 23:15,5.7
2/22/2024 23:30,5.699
2/22/2024 23:45,5.699
2/23/2024 0:00,5.708
2/23/2024 0:15,5.709
2/23/2024 0:30,5.699
2/23/2024 0:45,5.698
2/23/2024 1:00,5.716
2/23/2024 1:15,5.697
2/23/2024 1:30,5.697
2/23/2024 1:45,5.697
2/23/2024 2:00,5.697
2/23/2024 2:15,5.697
2/23/2024 2:30,5.688
2/23/2024 2:45,5.688
2/23/2024 3:00,5.707
2/23/2024 3:15,5.697
2/23/2024 3:30,5.716
2/23/2024 3:45,5.697
2/23/2024 4:00,5.697
2/23/2024 4:15,5.697
2/23/2024 4:30,5.687
2/23/2024 4:45,5.706
2/23/2024 5:00,5.706
2/23/2024 5:15,5.706
2/23/2024 5:30,5.715
2/23/2024 5:45,5.706
2/23/2024 6:00,5.715
2/23/2024 6:15,5.715
2/23/2024 6:30,5.715
2/23/2024 6:45,5.706
2/23/2024 7:00,5.706
2/23/2024 7:15,5.696
2/23/2024 7:30,5.686
2/23/2024 7:45,5.702
2/23/2024 8:00,5.68
2/23/2024 8:15,5.696
2/23/2024 8:30,5.694
2/23/2024 8:45,5.683
2/23/2024 9:00,5.691
2/23/2024 9:15,5.681
2/23/2024 9:25,5.699
2/23/2024 9:30,5.68
2/23/2024 9:45,5.679
2/23/2024 10:00,5.679
2/23/2024 10:15,5.677
2/23/2024 10:30,5.695
2/23/2024 10:45,5.694
2/23/2024 11:00,5.702
2/23/2024 11:15,5.673
2/23/2024 11:30,5.68
2/23/2024 11:45,5.68
2/23/2024 12:00,5.688
2/23/2024 12:15,5.679
2/23/2024 12:30,5.669
2/23/2024 12:45,5.688
2/23/2024 13:00,5.668
2/23/2024 13:15,5.677
2/23/2024 13:30,5.657
2/23/2024 13:45,5.665
2/23/2024 14:00,5.662
2/23/2024 14:15,5.662
2/23/2024 14:30,5.664
2/23/2024 14:45,5.654
2/23/2024 15:00,5.674
2/23/2024 15:15,5.657
2/23/2024 15:30,5.677
2/23/2024 15:45,5.64
2/23/2024 16:00,5.641
2/23/2024 16:15,5.661
2/23/2024 16:30,5.662
2/23/2024 16:45,5.671
2/23/2024 17:00,5.663
2/23/2024 17:15,5.645
2/23/2024 17:30,5.665
2/23/2024 17:45,5.658
2/23/2024 18:00,5.669
2/23/2024 18:15,5.671
2/23/2024 18:30,5.683
2/23/2024 18:45,5.665
2/23/2024 19:00,5.671
2/23/2024 19:15,5.672
2/23/2024 19:30,5.674
2/23/2024 19:45,5.675
2/23/2024 20:00,5.685
2/23/2024 20:15,5.676
2/23/2024 20:30,5.676
2/23/2024 20:45,5.676
2/23/2024 21:00,5.686
2/23/2024 21:15,5.667
2/23/2024 21:30,5.686
2/23/2024 21:45,5.677
2/23/2024 22:00,5.677
2/23/2024 22:15,5.677
2/23/2024 22:30,5.687
2/23/2024 22:45,5.697
2/23/2024 23:00,5.668
2/23/2024 23:15,5.697
2/23/2024 23:30,5.669
2/23/2024 23:45,5.688
2/24/2024 0:00,5.679
2/24/2024 0:15,5.688
2/24/2024 0:30,5.679
2/24/2024 0:45,5.679
2/24/2024 1:00,5.679
2/24/2024 1:15,5.678
2/24/2024 1:30,5.678
2/24/2024 1:45,5.697
2/24/2024 2:00,5.688
2/24/2024 2:15,5.687
2/24/2024 2:30,5.697
2/24/2024 2:45,5.697
2/24/2024 3:00,5.688
2/24/2024 3:15,5.697
2/24/2024 3:30,5.688
2/24/2024 3:45,5.697
2/24/2024 4:00,5.697
2/24/2024 4:15,5.678
2/24/2024 4:30,5.689
2/24/2024 4:45,5.688
2/24/2024 5:00,5.688
2/24/2024 5:15,5.688
2/24/2024 5:30,5.678
2/24/2024 5:45,5.697
2/24/2024 6:00,5.688
2/24/2024 6:15,5.687
2/24/2024 6:30,5.678
2/24/2024 6:45,5.687
2/24/2024 7:00,5.688
2/24/2024 7:15,5.697
2/24/2024 7:30,5.716
2/24/2024 7:45,5.706
2/24/2024 8:00,5.704
2/24/2024 8:15,5.722
2/24/2024 8:30,5.69
2/24/2024 8:45,5.706
2/24/2024 9:00,5.685
2/24/2024 9:15,5.693
2/24/2024 9:30,5.692
2/24/2024 9:45,5.682
2/24/2024 10:00,5.681
2/24/2024 10:15,5.699
2/24/2024 10:30,5.689
2/24/2024 10:45,5.679
2/24/2024 11:00,5.679
2/24/2024 11:15,5.689
2/24/2024 11:30,5.698
2/24/2024 11:45,5.688
2/24/2024 12:00,5.699
2/24/2024 12:15,5.689
2/24/2024 12:30,5.688
2/24/2024 12:45,5.688
2/24/2024 13:00,5.67
2/24/2024 13:15,5.689
2/24/2024 13:30,5.689
2/24/2024 13:45,5.67
2/24/2024 14:00,5.689
2/24/2024 14:15,5.679
2/24/2024 14:30,5.689
2/24/2024 14:45,5.679
2/24/2024 15:00,5.689
2/24/2024 15:15,5.689
2/24/2024 15:30,5.688
2/24/2024 15:45,5.698
2/24/2024 16:00,5.689
2/24/2024 16:15,5.68
2/24/2024 16:30,5.689
2/24/2024 16:45,5.68
2/24/2024 17:00,5.69
2/24/2024 17:15,5.7
2/24/2024 17:30,5.691
2/24/2024 17:45,5.691
2/24/2024 18:00,5.701
2/24/2024 18:15,5.711
2/24/2024 18:30,5.674
2/24/2024 18:45,5.674
2/24/2024 19:00,5.703
2/24/2024 19:15,5.703
2/24/2024 19:30,5.694
2/24/2024 19:45,5.694
2/24/2024 20:00,5.714
2/24/2024 20:15,5.696
2/24/2024 20:30,5.696
2/24/2024 20:45,5.705
2/24/2024 21:00,5.695
2/24/2024 21:15,5.694
2/24/2024 21:30,5.694
2/24/2024 21:45,5.703
2/24/2024 22:00,5.702
2/24/2024 22:15,5.693
2/24/2024 22:30,5.702
2/24/2024 22:45,5.693
2/24/2024 23:00,5.712
2/24/2024 23:15,5.711
2/24/2024 23:30,5.702
2/24/2024 23:45,5.702
2/25/2024 0:00,5.721
2/25/2024 0:15,5.702
2/25/2024 0:30,5.693
2/25/2024 0:45,5.702
2/25/2024 1:00,5.721
2/25/2024 1:15,5.693
2/25/2024 1:30,5.712
2/25/2024 1:45,5.703
2/25/2024 2:00,5.712
2/25/2024 2:15,5.712
2/25/2024 2:30,5.703
2/25/2024 2:45,5.703
2/25/2024 3:00,5.694
2/25/2024 3:15,5.703
2/25/2024 3:30,5.722
2/25/2024 3:45,5.722
2/25/2024 4:00,5.713
2/25/2024 4:15,5.722
2/25/2024 4:30,5.722
2/25/2024 4:45,5.703
2/25/2024 5:00,5.722
2/25/2024 5:15,5.694
2/25/2024 5:30,5.732
2/25/2024 5:45,5.722
2/25/2024 6:00,5.722
2/25/2024 6:15,5.722
2/25/2024 6:30,5.722
2/25/2024 6:45,5.722
2/25/2024 7:00,5.722
2/25/2024 7:15,5.732
2/25/2024 7:30,5.713
2/25/2024 7:45,5.722
2/25/2024 8:00,5.703
2/25/2024 8:15,5.712
2/25/2024 8:30,5.702
2/25/2024 8:45,5.711
2/25/2024 9:00,5.711
2/25/2024 9:15,5.721
2/25/2024 9:30,5.72
2/25/2024 9:45,5.72
2/25/2024 10:00,5.729
2/25/2024 10:15,5.72
2/25/2024 10:30,5.729
2/25/2024 10:45,5.71
2/25/2024 11:00,5.728
2/25/2024 11:15,5.709
2/25/2024 11:30,5.718
2/25/2024 11:45,5.718
2/25/2024 12:00,5.718
2/25/2024 12:15,5.729
2/25/2024 12:30,5.738
2/25/2024 12:45,5.738
2/25/2024 13:00,5.719
2/25/2024 13:15,5.738
2/25/2024 13:30,5.719
2/25/2024 13:45,5.728
2/25/2024 14:00,5.738
2/25/2024 14:15,5.747
2/25/2024 14:30,5.757
2/25/2024 14:45,5.767
2/25/2024 15:00,5.758
2/25/2024 15:15,5.767
2/25/2024 15:30,5.748
2/25/2024 15:45,5.757
2/25/2024 16:00,5.776
2/25/2024 16:15,5.767
2/25/2024 16:30,5.757
2/25/2024 16:45,5.767
2/25/2024 17:00,5.757
2/25/2024 17:15,5.767
2/25/2024 17:30,5.748
2/25/2024 17:45,5.738
2/25/2024 18:00,5.748
2/25/2024 18:15,5.757
2/25/2024 18:30,5.776
2/25/2024 18:45,5.757
2/25/2024 19:00,5.748
2/25/2024 19:15,5.767
2/25/2024 19:30,5.758
2/25/2024 19:45,5.776
2/25/2024 20:00,5.768
2/25/2024 20:15,5.768
2/25/2024 20:30,5.787
2/25/2024 20:45,5.767
2/25/2024 21:00,5.797
2/25/2024 21:15,5.787
2/25/2024 21:30,5.768
2/25/2024 21:45,5.787
2/25/2024 22:00,5.787
2/25/2024 22:15,5.778
2/25/2024 22:30,5.787
2/25/2024 22:45,5.788
2/25/2024 23:00,5.788
2/25/2024 23:15,5.788
2/25/2024 23:30,5.797
2/25/2024 23:45,5.797
2/26/2024 0:00,5.807
2/26/2024 0:15,5.798
2/26/2024 0:30,5.808
2/26/2024 0:45,5.807
2/26/2024 1:00,5.788
2/26/2024 1:15,5.798
2/26/2024 1:30,5.779
2/26/2024 1:45,5.77
2/26/2024 2:00,5.732
2/26/2024 2:15,5.732
2/26/2024 2:30,5.723
2/26/2024 2:45,5.685
2/26/2024 3:00,5.666
2/26/2024 3:15,5.666
2/26/2024 3:30,5.638
2/26/2024 3:45,5.64
2/26/2024 4:00,5.625
2/26/2024 4:15,5.607
2/26/2024 4:30,5.588
2/26/2024 4:45,5.597
2/26/2024 5:00,5.608
2/26/2024 5:15,5.619
2/26/2024 5:30,5.619
2/26/2024 5:45,5.61
2/26/2024 6:00,5.591
2/26/2024 6:15,5.58
2/26/2024 6:30,5.6
2/26/2024 6:45,5.601
2/26/2024 7:00,5.601
2/26/2024 7:15,5.611
2/26/2024 7:30,5.611
2/26/2024 7:45,5.611
2/26/2024 8:00,5.459
2/26/2024 8:15,5.469
2/26/2024 8:30,5.459
2/26/2024 8:45,5.467
2/26/2024 9:00,5.472
2/26/2024 9:15,5.47
2/26/2024 9:30,5.477
2/26/2024 9:45,5.476
2/26/2024 10:00,5.485
2/26/2024 10:15,5.486
2/26/2024 10:30,5.486
2/26/2024 10:45,5.486
2/26/2024 11:00,5.486
2/26/2024 11:15,5.496
2/26/2024 11:30,5.486
2/26/2024 11:45,5.477
2/26/2024 12:00,5.477
2/26/2024 12:15,5.477
2/26/2024 12:30,5.479
2/26/2024 12:45,5.479
2/26/2024 13:00,5.469
2/26/2024 13:15,5.487
2/26/2024 13:30,5.487
2/26/2024 13:45,5.486
2/26/2024 14:00,5.486
2/26/2024 14:15,5.486
2/26/2024 14:30,5.496
2/26/2024 14:45,5.486
2/26/2024 15:00,5.495
2/26/2024 15:15,5.486
2/26/2024 15:30,5.495
2/26/2024 15:45,5.494
2/26/2024 16:00,5.494
2/26/2024 16:15,5.504
2/26/2024 16:30,5.514
2/26/2024 16:45,5.505
2/26/2024 17:00,5.497
2/26/2024 17:15,5.499
2/26/2024 17:30,5.491
2/26/2024 17:45,5.512
2/26/2024 18:00,5.505
2/26/2024 18:15,5.524
2/26/2024 18:30,5.515
2/26/2024 18:45,5.516
2/26/2024 19:00,5.517
2/26/2024 19:15,5.526
2/26/2024 19:30,5.517
2/26/2024 19:45,5.517
2/26/2024 20:00,5.518
2/26/2024 20:15,5.518
2/26/2024 20:30,5.529
2/26/2024 20:45,5.54
2/26/2024 21:00,5.54
2/26/2024 21:15,5.538
2/26/2024 21:30,5.528
2/26/2024 21:45,5.536
2/26/2024 22:00,5.536
2/26/2024 22:15,5.555
2/26/2024 22:30,5.527
2/26/2024 22:45,5.546
2/26/2024 23:00,5.546
2/26/2024 23:15,5.546
2/26/2024 23:30,5.546
2/26/2024 23:45,5.576
2/27/2024 0:00,5.575
2/27/2024 0:15,5.574
2/27/2024 0:30,5.574
2/27/2024 0:45,5.584
2/27/2024 1:00,5.584
2/27/2024 1:15,5.565
2/27/2024 1:30,5.575
2/27/2024 1:45,5.593
2/27/2024 2:00,5.584
2/27/2024 2:15,5.575
2/27/2024 2:30,5.575
2/27/2024 2:45,5.585
2/27/2024 3:00,5.576
2/27/2024 3:15,5.585
2/27/2024 3:30,5.585
2/27/2024 3:45,5.579
2/27/2024 4:00,5.58
2/27/2024 4:15,5.589
2/27/2024 4:30,5.591
2/27/2024 4:45,5.59
2/27/2024 5:00,5.59
2/27/2024 5:15,5.6
2/27/2024 5:30,5.588
2/27/2024 5:45,5.599
2/27/2024 6:00,5.591
2/27/2024 6:15,5.588
2/27/2024 6:30,5.587
2/27/2024 6:45,5.588
2/27/2024 7:00,5.586
2/27/2024 7:15,5.587
2/27/2024 7:30,5.596
2/27/2024 7:45,5.585
2/27/2024 8:00,5.585
2/27/2024 8:15,5.584
2/27/2024 8:30,5.584
2/27/2024 8:45,5.592
2/27/2024 9:00,5.582
2/27/2024 9:15,5.591
2/27/2024 9:30,5.591
2/27/2024 9:45,5.588
2/27/2024 10:00,5.556
2/27/2024 10:15,5.582
2/27/2024 10:30,5.553
2/27/2024 10:45,5.553
2/27/2024 11:00,5.562
2/27/2024 11:15,5.552
2/27/2024 11:30,5.561
2/27/2024 11:45,5.57
2/27/2024 12:00,5.57
2/27/2024 12:15,5.57
2/27/2024 12:30,5.581
2/27/2024 12:45,5.572
2/27/2024 13:00,5.553
2/27/2024 13:15,5.574
2/27/2024 13:30,5.573
2/27/2024 13:45,5.562
2/27/2024 14:00,5.562
2/27/2024 14:15,5.562
2/27/2024 14:30,5.572
2/27/2024 14:45,5.563
2/27/2024 15:00,5.563
2/27/2024 15:15,5.553
2/27/2024 15:30,5.562
2/27/2024 15:45,5.562
2/27/2024 16:00,5.581
2/27/2024 16:15,5.562
2/27/2024 16:30,5.562
2/27/2024 16:45,5.553
2/27/2024 17:00,5.572
2/27/2024 17:15,5.563
2/27/2024 17:30,5.574
2/27/2024 17:45,5.567
2/27/2024 18:00,5.56
2/27/2024 18:15,5.561
2/27/2024 18:30,5.57
2/27/2024 18:45,5.571
2/27/2024 19:00,5.572
2/27/2024 19:15,5.581
2/27/2024 19:30,5.59
2/27/2024 19:45,5.581
2/27/2024 20:00,5.591
2/27/2024 20:15,5.581
2/27/2024 20:30,5.591
2/27/2024 20:45,5.61
2/27/2024 21:00,5.61
2/27/2024 21:15,5.601
2/27/2024 21:30,5.61
2/27/2024 21:45,5.61
2/27/2024 22:00,5.61
2/27/2024 22:15,5.61
2/27/2024 22:30,5.61
2/27/2024 22:45,5.611
2/27/2024 23:00,5.62
2/27/2024 23:15,5.629
2/27/2024 23:30,5.62
2/27/2024 23:45,5.611
2/28/2024 0:00,5.611
2/28/2024 0:15,5.621
2/28/2024 0:30,5.611
2/28/2024 0:45,5.611
2/28/2024 1:00,5.62
2/28/2024 1:15,5.611
2/28/2024 1:30,5.611
2/28/2024 1:45,5.62
2/28/2024 2:00,5.611
2/28/2024 2:15,5.611
2/28/2024 2:30,5.611
2/28/2024 2:45,5.61
2/28/2024 3:00,5.62
2/28/2024 3:15,5.601
2/28/2024 3:30,5.61
2/28/2024 3:45,5.62
2/28/2024 4:00,5.619
2/28/2024 4:15,5.619
2/28/2024 4:30,5.61
2/28/2024 4:45,5.62
2/28/2024 5:00,5.61
2/28/2024 5:15,5.591
2/28/2024 5:30,5.609
2/28/2024 5:45,5.6
2/28/2024 6:00,5.6
2/28/2024 6:15,5.61
2/28/2024 6:30,5.6
2/28/2024 6:45,5.609
2/28/2024 7:00,5.6
2/28/2024 7:15,5.619
2/28/2024 7:30,5.607
2/28/2024 7:45,5.617
2/28/2024 8:00,5.627
2/28/2024 8:15,5.608
2/28/2024 8:30,5.627
2/28/2024 8:45,5.607
2/28/2024 9:00,5.614
2/28/2024 9:15,5.613
2/28/2024 9:30,5.605
2/28/2024 9:45,5.606
2/28/2024 10:00,5.612
2/28/2024 10:15,5.611
2/28/2024 10:30,5.602
2/28/2024 10:45,5.61
2/28/2024 11:00,5.61
2/28/2024 11:15,5.6
2/28/2024 11:30,5.59
2/28/2024 11:45,5.609
2/28/2024 12:00,5.59
2/28/2024 12:15,5.6
2/28/2024 12:30,5.609
2/28/2024 12:45,5.619
2/28/2024 13:00,5.609
2/28/2024 13:15,5.619
2/28/2024 13:30,5.609
2/28/2024 13:45,5.619
2/28/2024 14:00,5.619
2/28/2024 14:15,5.628
2/28/2024 14:30,5.628
2/28/2024 14:45,5.619
2/28/2024 14:59,5.609
2/28/2024 15:00,5.619
2/28/2024 15:15,5.6
2/28/2024 15:30,5.562
2/28/2024 15:45,5.496
2/28/2024 16:00,5.335
2/28/2024 16:07,5.287
2/28/2024 16:15,5.25
2/28/2024 16:30,5.174
2/28/2024 16:45,4.985
2/28/2024 16:57,4.778
2/28/2024 17:00,4.759
2/28/2024 17:15,4.617
2/28/2024 17:30,4.514
2/28/2024 17:45,4.448
2/28/2024 18:00,4.391
2/28/2024 18:15,4.391
2/28/2024 18:30,4.372
2/28/2024 18:45,4.372
2/28/2024 19:00,4.372
2/28/2024 19:10,4.381
2/28/2024 19:15,4.382
2/28/2024 19:30,4.382
2/28/2024 19:45,4.41
2/28/2024 20:00,4.428
2/28/2024 20:15,4.448
2/28/2024 20:30,4.457
2/28/2024 20:45,4.485
2/28/2024 21:00,4.504
2/28/2024 21:15,4.542
2/28/2024 21:30,4.56
2/28/2024 21:45,4.589
2/28/2024 22:00,4.608
2/28/2024 22:15,4.636
2/28/2024 22:30,4.683
2/28/2024 22:45,4.692
2/28/2024 23:00,4.73
2/28/2024 23:15,4.759
2/28/2024 23:30,4.768
2/28/2024 23:45,4.797
2/29/2024 0:00,4.815
2/29/2024 0:15,4.853
2/29/2024 0:30,4.862
2/29/2024 0:45,4.881
2/29/2024 1:00,4.919
2/29/2024 1:15,4.919
2/29/2024 1:30,4.947
2/29/2024 1:45,4.947
2/29/2024 2:00,4.975
2/29/2024 2:15,4.985
2/29/2024 2:30,5.004
2/29/2024 2:45,5.023
2/29/2024 3:00,5.023
2/29/2024 3:15,5.042
2/29/2024 3:30,5.041
2/29/2024 3:45,5.069
2/29/2024 4:00,5.07
2/29/2024 4:15,5.069
2/29/2024 4:30,5.088
2/29/2024 4:45,5.097
2/29/2024 5:00,5.116
2/29/2024 5:15,5.107
2/29/2024 5:30,5.107
2/29/2024 5:45,5.126
2/29/2024 6:00,5.126
2/29/2024 6:15,5.126
2/29/2024 6:30,5.135
2/29/2024 6:45,5.154
2/29/2024 7:00,5.144
2/29/2024 7:15,5.163
2/29/2024 7:30,5.163
2/29/2024 7:33,5.172
2/29/2024 7:45,5.172
2/29/2024 8:00,5.182
2/29/2024 8:15,5.172
2/29/2024 8:30,5.163
2/29/2024 8:45,5.143
2/29/2024 9:00,5.153
2/29/2024 9:15,5.161
2/29/2024 9:30,5.161
2/29/2024 9:45,5.161
2/29/2024 10:00,5.179
2/29/2024 10:15,5.179
2/29/2024 10:30,5.188
2/29/2024 10:45,5.189
2/29/2024 11:00,5.189
2/29/2024 11:15,5.19
2/29/2024 11:30,5.2
2/29/2024 11:45,5.201
2/29/2024 12:00,5.201
2/29/2024 12:15,5.202
2/29/2024 12:30,5.212
2/29/2024 12:45,5.203
2/29/2024 13:00,5.222
2/29/2024 13:15,5.195
2/29/2024 13:30,5.176
2/29/2024 13:45,5.177
2/29/2024 14:00,5.177
2/29/2024 14:15,5.148
2/29/2024 14:30,5.15
2/29/2024 14:45,5.112
2/29/2024 15:00,5.094
2/29/2024 15:15,5.058
2/29/2024 15:30,5.029
2/29/2024 15:45,4.984
2/29/2024 16:00,4.974
2/29/2024 16:15,4.955
2/29/2024 16:30,4.944
2/29/2024 16:45,4.971
2/29/2024 17:00,4.972
2/29/2024 17:15,4.961
2/29/2024 17:30,4.944
2/29/2024 17:45,4.952
2/29/2024 18:00,4.943
2/29/2024 18:15,4.965
2/29/2024 18:30,4.975
2/29/2024 18:45,4.985
2/29/2024 19:00,4.995
2/29/2024 19:15,5.005
2/29/2024 19:30,5.024
2/29/2024 19:45,5.061
2/29/2024 20:00,5.081
2/29/2024 20:15,5.1
2/29/2024 20:30,5.118
2/29/2024 20:45,5.128
2/29/2024 21:00,5.137
2/29/2024 21:15,5.137
2/29/2024 21:30,5.156
2/29/2024 21:45,5.165
2/29/2024 22:00,5.165
2/29/2024 22:15,5.175
2/29/2024 22:30,5.185
2/29/2024 22:45,5.175
2/29/2024 23:00,5.185
2/29/2024 23:15,5.194
2/29/2024 23:30,5.204
2/29/2024 23:45,5.195
3/1/2024 0:00,5.214
3/1/2024 0:15,5.195
3/1/2024 0:30,5.223
3/1/2024 0:45,5.232
3/1/2024 1:00,5.242
3/1/2024 1:15,5.214
3/1/2024 1:30,5.233
3/1/2024 1:45,5.233
3/1/2024 2:00,5.252
3/1/2024 2:15,5.252
3/1/2024 2:30,5.252
3/1/2024 2:45,5.261
3/1/2024 3:00,5.261
3/1/2024 3:15,5.279
3/1/2024 3:30,5.28
3/1/2024 3:45,5.27
3/1/2024 4:00,5.27
3/1/2024 4:15,5.289
3/1/2024 4:30,5.27
3/1/2024 4:45,5.289
3/1/2024 5:00,5.298
3/1/2024 5:15,5.298
3/1/2024 5:30,5.298
3/1/2024 5:45,5.289
3/1/2024 6:00,5.298
3/1/2024 6:15,5.307
3/1/2024 6:30,5.289
3/1/2024 6:45,5.298
3/1/2024 7:00,5.308
3/1/2024 7:15,5.307
3/1/2024 7:30,5.298
3/1/2024 7:45,5.308
3/1/2024 8:00,5.307
3/1/2024 8:15,5.317
3/1/2024 8:30,5.307
3/1/2024 8:45,5.334
3/1/2024 9:00,5.329
3/1/2024 9:15,5.317
3/1/2024 9:30,5.326
3/1/2024 9:45,5.326
3/1/2024 10:00,5.325
3/1/2024 10:15,5.343
3/1/2024 10:30,5.322
3/1/2024 10:45,5.311
3/1/2024 11:00,5.31
3/1/2024 11:15,5.309
3/1/2024 11:30,5.29
3/1/2024 11:45,5.299
3/1/2024 12:00,5.28
3/1/2024 12:15,5.28
3/1/2024 12:30,5.29
3/1/2024 12:45,5.281
3/1/2024 13:00,5.272
3/1/2024 13:15,5.281
3/1/2024 13:30,5.281
3/1/2024 13:45,5.281
3/1/2024 14:00,5.282
3/1/2024 14:15,5.292
3/1/2024 14:30,5.293
3/1/2024 14:45,5.285
3/1/2024 15:00,5.275
3/1/2024 15:14,5.295
3/1/2024 15:15,5.295
3/1/2024 15:30,5.295
3/1/2024 15:45,5.286
3/1/2024 16:00,5.306
3/1/2024 16:15,5.307
3/1/2024 16:30,5.297
3/1/2024 16:45,5.297
3/1/2024 17:00,5.307
3/1/2024 17:15,5.29
3/1/2024 17:30,5.281
3/1/2024 17:45,5.294
3/1/2024 18:00,5.314
3/1/2024 18:15,5.313
3/1/2024 18:30,5.315
3/1/2024 18:45,5.325
3/1/2024 19:00,5.335
3/1/2024 19:15,5.335
3/1/2024 19:30,5.336
3/1/2024 19:45,5.327
3/1/2024 20:00,5.336
3/1/2024 20:15,5.327
3/1/2024 20:30,5.328
3/1/2024 20:45,5.338
3/1/2024 21:00,5.329
3/1/2024 21:15,5.339
3/1/2024 21:30,5.319
3/1/2024 21:45,5.328
3/1/2024 22:00,5.338
3/1/2024 22:15,5.328
3/1/2024 22:30,5.319
3/1/2024 22:45,5.318
3/1/2024 23:00,5.318
3/1/2024 23:15,5.309
3/1/2024 23:30,5.309
3/1/2024 23:45,5.337
3/2/2024 0:00,5.318
3/2/2024 0:15,5.318
3/2/2024 0:30,5.308
3/2/2024 0:45,5.317
3/2/2024 1:00,5.298
3/2/2024 1:15,5.317
3/2/2024 1:30,5.307
3/2/2024 1:45,5.306
3/2/2024 2:00,5.306
3/2/2024 2:15,5.307
3/2/2024 2:30,5.297
3/2/2024 2:45,5.314
3/2/2024 3:00,5.315
3/2/2024 3:15,5.305
3/2/2024 3:30,5.305
3/2/2024 3:45,5.306
3/2/2024 4:00,5.315
3/2/2024 4:15,5.306
3/2/2024 4:30,5.316
3/2/2024 4:45,5.306
3/2/2024 5:00,5.306
3/2/2024 5:15,5.305
3/2/2024 5:30,5.295
3/2/2024 5:45,5.296
3/2/2024 6:00,5.306
3/2/2024 6:15,5.305
3/2/2024 6:30,5.306
3/2/2024 6:45,5.297
3/2/2024 7:00,5.296
3/2/2024 7:15,5.306
3/2/2024 7:30,5.316
3/2/2024 7:45,5.315
3/2/2024 8:00,5.305
3/2/2024 8:15,5.306
3/2/2024 8:30,5.315
3/2/2024 8:45,5.286
3/2/2024 9:00,5.286
3/2/2024 9:15,5.287
3/2/2024 9:30,5.274
3/2/2024 9:45,5.256
3/2/2024 10:00,5.227
3/2/2024 10:15,5.215
3/2/2024 10:30,5.194
3/2/2024 10:45,5.183
3/2/2024 11:00,5.117
3/2/2024 11:15,5.061
3/2/2024 11:30,4.975
3/2/2024 11:45,4.891
3/2/2024 12:00,4.815
3/2/2024 12:15,4.768
3/2/2024 12:19,4.768
3/2/2024 12:30,4.759
3/2/2024 12:45,4.711
3/2/2024 13:00,4.748
3/2/2024 13:15,4.786
3/2/2024 13:30,4.804
3/2/2024 13:45,4.832
3/2/2024 14:00,4.822
3/2/2024 14:15,4.832
3/2/2024 14:30,4.795
3/2/2024 14:45,4.795
3/2/2024 15:00,4.786
3/2/2024 15:15,4.796
3/2/2024 15:30,4.805
3/2/2024 15:45,4.815
3/2/2024 16:00,4.796
3/2/2024 16:15,4.815
3/2/2024 16:30,4.825
3/2/2024 16:45,4.834
3/2/2024 17:00,4.844
3/2/2024 17:15,4.845
3/2/2024 17:30,4.865
3/2/2024 17:45,4.874
3/2/2024 18:00,4.866
3/2/2024 18:15,4.886
3/2/2024 18:30,4.888
3/2/2024 18:45,4.899
3/2/2024 19:00,4.907
3/2/2024 19:15,4.937
3/2/2024 19:30,4.938
3/2/2024 19:45,4.958
3/2/2024 20:00,4.968
3/2/2024 20:15,4.977
3/2/2024 20:30,4.987
3/2/2024 20:45,5.006
3/2/2024 21:00,5.006
3/2/2024 21:15,5.025
3/2/2024 21:30,5.025
3/2/2024 21:45,5.035
3/2/2024 22:00,5.044
3/2/2024 22:15,5.044
3/2/2024 22:30,5.063
3/2/2024 22:45,5.073
3/2/2024 23:00,5.064
3/2/2024 23:15,5.084
3/2/2024 23:30,5.065
3/2/2024 23:45,5.086
3/3/2024 0:00,5.106
3/3/2024 0:15,5.104
3/3/2024 0:30,5.116
3/3/2024 0:45,5.115
3/3/2024 1:00,5.117
3/3/2024 1:15,5.117
3/3/2024 1:30,5.136
3/3/2024 1:45,5.137
3/3/2024 2:00,5.136
3/3/2024 2:15,5.156
3/3/2024 2:30,5.137
3/3/2024 2:45,5.157
3/3/2024 3:00,5.157
3/3/2024 3:15,5.157
3/3/2024 3:30,5.166
3/3/2024 3:45,5.166
3/3/2024 4:00,5.166
3/3/2024 4:15,5.165
3/3/2024 4:30,5.213
3/3/2024 4:45,5.232
3/3/2024 5:00,5.233
3/3/2024 5:15,5.214
3/3/2024 5:30,5.223
3/3/2024 5:45,5.241
3/3/2024 6:00,5.232
3/3/2024 6:15,5.232
3/3/2024 6:30,5.242
3/3/2024 6:45,5.242
3/3/2024 7:00,5.242
3/3/2024 7:15,5.221
3/3/2024 7:30,5.236
3/3/2024 7:45,5.205
3/3/2024 8:00,5.202
3/3/2024 8:15,5.206
3/3/2024 8:30,5.204
3/3/2024 8:45,5.222
3/3/2024 9:00,5.211
3/3/2024 9:15,5.219
3/3/2024 9:30,5.228
3/3/2024 9:45,5.217
3/3/2024 10:00,5.226
3/3/2024 10:15,5.225
3/3/2024 10:30,5.216
3/3/2024 10:45,5.226
3/3/2024 11:00,5.217
3/3/2024 11:15,5.209
3/3/2024 11:30,5.219
3/3/2024 11:45,5.228
3/3/2024 12:00,5.227
3/3/2024 12:15,5.226
3/3/2024 12:30,5.225
3/3/2024 12:45,5.224
3/3/2024 13:00,5.223
3/3/2024 13:15,5.213
3/3/2024 13:30,5.194
3/3/2024 13:45,5.194
3/3/2024 14:00,5.186
3/3/2024 14:15,5.178
3/3/2024 14:30,5.179
3/3/2024 14:45,5.162
3/3/2024 15:00,5.173
3/3/2024 15:15,5.163
3/3/2024 15:30,5.172
3/3/2024 15:45,5.153
3/3/2024 16:00,5.144
3/3/2024 16:15,5.154
3/3/2024 16:30,5.145
3/3/2024 16:45,5.154
3/3/2024 17:00,5.154
3/3/2024 17:15,5.154
3/3/2024 17:30,5.155
3/3/2024 17:45,5.147
3/3/2024 18:00,5.14
3/3/2024 18:15,5.162
3/3/2024 18:30,5.145
3/3/2024 18:45,5.165
3/3/2024 19:00,5.176
3/3/2024 19:15,5.176
3/3/2024 19:30,5.176
3/3/2024 19:45,5.157
3/3/2024 20:00,5.167
3/3/2024 20:15,5.196
3/3/2024 20:30,5.187
3/3/2024 20:45,5.187
3/3/2024 21:00,5.197
3/3/2024 21:15,5.187
3/3/2024 21:30,5.196
3/3/2024 21:45,5.206
3/3/2024 22:00,5.187
3/3/2024 22:11,5.187
3/3/2024 22:15,5.206
3/3/2024 22:30,5.206
3/3/2024 22:45,5.196
3/3/2024 23:00,5.206
3/3/2024 23:15,5.205
3/3/2024 23:30,5.215
3/3/2024 23:45,5.215
3/4/2024 0:00,5.214
3/4/2024 0:15,5.224
3/4/2024 0:30,5.224
3/4/2024 0:45,5.233
3/4/2024 1:00,5.214
3/4/2024 1:15,5.233
3/4/2024 1:30,5.233
3/4/2024 1:45,5.223
3/4/2024 2:00,5.214
3/4/2024 2:15,5.223
3/4/2024 2:30,5.242
3/4/2024 2:45,5.252
3/4/2024 3:00,5.261
3/4/2024 3:15,5.261
3/4/2024 3:30,5.261
3/4/2024 3:45,5.27
3/4/2024 4:00,5.261
3/4/2024 4:15,5.271
3/4/2024 4:30,5.281
3/4/2024 4:45,5.271
3/4/2024 5:00,5.262
3/4/2024 5:15,5.29
3/4/2024 5:30,5.29
3/4/2024 5:45,5.281
3/4/2024 6:00,5.272
3/4/2024 6:15,5.273
3/4/2024 6:30,5.273
3/4/2024 6:45,5.263
3/4/2024 7:00,5.262
3/4/2024 7:15,5.262
3/4/2024 7:30,5.243
3/4/2024 7:45,5.252
3/4/2024 8:00,5.251
3/4/2024 8:15,5.241
3/4/2024 8:30,5.232
3/4/2024 8:45,5.222
3/4/2024 9:00,5.241
3/4/2024 9:15,5.23
3/4/2024 9:30,5.229
3/4/2024 9:45,5.245
3/4/2024 10:00,5.243
3/4/2024 10:15,5.224
3/4/2024 10:30,5.233
3/4/2024 10:45,5.224
3/4/2024 11:00,5.234
3/4/2024 11:15,5.234
3/4/2024 11:30,5.214
3/4/2024 11:45,5.224
3/4/2024 12:00,5.233
3/4/2024 12:15,5.232
3/4/2024 12:30,5.233
3/4/2024 12:45,5.232
3/4/2024 13:00,5.222
3/4/2024 13:15,5.213
3/4/2024 13:30,5.222
3/4/2024 13:45,5.221
3/4/2024 14:00,5.221
3/4/2024 14:15,5.23
3/4/2024 14:30,5.211
3/4/2024 14:45,5.202
3/4/2024 15:00,5.221
3/4/2024 15:15,5.202
3/4/2024 15:30,5.193
3/4/2024 15:45,5.211
3/4/2024 16:00,5.202
3/4/2024 16:15,5.201
3/4/2024 16:30,5.192
3/4/2024 16:45,5.183
3/4/2024 17:00,5.184
3/4/2024 17:15,5.183
3/4/2024 17:30,5.193
3/4/2024 17:45,5.174
3/4/2024 18:00,5.166
3/4/2024 18:15,5.179
3/4/2024 18:30,5.182
3/4/2024 18:45,5.174
3/4/2024 19:00,5.184
3/4/2024 19:15,5.185
3/4/2024 19:30,5.195
3/4/2024 19:45,5.186
3/4/2024 20:00,5.186
3/4/2024 20:15,5.196
3/4/2024 20:30,5.188
3/4/2024 20:45,5.189
3/4/2024 21:00,5.19
3/4/2024 21:15,5.229
3/4/2024 21:30,5.239
3/4/2024 21:45,5.23
3/4/2024 22:00,5.241
3/4/2024 22:15,5.251
3/4/2024 22:30,5.249
3/4/2024 22:45,5.248
3/4/2024 23:00,5.25
3/4/2024 23:15,5.261
3/4/2024 23:30,5.241
3/4/2024 23:45,5.25
3/5/2024 0:00,5.267
3/5/2024 0:15,5.265
3/5/2024 0:30,5.254
3/5/2024 0:45,5.255
3/5/2024 1:00,5.273
3/5/2024 1:15,5.263
3/5/2024 1:30,5.254
3/5/2024 1:45,5.264
3/5/2024 2:00,5.273
3/5/2024 2:15,5.273
3/5/2024 2:30,5.264
3/5/2024 2:45,5.263
3/5/2024 3:00,5.264
3/5/2024 3:15,5.263
3/5/2024 3:30,5.273
3/5/2024 3:45,5.265
3/5/2024 4:00,5.283
3/5/2024 4:15,5.263
3/5/2024 4:30,5.275
3/5/2024 4:45,5.284
3/5/2024 5:00,5.283
3/5/2024 5:15,5.283
3/5/2024 5:30,5.283
3/5/2024 5:45,5.282
3/5/2024 6:00,5.273
3/5/2024 6:15,5.275
3/5/2024 6:30,5.288
3/5/2024 6:45,5.296
3/5/2024 7:00,5.297
3/5/2024 7:15,5.286
3/5/2024 7:30,5.273
3/5/2024 7:45,5.278
3/5/2024 8:00,5.245
3/5/2024 8:15,5.242
3/5/2024 8:30,5.251
3/5/2024 8:45,5.25
3/5/2024 9:00,5.24
3/5/2024 9:15,5.24
3/5/2024 9:30,5.239
3/5/2024 9:45,5.239
3/5/2024 10:00,5.163
3/5/2024 10:15,5.153
3/5/2024 10:30,5.163
3/5/2024 10:45,5.162
3/5/2024 11:00,5.153
3/5/2024 11:15,5.143
3/5/2024 11:30,5.152
3/5/2024 11:45,5.17
3/5/2024 12:00,5.151
3/5/2024 12:15,5.159
3/5/2024 12:30,5.169
3/5/2024 12:45,5.159
3/5/2024 13:00,5.14
3/5/2024 13:15,5.129
3/5/2024 13:30,5.138
3/5/2024 13:45,5.128
3/5/2024 14:00,5.118
3/5/2024 14:15,5.108
3/5/2024 14:30,5.099
3/5/2024 14:45,5.09
3/5/2024 15:00,5.063
3/5/2024 15:15,5.035
3/5/2024 15:30,5.044
3/5/2024 15:45,5.016
3/5/2024 16:00,5.026
3/5/2024 16:15,5.036
3/5/2024 16:30,5.028
3/5/2024 16:45,5.047
3/5/2024 17:00,5.038
3/5/2024 17:15,5.048
3/5/2024 17:30,5.03
3/5/2024 17:45,5.031
3/5/2024 18:00,5.044
3/5/2024 18:15,5.038
3/5/2024 18:30,5.05
3/5/2024 18:45,5.062
3/5/2024 19:00,5.063
3/5/2024 19:15,5.065
3/5/2024 19:30,5.077
3/5/2024 19:45,5.08
3/5/2024 20:00,5.081
3/5/2024 20:15,5.119
3/5/2024 20:30,5.129
3/5/2024 20:45,5.139
3/5/2024 21:00,5.129
3/5/2024 21:15,5.129
3/5/2024 21:30,5.148
3/5/2024 21:45,5.139
3/5/2024 22:00,5.129
3/5/2024 22:15,5.147
3/5/2024 22:30,5.146
3/5/2024 22:45,5.124
3/5/2024 23:00,5.153
3/5/2024 23:15,5.141
3/5/2024 23:30,5.154
3/5/2024 23:45,5.165
3/6/2024 0:00,5.167
3/6/2024 0:15,5.148
3/6/2024 0:30,5.158
3/6/2024 0:45,5.168
3/6/2024 1:00,5.168
3/6/2024 1:15,5.168
3/6/2024 1:30,5.159
3/6/2024 1:45,5.159
3/6/2024 2:00,5.159
3/6/2024 2:15,5.159
3/6/2024 2:30,5.169
3/6/2024 2:45,5.178
3/6/2024 3:00,5.169
3/6/2024 3:15,5.179
3/6/2024 3:30,5.17
3/6/2024 3:45,5.161
3/6/2024 4:00,5.17
3/6/2024 4:15,5.189
3/6/2024 4:30,5.17
3/6/2024 4:45,5.189
3/6/2024 5:00,5.179
3/6/2024 5:15,5.16
3/6/2024 5:30,5.179
3/6/2024 5:45,5.198
3/6/2024 6:00,5.169
3/6/2024 6:15,5.188
3/6/2024 6:30,5.179
3/6/2024 6:45,5.197
3/6/2024 7:00,5.196
3/6/2024 7:15,5.183
3/6/2024 7:30,5.179
3/6/2024 7:45,5.176
3/6/2024 8:00,5.172
3/6/2024 8:15,5.158
3/6/2024 8:30,5.165
3/6/2024 8:45,5.154
3/6/2024 9:00,5.143
3/6/2024 9:15,5.161
3/6/2024 9:30,5.168
3/6/2024 9:45,5.139
3/6/2024 10:00,5.138
3/6/2024 10:15,5.137
3/6/2024 10:30,5.156
3/6/2024 10:45,5.138
3/6/2024 11:00,5.139
3/6/2024 11:15,5.141
3/6/2024 11:30,5.142
3/6/2024 11:45,5.134
3/6/2024 12:00,5.124
3/6/2024 12:15,5.123
3/6/2024 12:30,5.123
3/6/2024 12:45,5.113
3/6/2024 13:00,5.14
3/6/2024 13:15,5.131
3/6/2024 13:30,5.122
3/6/2024 13:45,5.113
3/6/2024 14:00,5.113
3/6/2024 14:15,5.103
3/6/2024 14:30,5.112
3/6/2024 14:45,5.092
3/6/2024 15:00,5.11
3/6/2024 15:15,5.091
3/6/2024 15:30,5.1
3/6/2024 15:45,5.081
3/6/2024 16:00,5.072
3/6/2024 16:15,5.072
3/6/2024 16:30,5.091
3/6/2024 16:45,5.082
3/6/2024 17:00,5.082
3/6/2024 17:15,5.083
3/6/2024 17:30,5.074
3/6/2024 17:45,5.076
3/6/2024 18:00,5.068
3/6/2024 18:15,5.079
3/6/2024 18:30,5.073
3/6/2024 18:45,5.077
3/6/2024 19:00,5.09
3/6/2024 19:15,5.091
3/6/2024 19:30,5.084
3/6/2024 19:45,5.125
3/6/2024 20:00,5.118
3/6/2024 20:15,5.129
3/6/2024 20:30,5.139
3/6/2024 20:45,5.148
3/6/2024 21:00,5.149
3/6/2024 21:15,5.149
3/6/2024 21:30,5.149
3/6/2024 21:45,5.149
3/6/2024 22:00,5.15
3/6/2024 22:15,5.14
3/6/2024 22:30,5.159
3/6/2024 22:45,5.159
3/6/2024 23:00,5.15
3/6/2024 23:15,5.141
3/6/2024 23:30,5.16
3/6/2024 23:45,5.15
3/7/2024 0:00,5.17
3/7/2024 0:15,5.151
3/7/2024 0:30,5.151
3/7/2024 0:45,5.16
3/7/2024 1:00,5.16
3/7/2024 1:14,5.161
3/7/2024 1:15,5.161
3/7/2024 1:30,5.17
3/7/2024 1:45,5.161
3/7/2024 2:00,5.17
3/7/2024 2:15,5.161
3/7/2024 2:30,5.161
3/7/2024 2:45,5.152
3/7/2024 3:00,5.161
3/7/2024 3:15,5.161
3/7/2024 3:30,5.171
3/7/2024 3:45,5.162
3/7/2024 4:00,5.171
3/7/2024 4:15,5.154
3/7/2024 4:30,5.172
3/7/2024 4:45,5.172
3/7/2024 5:00,5.162
3/7/2024 5:15,5.181
3/7/2024 5:30,5.171
3/7/2024 5:45,5.171
3/7/2024 6:00,5.18
3/7/2024 6:15,5.171
3/7/2024 6:30,5.171
3/7/2024 6:45,5.18
3/7/2024 7:00,5.169
3/7/2024 7:15,5.176
3/7/2024 7:30,5.161
3/7/2024 7:45,5.167
3/7/2024 8:00,5.164
3/7/2024 8:15,5.13
3/7/2024 8:30,5.127
3/7/2024 8:45,5.135
3/7/2024 9:00,5.142
3/7/2024 9:15,5.121
3/7/2024 9:30,5.148
3/7/2024 9:45,5.137
3/7/2024 10:00,5.144
3/7/2024 10:15,5.133
3/7/2024 10:30,5.143
3/7/2024 10:45,5.125
3/7/2024 11:00,5.134
3/7/2024 11:15,5.134
3/7/2024 11:30,5.125
3/7/2024 11:45,5.107
3/7/2024 12:00,5.116
3/7/2024 12:15,5.117
3/7/2024 12:30,5.126
3/7/2024 12:45,5.126
3/7/2024 13:00,5.116
3/7/2024 13:15,5.116
3/7/2024 13:30,5.104
3/7/2024 13:45,5.114
3/7/2024 14:00,5.105
3/7/2024 14:15,5.114
3/7/2024 14:30,5.105
3/7/2024 14:45,5.087
3/7/2024 15:00,5.088
3/7/2024 15:15,5.098
3/7/2024 15:30,5.09
3/7/2024 15:45,5.082
3/7/2024 16:00,5.073
3/7/2024 16:15,5.093
3/7/2024 16:30,5.084
3/7/2024 16:45,5.075
3/7/2024 17:00,5.094
3/7/2024 17:15,5.086
3/7/2024 17:30,5.077
3/7/2024 17:45,5.087
3/7/2024 18:00,5.079
3/7/2024 18:15,5.074
3/7/2024 18:30,5.087
3/7/2024 18:45,5.099
3/7/2024 19:00,5.081
3/7/2024 19:15,5.082
3/7/2024 19:30,5.076
3/7/2024 19:45,5.085
3/7/2024 20:00,5.097
3/7/2024 20:15,5.086
3/7/2024 20:30,5.134
3/7/2024 20:45,5.136
3/7/2024 21:00,5.127
3/7/2024 21:15,5.127
3/7/2024 21:30,5.136
3/7/2024 21:45,5.136
3/7/2024 22:00,5.136
3/7/2024 22:15,5.136
3/7/2024 22:30,5.136
3/7/2024 22:45,5.135
3/7/2024 23:00,5.155
3/7/2024 23:15,5.137
3/7/2024 23:30,5.146
3/7/2024 23:45,5.118
3/8/2024 0:00,5.129
3/8/2024 0:15,5.148
3/8/2024 0:30,5.148
3/8/2024 0:45,5.138
3/8/2024 1:00,5.139
3/8/2024 1:15,5.148
3/8/2024 1:30,5.139
3/8/2024 1:45,5.158
3/8/2024 2:00,5.156
3/8/2024 2:15,5.157
3/8/2024 2:30,5.156
3/8/2024 2:45,5.128
3/8/2024 3:00,5.157
3/8/2024 3:15,5.147
3/8/2024 3:30,5.155
3/8/2024 3:45,5.164
3/8/2024 4:00,5.143
3/8/2024 4:15,5.145
3/8/2024 4:30,5.151
3/8/2024 4:45,5.151
3/8/2024 5:00,5.133
3/8/2024 5:15,5.143
3/8/2024 5:30,5.151
3/8/2024 5:45,5.152
3/8/2024 6:00,5.142
3/8/2024 6:15,5.15
3/8/2024 6:30,5.151
3/8/2024 6:45,5.16
3/8/2024 7:00,5.14
3/8/2024 7:15,5.149
3/8/2024 7:30,5.128
3/8/2024 7:45,5.124
3/8/2024 8:00,5.111
3/8/2024 8:15,5.099
3/8/2024 8:30,5.098
3/8/2024 8:45,5.116
3/8/2024 9:00,5.106
3/8/2024 9:15,5.105
3/8/2024 9:30,5.113
3/8/2024 9:45,5.113
3/8/2024 10:00,5.131
3/8/2024 10:15,5.121
3/8/2024 10:30,5.102
3/8/2024 10:45,5.11
3/8/2024 11:00,5.101
3/8/2024 11:15,5.119
3/8/2024 11:30,5.11
3/8/2024 11:45,5.1
3/8/2024 12:00,5.1
3/8/2024 12:15,5.09
3/8/2024 12:30,5.119
3/8/2024 12:45,5.099
3/8/2024 13:00,5.099
3/8/2024 13:15,5.089
3/8/2024 13:30,5.089
3/8/2024 13:45,5.079
3/8/2024 14:00,5.078
3/8/2024 14:15,5.069
3/8/2024 14:30,5.078
3/8/2024 14:45,5.078
3/8/2024 15:00,5.086
3/8/2024 15:15,5.076
3/8/2024 15:30,5.058
3/8/2024 15:45,5.058
3/8/2024 16:00,5.077
3/8/2024 16:15,5.075
3/8/2024 16:30,5.068
3/8/2024 16:45,5.079
3/8/2024 17:00,5.099
3/8/2024 17:15,5.091
3/8/2024 17:30,5.064
3/8/2024 17:45,5.075
3/8/2024 18:00,5.086
3/8/2024 18:15,5.078
3/8/2024 18:30,5.079
3/8/2024 18:45,5.08
3/8/2024 19:00,5.081
3/8/2024 19:15,5.062
3/8/2024 19:30,5.063
3/8/2024 19:45,5.084
3/8/2024 20:00,5.084
3/8/2024 20:15,5.073
3/8/2024 20:30,5.077
3/8/2024 20:45,5.086
3/8/2024 21:00,5.086
3/8/2024 21:15,5.085
3/8/2024 21:30,5.077
3/8/2024 21:45,5.094
3/8/2024 22:00,5.093
3/8/2024 22:15,5.083
3/8/2024 22:30,5.083
3/8/2024 22:45,5.074
3/8/2024 23:00,5.065
3/8/2024 23:15,5.092
3/8/2024 23:30,5.065
3/8/2024 23:45,5.074
3/9/2024 0:00,5.074
3/9/2024 0:15,5.065
3/9/2024 0:30,5.066
3/9/2024 0:45,5.085
3/9/2024 1:00,5.065
3/9/2024 1:15,5.077
3/9/2024 1:30,5.076
3/9/2024 1:45,5.068
3/9/2024 2:00,5.088
3/9/2024 2:15,5.079
3/9/2024 2:30,5.078
3/9/2024 2:45,5.079
3/9/2024 3:00,5.088
3/9/2024 3:15,5.078
3/9/2024 3:30,5.07
3/9/2024 3:45,5.08
3/9/2024 4:00,5.08
3/9/2024 4:15,5.071
3/9/2024 4:30,5.071
3/9/2024 4:45,5.08
3/9/2024 5:00,5.079
3/9/2024 5:15,5.07
3/9/2024 5:30,5.071
3/9/2024 5:45,5.08
3/9/2024 6:00,5.08
3/9/2024 6:15,5.08
3/9/2024 6:30,5.07
3/9/2024 6:45,5.069
3/9/2024 7:00,5.069
3/9/2024 7:15,5.077
3/9/2024 7:30,5.074
3/9/2024 7:45,5.081
3/9/2024 8:00,5.098
3/9/2024 8:15,5.079
3/9/2024 8:30,5.069
3/9/2024 8:45,5.069
3/9/2024 9:00,5.087
3/9/2024 9:15,5.068
3/9/2024 9:30,5.068
3/9/2024 9:45,5.086
3/9/2024 10:00,5.086
3/9/2024 10:15,5.085
3/9/2024 10:30,5.075
3/9/2024 10:45,5.083
3/9/2024 11:00,5.073
3/9/2024 11:15,5.073
3/9/2024 11:30,5.072
3/9/2024 11:45,5.063
3/9/2024 12:00,5.081
3/9/2024 12:15,5.07
3/9/2024 12:30,5.069
3/9/2024 12:45,5.068
3/9/2024 13:00,5.066
3/9/2024 13:15,5.065
3/9/2024 13:30,5.065
3/9/2024 13:45,5.054
3/9/2024 14:00,5.065
3/9/2024 14:15,5.048
3/9/2024 14:30,5.069
3/9/2024 14:45,5.079
3/9/2024 15:00,5.07
3/9/2024 15:15,5.071
3/9/2024 15:30,5.054
3/9/2024 15:45,5.074
3/9/2024 16:00,5.055
3/9/2024 16:15,5.056
3/9/2024 16:30,5.066
3/9/2024 16:45,5.056
3/9/2024 17:00,5.066
3/9/2024 17:15,5.066
3/9/2024 17:30,5.057
3/9/2024 17:45,5.067
3/9/2024 18:00,5.057
3/9/2024 18:15,5.057
3/9/2024 18:30,5.077
3/9/2024 18:45,5.049
3/9/2024 19:00,5.058
3/9/2024 19:15,5.059
3/9/2024 19:30,5.059
3/9/2024 19:45,5.069
3/9/2024 20:00,5.069
3/9/2024 20:15,5.06
3/9/2024 20:30,5.06
3/9/2024 20:45,5.05
3/9/2024 21:00,5.05
3/9/2024 21:15,5.06
3/9/2024 21:30,5.06
3/9/2024 21:45,5.069
3/9/2024 22:00,5.069
3/9/2024 22:15,5.06
3/9/2024 22:30,5.051
3/9/2024 22:45,5.051
3/9/2024 23:00,5.051
3/9/2024 23:15,5.051
3/9/2024 23:30,5.051
3/9/2024 23:45,5.061
3/10/2024 0:00,5.061
3/10/2024 0:15,5.051
3/10/2024 0:30,5.061
3/10/2024 0:45,5.043
3/10/2024 1:00,5.062
3/10/2024 1:15,5.081
3/10/2024 1:30,5.053
3/10/2024 1:45,5.063
3/10/2024 2:00,5.054
3/10/2024 2:15,5.055
3/10/2024 2:30,5.064
3/10/2024 2:45,5.045
3/10/2024 3:00,5.064
3/10/2024 3:15,5.055
3/10/2024 3:30,5.054
3/10/2024 3:45,5.063
3/10/2024 4:00,5.063
3/10/2024 4:15,5.055
3/10/2024 4:30,5.053
3/10/2024 4:45,5.062
3/10/2024 5:00,5.053
3/10/2024 5:15,5.052
3/10/2024 5:30,5.043
3/10/2024 5:45,5.052
3/10/2024 6:00,5.061
3/10/2024 6:15,5.071
3/10/2024 6:30,5.042
3/10/2024 6:45,5.061
3/10/2024 7:00,5.052
3/10/2024 7:15,5.051
3/10/2024 7:30,5.052
3/10/2024 7:45,5.051
3/10/2024 8:00,5.051
3/10/2024 8:15,5.061
3/10/2024 8:30,5.051
3/10/2024 8:45,5.061
3/10/2024 9:00,5.07
3/10/2024 9:15,5.07
3/10/2024 9:30,5.06
3/10/2024 9:45,5.06
3/10/2024 10:00,5.06
3/10/2024 10:15,5.078
3/10/2024 10:30,5.069
3/10/2024 10:45,5.069
3/10/2024 11:00,5.068
3/10/2024 11:15,5.049
3/10/2024 11:30,5.049
3/10/2024 11:45,5.049
3/10/2024 12:00,5.049
3/10/2024 12:15,5.058
3/10/2024 12:30,5.048
3/10/2024 12:45,5.039
3/10/2024 13:00,5.038
3/10/2024 13:15,5.038
3/10/2024 13:30,5.028
3/10/2024 13:45,5.037
3/10/2024 14:00,5.018
3/10/2024 14:15,5.008
3/10/2024 14:30,5.026
3/10/2024 14:45,5.036
3/10/2024 15:00,5.027
3/10/2024 15:15,5.028
3/10/2024 15:30,5.019
3/10/2024 15:45,5.038
3/10/2024 16:00,5.048
3/10/2024 16:15,5.049
3/10/2024 16:30,5.059
3/10/2024 16:45,5.05
3/10/2024 17:00,5.069
3/10/2024 17:15,5.069
3/10/2024 17:30,5.04
3/10/2024 17:45,5.03
3/10/2024 18:00,5.04
3/10/2024 18:15,5.031
3/10/2024 18:30,5.041
3/10/2024 18:45,5.023
3/10/2024 19:00,5.033
3/10/2024 19:15,5.024
3/10/2024 19:30,5.034
3/10/2024 19:45,5.052
3/10/2024 20:00,5.043
3/10/2024 20:15,5.043
3/10/2024 20:30,5.034
3/10/2024 20:45,5.034
3/10/2024 21:00,5.034
3/10/2024 21:15,5.053
3/10/2024 21:30,5.043
3/10/2024 21:45,5.043
3/10/2024 22:00,5.024
3/10/2024 22:15,5.033
3/10/2024 22:30,5.033
3/10/2024 22:45,5.053
3/10/2024 23:00,5.053
3/10/2024 23:15,5.044
3/10/2024 23:30,5.043
3/10/2024 23:45,5.043
3/11/2024 0:00,5.043
3/11/2024 0:15,5.043
3/11/2024 0:30,5.043
3/11/2024 0:45,5.043
3/11/2024 1:00,5.034
3/11/2024 1:15,5.034
3/11/2024 1:30,5.024
3/11/2024 1:45,5.033
3/11/2024 2:00,5.024
3/11/2024 2:15,5.015
3/11/2024 2:30,5.025
3/11/2024 2:45,5.025
3/11/2024 3:00,5.016
3/11/2024 3:15,5.018
3/11/2024 3:30,5.018
3/11/2024 3:45,5.029
3/11/2024 4:00,5.031
3/11/2024 4:15,5.032
3/11/2024 4:30,5.022
3/11/2024 4:45,5.02
3/11/2024 5:00,5.028
3/11/2024 5:15,5.029
3/11/2024 5:30,5.01
3/11/2024 5:45,5.029
3/11/2024 6:00,5.029
3/11/2024 6:15,5.02
3/11/2024 6:30,5.011
3/11/2024 6:45,5.012
3/11/2024 7:00,5.03
3/11/2024 7:15,5.046
3/11/2024 7:30,5.046
3/11/2024 7:45,5.044
3/11/2024 8:00,5.043
3/11/2024 8:15,5.023
3/11/2024 8:30,5.031
3/11/2024 8:45,5.03
3/11/2024 9:00,5
3/11/2024 9:15,5.017
3/11/2024 9:30,5.015
3/11/2024 9:45,4.996
3/11/2024 10:00,4.995
3/11/2024 10:15,5.005
3/11/2024 10:30,5.013
3/11/2024 10:45,5.012
3/11/2024 11:00,4.989
3/11/2024 11:15,4.995
3/11/2024 11:30,4.984
3/11/2024 11:45,5.021
3/11/2024 12:00,5.014
3/11/2024 12:15,4.999
3/11/2024 12:30,4.99
3/11/2024 12:45,5.001
3/11/2024 13:00,4.992
3/11/2024 13:15,5.012
3/11/2024 13:30,4.993
3/11/2024 13:45,4.994
3/11/2024 14:00,5.004
3/11/2024 14:15,4.995
3/11/2024 14:30,5.005
3/11/2024 14:45,4.988
3/11/2024 15:00,4.998
3/11/2024 15:15,5.016
3/11/2024 15:30,4.998
3/11/2024 15:45,5.007
3/11/2024 16:00,4.998
3/11/2024 16:15,4.999
3/11/2024 16:30,5.008
3/11/2024 16:45,5.018
3/11/2024 17:00,5.018
3/11/2024 17:15,5.009
3/11/2024 17:30,5
3/11/2024 17:45,5.009
3/11/2024 18:00,4.991
3/11/2024 18:15,5.001
3/11/2024 18:30,5.001
3/11/2024 18:45,5.011
3/11/2024 19:00,5.012
3/11/2024 19:15,5.021
3/11/2024 19:30,5.012
3/11/2024 19:45,5.022
3/11/2024 20:00,5.022
3/11/2024 20:15,4.994
3/11/2024 20:30,4.985
3/11/2024 20:45,4.966
3/11/2024 21:00,4.966
3/11/2024 21:15,4.956
3/11/2024 21:30,4.957
3/11/2024 21:45,4.957
3/11/2024 22:00,4.947
3/11/2024 22:15,4.967
3/11/2024 22:30,4.947
3/11/2024 22:45,4.948
3/11/2024 23:00,4.938
3/11/2024 23:15,4.938
3/11/2024 23:30,4.929
3/11/2024 23:45,4.91
3/12/2024 0:00,4.9
3/12/2024 0:15,4.882
3/12/2024 0:30,4.882
3/12/2024 0:45,4.873
3/12/2024 1:00,4.882
3/12/2024 1:15,4.891
3/12/2024 1:30,4.891
3/12/2024 1:45,4.891
3/12/2024 2:00,4.891
3/12/2024 2:15,4.872
3/12/2024 2:30,4.863
3/12/2024 2:45,4.853
3/12/2024 3:00,4.843
3/12/2024 3:15,4.843
3/12/2024 3:30,4.843
3/12/2024 3:45,4.815
3/12/2024 4:00,4.806
3/12/2024 4:15,4.777
3/12/2024 4:30,4.768
3/12/2024 4:45,4.759
3/12/2024 5:00,4.759
3/12/2024 5:15,4.732
3/12/2024 5:30,4.704
3/12/2024 5:45,4.667
3/12/2024 6:00,4.677
3/12/2024 6:15,4.668
3/12/2024 6:30,4.687
3/12/2024 6:45,4.687
3/12/2024 7:00,4.696
3/12/2024 7:15,4.724
3/12/2024 7:30,4.723
3/12/2024 7:45,4.74
3/12/2024 8:00,4.749
3/12/2024 8:15,4.757
3/12/2024 8:30,4.794
3/12/2024 8:45,4.784
3/12/2024 9:00,4.775
3/12/2024 9:15,4.784
3/12/2024 9:30,4.794
3/12/2024 9:45,4.784
3/12/2024 10:00,4.783
3/12/2024 10:15,4.792
3/12/2024 10:30,4.792
3/12/2024 10:45,4.782
3/12/2024 11:00,4.791
3/12/2024 11:15,4.78
3/12/2024 11:30,4.799
3/12/2024 11:45,4.808
3/12/2024 12:00,4.798
3/12/2024 12:15,4.779
3/12/2024 12:30,4.789
3/12/2024 12:45,4.798
3/12/2024 13:00,4.797
3/12/2024 13:15,4.816
3/12/2024 13:30,4.807
3/12/2024 13:45,4.807
3/12/2024 14:00,4.825
3/12/2024 14:15,4.816
3/12/2024 14:30,4.816
3/12/2024 14:45,4.807
3/12/2024 15:00,4.826
3/12/2024 15:15,4.835
3/12/2024 15:30,4.836
3/12/2024 15:45,4.836
3/12/2024 16:00,4.846
3/12/2024 16:15,4.846
3/12/2024 16:30,4.837
3/12/2024 16:45,4.829
3/12/2024 17:00,4.849
3/12/2024 17:15,4.858
3/12/2024 17:30,4.85
3/12/2024 17:45,4.85
3/12/2024 18:00,4.879
3/12/2024 18:15,4.851
3/12/2024 18:30,4.861
3/12/2024 18:45,4.862
3/12/2024 19:00,4.871
3/12/2024 19:15,4.872
3/12/2024 19:30,4.872
3/12/2024 19:45,4.873
3/12/2024 20:00,4.863
3/12/2024 20:15,4.874
3/12/2024 20:30,4.864
3/12/2024 20:45,4.865
3/12/2024 21:00,4.865
3/12/2024 21:15,4.866
3/12/2024 21:30,4.865
3/12/2024 21:45,4.865
3/12/2024 22:00,4.864
3/12/2024 22:15,4.875
3/12/2024 22:30,4.875
3/12/2024 22:45,4.865
3/12/2024 23:00,4.857
3/12/2024 23:15,4.856
3/12/2024 23:30,4.875
3/12/2024 23:45,4.858
3/13/2024 0:00,4.859
3/13/2024 0:15,4.868
3/13/2024 0:30,4.879
3/13/2024 0:45,4.891
3/13/2024 1:00,4.889
3/13/2024 1:15,4.89
3/13/2024 1:30,4.891
3/13/2024 1:45,4.891
3/13/2024 2:00,4.882
3/13/2024 2:15,4.902
3/13/2024 2:30,4.892
3/13/2024 2:45,4.892
3/13/2024 3:00,4.901
3/13/2024 3:15,4.892
3/13/2024 3:30,4.892
3/13/2024 3:45,4.892
3/13/2024 4:00,4.892
3/13/2024 4:15,4.9
3/13/2024 4:30,4.901
3/13/2024 4:45,4.911
3/13/2024 5:00,4.911
3/13/2024 5:15,4.911
3/13/2024 5:30,4.902
3/13/2024 5:45,4.911
3/13/2024 6:00,4.921
3/13/2024 6:15,4.93
3/13/2024 6:30,4.93
3/13/2024 6:45,4.912
3/13/2024 7:00,4.902
3/13/2024 7:15,4.911
3/13/2024 7:30,4.906
3/13/2024 7:45,4.894
3/13/2024 8:00,4.902
3/13/2024 8:15,4.911
3/13/2024 8:30,4.892
3/13/2024 8:45,4.901
3/13/2024 9:00,4.909
3/13/2024 9:15,4.918
3/13/2024 9:30,4.918
3/13/2024 9:45,4.927
3/13/2024 10:00,4.936
3/13/2024 10:15,4.898
3/13/2024 10:30,4.926
3/13/2024 10:45,4.926
3/13/2024 11:00,4.924
3/13/2024 11:15,4.914
3/13/2024 11:30,4.914
3/13/2024 11:45,4.923
3/13/2024 12:00,4.913
3/13/2024 12:15,4.913
3/13/2024 12:30,4.923
3/13/2024 12:45,4.913
3/13/2024 13:00,4.913
3/13/2024 13:15,4.932
3/13/2024 13:30,4.923
3/13/2024 13:45,4.923
3/13/2024 14:00,4.924
3/13/2024 14:15,4.924
3/13/2024 14:30,4.924
3/13/2024 14:45,4.933
3/13/2024 15:00,4.906
3/13/2024 15:15,4.925
3/13/2024 15:30,4.925
3/13/2024 15:45,4.925
3/13/2024 16:00,4.935
3/13/2024 16:15,4.935
3/13/2024 16:30,4.926
3/13/2024 16:45,4.926
3/13/2024 17:00,4.917
3/13/2024 17:15,4.926
3/13/2024 17:30,4.946
3/13/2024 17:45,4.927
3/13/2024 18:00,4.927
3/13/2024 18:15,4.937
3/13/2024 18:30,4.928
3/13/2024 18:45,4.938
3/13/2024 19:00,4.948
3/13/2024 19:15,4.938
3/13/2024 19:30,4.939
3/13/2024 19:45,4.94
3/13/2024 20:00,4.93
3/13/2024 20:15,4.941
3/13/2024 20:30,4.943
3/13/2024 20:45,4.936
3/13/2024 21:00,4.947
3/13/2024 21:15,4.948
3/13/2024 21:30,4.929
3/13/2024 21:45,4.949
3/13/2024 22:00,4.94
3/13/2024 22:15,4.94
3/13/2024 22:30,4.94
3/13/2024 22:45,4.94
3/13/2024 23:00,4.931
3/13/2024 23:15,4.951
3/13/2024 23:30,4.941
3/13/2024 23:45,4.95
3/14/2024 0:00,4.95
3/14/2024 0:15,4.95
3/14/2024 0:30,4.95
3/14/2024 0:45,4.951
3/14/2024 1:00,4.941
3/14/2024 1:15,4.95
3/14/2024 1:20,4.951
3/14/2024 1:30,4.951
3/14/2024 1:45,4.951
3/14/2024 2:00,4.961
3/14/2024 2:15,4.953
3/14/2024 2:30,4.951
3/14/2024 2:45,4.951
3/14/2024 3:00,4.941
3/14/2024 3:15,4.97
3/14/2024 3:30,4.97
3/14/2024 3:45,4.961
3/14/2024 4:00,4.961
3/14/2024 4:15,4.961
3/14/2024 4:30,4.96
3/14/2024 4:45,4.96
3/14/2024 5:00,4.952
3/14/2024 5:15,4.971
3/14/2024 5:30,4.97
3/14/2024 5:45,4.972
3/14/2024 6:00,4.961
3/14/2024 6:15,4.962
3/14/2024 6:30,4.963
3/14/2024 6:45,4.981
3/14/2024 7:00,4.979
3/14/2024 7:15,4.977
3/14/2024 7:30,4.973
3/14/2024 7:45,4.978
3/14/2024 8:00,4.967
3/14/2024 8:15,4.975
3/14/2024 8:30,4.964
3/14/2024 8:45,4.982
3/14/2024 9:00,4.981
3/14/2024 9:15,4.981
3/14/2024 9:30,4.979
3/14/2024 9:45,4.969
3/14/2024 10:00,4.969
3/14/2024 10:15,4.977
3/14/2024 10:30,4.986
3/14/2024 10:45,4.985
3/14/2024 11:00,5.078
3/14/2024 11:15,5.088
3/14/2024 11:30,5.096
3/14/2024 11:45,5.096
3/14/2024 12:00,5.104
3/14/2024 12:15,5.102
3/14/2024 12:30,5.126
3/14/2024 12:45,5.107
3/14/2024 13:00,5.107
3/14/2024 13:15,5.115
3/14/2024 13:30,5.104
3/14/2024 13:45,5.123
3/14/2024 14:00,5.113
3/14/2024 14:15,5.113
3/14/2024 14:30,5.133
3/14/2024 14:45,5.113
3/14/2024 15:00,5.113
3/14/2024 15:15,5.125
3/14/2024 15:30,5.115
3/14/2024 15:45,5.118
3/14/2024 16:00,5.107
3/14/2024 16:15,5.119
3/14/2024 16:30,5.131
3/14/2024 16:45,5.132
3/14/2024 17:00,5.134
3/14/2024 17:15,5.135
3/14/2024 17:30,5.145
3/14/2024 17:45,5.156
3/14/2024 18:00,5.147
3/14/2024 18:15,5.149
3/14/2024 18:30,5.142
3/14/2024 18:45,5.133
3/14/2024 19:00,5.154
3/14/2024 19:15,5.156
3/14/2024 19:30,5.147
3/14/2024 19:45,5.139
3/14/2024 20:00,5.141
3/14/2024 20:15,5.164
3/14/2024 20:30,5.146
3/14/2024 20:45,5.166
3/14/2024 21:00,5.166
3/14/2024 21:15,5.148
3/14/2024 21:30,5.158
3/14/2024 21:45,5.158
3/14/2024 22:00,5.167
3/14/2024 22:15,5.148
3/14/2024 22:30,5.158
3/14/2024 22:45,5.158
3/14/2024 23:00,5.158
3/14/2024 23:15,5.168
3/14/2024 23:30,5.168
3/14/2024 23:45,5.168
3/15/2024 0:00,5.169
3/15/2024 0:15,5.168
3/15/2024 0:30,5.159
3/15/2024 0:45,5.171
3/15/2024 1:00,5.152
3/15/2024 1:15,5.171
3/15/2024 1:30,5.154
3/15/2024 1:45,5.182
3/15/2024 2:00,5.173
3/15/2024 2:15,5.183
3/15/2024 2:30,5.182
3/15/2024 2:45,5.183
3/15/2024 3:00,5.165
3/15/2024 3:15,5.155
3/15/2024 3:30,5.174
3/15/2024 3:45,5.175
3/15/2024 4:00,5.173
3/15/2024 4:15,5.164
3/15/2024 4:30,5.19
3/15/2024 4:45,5.16
3/15/2024 5:00,5.178
3/15/2024 5:15,5.168
3/15/2024 5:30,5.177
3/15/2024 5:45,5.196
3/15/2024 6:00,5.196
3/15/2024 6:15,5.177
3/15/2024 6:30,5.167
3/15/2024 6:45,5.195
3/15/2024 7:00,5.203
3/15/2024 7:15,5.209
3/15/2024 7:30,5.205
3/15/2024 7:45,5.203
3/15/2024 8:00,5.2
3/15/2024 8:15,5.208
3/15/2024 8:30,5.206
3/15/2024 8:45,5.195
3/15/2024 9:00,5.232
3/15/2024 9:15,5.211
3/15/2024 9:30,5.218
3/15/2024 9:45,5.216
3/15/2024 10:00,5.213
3/15/2024 10:15,5.22
3/15/2024 10:30,5.218
3/15/2024 10:45,5.226
3/15/2024 11:00,5.224
3/15/2024 11:15,5.205
3/15/2024 11:30,5.232
3/15/2024 11:45,5.223
3/15/2024 12:00,5.223
3/15/2024 12:15,5.214
3/15/2024 12:30,5.223
3/15/2024 12:45,5.214
3/15/2024 13:00,5.213
3/15/2024 13:15,5.214
3/15/2024 13:30,5.204
3/15/2024 13:45,5.232
3/15/2024 14:00,5.213
3/15/2024 14:15,5.212
3/15/2024 14:30,5.212
3/15/2024 14:45,5.222
3/15/2024 15:00,5.222
3/15/2024 15:15,5.203
3/15/2024 15:30,5.213
3/15/2024 15:45,5.213
3/15/2024 16:00,5.213
3/15/2024 16:15,5.225
3/15/2024 16:30,5.224
3/15/2024 16:45,5.233
3/15/2024 17:00,5.235
3/15/2024 17:15,5.246
3/15/2024 17:30,5.246
3/15/2024 17:45,5.231
3/15/2024 18:00,5.225
3/15/2024 18:15,5.219
3/15/2024 18:30,5.221
3/15/2024 18:45,5.234
3/15/2024 19:00,5.226
3/15/2024 19:15,5.218
3/15/2024 19:30,5.211
3/15/2024 19:45,5.212
3/15/2024 20:00,5.232
3/15/2024 20:15,5.223
3/15/2024 20:30,5.224
3/15/2024 20:45,5.227
3/15/2024 21:00,5.219
3/15/2024 21:15,5.238
3/15/2024 21:30,5.229
3/15/2024 21:45,5.23
3/15/2024 22:00,5.249
3/15/2024 22:15,5.239
3/15/2024 22:30,5.222
3/15/2024 22:45,5.222
3/15/2024 23:00,5.242
3/15/2024 23:15,5.261
3/15/2024 23:30,5.242
3/15/2024 23:45,5.252
3/16/2024 0:00,5.261
3/16/2024 0:15,5.243
3/16/2024 0:30,5.252
3/16/2024 0:45,5.252
3/16/2024 1:00,5.271
3/16/2024 1:15,5.242
3/16/2024 1:30,5.241
3/16/2024 1:45,5.251
3/16/2024 2:00,5.27
3/16/2024 2:15,5.27
3/16/2024 2:30,5.278
3/16/2024 2:45,5.278
3/16/2024 3:00,5.25
3/16/2024 3:15,5.279
3/16/2024 3:30,5.26
3/16/2024 3:45,5.251
3/16/2024 4:00,5.27
3/16/2024 4:15,5.251
3/16/2024 4:30,5.261
3/16/2024 4:45,5.261
3/16/2024 5:00,5.252
3/16/2024 5:15,5.261
3/16/2024 5:30,5.261
3/16/2024 5:45,5.27
3/16/2024 6:00,5.27
3/16/2024 6:15,5.27
3/16/2024 6:30,5.261
3/16/2024 6:45,5.268
3/16/2024 7:00,5.263
3/16/2024 7:15,5.27
3/16/2024 7:30,5.296
3/16/2024 7:45,5.275
3/16/2024 8:00,5.282
3/16/2024 8:15,5.261
3/16/2024 8:30,5.296
3/16/2024 8:45,5.294
3/16/2024 9:00,5.282
3/16/2024 9:15,5.306
3/16/2024 9:30,5.294
3/16/2024 9:45,5.292
3/16/2024 10:00,5.281
3/16/2024 10:15,5.308
3/16/2024 10:30,5.297
3/16/2024 10:45,5.296
3/16/2024 11:00,5.315
3/16/2024 11:15,5.306
3/16/2024 11:30,5.305
3/16/2024 11:45,5.286
3/16/2024 12:00,5.286
3/16/2024 12:15,5.295
3/16/2024 12:30,5.285
3/16/2024 12:45,5.314
3/16/2024 13:00,5.323
3/16/2024 13:09,5.322
3/16/2024 13:15,5.313
3/16/2024 13:30,5.293
3/16/2024 13:45,5.293
3/16/2024 14:00,5.302
3/16/2024 14:15,5.311
3/16/2024 14:30,5.33
3/16/2024 14:45,5.311
3/16/2024 15:00,5.311
3/16/2024 15:15,5.283
3/16/2024 15:30,5.312
3/16/2024 15:45,5.312
3/16/2024 16:00,5.312
3/16/2024 16:15,5.303
3/16/2024 16:30,5.313
3/16/2024 16:45,5.314
3/16/2024 17:00,5.324
3/16/2024 17:15,5.297
3/16/2024 17:30,5.326
3/16/2024 17:45,5.3
3/16/2024 18:00,5.312
3/16/2024 18:15,5.325
3/16/2024 18:30,5.311
3/16/2024 18:45,5.323
3/16/2024 19:00,5.288
3/16/2024 19:15,5.3
3/16/2024 19:30,5.311
3/16/2024 19:45,5.312
3/16/2024 20:00,5.313
3/16/2024 20:15,5.305
3/16/2024 20:30,5.315
3/16/2024 20:45,5.316
3/16/2024 21:00,5.317
3/16/2024 21:15,5.308
3/16/2024 21:30,5.317
3/16/2024 21:45,5.318
3/16/2024 22:00,5.309
3/16/2024 22:15,5.319
3/16/2024 22:30,5.321
3/16/2024 22:45,5.312
3/16/2024 23:00,5.324
3/16/2024 23:15,5.315
3/16/2024 23:30,5.324
3/16/2024 23:45,5.325
3/17/2024 0:00,5.325
3/17/2024 0:15,5.334
3/17/2024 0:30,5.335
3/17/2024 0:45,5.336
3/17/2024 1:00,5.317
3/17/2024 1:15,5.327
3/17/2024 1:30,5.327
3/17/2024 1:45,5.337
3/17/2024 2:00,5.318
3/17/2024 2:15,5.327
3/17/2024 2:30,5.317
3/17/2024 2:45,5.336
3/17/2024 3:00,5.317
3/17/2024 3:15,5.346
3/17/2024 3:30,5.336
3/17/2024 3:45,5.355
3/17/2024 4:00,5.336
3/17/2024 4:15,5.327
3/17/2024 4:30,5.336
3/17/2024 4:45,5.337
3/17/2024 5:00,5.346
3/17/2024 5:15,5.337
3/17/2024 5:30,5.337
3/17/2024 5:45,5.337
3/17/2024 6:00,5.347
3/17/2024 6:15,5.347
3/17/2024 6:30,5.346
3/17/2024 6:45,5.343
3/17/2024 7:00,5.349
3/17/2024 7:15,5.355
3/17/2024 7:30,5.361
3/17/2024 7:45,5.358
3/17/2024 8:00,5.364
3/17/2024 8:15,5.371
3/17/2024 8:30,5.36
3/17/2024 8:45,5.364
3/17/2024 9:00,5.361
3/17/2024 9:15,5.369
3/17/2024 9:30,5.348
3/17/2024 9:45,5.366
3/17/2024 10:00,5.373
3/17/2024 10:15,5.372
3/17/2024 10:30,5.381
3/17/2024 10:45,5.361
3/17/2024 11:00,5.361
3/17/2024 11:15,5.37
3/17/2024 11:30,5.388
3/17/2024 11:45,5.35
3/17/2024 12:00,5.35
3/17/2024 12:15,5.388
3/17/2024 12:30,5.378
3/17/2024 12:45,5.406
3/17/2024 13:00,5.386
3/17/2024 13:15,5.405
3/17/2024 13:30,5.395
3/17/2024 13:45,5.414
3/17/2024 14:00,5.403
3/17/2024 14:15,5.404
3/17/2024 14:30,5.394
3/17/2024 14:45,5.384
3/17/2024 15:00,5.384
3/17/2024 15:15,5.384
3/17/2024 15:30,5.394
3/17/2024 15:45,5.394
3/17/2024 16:00,5.385
3/17/2024 16:15,5.414
3/17/2024 16:30,5.406
3/17/2024 16:45,5.407
3/17/2024 17:00,5.418
3/17/2024 17:15,5.4
3/17/2024 17:30,5.411
3/17/2024 17:45,5.405
3/17/2024 18:00,5.39
3/17/2024 18:15,5.421
3/17/2024 18:30,5.415
3/17/2024 18:45,5.39
3/17/2024 19:00,5.412
3/17/2024 19:15,5.413
3/17/2024 19:30,5.387
3/17/2024 19:45,5.397
3/17/2024 20:00,5.408
3/17/2024 20:15,5.418
3/17/2024 20:30,5.41
3/17/2024 20:45,5.401
3/17/2024 21:00,5.42
3/17/2024 21:15,5.421
3/17/2024 21:30,5.402
3/17/2024 21:45,5.422
3/17/2024 22:00,5.413
3/17/2024 22:15,5.414
3/17/2024 22:30,5.407
3/17/2024 22:45,5.428
3/17/2024 23:00,5.419
3/17/2024 23:15,5.429
3/17/2024 23:30,5.429
3/17/2024 23:45,5.438
3/18/2024 0:00,5.43
3/18/2024 0:15,5.43
3/18/2024 0:30,5.411
3/18/2024 0:45,5.43
3/18/2024 1:00,5.421
3/18/2024 1:15,5.421
3/18/2024 1:30,5.412
3/18/2024 1:45,5.412
3/18/2024 2:00,5.44
3/18/2024 2:15,5.441
3/18/2024 2:30,5.441
3/18/2024 2:45,5.45
3/18/2024 3:00,5.44
3/18/2024 3:15,5.44
3/18/2024 3:30,5.44
3/18/2024 3:45,5.448
3/18/2024 4:00,5.436
3/18/2024 4:15,5.433
3/18/2024 4:30,5.432
3/18/2024 4:45,5.433
3/18/2024 5:00,5.442
3/18/2024 5:15,5.441
3/18/2024 5:30,5.432
3/18/2024 5:45,5.46
3/18/2024 6:00,5.45
3/18/2024 6:15,5.45
3/18/2024 6:30,5.44
3/18/2024 6:45,5.449
3/18/2024 7:00,5.447
3/18/2024 7:15,5.464
3/18/2024 7:30,5.443
3/18/2024 7:45,5.45
3/18/2024 8:00,5.429
3/18/2024 8:15,5.455
3/18/2024 8:30,5.458
3/18/2024 8:45,5.448
3/18/2024 9:00,5.464
3/18/2024 9:15,5.463
3/18/2024 9:30,5.463
3/18/2024 9:45,5.461
3/18/2024 10:00,5.451
3/18/2024 10:15,5.469
3/18/2024 10:30,5.468
3/18/2024 10:45,5.477
3/18/2024 11:00,5.466
3/18/2024 11:15,5.475
3/18/2024 11:30,5.446
3/18/2024 11:45,5.493
3/18/2024 12:00,5.492
3/18/2024 12:15,5.473
3/18/2024 12:30,5.491
3/18/2024 12:45,5.509
3/18/2024 13:00,5.508
3/18/2024 13:15,5.499
3/18/2024 13:30,5.498
3/18/2024 13:45,5.498
3/18/2024 14:00,5.488
3/18/2024 14:15,5.516
3/18/2024 14:30,5.516
3/18/2024 14:45,5.506
3/18/2024 15:00,5.525
3/18/2024 15:15,5.525
3/18/2024 15:30,5.525
3/18/2024 15:45,5.516
3/18/2024 16:00,5.516
3/18/2024 16:15,5.498
3/18/2024 16:30,5.499
3/18/2024 16:45,5.5
3/18/2024 17:00,5.501
3/18/2024 17:15,5.512
3/18/2024 17:30,5.522
3/18/2024 17:45,5.495
3/18/2024 18:00,5.537
3/18/2024 18:15,5.521
3/18/2024 18:30,5.507
3/18/2024 18:45,5.54
3/18/2024 19:00,5.514
3/18/2024 19:15,5.498
3/18/2024 19:30,5.528
3/18/2024 19:45,5.501
3/18/2024 20:00,5.531
3/18/2024 20:15,5.513
3/18/2024 20:30,5.523
3/18/2024 20:45,5.514
3/18/2024 21:00,5.505
3/18/2024 21:15,5.534
3/18/2024 21:30,5.535
3/18/2024 21:45,5.536
3/18/2024 22:00,5.507
3/18/2024 22:15,5.535
3/18/2024 22:30,5.511
3/18/2024 22:45,5.549
3/18/2024 23:00,5.541
3/18/2024 23:15,5.531
3/18/2024 23:30,5.522
3/18/2024 23:45,5.522
3/19/2024 0:00,5.531
3/19/2024 0:15,5.522
3/19/2024 0:30,5.533
3/19/2024 0:45,5.524
3/19/2024 1:00,5.534
3/19/2024 1:15,5.534
3/19/2024 1:30,5.534
3/19/2024 1:45,5.544
3/19/2024 2:00,5.534
3/19/2024 2:15,5.535
3/19/2024 2:30,5.544
3/19/2024 2:45,5.56
3/19/2024 3:00,5.549
3/19/2024 3:15,5.556
3/19/2024 3:30,5.546
3/19/2024 3:45,5.545
3/19/2024 4:00,5.545
3/19/2024 4:15,5.554
3/19/2024 4:30,5.525
3/19/2024 4:45,5.572
3/19/2024 5:00,5.534
3/19/2024 5:15,5.563
3/19/2024 5:30,5.572
3/19/2024 5:45,5.562
3/19/2024 6:00,5.572
3/19/2024 6:15,5.553
3/19/2024 6:30,5.552
3/19/2024 6:45,5.562
3/19/2024 7:00,5.57
3/19/2024 7:15,5.588
3/19/2024 7:30,5.576
3/19/2024 7:45,5.584
3/19/2024 8:00,5.592
3/19/2024 8:15,5.589
3/19/2024 8:30,5.605
3/19/2024 8:45,5.592
3/19/2024 9:00,5.589
3/19/2024 9:15,5.596
3/19/2024 9:30,5.585
3/19/2024 9:45,5.583
3/19/2024 10:00,5.601
3/19/2024 10:15,5.581
3/19/2024 10:30,5.627
3/19/2024 10:45,5.598
3/19/2024 11:00,5.616
3/19/2024 11:15,5.615
3/19/2024 11:30,5.624
3/19/2024 11:45,5.624
3/19/2024 12:00,5.595
3/19/2024 12:15,5.632
3/19/2024 12:30,5.622
3/19/2024 12:45,5.612
3/19/2024 13:00,5.631
3/19/2024 13:15,5.632
3/19/2024 13:30,5.613
3/19/2024 13:45,5.642
3/19/2024 14:00,5.604
3/19/2024 14:15,5.643
3/19/2024 14:30,5.615
3/19/2024 14:45,5.634
3/19/2024 15:00,5.634
3/19/2024 15:15,5.606
3/19/2024 15:30,5.625
3/19/2024 15:45,5.644
3/19/2024 16:00,5.597
3/19/2024 16:15,5.635
3/19/2024 16:30,5.626
3/19/2024 16:45,5.645
3/19/2024 17:00,5.626
3/19/2024 17:15,5.637
3/19/2024 17:30,5.618
3/19/2024 17:45,5.628
3/19/2024 18:00,5.64
3/19/2024 18:15,5.633
3/19/2024 18:30,5.639
3/19/2024 18:45,5.643
3/19/2024 19:00,5.637
3/19/2024 19:15,5.639
3/19/2024 19:30,5.642
3/19/2024 19:45,5.634
3/19/2024 20:00,5.635
3/19/2024 20:15,5.645
3/19/2024 20:30,5.637
3/19/2024 20:45,5.637
3/19/2024 21:00,5.637
3/19/2024 21:15,5.639
3/19/2024 21:30,5.648
3/19/2024 21:45,5.638
3/19/2024 22:00,5.638
3/19/2024 22:15,5.648
3/19/2024 22:30,5.638
3/19/2024 22:45,5.648
3/19/2024 23:00,5.638
3/19/2024 23:15,5.648
3/19/2024 23:30,5.639
3/19/2024 23:45,5.65
3/20/2024 0:00,5.641
3/20/2024 0:15,5.64
3/20/2024 0:30,5.641
3/20/2024 0:45,5.649
3/20/2024 1:00,5.659
3/20/2024 1:15,5.659
3/20/2024 1:30,5.64
3/20/2024 1:45,5.668
3/20/2024 2:00,5.649
3/20/2024 2:15,5.658
3/20/2024 2:30,5.668
3/20/2024 2:45,5.649
3/20/2024 3:00,5.67
3/20/2024 3:15,5.67
3/20/2024 3:30,5.662
3/20/2024 3:45,5.661
3/20/2024 4:00,5.67
3/20/2024 4:15,5.663
3/20/2024 4:30,5.672
3/20/2024 4:45,5.671
3/20/2024 5:00,5.653
3/20/2024 5:15,5.655
3/20/2024 5:30,5.665
3/20/2024 5:45,5.683
3/20/2024 6:00,5.675
3/20/2024 6:15,5.675
3/20/2024 6:30,5.684
3/20/2024 6:45,5.682
3/20/2024 7:00,5.687
3/20/2024 7:15,5.676
3/20/2024 7:30,5.703
3/20/2024 7:45,5.691
3/20/2024 8:00,5.708
3/20/2024 8:15,5.706
3/20/2024 8:30,5.703
3/20/2024 8:45,5.708
3/20/2024 9:00,5.706
3/20/2024 9:15,5.683
3/20/2024 9:30,5.709
3/20/2024 9:45,5.718
3/20/2024 10:00,5.717
3/20/2024 10:15,5.717
3/20/2024 10:30,5.716
3/20/2024 10:45,5.687
3/20/2024 11:00,5.706
3/20/2024 11:15,5.697
3/20/2024 11:30,5.706
3/20/2024 11:45,5.706
3/20/2024 12:00,5.735
3/20/2024 12:15,5.698
3/20/2024 12:30,5.707
3/20/2024 12:45,5.717
3/20/2024 13:00,5.726
3/20/2024 13:15,5.717
3/20/2024 13:30,5.745
3/20/2024 13:45,5.736
3/20/2024 14:00,5.718
3/20/2024 14:15,5.717
3/20/2024 14:30,5.745
3/20/2024 14:45,5.764
3/20/2024 15:00,5.755
3/20/2024 15:15,5.744
3/20/2024 15:30,5.707
3/20/2024 15:45,5.726
3/20/2024 16:00,5.745
3/20/2024 16:15,5.736
3/20/2024 16:30,5.747
3/20/2024 16:45,5.749
3/20/2024 17:00,5.73
3/20/2024 17:15,5.723
3/20/2024 17:30,5.755
3/20/2024 17:45,5.748
3/20/2024 18:00,5.769
3/20/2024 18:15,5.751
3/20/2024 18:30,5.763
3/20/2024 18:45,5.746
3/20/2024 19:00,5.756
3/20/2024 19:15,5.757
3/20/2024 19:30,5.758
3/20/2024 19:45,5.74
3/20/2024 20:00,5.731
3/20/2024 20:15,5.751
3/20/2024 20:30,5.751
3/20/2024 20:45,5.76
3/20/2024 21:00,5.741
3/20/2024 21:15,5.75
3/20/2024 21:30,5.769
3/20/2024 21:45,5.749
3/20/2024 22:00,5.757
3/20/2024 22:15,5.775
3/20/2024 22:30,5.774
3/20/2024 22:45,5.765
3/20/2024 23:00,5.792
3/20/2024 23:15,5.754
3/20/2024 23:30,5.764
3/20/2024 23:45,5.773
3/21/2024 0:00,5.792
3/21/2024 0:15,5.764
3/21/2024 0:30,5.764
3/21/2024 0:45,5.765
3/21/2024 1:00,5.756
3/21/2024 1:15,5.775
3/21/2024 1:30,5.775
3/21/2024 1:45,5.785
3/21/2024 2:00,5.775
3/21/2024 2:15,5.775
3/21/2024 2:30,5.785
3/21/2024 2:45,5.795
3/21/2024 3:00,5.776
3/21/2024 3:15,5.805
3/21/2024 3:30,5.777
3/21/2024 3:45,5.796
3/21/2024 4:00,5.796
3/21/2024 4:15,5.806
3/21/2024 4:30,5.805
3/21/2024 4:45,5.815
3/21/2024 5:00,5.825
3/21/2024 5:15,5.824
3/21/2024 5:30,5.805
3/21/2024 5:45,5.805
3/21/2024 6:00,5.825
3/21/2024 6:15,5.796
3/21/2024 6:30,5.824
3/21/2024 6:45,5.824
3/21/2024 7:00,5.825
3/21/2024 7:15,5.834
3/21/2024 7:30,5.815
3/21/2024 7:45,5.824
3/21/2024 8:00,5.822
3/21/2024 8:15,5.811
3/21/2024 8:30,5.829
3/21/2024 8:45,5.819
3/21/2024 9:00,5.818
3/21/2024 9:15,5.846
3/21/2024 9:30,5.836
3/21/2024 9:45,5.846
3/21/2024 10:00,5.846
3/21/2024 10:15,5.818
3/21/2024 10:30,5.827
3/21/2024 10:45,5.855
3/21/2024 11:00,5.827
3/21/2024 11:15,5.847
3/21/2024 11:30,5.837
3/21/2024 11:45,5.845
3/21/2024 12:00,5.844
3/21/2024 12:15,5.843
3/21/2024 12:30,5.861
3/21/2024 12:45,5.87
3/21/2024 13:00,5.879
3/21/2024 13:15,5.662
3/21/2024 13:30,5.739
3/21/2024 13:45,5.759
3/21/2024 14:00,5.75
3/21/2024 14:15,5.75
3/21/2024 14:30,5.77
3/21/2024 14:45,5.751
3/21/2024 15:00,5.761
3/21/2024 15:15,5.771
3/21/2024 15:30,5.762
3/21/2024 15:45,5.771
3/21/2024 16:00,5.762
3/21/2024 16:15,5.791
3/21/2024 16:30,5.772
3/21/2024 16:45,5.782
3/21/2024 17:00,5.791
3/21/2024 17:15,5.782
3/21/2024 17:30,5.782
3/21/2024 17:45,5.792
3/21/2024 18:00,5.782
3/21/2024 18:15,5.792
3/21/2024 18:30,5.784
3/21/2024 18:45,5.785
3/21/2024 19:00,5.785
3/21/2024 19:15,5.786
3/21/2024 19:30,5.777
3/21/2024 19:45,5.778
3/21/2024 20:00,5.797
3/21/2024 20:15,5.788
3/21/2024 20:30,5.798
3/21/2024 20:45,5.798
3/21/2024 21:00,5.798
3/21/2024 21:15,5.789
3/21/2024 21:30,5.798
3/21/2024 21:45,5.808
3/21/2024 22:00,5.808
3/21/2024 22:15,5.799
3/21/2024 22:30,5.809
3/21/2024 22:45,5.799
3/21/2024 23:00,5.809
3/21/2024 23:15,5.809
3/21/2024 23:30,5.809
3/21/2024 23:45,5.809
3/22/2024 0:00,5.819
3/22/2024 0:15,5.82
3/22/2024 0:30,5.819
3/22/2024 0:45,5.828
3/22/2024 1:00,5.809
3/22/2024 1:15,5.818
3/22/2024 1:30,5.818
3/22/2024 1:45,5.837
3/22/2024 2:00,5.828
3/22/2024 2:15,5.837
3/22/2024 2:30,5.818
3/22/2024 2:45,5.837
3/22/2024 3:00,5.827
3/22/2024 3:15,5.837
3/22/2024 3:30,5.818
3/22/2024 3:45,5.828
3/22/2024 4:00,5.828
3/22/2024 4:15,5.828
3/22/2024 4:30,5.847
3/22/2024 4:45,5.838
3/22/2024 5:00,5.847
3/22/2024 5:15,5.848
3/22/2024 5:30,5.857
3/22/2024 5:45,5.867
3/22/2024 6:00,5.859
3/22/2024 6:15,5.858
3/22/2024 6:30,5.867
3/22/2024 6:45,5.857
3/22/2024 7:00,5.837
3/22/2024 7:15,5.874
3/22/2024 7:30,5.873
3/22/2024 7:45,5.863
3/22/2024 8:00,5.863
3/22/2024 8:15,5.861
3/22/2024 8:30,5.888
3/22/2024 8:45,5.887
3/22/2024 9:00,5.875
3/22/2024 9:15,5.883
3/22/2024 9:30,5.88
3/22/2024 9:45,5.888
3/22/2024 10:00,5.887
3/22/2024 10:15,5.899
3/22/2024 10:30,5.89
3/22/2024 10:45,5.89
3/22/2024 11:00,5.909
3/22/2024 11:15,5.908
3/22/2024 11:30,5.906
3/22/2024 11:45,5.906
3/22/2024 12:00,5.923
3/22/2024 12:15,5.922
3/22/2024 12:30,5.901
3/22/2024 12:45,5.912
3/22/2024 13:00,5.931
3/22/2024 13:15,5.9
3/22/2024 13:30,5.917
3/22/2024 13:45,5.935
3/22/2024 14:00,5.917
3/22/2024 14:15,5.916
3/22/2024 14:30,5.916
3/22/2024 14:45,5.92
3/22/2024 15:00,5.931
3/22/2024 15:15,5.932
3/22/2024 15:30,5.929
3/22/2024 15:45,5.931
3/22/2024 16:00,5.943
3/22/2024 16:15,5.933
3/22/2024 16:30,5.953
3/22/2024 16:45,5.935
3/22/2024 17:00,5.936
3/22/2024 17:15,5.966
3/22/2024 17:30,5.958
3/22/2024 17:45,5.939
3/22/2024 18:00,5.94
3/22/2024 18:15,5.932
3/22/2024 18:30,5.951
3/22/2024 18:45,5.952
3/22/2024 19:00,5.953
3/22/2024 19:15,5.935
3/22/2024 19:30,5.954
3/22/2024 19:45,5.964
3/22/2024 20:00,5.945
3/22/2024 20:15,5.955
3/22/2024 20:30,5.955
3/22/2024 20:45,5.945
3/22/2024 21:00,5.955
3/22/2024 21:15,5.965
3/22/2024 21:30,5.966
3/22/2024 21:45,5.966
3/22/2024 22:00,5.948
3/22/2024 22:15,5.958
3/22/2024 22:30,5.967
3/22/2024 22:45,5.968
3/22/2024 23:00,5.978
3/22/2024 23:15,5.978
3/22/2024 23:30,5.959
3/22/2024 23:45,5.988
3/23/2024 0:00,5.969
3/23/2024 0:15,5.96
3/23/2024 0:30,5.951
3/23/2024 0:45,5.943
3/23/2024 1:00,5.952
3/23/2024 1:15,5.97
3/23/2024 1:30,5.97
3/23/2024 1:45,5.979
3/23/2024 2:00,5.969
3/23/2024 2:15,5.988
3/23/2024 2:30,5.997
3/23/2024 2:45,5.977
3/23/2024 3:00,5.986
3/23/2024 3:15,5.975
3/23/2024 3:30,5.994
3/23/2024 3:45,5.994
3/23/2024 4:00,6.003
3/23/2024 4:15,6.003
3/23/2024 4:30,6.003
3/23/2024 4:45,6.004
3/23/2024 5:00,5.994
3/23/2024 5:15,6.004
3/23/2024 5:30,6.014
3/23/2024 5:45,6.014
3/23/2024 6:00,6.023
3/23/2024 6:15,6.014
3/23/2024 6:30,6.014
3/23/2024 6:45,6.005
3/23/2024 7:00,6.005
3/23/2024 7:15,6.014
3/23/2024 7:30,6.014
3/23/2024 7:45,6.033
3/23/2024 8:00,6.014
3/23/2024 8:15,6.042
3/23/2024 8:30,6.032
3/23/2024 8:45,6.032
3/23/2024 9:00,6.042
3/23/2024 9:15,6.032
3/23/2024 9:30,6.051
3/23/2024 9:45,6.032
3/23/2024 10:00,6.041
3/23/2024 10:15,6.041
3/23/2024 10:30,6.031
3/23/2024 10:45,6.04
3/23/2024 11:00,6.039
3/23/2024 11:15,6.058
3/23/2024 11:30,6.049
3/23/2024 11:45,6.049
3/23/2024 12:00,6.059
3/23/2024 12:15,6.04
3/23/2024 12:30,6.059
3/23/2024 12:45,6.031
3/23/2024 13:00,6.05
3/23/2024 13:15,6.031
3/23/2024 13:15,6.031
3/23/2024 13:30,6.05
3/23/2024 13:45,6.031
3/23/2024 14:00,6.05
3/23/2024 14:15,6.068
3/23/2024 14:30,6.039
3/23/2024 14:45,6.067
3/23/2024 15:00,6.048
3/23/2024 15:15,6.048
3/23/2024 15:30,6.067
3/23/2024 15:45,6.066
3/23/2024 16:00,6.066
3/23/2024 16:15,6.056
3/23/2024 16:30,6.065
3/23/2024 16:45,6.074
3/23/2024 17:00,6.036
3/23/2024 17:15,6.045
3/23/2024 17:30,6.073
3/23/2024 17:45,6.045
3/23/2024 18:00,6.054
3/23/2024 18:15,6.064
3/23/2024 18:30,6.067
3/23/2024 18:45,6.059
3/23/2024 19:00,6.052
3/23/2024 19:15,6.072
3/23/2024 19:30,6.045
3/23/2024 19:45,6.056
3/23/2024 20:00,6.057
3/23/2024 20:15,6.076
3/23/2024 20:30,6.047
3/23/2024 20:45,6.058
3/23/2024 21:00,6.059
3/23/2024 21:15,6.059
3/23/2024 21:30,6.049
3/23/2024 21:45,6.077
3/23/2024 22:00,6.06
3/23/2024 22:15,6.069
3/23/2024 22:30,6.068
3/23/2024 22:45,6.076
3/23/2024 23:00,6.066
3/23/2024 23:15,6.084
3/23/2024 23:30,6.093
3/23/2024 23:45,6.093
3/24/2024 0:00,6.093
3/24/2024 0:15,6.102
3/24/2024 0:30,6.092
3/24/2024 0:45,6.092
3/24/2024 1:00,6.102
3/24/2024 1:15,6.082
3/24/2024 1:30,6.092
3/24/2024 1:45,6.092
3/24/2024 2:00,6.101
3/24/2024 2:15,6.101
3/24/2024 2:30,6.111
3/24/2024 2:45,6.101
3/24/2024 3:00,6.101
3/24/2024 3:15,6.082
3/24/2024 3:30,6.111
3/24/2024 3:45,6.101
3/24/2024 4:00,6.12
3/24/2024 4:15,6.111
3/24/2024 4:30,6.12
3/24/2024 4:45,6.111
3/24/2024 5:00,6.111
3/24/2024 5:15,6.092
3/24/2024 5:30,6.092
3/24/2024 5:45,6.102
3/24/2024 6:00,6.121
3/24/2024 6:15,6.149
3/24/2024 6:30,6.168
3/24/2024 6:45,6.158
3/24/2024 7:00,6.158
3/24/2024 7:15,6.158
3/24/2024 7:30,6.158
3/24/2024 7:45,6.148
3/24/2024 8:00,6.158
3/24/2024 8:15,6.167
3/24/2024 8:30,6.158
3/24/2024 8:45,6.148
3/24/2024 9:00,6.139
3/24/2024 9:15,6.129
3/24/2024 9:30,6.157
3/24/2024 9:45,6.148
3/24/2024 10:00,6.148
3/24/2024 10:15,6.148
3/24/2024 10:30,6.157
3/24/2024 10:45,6.167
3/24/2024 11:00,6.176
3/24/2024 11:15,6.167
3/24/2024 11:30,6.176
3/24/2024 11:45,6.176
3/24/2024 12:00,6.166
3/24/2024 12:15,6.167
3/24/2024 12:30,6.148
3/24/2024 12:45,6.138
3/24/2024 13:00,6.157
3/24/2024 13:15,6.138
3/24/2024 13:30,6.138
3/24/2024 13:45,6.147
3/24/2024 14:00,6.147
3/24/2024 14:15,6.156
3/24/2024 14:30,6.156
3/24/2024 14:45,6.147
3/24/2024 15:00,6.156
3/24/2024 15:15,6.156
3/24/2024 15:30,6.166
3/24/2024 15:45,6.166
3/24/2024 16:00,6.157
3/24/2024 16:15,6.147
3/24/2024 16:30,6.138
3/24/2024 16:45,6.148
3/24/2024 17:00,6.157
3/24/2024 17:15,6.138
3/24/2024 17:30,6.148
3/24/2024 17:45,6.148
3/24/2024 18:00,6.139
3/24/2024 18:15,6.158
3/24/2024 18:30,6.149
3/24/2024 18:45,6.16
3/24/2024 19:00,6.17
3/24/2024 19:15,6.173
3/24/2024 19:30,6.193
3/24/2024 19:45,6.175
3/24/2024 20:00,6.158
3/24/2024 20:15,6.159
3/24/2024 20:30,6.15
3/24/2024 20:45,6.179
3/24/2024 21:00,6.17
3/24/2024 21:15,6.161
3/24/2024 21:30,6.161
3/24/2024 21:45,6.152
3/24/2024 22:00,6.162
3/24/2024 22:15,6.162
3/24/2024 22:30,6.192
3/24/2024 22:45,6.172
3/24/2024 23:00,6.164
3/24/2024 23:15,6.177
3/24/2024 23:30,6.159
3/24/2024 23:45,6.177
3/25/2024 0:00,6.167
3/25/2024 0:15,6.184
3/25/2024 0:30,6.153
3/25/2024 0:45,6.182
3/25/2024 1:00,6.183
3/25/2024 1:15,6.183
3/25/2024 1:30,6.173
3/25/2024 1:45,6.182
3/25/2024 2:00,6.193
3/25/2024 2:15,6.157
3/25/2024 2:30,6.185
3/25/2024 2:45,6.176
3/25/2024 3:00,6.176
3/25/2024 3:15,6.176
3/25/2024 3:30,6.186
3/25/2024 3:45,6.177
3/25/2024 4:00,6.205
3/25/2024 4:15,6.222
3/25/2024 4:30,6.201
3/25/2024 4:45,6.209
3/25/2024 5:00,6.199
3/25/2024 5:15,6.18
3/25/2024 5:30,6.208
3/25/2024 5:45,6.189
3/25/2024 6:00,6.208
3/25/2024 6:15,6.198
3/25/2024 6:30,6.178
3/25/2024 6:45,6.185
3/25/2024 7:00,6.193
3/25/2024 7:15,6.203
3/25/2024 7:30,6.202
3/25/2024 7:45,6.201
3/25/2024 8:00,6.23
3/25/2024 8:15,6.219
3/25/2024 8:30,6.199
3/25/2024 8:45,6.198
3/25/2024 9:00,6.217
3/25/2024 9:15,6.206
3/25/2024 9:30,6.186
3/25/2024 9:45,6.204
3/25/2024 10:00,6.193
3/25/2024 10:15,6.221
3/25/2024 10:30,6.23
3/25/2024 10:45,6.221
3/25/2024 11:00,6.23
3/25/2024 11:15,6.23
3/25/2024 11:30,6.211
3/25/2024 11:45,6.229
3/25/2024 12:00,6.22
3/25/2024 12:15,6.209
3/25/2024 12:30,6.228
3/25/2024 12:45,6.208
3/25/2024 13:00,6.228
3/25/2024 13:15,6.238
3/25/2024 13:30,6.229
3/25/2024 13:45,6.237
3/25/2024 14:00,6.208
3/25/2024 14:15,6.217
3/25/2024 14:30,6.226
3/25/2024 14:45,6.226
3/25/2024 15:00,6.198
3/25/2024 15:15,6.236
3/25/2024 15:30,6.207
3/25/2024 15:45,6.227
3/25/2024 16:00,6.208
3/25/2024 16:15,6.218
3/25/2024 16:30,6.209
3/25/2024 16:45,6.21
3/25/2024 17:00,6.21
3/25/2024 17:15,6.22
3/25/2024 17:30,6.239
3/25/2024 17:45,6.23
3/25/2024 18:00,6.249
3/25/2024 18:15,6.212
3/25/2024 18:30,6.213
3/25/2024 18:45,6.223
3/25/2024 19:00,6.205
3/25/2024 19:15,6.215
3/25/2024 19:30,6.216
3/25/2024 19:45,6.236
3/25/2024 20:00,6.228
3/25/2024 20:15,6.232
3/25/2024 20:30,6.224
3/25/2024 20:45,6.225
3/25/2024 21:00,6.216
3/25/2024 21:15,6.217
3/25/2024 21:30,6.236
3/25/2024 21:45,6.226
3/25/2024 22:00,6.243
3/25/2024 22:15,6.224
3/25/2024 22:30,6.252
3/25/2024 22:45,6.241
3/25/2024 23:00,6.241
3/25/2024 23:15,6.221
3/25/2024 23:30,6.229
3/25/2024 23:45,6.23
3/26/2024 0:00,6.247
3/26/2024 0:15,6.246
3/26/2024 0:30,6.229
3/26/2024 0:45,6.227
3/26/2024 1:00,6.227
3/26/2024 1:15,6.247
3/26/2024 1:30,6.219
3/26/2024 1:45,6.247
3/26/2024 2:00,6.239
3/26/2024 2:15,6.258
3/26/2024 2:30,6.25
3/26/2024 2:45,6.231
3/26/2024 3:00,6.222
3/26/2024 3:15,6.251
3/26/2024 3:30,6.251
3/26/2024 3:45,6.242
3/26/2024 4:00,6.26
3/26/2024 4:15,6.25
3/26/2024 4:30,6.268
3/26/2024 4:45,6.249
3/26/2024 5:00,6.266
3/26/2024 5:15,6.256
3/26/2024 5:30,6.246
3/26/2024 5:45,6.256
3/26/2024 6:00,6.256
3/26/2024 6:15,6.265
3/26/2024 6:30,6.274
3/26/2024 6:45,6.264
3/26/2024 7:00,6.254
3/26/2024 7:15,6.273
3/26/2024 7:30,6.273
3/26/2024 7:45,6.253
3/26/2024 8:00,6.263
3/26/2024 8:15,6.262
3/26/2024 8:30,6.271
3/26/2024 8:45,6.271
3/26/2024 9:00,6.271
3/26/2024 9:15,6.271
3/26/2024 9:30,6.261
3/26/2024 9:45,6.26
3/26/2024 10:00,6.279
3/26/2024 10:15,6.259
3/26/2024 10:30,6.267
3/26/2024 10:45,6.266
3/26/2024 11:00,6.293
3/26/2024 11:15,6.264
3/26/2024 11:30,6.292
3/26/2024 11:45,6.283
3/26/2024 12:00,6.273
3/26/2024 12:15,6.292
3/26/2024 12:30,6.292
3/26/2024 12:45,6.281
3/26/2024 13:00,6.272
3/26/2024 13:15,6.31
3/26/2024 13:30,6.292
3/26/2024 13:45,6.283
3/26/2024 14:00,6.255
3/26/2024 14:15,6.274
3/26/2024 14:30,6.292
3/26/2024 14:45,6.282
3/26/2024 15:00,6.281
3/26/2024 15:15,6.309
3/26/2024 15:30,6.29
3/26/2024 15:45,6.281
3/26/2024 16:00,6.29
3/26/2024 16:15,6.31
3/26/2024 16:30,6.3
3/26/2024 16:45,6.291
3/26/2024 17:00,6.282
3/26/2024 17:15,6.311
3/26/2024 17:30,6.292
3/26/2024 17:45,6.303
3/26/2024 18:00,6.313
3/26/2024 18:15,6.295
3/26/2024 18:30,6.287
3/26/2024 18:45,6.279
3/26/2024 19:00,6.271
3/26/2024 19:15,6.291
3/26/2024 19:30,6.284
3/26/2024 19:45,6.294
3/26/2024 20:00,6.275
3/26/2024 20:15,6.277
3/26/2024 20:30,6.315
3/26/2024 20:45,6.276
3/26/2024 21:00,6.314
3/26/2024 21:15,6.277
3/26/2024 21:30,6.285
3/26/2024 21:45,6.285
3/26/2024 22:00,6.285
3/26/2024 22:15,6.294
3/26/2024 22:30,6.285
3/26/2024 22:45,6.285
3/26/2024 23:00,6.284
3/26/2024 23:15,6.303
3/26/2024 23:30,6.294
3/26/2024 23:45,6.303
3/27/2024 0:00,6.315
3/27/2024 0:15,6.277
3/27/2024 0:30,6.297
3/27/2024 0:45,6.318
3/27/2024 1:00,6.281
3/27/2024 1:15,6.301
3/27/2024 1:30,6.283
3/27/2024 1:45,6.312
3/27/2024 2:00,6.321
3/27/2024 2:15,6.312
3/27/2024 2:30,6.292
3/27/2024 2:45,6.283
3/27/2024 3:00,6.312
3/27/2024 3:15,6.312
3/27/2024 3:30,6.293
3/27/2024 3:45,6.293
3/27/2024 4:00,6.303
3/27/2024 4:15,6.293
3/27/2024 4:30,6.303
3/27/2024 4:45,6.312
3/27/2024 5:00,6.303
3/27/2024 5:15,6.311
3/27/2024 5:30,6.321
3/27/2024 5:45,6.293
3/27/2024 6:00,6.321
3/27/2024 6:15,6.302
3/27/2024 6:30,6.327
3/27/2024 6:45,6.307
3/27/2024 7:00,6.317
3/27/2024 7:15,6.315
3/27/2024 7:30,6.322
3/27/2024 7:45,6.321
3/27/2024 8:00,6.3
3/27/2024 8:15,6.318
3/27/2024 8:30,6.308
3/27/2024 8:45,6.288
3/27/2024 9:00,6.297
3/27/2024 9:15,6.297
3/27/2024 9:30,6.307
3/27/2024 9:45,6.308
3/27/2024 10:00,6.326
3/27/2024 10:15,6.316
3/27/2024 10:30,6.306
3/27/2024 10:45,6.334
3/27/2024 11:00,6.305
3/27/2024 11:15,6.324
3/27/2024 11:30,6.305
3/27/2024 11:45,6.334
3/27/2024 12:00,6.325
3/27/2024 12:15,6.335
3/27/2024 12:30,6.325
3/27/2024 12:45,6.335
3/27/2024 13:00,6.316
3/27/2024 13:15,6.335
3/27/2024 13:30,6.316
3/27/2024 13:45,6.315
3/27/2024 14:00,6.335
3/27/2024 14:15,6.335
3/27/2024 14:30,6.345
3/27/2024 14:45,6.345
3/27/2024 15:00,6.373
3/27/2024 15:15,6.354
3/27/2024 15:30,6.354
3/27/2024 15:45,6.354
3/27/2024 16:00,6.335
3/27/2024 16:15,6.335
3/27/2024 16:30,6.354
3/27/2024 16:45,6.335
3/27/2024 17:00,6.355
3/27/2024 17:15,6.364
3/27/2024 17:30,6.374
3/27/2024 17:45,6.356
3/27/2024 18:00,6.346
3/27/2024 18:15,6.366
3/27/2024 18:30,6.375
3/27/2024 18:45,6.376
3/27/2024 19:00,6.357
3/27/2024 19:15,6.357
3/27/2024 19:30,6.358
3/27/2024 19:45,6.329
3/27/2024 20:00,6.348
3/27/2024 20:15,6.32
3/27/2024 20:30,6.33
3/27/2024 20:45,6.311
3/27/2024 21:00,6.33
3/27/2024 21:15,6.33
3/27/2024 21:30,6.311
3/27/2024 21:45,6.321
3/27/2024 22:00,6.331
3/27/2024 22:15,6.322
3/27/2024 22:30,6.313
3/27/2024 22:45,6.324
3/27/2024 23:00,6.336
3/27/2024 23:15,6.316
3/27/2024 23:30,6.328
3/27/2024 23:45,6.336
3/28/2024 0:00,6.355
3/28/2024 0:15,6.336
3/28/2024 0:30,6.353
3/28/2024 0:45,6.343
3/28/2024 1:00,6.345
3/28/2024 1:15,6.353
3/28/2024 1:30,6.361
3/28/2024 1:45,6.361
3/28/2024 2:00,6.36
3/28/2024 2:15,6.341
3/28/2024 2:30,6.341
3/28/2024 2:45,6.351
3/28/2024 3:00,6.352
3/28/2024 3:15,6.323
3/28/2024 3:30,6.352
3/28/2024 3:45,6.343
3/28/2024 4:00,6.332
3/28/2024 4:15,6.342
3/28/2024 4:30,6.341
3/28/2024 4:45,6.341
3/28/2024 5:00,6.341
3/28/2024 5:15,6.323
3/28/2024 5:30,6.335
3/28/2024 5:45,6.327
3/28/2024 6:00,6.348
3/28/2024 6:15,6.348
3/28/2024 6:30,6.346
3/28/2024 6:45,6.348
3/28/2024 7:00,6.356
3/28/2024 7:15,6.364
3/28/2024 7:30,6.351
3/28/2024 7:45,6.368
3/28/2024 8:00,6.349
3/28/2024 8:15,6.348
3/28/2024 8:30,6.347
3/28/2024 8:45,6.375
3/28/2024 9:00,6.354
3/28/2024 9:15,6.333
3/28/2024 9:30,6.322
3/28/2024 9:45,6.339
3/28/2024 10:00,6.366
3/28/2024 10:15,6.352
3/28/2024 10:30,6.341
3/28/2024 10:45,6.348
3/28/2024 11:00,6.364
3/28/2024 11:15,6.326
3/28/2024 11:30,6.329
3/28/2024 11:45,6.31
3/28/2024 12:00,6.332
3/28/2024 12:15,6.334
3/28/2024 12:30,6.327
3/28/2024 12:45,6.328
3/28/2024 13:00,6.337
3/28/2024 13:15,6.346
3/28/2024 13:30,6.345
3/28/2024 13:45,6.326
3/28/2024 14:00,6.353
3/28/2024 14:15,6.327
3/28/2024 14:30,6.329
3/28/2024 14:45,6.331
3/28/2024 15:00,6.331
3/28/2024 15:15,6.341
3/28/2024 15:30,6.34
3/28/2024 15:45,6.32
3/28/2024 16:00,6.329
3/28/2024 16:15,6.348
3/28/2024 16:30,6.319
3/28/2024 16:45,6.329
3/28/2024 17:00,6.321
3/28/2024 17:15,6.342
3/28/2024 17:30,6.333
3/28/2024 17:45,6.345
3/28/2024 18:00,6.336
3/28/2024 18:15,6.328
3/28/2024 18:30,6.329
3/28/2024 18:45,6.319
3/28/2024 19:00,6.33
3/28/2024 19:15,6.331
3/28/2024 19:30,6.321
3/28/2024 19:45,6.312
3/28/2024 20:00,6.332
3/28/2024 20:15,6.331
3/28/2024 20:30,6.322
3/28/2024 20:45,6.334
3/28/2024 21:00,6.353
3/28/2024 21:15,6.335
3/28/2024 21:30,6.333
3/28/2024 21:45,6.354
3/28/2024 22:00,6.354
3/28/2024 22:15,6.344
3/28/2024 22:30,6.352
3/28/2024 22:45,6.354
3/28/2024 23:00,6.363
3/28/2024 23:15,6.361
3/28/2024 23:30,6.36
3/28/2024 23:45,6.379
3/29/2024 0:00,6.36
3/29/2024 0:15,6.35
3/29/2024 0:30,6.369
3/29/2024 0:45,6.35
3/29/2024 1:00,6.351
3/29/2024 1:15,6.35
3/29/2024 1:30,6.361
3/29/2024 1:45,6.351
3/29/2024 2:00,6.352
3/29/2024 2:15,6.352
3/29/2024 2:30,6.361
3/29/2024 2:45,6.362
3/29/2024 3:00,6.363
3/29/2024 3:15,6.362
3/29/2024 3:30,6.353
3/29/2024 3:45,6.352
3/29/2024 4:00,6.353
3/29/2024 4:15,6.361
3/29/2024 4:30,6.37
3/29/2024 4:45,6.371
3/29/2024 5:00,6.382
3/29/2024 5:15,6.383
3/29/2024 5:30,6.374
3/29/2024 5:45,6.383
3/29/2024 6:00,6.382
3/29/2024 6:15,6.391
3/29/2024 6:30,6.38
3/29/2024 6:45,6.4
3/29/2024 7:00,6.361
3/29/2024 7:15,6.37
3/29/2024 7:30,6.369
3/29/2024 7:45,6.358
3/29/2024 8:00,6.357
3/29/2024 8:15,6.346
3/29/2024 8:30,6.364
3/29/2024 8:45,6.363
3/29/2024 9:00,6.342
3/29/2024 9:15,6.368
3/29/2024 9:30,6.357
3/29/2024 9:45,6.338
3/29/2024 10:00,6.353
3/29/2024 10:15,6.381
3/29/2024 10:30,6.339
3/29/2024 10:45,6.338
3/29/2024 11:00,6.367
3/29/2024 11:15,6.348
3/29/2024 11:30,6.346
3/29/2024 11:45,6.347
3/29/2024 12:00,6.345
3/29/2024 12:15,6.355
3/29/2024 12:30,6.363
3/29/2024 12:45,6.229
3/29/2024 13:00,6.799
3/29/2024 13:15,6.875
3/29/2024 13:30,6.914
3/29/2024 13:45,6.933
3/29/2024 14:00,6.862
3/29/2024 14:15,6.845
3/29/2024 14:30,6.99
3/29/2024 14:45,6.887
3/29/2024 15:00,6.916
3/29/2024 15:15,6.936
3/29/2024 15:30,6.861
3/29/2024 15:45,6.852
3/29/2024 16:00,6.91
3/29/2024 16:15,6.872
3/29/2024 16:30,6.891
3/29/2024 16:45,6.995
3/29/2024 17:00,6.985
3/29/2024 17:15,6.994
3/29/2024 17:30,6.88
3/29/2024 17:45,7
3/29/2024 18:00,6.92
3/29/2024 18:15,6.998
3/29/2024 18:30,6.933
3/29/2024 18:45,6.887
3/29/2024 19:00,6.984
3/29/2024 19:15,6.908
3/29/2024 19:30,6.967
3/29/2024 19:45,6.986
3/29/2024 20:00,6.911
3/29/2024 20:15,6.98
3/29/2024 20:30,6.907
3/29/2024 20:45,6.967
3/29/2024 21:00,6.977
3/29/2024 21:15,7.01
3/29/2024 21:30,6.988
3/29/2024 21:45,6.931
3/29/2024 22:00,6.913
3/29/2024 22:15,6.913
3/29/2024 22:30,7.02
3/29/2024 22:45,6.924
3/29/2024 23:00,6.925
3/29/2024 23:15,6.935
3/29/2024 23:30,6.916
3/29/2024 23:45,6.936
3/30/2024 0:00,6.946
3/30/2024 0:15,7
3/30/2024 0:30,6.945
3/30/2024 0:45,6.935
3/30/2024 1:00,6.898
3/30/2024 1:15,6.936
3/30/2024 1:30,6.909
3/30/2024 1:45,7.01
3/30/2024 2:00,6.938
3/30/2024 2:15,7.01
3/30/2024 2:30,6.948
3/30/2024 2:45,6.958
3/30/2024 3:00,6.92
3/30/2024 3:15,6.959
3/30/2024 3:30,7.01
3/30/2024 3:45,6.902
3/30/2024 4:00,7.02
3/30/2024 4:15,7.05
3/30/2024 4:30,7.06
3/30/2024 4:45,6.999
3/30/2024 5:00,6.913
3/30/2024 5:15,6.998
3/30/2024 5:30,7.02
3/30/2024 5:45,7.03
3/30/2024 6:00,7.04
3/30/2024 6:15,7.03
3/30/2024 6:30,6.972
3/30/2024 6:45,7.02
3/30/2024 7:00,7.03
3/30/2024 7:15,7.05
3/30/2024 7:30,6.868
3/30/2024 7:45,6.855
3/30/2024 8:00,6.929
3/30/2024 8:15,6.888
3/30/2024 8:30,6.979
3/30/2024 8:45,7.14
3/30/2024 9:00,7.04
3/30/2024 9:15,7.07
3/30/2024 9:30,6.997
3/30/2024 9:45,7.18
3/30/2024 10:00,7.17
3/30/2024 10:15,7.11
3/30/2024 10:30,7.1
3/30/2024 10:45,7
3/30/2024 11:00,6.986
3/30/2024 11:15,6.844
3/30/2024 11:30,6.872
3/30/2024 11:45,6.92
3/30/2024 12:00,6.834
3/30/2024 12:15,6.892
3/30/2024 12:30,6.931
3/30/2024 12:45,6.885
3/30/2024 13:00,6.857
3/30/2024 13:15,6.922
3/30/2024 13:25,6.874
3/30/2024 13:30,7.14
3/30/2024 13:45,7.18
3/30/2024 14:00,7.14
3/30/2024 14:15,7.09
3/30/2024 14:30,7.13
3/30/2024 14:45,7.17
3/30/2024 15:00,7.07
3/30/2024 15:15,7.18
3/30/2024 15:30,7.22
3/30/2024 15:45,7.06
3/30/2024 16:00,7.13
3/30/2024 16:15,7.1
3/30/2024 16:30,7.2
3/30/2024 16:45,7.24
3/30/2024 17:00,7.12
3/30/2024 17:15,7.08
3/30/2024 17:30,7.09
3/30/2024 17:45,7.22
3/30/2024 18:00,7.21
3/30/2024 18:15,7.22
3/30/2024 18:30,7.04
3/30/2024 18:45,7.17
3/30/2024 19:00,7.07
3/30/2024 19:15,7.14
3/30/2024 19:30,7.06
3/30/2024 19:45,7.21
3/30/2024 20:00,7.1
3/30/2024 20:15,7.17
3/30/2024 20:30,7.04
3/30/2024 20:45,7.1
3/30/2024 21:00,7.09
3/30/2024 21:15,7.13
3/30/2024 21:30,7.14
3/30/2024 21:45,7.16
3/30/2024 22:00,7.07
3/30/2024 22:15,7.1
3/30/2024 22:30,7.05
3/30/2024 22:45,7.11
3/30/2024 23:00,7.14
3/30/2024 23:15,7.14
3/30/2024 23:30,7.04
3/30/2024 23:45,7.05
3/31/2024 0:00,7.07
3/31/2024 0:15,7.08
3/31/2024 0:30,7.14
3/31/2024 0:45,7.2
3/31/2024 1:00,7.2
3/31/2024 1:15,7.14
3/31/2024 1:30,7.1
3/31/2024 1:45,7.19
3/31/2024 2:00,7.06
3/31/2024 2:15,7.14
3/31/2024 2:30,7.07
3/31/2024 2:45,7.14
3/31/2024 3:00,7.18
3/31/2024 3:15,7.16
3/31/2024 3:30,7.2
3/31/2024 3:45,7.13
3/31/2024 4:00,7.16
3/31/2024 4:15,7.08
3/31/2024 4:30,7.06
3/31/2024 4:45,7.07
3/31/2024 5:00,7.13
3/31/2024 5:15,7.06
3/31/2024 5:30,7.16
3/31/2024 5:45,7.17
3/31/2024 6:00,7.08
3/31/2024 6:15,7.15
3/31/2024 6:30,7.12
3/31/2024 6:45,7.13
3/31/2024 7:00,7.21
3/31/2024 7:15,7.23
3/31/2024 7:30,7.24
3/31/2024 7:45,7.22
3/31/2024 8:00,7.2
3/31/2024 8:15,7.14
3/31/2024 8:30,6.928
3/31/2024 8:45,6.907
3/31/2024 9:00,6.992
3/31/2024 9:15,6.953
3/31/2024 9:30,7.02
3/31/2024 9:45,7.01
3/31/2024 10:00,6.913
3/31/2024 10:15,6.951
3/31/2024 10:30,6.889
3/31/2024 10:45,6.946
3/31/2024 11:00,6.916
3/31/2024 11:15,7
3/31/2024 11:30,6.933
3/31/2024 11:45,7.06
3/31/2024 12:00,6.942
3/31/2024 12:15,7.3
3/31/2024 12:30,7.18
3/31/2024 12:45,7.24
3/31/2024 13:00,7.13
3/31/2024 13:15,7.2
3/31/2024 13:30,7.25
3/31/2024 13:45,7.27
3/31/2024 14:00,7.18
3/31/2024 14:15,7.29
3/31/2024 14:30,7.28
3/31/2024 14:45,7.18
3/31/2024 15:00,7.23
3/31/2024 15:15,7.28
3/31/2024 15:30,7.18
3/31/2024 15:45,7.15
3/31/2024 16:00,7.17
3/31/2024 16:15,7.22
3/31/2024 16:30,7.26
3/31/2024 16:45,7.27
3/31/2024 17:00,7.17
3/31/2024 17:15,7.19
3/31/2024 17:30,7.25
3/31/2024 17:45,7.17
3/31/2024 18:00,7.11
3/31/2024 18:15,7.24
3/31/2024 18:30,7.16
3/31/2024 18:45,7.28
3/31/2024 19:00,7.25
3/31/2024 19:15,7.14
3/31/2024 19:30,7.26
3/31/2024 19:45,7.17
3/31/2024 20:00,7.17
3/31/2024 20:15,7.27
3/31/2024 20:30,7.2
3/31/2024 20:45,7.16
3/31/2024 21:00,7.08
3/31/2024 21:15,7.23
3/31/2024 21:30,7.23
3/31/2024 21:45,7.16
3/31/2024 22:00,7.13
3/31/2024 22:15,7.22
3/31/2024 22:30,7.23
3/31/2024 22:45,7.15
3/31/2024 23:00,7.21
3/31/2024 23:15,7.12
3/31/2024 23:30,7.23
3/31/2024 23:45,7.22
4/1/2024 0:00,7.22
4/1/2024 0:15,7.1
4/1/2024 0:30,7.22
4/1/2024 0:45,7.27
4/1/2024 1:00,7.21
4/1/2024 1:15,7.13
4/1/2024 1:30,7.21
4/1/2024 1:45,7.16
4/1/2024 2:00,7.15
4/1/2024 2:15,7.12
4/1/2024 2:30,7.12
4/1/2024 2:45,7.23
4/1/2024 3:00,7.13
4/1/2024 3:15,7.23
4/1/2024 3:30,7.17
4/1/2024 3:45,7.24
4/1/2024 4:00,7.15
4/1/2024 4:15,7.16
4/1/2024 4:30,7.15
4/1/2024 4:45,7.21
4/1/2024 5:00,7.15
4/1/2024 5:15,7.15
4/1/2024 5:30,7.15
4/1/2024 5:45,7.23
4/1/2024 6:00,7.17
4/1/2024 6:15,7.14
4/1/2024 6:30,7.23
4/1/2024 6:45,7.16
4/1/2024 7:00,7.16
4/1/2024 7:15,7.19
4/1/2024 7:30,7.2
4/1/2024 7:45,7.21
4/1/2024 8:00,7.12
4/1/2024 8:15,7.15
4/1/2024 8:30,7.33
4/1/2024 8:45,7.2
4/1/2024 9:00,7.19
4/1/2024 9:15,7.17
4/1/2024 9:30,7.15
4/1/2024 9:45,7.33
4/1/2024 10:00,7.18
4/1/2024 10:15,7.34
4/1/2024 10:30,7.22
4/1/2024 10:45,7.29
4/1/2024 11:00,7.27
4/1/2024 11:15,7.23
4/1/2024 11:30,7.23
4/1/2024 11:45,7.27
4/1/2024 12:00,7.22
4/1/2024 12:15,7.3
4/1/2024 12:30,7.29
4/1/2024 12:45,7.37
4/1/2024 13:00,7.16
4/1/2024 13:15,7.22
4/1/2024 13:30,7.33
4/1/2024 13:45,7.34
4/1/2024 14:00,7.24
4/1/2024 14:15,7.39
4/1/2024 14:30,7.17
4/1/2024 14:45,7.21
4/1/2024 15:00,7.33
4/1/2024 15:15,7.2
4/1/2024 15:30,7.36
4/1/2024 15:45,7.22
4/1/2024 16:00,7.19
4/1/2024 16:15,7.24
4/1/2024 16:30,7.37
4/1/2024 16:45,7.18
4/1/2024 17:00,7.34
4/1/2024 17:15,7.37
4/1/2024 17:30,7.23
4/1/2024 17:45,7.34
4/1/2024 18:00,7.23
4/1/2024 18:15,7.35
4/1/2024 18:30,7.19
4/1/2024 18:45,7.18
4/1/2024 19:00,7.33
4/1/2024 19:15,7.36
4/1/2024 19:30,7.19
4/1/2024 19:45,7.36
4/1/2024 20:00,7.22
4/1/2024 20:15,7.21
4/1/2024 20:30,7.17
4/1/2024 20:45,7.27
4/1/2024 21:00,7.32
4/1/2024 21:15,7.28
4/1/2024 21:30,7.25
4/1/2024 21:45,7.28
4/1/2024 22:00,7.3
4/1/2024 22:15,7.26
4/1/2024 22:30,7.26
4/1/2024 22:45,7.27
4/1/2024 23:00,7.26
4/1/2024 23:15,7.17
4/1/2024 23:30,7.26
4/1/2024 23:45,7.26
4/2/2024 0:00,7.25
4/2/2024 0:15,7.26
4/2/2024 0:30,7.27
4/2/2024 0:45,7.19
4/2/2024 1:00,7.26
4/2/2024 1:15,7.18
4/2/2024 1:30,7.29
4/2/2024 1:45,7.24
4/2/2024 2:00,7.29
4/2/2024 2:15,7.34
4/2/2024 2:30,7.16
4/2/2024 2:45,7.3
4/2/2024 3:00,7.33
4/2/2024 3:15,7.23
4/2/2024 3:30,7.32
4/2/2024 3:45,7.27
4/2/2024 4:00,7.19
4/2/2024 4:15,7.21
4/2/2024 4:30,7.19
4/2/2024 4:45,7.29
4/2/2024 5:00,7.21
4/2/2024 5:15,7.24
4/2/2024 5:30,7.2
4/2/2024 5:45,7.19
4/2/2024 6:00,7.22
4/2/2024 6:15,7.21
4/2/2024 6:30,7.19
4/2/2024 6:45,7.27
4/2/2024 7:00,7.24
4/2/2024 7:15,7.38
4/2/2024 7:30,7.34
4/2/2024 7:45,7.25
4/2/2024 8:00,7.35
4/2/2024 8:15,7.42
4/2/2024 8:30,7.3
4/2/2024 8:45,7.33
4/2/2024 9:00,7.4
4/2/2024 9:15,7.42
4/2/2024 9:30,7.36
4/2/2024 9:45,7.3
4/2/2024 10:00,7.32
4/2/2024 10:15,7.46
4/2/2024 10:30,7.33
4/2/2024 10:45,7.38
4/2/2024 11:00,7.39
4/2/2024 11:15,7.36
4/2/2024 11:30,7.44
4/2/2024 11:45,7.27
4/2/2024 12:00,7.34
4/2/2024 12:15,7.47
4/2/2024 12:30,7.27
4/2/2024 12:45,7.27
4/2/2024 13:00,7.35
4/2/2024 13:15,7.37
4/2/2024 13:30,7.41
4/2/2024 13:45,7.43
4/2/2024 14:00,7.35
4/2/2024 14:15,7.42
4/2/2024 14:30,7.33
4/2/2024 14:45,7.39
4/2/2024 15:00,7.32
4/2/2024 15:15,7.33
4/2/2024 15:30,7.4
4/2/2024 15:45,7.36
4/2/2024 16:00,7.4
4/2/2024 16:15,7.46
4/2/2024 16:30,7.44
4/2/2024 16:45,7.41
4/2/2024 17:00,7.32
4/2/2024 17:15,7.45
4/2/2024 17:30,7.41
4/2/2024 17:45,7.41
4/2/2024 18:00,7.3
4/2/2024 18:15,7.43
4/2/2024 18:30,7.41
4/2/2024 18:45,7.46
4/2/2024 19:00,7.43
4/2/2024 19:15,7.25
4/2/2024 19:30,7.45
4/2/2024 19:45,7.34
4/2/2024 20:00,7.4
4/2/2024 20:15,7.3
4/2/2024 20:30,7.4
4/2/2024 20:45,7.29
4/2/2024 21:00,7.34
4/2/2024 21:15,7.41
4/2/2024 21:30,7.26
4/2/2024 21:45,7.39
4/2/2024 22:00,7.45
4/2/2024 22:15,7.3
4/2/2024 22:30,7.39
4/2/2024 22:45,7.47
4/2/2024 23:00,7.45
4/2/2024 23:15,7.45
4/2/2024 23:30,7.28
4/2/2024 23:45,7.47
4/3/2024 0:00,7.3
4/3/2024 0:15,7.31
4/3/2024 0:30,7.38
4/3/2024 0:45,7.31
4/3/2024 1:00,7.38
4/3/2024 1:15,7.37
4/3/2024 1:30,7.43
4/3/2024 1:45,7.31
4/3/2024 2:00,7.46
4/3/2024 2:15,7.34
4/3/2024 2:30,7.48
4/3/2024 2:45,7.41
4/3/2024 3:00,7.37
4/3/2024 3:15,7.42
4/3/2024 3:30,7.33
4/3/2024 3:45,7.33
4/3/2024 4:00,7.47
4/3/2024 4:15,7.44
4/3/2024 4:30,7.26
4/3/2024 4:45,7.46
4/3/2024 5:00,7.27
4/3/2024 5:15,7.47
4/3/2024 5:30,7.42
4/3/2024 5:45,7.31
4/3/2024 6:00,7.32
4/3/2024 6:15,7.28
4/3/2024 6:30,7.3
4/3/2024 6:45,7.32
4/3/2024 7:00,7.33
4/3/2024 7:15,7.29
4/3/2024 7:30,7.46
4/3/2024 7:45,7.32
4/3/2024 8:00,7.43
4/3/2024 8:15,7.36
4/3/2024 8:30,7.49
4/3/2024 8:45,7.31
4/3/2024 9:00,7.28
4/3/2024 9:15,7.36
4/3/2024 9:30,7.33
4/3/2024 9:45,7.27
4/3/2024 10:00,7.33
4/3/2024 10:15,7.33
4/3/2024 10:30,7.31
4/3/2024 10:45,7.49
4/3/2024 11:00,7.34
4/3/2024 11:15,7.34
4/3/2024 11:30,7.39
4/3/2024 11:45,7.39
4/3/2024 12:00,7.35
4/3/2024 12:15,7.42
4/3/2024 12:30,7.33
4/3/2024 12:45,7.37
4/3/2024 13:00,7.38
4/3/2024 13:15,7.42
4/3/2024 13:30,7.35
4/3/2024 13:45,7.39
4/3/2024 14:00,7.39
4/3/2024 14:15,7.42
4/3/2024 14:30,7.41
4/3/2024 14:45,7.42
4/3/2024 15:00,7.41
4/3/2024 15:15,7.4
4/3/2024 15:30,7.39
4/3/2024 15:45,7.39
4/3/2024 16:00,7.4
4/3/2024 16:15,7.39
4/3/2024 16:30,7.42
4/3/2024 16:45,7.43
4/3/2024 17:00,7.37
4/3/2024 17:15,7.4
4/3/2024 17:30,7.42
4/3/2024 17:45,7.41
4/3/2024 18:00,7.39
4/3/2024 18:15,7.38
4/3/2024 18:30,7.38
4/3/2024 18:45,7.39
4/3/2024 19:00,7.4
4/3/2024 19:15,7.44
4/3/2024 19:30,7.41
4/3/2024 19:45,7.39
4/3/2024 20:00,7.42
4/3/2024 20:15,7.39
4/3/2024 20:30,7.36
4/3/2024 20:45,7.4
4/3/2024 21:00,7.37
4/3/2024 21:15,7.42
4/3/2024 21:30,7.42
4/3/2024 21:45,7.38
4/3/2024 22:00,7.39
4/3/2024 22:15,7.42
4/3/2024 22:30,7.37
4/3/2024 22:45,7.42
4/3/2024 23:00,7.39
4/3/2024 23:15,7.44
4/3/2024 23:30,7.42
4/3/2024 23:45,7.37
4/4/2024 0:00,7.41
4/4/2024 0:15,7.41
4/4/2024 0:30,7.41
4/4/2024 0:45,7.42
4/4/2024 1:00,7.42
4/4/2024 1:15,7.42
4/4/2024 1:30,7.44
4/4/2024 1:45,7.42
4/4/2024 2:00,7.45
4/4/2024 2:15,7.44
4/4/2024 2:30,7.44
4/4/2024 2:45,7.46
4/4/2024 3:00,7.41
4/4/2024 3:15,7.42
4/4/2024 3:30,7.43
4/4/2024 3:45,7.41
4/4/2024 4:00,7.43
4/4/2024 4:15,7.44
4/4/2024 4:30,7.44
4/4/2024 4:45,7.42
4/4/2024 5:00,7.45
4/4/2024 5:15,7.42
4/4/2024 5:30,7.4
4/4/2024 5:45,7.42
4/4/2024 6:00,7.43
4/4/2024 6:15,7.45
4/4/2024 6:30,7.45
4/4/2024 6:45,7.45
4/4/2024 7:00,7.47
4/4/2024 7:15,7.46
4/4/2024 7:30,7.48
4/4/2024 7:45,7.51
4/4/2024 8:00,7.43
4/4/2024 8:15,7.45
4/4/2024 8:30,7.4
4/4/2024 8:45,7.43
4/4/2024 9:00,7.56
4/4/2024 9:15,7.5
4/4/2024 9:30,7.5
4/4/2024 9:45,7.44
4/4/2024 10:00,7.47
4/4/2024 10:15,7.22
4/4/2024 10:30,7.24
4/4/2024 10:45,7.36
4/4/2024 11:00,7.26
4/4/2024 11:15,7.39
4/4/2024 11:30,7.42
4/4/2024 11:45,7.36
4/4/2024 12:00,7.34
4/4/2024 12:15,7.39
4/4/2024 12:30,7.29
4/4/2024 12:45,7.46
4/4/2024 13:00,7.31
4/4/2024 13:15,7.3
4/4/2024 13:30,7.26
4/4/2024 13:45,7.38
4/4/2024 14:00,7.32
4/4/2024 14:15,7.38
4/4/2024 14:30,7.33
4/4/2024 14:45,7.33
4/4/2024 15:00,7.45
4/4/2024 15:15,7.32
4/4/2024 15:30,7.38
4/4/2024 15:45,7.34
4/4/2024 16:00,7.42
4/4/2024 16:15,7.41
4/4/2024 16:30,7.42
4/4/2024 16:45,7.41
4/4/2024 17:00,7.39
4/4/2024 17:15,7.39
4/4/2024 17:30,7.4
4/4/2024 17:45,7.4
4/4/2024 18:00,7.43
4/4/2024 18:15,7.41
4/4/2024 18:30,7.42
4/4/2024 18:45,7.44
4/4/2024 19:00,7.44
4/4/2024 19:15,7.45
4/4/2024 19:30,7.42
4/4/2024 19:45,7.44
4/4/2024 20:00,7.42
4/4/2024 20:15,7.43
4/4/2024 20:30,7.42
4/4/2024 20:45,7.46
4/4/2024 21:00,7.44
4/4/2024 21:15,7.43
4/4/2024 21:30,7.44
4/4/2024 21:45,7.44
4/4/2024 22:00,7.42
4/4/2024 22:15,7.46
4/4/2024 22:30,7.46
4/4/2024 22:45,7.47
4/4/2024 23:00,7.46
4/4/2024 23:15,7.45
4/4/2024 23:30,7.4
4/4/2024 23:45,7.46
4/5/2024 0:00,7.47
4/5/2024 0:15,7.46
4/5/2024 0:30,7.42
4/5/2024 0:45,7.48
4/5/2024 1:00,7.44
4/5/2024 4:42,7.43
4/5/2024 4:45,7.42
4/5/2024 5:00,7.44
4/5/2024 5:15,7.48
4/5/2024 5:30,7.45
4/5/2024 5:45,7.44
4/5/2024 6:00,7.42
4/5/2024 6:15,7.5
4/5/2024 6:30,7.44
4/5/2024 6:45,7.52
4/5/2024 7:00,7.49
4/5/2024 7:15,7.48
4/5/2024 7:30,7.49
4/5/2024 7:45,7.45
4/5/2024 8:00,7.47
4/5/2024 8:15,7.46
4/5/2024 8:30,7.49
4/5/2024 8:45,7.44
4/5/2024 9:00,7.45
4/5/2024 9:15,7.48
4/5/2024 9:30,7.48
4/5/2024 9:45,7.45
4/5/2024 10:00,7.48
4/5/2024 10:15,7.48
4/5/2024 10:30,7.43
4/5/2024 10:45,7.38
4/5/2024 11:00,7.38
4/5/2024 11:15,7.43
4/5/2024 11:30,7.48
4/5/2024 11:45,7.42
4/5/2024 12:00,7.43
4/5/2024 12:15,7.31
4/5/2024 12:30,7.36
4/5/2024 12:45,7.46
4/5/2024 13:00,7.4
4/5/2024 13:00,7.31
4/5/2024 13:15,7.34
4/5/2024 13:30,7.41
4/5/2024 13:45,7.27
4/5/2024 13:52,7.39
4/5/2024 14:00,7.34
4/5/2024 14:15,7.35
4/5/2024 14:30,7.24
4/5/2024 14:45,7.3
4/5/2024 15:00,7.24
4/5/2024 15:15,7.24
4/5/2024 15:30,7.25
4/5/2024 15:45,7.4
4/5/2024 16:00,7.32
4/5/2024 16:15,7.3
4/5/2024 16:30,7.27
4/5/2024 16:45,7.31
4/5/2024 17:00,7.47
4/5/2024 17:15,7.32
4/5/2024 17:30,7.41
4/5/2024 17:45,7.29
4/5/2024 18:00,7.28
4/5/2024 18:15,7.42
4/5/2024 18:30,7.34
4/5/2024 18:45,7.31
4/5/2024 19:00,7.44
4/5/2024 19:15,7.28
4/5/2024 19:30,7.46
4/5/2024 19:45,7.42
4/5/2024 20:00,7.32
4/5/2024 20:15,7.35
4/5/2024 20:30,7.3
4/5/2024 20:45,7.43
4/5/2024 21:00,7.43
4/5/2024 21:15,7.42
4/5/2024 21:30,7.36
4/5/2024 21:45,7.39
4/5/2024 22:00,7.38
4/5/2024 22:15,7.39
4/5/2024 22:30,7.35
4/5/2024 22:45,7.42
4/5/2024 23:00,7.48
4/5/2024 23:15,7.41
4/5/2024 23:30,7.38
4/5/2024 23:45,7.44
4/6/2024 0:00,7.38
4/6/2024 0:15,7.41
4/6/2024 0:30,7.39
4/6/2024 0:45,7.43
4/6/2024 1:00,7.39
4/6/2024 1:15,7.47
4/6/2024 1:30,7.49
4/6/2024 1:45,7.47
4/6/2024 2:00,7.43
4/6/2024 2:15,7.55
4/6/2024 2:30,7.56
4/6/2024 2:45,7.51
4/6/2024 3:00,7.39
4/6/2024 3:15,7.49
4/6/2024 3:30,7.43
4/6/2024 3:45,7.46
4/6/2024 4:00,7.46
4/6/2024 4:15,7.5
4/6/2024 4:30,7.46
4/6/2024 4:45,7.5
4/6/2024 5:00,7.49
4/6/2024 5:15,7.45
4/6/2024 5:30,7.47
4/6/2024 5:45,7.46
4/6/2024 6:00,7.51
4/6/2024 6:15,7.49
4/6/2024 6:30,7.52
4/6/2024 6:45,7.5
4/6/2024 7:00,7.44
4/6/2024 7:15,7.47
4/6/2024 7:30,7.51
4/6/2024 7:45,7.49
4/6/2024 8:00,7.47
4/6/2024 8:15,7.46
4/6/2024 8:30,7.47
4/6/2024 8:45,7.47
4/6/2024 9:00,7.44
4/6/2024 9:15,7.46
4/6/2024 9:30,7.4
4/6/2024 9:45,7.44
4/6/2024 10:00,7.44
4/6/2024 10:15,7.41
4/6/2024 10:30,7.52
4/6/2024 10:45,7.42
4/6/2024 11:00,7.51
4/6/2024 11:15,7.5
4/6/2024 11:30,7.49
4/6/2024 11:45,7.42
4/6/2024 12:00,7.56
4/6/2024 12:15,7.5
4/6/2024 12:30,7.53
4/6/2024 12:45,7.37
4/6/2024 13:00,7.57
4/6/2024 13:15,7.35
4/6/2024 13:30,7.4
4/6/2024 13:45,7.55
4/6/2024 14:00,7.47
4/6/2024 14:15,7.48
4/6/2024 14:30,7.43
4/6/2024 14:45,7.54
4/6/2024 15:00,7.54
4/6/2024 15:15,7.49
4/6/2024 15:30,7.49
4/6/2024 15:45,7.39
4/6/2024 16:00,7.51
4/6/2024 16:15,7.51
4/6/2024 16:30,7.61
4/7/2024 6:39,7.51
4/7/2024 6:50,7.5
4/7/2024 7:04,7.45
4/7/2024 7:08,7.48
4/7/2024 7:15,7.48
4/7/2024 7:30,7.51
4/7/2024 7:45,7.7
4/7/2024 7:52,7.51
4/7/2024 8:00,7.55
4/7/2024 8:15,7.63
4/7/2024 8:30,7.47
4/7/2024 8:45,7.61
4/7/2024 9:00,7.5
4/7/2024 9:15,7.6
4/7/2024 9:30,7.64
4/7/2024 9:45,7.67
4/7/2024 10:00,7.48
4/7/2024 10:15,7.6
4/7/2024 10:30,7.63
4/7/2024 10:45,7.68
4/7/2024 11:00,7.62
4/7/2024 11:15,7.57
4/7/2024 11:30,7.52
4/7/2024 11:45,7.69
4/7/2024 12:00,7.68
4/7/2024 12:15,7.52
4/7/2024 12:30,7.54
4/7/2024 12:45,7.71
4/7/2024 13:00,7.58
4/7/2024 13:15,7.74
4/7/2024 13:30,7.51
4/7/2024 13:45,7.58
4/7/2024 14:00,7.72
4/7/2024 14:15,7.55
4/7/2024 14:30,7.65
4/7/2024 14:45,7.49
4/7/2024 15:00,7.53
4/7/2024 15:15,7.63
4/7/2024 15:30,7.63
4/7/2024 15:45,7.62
4/7/2024 16:00,7.51
4/7/2024 16:15,7.71
4/7/2024 16:30,7.62
4/7/2024 16:45,7.52
4/7/2024 17:00,7.49
4/7/2024 17:15,7.65
4/7/2024 17:30,7.54
4/7/2024 17:45,7.65
4/7/2024 18:00,7.49
4/7/2024 18:15,7.67
4/7/2024 18:30,7.66
4/7/2024 18:45,7.65
4/7/2024 19:00,7.5
4/7/2024 19:15,7.59
4/7/2024 19:30,7.54
4/7/2024 19:45,7.58
4/7/2024 20:00,7.59
4/7/2024 20:15,7.55
4/7/2024 20:30,7.57
4/7/2024 20:45,7.54
4/7/2024 21:00,7.61
4/7/2024 21:15,7.65
4/7/2024 21:30,7.64
4/7/2024 21:45,7.56
4/7/2024 22:00,7.67
4/7/2024 22:15,7.49
4/7/2024 22:30,7.57
4/7/2024 22:45,7.63
4/7/2024 23:00,7.59
4/7/2024 23:15,7.52
4/7/2024 23:30,7.67
4/7/2024 23:45,7.53
4/8/2024 0:00,7.55
4/8/2024 0:15,7.62
4/8/2024 0:30,7.61
4/8/2024 0:45,7.61
4/8/2024 1:00,7.48
4/8/2024 1:15,7.61
4/8/2024 1:30,7.47
4/8/2024 1:45,7.66
4/8/2024 2:00,7.62
4/8/2024 2:15,7.48
4/8/2024 2:30,7.58
4/8/2024 2:45,7.59
4/8/2024 3:00,7.67
4/8/2024 3:15,7.52
4/8/2024 3:30,7.64
4/8/2024 3:45,7.52
4/8/2024 4:00,7.52
4/8/2024 4:15,7.53
4/8/2024 4:30,7.48
4/8/2024 4:45,7.59
4/8/2024 5:00,7.48
4/8/2024 5:15,7.49
4/8/2024 5:30,7.53
4/8/2024 5:45,7.63
4/8/2024 6:00,7.6
4/8/2024 6:15,7.64
4/8/2024 6:30,7.63
4/8/2024 6:45,7.63
4/8/2024 7:00,7.54
4/8/2024 7:15,7.66
4/8/2024 7:30,7.66
4/8/2024 7:45,7.54
4/8/2024 8:00,7.6
4/8/2024 8:15,7.68
4/8/2024 8:30,7.6
4/8/2024 8:45,7.61
4/8/2024 9:00,7.75
4/8/2024 9:15,7.69
4/8/2024 9:30,7.76
4/8/2024 9:45,7.53
4/8/2024 10:00,7.74
4/8/2024 10:15,7.62
4/8/2024 10:30,7.66
4/8/2024 10:45,7.61
4/8/2024 11:00,7.61
4/8/2024 11:15,7.71
4/8/2024 11:30,7.68
4/8/2024 11:45,7.74
4/8/2024 12:00,7.71
4/8/2024 12:15,7.64
4/8/2024 12:30,7.6
4/8/2024 12:45,7.63
4/8/2024 13:00,7.62
4/8/2024 13:15,7.66
4/8/2024 13:30,7.69
4/8/2024 13:45,7.59
4/8/2024 14:00,7.67
4/8/2024 14:15,7.56
4/8/2024 14:30,7.72
4/8/2024 14:45,7.57
4/8/2024 15:00,7.58
4/8/2024 15:15,7.6
4/8/2024 15:30,7.51
4/8/2024 15:45,7.59
4/8/2024 16:00,7.52
4/8/2024 16:15,7.61
4/8/2024 16:30,7.53
4/8/2024 16:45,7.65
4/8/2024 17:00,7.58
4/8/2024 17:15,7.73
4/8/2024 17:30,7.53
4/8/2024 17:45,7.52
4/8/2024 18:00,7.65
4/8/2024 18:15,7.64
4/8/2024 18:30,7.57
4/8/2024 18:45,7.64
4/8/2024 19:00,7.54
4/8/2024 19:15,7.52
4/8/2024 19:30,7.69
4/8/2024 19:45,7.52
4/8/2024 20:00,7.53
4/8/2024 20:15,7.65
4/8/2024 20:30,7.71
4/8/2024 20:45,7.66
4/8/2024 21:00,7.66
4/8/2024 21:15,7.57
4/8/2024 21:30,7.65
4/8/2024 21:45,7.66
4/8/2024 22:00,7.65
4/8/2024 22:15,7.64
4/8/2024 22:30,7.62
4/8/2024 22:45,7.57
4/8/2024 23:00,7.59
4/8/2024 23:15,7.6
4/8/2024 23:30,7.63
4/8/2024 23:45,7.63
4/9/2024 0:00,7.61
4/9/2024 0:15,7.59
4/9/2024 0:30,7.64
4/9/2024 0:45,7.59
4/9/2024 1:00,7.63
4/9/2024 1:15,7.57
4/9/2024 1:30,7.63
4/9/2024 1:45,7.63
4/9/2024 2:00,7.62
4/9/2024 2:15,7.66
4/9/2024 2:30,7.6
4/9/2024 2:45,7.62
4/9/2024 3:00,7.61
4/9/2024 3:15,7.6
4/9/2024 3:30,7.61
4/9/2024 3:45,7.63
4/9/2024 4:00,7.66
4/9/2024 4:15,7.63
4/9/2024 4:30,7.61
4/9/2024 4:45,7.67
4/9/2024 5:00,7.68
4/9/2024 5:15,7.7
4/9/2024 5:30,7.63
4/9/2024 5:45,7.65
4/9/2024 6:00,7.67
4/9/2024 6:15,7.65
4/9/2024 6:30,7.63
4/9/2024 6:45,7.62
4/9/2024 7:00,7.67
4/9/2024 7:15,7.66
4/9/2024 7:30,7.68
4/9/2024 7:45,7.62
4/9/2024 8:00,7.66
4/9/2024 8:15,7.65
4/9/2024 8:30,7.58
4/9/2024 8:45,7.73
4/9/2024 9:00,7.73
4/9/2024 9:15,7.51
4/9/2024 9:30,7.6
4/9/2024 9:45,7.69
4/9/2024 10:00,7.56
4/9/2024 10:15,7.69
4/9/2024 10:30,7.64
4/9/2024 10:45,7.58
4/9/2024 11:00,7.56
4/9/2024 11:15,7.59
4/9/2024 11:30,7.55
4/9/2024 11:45,7.57
4/9/2024 12:00,7.75
4/9/2024 12:15,7.61
4/9/2024 12:30,7.72
4/9/2024 12:45,7.71
4/9/2024 13:00,7.7
4/9/2024 13:15,7.6
4/9/2024 13:30,7.67
4/9/2024 13:45,7.75
4/9/2024 14:00,7.75
4/9/2024 14:15,7.7
4/9/2024 14:30,7.64
4/9/2024 14:45,7.75
4/9/2024 15:00,7.62
4/9/2024 15:15,7.71
4/9/2024 15:30,7.75
4/9/2024 15:45,7.54
4/9/2024 16:00,7.56
4/9/2024 16:15,7.53
4/9/2024 16:30,7.72
4/9/2024 16:45,7.76
4/9/2024 17:00,7.64
4/9/2024 17:15,7.71
4/9/2024 17:30,7.63
4/9/2024 17:45,7.59
4/9/2024 18:00,7.62
4/9/2024 18:15,7.74
4/9/2024 18:30,7.62
4/9/2024 18:45,7.55
4/9/2024 19:00,7.74
4/9/2024 19:15,7.73
4/9/2024 19:30,7.57
4/9/2024 19:45,7.72
4/9/2024 20:00,7.65
4/9/2024 20:15,7.54
4/9/2024 20:30,7.73
4/9/2024 20:45,7.58
4/9/2024 21:00,7.58
4/9/2024 21:15,7.5
4/9/2024 21:30,7.56
4/9/2024 21:45,7.72
4/9/2024 22:00,7.48
4/9/2024 22:15,7.68
4/9/2024 22:30,7.66
4/9/2024 22:45,7.69
4/9/2024 23:00,7.57
4/9/2024 23:15,7.59
4/9/2024 23:30,7.51
4/9/2024 23:45,7.54
4/10/2024 0:00,7.5
4/10/2024 0:15,7.59
4/10/2024 0:30,7.57
4/10/2024 0:45,7.51
4/10/2024 1:00,7.71
4/10/2024 1:15,7.49
4/10/2024 1:30,7.49
4/10/2024 1:45,7.64
4/10/2024 2:00,7.49
4/10/2024 2:15,7.55
4/10/2024 2:30,7.55
4/10/2024 2:45,7.59
4/10/2024 3:00,7.6
4/10/2024 3:15,7.58
4/10/2024 3:30,7.51
4/10/2024 3:45,7.53
4/10/2024 4:00,7.57
4/10/2024 4:15,7.63
4/10/2024 4:30,7.65
4/10/2024 4:45,7.52
4/10/2024 5:00,7.51
4/10/2024 5:15,7.54
4/10/2024 5:30,7.61
4/10/2024 5:45,7.65
4/10/2024 6:00,7.61
4/10/2024 6:15,7.61
4/10/2024 6:30,7.65
4/10/2024 6:45,7.59
4/10/2024 7:00,7.6
4/10/2024 7:15,7.6
4/10/2024 7:30,7.76
4/10/2024 7:45,7.6
4/10/2024 8:00,7.55
4/10/2024 8:15,7.61
4/10/2024 8:30,7.63
4/10/2024 8:45,7.68
4/10/2024 9:00,7.7
4/10/2024 9:15,7.58
4/10/2024 9:30,7.57
4/10/2024 9:45,7.58
4/10/2024 10:00,7.58
4/10/2024 10:15,7.75
4/10/2024 10:30,7.76
4/10/2024 10:45,7.64
4/10/2024 11:00,7.7
4/10/2024 11:15,7.71
4/10/2024 11:30,7.68
4/10/2024 11:45,7.72
4/10/2024 12:00,7.77
4/10/2024 12:15,7.66
4/10/2024 12:30,7.6
4/10/2024 12:45,7.68
4/10/2024 13:00,7.75
4/10/2024 13:15,7.68
4/10/2024 13:30,7.58
4/10/2024 13:45,7.74
4/10/2024 14:00,7.72
4/10/2024 14:15,7.78
4/10/2024 15:00,7.64
4/10/2024 15:15,7.69
4/10/2024 15:30,7.61
4/10/2024 15:45,7.6
4/10/2024 16:00,7.68
4/10/2024 16:15,7.56
4/10/2024 16:30,7.67
4/10/2024 16:45,7.62
4/10/2024 17:00,7.57
4/10/2024 17:15,7.7
4/10/2024 17:30,7.78
4/10/2024 17:45,7.78
4/10/2024 18:00,7.62
4/10/2024 18:15,7.6
4/10/2024 18:30,7.74
4/10/2024 18:45,7.66
4/10/2024 19:00,7.76
4/10/2024 19:15,7.63
4/10/2024 19:30,7.57
4/10/2024 19:45,7.75
4/10/2024 20:00,7.68
4/10/2024 20:15,7.65
4/10/2024 20:30,7.59
4/10/2024 20:45,7.65
4/10/2024 21:00,7.55
4/10/2024 21:15,7.68
4/10/2024 21:30,7.72
4/10/2024 21:45,7.71
4/10/2024 22:00,7.69
4/10/2024 22:15,7.67
4/10/2024 22:30,7.64
4/10/2024 22:45,7.57
4/10/2024 23:00,7.58
4/10/2024 23:15,7.68
4/10/2024 23:30,7.64
4/10/2024 23:45,7.54
4/11/2024 0:00,7.58
4/11/2024 0:15,7.57
4/11/2024 0:30,7.7
4/11/2024 0:45,7.67
4/11/2024 1:00,7.63
4/11/2024 1:15,7.61
4/11/2024 1:30,7.7
4/11/2024 1:45,7.67
4/11/2024 2:00,7.69
4/11/2024 2:15,7.54
4/11/2024 2:30,7.56
4/11/2024 2:45,7.65
4/11/2024 3:00,7.65
4/11/2024 3:15,7.6
4/11/2024 3:30,7.62
4/11/2024 3:45,7.57
4/11/2024 4:00,7.61
4/11/2024 4:15,7.67
4/11/2024 4:30,7.6
4/11/2024 4:45,7.66
4/11/2024 5:00,7.72
4/11/2024 5:15,7.63
4/11/2024 5:30,7.55
4/11/2024 5:45,7.56
4/11/2024 6:00,7.74
4/11/2024 6:15,7.69
4/11/2024 6:30,7.67
4/11/2024 6:45,7.75
4/11/2024 7:00,7.78
4/11/2024 7:15,7.72
4/11/2024 7:30,7.77
4/11/2024 7:45,7.73
4/11/2024 8:00,7.64
4/11/2024 8:15,7.71
4/12/2024 12:17,
4/12/2024 12:30,7.86
4/12/2024 12:45,7.66
4/12/2024 13:00,-6999
4/12/2024 13:30,-6999
4/12/2024 13:45,-6999
4/12/2024 14:00,-6999
4/12/2024 14:30,7.84
4/12/2024 14:45,-6999
4/12/2024 15:00,-6999
4/12/2024 15:15,-6999
4/12/2024 15:30,7.74
4/12/2024 15:45,7.81
4/12/2024 16:00,7.67
4/12/2024 16:15,7.7
4/12/2024 16:30,7.77
4/12/2024 16:45,7.65
4/13/2024 6:23,7.74
4/13/2024 6:29,7.77
4/13/2024 6:30,7.72
4/13/2024 6:45,7.83
4/13/2024 7:00,7.83
4/13/2024 7:15,7.74
4/13/2024 7:30,7.88
4/13/2024 7:45,7.73
4/13/2024 8:00,7.82
4/13/2024 8:15,7.85
4/13/2024 8:30,7.74
4/13/2024 8:45,7.84
4/13/2024 9:00,7.75
4/13/2024 9:15,7.76
4/13/2024 9:30,7.79
4/13/2024 9:45,7.8
4/13/2024 10:00,7.8
4/13/2024 10:15,7.9
4/13/2024 10:30,7.83
4/13/2024 10:45,7.94
4/13/2024 11:00,7.89
4/13/2024 11:15,7.81
4/13/2024 11:30,7.86
4/13/2024 11:45,7.83
4/13/2024 12:00,7.89
4/13/2024 12:15,7.84
4/13/2024 12:30,7.97
4/13/2024 12:45,7.95
4/13/2024 13:00,7.94
4/13/2024 13:15,7.86
4/13/2024 13:30,7.86
4/13/2024 13:45,7.98
4/13/2024 14:00,7.89
4/13/2024 14:15,7.95
4/13/2024 14:30,7.85
4/13/2024 14:45,7.97
4/13/2024 15:00,7.89
4/13/2024 15:15,7.89
4/13/2024 15:30,7.95
4/13/2024 15:45,7.86
4/13/2024 16:29,
4/13/2024 16:34,7.84
4/13/2024 16:45,7.96
4/13/2024 17:00,7.94
4/13/2024 17:07,7.99
4/13/2024 17:15,7.97
4/13/2024 17:23,7.88
4/13/2024 17:58,7.97
4/13/2024 17:59,7.87
4/13/2024 18:00,7.99
4/13/2024 18:00,7.99
4/13/2024 18:01,7.94
4/13/2024 18:01,7.81
4/14/2024 6:15,7.89
4/14/2024 6:15,7.89
4/14/2024 6:30,7.96
4/14/2024 6:45,8.01
4/14/2024 7:00,8.01
4/14/2024 7:15,7.9
4/14/2024 7:30,7.93
4/14/2024 7:45,8.01
4/14/2024 8:00,8.05
4/14/2024 8:15,8.04
4/14/2024 8:30,7.98
4/14/2024 8:45,7.95
4/14/2024 9:00,8.02
4/14/2024 9:15,8.07
4/14/2024 9:30,7.94
4/14/2024 9:45,7.91
4/14/2024 10:00,7.95
4/14/2024 10:15,7.91
4/14/2024 10:30,8.02
4/14/2024 10:45,8.1
4/14/2024 11:00,8.09
4/14/2024 11:15,7.91
4/14/2024 11:30,8.06
4/14/2024 11:45,7.94
4/14/2024 12:00,7.98
4/14/2024 12:15,7.91
4/14/2024 12:30,8.03
4/14/2024 12:45,8.01
4/14/2024 12:53,7.96
4/14/2024 13:00,8.06
4/14/2024 13:15,8.03
4/14/2024 13:30,8.12
4/14/2024 13:45,7.91
4/14/2024 14:15,-6999
4/14/2024 16:00,8.04
4/14/2024 16:15,7.97
4/14/2024 16:30,8.11
4/14/2024 16:45,8.03
4/14/2024 17:00,8.14
4/14/2024 17:15,8.07
4/14/2024 17:30,8.07
4/14/2024 17:45,8.02
4/14/2024 18:00,8.08
4/14/2024 18:15,8.08
4/14/2024 18:30,7.98
4/14/2024 18:45,8.13
4/14/2024 19:00,7.94
4/14/2024 19:15,7.94
4/14/2024 19:30,8.07
4/14/2024 19:45,8.13
4/14/2024 20:00,8.14
4/14/2024 20:15,8.01
4/14/2024 20:30,7.98
4/14/2024 20:45,8.06
4/14/2024 21:00,7.97
4/14/2024 21:15,8.02
4/14/2024 21:30,8.14
4/14/2024 21:45,8.06
4/14/2024 22:00,8
4/14/2024 22:15,8.12
4/14/2024 22:30,7.94
4/14/2024 22:45,8
4/14/2024 23:00,8.08
4/14/2024 23:15,8.03
4/14/2024 23:30,8.01
4/14/2024 23:45,8.08
4/15/2024 0:00,8.16
4/15/2024 0:15,8.05
4/15/2024 0:30,8.08
4/15/2024 0:45,8.18
4/15/2024 1:00,8.05
4/15/2024 1:15,7.96
4/15/2024 1:30,8.12
4/15/2024 1:45,8.06
4/15/2024 2:00,8.12
4/15/2024 2:15,8.11
4/15/2024 2:30,8.14
4/15/2024 2:45,8.1
4/15/2024 3:00,7.96
4/15/2024 3:15,8.04
4/15/2024 3:30,8.11
4/15/2024 3:45,8.11
4/15/2024 4:00,7.96
4/15/2024 4:15,8.05
4/15/2024 4:30,8.16
4/15/2024 4:45,8.02
4/15/2024 5:00,8.14
4/15/2024 5:15,8.07
4/15/2024 5:30,8.08
4/15/2024 5:45,8.09
4/15/2024 6:00,8.1
4/15/2024 6:15,8.05
4/15/2024 6:30,8.19
4/15/2024 6:45,8.09
4/15/2024 7:00,8.12
4/15/2024 7:15,8.15
4/15/2024 7:30,7.98
4/15/2024 7:45,8.11
4/15/2024 8:00,8.01
4/15/2024 8:15,7.99
4/15/2024 8:30,8.07
4/15/2024 8:45,8.17
4/15/2024 9:00,8.13
4/15/2024 9:15,8.06
4/15/2024 9:30,8.06
4/15/2024 9:45,8.2
4/15/2024 10:00,8.16
4/15/2024 10:15,8.08
4/15/2024 10:30,8.23
4/15/2024 10:45,8.17
4/15/2024 11:00,8.1
4/15/2024 11:15,8.22
4/15/2024 11:30,8.02
4/15/2024 11:45,8.16
4/15/2024 12:00,8.05
4/15/2024 12:15,8.18
4/15/2024 12:30,8.11
4/15/2024 12:45,8.11
4/15/2024 13:00,8.06
4/15/2024 13:15,8.11
4/15/2024 13:30,8.13
4/15/2024 13:45,8.03
4/15/2024 14:00,8.24
4/15/2024 14:15,8.11
4/15/2024 14:30,8.07
4/15/2024 14:45,8.23
4/15/2024 15:00,8.2
4/15/2024 15:15,8.21
4/15/2024 15:30,8.19
4/15/2024 15:45,8.21
4/15/2024 16:00,8.21
4/15/2024 16:15,8.24
4/15/2024 16:30,8.22
4/15/2024 16:45,8.22
4/15/2024 17:00,8.04
4/15/2024 17:15,8.24
4/15/2024 17:30,8.22
4/15/2024 17:45,8.07
4/15/2024 18:00,8.12
4/15/2024 18:06,8.04
4/15/2024 18:09,8.13
4/15/2024 19:41,8.24
4/15/2024 19:45,8.13
4/15/2024 20:00,8.11
4/15/2024 20:15,8.23
4/15/2024 20:30,8.21
4/15/2024 20:45,8.21
4/15/2024 21:00,8.12
4/15/2024 21:15,8.12
4/15/2024 21:30,8.13
4/15/2024 21:45,8.16
4/15/2024 22:00,8.07
4/15/2024 22:15,8.22
4/15/2024 22:30,8.26
4/15/2024 22:45,8.27
4/15/2024 23:00,8.23
4/15/2024 23:15,8.13
4/15/2024 23:30,8.1
4/15/2024 23:45,8.11
4/16/2024 0:00,8.1
4/16/2024 0:15,8.13
4/16/2024 0:30,8.26
4/16/2024 0:45,8.22
4/16/2024 1:00,8.09
4/16/2024 1:15,8.19
4/16/2024 1:30,8.29
4/16/2024 1:45,8.11
4/16/2024 2:00,8.25
4/16/2024 2:15,8.24
4/16/2024 2:30,8.19
4/16/2024 2:45,8.14
4/16/2024 3:00,8.25
4/16/2024 3:15,8.13
4/16/2024 3:30,8.11
4/16/2024 3:45,8.25
4/16/2024 4:00,8.22
4/16/2024 4:15,8.13
4/16/2024 4:30,8.21
4/16/2024 4:45,8.3
4/16/2024 5:00,8.28
4/16/2024 5:15,8.15
4/16/2024 5:30,8.26
4/16/2024 5:45,8.25
4/16/2024 6:00,8.26
4/16/2024 6:15,8.29
4/16/2024 6:30,8.28
4/16/2024 6:45,8.09
4/16/2024 7:00,8.3
4/16/2024 7:15,8.26
4/16/2024 7:30,8.24
4/16/2024 7:45,8.3
4/16/2024 8:00,8.17
4/16/2024 8:15,8.26
4/16/2024 8:30,8.26
4/16/2024 8:45,8.27
4/16/2024 9:00,8.23
4/16/2024 9:15,8.25
4/16/2024 9:30,8.28
4/16/2024 9:45,8.38
4/16/2024 10:00,8.3
4/16/2024 10:15,8.22
4/16/2024 10:30,8.3
4/16/2024 10:45,8.3
4/16/2024 11:00,8.26
4/16/2024 11:15,8.21
4/16/2024 11:30,8.13
4/16/2024 11:45,8.18
4/16/2024 12:00,8.34
4/16/2024 12:15,8.36
4/16/2024 12:30,8.17
4/16/2024 12:45,8.25
4/16/2024 13:00,8.37
4/16/2024 13:15,8.24
4/16/2024 13:30,8.3
4/16/2024 13:45,8.19
4/16/2024 14:00,8.16
4/16/2024 14:15,8.26
4/16/2024 14:30,8.34
4/16/2024 14:45,8.32
4/16/2024 15:00,8.36
4/16/2024 15:15,8.32
4/16/2024 15:30,8.2
4/16/2024 15:45,8.31
4/16/2024 16:00,8.36
4/16/2024 16:15,8.25
4/16/2024 16:30,8.19
4/16/2024 16:45,8.37
4/16/2024 17:00,8.34
4/16/2024 17:15,8.18
4/16/2024 19:04,8.4
4/16/2024 19:15,8.35
4/16/2024 19:30,8.17
4/16/2024 19:45,8.09
4/16/2024 20:00,8.49
4/16/2024 20:15,8.37
4/16/2024 20:21,8.34
4/16/2024 21:20,8.18
4/17/2024 3:34,8.28
4/17/2024 3:45,8.22
4/17/2024 4:00,8.3
4/17/2024 4:15,8.23
4/17/2024 4:30,8.24
4/17/2024 4:45,8.41
4/17/2024 5:00,8.34
4/17/2024 5:15,8.34
4/17/2024 5:30,8.23
4/17/2024 5:45,8.39
4/17/2024 6:39,8.51
4/17/2024 6:45,8.39
4/17/2024 6:58,8.29
4/17/2024 6:59,8.48
4/17/2024 7:00,8.32
4/17/2024 7:00,8.43
4/17/2024 7:00,8.43
4/17/2024 7:15,8.33
4/17/2024 7:30,8.47
4/17/2024 7:45,8.42
4/17/2024 8:00,8.34
4/17/2024 8:15,8.34
4/17/2024 8:30,8.28
4/17/2024 8:45,8.46
4/17/2024 9:00,8.45
4/17/2024 9:15,8.34
4/17/2024 9:30,8.36
4/17/2024 9:45,8.52
4/17/2024 10:00,8.47
4/17/2024 10:15,8.42
4/17/2024 10:30,8.37
4/17/2024 10:45,8.3
4/17/2024 11:00,8.47
4/17/2024 11:15,8.29
4/17/2024 11:30,8.51
4/17/2024 11:45,8.38
4/17/2024 12:00,8.36
4/17/2024 12:15,8.34
4/17/2024 12:30,8.45
4/17/2024 12:45,8.37
4/17/2024 13:00,8.31
4/17/2024 13:15,8.41
4/17/2024 13:30,8.38
4/17/2024 13:45,8.38
4/17/2024 14:00,8.39
4/17/2024 14:15,8.39
4/17/2024 14:30,8.46
4/17/2024 14:45,8.31
4/17/2024 15:00,8.36
4/17/2024 15:15,8.37
4/17/2024 15:30,8.36
4/17/2024 15:45,8.42
4/17/2024 16:00,8.31
4/17/2024 16:15,8.48
4/17/2024 16:45,8.38
4/17/2024 17:00,8.4
4/17/2024 17:15,8.43
4/17/2024 17:30,8.4
4/17/2024 17:45,8.52
4/17/2024 17:57,8.42
4/17/2024 17:58,8.39
4/17/2024 18:00,8.4
4/17/2024 18:28,8.3
4/17/2024 18:30,8.4
4/17/2024 19:45,8.4
4/17/2024 19:47,8.34
4/17/2024 20:00,8.32
4/17/2024 20:15,8.45
4/17/2024 20:23,8.35
4/17/2024 20:30,8.41
4/17/2024 20:45,8.37
4/18/2024 6:21,8.53
4/18/2024 6:30,8.53
4/18/2024 6:43,8.42
4/18/2024 6:43,8.49
4/18/2024 6:45,8.52
4/18/2024 7:00,8.4
4/18/2024 7:15,8.41
4/18/2024 7:30,8.38
4/18/2024 7:45,8.51
4/18/2024 8:00,8.61
4/18/2024 8:15,8.3
4/18/2024 8:22,8.46
4/18/2024 8:22,8.39
4/18/2024 8:25,7.03
4/18/2024 8:25,7.01
4/18/2024 8:26,7.02
4/18/2024 8:30,7.01
4/18/2024 8:45,7.03
4/18/2024 9:00,7.02
4/18/2024 9:15,7.03
4/18/2024 9:30,7.03
4/18/2024 9:45,7.05
4/18/2024 10:00,7.05
4/18/2024 10:15,7.05
4/18/2024 10:30,7.04
4/18/2024 10:45,7.07
4/18/2024 11:00,7.07
4/18/2024 11:15,7.05
4/18/2024 11:30,7.07
4/18/2024 11:45,7.05
4/18/2024 12:00,7.06
4/18/2024 12:15,7.07
4/18/2024 12:30,7.08
4/18/2024 12:45,7.05
4/18/2024 13:00,7.06
4/18/2024 13:15,7.06
4/18/2024 13:30,7.09
4/18/2024 13:45,7.09
4/18/2024 14:00,7.09
4/18/2024 14:15,7.09
4/18/2024 14:30,7.09
4/18/2024 14:45,7.08
4/18/2024 15:00,7.09
4/18/2024 15:15,7.09
4/18/2024 15:30,7.1
4/18/2024 15:45,7.09
4/18/2024 16:00,7.1
4/18/2024 16:15,7.1
4/18/2024 16:30,7.08
4/18/2024 16:45,7.09
4/18/2024 17:00,7.1
4/18/2024 17:15,7.07
4/18/2024 17:30,7.09
4/18/2024 17:45,7.08
4/18/2024 18:00,7.08
4/18/2024 18:15,7.06
4/18/2024 18:30,7.06
4/18/2024 18:45,7.05
4/18/2024 19:00,7.04
4/18/2024 19:15,7.04
4/18/2024 19:30,7.02
4/18/2024 19:45,7.01
4/18/2024 20:00,7.03
4/18/2024 20:15,7.04
4/18/2024 20:30,7.01
4/18/2024 20:45,7.02
4/18/2024 21:00,7.04
4/18/2024 21:15,7.01
4/18/2024 21:30,7.02
4/18/2024 21:45,7.02
4/18/2024 22:00,7.01
4/18/2024 22:15,6.999
4/18/2024 22:30,7
4/18/2024 22:45,7.01
4/18/2024 23:00,6.981
4/18/2024 23:15,7
4/18/2024 23:30,7.02
4/18/2024 23:45,7
4/19/2024 0:00,6.992
4/19/2024 0:15,6.973
4/19/2024 0:30,6.973
4/19/2024 0:45,6.984
4/19/2024 1:00,7
4/19/2024 1:15,6.967
4/19/2024 1:30,6.967
4/19/2024 1:45,6.968
4/19/2024 2:00,6.977
4/19/2024 2:15,6.988
4/19/2024 2:30,6.998
4/19/2024 2:45,6.989
4/19/2024 3:00,6.98
4/19/2024 3:15,6.99
4/19/2024 3:30,7
4/19/2024 3:45,7.01
4/19/2024 4:00,7.01
4/19/2024 4:15,6.991
4/19/2024 4:30,7.01
4/19/2024 4:45,7
4/19/2024 5:00,7
4/19/2024 5:15,7
4/19/2024 5:30,7.02
4/19/2024 5:45,7.02
4/19/2024 6:00,7.01
4/19/2024 6:15,7.04
4/19/2024 6:30,7.03
4/19/2024 6:45,7.04
4/19/2024 7:00,7.08
4/19/2024 7:15,7.06
4/19/2024 7:30,7.07
4/19/2024 7:45,7.08
4/19/2024 8:00,7.07
4/19/2024 8:15,7.08
4/19/2024 8:30,7.09
4/19/2024 8:45,7.12
4/19/2024 9:00,7.13
4/19/2024 9:15,7.14
4/19/2024 9:30,7.14
4/19/2024 9:45,7.17
4/19/2024 10:00,7.17
4/19/2024 10:15,7.16
4/19/2024 10:30,7.16
4/19/2024 10:45,7.17
4/19/2024 11:00,7.18
4/19/2024 11:15,7.18
4/19/2024 11:30,7.19
4/19/2024 11:45,7.17
4/19/2024 12:00,7.2
4/19/2024 12:15,7.19
4/19/2024 12:30,7.19
4/19/2024 12:45,7.2
4/19/2024 13:00,7.2
4/19/2024 13:15,7.2
4/19/2024 13:30,7.21
4/19/2024 13:45,7.21
4/19/2024 14:00,7.2
4/19/2024 14:15,7.21
4/19/2024 14:30,7.21
4/19/2024 14:45,7.2
4/19/2024 15:00,7.2
4/19/2024 15:15,7.2
4/19/2024 15:30,7.2
4/19/2024 15:45,7.21
4/19/2024 16:00,7.22
4/19/2024 16:15,7.22
4/19/2024 16:30,7.21
4/19/2024 16:45,7.21
4/19/2024 17:00,7.21
4/19/2024 17:15,7.21
4/19/2024 17:30,7.21
4/19/2024 17:45,7.19
4/19/2024 18:00,7.18
4/19/2024 18:15,7.18
4/19/2024 18:30,7.15
4/19/2024 18:45,7.12
4/19/2024 19:00,7.13
4/19/2024 19:15,7.14
4/19/2024 19:30,7.14
4/19/2024 19:45,7.15
4/19/2024 20:00,7.14
4/19/2024 20:15,7.13
4/19/2024 20:30,7.12
4/19/2024 20:45,7.13
4/19/2024 21:00,7.12
4/19/2024 21:15,7.13
4/19/2024 21:30,7.11
4/19/2024 21:45,7.1
4/19/2024 22:00,7.09
4/19/2024 22:15,7.12
4/19/2024 22:30,7.12
4/19/2024 22:45,7.11
4/19/2024 23:00,7.11
4/19/2024 23:15,7.11
4/19/2024 23:30,7.1
4/19/2024 23:45,7.1
4/20/2024 0:00,7.11
4/20/2024 0:15,7.11
4/20/2024 0:30,7.11
4/20/2024 0:45,7.11
4/20/2024 1:00,7.1
4/20/2024 1:15,7.11
4/20/2024 1:30,7.11
4/20/2024 1:45,7.11
4/20/2024 2:00,7.12
4/20/2024 2:15,7.09
4/20/2024 2:30,7.1
4/20/2024 2:45,7.07
4/20/2024 3:00,7.09
4/20/2024 3:15,7.09
4/20/2024 3:30,7.09
4/20/2024 3:45,7.1
4/20/2024 4:00,7.09
4/20/2024 4:15,7.09
4/20/2024 4:30,7.09
4/20/2024 4:45,7.08
4/20/2024 5:00,7.09
4/20/2024 5:15,7.1
4/20/2024 5:30,7.11
4/20/2024 5:45,7.12
4/20/2024 6:00,7.11
4/20/2024 6:15,7.1
4/20/2024 6:30,7.13
4/20/2024 6:45,7.14
4/20/2024 7:00,7.15
4/20/2024 7:15,7.17
4/20/2024 7:30,7.18
4/20/2024 7:45,7.17
4/20/2024 8:00,7.2
4/20/2024 8:15,7.2
4/20/2024 8:30,7.21
4/20/2024 8:45,7.2
4/20/2024 9:00,7.23
4/20/2024 9:15,7.23
4/20/2024 9:30,7.23
4/20/2024 9:45,7.23
4/20/2024 10:00,7.24
4/20/2024 10:15,7.27
4/20/2024 10:30,7.26
4/20/2024 10:45,7.27
4/20/2024 11:00,7.27
4/20/2024 11:15,7.3
4/20/2024 11:30,7.27
4/20/2024 11:45,7.3
4/20/2024 12:00,7.3
4/20/2024 12:15,7.3
4/20/2024 12:30,7.3
4/20/2024 12:45,7.3
4/20/2024 13:00,7.31
4/20/2024 13:15,7.31
4/20/2024 13:30,7.32
4/20/2024 13:45,7.32
4/20/2024 14:00,7.32
4/20/2024 14:15,7.3
4/20/2024 14:30,7.31
4/20/2024 14:45,7.31
4/20/2024 15:00,7.29
4/20/2024 15:15,7.3
4/20/2024 15:30,7.3
4/20/2024 15:45,7.31
4/20/2024 16:00,7.3
4/20/2024 16:15,7.31
4/20/2024 16:30,7.3
4/20/2024 16:45,7.31
4/20/2024 17:00,7.29
4/20/2024 17:15,7.28
4/20/2024 17:30,7.28
4/20/2024 17:45,7.3
4/20/2024 18:00,7.28
4/20/2024 18:15,7.27
4/20/2024 18:30,7.27
4/20/2024 18:45,7.24
4/20/2024 19:00,7.24
4/20/2024 19:15,7.26
4/20/2024 19:30,7.26
4/20/2024 19:45,7.25
4/20/2024 20:00,7.25
4/20/2024 20:15,7.25
4/20/2024 20:30,7.26
4/20/2024 20:45,7.26
4/20/2024 21:00,7.26
4/20/2024 21:15,7.26
4/20/2024 21:30,7.25
4/20/2024 21:45,7.25
4/20/2024 22:00,7.25
4/20/2024 22:15,7.24
4/20/2024 22:30,7.24
4/20/2024 22:45,7.24
4/20/2024 23:00,7.19
4/20/2024 23:15,7.22
4/20/2024 23:30,7.23
4/20/2024 23:45,7.24
4/21/2024 0:00,7.23
4/21/2024 0:15,7.23
4/21/2024 0:30,7.21
4/21/2024 0:45,7.2
4/21/2024 1:00,7.19
4/21/2024 1:15,7.18
4/21/2024 1:30,7.18
4/21/2024 1:45,7.18
4/21/2024 2:00,7.17
4/21/2024 2:15,7.19
4/21/2024 2:30,7.17
4/21/2024 2:45,7.16
4/21/2024 3:00,7.14
4/21/2024 3:15,7.15
4/21/2024 3:30,7.15
4/21/2024 3:45,7.15
4/21/2024 4:00,7.13
4/21/2024 4:15,7.14
4/21/2024 4:30,7.15
4/21/2024 4:45,7.13
4/21/2024 5:00,7.12
4/21/2024 5:10,7.12
4/21/2024 5:12,7.15
4/21/2024 5:15,7.16
4/21/2024 5:30,7.15
4/21/2024 5:45,7.16
4/21/2024 6:00,7.15
4/21/2024 6:15,7.13
4/21/2024 6:30,7.14
4/21/2024 6:45,7.15
4/21/2024 7:00,7.14
4/21/2024 7:15,7.12
4/21/2024 7:30,7.13
4/21/2024 7:45,7.13
4/21/2024 8:00,7.14
4/21/2024 8:15,7.13
4/21/2024 8:30,7.14
4/21/2024 8:45,7.15
4/21/2024 9:00,7.15
4/21/2024 9:15,7.17
4/21/2024 9:30,7.18
4/21/2024 9:45,7.18
4/21/2024 10:00,7.21
4/21/2024 10:15,7.2
4/21/2024 10:30,7.2
4/21/2024 10:45,7.19
4/21/2024 11:00,7.2
4/21/2024 11:15,7.22
4/21/2024 11:30,7.24
4/21/2024 11:45,7.23
4/21/2024 12:00,7.22
4/21/2024 12:15,7.26
4/21/2024 12:30,7.25
4/21/2024 12:45,7.24
4/21/2024 13:00,7.27
4/21/2024 13:15,7.25
4/21/2024 13:30,7.25
4/21/2024 13:45,7.27
4/21/2024 14:00,7.26
4/21/2024 14:15,7.28
4/21/2024 14:30,7.28
4/21/2024 14:45,7.27
4/21/2024 15:00,7.24
4/21/2024 15:15,7.24
4/21/2024 15:30,7.25
4/21/2024 15:45,7.28
4/21/2024 16:00,7.23
4/21/2024 16:15,7.27
4/21/2024 16:30,7.24
4/21/2024 16:45,7.26
4/21/2024 17:00,7.26
4/21/2024 17:15,7.23
4/21/2024 17:30,7.2
4/21/2024 17:45,7.2
4/21/2024 18:00,7.21
4/21/2024 18:15,7.21
4/21/2024 18:30,7.21
4/21/2024 18:45,7.23
4/21/2024 19:00,7.25
4/21/2024 19:15,7.24
4/21/2024 19:30,7.21
4/21/2024 19:45,7.21
4/21/2024 20:00,7.19
4/21/2024 20:15,7.15
4/21/2024 20:30,7.18
4/21/2024 20:45,7.2
4/21/2024 21:00,7.22
4/21/2024 21:15,7.23
4/21/2024 21:30,7.24
4/21/2024 21:45,7.24
4/21/2024 22:00,7.24
4/21/2024 22:15,7.23
4/21/2024 22:30,7.22
4/21/2024 22:45,7.22
4/21/2024 23:00,7.22
4/21/2024 23:15,7.2
4/21/2024 23:30,7.19
4/21/2024 23:45,7.18
4/22/2024 0:00,7.18
4/22/2024 0:15,7.16
4/22/2024 0:30,7.18
4/22/2024 0:45,7.18
4/22/2024 1:00,7.16
4/22/2024 1:15,7.21
4/22/2024 1:30,7.21
4/22/2024 1:45,7.2
4/22/2024 2:00,7.21
4/22/2024 2:15,7.23
4/22/2024 2:30,7.21
4/22/2024 2:45,7.24
4/22/2024 3:00,7.22
4/22/2024 3:15,7.22
4/22/2024 3:30,7.22
4/22/2024 3:45,7.19
4/22/2024 4:00,7.2
4/22/2024 4:15,7.18
4/22/2024 4:30,7.19
4/22/2024 4:45,7.17
4/22/2024 5:00,7.19
4/22/2024 5:15,7.18
4/22/2024 5:30,7.19
4/22/2024 5:45,7.2
4/22/2024 6:00,7.2
4/22/2024 6:15,7.2
4/22/2024 6:30,7.23
4/22/2024 6:45,7.24
4/22/2024 7:00,7.25
4/22/2024 7:15,7.26
4/22/2024 7:30,7.24
4/22/2024 7:45,7.24
4/22/2024 8:00,7.26
4/22/2024 8:15,7.26
4/22/2024 8:30,7.27
4/22/2024 8:45,7.25
4/22/2024 9:00,7.25
4/22/2024 9:15,7.27
4/22/2024 9:30,7.25
4/22/2024 9:45,7.26
4/22/2024 10:00,7.29
4/22/2024 10:15,7.3
4/22/2024 10:30,7.29
4/22/2024 10:45,7.29
4/22/2024 11:00,7.31
4/22/2024 11:15,7.32
4/22/2024 11:30,7.31
4/22/2024 11:45,7.32
4/22/2024 12:00,7.34
4/22/2024 12:15,7.33
4/22/2024 12:30,7.34
4/22/2024 12:45,7.35
4/22/2024 13:00,7.36
4/22/2024 13:15,7.35
4/22/2024 13:30,7.35
4/22/2024 13:45,7.36
4/22/2024 14:00,7.36
4/22/2024 14:15,7.36
4/22/2024 14:30,7.36
4/22/2024 14:45,7.37
4/22/2024 15:00,7.37
4/22/2024 15:15,7.38
4/22/2024 15:30,7.36
4/22/2024 15:45,7.37
4/22/2024 16:00,7.36
4/22/2024 16:15,7.37
4/22/2024 16:30,7.35
4/22/2024 16:45,7.35
4/22/2024 17:00,7.34
4/22/2024 17:15,7.33
4/22/2024 17:30,7.35
4/22/2024 17:45,7.35
4/22/2024 18:00,7.36
4/22/2024 18:15,7.35
4/22/2024 18:30,7.32
4/22/2024 18:45,7.3
4/22/2024 19:00,7.28
4/22/2024 19:15,7.25
4/22/2024 19:30,7.24
4/22/2024 19:45,7.22
4/22/2024 20:00,7.22
4/22/2024 20:15,7.22
4/22/2024 20:30,7.21
4/22/2024 20:45,7.2
4/22/2024 21:00,7.22
4/22/2024 21:15,7.19
4/22/2024 21:30,7.21
4/22/2024 21:45,7.2
4/22/2024 22:00,7.21
4/22/2024 22:15,7.21
4/22/2024 22:30,7.21
4/22/2024 22:45,7.21
4/22/2024 23:00,7.19
4/22/2024 23:15,7.22
4/22/2024 23:30,7.21
4/22/2024 23:45,7.19
4/23/2024 0:00,7.19
4/23/2024 0:15,7.22
4/23/2024 0:30,7.2
4/23/2024 0:45,7.2
4/23/2024 1:00,7.2
4/23/2024 1:15,7.21
4/23/2024 1:30,7.2
4/23/2024 1:45,7.21
4/23/2024 2:00,7.2
4/23/2024 2:15,7.22
4/23/2024 2:30,7.22
4/23/2024 2:45,7.2
4/23/2024 3:00,7.23
4/23/2024 3:15,7.21
4/23/2024 3:30,7.22
4/23/2024 3:45,7.21
4/23/2024 4:00,7.21
4/23/2024 4:15,7.23
4/23/2024 4:30,7.2
4/23/2024 4:45,7.18
4/23/2024 5:00,7.17
4/23/2024 5:15,7.19
4/23/2024 5:30,7.21
4/23/2024 5:45,7.25
4/23/2024 6:00,7.25
4/23/2024 6:15,7.27
4/23/2024 6:30,7.28
4/23/2024 6:45,7.28
4/23/2024 7:00,7.3
4/23/2024 7:15,7.31
4/23/2024 7:30,7.32
4/23/2024 7:45,7.33
4/23/2024 8:00,7.32
4/23/2024 8:15,7.33
4/23/2024 8:30,7.34
4/23/2024 8:45,7.35
4/23/2024 9:00,7.36
4/23/2024 9:15,7.37
4/23/2024 9:30,7.38
4/23/2024 9:45,7.39
4/23/2024 10:00,7.39
4/23/2024 10:15,7.39
4/23/2024 10:30,7.39
4/23/2024 10:45,7.41
4/23/2024 11:00,7.41
4/23/2024 11:15,7.41
4/23/2024 11:30,7.43
4/23/2024 11:45,7.43
4/23/2024 12:00,7.42
4/23/2024 12:15,7.43
4/23/2024 12:30,7.44
4/23/2024 12:45,7.43
4/23/2024 13:00,7.45
4/23/2024 13:15,7.45
4/23/2024 13:30,7.45
4/23/2024 13:45,7.44
4/23/2024 14:00,7.46
4/23/2024 14:15,7.44
4/23/2024 14:30,7.45
4/23/2024 14:45,7.45
4/23/2024 15:00,7.44
4/23/2024 15:15,7.44
4/23/2024 15:30,7.45
4/23/2024 15:45,7.45
4/23/2024 16:00,7.46
4/23/2024 16:15,7.44
4/23/2024 16:30,7.44
4/23/2024 16:45,7.44
4/23/2024 17:00,7.45
4/23/2024 17:15,7.44
4/23/2024 17:30,7.43
4/23/2024 17:45,7.42
4/23/2024 18:00,7.42
4/23/2024 18:15,7.42
4/23/2024 18:30,7.41
4/23/2024 18:45,7.39
4/23/2024 19:00,7.38
4/23/2024 19:15,7.36
4/23/2024 19:30,7.37
4/23/2024 19:45,7.36
4/23/2024 20:00,7.35
4/23/2024 20:15,7.35
4/23/2024 20:30,7.33
4/23/2024 20:45,7.33
4/23/2024 21:00,7.31
4/23/2024 21:15,7.32
4/23/2024 21:30,7.32
4/23/2024 21:45,7.31
4/23/2024 22:00,7.32
4/23/2024 22:15,7.31
4/23/2024 22:30,7.31
4/23/2024 22:45,7.31
4/23/2024 23:00,7.29
4/23/2024 23:15,7.29
4/23/2024 23:30,7.28
4/23/2024 23:45,7.3
4/24/2024 0:00,7.28
4/24/2024 0:15,7.26
4/24/2024 0:30,7.29
4/24/2024 0:45,7.27
4/24/2024 1:00,7.27
4/24/2024 1:15,7.27
4/24/2024 1:30,7.27
4/24/2024 1:45,7.27
4/24/2024 2:00,7.28
4/24/2024 2:15,7.29
4/24/2024 2:30,7.28
4/24/2024 2:45,7.29
4/24/2024 3:00,7.29
4/24/2024 3:15,7.27
4/24/2024 3:30,7.26
4/24/2024 3:45,7.28
4/24/2024 4:00,7.25
4/24/2024 4:15,7.3
4/24/2024 4:30,7.26
4/24/2024 4:45,7.27
4/24/2024 5:00,7.27
4/24/2024 5:15,7.27
4/24/2024 5:30,7.3
4/24/2024 5:45,7.31
4/24/2024 6:00,7.32
4/24/2024 6:15,7.31
4/24/2024 6:30,7.34
4/24/2024 6:45,7.37
4/24/2024 7:00,7.39
4/24/2024 7:15,7.39
4/24/2024 7:30,7.39
4/24/2024 7:45,7.39
4/24/2024 8:00,7.39
4/24/2024 8:15,7.41
4/24/2024 8:30,7.4
4/24/2024 8:45,7.42
4/24/2024 9:00,7.43
4/24/2024 9:15,7.45
4/24/2024 9:30,7.44
4/24/2024 9:45,7.46
4/24/2024 10:00,7.44
4/24/2024 10:15,7.47
4/24/2024 10:30,7.51
4/24/2024 10:45,7.49
4/24/2024 11:00,7.51
4/24/2024 11:15,7.54
4/24/2024 11:30,7.54
4/24/2024 11:45,7.52
4/24/2024 12:00,7.52
4/24/2024 12:15,7.55
4/24/2024 12:30,7.52
4/24/2024 12:45,7.5
4/24/2024 13:00,7.51
4/24/2024 13:15,7.48
4/24/2024 13:30,7.52
4/24/2024 13:45,7.51
4/24/2024 14:00,7.52
4/24/2024 14:15,7.49
4/24/2024 14:30,7.47
4/24/2024 14:45,7.5
4/24/2024 15:00,7.48
4/24/2024 15:15,7.47
4/24/2024 15:30,7.47
4/24/2024 15:45,7.46
4/24/2024 16:00,7.47
4/24/2024 16:15,7.45
4/24/2024 16:30,7.46
4/24/2024 16:45,7.47
4/24/2024 17:00,7.46
4/24/2024 17:15,7.47
4/24/2024 17:30,7.46
4/24/2024 17:45,7.47
4/24/2024 18:00,7.47
4/24/2024 18:15,7.45
4/24/2024 18:30,7.48
4/24/2024 18:45,7.46
4/24/2024 19:00,7.44
4/24/2024 19:15,7.45
4/24/2024 19:30,7.41
4/24/2024 19:45,7.41
4/24/2024 20:00,7.4
4/24/2024 20:15,7.38
4/24/2024 20:30,7.38
4/24/2024 20:45,7.36
4/24/2024 21:00,7.38
4/24/2024 21:15,7.35
4/24/2024 21:30,7.35
4/24/2024 21:45,7.36
4/24/2024 22:00,7.37
4/24/2024 22:15,7.38
4/24/2024 22:30,7.36
4/24/2024 22:45,7.38
4/24/2024 23:00,7.39
4/24/2024 23:15,7.38
4/24/2024 23:30,7.38
4/24/2024 23:45,7.39
4/25/2024 0:00,7.39
4/25/2024 0:15,7.4
4/25/2024 0:30,7.4
4/25/2024 0:45,7.4
4/25/2024 1:00,7.39
4/25/2024 1:15,7.4
4/25/2024 1:30,7.41
4/25/2024 1:45,7.39
4/25/2024 2:00,7.38
4/25/2024 2:15,7.4
4/25/2024 2:30,7.4
4/25/2024 2:45,7.4
4/25/2024 3:00,7.42
4/25/2024 3:15,7.42
4/25/2024 3:30,7.43
4/25/2024 3:45,7.41
4/25/2024 4:00,7.42
4/25/2024 4:15,7.41
4/25/2024 4:30,7.43
4/25/2024 4:45,7.43
4/25/2024 5:00,7.44
4/25/2024 5:15,7.43
4/25/2024 5:30,7.44
4/25/2024 5:45,7.45
4/25/2024 6:00,7.46
4/25/2024 6:15,7.46
4/25/2024 6:30,7.47
4/25/2024 6:45,7.46
4/25/2024 7:00,7.47
4/25/2024 7:15,7.47
4/25/2024 7:30,7.46
4/25/2024 7:45,7.48
4/25/2024 8:00,7.47
4/25/2024 8:15,7.47
4/25/2024 8:30,7.48
4/25/2024 8:45,7.5
4/25/2024 9:00,7.5
4/25/2024 9:15,7.49
4/25/2024 9:30,7.5
4/25/2024 9:45,7.5
4/25/2024 10:00,7.5
4/25/2024 10:15,7.48
4/25/2024 10:30,7.49
4/25/2024 10:45,7.51
4/25/2024 11:00,7.54
4/25/2024 11:15,7.54
4/25/2024 11:30,7.52
4/25/2024 11:45,7.54
4/25/2024 12:00,7.55
4/25/2024 12:15,7.55
4/25/2024 12:30,7.57
4/25/2024 12:45,7.56
4/25/2024 13:00,7.57
4/25/2024 13:15,7.57
4/25/2024 13:30,7.57
4/25/2024 13:45,7.58
4/25/2024 14:00,7.57
4/25/2024 14:15,7.55
4/25/2024 14:30,7.58
4/25/2024 14:45,7.56
4/25/2024 15:00,7.55
4/25/2024 15:15,7.55
4/25/2024 15:30,7.56
4/25/2024 15:45,7.55
4/25/2024 16:00,7.57
4/25/2024 16:15,7.54
4/25/2024 16:30,7.55
4/25/2024 16:45,7.56
4/25/2024 17:00,7.55
4/25/2024 17:15,7.55
4/25/2024 17:30,7.53
4/25/2024 17:45,7.51
4/25/2024 18:00,7.5
4/25/2024 18:15,7.49
4/25/2024 18:30,7.49
4/25/2024 18:45,7.51
4/25/2024 19:00,7.5
4/25/2024 19:15,7.51
4/25/2024 19:30,7.51
4/25/2024 19:45,7.5
4/25/2024 20:00,7.51
4/25/2024 20:15,7.5
4/25/2024 20:30,7.52
4/25/2024 20:45,7.51
4/25/2024 21:00,7.5
4/25/2024 21:15,7.49
4/25/2024 21:30,7.5
4/25/2024 21:45,7.48
4/25/2024 22:00,7.47
4/25/2024 22:15,7.46
4/25/2024 22:30,7.45
4/25/2024 22:45,7.46
4/25/2024 23:00,7.47
4/25/2024 23:15,7.48
4/25/2024 23:30,7.48
4/25/2024 23:45,7.5
4/26/2024 0:00,7.48
4/26/2024 0:15,7.48
4/26/2024 0:30,7.49
4/26/2024 0:45,7.49
4/26/2024 1:00,7.5
4/26/2024 1:15,7.49
4/26/2024 1:30,7.49
4/26/2024 1:45,7.5
4/26/2024 2:00,7.5
4/26/2024 2:15,7.52
4/26/2024 2:30,7.51
4/26/2024 2:45,7.52
4/26/2024 3:00,7.51
4/26/2024 3:15,7.51
4/26/2024 3:30,7.52
4/26/2024 3:45,7.52
4/26/2024 4:00,7.5
4/26/2024 4:15,7.51
4/26/2024 4:30,7.52
4/26/2024 4:45,7.52
4/26/2024 5:00,7.51
4/26/2024 5:15,7.52
4/26/2024 5:30,7.5
4/26/2024 5:45,7.53
4/26/2024 6:00,7.52
4/26/2024 6:15,7.52
4/26/2024 6:30,7.53
4/26/2024 6:45,7.52
4/26/2024 7:00,7.52
4/26/2024 7:15,7.55
4/26/2024 7:30,7.54
4/26/2024 7:45,7.56
4/26/2024 8:00,7.55
4/26/2024 8:15,7.56
4/26/2024 8:30,7.55
4/26/2024 8:45,7.56
4/26/2024 9:00,7.56
4/26/2024 9:15,7.57
4/26/2024 9:30,7.57
4/26/2024 9:45,7.56
4/26/2024 10:00,7.58
4/26/2024 10:15,7.57
4/26/2024 10:30,7.57
4/26/2024 10:45,7.57
4/26/2024 11:00,7.58
4/26/2024 11:15,7.58
4/26/2024 11:30,7.59
4/26/2024 11:45,7.59
4/26/2024 12:00,7.62
4/26/2024 12:15,7.61
4/26/2024 12:30,7.59
4/26/2024 12:45,7.58
4/26/2024 13:00,7.57
4/26/2024 13:15,7.57
4/26/2024 13:30,7.56
4/26/2024 13:45,7.59
4/26/2024 14:00,7.6
4/26/2024 14:15,7.59
4/26/2024 14:30,7.64
4/26/2024 14:45,7.6
4/26/2024 15:00,7.59
4/26/2024 15:15,7.62
4/26/2024 15:30,7.62
4/26/2024 15:45,7.62
4/26/2024 16:00,7.61
4/26/2024 16:15,7.64
4/26/2024 16:30,7.64
4/26/2024 16:45,7.64
4/26/2024 17:00,7.63
4/26/2024 17:15,7.62
4/26/2024 17:30,7.64
4/26/2024 17:45,7.62
4/26/2024 18:00,7.61
4/26/2024 18:15,7.61
4/26/2024 18:30,7.6
4/26/2024 18:45,7.58
4/26/2024 19:00,7.57
4/26/2024 19:15,7.56
4/26/2024 19:30,7.55
4/26/2024 19:45,7.54
4/26/2024 20:00,7.53
4/26/2024 20:15,7.54
4/26/2024 20:30,7.54
4/26/2024 20:45,7.52
4/26/2024 21:00,7.53
4/26/2024 21:15,7.5
4/26/2024 21:30,7.48
4/26/2024 21:45,7.49
4/26/2024 22:00,7.5
4/26/2024 22:15,7.51
4/26/2024 22:30,7.5
4/26/2024 22:45,7.48
4/26/2024 23:00,7.49
4/26/2024 23:15,7.49
4/26/2024 23:30,7.48
4/26/2024 23:45,7.5
4/27/2024 0:00,7.5
4/27/2024 0:15,7.48
4/27/2024 0:30,7.49
4/27/2024 0:45,7.5
4/27/2024 1:00,7.49
4/27/2024 1:15,7.53
4/27/2024 1:30,7.54
4/27/2024 1:45,7.54
4/27/2024 2:00,7.56
4/27/2024 2:15,7.55
4/27/2024 2:30,7.56
4/27/2024 2:45,7.55
4/27/2024 3:00,7.56
4/27/2024 3:15,7.54
4/27/2024 3:30,7.56
4/27/2024 3:45,7.57
4/27/2024 4:00,7.56
4/27/2024 4:15,7.55
4/27/2024 4:30,7.55
4/27/2024 4:45,7.55
4/27/2024 5:00,7.54
4/27/2024 5:15,7.55
4/27/2024 5:30,7.55
4/27/2024 5:45,7.56
4/27/2024 6:00,7.55
4/27/2024 6:15,7.56
4/27/2024 6:30,7.56
4/27/2024 6:45,7.56
4/27/2024 7:00,7.55
4/27/2024 7:15,7.56
4/27/2024 7:30,7.56
4/27/2024 7:45,7.59
4/27/2024 8:00,7.59
4/27/2024 8:15,7.59
4/27/2024 8:30,7.6
4/27/2024 8:45,7.61
4/27/2024 9:00,7.62
4/27/2024 9:15,7.63
4/27/2024 9:30,7.63
4/27/2024 9:45,7.64
4/27/2024 10:00,7.63
4/27/2024 10:15,7.64
4/27/2024 10:30,7.62
4/27/2024 10:45,7.63
4/27/2024 11:00,7.64
4/27/2024 11:15,7.66
4/27/2024 11:30,7.68
4/27/2024 11:45,7.67
4/27/2024 12:00,7.65
4/27/2024 12:15,7.61
4/27/2024 12:30,7.63
4/27/2024 12:45,7.62
4/27/2024 13:00,7.63
4/27/2024 13:15,7.62
4/27/2024 13:30,7.64
4/27/2024 13:45,7.63
4/27/2024 14:00,7.63
4/27/2024 14:15,7.64
4/27/2024 14:30,7.62
4/27/2024 14:45,7.63
4/27/2024 15:00,7.64
4/27/2024 15:15,7.62
4/27/2024 15:30,7.6
4/27/2024 15:45,7.62
4/27/2024 16:00,7.62
4/27/2024 16:15,7.63
4/27/2024 16:30,7.63
4/27/2024 16:45,7.65
4/27/2024 17:00,7.6
4/27/2024 17:15,7.61
4/27/2024 17:30,7.58
4/27/2024 17:45,7.57
4/27/2024 18:00,7.56
4/27/2024 18:15,7.57
4/27/2024 18:30,7.59
4/27/2024 18:45,7.57
4/27/2024 19:00,7.58
4/27/2024 19:15,7.57
4/27/2024 19:30,7.58
4/27/2024 19:45,7.59
4/27/2024 20:00,7.6
4/27/2024 20:15,7.59
4/27/2024 20:30,7.58
4/27/2024 20:45,7.59
4/27/2024 21:00,7.58
4/27/2024 21:15,7.58
4/27/2024 21:30,7.6
4/27/2024 21:45,7.61
4/27/2024 22:00,7.59
4/27/2024 22:15,7.6
4/27/2024 22:30,7.61
4/27/2024 22:45,7.6
4/27/2024 23:00,7.6
4/27/2024 23:15,7.59
4/27/2024 23:30,7.59
4/27/2024 23:45,7.59
4/28/2024 0:00,7.58
4/28/2024 0:15,7.6
4/28/2024 0:30,7.6
4/28/2024 0:45,7.6
4/28/2024 1:00,7.59
4/28/2024 1:15,7.6
4/28/2024 1:30,7.6
4/28/2024 1:45,7.61
4/28/2024 2:00,7.6
4/28/2024 2:15,7.6
4/28/2024 2:30,7.62
4/28/2024 2:45,7.61
4/28/2024 3:00,7.61
4/28/2024 3:15,7.61
4/28/2024 3:30,7.61
4/28/2024 3:45,7.62
4/28/2024 4:00,7.61
4/28/2024 4:15,7.6
4/28/2024 4:30,7.61
4/28/2024 4:45,7.62
4/28/2024 5:00,7.62
4/28/2024 5:15,7.61
4/28/2024 5:20,7.61
4/28/2024 5:30,7.61
4/28/2024 5:45,7.61
4/28/2024 6:00,7.63
4/28/2024 6:15,7.64
4/28/2024 6:30,7.65
4/28/2024 6:45,7.64
4/28/2024 7:00,7.64
4/28/2024 7:15,7.64
4/28/2024 7:30,7.66
4/28/2024 7:45,7.67
4/28/2024 8:00,7.66
4/28/2024 8:15,7.66
4/28/2024 8:30,7.64
4/28/2024 8:45,7.65
4/28/2024 9:00,7.66
4/28/2024 9:15,7.67
4/28/2024 9:30,7.66
4/28/2024 9:45,7.67
4/28/2024 10:00,7.68
4/28/2024 10:15,7.69
4/28/2024 10:30,7.71
4/28/2024 10:45,7.7
4/28/2024 11:00,7.69
4/28/2024 11:15,7.69
4/28/2024 11:30,7.68
4/28/2024 11:45,7.68
4/28/2024 12:00,7.72
4/28/2024 12:15,7.69
4/28/2024 12:30,7.7
4/28/2024 12:45,7.69
4/28/2024 13:00,7.71
4/28/2024 13:15,7.74
4/28/2024 13:30,7.75
4/28/2024 13:45,7.74
4/28/2024 14:00,7.73
4/28/2024 14:15,7.73
4/28/2024 14:30,7.75
4/28/2024 14:45,7.73
4/28/2024 15:00,7.71
4/28/2024 15:15,7.72
4/28/2024 15:30,7.71
4/28/2024 15:45,7.71
4/28/2024 16:00,7.7
4/28/2024 16:15,7.71
4/28/2024 16:30,7.7
4/28/2024 16:45,7.7
4/28/2024 17:00,7.71
4/28/2024 17:15,7.7
4/28/2024 17:30,7.7
4/28/2024 17:45,7.69
4/28/2024 18:00,7.68
4/28/2024 18:15,7.67
4/28/2024 18:30,7.64
4/28/2024 18:45,7.65
4/28/2024 19:00,7.64
4/28/2024 19:15,7.64
4/28/2024 19:30,7.65
4/28/2024 19:45,7.66
4/28/2024 20:00,7.65
4/28/2024 20:15,7.66
4/28/2024 20:30,7.65
4/28/2024 20:45,7.66
4/28/2024 21:00,7.64
4/28/2024 21:15,7.64
4/28/2024 21:30,7.64
4/28/2024 21:45,7.62
4/28/2024 22:00,7.62
4/28/2024 22:15,7.63
4/28/2024 22:30,7.63
4/28/2024 22:45,7.6
4/28/2024 23:00,7.59
4/28/2024 23:15,7.63
4/28/2024 23:30,7.63
4/28/2024 23:45,7.63
4/29/2024 0:00,7.64
4/29/2024 0:15,7.63
4/29/2024 0:30,7.65
4/29/2024 0:45,7.66
4/29/2024 1:00,7.64
4/29/2024 1:15,7.66
4/29/2024 1:30,7.65
4/29/2024 1:45,7.61
4/29/2024 2:00,7.6
4/29/2024 2:15,7.6
4/29/2024 2:30,7.6
4/29/2024 2:45,7.59
4/29/2024 3:00,7.61
4/29/2024 3:15,7.64
4/29/2024 3:30,7.62
4/29/2024 3:45,7.61
4/29/2024 4:00,7.61
4/29/2024 4:15,7.62
4/29/2024 4:30,7.59
4/29/2024 4:45,7.62
4/29/2024 5:00,7.61
4/29/2024 5:15,7.59
4/29/2024 5:30,7.61
4/29/2024 5:45,7.62
4/29/2024 6:00,7.62
4/29/2024 6:15,7.61
4/29/2024 6:30,7.61
4/29/2024 6:45,7.6
4/29/2024 7:00,7.61
4/29/2024 7:15,7.62
4/29/2024 7:30,7.65
4/29/2024 7:45,7.67
4/29/2024 8:00,7.64
4/29/2024 8:15,7.6
4/29/2024 8:30,7.62
4/29/2024 8:45,7.62
4/29/2024 9:00,7.63
4/29/2024 9:15,7.65
4/29/2024 9:30,7.68
4/29/2024 9:45,7.66
4/29/2024 10:00,7.64
4/29/2024 10:15,7.67
4/29/2024 10:30,7.63
4/29/2024 10:45,7.64
4/29/2024 11:00,7.59
4/29/2024 11:15,7.6
4/29/2024 11:30,7.61
4/29/2024 11:45,7.63
4/29/2024 12:00,7.7
4/29/2024 12:15,7.68
4/29/2024 12:30,7.71
4/29/2024 12:45,7.71
4/29/2024 13:00,7.71
4/29/2024 13:15,7.7
4/29/2024 13:30,7.66
4/29/2024 13:45,7.65
4/29/2024 14:00,7.68
4/29/2024 14:15,7.7
4/29/2024 14:30,7.66
4/29/2024 14:45,7.64
4/29/2024 15:00,7.65
4/29/2024 15:15,7.65
4/29/2024 15:30,7.69
4/29/2024 15:45,7.63
4/29/2024 16:00,7.61
4/29/2024 16:15,7.62
4/29/2024 16:30,7.69
4/29/2024 16:45,7.69
4/29/2024 17:00,7.7
4/29/2024 17:15,7.67
4/29/2024 17:30,7.65
4/29/2024 17:45,7.68
4/29/2024 18:00,7.69
4/29/2024 18:15,7.69
4/29/2024 18:30,7.67
4/29/2024 18:45,7.67
4/29/2024 19:00,7.66
4/29/2024 19:15,7.68
4/29/2024 19:30,7.67
4/29/2024 19:45,7.69
4/29/2024 20:00,7.69
4/29/2024 20:15,7.67
4/29/2024 20:30,7.64
4/29/2024 20:45,7.65
4/29/2024 21:00,7.65
4/29/2024 21:15,7.65
4/29/2024 21:30,7.64
4/29/2024 21:45,7.64
4/29/2024 22:00,7.64
4/29/2024 22:15,7.63
4/29/2024 22:30,7.65
4/29/2024 22:45,7.62
4/29/2024 23:00,7.63
4/29/2024 23:15,7.63
4/29/2024 23:30,7.62
4/29/2024 23:45,7.66
4/30/2024 0:00,7.63
4/30/2024 0:15,7.64
4/30/2024 0:30,7.64
4/30/2024 0:45,7.61
4/30/2024 1:00,7.63
4/30/2024 1:15,7.61
4/30/2024 1:30,7.62
4/30/2024 1:45,7.63
4/30/2024 2:00,7.62
4/30/2024 2:15,7.64
4/30/2024 2:30,7.64
4/30/2024 2:45,7.64
4/30/2024 3:00,7.64
4/30/2024 3:15,7.64
4/30/2024 3:30,7.63
4/30/2024 3:45,7.65
4/30/2024 4:00,7.64
4/30/2024 4:15,7.65
4/30/2024 4:30,7.67
4/30/2024 4:45,7.66
4/30/2024 5:00,7.68
4/30/2024 5:15,7.67
4/30/2024 5:30,7.67
4/30/2024 5:45,7.67
4/30/2024 6:00,7.68
4/30/2024 6:15,7.69
4/30/2024 6:30,7.69
4/30/2024 6:45,7.66
4/30/2024 7:00,7.67
4/30/2024 7:15,7.69
4/30/2024 7:30,7.69
4/30/2024 7:45,7.72
4/30/2024 8:00,7.71
4/30/2024 8:15,7.7
4/30/2024 8:30,7.69
4/30/2024 8:45,7.69
4/30/2024 9:00,7.64
4/30/2024 9:15,7.66
4/30/2024 9:30,7.64
4/30/2024 9:45,7.65
4/30/2024 10:00,7.68
4/30/2024 10:15,7.69
4/30/2024 10:30,7.69
4/30/2024 10:45,7.71
4/30/2024 11:00,7.73
4/30/2024 11:15,7.77
4/30/2024 11:30,7.67
4/30/2024 11:45,7.7
4/30/2024 12:00,7.72
4/30/2024 12:15,7.71
4/30/2024 12:30,7.75
4/30/2024 12:45,7.74
4/30/2024 13:00,7.7
4/30/2024 13:15,7.72
4/30/2024 13:30,7.7
4/30/2024 13:45,7.7
4/30/2024 14:00,7.77
4/30/2024 14:15,7.71
4/30/2024 14:30,7.73
4/30/2024 14:45,7.78
4/30/2024 15:00,7.82
4/30/2024 15:15,7.8
4/30/2024 15:30,7.82
4/30/2024 15:45,7.81
4/30/2024 16:00,7.79
4/30/2024 16:15,7.78
4/30/2024 16:30,7.8
4/30/2024 16:45,7.79
4/30/2024 17:00,7.79
4/30/2024 17:15,7.76
4/30/2024 17:30,7.77
4/30/2024 17:45,7.77
4/30/2024 18:00,7.76
4/30/2024 18:15,7.76
4/30/2024 18:30,7.75
4/30/2024 18:45,7.73
4/30/2024 19:00,7.71
4/30/2024 19:15,7.69
4/30/2024 19:30,7.68
4/30/2024 19:45,7.66
4/30/2024 20:00,7.69
4/30/2024 20:15,7.7
4/30/2024 20:30,7.73
4/30/2024 20:45,7.72
4/30/2024 21:00,7.72
4/30/2024 21:15,7.71
4/30/2024 21:30,7.72
4/30/2024 21:45,7.73
4/30/2024 22:00,7.73
4/30/2024 22:15,7.73
4/30/2024 22:30,7.73
4/30/2024 22:45,7.73
4/30/2024 23:00,7.71
4/30/2024 23:15,7.7
4/30/2024 23:30,7.7
4/30/2024 23:45,7.7
5/1/2024 0:00,7.67
5/1/2024 0:15,7.66
5/1/2024 0:30,7.65
5/1/2024 0:45,7.65
5/1/2024 1:00,7.65
5/1/2024 1:15,7.67
5/1/2024 1:30,7.65
5/1/2024 1:45,7.64
5/1/2024 2:00,7.65
5/1/2024 2:15,7.68
5/1/2024 2:30,7.66
5/1/2024 2:45,7.66
5/1/2024 3:00,7.66
5/1/2024 3:15,7.68
5/1/2024 3:30,7.69
5/1/2024 3:45,7.69
5/1/2024 4:00,7.69
5/1/2024 4:15,7.69
5/1/2024 4:30,7.67
5/1/2024 4:45,7.63
5/1/2024 5:00,7.65
5/1/2024 5:15,7.67
5/1/2024 5:30,7.69
5/1/2024 5:45,7.71
5/1/2024 6:00,7.7
5/1/2024 6:15,7.7
5/1/2024 6:30,7.7
5/1/2024 6:45,7.69
5/1/2024 7:00,7.68
5/1/2024 7:15,7.69
5/1/2024 7:30,7.65
5/1/2024 7:45,7.66
5/1/2024 8:00,7.66
5/1/2024 8:15,7.64
5/1/2024 8:30,7.69
5/1/2024 8:45,7.7
5/1/2024 9:00,7.69
5/1/2024 9:15,7.69
5/1/2024 9:30,7.71
5/1/2024 9:45,7.74
5/1/2024 10:00,7.72
5/1/2024 10:15,7.75
5/1/2024 10:30,7.77
5/1/2024 10:45,7.73
5/1/2024 11:00,7.78
5/1/2024 11:15,7.8
5/1/2024 11:30,7.78
5/1/2024 11:45,7.75
5/1/2024 12:00,7.79
5/1/2024 12:15,7.79
5/1/2024 12:30,7.79
5/1/2024 12:45,7.79
5/1/2024 13:00,7.81
5/1/2024 13:15,7.76
5/1/2024 13:30,7.82
5/1/2024 13:45,7.81
5/1/2024 14:00,7.79
5/1/2024 14:15,7.82
5/1/2024 14:30,7.82
5/1/2024 14:45,7.81
5/1/2024 15:00,7.82
5/1/2024 15:15,7.82
5/1/2024 15:30,7.83
5/1/2024 15:45,7.8
5/1/2024 16:00,7.8
5/1/2024 16:15,7.8
5/1/2024 16:30,7.79
5/1/2024 16:45,7.79
5/1/2024 17:00,7.76
5/1/2024 17:15,7.76
5/1/2024 17:30,7.75
5/1/2024 17:45,7.78
5/1/2024 18:00,7.78
5/1/2024 18:15,7.76
5/1/2024 18:30,7.78
5/1/2024 18:45,7.78
5/1/2024 19:00,7.77
5/1/2024 19:15,7.75
5/1/2024 19:30,7.71
5/1/2024 19:45,7.69
5/1/2024 20:00,7.68
5/1/2024 20:15,7.68
5/1/2024 20:30,7.66
5/1/2024 20:45,7.66
5/1/2024 21:00,7.67
5/1/2024 21:15,7.68
5/1/2024 21:30,7.69
5/1/2024 21:45,7.67
5/1/2024 22:00,7.67
5/1/2024 22:15,7.68
5/1/2024 22:30,7.67
5/1/2024 22:45,7.69
5/1/2024 23:00,7.69
5/1/2024 23:15,7.66
5/1/2024 23:30,7.66
5/1/2024 23:45,7.66
5/2/2024 0:00,7.66
5/2/2024 0:15,7.65
5/2/2024 0:30,7.66
5/2/2024 0:45,7.67
5/2/2024 1:00,7.66
5/2/2024 1:15,7.66
5/2/2024 1:30,7.65
5/2/2024 1:45,7.66
5/2/2024 2:00,7.66
5/2/2024 2:15,7.65
5/2/2024 2:30,7.65
5/2/2024 2:45,7.66
5/2/2024 3:00,7.67
5/2/2024 3:15,7.67
5/2/2024 3:30,7.65
5/2/2024 3:45,7.67
5/2/2024 4:00,7.66
5/2/2024 4:15,7.67
5/2/2024 4:30,7.66
5/2/2024 4:45,7.67
5/2/2024 5:00,7.67
5/2/2024 5:15,7.69
5/2/2024 5:30,7.69
5/2/2024 5:45,7.71
5/2/2024 6:00,7.72
5/2/2024 6:15,7.74
5/2/2024 6:30,7.76
5/2/2024 6:45,7.76
5/2/2024 7:00,7.77
5/2/2024 7:15,7.79
5/2/2024 7:30,7.8
5/2/2024 7:45,7.81
5/2/2024 8:00,7.81
5/2/2024 8:15,7.82
5/2/2024 8:30,7.83
5/2/2024 8:45,7.83
5/2/2024 9:00,7.84
5/2/2024 9:15,7.85
5/2/2024 9:30,7.85
5/2/2024 9:45,7.85
5/2/2024 10:00,7.86
5/2/2024 10:15,7.88
5/2/2024 10:30,7.88
5/2/2024 10:45,7.88
5/2/2024 11:00,7.88
5/2/2024 11:15,7.9
5/2/2024 11:30,7.89
5/2/2024 11:45,7.89
5/2/2024 12:00,7.9
5/2/2024 12:15,7.92
5/2/2024 12:30,7.92
5/2/2024 12:45,7.93
5/2/2024 13:00,7.91
5/2/2024 13:15,7.92
5/2/2024 13:30,7.92
5/2/2024 13:45,7.93
5/2/2024 14:00,7.94
5/2/2024 14:15,7.93
5/2/2024 14:30,7.9
5/2/2024 14:45,7.9
5/2/2024 15:00,7.9
5/2/2024 15:15,7.88
5/2/2024 15:30,7.92
5/2/2024 15:45,7.92
5/2/2024 16:00,7.91
5/2/2024 16:15,7.89
5/2/2024 16:30,7.88
5/2/2024 16:45,7.88
5/2/2024 17:00,7.87
5/2/2024 17:15,7.87
5/2/2024 17:30,7.89
5/2/2024 17:45,7.88
5/2/2024 18:00,7.87
5/2/2024 18:15,7.88
5/2/2024 18:30,7.86
5/2/2024 18:45,7.85
5/2/2024 19:00,7.84
5/2/2024 19:15,7.8
5/2/2024 19:30,7.8
5/2/2024 19:45,7.78
5/2/2024 20:00,7.74
5/2/2024 20:15,7.72
5/2/2024 20:30,7.74
5/2/2024 20:45,7.74
5/2/2024 21:00,7.77
5/2/2024 21:15,7.74
5/2/2024 21:30,7.7
5/2/2024 21:45,7.7
5/2/2024 22:00,7.72
5/2/2024 22:15,7.74
5/2/2024 22:30,7.69
5/2/2024 22:45,7.67
5/2/2024 23:00,7.65
5/2/2024 23:15,7.65
5/2/2024 23:30,7.65
5/2/2024 23:45,7.65
5/3/2024 0:00,7.67
5/3/2024 0:15,7.66
5/3/2024 0:30,7.64
5/3/2024 0:45,7.64
5/3/2024 1:00,7.66
5/3/2024 1:15,7.67
5/3/2024 1:30,7.65
5/3/2024 1:45,7.66
5/3/2024 2:00,7.65
5/3/2024 2:15,7.64
5/3/2024 2:30,7.64
5/3/2024 2:45,7.64
5/3/2024 3:00,7.64
5/3/2024 3:15,7.64
5/3/2024 3:30,7.64
5/3/2024 3:45,7.69
5/3/2024 4:00,7.69
5/3/2024 4:15,7.69
5/3/2024 4:30,7.68
5/3/2024 4:45,7.65
5/3/2024 5:00,7.66
5/3/2024 5:15,7.68
5/3/2024 5:30,7.67
5/3/2024 5:45,7.7
5/3/2024 6:00,7.71
5/3/2024 6:15,7.72
5/3/2024 6:30,7.75
5/3/2024 6:45,7.76
5/3/2024 7:00,7.77
5/3/2024 7:15,7.78
5/3/2024 7:30,7.78
5/3/2024 7:45,7.78
5/3/2024 8:00,7.8
5/3/2024 8:15,7.81
5/3/2024 8:30,7.82
5/3/2024 8:45,7.81
5/3/2024 9:00,7.83
5/3/2024 9:15,7.83
5/3/2024 9:30,7.86
5/3/2024 9:45,7.85
5/3/2024 10:00,7.87
5/3/2024 10:15,7.87
5/3/2024 10:30,7.89
5/3/2024 10:45,7.9
5/3/2024 11:00,7.88
5/3/2024 11:15,7.89
5/3/2024 11:30,7.9
5/3/2024 11:45,7.92
5/3/2024 12:00,7.91
5/3/2024 12:15,7.91
5/3/2024 12:30,7.92
5/3/2024 12:45,7.93
5/3/2024 13:00,7.92
5/3/2024 13:15,7.94
5/3/2024 13:30,7.94
5/3/2024 13:45,7.92
5/3/2024 14:00,7.92
5/3/2024 14:15,7.93
5/3/2024 14:30,7.93
5/3/2024 14:45,7.92
5/3/2024 15:00,7.93
5/3/2024 15:15,7.92
5/3/2024 15:30,7.94
5/3/2024 15:45,7.92
5/3/2024 16:00,7.93
5/3/2024 16:15,7.92
5/3/2024 16:30,7.92
5/3/2024 16:45,7.9
5/3/2024 17:00,7.89
5/3/2024 17:15,7.88
5/3/2024 17:30,7.89
5/3/2024 17:45,7.89
5/3/2024 18:00,7.89
5/3/2024 18:15,7.86
5/3/2024 18:30,7.84
5/3/2024 18:45,7.82
5/3/2024 19:00,7.79
5/3/2024 19:15,7.8
5/3/2024 19:30,7.78
5/3/2024 19:45,7.77
5/3/2024 20:00,7.76
5/3/2024 20:15,7.76
5/3/2024 20:30,7.77
5/3/2024 20:45,7.75
5/3/2024 21:00,7.76
5/3/2024 21:15,7.76
5/3/2024 21:30,7.76
5/3/2024 21:45,7.77
5/3/2024 22:00,7.77
5/3/2024 22:15,7.78
5/3/2024 22:30,7.78
5/3/2024 22:45,7.78
5/3/2024 23:00,7.79
5/3/2024 23:15,7.79
5/3/2024 23:30,7.78
5/3/2024 23:45,7.78
5/4/2024 0:00,7.78
5/4/2024 0:15,7.77
5/4/2024 0:30,7.77
5/4/2024 0:45,7.78
5/4/2024 1:00,7.77
5/4/2024 1:15,7.77
5/4/2024 1:30,7.77
5/4/2024 1:45,7.79
5/4/2024 2:00,7.78
5/4/2024 2:15,7.8
5/4/2024 2:30,7.78
5/4/2024 2:45,7.78
5/4/2024 3:00,7.79
5/4/2024 3:15,7.8
5/4/2024 3:30,7.78
5/4/2024 3:45,7.78
5/4/2024 4:00,7.79
5/4/2024 4:15,7.77
5/4/2024 4:30,7.77
5/4/2024 4:45,7.77
5/4/2024 5:00,7.77
5/4/2024 5:15,7.77
5/4/2024 5:30,7.78
5/4/2024 5:45,7.79
5/4/2024 6:00,7.81
5/4/2024 6:15,7.8
5/4/2024 6:30,7.82
5/4/2024 6:45,7.82
5/4/2024 7:00,7.81
5/4/2024 7:15,7.83
5/4/2024 7:30,7.84
5/4/2024 7:45,7.83
5/4/2024 8:00,7.82
5/4/2024 8:15,7.85
5/4/2024 8:30,7.85
5/4/2024 8:45,7.84
5/4/2024 9:00,7.84
5/4/2024 9:15,7.83
5/4/2024 9:30,7.85
5/4/2024 9:45,7.85
5/4/2024 10:00,7.86
5/4/2024 10:15,7.88
5/4/2024 10:30,7.88
5/4/2024 10:45,7.89
5/4/2024 11:00,7.89
5/4/2024 11:15,7.89
5/4/2024 11:30,7.89
5/4/2024 11:45,7.88
5/4/2024 12:00,7.87
5/4/2024 12:15,7.89
5/4/2024 12:30,7.89
5/4/2024 12:45,7.91
5/4/2024 13:00,7.87
5/4/2024 13:15,7.88
5/4/2024 13:30,7.89
5/4/2024 13:45,7.88
5/4/2024 14:00,7.88
5/4/2024 14:15,7.88
5/4/2024 14:30,7.88
5/4/2024 14:45,7.9
5/4/2024 15:00,7.88
5/4/2024 15:15,7.89
5/4/2024 15:30,7.88
5/4/2024 15:45,7.89
5/4/2024 16:00,7.88
5/4/2024 16:15,7.9
5/4/2024 16:30,7.9
5/4/2024 16:45,7.87
5/4/2024 17:00,7.9
5/4/2024 17:15,7.89
5/4/2024 17:30,7.88
5/4/2024 17:45,7.87
5/4/2024 18:00,7.9
5/4/2024 18:15,7.88
5/4/2024 18:30,7.87
5/4/2024 18:45,7.89
5/4/2024 19:00,7.87
5/4/2024 19:15,7.88
5/4/2024 19:30,7.88
5/4/2024 19:45,7.86
5/4/2024 20:00,7.87
5/4/2024 20:15,7.85
5/4/2024 20:30,7.85
5/4/2024 20:45,7.85
5/4/2024 21:00,7.85
5/4/2024 21:15,7.84
5/4/2024 21:30,7.82
5/4/2024 21:45,7.83
5/4/2024 22:00,7.85
5/4/2024 22:15,7.83
5/4/2024 22:30,7.84
5/4/2024 22:45,7.84
5/4/2024 23:00,7.84
5/4/2024 23:15,7.84
5/4/2024 23:30,7.86
5/4/2024 23:45,7.85
5/5/2024 0:00,7.86
5/5/2024 0:15,7.84
5/5/2024 0:30,7.84
5/5/2024 0:45,7.82
5/5/2024 1:00,7.82
5/5/2024 1:15,7.81
5/5/2024 1:30,7.79
5/5/2024 1:45,7.8
5/5/2024 2:00,7.8
5/5/2024 2:15,7.8
5/5/2024 2:30,7.8
5/5/2024 2:45,7.8
5/5/2024 3:00,7.78
5/5/2024 3:15,7.78
5/5/2024 3:30,7.8
5/5/2024 3:45,7.78
5/5/2024 4:00,7.78
5/5/2024 4:15,7.78
5/5/2024 4:30,7.78
5/5/2024 4:45,7.78
5/5/2024 5:00,7.77
5/5/2024 5:15,7.76
5/5/2024 5:30,7.79
5/5/2024 5:30,7.79
5/5/2024 5:45,7.77
5/5/2024 6:00,7.78
5/5/2024 6:15,7.79
5/5/2024 6:30,7.79
5/5/2024 6:45,7.79
5/5/2024 7:00,7.8
5/5/2024 7:15,7.79
5/5/2024 7:30,7.79
5/5/2024 7:45,7.79
5/5/2024 8:00,7.79
5/5/2024 8:15,7.81
5/5/2024 8:30,7.8
5/5/2024 8:45,7.82
5/5/2024 9:00,7.81
5/5/2024 9:15,7.81
5/5/2024 9:30,7.82
5/5/2024 9:45,7.81
5/5/2024 10:00,7.81
5/5/2024 10:15,7.8
5/5/2024 10:30,7.82
5/5/2024 10:45,7.82
5/5/2024 11:00,7.83
5/5/2024 11:15,7.82
5/5/2024 11:30,7.82
5/5/2024 11:45,7.82
5/5/2024 12:00,7.84
5/5/2024 12:15,7.8
5/5/2024 12:30,7.79
5/5/2024 12:45,7.79
5/5/2024 13:00,7.78
5/5/2024 13:15,7.78
5/5/2024 13:30,7.77
5/5/2024 13:45,7.75
5/5/2024 14:00,7.77
5/5/2024 14:15,7.8
5/5/2024 14:30,7.78
5/5/2024 14:45,7.78
5/5/2024 15:00,7.8
5/5/2024 15:15,7.81
5/5/2024 15:30,7.81
5/5/2024 15:45,7.81
5/5/2024 16:00,7.82
5/5/2024 16:15,7.81
5/5/2024 16:30,7.83
5/5/2024 16:45,7.81
5/5/2024 17:00,7.82
5/5/2024 17:15,7.82
5/5/2024 17:30,7.8
5/5/2024 17:45,7.82
5/5/2024 18:00,7.81
5/5/2024 18:15,7.82
5/5/2024 18:30,7.81
5/5/2024 18:45,7.81
5/5/2024 19:00,7.81
5/5/2024 19:15,7.81
5/5/2024 19:30,7.82
5/5/2024 19:45,7.81
5/5/2024 20:00,7.81
5/5/2024 20:15,7.82
5/5/2024 20:30,7.82
5/5/2024 20:45,7.81
5/5/2024 21:00,7.8
5/5/2024 21:15,7.81
5/5/2024 21:30,7.82
5/5/2024 21:45,7.81
5/5/2024 22:00,7.81
5/5/2024 22:15,7.8
5/5/2024 22:30,7.8
5/5/2024 22:45,7.79
5/5/2024 23:00,7.79
5/5/2024 23:15,7.82
5/5/2024 23:30,7.81
5/5/2024 23:45,7.8
5/6/2024 0:00,7.8
5/6/2024 0:15,7.79
5/6/2024 0:30,7.79
5/6/2024 0:45,7.78
5/6/2024 1:00,7.8
5/6/2024 1:15,7.78
5/6/2024 1:30,7.8
5/6/2024 1:45,7.79
5/6/2024 2:00,7.79
5/6/2024 2:15,7.8
5/6/2024 2:30,7.77
5/6/2024 2:45,7.77
5/6/2024 3:00,7.77
5/6/2024 3:15,7.77
5/6/2024 3:30,7.77
5/6/2024 3:45,7.78
5/6/2024 4:00,7.77
5/6/2024 4:15,7.75
5/6/2024 4:30,7.76
5/6/2024 4:45,7.76
5/6/2024 5:00,7.75
5/6/2024 5:15,7.76
5/6/2024 5:30,7.76
5/6/2024 5:45,7.76
5/6/2024 6:00,7.75
5/6/2024 6:15,7.76
5/6/2024 6:30,7.76
5/6/2024 6:45,7.75
5/6/2024 7:00,7.76
5/6/2024 7:15,7.77
5/6/2024 7:30,7.78
5/6/2024 7:45,7.78
5/6/2024 8:00,7.78
5/6/2024 8:15,7.8
5/6/2024 8:30,7.82
5/6/2024 8:45,7.82
5/6/2024 9:00,7.83
5/6/2024 9:15,7.87
5/6/2024 9:30,7.84
5/6/2024 9:45,7.88
5/6/2024 10:00,7.85
5/6/2024 10:15,7.91
5/6/2024 10:30,7.91
5/6/2024 10:45,7.92
5/6/2024 11:00,7.95
5/6/2024 11:15,7.97
5/6/2024 11:30,7.98
5/6/2024 11:45,7.94
5/6/2024 12:00,8.01
5/6/2024 12:15,8
5/6/2024 12:30,8.03
5/6/2024 12:45,8.01
5/6/2024 13:00,8.01
5/6/2024 13:15,8.05
5/6/2024 13:30,8.03
5/6/2024 13:45,7.99
5/6/2024 14:00,8.03
5/6/2024 14:15,8.02
5/6/2024 14:30,7.99
5/6/2024 14:45,7.98
5/6/2024 15:00,8
5/6/2024 15:15,7.98
5/6/2024 15:30,7.97
5/6/2024 15:45,7.95
5/6/2024 16:00,7.96
5/6/2024 16:15,7.92
5/6/2024 16:30,7.92
5/6/2024 16:45,7.93
5/6/2024 17:00,7.87
5/6/2024 17:15,7.87
5/6/2024 17:30,7.88
5/6/2024 17:45,7.87
5/6/2024 18:00,7.88
5/6/2024 18:15,7.85
5/6/2024 18:30,7.86
5/6/2024 18:45,7.83
5/6/2024 19:00,7.83
5/6/2024 19:15,7.82
5/6/2024 19:30,7.84
5/6/2024 19:45,7.82
5/6/2024 20:00,7.82
5/6/2024 20:15,7.78
5/6/2024 20:30,7.79
5/6/2024 20:45,7.79
5/6/2024 21:00,7.78
5/6/2024 21:15,7.79
5/6/2024 21:30,7.76
5/6/2024 21:45,7.75
5/6/2024 22:00,7.74
5/6/2024 22:15,7.74
5/6/2024 22:30,7.7
5/6/2024 22:45,7.71
5/6/2024 23:00,7.7
5/6/2024 23:15,7.7
5/6/2024 23:30,7.73
5/6/2024 23:45,7.74
5/7/2024 0:00,7.72
5/7/2024 0:15,7.72
5/7/2024 0:30,7.73
5/7/2024 0:45,7.71
5/7/2024 1:00,7.72
5/7/2024 1:15,7.72
5/7/2024 1:30,7.72
5/7/2024 1:45,7.74
5/7/2024 2:00,7.71
5/7/2024 2:15,7.71
5/7/2024 2:30,7.69
5/7/2024 2:45,7.71
5/7/2024 3:00,7.7
5/7/2024 3:15,7.68
5/7/2024 3:30,7.66
5/7/2024 3:45,7.66
5/7/2024 4:00,7.63
5/7/2024 4:15,7.59
5/7/2024 4:30,7.59
5/7/2024 4:45,7.62
5/7/2024 5:00,7.62
5/7/2024 5:15,7.61
5/7/2024 5:30,7.57
5/7/2024 5:45,7.55
5/7/2024 6:00,7.45
5/7/2024 6:15,7.47
5/7/2024 6:30,7.45
5/7/2024 6:45,7.55
5/7/2024 7:00,7.6
5/7/2024 7:15,7.59
5/7/2024 7:30,7.42
5/7/2024 7:45,7.58
5/7/2024 8:00,7.52
5/7/2024 8:15,7.47
5/7/2024 8:30,7.47
5/7/2024 8:45,7.59
5/7/2024 9:00,7.66
5/7/2024 9:15,7.69
5/7/2024 9:30,7.64
5/7/2024 9:45,7.69
5/7/2024 10:00,7.68
5/7/2024 10:15,7.69
5/7/2024 10:30,7.74
5/7/2024 10:45,7.73
5/7/2024 11:00,7.77
5/7/2024 11:15,7.74
5/7/2024 11:30,7.85
5/7/2024 11:45,7.83
5/7/2024 12:00,7.81
5/7/2024 12:15,7.81
5/7/2024 12:30,7.87
5/7/2024 12:45,7.85
5/7/2024 13:00,7.9
5/7/2024 13:15,7.93
5/7/2024 13:30,7.93
5/7/2024 13:45,7.89
5/7/2024 14:00,7.9
5/7/2024 14:15,7.9
5/7/2024 14:30,7.9
5/7/2024 14:45,7.91
5/7/2024 15:00,7.9
5/7/2024 15:15,7.85
5/7/2024 15:30,7.86
5/7/2024 15:45,7.85
5/7/2024 16:00,7.83
5/7/2024 16:15,7.81
5/7/2024 16:30,7.82
5/7/2024 16:45,7.83
5/7/2024 17:00,7.82
5/7/2024 17:15,7.77
5/7/2024 17:30,7.75
5/7/2024 17:45,7.79
5/7/2024 18:00,7.75
5/7/2024 18:15,7.81
5/7/2024 18:30,7.86
5/7/2024 18:45,7.85
5/7/2024 19:00,7.83
5/7/2024 19:15,7.83
5/7/2024 19:30,7.84
5/7/2024 19:45,7.84
5/7/2024 20:00,7.82
5/7/2024 20:15,7.83
5/7/2024 20:30,7.79
5/7/2024 20:45,7.82
5/7/2024 21:00,7.75
5/7/2024 21:15,7.7
5/7/2024 21:30,7.73
5/7/2024 21:45,7.68
5/7/2024 22:00,7.68
5/7/2024 22:15,7.68
5/7/2024 22:30,7.69
5/7/2024 22:45,7.71
5/7/2024 23:00,7.72
5/7/2024 23:15,7.71
5/7/2024 23:30,7.63
5/7/2024 23:45,7.63
5/8/2024 0:00,7.56
5/8/2024 0:15,7.61
5/8/2024 0:30,7.6
5/8/2024 0:45,7.62
5/8/2024 1:00,7.58
5/8/2024 1:15,7.58
5/8/2024 1:30,7.53
5/8/2024 1:45,7.45
5/8/2024 2:00,7.48
5/8/2024 2:15,7.43
5/8/2024 2:30,7.42
5/8/2024 2:45,7.43
5/8/2024 3:00,7.48
5/8/2024 3:15,7.48
5/8/2024 3:30,7.59
5/8/2024 3:45,7.62
5/8/2024 4:00,7.64
5/8/2024 4:15,7.65
5/8/2024 4:30,7.64
5/8/2024 4:45,7.74
5/8/2024 5:00,7.73
5/8/2024 5:15,7.69
5/8/2024 5:30,7.67
5/8/2024 5:45,7.65
5/8/2024 6:00,7.6
5/8/2024 6:15,7.56
5/8/2024 6:30,7.46
5/8/2024 6:45,7.53
5/8/2024 7:00,7.54
5/8/2024 7:15,7.7
5/8/2024 7:30,7.69
5/8/2024 7:45,7.63
5/8/2024 8:00,7.69
5/8/2024 8:15,7.72
5/8/2024 8:30,7.77
5/8/2024 8:45,7.77
5/8/2024 9:00,7.79
5/8/2024 9:15,7.83
5/8/2024 9:30,7.83
5/8/2024 9:45,7.9
5/8/2024 10:00,7.92
5/8/2024 10:15,7.93
5/8/2024 10:30,7.97
5/8/2024 10:45,7.99
5/8/2024 11:00,7.99
5/8/2024 11:15,7.98
5/8/2024 11:30,7.99
5/8/2024 11:45,8
5/8/2024 12:00,7.99
5/8/2024 12:15,8
5/8/2024 12:30,8.02
5/8/2024 12:45,8.04
5/8/2024 13:00,8.01
5/8/2024 13:15,8.03
5/8/2024 13:30,8.04
5/8/2024 13:45,8.05
5/8/2024 14:00,8.02
5/8/2024 14:15,8.02
5/8/2024 14:30,8.01
5/8/2024 14:45,8.04
5/8/2024 15:00,8.03
5/8/2024 15:15,8.04
5/8/2024 15:30,8.04
5/8/2024 15:45,8.04
5/8/2024 16:00,8.05
5/8/2024 16:15,8.06
5/8/2024 16:30,8.04
5/8/2024 16:45,8.04
5/8/2024 17:00,8.04
5/8/2024 17:15,8.05
5/8/2024 17:30,8.02
5/8/2024 17:45,8.03
5/8/2024 18:00,8.04
5/8/2024 18:15,8.03
5/8/2024 18:30,8.01
5/8/2024 18:45,7.98
5/8/2024 19:00,7.92
5/8/2024 19:15,7.89
5/8/2024 19:30,7.86
5/8/2024 19:45,7.85
5/8/2024 20:00,7.81
5/8/2024 20:15,7.82
5/8/2024 20:30,7.79
5/8/2024 20:45,7.8
5/8/2024 21:00,7.79
5/8/2024 21:15,7.79
5/8/2024 21:30,7.8
5/8/2024 21:45,7.78
5/8/2024 22:00,7.77
5/8/2024 22:15,7.84
5/8/2024 22:30,7.81
5/8/2024 22:45,7.83
5/8/2024 23:00,7.82
5/8/2024 23:15,7.82
5/8/2024 23:30,7.83
5/8/2024 23:45,7.85
5/9/2024 0:00,7.83
5/9/2024 0:15,7.85
5/9/2024 0:30,7.81
5/9/2024 0:45,7.82
5/9/2024 1:00,7.85
5/9/2024 1:15,7.87
5/9/2024 1:30,7.86
5/9/2024 1:45,7.87
5/9/2024 2:00,7.89
5/9/2024 2:15,7.91
5/9/2024 2:30,7.89
5/9/2024 2:45,7.89
5/9/2024 3:00,7.88
5/9/2024 3:15,7.87
5/9/2024 3:30,7.87
5/9/2024 3:45,7.84
5/9/2024 4:00,7.84
5/9/2024 4:15,7.83
5/9/2024 4:30,7.82
5/9/2024 4:45,7.85
5/9/2024 5:00,7.89
5/9/2024 5:15,7.9
5/9/2024 5:30,7.94
5/9/2024 5:45,7.96
5/9/2024 6:00,7.97
5/9/2024 6:15,7.99
5/9/2024 6:30,7.99
5/9/2024 6:45,7.99
5/9/2024 7:00,8.02
5/9/2024 7:15,8.02
5/9/2024 7:30,8.02
5/9/2024 7:45,8.03
5/9/2024 8:00,8.03
5/9/2024 8:15,8.04
5/9/2024 8:30,8.06
5/9/2024 8:45,8.06
5/9/2024 9:00,8.06
5/9/2024 9:15,8.07
5/9/2024 9:30,8.08
5/9/2024 9:45,8.09
5/9/2024 10:00,8.12
5/9/2024 10:15,8.13
5/9/2024 10:30,8.13
5/9/2024 10:45,8.15
5/9/2024 11:00,8.16
5/9/2024 11:15,8.15
5/9/2024 11:30,8.16
5/9/2024 11:45,8.18
5/9/2024 12:00,8.2
5/9/2024 12:15,8.27
5/9/2024 12:30,8.2
5/9/2024 12:45,8.23
5/9/2024 13:00,8.24
5/9/2024 13:15,8.23
5/9/2024 13:30,8.23
5/9/2024 13:45,8.23
5/9/2024 14:00,8.25
5/9/2024 14:15,8.25
5/9/2024 14:30,8.24
5/9/2024 14:45,8.32
5/9/2024 15:00,8.38
5/9/2024 15:15,8.26
5/9/2024 15:30,8.28
5/9/2024 15:45,8.25
5/9/2024 16:00,8.27
5/9/2024 16:15,8.2
5/9/2024 16:30,8.2
5/9/2024 16:45,8.28
5/9/2024 17:00,8.21
5/9/2024 17:15,8.2
5/9/2024 17:30,8.19
5/9/2024 17:45,8.19
5/9/2024 18:00,8.18
5/9/2024 18:15,8.16
5/9/2024 18:30,8.11
5/9/2024 18:45,8.1
5/9/2024 19:00,8.09
5/9/2024 19:15,8.08
5/9/2024 19:30,8.07
5/9/2024 19:45,8.03
5/9/2024 20:00,8.03
5/9/2024 20:15,8.07
5/9/2024 20:30,8.04
5/9/2024 20:45,8.04
5/9/2024 21:00,8.03
5/9/2024 21:15,8.03
5/9/2024 21:30,8.05
5/9/2024 21:45,8.01
5/9/2024 22:00,8.01
5/9/2024 22:15,8
5/9/2024 22:30,8.01
5/9/2024 22:45,8.01
5/9/2024 23:00,8.01
5/9/2024 23:15,7.98
5/9/2024 23:30,7.99
5/9/2024 23:45,8
5/10/2024 0:00,7.99
5/10/2024 0:15,8.01
5/10/2024 0:30,7.96
5/10/2024 0:45,7.92
5/10/2024 1:00,7.93
5/10/2024 1:15,7.93
5/10/2024 1:30,7.94
5/10/2024 1:45,7.87
5/10/2024 2:00,7.88
5/10/2024 2:15,7.87
5/10/2024 2:30,7.9
5/10/2024 2:45,7.87
5/10/2024 3:00,7.9
5/10/2024 3:15,7.91
5/10/2024 3:30,7.92
5/10/2024 3:45,7.93
5/10/2024 4:00,7.9
5/10/2024 4:15,7.91
5/10/2024 4:30,7.89
5/10/2024 4:45,7.89
5/10/2024 5:00,7.92
5/10/2024 5:15,7.93
5/10/2024 5:30,7.96
5/10/2024 5:45,7.97
5/10/2024 6:00,8.04
5/10/2024 6:15,8.02
5/10/2024 6:30,8.05
5/10/2024 6:45,8.04
5/10/2024 7:00,8.07
5/10/2024 7:15,8.06
5/10/2024 7:30,8.06
5/10/2024 7:45,8.07
5/10/2024 8:00,8.06
5/10/2024 8:15,8.06
5/10/2024 8:30,8.08
5/10/2024 8:45,8.08
5/10/2024 9:00,8.08
5/10/2024 9:15,8.09
5/10/2024 9:30,8.11
5/10/2024 9:45,8.13
5/10/2024 10:00,8.13
5/10/2024 10:15,8.15
5/10/2024 10:30,8.16
5/10/2024 10:45,8.16
5/10/2024 11:00,8.18
5/10/2024 11:15,8.17
5/10/2024 11:30,8.19
5/10/2024 11:45,8.19
5/10/2024 12:00,8.19
5/10/2024 12:15,8.2
5/10/2024 12:30,8.2
5/10/2024 12:45,8.2
5/10/2024 13:00,8.21
5/10/2024 13:15,8.2
5/10/2024 13:30,8.21
5/10/2024 13:45,8.22
5/10/2024 14:00,8.21
5/10/2024 14:15,8.21
5/10/2024 14:30,8.21
5/10/2024 14:45,8.21
5/10/2024 15:00,8.22
5/10/2024 15:15,8.22
5/10/2024 15:30,8.22
5/10/2024 15:45,8.22
5/10/2024 16:00,8.23
5/10/2024 16:15,8.24
5/10/2024 16:30,8.22
5/10/2024 16:45,8.22
5/10/2024 17:00,8.18
5/10/2024 17:15,8.19
5/10/2024 17:30,8.17
5/10/2024 17:45,8.18
5/10/2024 18:00,8.16
5/10/2024 18:15,8.17
5/10/2024 18:30,8.17
5/10/2024 18:45,8.15
5/10/2024 19:00,8.15
5/10/2024 19:15,8.14
5/10/2024 19:30,8.11
5/10/2024 19:45,8.1
5/10/2024 20:00,8.09
5/10/2024 20:15,8.07
5/10/2024 20:30,8.07
5/10/2024 20:45,8.06
5/10/2024 21:00,8.04
5/10/2024 21:15,8.03
5/10/2024 21:30,8.02
5/10/2024 21:45,8.01
5/10/2024 22:00,8.02
5/10/2024 22:15,8
5/10/2024 22:30,8
5/10/2024 22:45,8
5/10/2024 23:00,8.01
5/10/2024 23:15,8
5/10/2024 23:30,8
5/10/2024 23:45,7.98
5/11/2024 0:00,7.96
5/11/2024 0:15,7.95
5/11/2024 0:30,7.96
5/11/2024 0:45,7.94
5/11/2024 1:00,7.96
5/11/2024 1:15,7.95
5/11/2024 1:30,7.95
5/11/2024 1:45,7.94
5/11/2024 2:00,7.95
5/11/2024 2:15,7.97
5/11/2024 2:30,7.95
5/11/2024 2:45,7.99
5/11/2024 3:00,7.97
5/11/2024 3:15,7.98
5/11/2024 3:30,7.99
5/11/2024 3:45,7.94
5/11/2024 4:00,7.93
5/11/2024 4:15,7.94
5/11/2024 4:30,7.94
5/11/2024 4:45,7.95
5/11/2024 5:00,7.98
5/11/2024 5:15,8.02
5/11/2024 5:30,8.04
5/11/2024 5:45,8.02
5/11/2024 6:00,8.04
5/11/2024 6:15,8.05
5/11/2024 6:30,8.07
5/11/2024 6:45,8.1
5/11/2024 7:00,8.1
5/11/2024 7:15,8.09
5/11/2024 7:30,8.09
5/11/2024 7:45,8.11
5/11/2024 8:00,8.11
5/11/2024 8:15,8.09
5/11/2024 8:30,8.12
5/11/2024 8:45,8.11
5/11/2024 9:00,8.12
5/11/2024 9:15,8.13
5/11/2024 9:30,8.14
5/11/2024 9:45,8.16
5/11/2024 10:00,8.15
5/11/2024 10:15,8.17
5/11/2024 10:30,8.19
5/11/2024 10:45,8.2
5/11/2024 11:00,8.22
5/11/2024 11:15,8.22
5/11/2024 11:30,8.27
5/11/2024 11:45,8.32
5/11/2024 12:00,8.27
5/11/2024 12:15,8.32
5/11/2024 12:30,8.43
5/11/2024 12:45,8.34
5/11/2024 13:00,8.37
5/11/2024 13:15,8.39
5/11/2024 13:30,8.31
5/11/2024 13:45,8.39
5/11/2024 14:00,8.45
5/11/2024 14:15,8.41
5/11/2024 14:30,8.44
5/11/2024 14:45,8.54
5/11/2024 15:00,8.49
5/11/2024 15:15,8.41
5/11/2024 15:30,8.46
5/11/2024 15:45,8.46
5/11/2024 16:00,8.49
5/11/2024 16:15,8.4
5/11/2024 16:30,8.39
5/11/2024 16:45,8.32
5/11/2024 17:00,8.3
5/11/2024 17:15,8.32
5/11/2024 17:30,8.35
5/11/2024 17:45,8.29
5/11/2024 18:00,8.26
5/11/2024 18:15,8.24
5/11/2024 18:30,8.22
5/11/2024 18:45,8.21
5/11/2024 19:00,8.22
5/11/2024 19:15,8.2
5/11/2024 19:30,8.18
5/11/2024 19:45,8.18
5/11/2024 20:00,8.13
5/11/2024 20:15,8.11
5/11/2024 20:30,8.11
5/11/2024 20:45,8.1
5/11/2024 21:00,8.11
5/11/2024 21:15,8.09
5/11/2024 21:30,8.1
5/11/2024 21:45,8.06
5/11/2024 22:00,8.05
5/11/2024 22:15,8.08
5/11/2024 22:30,8.07
5/11/2024 22:45,8.03
5/11/2024 23:00,8.06
5/11/2024 23:15,8.05
5/11/2024 23:30,8.04
5/11/2024 23:45,8.08
5/12/2024 0:00,8.06
5/12/2024 0:15,8.06
5/12/2024 0:30,8.07
5/12/2024 0:45,8.07
5/12/2024 1:00,8.1
5/12/2024 1:15,8.09
5/12/2024 1:30,8.11
5/12/2024 1:45,8.11
5/12/2024 2:00,8.1
5/12/2024 2:15,8.11
5/12/2024 2:30,8.09
5/12/2024 2:45,8.09
5/12/2024 3:00,8.07
5/12/2024 3:15,8.09
5/12/2024 3:30,8.09
5/12/2024 3:45,8.09
5/12/2024 4:00,8.06
5/12/2024 4:15,8.05
5/12/2024 4:30,8.06
5/12/2024 4:45,8.08
5/12/2024 5:00,8.1
5/12/2024 5:15,8.09
5/12/2024 5:30,8.13
5/12/2024 5:40,8.13
5/12/2024 5:45,8.11
5/12/2024 6:00,8.15
5/12/2024 6:15,8.12
5/12/2024 6:30,8.17
5/12/2024 6:45,8.17
5/12/2024 7:00,8.15
5/12/2024 7:15,8.14
5/12/2024 7:30,8.16
5/12/2024 7:45,8.22
5/12/2024 8:00,8.2
5/12/2024 8:15,8.25
5/12/2024 8:30,8.28
5/12/2024 8:45,8.26
5/12/2024 9:00,8.25
5/12/2024 9:15,8.24
5/12/2024 9:30,8.32
5/12/2024 9:45,8.42
5/12/2024 10:00,8.5
5/12/2024 10:15,8.44
5/12/2024 10:30,8.56
5/12/2024 10:45,8.63
5/12/2024 11:00,8.54
5/12/2024 11:15,8.75
5/12/2024 11:30,8.71
5/12/2024 11:45,8.63
5/12/2024 12:00,8.67
5/12/2024 12:15,8.74
5/12/2024 12:30,8.86
5/12/2024 12:45,8.8
5/12/2024 13:00,8.98
5/12/2024 13:15,8.87
5/12/2024 13:30,8.85
5/12/2024 13:45,8.93
5/12/2024 14:00,8.91
5/12/2024 14:15,8.8
5/12/2024 14:30,8.75
5/12/2024 14:45,8.75
5/12/2024 15:00,8.72
5/12/2024 15:15,8.85
5/12/2024 15:30,8.87
5/12/2024 15:45,8.79
5/12/2024 16:00,8.75
5/12/2024 16:15,8.77
5/12/2024 16:30,8.77
5/12/2024 16:45,8.74
5/12/2024 17:00,8.66
5/12/2024 17:15,8.62
5/12/2024 17:30,8.5
5/12/2024 17:45,8.48
5/12/2024 18:00,8.41
5/12/2024 18:15,8.39
5/12/2024 18:30,8.37
5/12/2024 18:45,8.34
5/12/2024 19:00,8.31
5/12/2024 19:15,8.32
5/12/2024 19:30,8.29
5/12/2024 19:45,8.26
5/12/2024 20:00,8.24
5/12/2024 20:15,8.19
5/12/2024 20:30,8.18
5/12/2024 20:45,8.19
5/12/2024 21:00,8.21
5/12/2024 21:15,8.18
5/12/2024 21:30,8.16
5/12/2024 21:45,8.14
5/12/2024 22:00,8.08
5/12/2024 22:15,8.1
5/12/2024 22:30,8.07
5/12/2024 22:45,8.08
5/12/2024 23:00,8.09
5/12/2024 23:15,8.11
5/12/2024 23:30,8.12
5/12/2024 23:45,8.1
5/13/2024 0:00,8.08
5/13/2024 0:15,8.1
5/13/2024 0:30,8.11
5/13/2024 0:45,8.07
5/13/2024 1:00,8.09
5/13/2024 1:15,8.1
5/13/2024 1:30,8.12
5/13/2024 1:45,8.12
5/13/2024 2:00,8.13
5/13/2024 2:15,8.11
5/13/2024 2:30,8.11
5/13/2024 2:45,8.09
5/13/2024 3:00,8.11
5/13/2024 3:15,8.13
5/13/2024 3:30,8.1
5/13/2024 3:45,8.08
5/13/2024 4:00,8.08
5/13/2024 4:15,8.1
5/13/2024 4:30,8.15
5/13/2024 4:45,8.17
5/13/2024 5:00,8.18
5/13/2024 5:15,8.2
5/13/2024 5:30,8.21
5/13/2024 5:45,8.27
5/13/2024 6:00,8.28
5/13/2024 6:15,8.27
5/13/2024 6:30,8.29
5/13/2024 6:45,8.32
5/13/2024 7:00,8.42
5/13/2024 7:15,8.49
5/13/2024 7:30,8.47
5/13/2024 7:45,8.51
5/13/2024 8:00,8.5
5/13/2024 8:15,8.53
5/13/2024 8:30,8.66
5/13/2024 8:45,8.65
5/13/2024 9:00,8.73
5/13/2024 9:15,8.71
5/13/2024 9:30,8.76
5/13/2024 9:45,8.84
5/13/2024 10:00,8.91
5/13/2024 10:15,8.97
5/13/2024 10:30,8.97
5/13/2024 10:45,8.98
5/13/2024 11:00,9.01
5/13/2024 11:15,8.91
5/13/2024 11:30,9.04
5/13/2024 11:45,9.2
5/13/2024 12:00,9.15
5/13/2024 12:15,9.24
5/13/2024 12:30,9.25
5/13/2024 12:45,9.26
5/13/2024 13:00,9.26
5/13/2024 13:15,9.35
5/13/2024 13:30,9.36
5/13/2024 13:45,9.37
5/13/2024 14:00,9.36
5/13/2024 14:15,9.34
5/13/2024 14:30,9.3
5/13/2024 14:45,9.3
5/13/2024 15:00,9.32
5/13/2024 15:15,9.26
5/13/2024 15:30,9.29
5/13/2024 15:45,9.18
5/13/2024 16:00,9.09
5/13/2024 16:15,9.08
5/13/2024 16:30,9.07
5/13/2024 16:45,9.01
5/13/2024 17:00,8.97
5/13/2024 17:15,8.88
5/13/2024 17:30,8.77
5/13/2024 17:45,8.69
5/13/2024 18:00,8.61
5/13/2024 18:15,8.59
5/13/2024 18:30,8.55
5/13/2024 18:45,8.53
5/13/2024 19:00,8.52
5/13/2024 19:15,8.49
5/13/2024 19:30,8.49
5/13/2024 19:45,8.48
5/13/2024 20:00,8.49
5/13/2024 20:15,8.47
5/13/2024 20:30,8.45
5/13/2024 20:45,8.45
5/13/2024 21:00,8.46
5/13/2024 21:15,8.45
5/13/2024 21:30,8.46
5/13/2024 21:45,8.46
5/13/2024 22:00,8.46
5/13/2024 22:15,8.45
5/13/2024 22:30,8.42
5/13/2024 22:45,8.38
5/13/2024 23:00,8.29
5/13/2024 23:15,8.25
5/13/2024 23:30,8.17
5/13/2024 23:45,8.09
5/14/2024 0:00,8.12
5/14/2024 0:15,8.11
5/14/2024 0:30,8.14
5/14/2024 0:45,8.03
5/14/2024 1:00,8.05
5/14/2024 1:15,8.05
5/14/2024 1:30,8
5/14/2024 1:45,8.02
5/14/2024 2:00,8.01
5/14/2024 2:15,8.03
5/14/2024 2:30,8.05
5/14/2024 2:45,7.98
5/14/2024 3:00,7.99
5/14/2024 3:15,7.99
5/14/2024 3:30,7.95
5/14/2024 3:45,7.94
5/14/2024 4:00,7.92
5/14/2024 4:15,7.98
5/14/2024 4:30,7.89
5/14/2024 4:45,7.94
5/14/2024 5:00,8.06
5/14/2024 5:15,8.19
5/14/2024 5:30,8.26
5/14/2024 5:45,8.32
5/14/2024 6:00,8.33
5/14/2024 6:15,8.36
5/14/2024 6:30,8.43
5/14/2024 6:45,8.44
5/14/2024 7:00,8.47
5/14/2024 7:15,8.47
5/14/2024 7:30,8.55
5/14/2024 7:45,8.55
5/14/2024 8:00,8.62
5/14/2024 8:15,8.65
5/14/2024 8:30,8.71
5/14/2024 8:45,8.76
5/14/2024 9:00,8.78
5/14/2024 9:15,8.83
5/14/2024 9:30,8.87
5/14/2024 9:45,8.9
5/14/2024 10:00,8.93
5/14/2024 10:15,9
5/14/2024 10:30,9.05
5/14/2024 10:45,9.11
5/14/2024 11:00,9.13
5/14/2024 11:15,9.15
5/14/2024 11:30,9.2
5/14/2024 11:45,9.22
5/14/2024 12:00,9.28
5/14/2024 12:15,9.31
5/14/2024 12:30,9.34
5/14/2024 12:45,9.35
5/14/2024 13:00,9.36
5/14/2024 13:15,9.39
5/14/2024 13:30,9.34
5/14/2024 13:45,9.37
5/14/2024 14:00,9.36
5/14/2024 14:15,9.25
5/14/2024 14:30,9.26
5/14/2024 14:45,9.34
5/14/2024 15:00,9.32
5/14/2024 15:15,9.35
5/14/2024 15:30,9.31
5/14/2024 15:45,9.3
5/14/2024 16:00,9.22
5/14/2024 16:15,9.2
5/14/2024 16:30,9.21
5/14/2024 16:45,9.14
5/14/2024 17:00,9.11
5/14/2024 17:15,9.06
5/14/2024 17:30,9.01
5/14/2024 17:45,8.96
5/14/2024 18:00,8.95
5/14/2024 18:15,8.91
5/14/2024 18:30,8.86
5/14/2024 18:45,8.8
5/14/2024 19:00,8.7
5/14/2024 19:15,8.65
5/14/2024 19:30,8.57
5/14/2024 19:45,8.51
5/14/2024 20:00,8.47
5/14/2024 20:15,8.43
5/14/2024 20:30,8.41
5/14/2024 20:45,8.38
5/14/2024 21:00,8.33
5/14/2024 21:15,8.33
5/14/2024 21:30,8.36
5/14/2024 21:45,8.34
5/14/2024 22:00,8.4
5/14/2024 22:15,8.36
5/14/2024 22:30,8.26
5/14/2024 22:45,8.28
5/14/2024 23:00,8.21
5/14/2024 23:15,8.2
5/14/2024 23:30,8.27
5/14/2024 23:45,8.22
5/15/2024 0:00,8.21
5/15/2024 0:15,8.18
5/15/2024 0:30,8.22
5/15/2024 0:45,8.17
5/15/2024 1:00,8.21
5/15/2024 1:15,8.19
5/15/2024 1:30,8.22
5/15/2024 1:45,8.18
5/15/2024 2:00,8.17
5/15/2024 2:15,8.2
5/15/2024 2:30,8.2
5/15/2024 2:45,8.22
5/15/2024 3:00,8.24
5/15/2024 3:15,8.2
5/15/2024 3:30,8.22
5/15/2024 3:45,8.18
5/15/2024 4:00,8.22
5/15/2024 4:15,8.19
5/15/2024 4:30,8.23
5/15/2024 4:45,8.28
5/15/2024 5:00,8.35
5/15/2024 5:15,8.39
5/15/2024 5:30,8.49
5/15/2024 5:45,8.53
5/15/2024 6:00,8.58
5/15/2024 6:15,8.59
5/15/2024 6:30,8.62
5/15/2024 6:45,8.66
5/15/2024 7:00,8.68
5/15/2024 7:15,8.7
5/15/2024 7:30,8.73
5/15/2024 7:45,8.74
5/15/2024 8:00,8.77
5/15/2024 8:15,8.83
5/15/2024 8:30,8.89
5/15/2024 8:45,8.91
5/15/2024 9:00,8.92
5/15/2024 9:15,9.03
5/15/2024 9:30,9
5/15/2024 9:45,9.14
5/15/2024 10:00,9.16
5/15/2024 10:15,9.22
5/15/2024 10:30,9.17
5/15/2024 10:45,9.28
5/15/2024 11:00,9.28
5/15/2024 11:15,9.29
5/15/2024 11:30,9.3
5/15/2024 11:45,9.4
5/15/2024 12:00,9.47
5/15/2024 12:15,9.58
5/15/2024 12:30,9.61
5/15/2024 12:45,9.55
5/15/2024 13:00,9.66
5/15/2024 13:15,9.67
5/15/2024 13:30,9.58
5/15/2024 13:45,9.58
5/15/2024 14:00,9.55
5/15/2024 14:15,9.72
5/15/2024 14:30,9.71
5/15/2024 14:45,9.66
5/15/2024 15:00,9.69
5/15/2024 15:15,9.6
5/15/2024 15:30,9.58
5/15/2024 15:45,9.5
5/15/2024 16:00,9.46
5/15/2024 16:15,9.51
5/15/2024 16:30,9.46
5/15/2024 16:45,9.46
5/15/2024 17:00,9.44
5/15/2024 17:15,9.34
5/15/2024 17:30,9.22
5/15/2024 17:45,9.22
5/15/2024 18:00,9.25
5/15/2024 18:15,9.18
5/15/2024 18:30,9.16
5/15/2024 18:45,9.14
5/15/2024 19:00,9.1
5/15/2024 19:15,9.05
5/15/2024 19:30,9.03
5/15/2024 19:45,9
5/15/2024 20:00,9
5/15/2024 20:15,8.96
5/15/2024 20:30,8.93
5/15/2024 20:45,8.92
5/15/2024 21:00,8.91
5/15/2024 21:15,8.91
5/15/2024 21:30,8.87
5/15/2024 21:45,8.84
5/15/2024 22:00,8.85
5/15/2024 22:15,8.86
5/15/2024 22:30,8.87
5/15/2024 22:45,8.88
5/15/2024 23:00,8.88
5/15/2024 23:15,8.89
5/15/2024 23:30,8.89
5/15/2024 23:45,8.9
5/16/2024 0:00,8.86
5/16/2024 0:15,8.87
5/16/2024 0:30,8.86
5/16/2024 0:45,8.88
5/16/2024 1:00,8.88
5/16/2024 1:15,8.88
5/16/2024 1:30,8.86
5/16/2024 1:45,8.83
5/16/2024 2:00,8.82
5/16/2024 2:15,8.77
5/16/2024 2:30,8.73
5/16/2024 2:45,8.77
5/16/2024 3:00,8.77
5/16/2024 3:15,8.76
5/16/2024 3:30,8.77
5/16/2024 3:45,8.79
5/16/2024 4:00,8.8
5/16/2024 4:15,8.85
5/16/2024 4:30,8.81
5/16/2024 4:45,8.83
5/16/2024 5:00,8.84
5/16/2024 5:15,8.83
5/16/2024 5:30,8.87
5/16/2024 5:45,8.91
5/16/2024 6:00,8.92
5/16/2024 6:15,8.92
5/16/2024 6:30,8.96
5/16/2024 6:45,9
5/16/2024 7:00,9.11
5/16/2024 7:15,9.31
5/16/2024 7:30,9.28
5/16/2024 7:45,9.33
5/16/2024 8:00,9.43
5/16/2024 8:15,9.51
5/16/2024 8:30,9.53
5/16/2024 8:45,9.59
5/16/2024 9:00,9.6
5/16/2024 9:15,9.67
5/16/2024 9:30,9.74
5/16/2024 9:45,9.81
5/16/2024 10:00,9.81
5/16/2024 10:15,9.77
5/16/2024 10:30,9.85
5/16/2024 10:45,9.9
5/16/2024 11:00,9.89
5/16/2024 11:15,9.89
5/16/2024 11:30,9.98
5/16/2024 11:45,9.97
5/16/2024 12:00,10.01
5/16/2024 12:15,10.09
5/16/2024 12:30,10.08
5/16/2024 12:45,10.1
5/16/2024 13:00,10.1
5/16/2024 13:15,10.15
5/16/2024 13:30,10.15
5/16/2024 13:45,10.13
5/16/2024 14:00,10.12
5/16/2024 14:15,10.06
5/16/2024 14:30,10.07
5/16/2024 14:45,10.04
5/16/2024 15:00,10.04
5/16/2024 15:15,9.97
5/16/2024 15:30,9.93
5/16/2024 15:45,9.94
5/16/2024 16:00,9.8
5/16/2024 16:15,9.72
5/16/2024 16:30,9.73
5/16/2024 16:45,9.67
5/16/2024 17:00,9.71
5/16/2024 17:15,9.78
5/16/2024 17:30,9.63
5/16/2024 17:45,9.53
5/16/2024 18:00,9.53
5/16/2024 18:15,9.46
5/16/2024 18:30,9.46
5/16/2024 18:45,9.52
5/16/2024 19:00,9.49
5/16/2024 19:15,9.38
5/16/2024 19:30,9.27
5/16/2024 19:45,9.24
5/16/2024 20:00,9.38
5/16/2024 20:15,9.32
5/16/2024 20:30,9.27
5/16/2024 20:45,9.24
5/16/2024 21:00,9.23
5/16/2024 21:15,9.22
5/16/2024 21:30,9.23
5/16/2024 21:45,9.22
5/16/2024 22:00,9.27
5/16/2024 22:15,9.25
5/16/2024 22:30,9.22
5/16/2024 22:45,9.17
5/16/2024 23:00,9.16
5/16/2024 23:15,9.15
5/16/2024 23:30,9.13
5/16/2024 23:45,9.13
5/17/2024 0:00,9.13
5/17/2024 0:15,9.15
5/17/2024 0:30,9.19
5/17/2024 0:45,9.03
5/17/2024 1:00,8.94
5/17/2024 1:15,8.92
5/17/2024 1:30,8.88
5/17/2024 1:45,8.9
5/17/2024 2:00,8.92
5/17/2024 2:15,8.87
5/17/2024 2:30,8.85
5/17/2024 2:45,8.91
5/17/2024 3:00,8.81
5/17/2024 3:15,8.74
5/17/2024 3:30,8.66
5/17/2024 3:45,8.55
5/17/2024 4:00,8.41
5/17/2024 4:15,8.34
5/17/2024 4:30,8.29
5/17/2024 4:45,8.24
5/17/2024 5:00,8.25
5/17/2024 5:15,8.11
5/17/2024 5:30,8.17
5/17/2024 5:45,8.16
5/17/2024 6:00,8.22
5/17/2024 6:15,8.26
5/17/2024 6:30,8.28
5/17/2024 6:45,8.27
5/17/2024 7:00,8.29
5/17/2024 7:15,8.29
5/17/2024 7:30,8.28
5/17/2024 7:45,8.26
5/17/2024 8:00,8.3
5/17/2024 8:15,8.24
5/17/2024 8:30,8.24
5/17/2024 8:45,8.27
5/17/2024 9:00,8.29
5/17/2024 9:15,8.21
5/17/2024 9:30,8.39
5/17/2024 9:45,8.41
5/17/2024 10:00,8.56
5/17/2024 10:15,8.49
5/17/2024 10:30,8.27
5/17/2024 10:45,8.49
5/17/2024 11:00,8.32
5/17/2024 11:15,8.37
5/17/2024 11:30,8.48
5/17/2024 11:45,8.42
5/17/2024 12:00,8.48
5/17/2024 12:15,8.6
5/17/2024 12:30,8.78
5/17/2024 12:45,8.63
5/17/2024 13:00,8.74
5/17/2024 13:15,8.79
5/17/2024 13:30,8.71
5/17/2024 13:45,9.02
5/17/2024 14:00,8.85
5/17/2024 14:15,8.76
5/17/2024 14:30,8.81
5/17/2024 14:45,8.98
5/17/2024 15:00,8.96
5/17/2024 15:15,8.98
5/17/2024 15:30,8.96
5/17/2024 15:45,8.87
5/17/2024 16:00,8.84
5/17/2024 16:15,8.78
5/17/2024 16:30,8.77
5/17/2024 16:45,8.75
5/17/2024 17:00,8.71
5/17/2024 17:15,8.64
5/17/2024 17:30,8.71
5/17/2024 17:45,8.67
5/17/2024 18:00,8.6
5/17/2024 18:15,8.79
5/17/2024 18:30,8.89
5/17/2024 18:45,8.95
5/17/2024 19:00,8.8
5/17/2024 19:15,8.68
5/17/2024 19:30,8.54
5/17/2024 19:45,8.51
5/17/2024 20:00,8.39
5/17/2024 20:15,8.3
5/17/2024 20:30,8.39
5/17/2024 20:45,8.46
5/17/2024 21:00,8.46
5/17/2024 21:15,8.5
5/17/2024 21:30,8.56
5/17/2024 21:45,8.63
5/17/2024 22:00,8.63
5/17/2024 22:15,8.66
5/17/2024 22:30,8.65
5/17/2024 22:45,8.61
5/17/2024 23:00,8.66
5/17/2024 23:15,8.57
5/17/2024 23:30,8.46
5/17/2024 23:45,8.41
5/18/2024 0:00,8.45
5/18/2024 0:15,8.52
5/18/2024 0:30,8.59
5/18/2024 0:45,8.56
5/18/2024 1:00,8.55
5/18/2024 1:15,8.47
5/18/2024 1:30,8.43
5/18/2024 1:45,8.4
5/18/2024 2:00,8.29
5/18/2024 2:15,8.23
5/18/2024 2:30,8.19
5/18/2024 2:45,8.13
5/18/2024 3:00,8.14
5/18/2024 3:15,8.19
5/18/2024 3:30,8.19
5/18/2024 3:45,8.14
5/18/2024 4:00,8.09
5/18/2024 4:15,8.25
5/18/2024 4:30,8.29
5/18/2024 4:45,8.28
5/18/2024 5:00,8.37
5/18/2024 5:15,8.48
5/18/2024 5:30,8.56
5/18/2024 5:45,8.54
5/18/2024 6:00,8.61
5/18/2024 6:15,8.6
5/18/2024 6:30,8.62
5/18/2024 6:45,8.6
5/18/2024 7:00,8.63
5/18/2024 7:15,8.72
5/18/2024 7:30,8.74
5/18/2024 7:45,8.75
5/18/2024 8:00,8.8
5/18/2024 8:15,8.81
5/18/2024 8:30,8.81
5/18/2024 8:45,8.89
5/18/2024 9:00,8.88
5/18/2024 9:15,8.94
5/18/2024 9:30,9.09
5/18/2024 9:45,9.16
5/18/2024 10:00,9.1
5/18/2024 10:15,9.12
5/18/2024 10:30,9.16
5/18/2024 10:45,9.18
5/18/2024 11:00,9.25
5/18/2024 11:15,9.33
5/18/2024 11:30,9.36
5/18/2024 11:45,9.24
5/18/2024 12:00,9.28
5/18/2024 12:15,9.33
5/18/2024 12:30,9.43
5/18/2024 12:45,9.42
5/18/2024 13:00,9.39
5/18/2024 13:15,9.42
5/18/2024 13:30,9.46
5/18/2024 13:45,9.44
5/18/2024 14:00,9.27
5/18/2024 14:15,9.24
5/18/2024 14:30,9.3
5/18/2024 14:45,9.27
5/18/2024 15:00,9.14
5/18/2024 15:15,9.22
5/18/2024 15:30,9.26
5/18/2024 15:45,9.26
5/18/2024 16:00,9.19
5/18/2024 16:15,9.08
5/18/2024 16:30,9.07
5/18/2024 16:45,9.05
5/18/2024 17:00,8.99
5/18/2024 17:15,8.96
5/18/2024 17:30,9.07
5/18/2024 17:45,8.96
5/18/2024 18:00,9.07
5/18/2024 18:15,9.15
5/18/2024 18:30,8.98
5/18/2024 18:45,9.17
5/18/2024 19:00,9.18
5/18/2024 19:15,9.13
5/18/2024 19:30,9.01
5/18/2024 19:45,8.74
5/18/2024 20:00,8.81
5/18/2024 20:15,8.89
5/18/2024 20:30,8.99
5/18/2024 20:45,8.89
5/18/2024 21:00,8.9
5/18/2024 21:15,8.9
5/18/2024 21:30,8.91
5/18/2024 21:45,9.04
5/18/2024 22:00,9.08
5/18/2024 22:15,9.03
5/18/2024 22:30,8.74
5/18/2024 22:45,8.67
5/18/2024 23:00,8.79
5/18/2024 23:15,8.9
5/18/2024 23:30,8.96
5/18/2024 23:45,8.98
5/19/2024 0:00,8.94
5/19/2024 0:15,8.83
5/19/2024 0:30,8.78
5/19/2024 0:45,8.72
5/19/2024 1:00,8.76
5/19/2024 1:15,8.6
5/19/2024 1:30,8.43
5/19/2024 1:45,8.43
5/19/2024 2:00,8.35
5/19/2024 2:15,8.29
5/19/2024 2:30,8.31
5/19/2024 2:45,8.2
5/19/2024 3:00,8.15
5/19/2024 3:15,8.19
5/19/2024 3:30,8.22
5/19/2024 3:45,8.18
5/19/2024 4:00,8.18
5/19/2024 4:15,8.17
5/19/2024 4:30,8.26
5/19/2024 4:45,8.3
5/19/2024 5:00,8.45
5/19/2024 5:15,8.46
5/19/2024 5:30,8.38
5/19/2024 5:45,8.37
5/19/2024 5:50,8.46
5/19/2024 6:00,8.38
5/19/2024 6:15,8.39
5/19/2024 6:30,8.4
5/19/2024 6:45,8.36
5/19/2024 7:00,8.32
5/19/2024 7:15,8.31
5/19/2024 7:30,8.35
5/19/2024 7:45,8.38
5/19/2024 8:00,8.39
5/19/2024 8:15,8.49
5/19/2024 8:30,8.49
5/19/2024 8:45,8.55
5/19/2024 9:00,8.59
5/19/2024 9:15,8.57
5/19/2024 9:30,8.7
5/19/2024 9:45,8.85
5/19/2024 10:00,8.92
5/19/2024 10:15,8.93
5/19/2024 10:30,8.96
5/19/2024 10:45,8.94
5/19/2024 11:00,8.88
5/19/2024 11:15,9.08
5/19/2024 11:30,9.12
5/19/2024 11:45,9.16
5/19/2024 12:00,9.14
5/19/2024 12:15,9.26
5/19/2024 12:30,9.29
5/19/2024 12:45,9.33
5/19/2024 13:00,9.22
5/19/2024 13:15,9.15
5/19/2024 13:30,9.3
5/19/2024 13:45,9.32
5/19/2024 14:00,9.21
5/19/2024 14:15,9.15
5/19/2024 14:30,9.12
5/19/2024 14:45,9.43
5/19/2024 15:00,9.25
5/19/2024 15:15,9.2
5/19/2024 15:30,9.3
5/19/2024 15:45,9.29
5/19/2024 16:00,9.18
5/19/2024 16:15,9.21
5/19/2024 16:30,9.26
5/19/2024 16:45,9.22
5/19/2024 17:00,9.19
5/19/2024 17:15,9.18
5/19/2024 17:30,9.1
5/19/2024 17:45,9.13
5/19/2024 18:00,9.12
5/19/2024 18:15,9.1
5/19/2024 18:30,9.23
5/19/2024 18:45,9.14
5/19/2024 19:00,9.18
5/19/2024 19:15,9.23
5/19/2024 19:30,9.22
5/19/2024 19:45,9.19
5/19/2024 20:00,9.14
5/19/2024 20:15,9.13
5/19/2024 20:30,9.13
5/19/2024 20:45,9.11
5/19/2024 21:00,9.08
5/19/2024 21:15,9.09
5/19/2024 21:30,9.01
5/19/2024 21:45,8.92
5/19/2024 22:00,8.89
5/19/2024 22:15,8.8
5/19/2024 22:30,8.75
5/19/2024 22:45,8.84
5/19/2024 23:00,8.95
5/19/2024 23:15,8.89
5/19/2024 23:30,8.94
5/19/2024 23:45,8.9
5/20/2024 0:00,8.88
5/20/2024 0:15,8.91
5/20/2024 0:30,8.94
5/20/2024 0:45,8.96
5/20/2024 1:00,8.98
5/20/2024 1:15,9.03
5/20/2024 1:30,9.01
5/20/2024 1:45,8.89
5/20/2024 2:00,8.79
5/20/2024 2:15,8.76
5/20/2024 2:30,8.81
5/20/2024 2:45,8.95
5/20/2024 3:00,8.91
5/20/2024 3:15,8.78
5/20/2024 3:30,8.66
5/20/2024 3:45,8.63
5/20/2024 4:00,8.64
5/20/2024 4:15,8.53
5/20/2024 4:30,8.47
5/20/2024 4:45,8.5
5/20/2024 5:00,8.48
5/20/2024 5:15,8.65
5/20/2024 5:30,8.84
5/20/2024 5:45,8.73
5/20/2024 6:00,8.6
5/20/2024 6:15,8.63
5/20/2024 6:30,8.64
5/20/2024 6:45,8.64
5/20/2024 7:00,8.64
5/20/2024 7:15,8.76
5/20/2024 7:30,8.77
5/20/2024 7:45,8.84
5/20/2024 8:00,8.87
5/20/2024 8:15,8.89
5/20/2024 8:30,8.98
5/20/2024 8:45,8.98
5/20/2024 9:00,9.04
5/20/2024 9:15,9.08
5/20/2024 9:30,9.12
5/20/2024 9:45,9.16
5/20/2024 10:00,9.19
5/20/2024 10:15,9.25
5/20/2024 10:30,9.31
5/20/2024 10:45,9.34
5/20/2024 11:00,9.35
5/20/2024 11:15,9.42
5/20/2024 11:30,9.56
5/20/2024 11:45,9.41
5/20/2024 12:00,9.42
5/20/2024 12:15,9.44
5/20/2024 12:30,9.34
5/20/2024 12:45,9.41
5/20/2024 13:00,9.4
5/20/2024 13:15,9.29
5/20/2024 13:30,9.23
5/20/2024 13:45,9.45
5/20/2024 14:00,9.61
5/20/2024 14:15,9.54
5/20/2024 14:30,9.51
5/20/2024 14:45,9.6
5/20/2024 15:00,9.63
5/20/2024 15:15,9.53
5/20/2024 15:30,9.43
5/20/2024 15:45,9.44
5/20/2024 16:00,9.48
5/20/2024 16:15,9.46
5/20/2024 16:30,9.4
5/20/2024 16:45,9.41
5/20/2024 17:00,9.32
5/20/2024 17:15,9.24
5/20/2024 17:30,9.26
5/20/2024 17:45,9.32
5/20/2024 18:00,9.39
5/20/2024 18:15,9.44
5/20/2024 18:30,9.44
5/20/2024 18:45,9.34
5/20/2024 19:00,9.3
5/20/2024 19:15,9.21
5/20/2024 19:30,9.21
5/20/2024 19:45,9.13
5/20/2024 20:00,9.16
5/20/2024 20:15,9.15
5/20/2024 20:30,9.16
5/20/2024 20:45,9.16
5/20/2024 21:00,9.19
5/20/2024 21:15,9.21
5/20/2024 21:30,9.16
5/20/2024 21:45,9.05
5/20/2024 22:00,8.96
5/20/2024 22:15,8.91
5/20/2024 22:30,8.95
5/20/2024 22:45,8.97
5/20/2024 23:00,8.93
5/20/2024 23:15,8.93
5/20/2024 23:30,8.92
5/20/2024 23:45,8.96
5/21/2024 0:00,8.99
5/21/2024 0:15,8.97
5/21/2024 0:30,9
5/21/2024 0:45,9
5/21/2024 1:00,8.89
5/21/2024 1:15,8.8
5/21/2024 1:30,8.68
5/21/2024 1:45,8.71
5/21/2024 2:00,8.79
5/21/2024 2:15,8.78
5/21/2024 2:30,8.7
5/21/2024 2:45,8.7
5/21/2024 3:00,8.67
5/21/2024 3:15,8.68
5/21/2024 3:30,8.66
5/21/2024 3:45,8.59
5/21/2024 4:00,8.55
5/21/2024 4:15,8.4
5/21/2024 4:30,8.46
5/21/2024 4:45,8.66
5/21/2024 5:00,8.78
5/21/2024 5:15,8.83
5/21/2024 5:30,8.92
5/21/2024 5:45,8.85
5/21/2024 6:00,8.86
5/21/2024 6:15,8.94
5/21/2024 6:30,8.98
5/21/2024 6:45,9.05
5/21/2024 7:00,9.07
5/21/2024 7:15,9.11
5/21/2024 7:30,9.13
5/21/2024 7:45,9.15
5/21/2024 8:00,9.21
5/21/2024 8:15,9.24
5/21/2024 8:30,9.28
5/21/2024 8:45,9.36
5/21/2024 9:00,9.38
5/21/2024 9:15,9.4
5/21/2024 9:30,9.38
5/21/2024 9:45,9.45
5/21/2024 10:00,9.42
5/21/2024 10:15,9.49
5/21/2024 10:30,9.5
5/21/2024 10:45,9.55
5/21/2024 11:00,9.52
5/21/2024 11:15,9.58
5/21/2024 11:30,9.46
5/21/2024 11:45,9.45
5/21/2024 12:00,9.49
5/21/2024 12:15,9.55
5/21/2024 12:30,9.55
5/21/2024 12:45,9.48
5/21/2024 13:00,9.42
5/21/2024 13:15,9.36
5/21/2024 13:30,9.36
5/21/2024 13:45,9.28
5/21/2024 14:00,9.16
5/21/2024 14:15,9.17
5/21/2024 14:30,9.04
5/21/2024 14:45,8.93
5/21/2024 15:00,9
5/21/2024 15:15,9.09
5/21/2024 15:30,9.16
5/21/2024 15:45,9.25
5/21/2024 16:00,9.21
5/21/2024 16:15,9.19
5/21/2024 16:30,9.29
5/21/2024 16:45,9.25
5/21/2024 17:00,9.31
5/21/2024 17:15,9.29
5/21/2024 17:30,9.35
5/21/2024 17:45,9.37
5/21/2024 18:00,9.4
5/21/2024 18:15,9.36
5/21/2024 18:30,9.35
5/21/2024 18:45,9.36
5/21/2024 19:00,9.37
5/21/2024 19:15,9.39
5/21/2024 19:30,9.38
5/21/2024 19:45,9.37
5/21/2024 20:00,9.36
5/21/2024 20:15,9.35
5/21/2024 20:30,9.36
5/21/2024 20:45,9.36
5/21/2024 21:00,9.37
5/21/2024 21:15,9.37
5/21/2024 21:30,9.37
5/21/2024 21:45,9.37
5/21/2024 22:00,9.37
5/21/2024 22:15,9.36
5/21/2024 22:30,9.37
5/21/2024 22:45,9.35
5/21/2024 23:00,9.34
5/21/2024 23:15,9.36
5/21/2024 23:30,9.35
5/21/2024 23:45,9.35
5/22/2024 0:00,9.34
5/22/2024 0:15,9.34
5/22/2024 0:30,9.34
5/22/2024 0:45,9.34
5/22/2024 1:00,9.31
5/22/2024 1:15,9.26
5/22/2024 1:30,9.22
5/22/2024 1:45,9.24
5/22/2024 2:00,9.25
5/22/2024 2:15,9.26
5/22/2024 2:30,9.24
5/22/2024 2:45,9.24
5/22/2024 3:00,9.23
5/22/2024 3:15,9.25
5/22/2024 3:30,9.25
5/22/2024 3:45,9.26
5/22/2024 4:00,9.26
5/22/2024 4:15,9.25
5/22/2024 4:30,9.21
5/22/2024 4:45,9.19
5/22/2024 5:00,9.22
5/22/2024 5:15,9.25
5/22/2024 5:30,9.25
5/22/2024 5:45,9.23
5/22/2024 6:00,9.2
5/22/2024 6:15,9.15
5/22/2024 6:30,9.18
5/22/2024 6:45,9.14
5/22/2024 7:00,9.16
5/22/2024 7:15,9.13
5/22/2024 7:30,9.16
5/22/2024 7:45,9.21
5/22/2024 8:00,8.86
5/22/2024 8:15,8.76
5/22/2024 8:30,8.87
5/22/2024 8:45,8.94
5/22/2024 9:00,8.92
5/22/2024 9:15,8.76
5/22/2024 9:30,8.72
5/22/2024 9:45,8.89
5/22/2024 10:00,8.93
5/22/2024 10:15,8.61
5/22/2024 10:30,8.62
5/22/2024 10:45,8.85
5/22/2024 11:00,8.89
5/22/2024 11:15,9.12
5/22/2024 11:30,9.03
5/22/2024 11:45,9.01
5/22/2024 12:00,8.9
5/22/2024 12:15,9.07
5/22/2024 12:30,9.03
5/22/2024 12:45,9.17
5/22/2024 13:00,9.17
5/22/2024 13:15,9.16
5/22/2024 13:30,9.2
5/22/2024 13:45,9.07
5/22/2024 14:00,9.14
5/22/2024 14:15,9.1
5/22/2024 14:30,9.11
5/22/2024 14:45,9.02
5/22/2024 15:00,9.12
5/22/2024 15:15,9.18
5/22/2024 15:30,9.07
5/22/2024 15:45,9.07
5/22/2024 16:00,9.13
5/22/2024 16:15,9.08
5/22/2024 16:30,9.13
5/22/2024 16:45,9.1
5/22/2024 17:00,9.11
5/22/2024 17:15,9.13
5/22/2024 17:30,9.19
5/22/2024 17:45,9.19
5/22/2024 18:00,9.16
5/22/2024 18:15,9.19
5/22/2024 18:30,9.23
5/22/2024 18:45,9.22
5/22/2024 19:00,9.19
5/22/2024 19:15,9.21
5/22/2024 19:30,9.18
5/22/2024 19:45,8.99
5/22/2024 20:00,9.06
5/22/2024 20:15,9.08
5/22/2024 20:30,9.04
5/22/2024 20:45,8.97
5/22/2024 21:00,8.88
5/22/2024 21:15,8.85
5/22/2024 21:30,8.89
5/22/2024 21:45,8.84
5/22/2024 22:00,8.84
5/22/2024 22:15,8.82
5/22/2024 22:30,8.78
5/22/2024 22:45,8.84
5/22/2024 23:00,8.8
5/22/2024 23:15,8.81
5/22/2024 23:30,8.85
5/22/2024 23:45,8.81
5/23/2024 0:00,8.77
5/23/2024 0:15,8.8
5/23/2024 0:30,8.77
5/23/2024 0:45,8.77
5/23/2024 1:00,8.89
5/23/2024 1:15,8.91
5/23/2024 1:30,8.85
5/23/2024 1:45,8.91
5/23/2024 2:00,8.96
5/23/2024 2:15,8.92
5/23/2024 2:30,8.92
5/23/2024 2:45,9.01
5/23/2024 3:00,9.02
5/23/2024 3:15,8.95
5/23/2024 3:30,8.99
5/23/2024 3:45,9
5/23/2024 4:00,9.01
5/23/2024 4:15,9.03
5/23/2024 4:30,9.11
5/23/2024 4:45,9.15
5/23/2024 5:00,9.15
5/23/2024 5:15,9.09
5/23/2024 5:30,9.03
5/23/2024 5:45,9.08
5/23/2024 6:00,9.04
5/23/2024 6:15,9.01
5/23/2024 6:30,9.01
5/23/2024 6:45,9.03
5/23/2024 7:00,9.07
5/23/2024 7:15,9.09
5/23/2024 7:30,9.14
5/23/2024 7:45,9.22
5/23/2024 8:00,9.23
5/23/2024 8:15,9.23
5/23/2024 8:30,9.2
5/23/2024 8:45,9.21
5/23/2024 9:00,9.25
5/23/2024 9:15,9.26
5/23/2024 9:30,9.27
5/23/2024 9:45,9.31
5/23/2024 10:00,9.32
5/23/2024 10:15,9.35
5/23/2024 10:30,9.41
5/23/2024 10:45,9.43
5/23/2024 11:00,9.49
5/23/2024 11:15,9.54
5/23/2024 11:30,9.56
5/23/2024 11:45,9.58
5/23/2024 12:00,9.64
5/23/2024 12:15,9.67
5/23/2024 12:30,9.63
5/23/2024 12:45,9.63
5/23/2024 13:00,9.69
5/23/2024 13:15,9.69
5/23/2024 13:30,9.74
5/23/2024 13:45,9.72
5/23/2024 14:00,9.7
5/23/2024 14:15,9.75
5/23/2024 14:30,9.76
5/23/2024 14:45,9.79
5/23/2024 15:00,9.81
5/23/2024 15:15,9.85
5/23/2024 15:30,9.82
5/23/2024 15:45,9.8
5/23/2024 16:00,9.77
5/23/2024 16:15,9.76
5/23/2024 16:30,9.73
5/23/2024 16:45,9.71
5/23/2024 17:00,9.71
5/23/2024 17:15,9.7
5/23/2024 17:30,9.68
5/23/2024 17:45,9.66
5/23/2024 18:00,9.66
5/23/2024 18:15,9.61
5/23/2024 18:30,9.57
5/23/2024 18:45,9.58
5/23/2024 19:00,9.53
5/23/2024 19:15,9.54
5/23/2024 19:30,9.48
5/23/2024 19:45,9.44
5/23/2024 20:00,9.42
5/23/2024 20:15,9.45
5/23/2024 20:30,9.46
5/23/2024 20:45,9.43
5/23/2024 21:00,9.34
5/23/2024 21:15,9.27
5/23/2024 21:30,9.24
5/23/2024 21:45,9.2
5/23/2024 22:00,9.15
5/23/2024 22:15,9.13
5/23/2024 22:30,9.1
5/23/2024 22:45,9.07
5/23/2024 23:00,9.04
5/23/2024 23:15,9.06
5/23/2024 23:30,9.03
5/23/2024 23:45,9.02
5/24/2024 0:00,8.98
5/24/2024 0:15,9
5/24/2024 0:30,8.99
5/24/2024 0:45,8.99
5/24/2024 1:00,9
5/24/2024 1:15,9.02
5/24/2024 1:30,9
5/24/2024 1:45,9.03
5/24/2024 2:00,9.03
5/24/2024 2:15,9.02
5/24/2024 2:30,9.04
5/24/2024 2:45,9.01
5/24/2024 3:00,9.01
5/24/2024 3:15,8.99
5/24/2024 3:30,8.95
5/24/2024 3:45,8.98
5/24/2024 4:00,8.99
5/24/2024 4:15,9
5/24/2024 4:30,9
5/24/2024 4:45,9.07
5/24/2024 5:00,9.11
5/24/2024 5:15,9.17
5/24/2024 5:30,9.22
5/24/2024 5:45,9.24
5/24/2024 6:00,9.24
5/24/2024 6:15,9.29
5/24/2024 6:30,9.38
5/24/2024 6:45,9.45
5/24/2024 7:00,9.46
5/24/2024 7:15,9.51
5/24/2024 7:30,9.53
5/24/2024 7:45,9.57
5/24/2024 8:00,9.59
5/24/2024 8:15,9.61
5/24/2024 8:30,9.63
5/24/2024 8:45,9.65
5/24/2024 9:00,9.69
5/24/2024 9:15,9.73
5/24/2024 9:30,9.74
5/24/2024 9:45,9.73
5/24/2024 10:00,9.77
5/24/2024 10:15,9.84
5/24/2024 10:30,9.87
5/24/2024 10:45,9.82
5/24/2024 11:00,9.98
5/24/2024 11:15,9.98
5/24/2024 11:30,9.97
5/24/2024 11:45,9.86
5/24/2024 12:00,9.96
5/24/2024 12:15,9.99
5/24/2024 12:30,10.1
5/24/2024 12:45,9.93
5/24/2024 13:00,10.18
5/24/2024 13:15,10.31
5/24/2024 13:30,10.08
5/24/2024 13:45,10.29
5/24/2024 14:00,10.2
5/24/2024 14:15,10.28
5/24/2024 14:30,10.09
5/24/2024 14:45,9.95
5/24/2024 15:00,9.99
5/24/2024 15:15,9.92
5/24/2024 15:30,9.96
5/24/2024 15:45,9.9
5/24/2024 16:00,9.89
5/24/2024 16:15,9.67
5/24/2024 16:30,9.51
5/24/2024 16:45,9.52
5/24/2024 17:00,9.6
5/24/2024 17:15,9.66
5/24/2024 17:30,9.68
5/24/2024 17:45,9.6
5/24/2024 18:00,9.66
5/24/2024 18:15,9.69
5/24/2024 18:30,9.67
5/24/2024 18:45,9.63
5/24/2024 19:00,9.65
5/24/2024 19:15,9.64
5/24/2024 19:30,9.65
5/24/2024 19:45,9.65
5/24/2024 20:00,9.64
5/24/2024 20:15,9.62
5/24/2024 20:30,9.62
5/24/2024 20:45,9.58
5/24/2024 21:00,9.56
5/24/2024 21:15,9.58
5/24/2024 21:30,9.59
5/24/2024 21:45,9.58
5/24/2024 22:00,9.57
5/24/2024 22:15,9.56
5/24/2024 22:30,9.55
5/24/2024 22:45,9.54
5/24/2024 23:00,9.5
5/24/2024 23:15,9.48
5/24/2024 23:30,9.47
5/24/2024 23:45,9.51
5/25/2024 0:00,9.53
5/25/2024 0:15,9.47
5/25/2024 0:30,9.52
5/25/2024 0:45,9.51
5/25/2024 1:00,9.51
5/25/2024 1:15,9.5
5/25/2024 1:30,9.52
5/25/2024 1:45,9.53
5/25/2024 2:00,9.54
5/25/2024 2:15,9.52
5/25/2024 2:30,9.49
5/25/2024 2:45,9.45
5/25/2024 3:00,9.39
5/25/2024 3:15,9.35
5/25/2024 3:30,9.3
5/25/2024 3:45,9.28
5/25/2024 4:00,9.3
5/25/2024 4:15,9.34
5/25/2024 4:30,9.28
5/25/2024 4:45,9.31
5/25/2024 5:00,9.28
5/25/2024 5:15,9.21
5/25/2024 5:30,9.24
5/25/2024 5:45,9.29
5/25/2024 6:00,9.28
5/25/2024 6:15,9.22
5/25/2024 6:30,9.19
5/25/2024 6:45,9.25
5/25/2024 7:00,9.3
5/25/2024 7:15,9.31
5/25/2024 7:30,9.24
5/25/2024 7:45,9.15
5/25/2024 8:00,9.26
5/25/2024 8:15,9.29
5/25/2024 8:30,9.28
5/25/2024 8:45,9.37
5/25/2024 9:00,9.28
5/25/2024 9:15,9.28
5/25/2024 9:30,9.28
5/25/2024 9:45,9.3
5/25/2024 10:00,9.37
5/25/2024 10:15,9.45
5/25/2024 10:30,9.48
5/25/2024 10:45,9.43
5/25/2024 11:00,9.47
5/25/2024 11:15,9.51
5/25/2024 11:30,9.53
5/25/2024 11:45,9.5
5/25/2024 12:00,9.55
5/25/2024 12:15,9.52
5/25/2024 12:30,9.44
5/25/2024 12:45,9.45
5/25/2024 13:00,9.56
5/25/2024 13:15,9.42
5/25/2024 13:30,9.41
5/25/2024 13:45,9.46
5/25/2024 14:00,9.37
5/25/2024 14:15,9.3
5/25/2024 14:30,9.4
5/25/2024 14:45,9.58
5/25/2024 15:00,9.52
5/25/2024 15:15,9.38
5/25/2024 15:30,9.41
5/25/2024 15:45,9.47
5/25/2024 16:00,9.47
5/25/2024 16:15,9.34
5/25/2024 16:30,9.2
5/25/2024 16:45,9.17
5/25/2024 17:00,9.28
5/25/2024 17:15,9.24
5/25/2024 17:30,9.2
5/25/2024 17:45,9.13
5/25/2024 18:00,9.12
5/25/2024 18:15,9.2
5/25/2024 18:30,9.2
5/25/2024 18:45,9.22
5/25/2024 19:00,9.18
5/25/2024 19:15,9.13
5/25/2024 19:30,9.11
5/25/2024 19:45,9.17
5/25/2024 20:00,9.09
5/25/2024 20:15,8.99
5/25/2024 20:30,9.05
5/25/2024 20:45,9.03
5/25/2024 21:00,9.12
5/25/2024 21:15,9.08
5/25/2024 21:30,9.1
5/25/2024 21:45,9.12
5/25/2024 22:00,9.15
5/25/2024 22:15,9.19
5/25/2024 22:30,9.17
5/25/2024 22:45,9.1
5/25/2024 23:00,9.11
5/25/2024 23:15,9.07
5/25/2024 23:30,9.05
5/25/2024 23:45,9.04
5/26/2024 0:00,9.12
5/26/2024 0:15,9.08
5/26/2024 0:30,9.09
5/26/2024 0:45,9.1
5/26/2024 1:00,9.07
5/26/2024 1:15,9.08
5/26/2024 1:30,9.11
5/26/2024 1:45,9.06
5/26/2024 2:00,9
5/26/2024 2:15,8.99
5/26/2024 2:30,9.04
5/26/2024 2:45,9.07
5/26/2024 3:00,9.07
5/26/2024 3:15,9.01
5/26/2024 3:30,8.99
5/26/2024 3:45,9.02
5/26/2024 4:00,9.02
5/26/2024 4:15,9.05
5/26/2024 4:30,8.88
5/26/2024 4:45,8.86
5/26/2024 5:00,8.89
5/26/2024 5:15,8.92
5/26/2024 5:30,8.87
5/26/2024 5:45,8.95
5/26/2024 6:00,9
5/26/2024 6:15,8.95
5/26/2024 6:30,9.04
5/26/2024 6:45,9.04
5/26/2024 7:00,9.09
5/26/2024 7:15,9.07
5/26/2024 7:30,9.14
5/26/2024 7:45,9.14
5/26/2024 8:00,9.19
5/26/2024 8:15,9.25
5/26/2024 8:30,9.27
5/26/2024 8:45,9.34
5/26/2024 9:00,9.43
5/26/2024 9:15,9.39
5/26/2024 9:30,9.49
5/26/2024 9:45,9.52
5/26/2024 10:00,9.53
5/26/2024 10:15,9.48
5/26/2024 10:30,9.56
5/26/2024 10:45,9.55
5/26/2024 11:00,9.65
5/26/2024 11:15,9.65
5/26/2024 11:30,9.76
5/26/2024 11:45,9.82
5/26/2024 12:00,9.85
5/26/2024 12:15,9.9
5/26/2024 12:30,9.97
5/26/2024 12:45,10.07
5/26/2024 13:00,10.07
5/26/2024 13:15,10.08
5/26/2024 13:30,10.12
5/26/2024 13:45,10.18
5/26/2024 14:00,10.18
5/26/2024 14:15,10.04
5/26/2024 14:30,10.09
5/26/2024 14:45,10.05
5/26/2024 15:00,9.98
5/26/2024 15:15,9.98
5/26/2024 15:30,10
5/26/2024 15:45,9.93
5/26/2024 16:00,9.92
5/26/2024 16:15,9.91
5/26/2024 16:30,9.93
5/26/2024 16:45,9.93
5/26/2024 17:00,9.94
5/26/2024 17:15,9.92
5/26/2024 17:30,9.92
5/26/2024 17:45,9.91
5/26/2024 18:00,9.91
5/26/2024 18:15,9.9
5/26/2024 18:30,9.87
5/26/2024 18:45,9.79
5/26/2024 19:00,9.79
5/26/2024 19:15,9.77
5/26/2024 19:30,9.68
5/26/2024 19:45,9.65
5/26/2024 20:00,9.67
5/26/2024 20:15,9.63
5/26/2024 20:30,9.63
5/26/2024 20:45,9.6
5/26/2024 21:00,9.55
5/26/2024 21:15,9.48
5/26/2024 21:30,9.36
5/26/2024 21:45,9.31
5/26/2024 22:00,9.27
5/26/2024 22:15,9.22
5/26/2024 22:30,9.24
5/26/2024 22:45,9.24
5/26/2024 23:00,9.27
5/26/2024 23:15,9.32
5/26/2024 23:30,9.39
5/26/2024 23:45,9.36
5/27/2024 0:00,9.36
5/27/2024 0:15,9.34
5/27/2024 0:30,9.35
5/27/2024 0:45,9.33
5/27/2024 1:00,9.27
5/27/2024 1:15,9.2
5/27/2024 1:30,9.25
5/27/2024 1:45,9.3
5/27/2024 2:00,9.29
5/27/2024 2:15,9.23
5/27/2024 2:30,9.18
5/27/2024 2:45,9.17
5/27/2024 3:00,9.15
5/27/2024 3:15,9.16
5/27/2024 3:30,9.18
5/27/2024 3:45,9.18
5/27/2024 4:00,9.21
5/27/2024 4:15,9.26
5/27/2024 4:30,9.2
5/27/2024 4:45,9.23
5/27/2024 5:00,9.32
5/27/2024 5:15,9.37
5/27/2024 5:30,9.46
5/27/2024 5:45,9.53
5/27/2024 6:00,9.57
5/27/2024 6:00,9.57
5/27/2024 6:15,9.62
5/27/2024 6:30,9.63
5/27/2024 6:45,9.68
5/27/2024 7:00,9.69
5/27/2024 7:15,9.73
5/27/2024 7:30,9.74
5/27/2024 7:45,9.77
5/27/2024 8:00,9.77
5/27/2024 8:15,9.8
5/27/2024 8:30,9.83
5/27/2024 8:45,9.83
5/27/2024 9:00,9.86
5/27/2024 9:15,9.88
5/27/2024 9:30,9.89
5/27/2024 9:45,9.93
5/27/2024 10:00,9.96
5/27/2024 10:15,9.98
5/27/2024 10:30,10
5/27/2024 10:45,10.01
5/27/2024 11:00,10.03
5/27/2024 11:15,10.04
5/27/2024 11:30,10.07
5/27/2024 11:45,10.1
5/27/2024 12:00,10.1
5/27/2024 12:15,10.12
5/27/2024 12:30,10.15
5/27/2024 12:45,10.15
5/27/2024 13:00,10.16
5/27/2024 13:15,10.17
5/27/2024 13:30,10.16
5/27/2024 13:45,10.18
5/27/2024 14:00,10.18
5/27/2024 14:15,10.19
5/27/2024 14:30,10.2
5/27/2024 14:45,10.21
5/27/2024 15:00,10.21
5/27/2024 15:15,10.21
5/27/2024 15:30,10.2
5/27/2024 15:45,10.19
5/27/2024 16:00,10.19
5/27/2024 16:15,10.19
5/27/2024 16:30,10.2
5/27/2024 16:45,10.18
5/27/2024 17:00,10.17
5/27/2024 17:15,10.15
5/27/2024 17:30,10.14
5/27/2024 17:45,10.14
5/27/2024 18:00,10.12
5/27/2024 18:15,10.09
5/27/2024 18:30,10.08
5/27/2024 18:45,10.06
5/27/2024 19:00,10.04
5/27/2024 19:15,10
5/27/2024 19:30,9.97
5/27/2024 19:45,9.93
5/27/2024 20:00,9.84
5/27/2024 20:15,9.85
5/27/2024 20:30,9.85
5/27/2024 20:45,9.83
5/27/2024 21:00,9.84
5/27/2024 21:15,9.82
5/27/2024 21:30,9.8
5/27/2024 21:45,9.74
5/27/2024 22:00,9.67
5/27/2024 22:15,9.63
5/27/2024 22:30,9.59
5/27/2024 22:45,9.54
5/27/2024 23:00,9.52
5/27/2024 23:15,9.5
5/27/2024 23:30,9.59
5/27/2024 23:45,9.58
5/28/2024 0:00,9.56
5/28/2024 0:15,9.57
5/28/2024 0:30,9.6
5/28/2024 0:45,9.67
5/28/2024 1:00,9.66
5/28/2024 1:15,9.71
5/28/2024 1:30,9.72
5/28/2024 1:45,9.74
5/28/2024 2:00,9.74
5/28/2024 2:15,9.72
5/28/2024 2:30,9.72
5/28/2024 2:45,9.74
5/28/2024 3:00,9.74
5/28/2024 3:15,9.75
5/28/2024 3:30,9.77
5/28/2024 3:45,9.77
5/28/2024 4:00,9.78
5/28/2024 4:15,9.8
5/28/2024 4:30,9.79
5/28/2024 4:45,9.81
5/28/2024 5:00,9.79
5/28/2024 5:15,9.8
5/28/2024 5:30,9.83
5/28/2024 5:45,9.91
5/28/2024 6:00,9.87
5/28/2024 6:15,9.85
5/28/2024 6:30,9.89
5/28/2024 6:45,9.92
5/28/2024 7:00,9.91
5/28/2024 7:15,10.17
5/28/2024 7:30,10.14
5/28/2024 7:45,10.04
5/28/2024 8:00,10.02
5/28/2024 8:15,10.2
5/28/2024 8:30,10.53
5/28/2024 8:45,10.63
5/28/2024 9:00,10.62
5/28/2024 9:15,10.69
5/28/2024 9:30,10.68
5/28/2024 9:45,10.64
5/28/2024 10:00,10.61
5/28/2024 10:15,10.63
5/28/2024 10:30,10.74
5/28/2024 10:45,10.84
5/28/2024 11:00,10.88
5/28/2024 11:15,11.01
5/28/2024 11:30,11.05
5/28/2024 11:45,10.97
5/28/2024 12:00,10.92
5/28/2024 12:15,10.98
5/28/2024 12:30,11.11
5/28/2024 12:45,11.05
5/28/2024 13:00,11.11
5/28/2024 13:15,10.97
5/28/2024 13:30,10.88
5/28/2024 13:45,10.99
5/28/2024 14:00,10.93
5/28/2024 14:15,10.54
5/28/2024 14:30,10.65
5/28/2024 14:45,10.83
5/28/2024 15:00,10.71
5/28/2024 15:15,10.54
5/28/2024 15:30,10.38
5/28/2024 15:45,10.54
5/28/2024 16:00,10.43
5/28/2024 16:15,10.57
5/28/2024 16:30,10.56
5/28/2024 16:45,10.42
5/28/2024 17:00,10.27
5/28/2024 17:15,10.14
5/28/2024 17:30,10.19
5/28/2024 17:45,10.22
5/28/2024 18:00,10.19
5/28/2024 18:15,10.12
5/28/2024 18:30,10.09
5/28/2024 18:45,10.1
5/28/2024 19:00,9.99
5/28/2024 19:15,9.91
5/28/2024 19:30,9.91
5/28/2024 19:45,9.92
5/28/2024 20:00,9.75
5/28/2024 20:15,9.66
5/28/2024 20:30,9.62
5/28/2024 20:45,9.63
5/28/2024 21:00,9.61
5/28/2024 21:15,9.67
5/28/2024 21:30,9.58
5/28/2024 21:45,9.57
5/28/2024 22:00,9.55
5/28/2024 22:15,9.53
5/28/2024 22:30,9.51
5/28/2024 22:45,9.55
5/28/2024 23:00,9.49
5/28/2024 23:15,9.53
5/28/2024 23:30,9.47
5/28/2024 23:45,9.47
5/29/2024 0:00,9.45
5/29/2024 0:15,9.36
5/29/2024 0:30,9.29
5/29/2024 0:45,9.17
5/29/2024 1:00,9.14
5/29/2024 1:15,9.11
5/29/2024 1:30,9.07
5/29/2024 1:45,9.07
5/29/2024 2:00,9.05
5/29/2024 2:15,8.94
5/29/2024 2:30,8.95
5/29/2024 2:45,8.99
5/29/2024 3:00,9.02
5/29/2024 3:15,8.98
5/29/2024 3:30,8.98
5/29/2024 3:45,9.09
5/29/2024 4:00,9.12
5/29/2024 4:15,9.03
5/29/2024 4:30,9.12
5/29/2024 4:45,9.16
5/29/2024 5:00,9.24
5/29/2024 5:15,9.25
5/29/2024 5:30,9.25
5/29/2024 5:45,9.24
5/29/2024 6:00,9.25
5/29/2024 6:15,9.25
5/29/2024 6:30,9.29
5/29/2024 6:45,9.32
5/29/2024 7:00,9.35
5/29/2024 7:15,9.38
5/29/2024 7:30,9.39
5/29/2024 7:45,9.45
5/29/2024 8:00,9.53
5/29/2024 8:15,9.44
5/29/2024 8:30,9.44
5/29/2024 8:45,9.47
5/29/2024 9:00,9.63
5/29/2024 9:15,9.62
5/29/2024 9:30,9.56
5/29/2024 9:45,9.49
5/29/2024 10:00,9.68
5/29/2024 10:15,9.71
5/29/2024 10:30,9.54
5/29/2024 10:45,9.52
5/29/2024 11:00,9.65
5/29/2024 11:15,9.74
5/29/2024 11:30,9.87
5/29/2024 11:45,9.84
5/29/2024 12:00,9.68
5/29/2024 12:15,9.76
5/29/2024 12:30,9.76
5/29/2024 12:45,9.77
5/29/2024 13:00,10.11
5/29/2024 13:15,9.83
5/29/2024 13:30,9.5
5/29/2024 13:45,9.65
5/29/2024 14:00,9.66
5/29/2024 14:15,9.84
5/29/2024 14:30,9.93
5/29/2024 14:45,9.68
5/29/2024 15:00,9.68
5/29/2024 15:15,9.75
5/29/2024 15:30,9.84
5/29/2024 15:45,9.89
5/29/2024 16:00,9.94
5/29/2024 16:15,10.02
5/29/2024 16:30,9.97
5/29/2024 16:45,9.87
5/29/2024 17:00,9.68
5/29/2024 17:15,9.5
5/29/2024 17:30,9.63
5/29/2024 17:45,9.69
5/29/2024 18:00,9.72
5/29/2024 18:15,9.7
5/29/2024 18:30,9.63
5/29/2024 18:45,9.62
5/29/2024 19:00,9.64
5/29/2024 19:15,9.61
5/29/2024 19:30,9.62
5/29/2024 19:45,9.53
5/29/2024 20:00,9.38
5/29/2024 20:15,9.27
5/29/2024 20:30,9.35
5/29/2024 20:45,9.36
5/29/2024 21:00,9.18
5/29/2024 21:15,9.21
5/29/2024 21:30,9.15
5/29/2024 21:45,9.2
5/29/2024 22:00,9.25
5/29/2024 22:15,9.34
5/29/2024 22:30,9.21
5/29/2024 22:45,9.11
5/29/2024 23:00,9.13
5/29/2024 23:15,8.93
5/29/2024 23:30,9
5/29/2024 23:45,8.94
5/30/2024 0:00,8.86
5/30/2024 0:15,8.7
5/30/2024 0:30,8.67
5/30/2024 0:45,8.75
5/30/2024 1:00,8.86
5/30/2024 1:15,8.83
5/30/2024 1:30,8.77
5/30/2024 1:45,8.95
5/30/2024 2:00,8.97
5/30/2024 2:15,8.73
5/30/2024 2:30,8.63
5/30/2024 2:45,8.63
5/30/2024 3:00,8.77
5/30/2024 3:15,8.59
5/30/2024 3:30,8.49
5/30/2024 3:45,8.53
5/30/2024 4:00,8.56
5/30/2024 4:15,8.5
5/30/2024 4:30,8.54
5/30/2024 4:45,8.6
5/30/2024 5:00,8.7
5/30/2024 5:15,8.93
5/30/2024 5:30,9.11
5/30/2024 5:45,9.04
5/30/2024 6:00,9.1
5/30/2024 6:15,9.09
5/30/2024 6:30,9.11
5/30/2024 6:45,9.14
5/30/2024 7:00,9.17
5/30/2024 7:15,9.18
5/30/2024 7:30,9.26
5/30/2024 7:45,9.21
5/30/2024 8:00,9.21
5/30/2024 8:15,9.3
5/30/2024 8:30,9.36
5/30/2024 8:45,9.38
5/30/2024 9:00,9.46
5/30/2024 9:15,9.59
5/30/2024 9:30,9.66
5/30/2024 9:45,9.66
5/30/2024 10:00,9.75
5/30/2024 10:15,9.84
5/30/2024 10:30,9.92
5/30/2024 10:45,9.8
5/30/2024 11:00,9.76
5/30/2024 11:15,9.75
5/30/2024 11:30,9.98
5/30/2024 11:45,10.01
5/30/2024 12:00,10.02
5/30/2024 12:15,10.12
5/30/2024 12:30,10.1
5/30/2024 12:45,10.18
5/30/2024 13:00,10.2
5/30/2024 13:15,10.22
5/30/2024 13:30,10.19
5/30/2024 13:45,10.31
5/30/2024 14:00,10.27
5/30/2024 14:15,10.25
5/30/2024 14:30,10.28
5/30/2024 14:45,10.23
5/30/2024 15:00,10.24
5/30/2024 15:15,10.26
5/30/2024 15:30,10.17
5/30/2024 15:45,10.17
5/30/2024 16:00,10.17
5/30/2024 16:15,10.13
5/30/2024 16:30,10.09
5/30/2024 16:45,10.12
5/30/2024 17:00,10.09
5/30/2024 17:15,10.03
5/30/2024 17:30,10.05
5/30/2024 17:45,10.05
5/30/2024 18:00,10.03
5/30/2024 18:15,9.98
5/30/2024 18:30,9.89
5/30/2024 18:45,9.78
5/30/2024 19:00,9.68
5/30/2024 19:15,9.55
5/30/2024 19:30,9.48
5/30/2024 19:45,9.36
5/30/2024 20:00,9.26
5/30/2024 20:15,9.23
5/30/2024 20:30,9.11
5/30/2024 20:45,9.06
5/30/2024 21:00,9.02
5/30/2024 21:15,8.97
5/30/2024 21:30,8.96
5/30/2024 21:45,8.84
5/30/2024 22:00,8.85
5/30/2024 22:15,8.81
5/30/2024 22:30,8.79
5/30/2024 22:45,8.67
5/30/2024 23:00,8.7
5/30/2024 23:15,8.71
5/30/2024 23:30,8.71
5/30/2024 23:45,8.62
5/31/2024 0:00,8.64
5/31/2024 0:15,8.66
5/31/2024 0:30,8.62
5/31/2024 0:45,8.71
5/31/2024 1:00,8.56
5/31/2024 1:15,8.52
5/31/2024 1:30,8.59
5/31/2024 1:45,8.53
5/31/2024 2:00,8.55
5/31/2024 2:15,8.56
5/31/2024 2:30,8.76
5/31/2024 2:45,8.76
5/31/2024 3:00,8.66
5/31/2024 3:15,8.55
5/31/2024 3:30,8.5
5/31/2024 3:45,8.65
5/31/2024 4:00,8.64
5/31/2024 4:15,8.59
5/31/2024 4:30,8.74
5/31/2024 4:45,8.88
5/31/2024 5:00,8.91
5/31/2024 5:15,9.02
5/31/2024 5:30,9.02
5/31/2024 5:45,9.19
5/31/2024 6:00,9.32
5/31/2024 6:15,9.44
5/31/2024 6:30,9.48
5/31/2024 6:45,9.56
5/31/2024 7:00,9.5
5/31/2024 7:15,9.54
5/31/2024 7:30,9.57
5/31/2024 7:45,9.6
5/31/2024 8:00,9.65
5/31/2024 8:15,9.71
5/31/2024 8:30,9.77
5/31/2024 8:45,9.81
5/31/2024 9:00,9.86
5/31/2024 9:15,9.9
5/31/2024 9:30,9.94
5/31/2024 9:45,9.97
5/31/2024 10:00,10.02
5/31/2024 10:15,10.04
5/31/2024 10:30,10.07
5/31/2024 10:45,10.1
5/31/2024 11:00,10.13
5/31/2024 11:15,10.14
5/31/2024 11:30,10.16
5/31/2024 11:45,10.2
5/31/2024 12:00,10.21
5/31/2024 12:15,10.24
5/31/2024 12:30,10.28
5/31/2024 12:45,10.3
5/31/2024 13:00,10.32
5/31/2024 13:15,10.33
5/31/2024 13:30,10.34
5/31/2024 13:45,10.42
5/31/2024 14:00,10.45
5/31/2024 14:15,10.47
5/31/2024 14:30,10.45
5/31/2024 14:45,10.48
5/31/2024 15:00,10.45
5/31/2024 15:15,10.46
5/31/2024 15:30,10.44
5/31/2024 15:45,10.42
5/31/2024 16:00,10.42
5/31/2024 16:15,10.39
5/31/2024 16:30,10.37
5/31/2024 16:45,10.37
5/31/2024 17:00,10.34
5/31/2024 17:15,10.3
5/31/2024 17:30,10.3
5/31/2024 17:45,10.29
5/31/2024 18:00,10.25
5/31/2024 18:15,10.22
5/31/2024 18:30,10.15
5/31/2024 18:45,10.08
5/31/2024 19:00,9.96
5/31/2024 19:15,9.87
5/31/2024 19:30,9.8
5/31/2024 19:45,9.7
5/31/2024 20:00,9.55
5/31/2024 20:15,9.52
5/31/2024 20:30,9.45
5/31/2024 20:45,9.36
5/31/2024 21:00,9.26
5/31/2024 21:15,9.21
5/31/2024 21:30,9.24
5/31/2024 21:45,9.17
5/31/2024 22:00,9.1
5/31/2024 22:15,9.11
5/31/2024 22:30,9.1
5/31/2024 22:45,9.08
5/31/2024 23:00,9.06
5/31/2024 23:15,9.04
5/31/2024 23:30,9.04
5/31/2024 23:45,9.03
6/1/2024 0:00,9.05
6/1/2024 0:15,9.12
6/1/2024 0:30,9.11
6/1/2024 0:45,9.13
6/1/2024 1:00,9.06
6/1/2024 1:15,9.09
6/1/2024 1:30,9.12
6/1/2024 1:45,9.03
6/1/2024 2:00,9
6/1/2024 2:15,9.03
6/1/2024 2:30,9.08
6/1/2024 2:45,9.11
6/1/2024 3:00,9.18
6/1/2024 3:15,9.16
6/1/2024 3:30,9.25
6/1/2024 3:45,9.22
6/1/2024 4:00,9.27
6/1/2024 4:15,9.33
6/1/2024 4:30,9.31
6/1/2024 4:45,9.34
6/1/2024 5:00,9.47
6/1/2024 5:15,9.58
6/1/2024 5:30,9.65
6/1/2024 5:45,9.73
6/1/2024 6:00,9.76
6/1/2024 6:15,9.76
6/1/2024 6:30,9.8
6/1/2024 6:45,9.81
6/1/2024 7:00,9.85
6/1/2024 7:15,9.88
6/1/2024 7:30,9.88
6/1/2024 7:45,9.9
6/1/2024 8:00,9.96
6/1/2024 8:15,9.98
6/1/2024 8:30,10.03
6/1/2024 8:45,10.07
6/1/2024 9:00,10.09
6/1/2024 9:15,10.12
6/1/2024 9:30,10.14
6/1/2024 9:45,10.17
6/1/2024 10:00,10.2
6/1/2024 10:15,10.24
6/1/2024 10:30,10.35
6/1/2024 10:45,10.33
6/1/2024 11:00,10.37
6/1/2024 11:15,10.34
6/1/2024 11:30,10.37
6/1/2024 11:45,10.36
6/1/2024 12:00,10.36
6/1/2024 12:15,10.34
6/1/2024 12:30,10.32
6/1/2024 12:45,10.36
6/1/2024 13:00,10.44
6/1/2024 13:15,10.44
6/1/2024 13:30,10.44
6/1/2024 13:45,10.45
6/1/2024 14:00,10.43
6/1/2024 14:15,10.41
6/1/2024 14:30,10.46
6/1/2024 14:45,10.48
6/1/2024 15:00,10.67
6/1/2024 15:15,10.71
6/1/2024 15:30,10.6
6/1/2024 15:45,10.63
6/1/2024 16:00,10.6
6/1/2024 16:15,10.61
6/1/2024 16:30,10.67
6/1/2024 16:45,10.55
6/1/2024 17:00,10.47
6/1/2024 17:15,10.45
6/1/2024 17:30,10.45
6/1/2024 17:45,10.46
6/1/2024 18:00,10.41
6/1/2024 18:15,10.41
6/1/2024 18:30,10.39
6/1/2024 18:45,10.38
6/1/2024 19:00,10.36
6/1/2024 19:15,10.35
6/1/2024 19:30,10.33
6/1/2024 19:45,10.31
6/1/2024 20:00,10.3
6/1/2024 20:15,10.27
6/1/2024 20:30,10.27
6/1/2024 20:45,10.26
6/1/2024 21:00,10.24
6/1/2024 21:15,10.24
6/1/2024 21:30,10.22
6/1/2024 21:45,10.2
6/1/2024 22:00,10.17
6/1/2024 22:15,10.07
6/1/2024 22:30,9.98
6/1/2024 22:45,9.9
6/1/2024 23:00,9.84
6/1/2024 23:15,9.78
6/1/2024 23:30,9.77
6/1/2024 23:45,9.8
6/2/2024 0:00,9.8
6/2/2024 0:15,9.78
6/2/2024 0:30,9.8
6/2/2024 0:45,9.87
6/2/2024 1:00,9.92
6/2/2024 1:15,9.97
6/2/2024 1:30,9.9
6/2/2024 1:45,9.9
6/2/2024 2:00,9.88
6/2/2024 2:15,9.74
6/2/2024 2:30,9.73
6/2/2024 2:45,9.76
6/2/2024 3:00,9.81
6/2/2024 3:15,9.84
6/2/2024 3:30,9.84
6/2/2024 3:45,9.85
6/2/2024 4:00,9.87
6/2/2024 4:15,9.83
6/2/2024 4:30,9.84
6/2/2024 4:45,9.92
6/2/2024 5:00,10
6/2/2024 5:15,10.02
6/2/2024 5:30,10.04
6/2/2024 5:45,10.06
6/2/2024 6:00,10.11
6/2/2024 6:15,10.15
6/2/2024 6:30,10.15
6/2/2024 6:45,10.14
6/2/2024 7:00,10.14
6/2/2024 7:15,10.16
6/2/2024 7:30,10.19
6/2/2024 7:45,10.19
6/2/2024 8:00,10.21
6/2/2024 8:15,10.23
6/2/2024 8:30,10.23
6/2/2024 8:45,10.26
6/2/2024 9:00,10.29
6/2/2024 9:15,10.34
6/2/2024 9:30,10.41
6/2/2024 9:45,10.41
6/2/2024 10:00,10.49
6/2/2024 10:15,10.48
6/2/2024 10:30,10.5
6/2/2024 10:45,10.44
6/2/2024 11:00,10.42
6/2/2024 11:15,10.39
6/2/2024 11:30,10.38
6/2/2024 11:45,10.37
6/2/2024 12:00,10.36
6/2/2024 12:15,10.36
6/2/2024 12:30,10.37
6/2/2024 12:45,10.39
6/2/2024 13:00,10.41
6/2/2024 13:15,10.43
6/2/2024 13:30,10.45
6/2/2024 13:45,10.42
6/2/2024 14:00,10.46
6/2/2024 14:15,10.58
6/2/2024 14:30,10.5
6/2/2024 14:45,10.47
6/2/2024 15:00,10.43
6/2/2024 15:15,10.44
6/2/2024 15:30,10.53
6/2/2024 15:45,10.48
6/2/2024 16:00,10.52
6/2/2024 16:15,10.65
6/2/2024 16:30,10.59
6/2/2024 16:45,10.55
6/2/2024 17:00,10.39
6/2/2024 17:15,10.37
6/2/2024 17:30,10.35
6/2/2024 17:45,10.34
6/2/2024 18:00,10.34
6/2/2024 18:15,10.33
6/2/2024 18:30,10.33
6/2/2024 18:45,10.32
6/2/2024 19:00,10.31
6/2/2024 19:15,10.33
6/2/2024 19:30,10.31
6/2/2024 19:45,10.31
6/2/2024 20:00,10.32
6/2/2024 20:15,10.34
6/2/2024 20:30,10.34
6/2/2024 20:45,10.33
6/2/2024 21:00,10.35
6/2/2024 21:15,10.37
6/2/2024 21:30,10.37
6/2/2024 21:45,10.39
6/2/2024 22:00,10.46
6/2/2024 22:15,10.43
6/2/2024 22:30,10.4
6/2/2024 22:45,10.4
6/2/2024 23:00,10.44
6/2/2024 23:15,10.39
6/2/2024 23:30,10.37
6/2/2024 23:45,10.32
6/3/2024 0:00,10.3
6/3/2024 0:15,10.31
6/3/2024 0:30,10.3
6/3/2024 0:45,10.28
6/3/2024 1:00,10.27
6/3/2024 1:15,10.28
6/3/2024 1:30,10.27
6/3/2024 1:45,10.26
6/3/2024 2:00,10.25
6/3/2024 2:15,10.26
6/3/2024 2:30,10.25
6/3/2024 2:45,10.24
6/3/2024 3:00,10.23
6/3/2024 3:15,10.24
6/3/2024 3:30,10.23
6/3/2024 3:45,10.27
6/3/2024 4:00,10.24
6/3/2024 4:15,10.28
6/3/2024 4:30,10.29
6/3/2024 4:45,10.24
6/3/2024 5:00,10.24
6/3/2024 5:15,10.23
6/3/2024 5:30,10.23
6/3/2024 5:45,10.23
6/3/2024 6:00,10.22
6/3/2024 6:10,10.24
6/3/2024 6:15,10.23
6/3/2024 6:30,10.26
6/3/2024 6:45,10.3
6/3/2024 7:00,10.3
6/3/2024 7:15,10.31
6/3/2024 7:30,10.3
6/3/2024 7:45,10.36
6/3/2024 8:00,10.39
6/3/2024 8:15,10.39
6/3/2024 8:30,10.38
6/3/2024 8:45,10.39
6/3/2024 9:00,10.37
6/3/2024 9:15,10.32
6/3/2024 9:30,10.34
6/3/2024 9:45,10.33
6/3/2024 10:00,10.31
6/3/2024 10:15,10.42
6/3/2024 10:30,10.48
6/3/2024 10:45,10.18
6/3/2024 11:00,10.2
6/3/2024 11:15,10.2
6/3/2024 11:30,10
6/3/2024 11:45,9.81
6/3/2024 12:00,9.84
6/3/2024 12:15,10.1
6/3/2024 12:30,10.04
6/3/2024 12:45,9.93
6/3/2024 13:00,10.14
6/3/2024 13:15,10.08
6/3/2024 13:30,9.99
6/3/2024 13:45,9.92
6/3/2024 14:00,9.96
6/3/2024 14:15,9.86
6/3/2024 14:30,9.95
6/3/2024 14:45,9.81
6/3/2024 15:00,9.79
6/3/2024 15:15,9.84
6/3/2024 15:30,9.92
6/3/2024 15:45,9.93
6/3/2024 16:00,9.97
6/3/2024 16:15,9.87
6/3/2024 16:30,9.88
6/3/2024 16:45,9.75
6/3/2024 17:00,9.79
6/3/2024 17:15,9.77
6/3/2024 17:30,9.78
6/3/2024 17:45,9.71
6/3/2024 18:00,9.69
6/3/2024 18:15,9.63
6/3/2024 18:30,9.54
6/3/2024 18:45,9.52
6/3/2024 19:00,9.54
6/3/2024 19:15,9.51
6/3/2024 19:30,9.52
6/3/2024 19:45,9.47
6/3/2024 20:00,9.52
6/3/2024 20:15,9.55
6/3/2024 20:30,9.54
6/3/2024 20:45,9.57
6/3/2024 21:00,9.58
6/3/2024 21:15,9.57
6/3/2024 21:30,9.53
6/3/2024 21:45,9.53
6/3/2024 22:00,9.57
6/3/2024 22:15,9.52
6/3/2024 22:30,9.5
6/3/2024 22:45,9.5
6/3/2024 23:00,9.52
6/3/2024 23:15,9.55
6/3/2024 23:30,9.56
6/3/2024 23:45,9.58
6/4/2024 0:00,9.58
6/4/2024 0:15,9.6
6/4/2024 0:30,9.59
6/4/2024 0:45,9.59
6/4/2024 1:00,9.55
6/4/2024 1:15,9.55
6/4/2024 1:30,9.6
6/4/2024 1:45,9.63
6/4/2024 2:00,9.64
6/4/2024 2:15,9.68
6/4/2024 2:30,9.69
6/4/2024 2:45,9.69
6/4/2024 3:00,9.71
6/4/2024 3:15,9.71
6/4/2024 3:30,9.71
6/4/2024 3:45,9.73
6/4/2024 4:00,9.73
6/4/2024 4:15,9.73
6/4/2024 4:30,9.71
6/4/2024 4:45,9.74
6/4/2024 5:00,9.76
6/4/2024 5:15,9.77
6/4/2024 5:30,9.76
6/4/2024 5:45,9.81
6/4/2024 6:00,9.84
6/4/2024 6:15,9.84
6/4/2024 6:30,9.85
6/4/2024 6:45,9.85
6/4/2024 7:00,9.85
6/4/2024 7:15,9.84
6/4/2024 7:30,9.85
6/4/2024 7:45,9.88
6/4/2024 8:00,9.88
6/4/2024 8:15,9.9
6/4/2024 8:30,9.92
6/4/2024 8:45,9.94
6/4/2024 9:00,9.92
6/4/2024 9:15,9.94
6/4/2024 9:30,9.93
6/4/2024 9:45,9.94
6/4/2024 10:00,9.98
6/4/2024 10:15,10
6/4/2024 10:30,9.98
6/4/2024 10:45,9.99
6/4/2024 11:00,9.98
6/4/2024 11:15,9.98
6/4/2024 11:30,9.99
6/4/2024 11:45,10.01
6/4/2024 12:00,10.02
6/4/2024 12:15,10.03
6/4/2024 12:30,10.03
6/4/2024 12:45,10.04
6/4/2024 13:00,10.03
6/4/2024 13:15,10.04
6/4/2024 13:30,10.05
6/4/2024 13:45,10.03
6/4/2024 14:00,10.06
6/4/2024 14:15,10.07
6/4/2024 14:30,10.06
6/4/2024 14:45,10.07
6/4/2024 15:00,10.06
6/4/2024 15:15,10.08
6/4/2024 15:30,10.18
6/4/2024 15:45,10.34
6/4/2024 16:00,10.4
6/4/2024 16:15,10.43
6/4/2024 16:30,10.52
6/4/2024 16:45,10.56
6/4/2024 17:00,10.51
6/4/2024 17:15,10.5
6/4/2024 17:30,10.44
6/4/2024 17:45,10.42
6/4/2024 18:00,10.4
6/4/2024 18:15,10.43
6/4/2024 18:30,10.35
6/4/2024 18:45,10.31
6/4/2024 19:00,10.27
6/4/2024 19:15,10.21
6/4/2024 19:30,10.2
6/4/2024 19:45,10.17
6/4/2024 20:00,10.13
6/4/2024 20:15,10.13
6/4/2024 20:30,10.13
6/4/2024 20:45,10.1
6/4/2024 21:00,10.08
6/4/2024 21:15,10.05
6/4/2024 21:30,10.04
6/4/2024 21:45,10.03
6/4/2024 22:00,10
6/4/2024 22:15,9.98
6/4/2024 22:30,9.96
6/4/2024 22:45,9.96
6/4/2024 23:00,9.97
6/4/2024 23:15,9.97
6/4/2024 23:30,9.95
6/4/2024 23:45,9.96
6/5/2024 0:00,9.95
6/5/2024 0:15,9.96
6/5/2024 0:30,9.97
6/5/2024 0:45,9.98
6/5/2024 1:00,9.99
6/5/2024 1:15,9.97
6/5/2024 1:30,9.98
6/5/2024 1:45,9.99
6/5/2024 2:00,9.98
6/5/2024 2:15,9.97
6/5/2024 2:30,9.98
6/5/2024 2:45,9.99
6/5/2024 3:00,9.98
6/5/2024 3:15,9.97
6/5/2024 3:30,9.97
6/5/2024 3:45,9.95
6/5/2024 4:00,9.93
6/5/2024 4:15,9.92
6/5/2024 4:30,9.95
6/5/2024 4:45,9.95
6/5/2024 5:00,9.96
6/5/2024 5:15,9.95
6/5/2024 5:30,9.95
6/5/2024 5:45,9.98
6/5/2024 6:00,9.99
6/5/2024 6:15,10.01
6/5/2024 6:30,10.02
6/5/2024 6:45,10.02
6/5/2024 7:00,10.03
6/5/2024 7:15,10.03
6/5/2024 7:30,10.05
6/5/2024 7:45,10.08
6/5/2024 8:00,10.32
6/5/2024 8:15,10.37
6/5/2024 8:30,10.4
6/5/2024 8:45,10.4
6/5/2024 9:00,10.42
6/5/2024 9:15,10.43
6/5/2024 9:30,10.51
6/5/2024 9:45,10.56
6/5/2024 10:00,10.55
6/5/2024 10:15,10.61
6/5/2024 10:30,10.68
6/5/2024 10:45,10.77
6/5/2024 11:00,10.79
6/5/2024 11:15,10.86
6/5/2024 11:30,10.87
6/5/2024 11:45,10.87
6/5/2024 12:00,11.01
6/5/2024 12:15,11.02
6/5/2024 12:30,11.01
6/5/2024 12:45,10.96
6/5/2024 13:00,11.05
6/5/2024 13:15,11.02
6/5/2024 13:30,11.06
6/5/2024 13:45,11.07
6/5/2024 14:00,11.12
6/5/2024 14:15,10.96
6/5/2024 14:30,11.1
6/5/2024 14:45,11
6/5/2024 15:00,11.03
6/5/2024 15:15,10.98
6/5/2024 15:30,10.98
6/5/2024 15:45,10.93
6/5/2024 16:00,10.95
6/5/2024 16:15,10.89
6/5/2024 16:30,10.84
6/5/2024 16:45,10.84
6/5/2024 17:00,10.8
6/5/2024 17:15,10.8
6/5/2024 17:30,10.77
6/5/2024 17:45,10.73
6/5/2024 18:00,10.71
6/5/2024 18:15,10.67
6/5/2024 18:30,10.63
6/5/2024 18:45,10.58
6/5/2024 19:00,10.49
6/5/2024 19:15,10.45
6/5/2024 19:30,10.45
6/5/2024 19:45,10.38
6/5/2024 20:00,10.29
6/5/2024 20:15,10.22
6/5/2024 20:30,10.1
6/5/2024 20:45,10.09
6/5/2024 21:00,10.05
6/5/2024 21:15,9.98
6/5/2024 21:30,9.92
6/5/2024 21:45,9.88
6/5/2024 22:00,9.85
6/5/2024 22:15,9.86
6/5/2024 22:30,9.83
6/5/2024 22:45,9.82
6/5/2024 23:00,9.77
6/5/2024 23:15,9.87
6/5/2024 23:30,9.75
6/5/2024 23:45,9.72
6/6/2024 0:00,9.67
6/6/2024 0:15,9.65
6/6/2024 0:30,9.65
6/6/2024 0:45,9.77
6/6/2024 1:00,9.71
6/6/2024 1:15,9.64
6/6/2024 1:30,9.68
6/6/2024 1:45,9.73
6/6/2024 2:00,9.67
6/6/2024 2:15,9.64
6/6/2024 2:30,9.57
6/6/2024 2:45,9.57
6/6/2024 3:00,9.53
6/6/2024 3:15,9.58
6/6/2024 3:30,9.63
6/6/2024 3:45,9.59
6/6/2024 4:00,9.6
6/6/2024 4:15,9.64
6/6/2024 4:30,9.77
6/6/2024 4:45,9.86
6/6/2024 5:00,9.93
6/6/2024 5:15,10.02
6/6/2024 5:30,10.11
6/6/2024 5:45,10.15
6/6/2024 6:00,10.18
6/6/2024 6:15,10.24
6/6/2024 6:30,10.31
6/6/2024 6:45,10.34
6/6/2024 7:00,10.36
6/6/2024 7:15,10.4
6/6/2024 7:30,10.43
6/6/2024 7:45,10.46
6/6/2024 8:00,10.49
6/6/2024 8:15,10.55
6/6/2024 8:30,10.56
6/6/2024 8:45,10.53
6/6/2024 9:00,10.55
6/6/2024 9:15,10.46
6/6/2024 9:30,10.43
6/6/2024 9:45,10.43
6/6/2024 10:00,10.43
6/6/2024 10:15,10.45
6/6/2024 10:30,10.44
6/6/2024 10:45,10.47
6/6/2024 11:00,10.51
6/6/2024 11:15,10.61
6/6/2024 11:30,10.58
6/6/2024 11:45,10.58
6/6/2024 12:00,10.69
6/6/2024 12:15,10.72
6/6/2024 12:30,10.72
6/6/2024 12:45,10.78
6/6/2024 13:00,10.82
6/6/2024 13:15,10.87
6/6/2024 13:30,10.85
6/6/2024 13:45,10.89
6/6/2024 14:00,10.86
6/6/2024 14:15,10.84
6/6/2024 14:30,10.88
6/6/2024 14:45,10.91
6/6/2024 15:00,10.95
6/6/2024 15:15,10.93
6/6/2024 15:30,10.95
6/6/2024 15:45,10.96
6/6/2024 16:00,10.91
6/6/2024 16:15,10.9
6/6/2024 16:30,10.81
6/6/2024 16:45,10.76
6/6/2024 17:00,10.73
6/6/2024 17:15,10.74
6/6/2024 17:30,10.7
6/6/2024 17:45,10.65
6/6/2024 18:00,10.64
6/6/2024 18:15,10.6
6/6/2024 18:30,10.59
6/6/2024 18:45,10.54
6/6/2024 19:00,10.52
6/6/2024 19:15,10.5
6/6/2024 19:30,10.47
6/6/2024 19:45,10.41
6/6/2024 20:00,10.37
6/6/2024 20:15,10.3
6/6/2024 20:30,10.25
6/6/2024 20:45,10.17
6/6/2024 21:00,10.14
6/6/2024 21:15,10.09
6/6/2024 21:30,10.04
6/6/2024 21:45,9.99
6/6/2024 22:00,9.96
6/6/2024 22:15,9.89
6/6/2024 22:30,9.89
6/6/2024 22:45,9.9
6/6/2024 23:00,9.89
6/6/2024 23:15,9.89
6/6/2024 23:30,9.85
6/6/2024 23:45,9.86
6/7/2024 0:00,9.85
6/7/2024 0:15,9.82
6/7/2024 0:30,9.76
6/7/2024 0:45,9.75
6/7/2024 1:00,9.76
6/7/2024 1:15,9.69
6/7/2024 1:30,9.7
6/7/2024 1:45,9.7
6/7/2024 2:00,9.72
6/7/2024 2:15,9.71
6/7/2024 2:30,9.67
6/7/2024 2:45,9.68
6/7/2024 3:00,9.6
6/7/2024 3:15,9.6
6/7/2024 3:30,9.63
6/7/2024 3:45,9.65
6/7/2024 4:00,9.59
6/7/2024 4:15,9.59
6/7/2024 4:30,9.77
6/7/2024 4:45,9.79
6/7/2024 5:00,9.99
6/7/2024 5:15,10.05
6/7/2024 5:30,10.13
6/7/2024 5:45,10.18
6/7/2024 6:00,10.21
6/7/2024 6:15,10.24
6/7/2024 6:30,10.27
6/7/2024 6:45,10.31
6/7/2024 7:00,10.37
6/7/2024 7:15,10.38
6/7/2024 7:30,10.44
6/7/2024 7:45,10.45
6/7/2024 8:00,10.42
6/7/2024 8:15,10.48
6/7/2024 8:30,10.51
6/7/2024 8:45,10.53
6/7/2024 9:00,10.57
6/7/2024 9:15,10.61
6/7/2024 9:30,10.66
6/7/2024 9:45,10.68
6/7/2024 10:00,10.75
6/7/2024 10:15,10.9
6/7/2024 10:30,10.89
6/7/2024 10:45,11.04
6/7/2024 11:00,11.02
6/7/2024 11:15,11.05
6/7/2024 11:30,11.14
6/7/2024 11:45,11.11
6/7/2024 12:00,11.27
6/7/2024 12:15,11.17
6/7/2024 12:30,11.26
6/7/2024 12:45,11.36
6/7/2024 13:00,11.19
6/7/2024 13:15,11.35
6/7/2024 13:30,11.29
6/7/2024 13:45,11.19
6/7/2024 14:00,11.28
6/7/2024 14:15,11.39
6/7/2024 14:30,11.34
6/7/2024 14:45,11.26
6/7/2024 15:00,11.18
6/7/2024 15:15,11.09
6/7/2024 15:30,11.09
6/7/2024 15:45,11.12
6/7/2024 16:00,11.16
6/7/2024 16:15,11.14
6/7/2024 16:30,11.07
6/7/2024 16:45,11.01
6/7/2024 17:00,11.03
6/7/2024 17:15,10.99
6/7/2024 17:30,10.96
6/7/2024 17:45,10.89
6/7/2024 18:00,10.88
6/7/2024 18:15,10.83
6/7/2024 18:30,10.78
6/7/2024 18:45,10.75
6/7/2024 19:00,10.71
6/7/2024 19:15,10.69
6/7/2024 19:30,10.61
6/7/2024 19:45,10.54
6/7/2024 20:00,10.4
6/7/2024 20:15,10.33
6/7/2024 20:30,10.23
6/7/2024 20:45,10.17
6/7/2024 21:00,10.1
6/7/2024 21:15,10.03
6/7/2024 21:30,9.97
6/7/2024 21:45,9.93
6/7/2024 22:00,9.83
6/7/2024 22:15,9.79
6/7/2024 22:30,9.76
6/7/2024 22:45,9.74
6/7/2024 23:00,9.67
6/7/2024 23:15,9.69
6/7/2024 23:30,9.64
6/7/2024 23:45,9.6
6/8/2024 0:00,9.56
6/8/2024 0:15,9.52
6/8/2024 0:30,9.5
6/8/2024 0:45,9.46
6/8/2024 1:00,9.46
6/8/2024 1:15,9.49
6/8/2024 1:30,9.43
6/8/2024 1:45,9.42
6/8/2024 2:00,9.39
6/8/2024 2:15,9.38
6/8/2024 2:30,9.31
6/8/2024 2:45,9.34
6/8/2024 3:00,9.29
6/8/2024 3:15,9.28
6/8/2024 3:30,9.29
6/8/2024 3:45,9.28
6/8/2024 4:00,9.25
6/8/2024 4:15,9.22
6/8/2024 4:30,9.35
6/8/2024 4:45,9.52
6/8/2024 5:00,9.64
6/8/2024 5:15,9.81
6/8/2024 5:30,9.8
6/8/2024 5:45,9.83
6/8/2024 6:00,9.87
6/8/2024 6:15,9.98
6/8/2024 6:30,10.05
6/8/2024 6:45,10.12
6/8/2024 7:00,10.19
6/8/2024 7:15,10.23
6/8/2024 7:30,10.26
6/8/2024 7:45,10.3
6/8/2024 8:00,10.36
6/8/2024 8:15,10.39
6/8/2024 8:30,10.48
6/8/2024 8:45,10.48
6/8/2024 9:00,10.54
6/8/2024 9:15,10.56
6/8/2024 9:30,10.58
6/8/2024 9:45,10.74
6/8/2024 10:00,10.75
6/8/2024 10:15,10.73
6/8/2024 10:30,10.82
6/8/2024 10:45,10.8
6/8/2024 11:00,10.82
6/8/2024 11:15,10.83
6/8/2024 11:30,10.93
6/8/2024 11:45,11.05
6/8/2024 12:00,11.06
6/8/2024 12:15,11.17
6/8/2024 12:30,11.27
6/8/2024 12:45,11.17
6/8/2024 13:00,11.25
6/8/2024 13:15,11.21
6/8/2024 13:30,11.21
6/8/2024 13:45,11.31
6/8/2024 14:00,11.28
6/8/2024 14:15,11.33
6/8/2024 14:30,11.34
6/8/2024 14:45,11.32
6/8/2024 15:00,11.31
6/8/2024 15:15,11.26
6/8/2024 15:30,11.25
6/8/2024 15:45,11.23
6/8/2024 16:00,11.24
6/8/2024 16:15,11.21
6/8/2024 16:30,11.13
6/8/2024 16:45,11.09
6/8/2024 17:00,11.08
6/8/2024 17:15,11.08
6/8/2024 17:30,11.05
6/8/2024 17:45,11
6/8/2024 18:00,11
6/8/2024 18:15,10.97
6/8/2024 18:30,10.99
6/8/2024 18:45,10.95
6/8/2024 19:00,10.92
6/8/2024 19:15,10.88
6/8/2024 19:30,10.83
6/8/2024 19:45,10.82
6/8/2024 20:00,10.77
6/8/2024 20:15,10.66
6/8/2024 20:30,10.56
6/8/2024 20:45,10.45
6/8/2024 21:00,10.37
6/8/2024 21:15,10.31
6/8/2024 21:30,10.23
6/8/2024 21:45,10.2
6/8/2024 22:00,10.17
6/8/2024 22:15,10.09
6/8/2024 22:30,10
6/8/2024 22:45,9.97
6/8/2024 23:00,9.97
6/8/2024 23:15,9.92
6/8/2024 23:30,9.92
6/8/2024 23:45,9.85
6/9/2024 0:00,9.86
6/9/2024 0:15,9.85
6/9/2024 0:30,9.9
6/9/2024 0:45,9.89
6/9/2024 1:00,9.9
6/9/2024 1:15,9.84
6/9/2024 1:30,9.8
6/9/2024 1:45,9.82
6/9/2024 2:00,9.82
6/9/2024 2:15,9.75
6/9/2024 2:30,9.89
6/9/2024 2:45,9.79
6/9/2024 3:00,9.9
6/9/2024 3:15,9.9
6/9/2024 3:30,9.79
6/9/2024 3:45,9.79
6/9/2024 4:00,9.79
6/9/2024 4:15,9.76
6/9/2024 4:30,9.8
6/9/2024 4:45,9.87
6/9/2024 5:00,9.94
6/9/2024 5:15,10.07
6/9/2024 5:30,10.07
6/9/2024 5:45,10.16
6/9/2024 6:00,10.26
6/9/2024 6:15,10.35
6/9/2024 6:30,10.38
6/9/2024 6:45,10.4
6/9/2024 7:00,10.44
6/9/2024 7:15,10.49
6/9/2024 7:30,10.48
6/9/2024 7:45,10.5
6/9/2024 8:00,10.54
6/9/2024 8:15,10.6
6/9/2024 8:30,10.74
6/9/2024 8:45,10.86
6/9/2024 9:00,11.02
6/9/2024 9:15,11.11
6/9/2024 9:30,11.28
6/9/2024 9:45,11.17
6/9/2024 10:00,11.11
6/9/2024 10:15,11.03
6/9/2024 10:30,11.07
6/9/2024 10:45,11.4
6/9/2024 11:00,11.55
6/9/2024 11:15,11.44
6/9/2024 11:30,11.44
6/9/2024 11:45,11.66
6/9/2024 12:00,11.65
6/9/2024 12:15,11.7
6/9/2024 12:30,11.65
6/9/2024 12:45,11.59
6/9/2024 13:00,11.65
6/9/2024 13:15,11.83
6/9/2024 13:30,12.02
6/9/2024 13:45,11.91
6/9/2024 14:00,11.84
6/9/2024 14:15,11.67
6/9/2024 14:30,11.66
6/9/2024 14:45,11.45
6/9/2024 15:00,11.22
6/9/2024 15:15,11.06
6/9/2024 15:30,10.98
6/9/2024 15:45,10.96
6/9/2024 16:00,10.95
6/9/2024 16:15,11.11
6/9/2024 16:30,11.15
6/9/2024 16:45,11.24
6/9/2024 17:00,11.17
6/9/2024 17:15,11.08
6/9/2024 17:30,11.13
6/9/2024 17:45,11.1
6/9/2024 18:00,11.01
6/9/2024 18:15,10.97
6/9/2024 18:30,10.92
6/9/2024 18:45,10.89
6/9/2024 19:00,10.89
6/9/2024 19:15,10.85
6/9/2024 19:30,10.82
6/9/2024 19:45,10.74
6/9/2024 20:00,10.65
6/9/2024 20:15,10.54
6/9/2024 20:30,10.59
6/9/2024 20:45,10.61
6/9/2024 21:00,10.62
6/9/2024 21:15,10.59
6/9/2024 21:30,10.49
6/9/2024 21:45,10.41
6/9/2024 22:00,10.34
6/9/2024 22:15,10.24
6/9/2024 22:30,10.18
6/9/2024 22:45,10.1
6/9/2024 23:00,10.05
6/9/2024 23:15,10
6/9/2024 23:30,9.94
6/9/2024 23:45,9.92
6/10/2024 0:00,9.89
6/10/2024 0:15,9.91
6/10/2024 0:30,9.98
6/10/2024 0:45,9.98
6/10/2024 1:00,10.08
6/10/2024 1:15,10.13
6/10/2024 1:30,9.99
6/10/2024 1:45,10.01
6/10/2024 2:00,10.01
6/10/2024 2:15,10.05
6/10/2024 2:30,10.03
6/10/2024 2:45,9.89
6/10/2024 3:00,9.89
6/10/2024 3:15,9.97
6/10/2024 3:30,9.96
6/10/2024 3:45,10
6/10/2024 4:00,9.96
6/10/2024 4:15,9.97
6/10/2024 4:30,10.07
6/10/2024 4:45,10.11
6/10/2024 5:00,10.13
6/10/2024 5:15,10.17
6/10/2024 5:30,10.28
6/10/2024 5:45,10.34
6/10/2024 6:00,10.38
6/10/2024 6:15,10.42
6/10/2024 6:20,10.44
6/10/2024 6:30,10.47
6/10/2024 6:45,10.51
6/10/2024 7:00,10.54
6/10/2024 7:15,10.53
6/10/2024 7:30,10.56
6/10/2024 7:45,10.67
6/10/2024 8:00,10.85
6/10/2024 8:15,11.01
6/10/2024 8:30,11.04
6/10/2024 8:45,11.11
6/10/2024 9:00,11.13
6/10/2024 9:15,11.22
6/10/2024 9:30,11.28
6/10/2024 9:45,11.33
6/10/2024 10:00,11.39
6/10/2024 10:15,11.51
6/10/2024 10:30,11.52
6/10/2024 10:45,11.48
6/10/2024 11:00,11.62
6/10/2024 11:15,11.58
6/10/2024 11:30,11.74
6/10/2024 11:45,11.72
6/10/2024 12:00,11.83
6/10/2024 12:15,11.75
6/10/2024 12:30,11.62
6/10/2024 12:45,11.53
6/10/2024 13:00,11.73
6/10/2024 13:15,11.7
6/10/2024 13:30,11.59
6/10/2024 13:45,11.9
6/10/2024 14:00,11.84
6/10/2024 14:15,11.8
6/10/2024 14:30,11.73
6/10/2024 14:45,11.82
6/10/2024 15:00,11.67
6/10/2024 15:15,11.75
6/10/2024 15:30,11.61
6/10/2024 15:45,11.68
6/10/2024 16:00,11.68
6/10/2024 16:15,11.53
6/10/2024 16:30,11.42
6/10/2024 16:45,11.41
6/10/2024 17:00,11.37
6/10/2024 17:15,11.3
6/10/2024 17:30,11.25
6/10/2024 17:45,11.21
6/10/2024 18:00,11.16
6/10/2024 18:15,11.14
6/10/2024 18:30,11.09
6/10/2024 18:45,11.07
6/10/2024 19:00,11.01
6/10/2024 19:15,10.94
6/10/2024 19:30,10.82
6/10/2024 19:45,10.72
6/10/2024 20:00,10.59
6/10/2024 20:15,10.48
6/10/2024 20:30,10.41
6/10/2024 20:45,10.33
6/10/2024 21:00,10.25
6/10/2024 21:15,10.2
6/10/2024 21:30,10.17
6/10/2024 21:45,10.16
6/10/2024 22:00,10.13
6/10/2024 22:15,10.01
6/10/2024 22:30,9.98
6/10/2024 22:45,10.01
6/10/2024 23:00,9.98
6/10/2024 23:15,9.97
6/10/2024 23:30,9.97
6/10/2024 23:45,10.01
6/11/2024 0:00,9.91
6/11/2024 0:15,9.94
6/11/2024 0:30,9.87
6/11/2024 0:45,9.79
6/11/2024 1:00,9.86
6/11/2024 1:15,9.82
6/11/2024 1:30,9.79
6/11/2024 1:45,9.87
6/11/2024 2:00,9.82
6/11/2024 2:15,9.82
6/11/2024 2:30,9.84
6/11/2024 2:45,9.96
6/11/2024 3:00,9.96
6/11/2024 3:15,9.78
6/11/2024 3:30,9.8
6/11/2024 3:45,9.84
6/11/2024 4:00,9.91
6/11/2024 4:15,10.05
6/11/2024 4:30,10.18
6/11/2024 4:45,10.27
6/11/2024 5:00,10.32
6/11/2024 5:15,10.39
6/11/2024 5:30,10.44
6/11/2024 5:45,10.48
6/11/2024 6:00,10.52
6/11/2024 6:15,10.56
6/11/2024 6:30,10.62
6/11/2024 6:45,10.67
6/11/2024 7:00,10.67
6/11/2024 7:15,10.69
6/11/2024 7:30,10.73
6/11/2024 7:45,10.72
6/11/2024 8:00,10.73
6/11/2024 8:15,10.74
6/11/2024 8:30,10.86
6/11/2024 8:45,10.93
6/11/2024 9:00,10.93
6/11/2024 9:15,11.02
6/11/2024 9:30,11.01
6/11/2024 9:45,11
6/11/2024 10:00,10.95
6/11/2024 10:15,11.01
6/11/2024 10:30,11.16
6/11/2024 10:45,11.29
6/11/2024 11:00,11.38
6/11/2024 11:15,11.34
6/11/2024 11:30,11.46
6/11/2024 11:45,11.47
6/11/2024 12:00,11.42
6/11/2024 12:15,11.48
6/11/2024 12:30,12.07
6/11/2024 12:45,12.21
6/11/2024 13:00,12.36
6/11/2024 13:15,12.46
6/11/2024 13:30,12.5
6/11/2024 13:45,12.63
6/11/2024 14:00,12.69
6/11/2024 14:15,12.66
6/11/2024 14:30,12.6
6/11/2024 14:45,12.51
6/11/2024 15:00,12.61
6/11/2024 15:15,12.56
6/11/2024 15:30,12.46
6/11/2024 15:45,12.36
6/11/2024 16:00,12.35
6/11/2024 16:15,12.27
6/11/2024 16:30,12.26
6/11/2024 16:45,12.24
6/11/2024 17:00,12.01
6/11/2024 17:15,11.98
6/11/2024 17:30,11.9
6/11/2024 17:45,11.76
6/11/2024 18:00,11.58
6/11/2024 18:15,11.41
6/11/2024 18:30,11.44
6/11/2024 18:45,11.37
6/11/2024 19:00,11.35
6/11/2024 19:15,11.31
6/11/2024 19:30,11.14
6/11/2024 19:45,10.93
6/11/2024 20:00,10.75
6/11/2024 20:15,10.59
6/11/2024 20:30,10.49
6/11/2024 20:45,10.42
6/11/2024 21:00,10.37
6/11/2024 21:15,10.3
6/11/2024 21:30,10.2
6/11/2024 21:45,10.23
6/11/2024 22:00,10.47
6/11/2024 22:15,10.43
6/11/2024 22:30,10.51
6/11/2024 22:45,10.52
6/11/2024 23:00,10.44
6/11/2024 23:15,10.14
6/11/2024 23:30,10.29
6/11/2024 23:45,10.24
6/12/2024 0:00,10
6/12/2024 0:15,9.82
6/12/2024 0:30,9.7
6/12/2024 0:45,9.62
6/12/2024 1:00,9.52
6/12/2024 1:15,9.57
6/12/2024 1:30,9.58
6/12/2024 1:45,9.43
6/12/2024 2:00,9.45
6/12/2024 2:15,9.52
6/12/2024 2:30,9.49
6/12/2024 2:45,9.44
6/12/2024 3:00,9.46
6/12/2024 3:15,9.51
6/12/2024 3:30,9.46
6/12/2024 3:45,9.44
6/12/2024 4:00,9.42
6/12/2024 4:15,9.58
6/12/2024 4:30,9.68
6/12/2024 4:45,9.83
6/12/2024 5:00,10.03
6/12/2024 5:15,10.21
6/12/2024 5:30,10.21
6/12/2024 5:45,10.27
6/12/2024 6:00,10.39
6/12/2024 6:15,10.41
6/12/2024 6:30,10.44
6/12/2024 6:45,10.47
6/12/2024 7:00,10.5
6/12/2024 7:15,10.56
6/12/2024 7:30,10.61
6/12/2024 7:45,10.65
6/12/2024 8:00,10.7
6/12/2024 8:15,10.78
6/12/2024 8:30,10.79
6/12/2024 8:45,10.88
6/12/2024 9:00,10.95
6/12/2024 9:15,11.05
6/12/2024 9:30,11.09
6/12/2024 9:45,11.15
6/12/2024 10:00,11.19
6/12/2024 10:15,11.23
6/12/2024 10:30,11.35
6/12/2024 10:45,11.41
6/12/2024 11:00,11.44
6/12/2024 11:15,11.52
6/12/2024 11:30,11.48
6/12/2024 11:45,11.61
6/12/2024 12:00,11.61
6/12/2024 12:15,11.65
6/12/2024 12:30,11.66
6/12/2024 12:45,11.67
6/12/2024 13:00,11.69
6/12/2024 13:15,11.75
6/12/2024 13:30,11.71
6/12/2024 13:45,11.78
6/12/2024 14:00,11.78
6/12/2024 14:15,11.71
6/12/2024 14:30,11.81
6/12/2024 14:45,11.71
6/12/2024 15:00,11.73
6/12/2024 15:15,11.77
6/12/2024 15:30,11.71
6/12/2024 15:45,11.7
6/12/2024 16:00,11.68
6/12/2024 16:15,11.65
6/12/2024 16:30,11.65
6/12/2024 16:45,11.59
6/12/2024 17:00,11.55
6/12/2024 17:15,11.53
6/12/2024 17:30,11.52
6/12/2024 17:45,11.48
6/12/2024 18:00,11.49
6/12/2024 18:15,11.42
6/12/2024 18:30,11.34
6/12/2024 18:45,11.23
6/12/2024 19:00,11.12
6/12/2024 19:15,11.02
6/12/2024 19:30,10.81
6/12/2024 19:45,10.59
6/12/2024 20:00,10.43
6/12/2024 20:15,10.32
6/12/2024 20:30,10.23
6/12/2024 20:45,10.09
6/12/2024 21:00,9.99
6/12/2024 21:15,9.9
6/12/2024 21:30,9.91
6/12/2024 21:45,9.78
6/12/2024 22:00,9.68
6/12/2024 22:15,9.6
6/12/2024 22:30,9.56
6/12/2024 22:45,9.5
6/12/2024 23:00,9.45
6/12/2024 23:15,9.39
6/12/2024 23:30,9.4
6/12/2024 23:45,9.37
6/13/2024 0:00,9.35
6/13/2024 0:15,9.27
6/13/2024 0:30,9.24
6/13/2024 0:45,9.16
6/13/2024 1:00,9.16
6/13/2024 1:15,9.2
6/13/2024 1:30,9.16
6/13/2024 1:45,9.17
6/13/2024 2:00,9.15
6/13/2024 2:15,9.16
6/13/2024 2:30,9.13
6/13/2024 2:45,9.13
6/13/2024 3:00,9.15
6/13/2024 3:15,9.04
6/13/2024 3:30,9.12
6/13/2024 3:45,9.14
6/13/2024 4:00,9.13
6/13/2024 4:15,9.11
6/13/2024 4:30,9.17
6/13/2024 4:45,9.35
6/13/2024 5:00,9.73
6/13/2024 5:15,9.85
6/13/2024 5:30,9.95
6/13/2024 5:45,10.21
6/13/2024 6:00,10.38
6/13/2024 6:15,10.5
6/13/2024 6:30,10.58
6/13/2024 6:45,10.63
6/13/2024 7:00,10.7
6/13/2024 7:15,10.71
6/13/2024 7:30,10.74
6/13/2024 7:45,10.83
6/13/2024 8:00,10.88
6/13/2024 8:15,10.94
6/13/2024 8:30,10.99
6/13/2024 8:45,11.04
6/13/2024 9:00,11.07
6/13/2024 9:15,11.11
6/13/2024 9:30,11.16
6/13/2024 9:45,11.18
6/13/2024 10:00,11.22
6/13/2024 10:15,11.26
6/13/2024 10:30,11.29
6/13/2024 10:45,11.32
6/13/2024 11:00,11.35
6/13/2024 11:15,11.39
6/13/2024 11:30,11.42
6/13/2024 11:45,11.48
6/13/2024 12:00,11.48
6/13/2024 12:15,11.51
6/13/2024 12:30,11.53
6/13/2024 12:45,11.55
6/13/2024 13:00,11.59
6/13/2024 13:15,11.6
6/13/2024 13:30,11.63
6/13/2024 13:45,11.66
6/13/2024 14:00,11.69
6/13/2024 14:15,11.69
6/13/2024 14:30,11.72
6/13/2024 14:45,11.71
6/13/2024 15:00,11.73
6/13/2024 15:15,11.76
6/13/2024 15:30,11.78
6/13/2024 15:45,11.78
6/13/2024 16:00,11.79
6/13/2024 16:15,11.79
6/13/2024 16:30,11.79
6/13/2024 16:45,11.77
6/13/2024 17:00,11.73
6/13/2024 17:15,11.72
6/13/2024 17:30,11.71
6/13/2024 17:45,11.71
6/13/2024 18:00,11.67
6/13/2024 18:15,11.64
6/13/2024 18:30,11.6
6/13/2024 18:45,11.59
6/13/2024 19:00,11.53
6/13/2024 19:15,11.45
6/13/2024 19:30,11.31
6/13/2024 19:45,11.17
6/13/2024 20:00,11.07
6/13/2024 20:15,10.96
6/13/2024 20:30,10.83
6/13/2024 20:45,10.68
6/13/2024 21:00,10.61
6/13/2024 21:15,10.5
6/13/2024 21:30,10.43
6/13/2024 21:45,10.39
6/13/2024 22:00,10.35
6/13/2024 22:15,10.49
6/13/2024 22:30,10.63
6/13/2024 22:45,10.6
6/13/2024 23:00,10.61
6/13/2024 23:15,10.64
6/13/2024 23:30,10.57
6/13/2024 23:45,10.63
6/14/2024 0:00,10.68
6/14/2024 0:15,10.7
6/14/2024 0:30,10.67
6/14/2024 0:45,10.72
6/14/2024 1:00,10.74
6/14/2024 1:15,10.81
6/14/2024 1:30,10.84
6/14/2024 1:45,10.88
6/14/2024 2:00,10.86
6/14/2024 2:15,10.91
6/14/2024 2:30,10.92
6/14/2024 2:45,10.93
6/14/2024 3:00,10.93
6/14/2024 3:15,10.87
6/14/2024 3:30,10.88
6/14/2024 3:45,10.69
6/14/2024 4:00,10.67
6/14/2024 4:15,10.54
6/14/2024 4:30,10.52
6/14/2024 4:45,10.55
6/14/2024 5:00,10.5
6/14/2024 5:15,10.52
6/14/2024 5:30,10.59
6/14/2024 5:45,10.36
6/14/2024 6:00,10.41
6/14/2024 6:15,10.46
6/14/2024 6:30,10.53
6/14/2024 6:45,10.53
6/14/2024 7:00,10.61
6/14/2024 7:15,10.76
6/14/2024 7:30,10.71
6/14/2024 7:45,10.69
6/14/2024 8:00,10.71
6/14/2024 8:15,10.74
6/14/2024 8:30,10.81
6/14/2024 8:45,10.88
6/14/2024 9:00,10.9
6/14/2024 9:15,10.93
6/14/2024 9:30,10.91
6/14/2024 9:45,11.04
6/14/2024 10:00,11.11
6/14/2024 10:15,11.23
6/14/2024 10:30,11.3
6/14/2024 10:45,11.43
6/14/2024 11:00,11.49
6/14/2024 11:15,11.57
6/14/2024 11:30,11.65
6/14/2024 11:45,11.68
6/14/2024 12:00,11.68
6/14/2024 12:15,11.67
6/14/2024 12:30,11.77
6/14/2024 12:45,11.84
6/14/2024 13:00,11.89
6/14/2024 13:15,11.94
6/14/2024 13:30,11.97
6/14/2024 13:45,11.88
6/14/2024 14:00,11.81
6/14/2024 14:15,11.75
6/14/2024 14:30,11.77
6/14/2024 14:45,11.76
6/14/2024 15:00,11.63
6/14/2024 15:15,11.65
6/14/2024 15:30,11.63
6/14/2024 15:45,11.71
6/14/2024 16:00,11.67
6/14/2024 16:15,11.67
6/14/2024 16:30,11.61
6/14/2024 16:45,11.58
6/14/2024 17:00,11.54
6/14/2024 17:15,11.45
6/14/2024 17:30,11.44
6/14/2024 17:45,11.41
6/14/2024 18:00,11.47
6/14/2024 18:15,11.43
6/14/2024 18:30,11.37
6/14/2024 18:45,11.29
6/14/2024 19:00,11.17
6/14/2024 19:15,10.99
6/14/2024 19:30,10.86
6/14/2024 19:45,10.69
6/14/2024 20:00,10.51
6/14/2024 20:15,10.44
6/14/2024 20:30,10.35
6/14/2024 20:45,10.3
6/14/2024 21:00,10.05
6/14/2024 21:15,10.07
6/14/2024 21:30,10
6/14/2024 21:45,9.98
6/14/2024 22:00,9.98
6/14/2024 22:15,9.89
6/14/2024 22:30,9.94
6/14/2024 22:45,9.92
6/14/2024 23:00,9.86
6/14/2024 23:15,9.83
6/14/2024 23:30,9.8
6/14/2024 23:45,9.91
6/15/2024 0:00,9.7
6/15/2024 0:15,9.61
6/15/2024 0:30,9.62
6/15/2024 0:45,9.56
6/15/2024 1:00,9.55
6/15/2024 1:15,9.59
6/15/2024 1:30,9.65
6/15/2024 1:45,9.98
6/15/2024 2:00,9.91
6/15/2024 2:15,9.83
6/15/2024 2:30,9.78
6/15/2024 2:45,9.75
6/15/2024 3:00,9.72
6/15/2024 3:15,9.75
6/15/2024 3:30,9.85
6/15/2024 3:45,9.96
6/15/2024 4:00,10.01
6/15/2024 4:15,10.18
6/15/2024 4:30,10.33
6/15/2024 4:45,10.44
6/15/2024 5:00,10.52
6/15/2024 5:15,10.52
6/15/2024 5:30,10.44
6/15/2024 5:45,10.29
6/15/2024 6:00,10.37
6/15/2024 6:15,10.46
6/15/2024 6:30,10.34
6/15/2024 6:45,10.32
6/15/2024 7:00,10.39
6/15/2024 7:15,10.38
6/15/2024 7:30,10.24
6/15/2024 7:45,10.19
6/15/2024 8:00,10.3
6/15/2024 8:15,10.34
6/15/2024 8:30,10.23
6/15/2024 8:45,10.16
6/15/2024 9:00,10.2
6/15/2024 9:15,10.28
6/15/2024 9:30,10.39
6/15/2024 9:45,10.53
6/15/2024 10:00,10.59
6/15/2024 10:15,10.7
6/15/2024 10:30,10.73
6/15/2024 10:45,10.74
6/15/2024 11:00,10.68
6/15/2024 11:15,10.56
6/15/2024 11:30,10.73
6/15/2024 11:45,10.77
6/15/2024 12:00,10.83
6/15/2024 12:15,10.77
6/15/2024 12:30,11.07
6/15/2024 12:45,11.13
6/15/2024 13:00,10.99
6/15/2024 13:15,10.9
6/15/2024 13:30,10.86
6/15/2024 13:45,10.78
6/15/2024 14:00,10.85
6/15/2024 14:15,11.25
6/15/2024 14:30,10.93
6/15/2024 14:45,11.26
6/15/2024 15:00,11.26
6/15/2024 15:15,10.88
6/15/2024 15:30,10.77
6/15/2024 15:45,10.92
6/15/2024 16:00,10.74
6/15/2024 16:15,10.72
6/15/2024 16:30,10.94
6/15/2024 16:45,11.04
6/15/2024 17:00,11.01
6/15/2024 17:15,10.88
6/15/2024 17:30,10.78
6/15/2024 17:45,10.59
6/15/2024 18:00,10.08
6/15/2024 18:15,10.44
6/15/2024 18:30,10.59
6/15/2024 18:45,10.64
6/15/2024 19:00,10.53
6/15/2024 19:15,10.31
6/15/2024 19:30,10.08
6/15/2024 19:45,10.09
6/15/2024 20:00,10.16
6/15/2024 20:15,10.33
6/15/2024 20:30,10.25
6/15/2024 20:45,10.26
6/15/2024 21:00,10.35
6/15/2024 21:15,10.34
6/15/2024 21:30,10.31
6/15/2024 21:45,9.99
6/15/2024 22:00,9.71
6/15/2024 22:15,9.64
6/15/2024 22:30,9.87
6/15/2024 22:45,10.05
6/15/2024 23:00,10.13
6/15/2024 23:15,10.2
6/15/2024 23:30,10.16
6/15/2024 23:45,10.12
6/16/2024 0:00,10.11
6/16/2024 0:15,10.13
6/16/2024 0:30,10.14
6/16/2024 0:45,10.13
6/16/2024 1:00,9.98
6/16/2024 1:15,9.77
6/16/2024 1:30,10.03
6/16/2024 1:45,10.07
6/16/2024 2:00,10.1
6/16/2024 2:15,9.79
6/16/2024 2:30,9.57
6/16/2024 2:45,9.37
6/16/2024 3:00,9.36
6/16/2024 3:15,9.31
6/16/2024 3:30,9.27
6/16/2024 3:45,9.19
6/16/2024 4:00,9.27
6/16/2024 4:15,9.35
6/16/2024 4:30,9.41
6/16/2024 4:45,9.45
6/16/2024 5:00,9.76
6/16/2024 5:15,9.8
6/16/2024 5:30,10.02
6/16/2024 5:45,10.12
6/16/2024 6:00,10.06
6/16/2024 6:15,10.15
6/16/2024 6:30,10.2
6/16/2024 6:45,10.23
6/16/2024 7:00,10.37
6/16/2024 7:15,10.52
6/16/2024 7:30,10.6
6/16/2024 7:45,10.6
6/16/2024 8:00,10.59
6/16/2024 8:15,10.65
6/16/2024 8:30,10.56
6/16/2024 8:45,10.57
6/16/2024 9:00,10.65
6/16/2024 9:15,10.7
6/16/2024 9:30,10.7
6/16/2024 9:45,11
6/16/2024 10:00,10.91
6/16/2024 10:15,10.91
6/16/2024 10:30,10.84
6/16/2024 10:45,10.97
6/16/2024 11:00,10.99
6/16/2024 11:15,11.08
6/16/2024 11:30,11.19
6/16/2024 11:45,11.17
6/16/2024 12:00,11.24
6/16/2024 12:15,11.22
6/16/2024 12:30,11.18
6/16/2024 12:45,11.29
6/16/2024 13:00,11.3
6/16/2024 13:15,11.36
6/16/2024 13:30,11.39
6/16/2024 13:45,11.45
6/16/2024 14:00,11.53
6/16/2024 14:15,11.59
6/16/2024 14:30,11.6
6/16/2024 14:45,11.6
6/16/2024 15:00,11.6
6/16/2024 15:15,11.63
6/16/2024 15:30,11.63
6/16/2024 15:45,11.66
6/16/2024 16:00,11.57
6/16/2024 16:15,11.5
6/16/2024 16:30,11.52
6/16/2024 16:45,11.45
6/16/2024 17:00,11.43
6/16/2024 17:15,11.33
6/16/2024 17:30,11.37
6/16/2024 17:45,11.31
6/16/2024 18:00,11.27
6/16/2024 18:15,11.24
6/16/2024 18:30,11.16
6/16/2024 18:45,11.08
6/16/2024 19:00,11.06
6/16/2024 19:15,10.95
6/16/2024 19:30,10.71
6/16/2024 19:45,10.53
6/16/2024 20:00,10.42
6/16/2024 20:15,10.36
6/16/2024 20:30,10.39
6/16/2024 20:45,10.44
6/16/2024 21:00,10.41
6/16/2024 21:15,10.49
6/16/2024 21:30,10.43
6/16/2024 21:45,10.6
6/16/2024 22:00,10.71
6/16/2024 22:15,10.61
6/16/2024 22:30,10.55
6/16/2024 22:45,10.46
6/16/2024 23:00,10.41
6/16/2024 23:15,10.3
6/16/2024 23:30,10.17
6/16/2024 23:45,10.12
6/17/2024 0:00,10.04
6/17/2024 0:15,10.1
6/17/2024 0:30,9.97
6/17/2024 0:45,10.05
6/17/2024 1:00,10.16
6/17/2024 1:15,10.23
6/17/2024 1:30,10.31
6/17/2024 1:45,10.24
6/17/2024 2:00,10.41
6/17/2024 2:15,10.5
6/17/2024 2:30,10.42
6/17/2024 2:45,10.53
6/17/2024 3:00,10.5
6/17/2024 3:15,10.51
6/17/2024 3:30,10.54
6/17/2024 3:45,10.39
6/17/2024 4:00,10.39
6/17/2024 4:15,10.32
6/17/2024 4:30,10.42
6/17/2024 4:45,10.53
6/17/2024 5:00,10.48
6/17/2024 5:15,10.54
6/17/2024 5:30,10.43
6/17/2024 5:45,10.42
6/17/2024 6:00,10.27
6/17/2024 6:15,10.24
6/17/2024 6:30,10.3
6/17/2024 6:30,10.3
6/17/2024 6:45,10.19
6/17/2024 7:00,10.21
6/17/2024 7:15,10.21
6/17/2024 7:30,10.22
6/17/2024 7:45,10.27
6/17/2024 8:00,10.43
6/17/2024 8:15,10.6
6/17/2024 8:30,10.63
6/17/2024 8:45,10.73
6/17/2024 9:00,10.8
6/17/2024 9:15,10.87
6/17/2024 9:30,10.91
6/17/2024 9:45,11.05
6/17/2024 10:00,11.02
6/17/2024 10:15,11.02
6/17/2024 10:30,11.19
6/17/2024 10:45,10.88
6/17/2024 11:00,10.82
6/17/2024 11:15,10.84
6/17/2024 11:30,10.91
6/17/2024 11:45,11.12
6/17/2024 12:00,10.98
6/17/2024 12:15,10.76
6/17/2024 12:30,10.98
6/17/2024 12:45,11.37
6/17/2024 13:00,11.49
6/17/2024 13:15,11.56
6/17/2024 13:30,11.48
6/17/2024 13:45,11.5
6/17/2024 14:00,11.46
6/17/2024 14:15,11.5
6/17/2024 14:30,11.62
6/17/2024 14:45,11.73
6/17/2024 15:00,11.37
6/17/2024 15:15,11.31
6/17/2024 15:30,11.4
6/17/2024 15:45,11.41
6/17/2024 16:00,11.29
6/17/2024 16:15,11.23
6/17/2024 16:30,11.27
6/17/2024 16:45,11.04
6/17/2024 17:00,11.12
6/17/2024 17:15,11.16
6/17/2024 17:30,11.14
6/17/2024 17:45,11.15
6/17/2024 18:00,11.18
6/17/2024 18:15,11.22
6/17/2024 18:30,11.3
6/17/2024 18:45,11.23
6/17/2024 19:00,11.15
6/17/2024 19:15,11.15
6/17/2024 19:30,11.11
6/17/2024 19:45,11.12
6/17/2024 20:00,11.14
6/17/2024 20:15,11.09
6/17/2024 20:30,11.15
6/17/2024 20:45,11.12
6/17/2024 21:00,11.08
6/17/2024 21:15,11.03
6/17/2024 21:30,10.99
6/17/2024 21:45,10.97
6/17/2024 22:00,10.97
6/17/2024 22:15,10.93
6/17/2024 22:30,10.87
6/17/2024 22:45,10.78
6/17/2024 23:00,10.81
6/17/2024 23:15,10.87
6/17/2024 23:30,10.86
6/17/2024 23:45,10.86
6/18/2024 0:00,10.83
6/18/2024 0:15,10.81
6/18/2024 0:30,10.86
6/18/2024 0:45,10.84
6/18/2024 1:00,10.83
6/18/2024 1:15,10.88
6/18/2024 1:30,10.88
6/18/2024 1:45,10.9
6/18/2024 2:00,10.86
6/18/2024 2:15,10.9
6/18/2024 2:30,10.96
6/18/2024 2:45,10.96
6/18/2024 3:00,10.92
6/18/2024 3:15,10.93
6/18/2024 3:30,10.77
6/18/2024 3:45,10.76
6/18/2024 4:00,10.75
6/18/2024 4:15,10.7
6/18/2024 4:30,10.63
6/18/2024 4:45,10.66
6/18/2024 5:00,10.81
6/18/2024 5:15,10.82
6/18/2024 5:30,10.81
6/18/2024 5:45,10.86
6/18/2024 6:00,10.91
6/18/2024 6:15,10.96
6/18/2024 6:30,10.79
6/18/2024 6:45,10.75
6/18/2024 7:00,11.86
6/18/2024 7:15,11.07
6/18/2024 7:30,11.02
6/18/2024 7:45,11.12
6/18/2024 8:00,11.11
6/18/2024 8:15,11.24
6/18/2024 8:30,11.23
6/18/2024 8:45,11.25
6/18/2024 9:00,11.33
6/18/2024 9:15,11.38
6/18/2024 9:30,11.41
6/18/2024 9:45,11.45
6/18/2024 10:00,11.48
6/18/2024 10:15,11.52
6/18/2024 10:30,11.63
6/18/2024 10:45,11.62
6/18/2024 11:00,11.66
6/18/2024 11:15,11.67
6/18/2024 11:30,11.67
6/18/2024 11:45,11.74
6/18/2024 12:00,11.81
6/18/2024 12:15,11.76
6/18/2024 12:30,11.7
6/18/2024 12:45,11.81
6/18/2024 13:00,11.8
6/18/2024 13:15,11.81
6/18/2024 13:30,11.89
6/18/2024 13:45,11.98
6/18/2024 14:00,11.9
6/18/2024 14:15,11.9
6/18/2024 14:30,11.89
6/18/2024 14:45,11.85
6/18/2024 15:00,11.82
6/18/2024 15:15,11.85
6/18/2024 15:30,11.86
6/18/2024 15:45,11.92
6/18/2024 16:00,11.96
6/18/2024 16:15,11.94
6/18/2024 16:30,11.93
6/18/2024 16:45,11.87
6/18/2024 17:00,11.85
6/18/2024 17:15,11.83
6/18/2024 17:30,11.81
6/18/2024 17:45,11.79
6/18/2024 18:00,11.78
6/18/2024 18:15,11.71
6/18/2024 18:30,11.61
6/18/2024 18:45,11.54
6/18/2024 19:00,11.43
6/18/2024 19:15,11.32
6/18/2024 19:30,11.15
6/18/2024 19:45,11.21
6/18/2024 20:00,11.12
6/18/2024 20:15,11.01
6/18/2024 20:30,10.91
6/18/2024 20:45,10.64
6/18/2024 21:00,10.37
6/18/2024 21:15,10.28
6/18/2024 21:30,10.26
6/18/2024 21:45,10.11
6/18/2024 22:00,10.05
6/18/2024 22:15,9.98
6/18/2024 22:30,9.96
6/18/2024 22:45,10.06
6/18/2024 23:00,10.32
6/18/2024 23:15,10.27
6/18/2024 23:30,10.28
6/18/2024 23:45,10.3
6/19/2024 0:00,10.44
6/19/2024 0:15,10.36
6/19/2024 0:30,10.46
6/19/2024 0:45,10.5
6/19/2024 1:00,10.48
6/19/2024 1:15,10.42
6/19/2024 1:30,10.5
6/19/2024 1:45,10.52
6/19/2024 2:00,10.55
6/19/2024 2:15,10.47
6/19/2024 2:30,10.45
6/19/2024 2:45,10.55
6/19/2024 3:00,10.53
6/19/2024 3:15,10.45
6/19/2024 3:30,10.4
6/19/2024 3:45,10.44
6/19/2024 4:00,10.45
6/19/2024 4:15,10.54
6/19/2024 4:30,10.52
6/19/2024 4:45,10.6
6/19/2024 5:00,10.71
6/19/2024 5:15,10.85
6/19/2024 5:30,11.02
6/19/2024 5:45,11.12
6/19/2024 6:00,11.17
6/19/2024 6:15,11.23
6/19/2024 6:30,11.28
6/19/2024 6:45,11.3
6/19/2024 7:00,11.34
6/19/2024 7:15,11.38
6/19/2024 7:30,11.44
6/19/2024 7:45,11.48
6/19/2024 8:00,11.51
6/19/2024 8:15,11.54
6/19/2024 8:30,11.57
6/19/2024 8:45,11.63
6/19/2024 9:00,11.68
6/19/2024 9:15,11.74
6/19/2024 9:30,11.78
6/19/2024 9:45,11.82
6/19/2024 10:00,11.87
6/19/2024 10:15,11.9
6/19/2024 10:30,11.94
6/19/2024 10:45,11.96
6/19/2024 11:00,11.99
6/19/2024 11:15,12.04
6/19/2024 11:30,12.06
6/19/2024 11:45,12.1
6/19/2024 12:00,12.16
6/19/2024 12:15,12.18
6/19/2024 12:30,12.18
6/19/2024 12:45,12.25
6/19/2024 13:00,12.29
6/19/2024 13:15,12.31
6/19/2024 13:30,12.31
6/19/2024 13:45,12.34
6/19/2024 14:00,12.35
6/19/2024 14:15,12.39
6/19/2024 14:30,12.42
6/19/2024 14:45,12.43
6/19/2024 15:00,12.46
6/19/2024 15:15,12.47
6/19/2024 15:30,12.49
6/19/2024 15:45,12.49
6/19/2024 16:00,12.5
6/19/2024 16:15,12.53
6/19/2024 16:30,12.52
6/19/2024 16:45,12.48
6/19/2024 17:00,12.4
6/19/2024 17:15,12.35
6/19/2024 17:30,12.3
6/19/2024 17:45,12.25
6/19/2024 18:00,12.18
6/19/2024 18:15,12.17
6/19/2024 18:30,12.11
6/19/2024 18:45,12.07
6/19/2024 19:00,11.98
6/19/2024 19:15,11.92
6/19/2024 19:30,11.73
6/19/2024 19:45,11.58
6/19/2024 20:00,11.5
6/19/2024 20:15,11.48
6/19/2024 20:30,11.4
6/19/2024 20:45,11.19
6/19/2024 21:00,10.94
6/19/2024 21:15,10.71
6/19/2024 21:30,10.59
6/19/2024 21:45,10.52
6/19/2024 22:00,10.41
6/19/2024 22:15,10.41
6/19/2024 22:30,10.37
6/19/2024 22:45,10.26
6/19/2024 23:00,10.2
6/19/2024 23:15,10.21
6/19/2024 23:30,10.12
6/19/2024 23:45,10.09
6/20/2024 0:00,10.08
6/20/2024 0:15,10.02
6/20/2024 0:30,10.19
6/20/2024 0:45,10.26
6/20/2024 1:00,10.2
6/20/2024 1:15,10.01
6/20/2024 1:30,10
6/20/2024 1:45,9.95
6/20/2024 2:00,9.95
6/20/2024 2:15,9.89
6/20/2024 2:30,9.94
6/20/2024 2:45,9.89
6/20/2024 3:00,9.89
6/20/2024 3:15,9.88
6/20/2024 3:30,9.84
6/20/2024 3:45,9.86
6/20/2024 4:00,9.82
6/20/2024 4:15,9.94
6/20/2024 4:30,9.89
6/20/2024 4:45,9.95
6/20/2024 5:00,10.25
6/20/2024 5:15,10.4
6/20/2024 5:30,10.68
6/20/2024 5:45,10.94
6/20/2024 6:00,11.01
6/20/2024 6:15,11.05
6/20/2024 6:30,11.1
6/20/2024 6:45,11.18
6/20/2024 7:00,11.25
6/20/2024 7:15,11.32
6/20/2024 7:30,11.42
6/20/2024 7:45,11.43
6/20/2024 8:00,11.51
6/20/2024 8:15,11.54
6/20/2024 8:30,11.61
6/20/2024 8:45,11.68
6/20/2024 9:00,11.73
6/20/2024 9:15,11.82
6/20/2024 9:30,11.87
6/20/2024 9:45,11.93
6/20/2024 10:00,11.97
6/20/2024 10:15,12.06
6/20/2024 10:30,12.21
6/20/2024 10:45,12.19
6/20/2024 11:00,12.32
6/20/2024 11:15,12.3
6/20/2024 11:30,12.3
6/20/2024 11:45,12.43
6/20/2024 12:00,12.56
6/20/2024 12:15,12.78
6/20/2024 12:30,12.76
6/20/2024 12:45,12.75
6/20/2024 13:00,12.82
6/20/2024 13:15,12.8
6/20/2024 13:30,12.85
6/20/2024 13:45,12.86
6/20/2024 14:00,12.84
6/20/2024 14:15,12.84
6/20/2024 14:30,12.82
6/20/2024 14:45,12.76
6/20/2024 15:00,12.79
6/20/2024 15:15,12.83
6/20/2024 15:30,12.76
6/20/2024 15:45,12.73
6/20/2024 16:00,12.72
6/20/2024 16:15,12.69
6/20/2024 16:30,12.71
6/20/2024 16:45,12.67
6/20/2024 17:00,12.65
6/20/2024 17:15,12.63
6/20/2024 17:30,12.6
6/20/2024 17:45,12.54
6/20/2024 18:00,12.52
6/20/2024 18:15,12.48
6/20/2024 18:30,12.41
6/20/2024 18:45,12.36
6/20/2024 19:00,12.34
6/20/2024 19:15,12.29
6/20/2024 19:30,12.32
6/20/2024 19:45,12.21
6/20/2024 20:00,12.09
6/20/2024 20:15,12.06
6/20/2024 20:30,12.06
6/20/2024 20:45,12.06
6/20/2024 21:00,12.06
6/20/2024 21:15,12.02
6/20/2024 21:30,11.98
6/20/2024 21:45,11.94
6/20/2024 22:00,11.84
6/20/2024 22:15,11.79
6/20/2024 22:30,11.7
6/20/2024 22:45,11.51
6/20/2024 23:00,11.49
6/20/2024 23:15,11.39
6/20/2024 23:30,11.36
6/20/2024 23:45,11.38
6/21/2024 0:00,11.28
6/21/2024 0:15,11.12
6/21/2024 0:30,10.95
6/21/2024 0:45,10.88
6/21/2024 1:00,10.83
6/21/2024 1:15,10.85
6/21/2024 1:30,10.86
6/21/2024 1:45,10.72
6/21/2024 2:00,10.72
6/21/2024 2:15,10.72
6/21/2024 2:30,10.65
6/21/2024 2:45,10.51
6/21/2024 3:00,10.39
6/21/2024 3:15,10.29
6/21/2024 3:30,10.21
6/21/2024 3:45,10.16
6/21/2024 4:00,9.98
6/21/2024 4:15,9.96
6/21/2024 4:30,9.98
6/21/2024 4:45,10.24
6/21/2024 5:00,10.46
6/21/2024 5:15,10.65
6/21/2024 5:30,10.94
6/21/2024 5:45,11.18
6/21/2024 6:00,11.26
6/21/2024 6:15,11.33
6/21/2024 6:30,11.43
6/21/2024 6:45,11.52
6/21/2024 7:00,11.58
6/21/2024 7:15,11.65
6/21/2024 7:30,11.72
6/21/2024 7:45,11.76
6/21/2024 8:00,11.83
6/21/2024 8:15,11.88
6/21/2024 8:30,11.95
6/21/2024 8:45,12.02
6/21/2024 9:00,12.14
6/21/2024 9:15,12.18
6/21/2024 9:30,12.28
6/21/2024 9:45,12.3
6/21/2024 10:00,12.37
6/21/2024 10:15,12.41
6/21/2024 10:30,12.47
6/21/2024 10:45,12.53
6/21/2024 11:00,12.7
6/21/2024 11:15,12.8
6/21/2024 11:30,13.04
6/21/2024 11:45,13.27
6/21/2024 12:00,13.19
6/21/2024 12:15,13.22
6/21/2024 12:30,13.46
6/21/2024 12:45,13.72
6/21/2024 13:00,13.78
6/21/2024 13:15,13.95
6/21/2024 13:30,13.99
6/21/2024 13:45,14.11
6/21/2024 14:00,14.25
6/21/2024 14:15,14.76
6/21/2024 14:30,14.78
6/21/2024 14:45,14.96
6/21/2024 15:00,15.01
6/21/2024 15:15,15.16
6/21/2024 15:30,15.4
6/21/2024 15:45,15.51
6/21/2024 16:00,15.55
6/21/2024 16:15,15.56
6/21/2024 16:30,15.51
6/21/2024 16:45,15.4
6/21/2024 17:00,15.32
6/21/2024 17:15,15.12
6/21/2024 17:30,14.71
6/21/2024 17:45,14.6
6/21/2024 18:00,14.54
6/21/2024 18:15,14.47
6/21/2024 18:30,14.34
6/21/2024 18:45,14.19
6/21/2024 19:00,14
6/21/2024 19:15,13.7
6/21/2024 19:30,13.22
6/21/2024 19:45,12.77
6/21/2024 20:00,12.45
6/21/2024 20:15,12.14
6/21/2024 20:30,11.83
6/21/2024 20:45,11.64
6/21/2024 21:00,11.43
6/21/2024 21:15,11.26
6/21/2024 21:30,11.1
6/21/2024 21:45,11.03
6/21/2024 22:00,10.99
6/21/2024 22:15,10.89
6/21/2024 22:30,10.78
6/21/2024 22:45,10.71
6/21/2024 23:00,10.64
6/21/2024 23:15,10.63
6/21/2024 23:30,10.52
6/21/2024 23:45,10.52
6/22/2024 0:00,10.46
6/22/2024 0:15,10.43
6/22/2024 0:30,10.39
6/22/2024 0:45,10.33
6/22/2024 1:00,10.26
6/22/2024 1:15,10.21
6/22/2024 1:30,10.22
6/22/2024 1:45,10.17
6/22/2024 2:00,10.16
6/22/2024 2:15,10.17
6/22/2024 2:30,10.17
6/22/2024 2:45,10.18
6/22/2024 3:00,10.36
6/22/2024 3:15,10.42
6/22/2024 3:30,10.52
6/22/2024 3:45,10.63
6/22/2024 4:00,10.73
6/22/2024 4:15,10.74
6/22/2024 4:30,10.82
6/22/2024 4:45,11.06
6/22/2024 5:00,11.17
6/22/2024 5:15,11.28
6/22/2024 5:30,11.43
6/22/2024 5:45,11.62
6/22/2024 6:00,11.66
6/22/2024 6:15,11.74
6/22/2024 6:30,11.71
6/22/2024 6:45,11.74
6/22/2024 7:00,11.81
6/22/2024 7:15,11.85
6/22/2024 7:30,11.88
6/22/2024 7:45,12
6/22/2024 8:00,12.03
6/22/2024 8:15,12.11
6/22/2024 8:30,12.09
6/22/2024 8:45,12.15
6/22/2024 9:00,12.16
6/22/2024 9:15,12.19
6/22/2024 9:30,12.32
6/22/2024 9:45,12.38
6/22/2024 10:00,12.46
6/22/2024 10:15,12.56
6/22/2024 10:30,12.68
6/22/2024 10:45,12.77
6/22/2024 11:00,12.88
6/22/2024 11:15,13.08
6/22/2024 11:30,13.21
6/22/2024 11:45,13.4
6/22/2024 12:00,13.67
6/22/2024 12:15,13.95
6/22/2024 12:30,14.09
6/22/2024 12:45,14.28
6/22/2024 13:00,14.44
6/22/2024 13:15,14.6
6/22/2024 13:30,14.75
6/22/2024 13:45,14.85
6/22/2024 14:00,14.97
6/22/2024 14:15,15.13
6/22/2024 14:30,15.24
6/22/2024 14:45,15.31
6/22/2024 15:00,15.42
6/22/2024 15:15,15.49
6/22/2024 15:30,15.53
6/22/2024 15:45,15.56
6/22/2024 16:00,15.58
6/22/2024 16:15,15.58
6/22/2024 16:30,15.56
6/22/2024 16:45,15.56
6/22/2024 17:00,15.51
6/22/2024 17:15,15.47
6/22/2024 17:30,15.43
6/22/2024 17:45,15.38
6/22/2024 18:00,15.36
6/22/2024 18:15,15.33
6/22/2024 18:30,15.28
6/22/2024 18:45,15.24
6/22/2024 19:00,15.23
6/22/2024 19:15,15.17
6/22/2024 19:30,15.1
6/22/2024 19:45,15
6/22/2024 20:00,14.79
6/22/2024 20:15,14.47
6/22/2024 20:30,14.15
6/22/2024 20:45,14
6/22/2024 21:00,13.82
6/22/2024 21:15,13.65
6/22/2024 21:30,13.46
6/22/2024 21:45,13.11
6/22/2024 22:00,12.91
6/22/2024 22:15,12.74
6/22/2024 22:30,12.51
6/22/2024 22:45,12.36
6/22/2024 23:00,12.28
6/22/2024 23:15,12.3
6/22/2024 23:30,12.32
6/22/2024 23:45,12.3
6/23/2024 0:00,12.39
6/23/2024 0:15,12.58
6/23/2024 0:30,12.99
6/23/2024 0:45,13.28
6/23/2024 1:00,13.53
6/23/2024 1:15,13.62
6/23/2024 1:30,13.38
6/23/2024 1:45,13.27
6/23/2024 2:00,13.21
6/23/2024 2:15,13.12
6/23/2024 2:30,13.06
6/23/2024 2:45,12.91
6/23/2024 3:00,12.78
6/23/2024 3:15,12.58
6/23/2024 3:30,12.41
6/23/2024 3:45,12.22
6/23/2024 4:00,12.3
6/23/2024 4:15,12.45
6/23/2024 4:30,12.56
6/23/2024 4:45,12.71
6/23/2024 5:00,12.73
6/23/2024 5:15,12.72
6/23/2024 5:30,12.69
6/23/2024 5:45,12.69
6/23/2024 6:00,12.71
6/23/2024 6:15,12.77
6/23/2024 6:30,12.85
6/23/2024 6:45,12.93
6/23/2024 7:00,13.07
6/23/2024 7:15,13.25
6/23/2024 7:30,13.33
6/23/2024 7:45,13.34
6/23/2024 8:00,13.53
6/23/2024 8:15,13.69
6/23/2024 8:30,14.12
6/23/2024 8:45,14.51
6/23/2024 9:00,14.79
6/23/2024 9:15,15.07
6/23/2024 9:30,15.66
6/23/2024 9:45,16.1
6/23/2024 10:00,16.39
6/23/2024 10:15,16.72
6/23/2024 10:30,16.99
6/23/2024 10:45,17.14
6/23/2024 11:00,17.33
6/23/2024 11:15,17.51
6/23/2024 11:30,17.18
6/23/2024 11:45,17.45
6/23/2024 12:00,17.57
6/23/2024 12:15,17.63
6/23/2024 12:30,18.06
6/23/2024 12:45,18.44
6/23/2024 13:00,18.98
6/23/2024 13:15,19.49
6/23/2024 13:30,19.41
6/23/2024 13:45,19.49
6/23/2024 14:00,19.51
6/23/2024 14:15,19.24
6/23/2024 14:30,18.73
6/23/2024 14:45,18.43
6/23/2024 15:00,18.24
6/23/2024 15:15,18.53
6/23/2024 15:30,18.69
6/23/2024 15:45,18.92
6/23/2024 16:00,18.41
6/23/2024 16:15,18.51
6/23/2024 16:30,18.83
6/23/2024 16:45,18.71
6/23/2024 17:00,18.66
6/23/2024 17:15,18.55
6/23/2024 17:30,18.25
6/23/2024 17:45,17.79
6/23/2024 18:00,17.38
6/23/2024 18:15,17.04
6/23/2024 18:30,16.64
6/23/2024 18:45,16.18
6/23/2024 19:00,15.78
6/23/2024 19:15,15.46
6/23/2024 19:30,14.69
6/23/2024 19:45,13.58
6/23/2024 20:00,12.69
6/23/2024 20:15,12.18
6/23/2024 20:30,12.05
6/23/2024 20:45,12.09
6/23/2024 21:00,12.71
6/23/2024 21:15,12.58
6/23/2024 21:30,12.32
6/23/2024 21:45,11.68
6/23/2024 22:00,11.17
6/23/2024 22:15,10.93
6/23/2024 22:30,11.09
6/23/2024 22:45,10.95
6/23/2024 23:00,10.73
6/23/2024 23:15,10.37
6/23/2024 23:30,10.38
6/23/2024 23:45,10.52
6/24/2024 0:00,10.21
6/24/2024 0:15,10.33
6/24/2024 0:30,10.33
6/24/2024 0:45,10.25
6/24/2024 1:00,9.63
6/24/2024 1:15,9.15
6/24/2024 1:30,8.8
6/24/2024 1:45,8.6
6/24/2024 2:00,8.43
6/24/2024 2:15,8.33
6/24/2024 2:30,8.45
6/24/2024 2:45,8.28
6/24/2024 3:00,8.24
6/24/2024 3:15,8.23
6/24/2024 3:30,8.02
6/24/2024 3:45,8.02
6/24/2024 4:00,7.81
6/24/2024 4:15,7.68
6/24/2024 4:30,7.7
6/24/2024 4:45,7.79
6/24/2024 5:00,8.39
6/24/2024 5:15,8.83
6/24/2024 5:30,9.52
6/24/2024 5:45,10.1
6/24/2024 6:00,10.53
6/24/2024 6:15,10.9
6/24/2024 6:30,11.1
6/24/2024 6:40,11.27
6/24/2024 6:45,11.35
6/24/2024 7:00,11.57
6/24/2024 7:15,11.76
6/24/2024 7:30,11.92
6/24/2024 7:45,12.12
6/24/2024 8:00,12.26
6/24/2024 8:15,12.34
6/24/2024 8:30,12.48
6/24/2024 8:45,12.61
6/24/2024 9:00,12.75
6/24/2024 9:15,12.87
6/24/2024 9:30,13
6/24/2024 9:45,13.16
6/24/2024 10:00,13.33
6/24/2024 10:15,13.46
6/24/2024 10:30,13.6
6/24/2024 10:45,13.74
6/24/2024 11:00,13.97
6/24/2024 11:15,14.02
6/24/2024 11:30,14.27
6/24/2024 11:45,14.34
6/24/2024 12:00,14.43
6/24/2024 12:15,14.74
6/24/2024 12:30,14.84
6/24/2024 12:45,14.78
6/24/2024 13:00,14.87
6/24/2024 13:15,14.91
6/24/2024 13:30,15.14
6/24/2024 13:45,15.19
6/24/2024 14:00,15.38
6/24/2024 14:15,15.61
6/24/2024 14:30,15.59
6/24/2024 14:45,15.64
6/24/2024 15:00,15.65
6/24/2024 15:15,15.74
6/24/2024 15:30,15.74
6/24/2024 15:45,15.69
6/24/2024 16:00,15.68
6/24/2024 16:15,15.71
6/24/2024 16:30,15.65
6/24/2024 16:45,15.56
6/24/2024 17:00,15.53
6/24/2024 17:15,15.49
6/24/2024 17:30,15.4
6/24/2024 17:45,15.3
6/24/2024 18:00,15.22
6/24/2024 18:15,15.13
6/24/2024 18:30,15.07
6/24/2024 18:45,14.82
6/24/2024 19:00,14.4
6/24/2024 19:15,13.94
6/24/2024 19:30,13.37
6/24/2024 19:45,12.96
6/24/2024 20:00,12.45
6/24/2024 20:15,12
6/24/2024 20:30,11.46
6/24/2024 20:45,10.96
6/24/2024 21:00,10.54
6/24/2024 21:15,10.22
6/24/2024 21:30,9.92
6/24/2024 21:45,9.71
6/24/2024 22:00,9.41
6/24/2024 22:15,9.17
6/24/2024 22:30,8.97
6/24/2024 22:45,8.68
6/24/2024 23:00,8.56
6/24/2024 23:15,8.21
6/24/2024 23:30,7.97
6/24/2024 23:45,7.82
6/25/2024 0:00,7.84
6/25/2024 0:15,7.77
6/25/2024 0:30,7.63
6/25/2024 0:45,7.48
6/25/2024 1:00,7.45
6/25/2024 1:15,7.33
6/25/2024 1:30,7.36
6/25/2024 1:45,7.21
6/25/2024 2:00,7.08
6/25/2024 2:15,6.87
6/25/2024 2:30,6.889
6/25/2024 2:45,6.889
6/25/2024 3:00,6.88
6/25/2024 3:15,6.794
6/25/2024 3:30,6.661
6/25/2024 3:45,6.661
6/25/2024 4:00,6.528
6/25/2024 4:15,6.519
6/25/2024 4:30,6.68
6/25/2024 4:45,7.18
6/25/2024 5:00,7.59
6/25/2024 5:15,8.1
6/25/2024 5:30,8.91
6/25/2024 5:45,9.44
6/25/2024 6:00,9.75
6/25/2024 6:15,10.16
6/25/2024 6:30,10.49
6/25/2024 6:45,10.78
6/25/2024 7:00,11.04
6/25/2024 7:15,11.25
6/25/2024 7:30,11.42
6/25/2024 7:45,11.57
6/25/2024 8:00,11.68
6/25/2024 8:15,11.82
6/25/2024 8:30,11.96
6/25/2024 8:45,12.08
6/25/2024 9:00,12.21
6/25/2024 9:15,12.32
6/25/2024 9:30,12.49
6/25/2024 9:45,12.64
6/25/2024 10:00,12.82
6/25/2024 10:15,12.99
6/25/2024 10:30,13.15
6/25/2024 10:45,13.31
6/25/2024 11:00,13.48
6/25/2024 11:15,13.64
6/25/2024 11:30,13.78
6/25/2024 11:45,13.89
6/25/2024 12:00,14.04
6/25/2024 12:15,14.18
6/25/2024 12:30,14.34
6/25/2024 12:45,14.45
6/25/2024 13:00,14.55
6/25/2024 13:15,14.65
6/25/2024 13:30,14.76
6/25/2024 13:45,14.85
6/25/2024 14:00,14.98
6/25/2024 14:15,15.14
6/25/2024 14:30,15.29
6/25/2024 14:45,15.39
6/25/2024 15:00,15.47
6/25/2024 15:15,15.47
6/25/2024 15:30,15.54
6/25/2024 15:45,15.62
6/25/2024 16:00,15.63
6/25/2024 16:15,15.63
6/25/2024 16:30,15.56
6/25/2024 16:45,15.48
6/25/2024 17:00,15.43
6/25/2024 17:15,15.38
6/25/2024 17:30,15.33
6/25/2024 17:45,15.33
6/25/2024 18:00,15.29
6/25/2024 18:15,15.24
6/25/2024 18:30,15.19
6/25/2024 18:45,15.14
6/25/2024 19:00,15.05
6/25/2024 19:15,14.98
6/25/2024 19:30,14.89
6/25/2024 19:45,14.69
6/25/2024 20:00,14.35
6/25/2024 20:15,14.01
6/25/2024 20:30,13.57
6/25/2024 20:45,13.18
6/25/2024 21:00,12.95
6/25/2024 21:15,12.54
6/25/2024 21:30,12.29
6/25/2024 21:45,12.07
6/25/2024 22:00,11.78
6/25/2024 22:15,11.62
6/25/2024 22:30,11.39
6/25/2024 22:45,11.28
6/25/2024 23:00,11.07
6/25/2024 23:15,11.12
6/25/2024 23:30,11.3
6/25/2024 23:45,11.43
6/26/2024 0:00,11.56
6/26/2024 0:15,11.59
6/26/2024 0:30,11.63
6/26/2024 0:45,11.78
6/26/2024 1:00,11.92
6/26/2024 1:15,12
6/26/2024 1:30,12.05
6/26/2024 1:45,12.07
6/26/2024 2:00,12.11
6/26/2024 2:15,12.1
6/26/2024 2:30,12.2
6/26/2024 2:45,12.31
6/26/2024 3:00,12.43
6/26/2024 3:15,12.53
6/26/2024 3:30,12.63
6/26/2024 3:45,12.67
6/26/2024 4:00,12.66
6/26/2024 4:15,12.67
6/26/2024 4:30,12.72
6/26/2024 4:45,12.83
6/26/2024 5:00,12.92
6/26/2024 5:15,12.95
6/26/2024 5:30,13.01
6/26/2024 5:45,13.07
6/26/2024 6:00,13.18
6/26/2024 6:15,13.26
6/26/2024 6:30,13.33
6/26/2024 6:45,13.4
6/26/2024 7:00,13.49
6/26/2024 7:15,13.55
6/26/2024 7:30,13.6
6/26/2024 7:45,13.66
6/26/2024 8:00,13.75
6/26/2024 8:15,13.82
6/26/2024 8:30,13.88
6/26/2024 8:45,13.94
6/26/2024 9:00,14
6/26/2024 9:15,14.02
6/26/2024 9:30,14.05
6/26/2024 9:45,14.09
6/26/2024 10:00,14.16
6/26/2024 10:15,14.2
6/26/2024 10:30,14.26
6/26/2024 10:45,14.36
6/26/2024 11:00,14.56
6/26/2024 11:15,14.9
6/26/2024 11:30,14.98
6/26/2024 11:45,15
6/26/2024 12:00,15.47
6/26/2024 12:15,15.42
6/26/2024 12:30,15.2
6/26/2024 12:45,15.66
6/26/2024 13:00,15.69
6/26/2024 13:15,16.2
6/26/2024 13:30,16.12
6/26/2024 13:45,16.3
6/26/2024 14:00,17.44
6/26/2024 14:15,18.16
6/26/2024 14:30,17.94
6/26/2024 14:45,17.74
6/26/2024 15:00,17.05
6/26/2024 15:15,16.94
6/26/2024 15:30,16.72
6/26/2024 15:45,16.75
6/26/2024 16:00,16.49
6/26/2024 16:15,16.52
6/26/2024 16:30,16.63
6/26/2024 16:45,16.29
6/26/2024 17:00,16.08
6/26/2024 17:15,15.95
6/26/2024 17:30,15.93
6/26/2024 17:45,16.03
6/26/2024 18:00,16.45
6/26/2024 18:15,16.62
6/26/2024 18:30,16.79
6/26/2024 18:45,16.94
6/26/2024 19:00,16.69
6/26/2024 19:15,16.4
6/26/2024 19:30,15.93
6/26/2024 19:45,15.45
6/26/2024 20:00,15.11
6/26/2024 20:15,15
6/26/2024 20:30,14.81
6/26/2024 20:45,14.78
6/26/2024 21:00,14.61
6/26/2024 21:15,14.67
6/26/2024 21:30,14.82
6/26/2024 21:45,14.86
6/26/2024 22:00,14.85
6/26/2024 22:15,14.74
6/26/2024 22:30,14.62
6/26/2024 22:45,14.51
6/26/2024 23:00,14.44
6/26/2024 23:15,14.33
6/26/2024 23:30,14.23
6/26/2024 23:45,14.18
6/27/2024 0:00,14.08
6/27/2024 0:15,14
6/27/2024 0:30,13.95
6/27/2024 0:45,13.87
6/27/2024 1:00,13.8
6/27/2024 1:15,13.72
6/27/2024 1:30,13.62
6/27/2024 1:45,13.55
6/27/2024 2:00,13.48
6/27/2024 2:15,13.39
6/27/2024 2:30,13.28
6/27/2024 2:45,13.2
6/27/2024 3:00,13.11
6/27/2024 3:15,12.99
6/27/2024 3:30,12.88
6/27/2024 3:45,12.88
6/27/2024 4:00,12.74
6/27/2024 4:15,12.56
6/27/2024 4:30,12.62
6/27/2024 4:45,12.63
6/27/2024 5:00,12.67
6/27/2024 5:15,12.71
6/27/2024 5:30,12.67
6/27/2024 5:45,12.66
6/27/2024 6:00,12.77
6/27/2024 6:15,12.87
6/27/2024 6:30,12.77
6/27/2024 6:45,12.77
6/27/2024 7:00,12.87
6/27/2024 7:15,13.02
6/27/2024 7:30,13.16
6/27/2024 7:45,13.23
6/27/2024 8:00,13.35
6/27/2024 8:15,13.46
6/27/2024 8:30,13.71
6/27/2024 8:45,13.87
6/27/2024 9:00,14.04
6/27/2024 9:15,14.32
6/27/2024 9:30,14.64
6/27/2024 9:45,14.68
6/27/2024 10:00,14.4
6/27/2024 10:15,14.4
6/27/2024 10:30,14.74
6/27/2024 10:45,15.01
6/27/2024 11:00,15.12
6/27/2024 11:15,15.47
6/27/2024 11:30,15.38
6/27/2024 11:45,15.48
6/27/2024 12:00,15.98
6/27/2024 12:15,16.32
6/27/2024 12:30,16.19
6/27/2024 12:45,16.15
6/27/2024 13:00,16.05
6/27/2024 13:15,15.9
6/27/2024 13:30,15.91
6/27/2024 13:45,16.72
6/27/2024 14:00,17.1
6/27/2024 14:15,17.34
6/27/2024 14:30,17.17
6/27/2024 14:45,17.08
6/27/2024 15:00,17.03
6/27/2024 15:15,16.82
6/27/2024 15:30,16.5
6/27/2024 15:45,16.55
6/27/2024 16:00,16.77
6/27/2024 16:15,16.68
6/27/2024 16:30,16.54
6/27/2024 16:45,16.59
6/27/2024 17:00,16.55
6/27/2024 17:15,16.31
6/27/2024 17:30,16.19
6/27/2024 17:45,15.92
6/27/2024 18:00,15.79
6/27/2024 18:15,15.58
6/27/2024 18:30,15.38
6/27/2024 18:45,15.11
6/27/2024 19:00,14.64
6/27/2024 19:15,13.95
6/27/2024 19:30,13.31
6/27/2024 19:45,12.73
6/27/2024 20:00,12.49
6/27/2024 20:15,12.3
6/27/2024 20:30,12.19
6/27/2024 20:45,12.3
6/27/2024 21:00,12.46
6/27/2024 21:15,12.69
6/27/2024 21:30,12.75
6/27/2024 21:45,12.88
6/27/2024 22:00,13.06
6/27/2024 22:15,13.13
6/27/2024 22:30,13.07
6/27/2024 22:45,13.19
6/27/2024 23:00,13.28
6/27/2024 23:15,13.18
6/27/2024 23:30,13.17
6/27/2024 23:45,13.32
6/28/2024 0:00,13.38
6/28/2024 0:15,13.4
6/28/2024 0:30,13.41
6/28/2024 0:45,13.38
6/28/2024 1:00,13.36
6/28/2024 1:15,13.24
6/28/2024 1:30,12.91
6/28/2024 1:45,12.73
6/28/2024 2:00,12.73
6/28/2024 2:15,12.92
6/28/2024 2:30,13.03
6/28/2024 2:45,13.08
6/28/2024 3:00,13.07
6/28/2024 3:15,13.02
6/28/2024 3:30,12.98
6/28/2024 3:45,12.93
6/28/2024 4:00,12.86
6/28/2024 4:15,12.85
6/28/2024 4:30,12.65
6/28/2024 4:45,12.1
6/28/2024 5:00,11.53
6/28/2024 5:15,11.47
6/28/2024 5:30,11.81
6/28/2024 5:45,12.2
6/28/2024 6:00,12.37
6/28/2024 6:15,12.55
6/28/2024 6:30,12.66
6/28/2024 6:45,12.46
6/28/2024 7:00,12.85
6/28/2024 7:15,13.05
6/28/2024 7:30,13.2
6/28/2024 7:45,13.26
6/28/2024 8:00,13.6
6/28/2024 8:15,13.81
6/28/2024 8:30,13.98
6/28/2024 8:45,13.83
6/28/2024 9:00,13.81
6/28/2024 9:15,13.9
6/28/2024 9:30,13.73
6/28/2024 9:45,13.88
6/28/2024 10:00,13.98
6/28/2024 10:15,14.48
6/28/2024 10:30,14.23
6/28/2024 10:45,14.46
6/28/2024 11:00,14.5
6/28/2024 11:15,14.39
6/28/2024 11:30,14.4
6/28/2024 11:45,14.51
6/28/2024 12:00,14.48
6/28/2024 12:15,14.55
6/28/2024 12:30,14.5
6/28/2024 12:45,14.49
6/28/2024 13:00,14.53
6/28/2024 13:15,14.67
6/28/2024 13:30,14.8
6/28/2024 13:45,14.85
6/28/2024 14:00,14.86
6/28/2024 14:15,14.88
6/28/2024 14:30,15.04
6/28/2024 14:45,15.12
6/28/2024 15:00,15.09
6/28/2024 15:15,15.18
6/28/2024 15:30,15.23
6/28/2024 15:45,15.29
6/28/2024 16:00,15.26
6/28/2024 16:15,15.17
6/28/2024 16:30,15.16
6/28/2024 16:45,15.11
6/28/2024 17:00,15.05
6/28/2024 17:15,14.99
6/28/2024 17:30,14.95
6/28/2024 17:45,14.89
6/28/2024 18:00,14.84
6/28/2024 18:15,14.79
6/28/2024 18:30,14.75
6/28/2024 18:45,14.73
6/28/2024 19:00,14.66
6/28/2024 19:15,14.45
6/28/2024 19:30,14.12
6/28/2024 19:45,13.7
6/28/2024 20:00,13.14
6/28/2024 20:15,12.65
6/28/2024 20:30,12.23
6/28/2024 20:45,11.75
6/28/2024 21:00,11.4
6/28/2024 21:15,11.09
6/28/2024 21:30,10.78
6/28/2024 21:45,10.56
6/28/2024 22:00,10.37
6/28/2024 22:15,10.17
6/28/2024 22:30,9.96
6/28/2024 22:45,9.73
6/28/2024 23:00,9.48
6/28/2024 23:15,9.28
6/28/2024 23:30,9.02
6/28/2024 23:45,8.88
6/29/2024 0:00,8.87
6/29/2024 0:15,8.87
6/29/2024 0:30,8.74
6/29/2024 0:45,8.68
6/29/2024 1:00,8.54
6/29/2024 1:15,8.42
6/29/2024 1:30,8.3
6/29/2024 1:45,8.19
6/29/2024 1:51,8.16
6/29/2024 2:00,8.01
6/29/2024 2:15,7.88
6/29/2024 2:30,7.76
6/29/2024 2:45,7.75
6/29/2024 3:00,7.6
6/29/2024 3:15,7.63
6/29/2024 3:30,7.58
6/29/2024 3:45,7.38
6/29/2024 4:00,7.49
6/29/2024 4:15,7.53
6/29/2024 4:30,7.74
6/29/2024 4:45,8
6/29/2024 5:00,8.77
6/29/2024 5:15,9.37
6/29/2024 5:30,9.97
6/29/2024 5:45,10.48
6/29/2024 6:00,10.83
6/29/2024 6:15,11.14
6/29/2024 6:30,11.38
6/29/2024 6:45,11.65
6/29/2024 7:00,11.91
6/29/2024 7:15,12.16
6/29/2024 7:30,12.33
6/29/2024 7:45,12.5
6/29/2024 8:00,12.59
6/29/2024 8:15,12.64
6/29/2024 8:30,12.71
6/29/2024 8:45,12.82
6/29/2024 9:00,12.99
6/29/2024 9:15,13.13
6/29/2024 9:30,13.24
6/29/2024 9:45,13.36
6/29/2024 10:00,13.56
6/29/2024 10:15,13.62
6/29/2024 10:30,13.72
6/29/2024 10:45,13.82
6/29/2024 11:00,14.02
6/29/2024 11:15,14.24
6/29/2024 11:30,14.35
6/29/2024 11:45,14.46
6/29/2024 12:00,14.47
6/29/2024 12:15,14.52
6/29/2024 12:30,14.63
6/29/2024 12:45,15.1
6/29/2024 13:00,15.39
6/29/2024 13:15,15.31
6/29/2024 13:30,15.31
6/29/2024 13:45,15.77
6/29/2024 14:00,15.8
6/29/2024 14:15,15.96
6/29/2024 14:30,16.22
6/29/2024 14:45,16.27
6/29/2024 15:00,16.24
6/29/2024 15:15,16.15
6/29/2024 15:30,15.95
6/29/2024 15:45,15.7
6/29/2024 16:00,15.55
6/29/2024 16:15,15.47
6/29/2024 16:30,15.39
6/29/2024 16:45,15.36
6/29/2024 17:00,15.32
6/29/2024 17:15,15.24
6/29/2024 17:30,15.18
6/29/2024 17:45,15.11
6/29/2024 18:00,15.08
6/29/2024 18:15,15.05
6/29/2024 18:30,15.03
6/29/2024 18:45,14.98
6/29/2024 19:00,14.95
6/29/2024 19:15,14.91
6/29/2024 19:30,14.88
6/29/2024 19:45,14.82
6/29/2024 20:00,14.77
6/29/2024 20:15,14.7
6/29/2024 20:30,14.68
6/29/2024 20:45,14.63
6/29/2024 21:00,14.59
6/29/2024 21:15,14.54
6/29/2024 21:30,14.51
6/29/2024 21:45,14.43
6/29/2024 22:00,14.43
6/29/2024 22:15,14.38
6/29/2024 22:30,14.37
6/29/2024 22:45,14.35
6/29/2024 23:00,14.31
6/29/2024 23:15,14.3
6/29/2024 23:30,14.27
6/29/2024 23:45,14.24
6/30/2024 0:00,14.2
6/30/2024 0:15,14.29
6/30/2024 0:30,14.25
6/30/2024 0:45,14.23
6/30/2024 1:00,14.2
6/30/2024 1:15,14.17
6/30/2024 1:30,14.13
6/30/2024 1:45,14.07
6/30/2024 2:00,14.02
6/30/2024 2:15,14.01
6/30/2024 2:30,14.01
6/30/2024 2:45,14.02
6/30/2024 3:00,13.97
6/30/2024 3:15,13.98
6/30/2024 3:30,13.96
6/30/2024 3:45,13.94
6/30/2024 4:00,13.94
6/30/2024 4:15,13.94
6/30/2024 4:30,13.92
6/30/2024 4:45,13.79
6/30/2024 5:00,13.69
6/30/2024 5:15,13.67
6/30/2024 5:30,13.68
6/30/2024 5:45,13.7
6/30/2024 6:00,13.79
6/30/2024 6:15,13.88
6/30/2024 6:30,13.91
6/30/2024 6:45,13.95
6/30/2024 7:00,14.19
6/30/2024 7:15,14.33
6/30/2024 7:30,14.47
6/30/2024 7:45,14.38
6/30/2024 8:00,14.42
6/30/2024 8:15,14.85
6/30/2024 8:30,14.95
6/30/2024 8:45,15.08
6/30/2024 9:00,15.15
6/30/2024 9:15,15.39
6/30/2024 9:30,15.43
6/30/2024 9:45,15.46
6/30/2024 10:00,15.73
6/30/2024 10:15,15.84
6/30/2024 10:30,15.87
6/30/2024 10:45,15.89
6/30/2024 11:00,15.95
6/30/2024 11:15,16.08
6/30/2024 11:30,16.73
6/30/2024 11:45,16.64
6/30/2024 12:00,16.78
6/30/2024 12:15,16.45
6/30/2024 12:30,16.68
6/30/2024 12:45,16.61
6/30/2024 13:00,16.27
6/30/2024 13:15,16.62
6/30/2024 13:30,17.27
6/30/2024 13:45,17.86
6/30/2024 14:00,17.6
6/30/2024 14:15,17.71
6/30/2024 14:30,18.61
6/30/2024 14:45,18.64
6/30/2024 15:00,19.4
6/30/2024 15:15,20.17
6/30/2024 15:30,20.21
6/30/2024 15:45,20.17
6/30/2024 16:00,19.18
6/30/2024 16:15,18.94
6/30/2024 16:30,18.96
6/30/2024 16:45,18.93
6/30/2024 17:00,18.89
6/30/2024 17:15,18.48
6/30/2024 17:30,18.03
6/30/2024 17:45,17.96
6/30/2024 18:00,17.58
6/30/2024 18:15,17.06
6/30/2024 18:30,16.72
6/30/2024 18:45,16.4
6/30/2024 19:00,16.1
6/30/2024 19:15,15.73
6/30/2024 19:30,15.28
6/30/2024 19:45,14.83
6/30/2024 20:00,14.45
6/30/2024 20:15,14.34
6/30/2024 20:30,14.05
6/30/2024 20:45,13.89
6/30/2024 21:00,13.95
6/30/2024 21:15,13.9
6/30/2024 21:30,13.59
6/30/2024 21:45,13.26
6/30/2024 22:00,12.93
6/30/2024 22:15,12.75
6/30/2024 22:30,12.55
6/30/2024 22:45,12.35
6/30/2024 23:00,12.43
6/30/2024 23:15,12.36
6/30/2024 23:30,12.11
6/30/2024 23:45,11.88
7/1/2024 0:00,11.59
7/1/2024 0:15,11.43
7/1/2024 0:30,11.06
7/1/2024 0:45,10.81
7/1/2024 1:00,10.66
7/1/2024 1:15,10.55
7/1/2024 1:30,10.39
7/1/2024 1:45,10.4
7/1/2024 2:00,10.29
7/1/2024 2:15,10.18
7/1/2024 2:30,10.19
7/1/2024 2:45,10.24
7/1/2024 3:00,10.22
7/1/2024 3:15,10.09
7/1/2024 3:30,9.93
7/1/2024 3:45,9.74
7/1/2024 4:00,9.66
7/1/2024 4:15,9.55
7/1/2024 4:30,9.67
7/1/2024 4:45,10.07
7/1/2024 5:00,10.75
7/1/2024 5:15,11.38
7/1/2024 5:30,11.88
7/1/2024 5:45,12.18
7/1/2024 6:00,12.41
7/1/2024 6:15,12.72
7/1/2024 6:30,13.15
7/1/2024 6:45,13.45
7/1/2024 7:00,13.67
7/1/2024 7:15,14.09
7/1/2024 7:30,14.66
7/1/2024 7:45,15.09
7/1/2024 8:00,15.28
7/1/2024 8:15,15.43
7/1/2024 8:30,15.69
7/1/2024 8:45,15.88
7/1/2024 9:00,16.23
7/1/2024 9:15,16.39
7/1/2024 9:30,16.55
7/1/2024 9:45,16.74
7/1/2024 10:00,16.94
7/1/2024 10:15,17.52
7/1/2024 10:30,17.6
7/1/2024 10:45,17.76
7/1/2024 11:00,18.04
7/1/2024 11:15,18.16
7/1/2024 11:30,18.42
7/1/2024 11:45,18.33
7/1/2024 12:00,18.12
7/1/2024 12:15,17.93
7/1/2024 12:30,18.17
7/1/2024 12:45,18.79
7/1/2024 13:00,19.1
7/1/2024 13:15,18.59
7/1/2024 13:30,18.88
7/1/2024 13:45,19.48
7/1/2024 14:00,19.34
7/1/2024 14:15,19.1
7/1/2024 14:30,19.05
7/1/2024 14:45,18.78
7/1/2024 15:00,19.05
7/1/2024 15:15,19.37
7/1/2024 15:30,19.2
7/1/2024 15:45,19.59
7/1/2024 16:00,19.71
7/1/2024 16:15,19.61
7/1/2024 16:30,18.51
7/1/2024 16:45,18.86
7/1/2024 17:00,18.02
7/1/2024 17:15,17.1
7/1/2024 17:30,16.67
7/1/2024 17:45,16.35
7/1/2024 18:00,16.32
7/1/2024 18:15,16.1
7/1/2024 18:30,15.92
7/1/2024 18:45,15.69
7/1/2024 19:00,15.23
7/1/2024 19:15,14.9
7/1/2024 19:30,14.47
7/1/2024 19:45,14.06
7/1/2024 20:00,13.76
7/1/2024 20:15,13.49
7/1/2024 20:30,13.35
7/1/2024 20:45,13.24
7/1/2024 21:00,12.99
7/1/2024 21:15,12.96
7/1/2024 21:30,12.97
7/1/2024 21:45,12.78
7/1/2024 22:00,12.47
7/1/2024 22:15,12.06
7/1/2024 22:30,11.84
7/1/2024 22:45,11.6
7/1/2024 23:00,11.35
7/1/2024 23:15,11.27
7/1/2024 23:30,11.17
7/1/2024 23:45,11.24
7/2/2024 0:00,11.14
7/2/2024 0:15,10.94
7/2/2024 0:30,10.72
7/2/2024 0:45,10.74
7/2/2024 1:00,10.93
7/2/2024 1:15,10.96
7/2/2024 1:30,11.03
7/2/2024 1:45,11.09
7/2/2024 2:00,11.15
7/2/2024 2:15,11.37
7/2/2024 2:30,12
7/2/2024 2:45,12.24
7/2/2024 3:00,12.25
7/2/2024 3:15,12.26
7/2/2024 3:30,12.21
7/2/2024 3:45,12.14
7/2/2024 4:00,12.14
7/2/2024 4:15,12.19
7/2/2024 4:30,12.25
7/2/2024 4:45,12.33
7/2/2024 5:00,12.36
7/2/2024 5:15,12.3
7/2/2024 5:30,12.36
7/2/2024 5:45,12.55
7/2/2024 6:00,12.81
7/2/2024 6:15,13.21
7/2/2024 6:30,13.6
7/2/2024 6:45,14.04
7/2/2024 7:00,14.21
7/2/2024 7:15,14.6
7/2/2024 7:30,15.06
7/2/2024 7:45,15.33
7/2/2024 8:00,15.47
7/2/2024 8:15,15.65
7/2/2024 8:30,15.79
7/2/2024 8:45,16.01
7/2/2024 9:00,16.52
7/2/2024 9:15,16.59
7/2/2024 9:30,16.66
7/2/2024 9:45,17.21
7/2/2024 10:00,17.39
7/2/2024 10:15,17.62
7/2/2024 10:30,17.75
7/2/2024 10:45,18.08
7/2/2024 11:00,18.32
7/2/2024 11:15,18.46
7/2/2024 11:30,18.44
7/2/2024 11:45,18.93
7/2/2024 12:00,19.06
7/2/2024 12:15,18.89
7/2/2024 12:30,18.93
7/2/2024 12:45,19.34
7/2/2024 13:00,19.45
7/2/2024 13:15,19.6
7/2/2024 13:30,19.83
7/2/2024 13:45,20.23
7/2/2024 14:00,19.7
7/2/2024 14:15,20.12
7/2/2024 14:30,20.05
7/2/2024 14:45,20.41
7/2/2024 15:00,20.91
7/2/2024 15:15,20.9
7/2/2024 15:30,20.94
7/2/2024 15:45,20.62
7/2/2024 16:00,20.71
7/2/2024 16:15,20.38
7/2/2024 16:30,20.49
7/2/2024 16:45,20.3
7/2/2024 17:00,19.93
7/2/2024 17:15,19.5
7/2/2024 17:30,19.24
7/2/2024 17:45,18.16
7/2/2024 18:00,17.72
7/2/2024 18:15,17.39
7/2/2024 18:30,16.91
7/2/2024 18:45,16.41
7/2/2024 19:00,16
7/2/2024 19:15,15.43
7/2/2024 19:30,14.83
7/2/2024 19:45,14.19
7/2/2024 20:00,13.59
7/2/2024 20:15,13.07
7/2/2024 20:30,12.72
7/2/2024 20:45,12.36
7/2/2024 21:00,11.93
7/2/2024 21:15,11.65
7/2/2024 21:30,11.34
7/2/2024 21:45,11.12
7/2/2024 22:00,10.89
7/2/2024 22:15,10.82
7/2/2024 22:30,10.74
7/2/2024 22:45,10.46
7/2/2024 23:00,10.36
7/2/2024 23:15,10.31
7/2/2024 23:30,10.1
7/2/2024 23:45,9.87
7/3/2024 0:00,9.71
7/3/2024 0:15,9.59
7/3/2024 0:30,9.63
7/3/2024 0:45,9.93
7/3/2024 1:00,10.08
7/3/2024 1:15,9.81
7/3/2024 1:30,9.86
7/3/2024 1:45,9.64
7/3/2024 2:00,9.62
7/3/2024 2:15,9.46
7/3/2024 2:30,9.41
7/3/2024 2:45,8.96
7/3/2024 3:00,8.69
7/3/2024 3:15,8.38
7/3/2024 3:30,8.38
7/3/2024 3:45,8.25
7/3/2024 4:00,8.5
7/3/2024 4:15,8.63
7/3/2024 4:30,8.85
7/3/2024 4:45,8.87
7/3/2024 5:00,9.12
7/3/2024 5:15,9.45
7/3/2024 5:30,9.78
7/3/2024 5:45,10.18
7/3/2024 6:00,10.64
7/3/2024 6:15,11.03
7/3/2024 6:30,11.43
7/3/2024 6:45,11.94
7/3/2024 7:00,12.4
7/3/2024 7:15,12.86
7/3/2024 7:30,13.32
7/3/2024 7:45,13.72
7/3/2024 8:00,13.96
7/3/2024 8:15,14.33
7/3/2024 8:30,14.64
7/3/2024 8:45,14.97
7/3/2024 9:00,15.35
7/3/2024 9:15,15.65
7/3/2024 9:30,15.89
7/3/2024 9:45,16.3
7/3/2024 10:00,16.38
7/3/2024 10:15,16.62
7/3/2024 10:30,16.94
7/3/2024 10:45,16.91
7/3/2024 11:00,17.2
7/3/2024 11:15,17.3
7/3/2024 11:30,17.84
7/3/2024 11:45,17.88
7/3/2024 12:00,18.66
7/3/2024 12:15,18.83
7/3/2024 12:30,19
7/3/2024 12:45,19.44
7/3/2024 13:00,19.56
7/3/2024 13:15,19.8
7/3/2024 13:30,20.16
7/3/2024 13:45,20.85
7/3/2024 14:00,21.06
7/3/2024 14:15,21.41
7/3/2024 14:30,21.54
7/3/2024 14:45,20.62
7/3/2024 15:00,20.85
7/3/2024 15:15,20.91
7/3/2024 15:30,20.24
7/3/2024 15:45,20.23
7/3/2024 16:00,19.55
7/3/2024 16:15,19.63
7/3/2024 16:30,19.69
7/3/2024 16:45,19.02
7/3/2024 17:00,19.12
7/3/2024 17:15,19.43
7/3/2024 17:30,19.32
7/3/2024 17:45,18.82
7/3/2024 18:00,18.66
7/3/2024 18:15,18.11
7/3/2024 18:30,17.58
7/3/2024 18:45,17.08
7/3/2024 19:00,16.49
7/3/2024 19:15,15.75
7/3/2024 19:30,14.82
7/3/2024 19:45,14.11
7/3/2024 20:00,13.55
7/3/2024 20:15,13.08
7/3/2024 20:30,12.63
7/3/2024 20:45,12.3
7/3/2024 21:00,12.17
7/3/2024 21:15,11.87
7/3/2024 21:30,11.63
7/3/2024 21:45,11.47
7/3/2024 22:00,11.12
7/3/2024 22:15,10.87
7/3/2024 22:30,10.69
7/3/2024 22:45,10.54
7/3/2024 23:00,10.31
7/3/2024 23:15,10.11
7/3/2024 23:30,10
7/3/2024 23:45,9.75
7/4/2024 0:00,9.56
7/4/2024 0:15,9.43
7/4/2024 0:30,9.29
7/4/2024 0:45,9.13
7/4/2024 1:00,9.04
7/4/2024 1:15,8.9
7/4/2024 1:30,8.86
7/4/2024 1:45,8.89
7/4/2024 2:00,8.8
7/4/2024 2:15,8.57
7/4/2024 2:30,8.3
7/4/2024 2:45,8.26
7/4/2024 3:00,8.22
7/4/2024 3:15,8.15
7/4/2024 3:30,8.06
7/4/2024 3:45,8.16
7/4/2024 4:00,8.09
7/4/2024 4:15,7.96
7/4/2024 4:30,7.88
7/4/2024 4:45,8
7/4/2024 5:00,8.27
7/4/2024 5:15,8.83
7/4/2024 5:30,9.66
7/4/2024 5:45,10.36
7/4/2024 6:00,10.87
7/4/2024 6:15,11.23
7/4/2024 6:30,11.59
7/4/2024 6:45,11.81
7/4/2024 7:00,12.13
7/4/2024 7:15,12.37
7/4/2024 7:30,12.53
7/4/2024 7:45,12.68
7/4/2024 8:00,12.84
7/4/2024 8:15,12.94
7/4/2024 8:30,13.08
7/4/2024 8:45,13.21
7/4/2024 9:00,13.39
7/4/2024 9:15,13.45
7/4/2024 9:30,13.72
7/4/2024 9:45,13.84
7/4/2024 10:00,14.16
7/4/2024 10:15,14.68
7/4/2024 10:30,14.75
7/4/2024 10:45,14.86
7/4/2024 11:00,15.36
7/4/2024 11:15,15.13
7/4/2024 11:30,15.86
7/4/2024 11:45,15.88
7/4/2024 12:00,16.51
7/4/2024 12:15,16.27
7/4/2024 12:30,16.99
7/4/2024 12:45,16.31
7/4/2024 13:00,16.07
7/4/2024 13:15,17.18
7/4/2024 13:30,17.29
7/4/2024 13:45,17.21
7/4/2024 14:00,16.73
7/4/2024 14:15,16.43
7/4/2024 14:30,16.33
7/4/2024 14:45,16.31
7/4/2024 15:00,16.41
7/4/2024 15:15,16.55
7/4/2024 15:30,16.49
7/4/2024 15:45,16.5
7/4/2024 16:00,16.5
7/4/2024 16:15,16.45
7/4/2024 16:30,16.34
7/4/2024 16:45,16.25
7/4/2024 17:00,16.14
7/4/2024 17:15,16.05
7/4/2024 17:30,15.96
7/4/2024 17:45,15.86
7/4/2024 18:00,15.78
7/4/2024 18:15,15.72
7/4/2024 18:30,15.7
7/4/2024 18:45,15.63
7/4/2024 19:00,15.58
7/4/2024 19:15,15.36
7/4/2024 19:30,14.78
7/4/2024 19:45,14.16
7/4/2024 20:00,13.66
7/4/2024 20:15,13.14
7/4/2024 20:30,12.64
7/4/2024 20:45,12.25
7/4/2024 21:00,11.91
7/4/2024 21:15,11.71
7/4/2024 21:30,11.35
7/4/2024 21:45,10.96
7/4/2024 22:00,10.73
7/4/2024 22:15,10.61
7/4/2024 22:30,10.46
7/4/2024 22:45,10.22
7/4/2024 23:00,9.93
7/4/2024 23:15,9.82
7/4/2024 23:30,9.74
7/4/2024 23:45,9.64
7/5/2024 0:00,9.52
7/5/2024 0:15,9.25
7/5/2024 0:30,9.17
7/5/2024 0:45,9.18
7/5/2024 1:00,9.15
7/5/2024 1:15,9.06
7/5/2024 1:30,8.93
7/5/2024 1:45,8.81
7/5/2024 2:00,8.82
7/5/2024 2:15,8.75
7/5/2024 2:30,9.33
7/5/2024 2:45,9.26
7/5/2024 3:00,8.98
7/5/2024 3:15,8.78
7/5/2024 3:30,8.66
7/5/2024 3:45,8.54
7/5/2024 4:00,8.46
7/5/2024 4:15,8.55
7/5/2024 4:30,8.6
7/5/2024 4:45,8.68
7/5/2024 5:00,9.02
7/5/2024 5:15,9.61
7/5/2024 5:30,10.34
7/5/2024 5:45,10.67
7/5/2024 6:00,11.05
7/5/2024 6:15,11.39
7/5/2024 6:30,11.79
7/5/2024 6:45,12.09
7/5/2024 7:00,12.33
7/5/2024 7:15,12.47
7/5/2024 7:30,12.62
7/5/2024 7:45,12.8
7/5/2024 8:00,12.95
7/5/2024 8:15,13.07
7/5/2024 8:30,13.24
7/5/2024 8:45,13.38
7/5/2024 9:00,13.52
7/5/2024 9:15,13.77
7/5/2024 9:30,13.91
7/5/2024 9:45,14.28
7/5/2024 10:00,14.52
7/5/2024 10:15,14.99
7/5/2024 10:30,15.47
7/5/2024 10:45,15.79
7/5/2024 11:00,16.15
7/5/2024 11:15,16.66
7/5/2024 11:30,16.91
7/5/2024 11:45,16.78
7/5/2024 12:00,17.01
7/5/2024 12:15,17.46
7/5/2024 12:30,17.94
7/5/2024 12:45,18.37
7/5/2024 13:00,19
7/5/2024 13:15,19.5
7/5/2024 13:30,19.23
7/5/2024 13:45,19.09
7/5/2024 14:00,19.52
7/5/2024 14:15,19.9
7/5/2024 14:30,19.29
7/5/2024 14:45,19.59
7/5/2024 15:00,19.4
7/5/2024 15:15,19.74
7/5/2024 15:30,19.8
7/5/2024 15:45,20.12
7/5/2024 16:00,20.35
7/5/2024 16:15,19.97
7/5/2024 16:30,19.85
7/5/2024 16:45,19.21
7/5/2024 17:00,18.83
7/5/2024 17:15,18.27
7/5/2024 17:30,17.79
7/5/2024 17:45,17.46
7/5/2024 18:00,17.25
7/5/2024 18:15,17.1
7/5/2024 18:30,16.91
7/5/2024 18:45,16.79
7/5/2024 19:00,16.66
7/5/2024 19:15,16.49
7/5/2024 19:30,16.14
7/5/2024 19:45,15.6
7/5/2024 20:00,15.23
7/5/2024 20:15,14.8
7/5/2024 20:30,14.36
7/5/2024 20:45,13.86
7/5/2024 21:00,13.42
7/5/2024 21:15,13.04
7/5/2024 21:30,12.74
7/5/2024 21:45,12.53
7/5/2024 22:00,12.28
7/5/2024 22:15,11.97
7/5/2024 22:30,11.79
7/5/2024 22:45,11.63
7/5/2024 23:00,11.42
7/5/2024 23:15,11.27
7/5/2024 23:30,11.21
7/5/2024 23:45,11.03
7/6/2024 0:00,10.89
7/6/2024 0:15,10.7
7/6/2024 0:30,10.59
7/6/2024 0:45,10.4
7/6/2024 1:00,10.52
7/6/2024 1:15,10.56
7/6/2024 1:30,10.72
7/6/2024 1:45,10.55
7/6/2024 2:00,10.43
7/6/2024 2:00,10.43
7/6/2024 2:15,10.18
7/6/2024 2:30,10.04
7/6/2024 2:45,9.81
7/6/2024 3:00,9.57
7/6/2024 3:15,9.4
7/6/2024 3:30,9.35
7/6/2024 3:45,9.3
7/6/2024 4:00,9.19
7/6/2024 4:15,9.18
7/6/2024 4:30,9.29
7/6/2024 4:45,9.26
7/6/2024 5:00,9.41
7/6/2024 5:15,9.88
7/6/2024 5:30,10.48
7/6/2024 5:45,10.95
7/6/2024 6:00,11.51
7/6/2024 6:15,11.92
7/6/2024 6:30,12.24
7/6/2024 6:45,12.51
7/6/2024 7:00,12.94
7/6/2024 7:15,13.52
7/6/2024 7:30,14.12
7/6/2024 7:45,14.92
7/6/2024 8:00,15.46
7/6/2024 8:15,15.69
7/6/2024 8:30,15.7
7/6/2024 8:45,15.97
7/6/2024 9:00,16.3
7/6/2024 9:15,16.48
7/6/2024 9:30,16.91
7/6/2024 9:45,17.02
7/6/2024 10:00,17.28
7/6/2024 10:15,17.62
7/6/2024 10:30,17.78
7/6/2024 10:45,18.6
7/6/2024 11:00,18.81
7/6/2024 11:15,18.95
7/6/2024 11:30,18.22
7/6/2024 11:45,17.81
7/6/2024 12:00,18.25
7/6/2024 12:15,18.48
7/6/2024 12:30,18.36
7/6/2024 12:45,17.89
7/6/2024 13:00,17.66
7/6/2024 13:15,18.37
7/6/2024 13:30,17.66
7/6/2024 13:45,17.95
7/6/2024 14:00,17.97
7/6/2024 14:15,17.82
7/6/2024 14:30,17.74
7/6/2024 14:45,17.62
7/6/2024 15:00,17.57
7/6/2024 15:15,17.59
7/6/2024 15:30,17.44
7/6/2024 15:45,17.38
7/6/2024 16:00,17.37
7/6/2024 16:15,17.27
7/6/2024 16:30,17.18
7/6/2024 16:45,17.08
7/6/2024 17:00,17.02
7/6/2024 17:15,16.97
7/6/2024 17:30,16.91
7/6/2024 17:45,16.83
7/6/2024 18:00,16.72
7/6/2024 18:15,16.69
7/6/2024 18:30,16.66
7/6/2024 18:45,16.62
7/6/2024 19:00,16.52
7/6/2024 19:15,16.43
7/6/2024 19:30,16.22
7/6/2024 19:45,15.91
7/6/2024 20:00,15.41
7/6/2024 20:15,14.94
7/6/2024 20:30,14.45
7/6/2024 20:45,14.05
7/6/2024 21:00,13.73
7/6/2024 21:15,13.43
7/6/2024 21:30,13.15
7/6/2024 21:45,12.84
7/6/2024 22:00,12.75
7/6/2024 22:15,12.56
7/6/2024 22:30,12.22
7/6/2024 22:45,12.08
7/6/2024 23:00,11.81
7/6/2024 23:15,11.5
7/6/2024 23:30,11.35
7/6/2024 23:45,11.32
7/7/2024 0:00,11.24
7/7/2024 0:15,11.28
7/7/2024 0:30,11.33
7/7/2024 0:45,11.19
7/7/2024 1:00,10.95
7/7/2024 1:15,10.83
7/7/2024 1:30,10.83
7/7/2024 1:45,10.65
7/7/2024 2:00,10.48
7/7/2024 2:15,10.36
7/7/2024 2:30,10.23
7/7/2024 2:45,10.18
7/7/2024 3:00,10.26
7/7/2024 3:15,10.3
7/7/2024 3:30,10.39
7/7/2024 3:45,10.42
7/7/2024 4:00,10.24
7/7/2024 4:15,10.34
7/7/2024 4:30,10.42
7/7/2024 4:45,10.47
7/7/2024 5:00,10.6
7/7/2024 5:15,11.06
7/7/2024 5:30,11.46
7/7/2024 5:45,11.85
7/7/2024 6:00,12.23
7/7/2024 6:15,12.58
7/7/2024 6:30,12.89
7/7/2024 6:45,13.16
7/7/2024 7:00,13.39
7/7/2024 7:15,13.62
7/7/2024 7:30,13.8
7/7/2024 7:45,13.91
7/7/2024 8:00,13.97
7/7/2024 8:15,14.17
7/7/2024 8:30,14.26
7/7/2024 8:45,14.39
7/7/2024 9:00,14.43
7/7/2024 9:15,14.6
7/7/2024 9:30,14.74
7/7/2024 9:45,14.89
7/7/2024 10:00,15.04
7/7/2024 10:15,15.17
7/7/2024 10:30,15.54
7/7/2024 10:45,15.74
7/7/2024 11:00,15.94
7/7/2024 11:15,16.06
7/7/2024 11:30,16.11
7/7/2024 11:45,16.2
7/7/2024 12:00,16.86
7/7/2024 12:15,17.35
7/7/2024 12:30,17.13
7/7/2024 12:45,16.87
7/7/2024 13:00,16.79
7/7/2024 13:15,16.89
7/7/2024 13:30,16.92
7/7/2024 13:45,17.09
7/7/2024 14:00,17.26
7/7/2024 14:15,17.68
7/7/2024 14:30,17.63
7/7/2024 14:45,17.51
7/7/2024 15:00,17.76
7/7/2024 15:15,17.78
7/7/2024 15:30,17.64
7/7/2024 15:45,17.57
7/7/2024 16:00,17.48
7/7/2024 16:15,17.38
7/7/2024 16:30,17.3
7/7/2024 16:45,17.24
7/7/2024 17:00,17.18
7/7/2024 17:15,17.11
7/7/2024 17:30,17.09
7/7/2024 17:45,17.03
7/7/2024 18:00,16.99
7/7/2024 18:15,16.94
7/7/2024 18:30,16.85
7/7/2024 18:45,16.86
7/7/2024 19:00,16.78
7/7/2024 19:15,16.68
7/7/2024 19:30,16.54
7/7/2024 19:45,16.23
7/7/2024 20:00,15.81
7/7/2024 20:15,15.32
7/7/2024 20:30,14.93
7/7/2024 20:45,14.54
7/7/2024 21:00,14.11
7/7/2024 21:15,13.8
7/7/2024 21:30,13.53
7/7/2024 21:45,13.21
7/7/2024 22:00,12.94
7/7/2024 22:15,12.75
7/7/2024 22:30,12.65
7/7/2024 22:45,12.49
7/7/2024 23:00,12.27
7/7/2024 23:15,12.09
7/7/2024 23:30,11.95
7/7/2024 23:45,11.81
7/8/2024 0:00,11.65
7/8/2024 0:15,11.57
7/8/2024 0:30,11.54
7/8/2024 0:45,11.31
7/8/2024 1:00,11.15
7/8/2024 1:15,11.06
7/8/2024 1:30,10.99
7/8/2024 1:45,11.03
7/8/2024 2:00,11.17
7/8/2024 2:15,11.13
7/8/2024 2:30,11.1
7/8/2024 2:45,10.9
7/8/2024 3:00,10.78
7/8/2024 3:15,10.96
7/8/2024 3:30,11.06
7/8/2024 3:45,11.21
7/8/2024 4:00,11.29
7/8/2024 4:15,11.32
7/8/2024 4:30,11.28
7/8/2024 4:45,11.47
7/8/2024 5:00,11.69
7/8/2024 5:15,11.96
7/8/2024 5:30,12.21
7/8/2024 5:45,12.56
7/8/2024 6:00,12.9
7/8/2024 6:15,13.16
7/8/2024 6:30,13.4
7/8/2024 6:45,13.7
7/8/2024 7:00,13.81
7/8/2024 7:15,13.95
7/8/2024 7:30,14.12
7/8/2024 7:45,14.29
7/8/2024 8:00,14.38
7/8/2024 8:15,14.5
7/8/2024 8:30,14.56
7/8/2024 8:45,14.67
7/8/2024 9:00,14.8
7/8/2024 9:15,14.9
7/8/2024 9:30,15.07
7/8/2024 9:45,15.19
7/8/2024 10:00,15.31
7/8/2024 10:15,15.52
7/8/2024 10:30,15.65
7/8/2024 10:45,15.72
7/8/2024 11:00,15.8
7/8/2024 11:15,15.96
7/8/2024 11:30,16.08
7/8/2024 11:45,16.23
7/8/2024 12:00,16.35
7/8/2024 12:15,16.48
7/8/2024 12:30,16.64
7/8/2024 12:45,16.8
7/8/2024 13:00,16.89
7/8/2024 13:15,16.97
7/8/2024 13:30,17.05
7/8/2024 13:45,17.17
7/8/2024 14:00,17.3
7/8/2024 14:15,17.52
7/8/2024 14:30,17.68
7/8/2024 14:45,17.83
7/8/2024 15:00,17.86
7/8/2024 15:15,17.99
7/8/2024 15:30,18.03
7/8/2024 15:45,18.01
7/8/2024 16:00,17.93
7/8/2024 16:15,17.86
7/8/2024 16:30,17.77
7/8/2024 16:45,17.69
7/8/2024 17:00,17.62
7/8/2024 17:15,17.58
7/8/2024 17:30,17.49
7/8/2024 17:45,17.44
7/8/2024 18:00,17.35
7/8/2024 18:15,17.27
7/8/2024 18:30,17.26
7/8/2024 18:45,17.18
7/8/2024 19:00,17.15
7/8/2024 19:15,17.03
7/8/2024 19:30,16.94
7/8/2024 19:45,16.68
7/8/2024 20:00,16.08
7/8/2024 20:15,15.56
7/8/2024 20:30,15.09
7/8/2024 20:45,14.68
7/8/2024 21:00,14.34
7/8/2024 21:15,14.05
7/8/2024 21:30,13.87
7/8/2024 21:45,13.67
7/8/2024 22:00,13.44
7/8/2024 22:15,13.26
7/8/2024 22:30,13.11
7/8/2024 22:45,12.95
7/8/2024 23:00,12.82
7/8/2024 23:15,12.66
7/8/2024 23:30,12.49
7/8/2024 23:45,12.38
7/9/2024 0:00,12.25
7/9/2024 0:15,12.15
7/9/2024 0:30,12.07
7/9/2024 0:45,11.94
7/9/2024 1:00,11.79
7/9/2024 1:15,11.79
7/9/2024 1:30,11.8
7/9/2024 1:45,11.65
7/9/2024 2:00,11.5
7/9/2024 2:15,11.51
7/9/2024 2:30,11.45
7/9/2024 2:45,11.42
7/9/2024 3:00,11.37
7/9/2024 3:15,11.37
7/9/2024 3:30,11.21
7/9/2024 3:45,11.15
7/9/2024 4:00,11.17
7/9/2024 4:15,11.14
7/9/2024 4:30,11.21
7/9/2024 4:45,11.32
7/9/2024 5:00,11.68
7/9/2024 5:15,12.14
7/9/2024 5:30,12.5
7/9/2024 5:45,12.88
7/9/2024 6:00,13.23
7/9/2024 6:15,13.52
7/9/2024 6:30,13.79
7/9/2024 6:45,13.95
7/9/2024 7:00,14.18
7/9/2024 7:15,14.33
7/9/2024 7:30,14.55
7/9/2024 7:45,14.64
7/9/2024 8:00,14.81
7/9/2024 8:15,14.96
7/9/2024 8:30,15.06
7/9/2024 8:45,15.19
7/9/2024 9:00,15.31
7/9/2024 9:15,15.42
7/9/2024 9:30,15.51
7/9/2024 9:45,15.65
7/9/2024 10:00,15.74
7/9/2024 10:15,15.91
7/9/2024 10:30,16.04
7/9/2024 10:45,16.16
7/9/2024 11:00,16.27
7/9/2024 11:15,16.41
7/9/2024 11:30,16.53
7/9/2024 11:45,16.64
7/9/2024 12:00,16.78
7/9/2024 12:15,16.9
7/9/2024 12:30,17.11
7/9/2024 12:45,17.33
7/9/2024 13:00,17.66
7/9/2024 13:15,17.65
7/9/2024 13:30,18.01
7/9/2024 13:45,18.42
7/9/2024 14:00,18.69
7/9/2024 14:15,19.43
7/9/2024 14:30,18.97
7/9/2024 14:45,18.86
7/9/2024 15:00,18.59
7/9/2024 15:15,18.48
7/9/2024 15:30,18.4
7/9/2024 15:45,18.33
7/9/2024 16:00,18.36
7/9/2024 16:15,18.3
7/9/2024 16:30,18.24
7/9/2024 16:45,18.14
7/9/2024 17:00,18.03
7/9/2024 17:15,17.97
7/9/2024 17:30,17.91
7/9/2024 17:45,17.88
7/9/2024 18:00,17.79
7/9/2024 18:15,17.77
7/9/2024 18:30,17.78
7/9/2024 18:45,17.69
7/9/2024 19:00,17.63
7/9/2024 19:15,17.54
7/9/2024 19:30,17.45
7/9/2024 19:45,17.23
7/9/2024 20:00,16.87
7/9/2024 20:15,16.43
7/9/2024 20:30,16
7/9/2024 20:45,15.63
7/9/2024 21:00,15.24
7/9/2024 21:15,14.98
7/9/2024 21:30,14.71
7/9/2024 21:45,14.45
7/9/2024 22:00,14.23
7/9/2024 22:15,13.99
7/9/2024 22:30,13.78
7/9/2024 22:45,13.51
7/9/2024 23:00,13.28
7/9/2024 23:15,13.11
7/9/2024 23:30,12.94
7/9/2024 23:45,12.73
7/10/2024 0:00,12.58
7/10/2024 0:15,12.55
7/10/2024 0:30,12.46
7/10/2024 0:45,12.33
7/10/2024 1:00,12.24
7/10/2024 1:15,12.23
7/10/2024 1:30,12.18
7/10/2024 1:45,12.07
7/10/2024 2:00,11.96
7/10/2024 2:15,12.03
7/10/2024 2:30,11.99
7/10/2024 2:45,12.08
7/10/2024 3:00,12.23
7/10/2024 3:15,12.18
7/10/2024 3:30,12.19
7/10/2024 3:45,12.08
7/10/2024 4:00,12.27
7/10/2024 4:15,12.51
7/10/2024 4:30,12.54
7/10/2024 4:45,12.68
7/10/2024 5:00,12.77
7/10/2024 5:15,13.05
7/10/2024 5:30,13.3
7/10/2024 5:45,13.58
7/10/2024 6:00,13.86
7/10/2024 6:15,14.13
7/10/2024 6:30,14.33
7/10/2024 6:45,14.49
7/10/2024 7:00,14.64
