TOA5,
,
Units =,ft3/sec
,Smp
Date-Time,TL_Q_cfs
11/30/2023,0.123
11/30/2023,0.123
11/30/2023,0.123
11/30/2023,0.123
11/30/2023,0.123
11/30/2023,0.123
11/30/2023,0.123
11/30/2023,0.123
11/30/2023,0.123
11/30/2023,0.123
11/30/2023,0.123
11/30/2023,0.123
11/30/2023,0.123
11/30/2023,0.123
11/30/2023,0.123
11/30/2023,0.123
11/30/2023,0.123
11/30/2023,0.123
11/30/2023,0.123
11/30/2023,0.123
11/30/2023,0.123
11/30/2023,0.123
11/30/2023,0.123
11/30/2023,0.123
11/30/2023,0.123
11/30/2023,0.123
11/30/2023,0.123
11/30/2023,0.123
11/30/2023,0.123
11/30/2023,0.123
11/30/2023,0.123
11/30/2023,0.123
11/30/2023,0.123
11/30/2023,0.123
11/30/2023,0.123
11/30/2023,0.123
11/30/2023,0.123
11/30/2023,0.123
11/30/2023,0.123
11/30/2023,0.123
11/30/2023,0.123
11/30/2023,0.123
11/30/2023,0.123
11/30/2023,0.123
11/30/2023,0.123
11/30/2023,0.123
12/1/2023,0.123
12/1/2023,0.123
12/1/2023,0.123
12/1/2023,0.123
12/1/2023,0.123
12/1/2023,0.123
12/1/2023,0.123
12/1/2023,0.123
12/1/2023,0.123
12/1/2023,0.123
12/1/2023,0.123
12/1/2023,0.123
12/1/2023,0.123
12/1/2023,0.123
12/1/2023,0.123
12/1/2023,0.123
12/1/2023,0.123
12/1/2023,0.123
12/1/2023,0.123
12/1/2023,0.123
12/1/2023,0.123
12/1/2023,0.123
12/1/2023,0.123
12/1/2023,0.123
12/1/2023,0.123
12/1/2023,0.122
12/1/2023,0.123
12/1/2023,0.123
12/1/2023,0.123
12/1/2023,0.123
12/1/2023,0.123
12/1/2023,0.122
12/1/2023,0.123
12/1/2023,0.122
12/1/2023,0.123
12/1/2023,0.123
12/1/2023,0.123
12/1/2023,0.123
12/1/2023,0.123
12/1/2023,0.123
12/1/2023,0.123
12/1/2023,0.122
12/1/2023,0.122
12/1/2023,0.123
12/1/2023,0.123
12/1/2023,0.122
12/1/2023,0.123
12/1/2023,0.122
12/1/2023,0.123
12/1/2023,0.123
12/1/2023,0.123
12/1/2023,0.123
12/1/2023,0.122
12/1/2023,0.123
12/1/2023,0.122
12/1/2023,0.123
12/1/2023,0.122
12/1/2023,0.122
12/1/2023,0.123
12/1/2023,0.122
12/1/2023,0.122
12/1/2023,0.122
12/1/2023,0.123
12/1/2023,0.123
12/1/2023,0.123
12/1/2023,0.122
12/1/2023,0.122
12/1/2023,0.122
12/1/2023,0.123
12/1/2023,0.122
12/1/2023,0.122
12/1/2023,0.123
12/1/2023,0.123
12/1/2023,0.122
12/1/2023,0.122
12/1/2023,0.122
12/1/2023,0.123
12/1/2023,0.123
12/1/2023,0.122
12/1/2023,0.123
12/1/2023,0.122
12/1/2023,0.123
12/1/2023,0.123
12/1/2023,0.123
12/1/2023,0.122
12/1/2023,0.122
12/1/2023,0.122
12/1/2023,0.122
12/1/2023,0.122
12/1/2023,0.122
12/1/2023,0.122
12/1/2023,0.123
12/1/2023,0.122
12/1/2023,0.122
12/1/2023,0.122
12/1/2023,0.122
12/2/2023,0.122
12/2/2023,0.122
12/2/2023,0.122
12/2/2023,0.122
12/2/2023,0.122
12/2/2023,0.122
12/2/2023,0.122
12/2/2023,0.122
12/2/2023,0.122
12/2/2023,0.122
12/2/2023,0.122
12/2/2023,0.122
12/2/2023,0.122
12/2/2023,0.122
12/2/2023,0.122
12/2/2023,0.122
12/2/2023,0.122
12/2/2023,0.122
12/2/2023,0.122
12/2/2023,0.122
12/2/2023,0.122
12/2/2023,0.122
12/2/2023,0.122
12/2/2023,0.122
12/2/2023,0.122
12/2/2023,0.122
12/2/2023,0.122
12/2/2023,0.122
12/2/2023,0.121
12/2/2023,0.122
12/2/2023,0.121
12/2/2023,0.122
12/2/2023,0.122
12/2/2023,0.122
12/2/2023,0.122
12/2/2023,0.122
12/2/2023,0.122
12/2/2023,0.122
12/2/2023,0.122
12/2/2023,0.122
12/2/2023,0.122
12/2/2023,0.122
12/2/2023,0.122
12/2/2023,0.122
12/2/2023,0.122
12/2/2023,0.122
12/2/2023,0.122
12/2/2023,0.123
12/2/2023,0.123
12/2/2023,0.122
12/2/2023,0.122
12/2/2023,0.122
12/2/2023,0.123
12/2/2023,0.123
12/2/2023,0.124
12/2/2023,0.125
12/2/2023,0.126
12/2/2023,0.125
12/2/2023,0.125
12/2/2023,0.126
12/2/2023,0.125
12/2/2023,0.125
12/2/2023,0.125
12/2/2023,0.125
12/2/2023,0.125
12/2/2023,0.126
12/2/2023,0.125
12/2/2023,0.126
12/2/2023,0.126
12/2/2023,0.125
12/2/2023,0.125
12/2/2023,0.125
12/2/2023,0.125
12/2/2023,0.125
12/2/2023,0.125
12/2/2023,0.125
12/2/2023,0.125
12/2/2023,0.125
12/2/2023,0.125
12/2/2023,0.125
12/2/2023,0.125
12/2/2023,0.125
12/2/2023,0.125
12/2/2023,0.125
12/2/2023,0.125
12/2/2023,0.124
12/2/2023,0.125
12/2/2023,0.124
12/2/2023,0.125
12/2/2023,0.124
12/2/2023,0.124
12/2/2023,0.124
12/2/2023,0.125
12/2/2023,0.125
12/2/2023,0.125
12/2/2023,0.124
12/3/2023,0.124
12/3/2023,0.124
12/3/2023,0.124
12/3/2023,0.124
12/3/2023,0.124
12/3/2023,0.124
12/3/2023,0.124
12/3/2023,0.124
12/3/2023,0.124
12/3/2023,0.124
12/3/2023,0.124
12/3/2023,0.124
12/3/2023,0.124
12/3/2023,0.124
12/3/2023,0.124
12/3/2023,0.124
12/3/2023,0.124
12/3/2023,0.124
12/3/2023,0.124
12/3/2023,0.124
12/3/2023,0.124
12/3/2023,0.124
12/3/2023,0.124
12/3/2023,0.124
12/3/2023,0.124
12/3/2023,0.125
12/3/2023,0.124
12/3/2023,0.124
12/3/2023,0.124
12/3/2023,0.124
12/3/2023,0.124
12/3/2023,0.124
12/3/2023,0.124
12/3/2023,0.124
12/3/2023,0.124
12/3/2023,0.124
12/3/2023,0.124
12/3/2023,0.124
12/3/2023,0.124
12/3/2023,0.123
12/3/2023,0.123
12/3/2023,0.123
12/3/2023,0.124
12/3/2023,0.123
12/3/2023,0.123
12/3/2023,0.123
12/3/2023,0.123
12/3/2023,0.123
12/3/2023,0.123
12/3/2023,0.123
12/3/2023,0.123
12/3/2023,0.123
12/3/2023,0.123
12/3/2023,0.123
12/3/2023,0.123
12/3/2023,0.123
12/3/2023,0.122
12/3/2023,0.123
12/3/2023,0.123
12/3/2023,0.123
12/3/2023,0.123
12/3/2023,0.123
12/3/2023,0.123
12/3/2023,0.123
12/3/2023,0.123
12/3/2023,0.123
12/3/2023,0.122
12/3/2023,0.123
12/3/2023,0.123
12/3/2023,0.123
12/3/2023,0.123
12/3/2023,0.123
12/3/2023,0.123
12/3/2023,0.123
12/3/2023,0.123
12/3/2023,0.123
12/3/2023,0.123
12/3/2023,0.123
12/3/2023,0.123
12/3/2023,0.123
12/3/2023,0.123
12/3/2023,0.123
12/3/2023,0.123
12/3/2023,0.123
12/3/2023,0.123
12/3/2023,0.122
12/3/2023,0.123
12/3/2023,0.123
12/3/2023,0.123
12/3/2023,0.123
12/3/2023,0.123
12/3/2023,0.123
12/3/2023,0.123
12/3/2023,0.123
12/3/2023,0.123
12/3/2023,0.123
12/4/2023,0.123
12/4/2023,0.123
12/4/2023,0.123
12/4/2023,0.123
12/4/2023,0.123
12/4/2023,0.124
12/4/2023,0.124
12/4/2023,0.124
12/4/2023,0.124
12/4/2023,0.126
12/4/2023,0.125
12/4/2023,0.125
12/4/2023,0.125
12/4/2023,0.125
12/4/2023,0.125
12/4/2023,0.125
12/4/2023,0.125
12/4/2023,0.125
12/4/2023,0.125
12/4/2023,0.125
12/4/2023,0.125
12/4/2023,0.124
12/4/2023,0.124
12/4/2023,0.125
12/4/2023,0.125
12/4/2023,0.125
12/4/2023,0.125
12/4/2023,0.125
12/4/2023,0.125
12/4/2023,0.125
12/4/2023,0.124
12/4/2023,0.124
12/4/2023,0.124
12/4/2023,0.124
12/4/2023,0.124
12/4/2023,0.125
12/4/2023,0.124
12/4/2023,0.125
12/4/2023,0.125
12/4/2023,0.124
12/8/2023,0
12/8/2023,0
12/8/2023,0
12/8/2023,0
12/8/2023,0
12/8/2023,0
12/8/2023,0
12/8/2023,0
12/8/2023,0
12/8/2023,0
12/8/2023,0
12/8/2023,0
12/8/2023,0
12/8/2023,0
12/8/2023,0
12/8/2023,0
12/8/2023,0
12/8/2023,0
12/8/2023,0
12/8/2023,0
12/8/2023,0
12/8/2023,0
12/8/2023,0
12/8/2023,0
12/8/2023,0
12/8/2023,0
12/8/2023,0
12/8/2023,0
12/8/2023,0
12/8/2023,0
12/8/2023,0
12/8/2023,0
12/8/2023,0
12/8/2023,0
12/8/2023,0
12/8/2023,0
12/8/2023,0
12/8/2023,0
12/8/2023,0
12/8/2023,0
12/8/2023,0
12/8/2023,0
12/8/2023,0
12/8/2023,0
12/8/2023,0
12/8/2023,0
12/8/2023,0
12/8/2023,0
12/8/2023,0
12/8/2023,0
12/8/2023,0
12/8/2023,0
12/8/2023,0
12/8/2023,0
12/8/2023,0
12/8/2023,0
12/8/2023,0
12/8/2023,0
12/8/2023,0
12/8/2023,0
12/8/2023,0
12/8/2023,0
12/8/2023,0
12/8/2023,0
12/9/2023,0
12/9/2023,0
12/9/2023,0
12/9/2023,0
12/9/2023,0
12/9/2023,0
12/9/2023,0
12/9/2023,0
12/9/2023,0
12/9/2023,0
12/9/2023,0
12/9/2023,0
12/9/2023,0
12/9/2023,0
12/9/2023,0
12/9/2023,0
12/9/2023,0
12/9/2023,0
12/9/2023,0
12/9/2023,0
12/9/2023,0
12/9/2023,0
12/9/2023,0
12/9/2023,0
12/9/2023,0
12/9/2023,0
12/9/2023,0
12/9/2023,0
12/9/2023,0
12/9/2023,0
12/9/2023,0
12/9/2023,0
12/9/2023,0
12/9/2023,0
12/9/2023,0
12/9/2023,0
12/9/2023,0
12/9/2023,0
12/9/2023,0
12/9/2023,0
12/9/2023,0
12/9/2023,0
12/9/2023,0
12/9/2023,0
12/9/2023,0
12/9/2023,0
12/9/2023,0
12/9/2023,0
12/9/2023,0
12/9/2023,0
12/9/2023,0
12/9/2023,0
12/9/2023,0
12/9/2023,0
12/9/2023,0
12/9/2023,0
12/9/2023,0
12/9/2023,0
12/9/2023,0
12/9/2023,0
12/9/2023,0
12/9/2023,0
12/9/2023,0
12/9/2023,0
12/9/2023,0
12/9/2023,0
12/9/2023,0
12/9/2023,0
12/9/2023,0
12/9/2023,0
12/9/2023,0
12/9/2023,0
12/9/2023,0
12/9/2023,0
12/9/2023,0
12/9/2023,0
12/9/2023,0
12/9/2023,0
12/9/2023,0
12/9/2023,0
12/9/2023,0
12/9/2023,0
12/9/2023,0
12/9/2023,0
12/9/2023,0
12/9/2023,0
12/9/2023,0
12/9/2023,0
12/9/2023,0
12/9/2023,0
12/9/2023,0
12/9/2023,0
12/9/2023,0
12/9/2023,0
12/9/2023,0
12/9/2023,0
12/10/2023,0
12/10/2023,0
12/10/2023,0
12/10/2023,0
12/10/2023,0
12/10/2023,0
12/10/2023,0
12/10/2023,0
12/10/2023,0
12/10/2023,0
12/10/2023,0
12/10/2023,0
12/10/2023,0
12/10/2023,0
12/10/2023,0
12/10/2023,0
12/10/2023,0
12/10/2023,0
12/10/2023,0
12/10/2023,0
12/10/2023,0
12/10/2023,0
12/10/2023,0
12/10/2023,0
12/10/2023,0
12/10/2023,0
12/10/2023,0
12/10/2023,0
12/10/2023,0
12/10/2023,0
12/10/2023,0
12/10/2023,0
12/10/2023,0
12/10/2023,0
12/10/2023,0
12/10/2023,0
12/10/2023,0.001
12/10/2023,0.001
12/10/2023,0.001
12/10/2023,0.001
12/10/2023,0.001
12/10/2023,0.001
12/10/2023,0.001
12/10/2023,0.001
12/10/2023,0.001
12/10/2023,0.001
12/10/2023,0.001
12/10/2023,0.001
12/10/2023,0.001
12/10/2023,0.001
12/10/2023,0.002
12/10/2023,0.001
12/10/2023,0.002
12/10/2023,0.002
12/10/2023,0.002
12/10/2023,0.002
12/10/2023,0.002
12/10/2023,0.002
12/10/2023,0.002
12/10/2023,0.003
12/10/2023,0.002
12/10/2023,0.003
12/10/2023,0.003
12/10/2023,0.003
12/10/2023,0.003
12/10/2023,0.003
12/10/2023,0.003
12/10/2023,0.003
12/10/2023,0.003
12/10/2023,0.003
12/10/2023,0.003
12/10/2023,0.003
12/10/2023,0.003
12/10/2023,0.003
12/10/2023,0.003
12/10/2023,0.003
12/10/2023,0.003
12/10/2023,0.003
12/10/2023,0.003
12/10/2023,0.003
12/10/2023,0.003
12/10/2023,0.003
12/10/2023,0.003
12/10/2023,0.003
12/10/2023,0.003
12/10/2023,0.003
12/10/2023,0.003
12/10/2023,0.003
12/10/2023,0.003
12/10/2023,0.004
12/10/2023,0.003
12/10/2023,0.004
12/10/2023,0.004
12/10/2023,0.004
12/10/2023,0.004
12/10/2023,0.004
12/11/2023,0.004
12/11/2023,0.004
12/11/2023,0.004
12/11/2023,0.003
12/11/2023,0.003
12/11/2023,0.004
12/11/2023,0.003
12/11/2023,0.004
12/11/2023,0.004
12/11/2023,0.003
12/11/2023,0.004
12/11/2023,0.004
12/11/2023,0.004
12/11/2023,0.004
12/11/2023,0.004
12/11/2023,0.004
12/11/2023,0.004
12/11/2023,0.004
12/11/2023,0.004
12/11/2023,0.004
12/11/2023,0.004
12/11/2023,0.003
12/11/2023,0.004
12/11/2023,0.004
12/11/2023,0.003
12/11/2023,0.003
12/11/2023,0.003
12/11/2023,0.003
12/11/2023,0.003
12/11/2023,0.003
12/11/2023,0.003
12/11/2023,0.003
12/11/2023,0.003
12/11/2023,0.003
12/11/2023,0.003
12/11/2023,0.003
12/11/2023,0.003
12/11/2023,0.003
12/11/2023,0.003
12/11/2023,0.003
12/11/2023,0.003
12/11/2023,0.002
12/11/2023,0.002
12/11/2023,0.002
12/11/2023,0.002
12/11/2023,0.002
12/11/2023,0.002
12/11/2023,0.002
12/11/2023,0.002
12/11/2023,0.002
12/11/2023,0.002
12/11/2023,0.002
12/11/2023,0.002
12/11/2023,0.002
12/11/2023,0.002
12/11/2023,0.002
12/11/2023,0.002
12/11/2023,0.002
12/11/2023,0.002
12/11/2023,0.002
12/11/2023,0.002
12/11/2023,0.002
12/11/2023,0.002
12/11/2023,0.002
12/11/2023,0.002
12/11/2023,0.001
12/11/2023,0.001
12/11/2023,0.001
12/11/2023,0.001
12/11/2023,0.001
12/11/2023,0.001
12/11/2023,0.001
12/11/2023,0.001
12/11/2023,0.001
12/11/2023,0.001
12/11/2023,0.001
12/11/2023,0.001
12/11/2023,0.001
12/11/2023,0.001
12/11/2023,0.001
12/11/2023,0.001
12/11/2023,0.001
12/11/2023,0.001
12/11/2023,0.001
12/11/2023,0.001
12/11/2023,0.001
12/11/2023,0.001
12/11/2023,0.001
12/11/2023,0.001
12/11/2023,0.001
12/11/2023,0.001
12/11/2023,0.001
12/11/2023,0.001
12/11/2023,0.001
12/11/2023,0.001
12/11/2023,0.001
12/12/2023,0.001
12/12/2023,0.001
12/12/2023,0.001
12/12/2023,0.001
12/12/2023,0.001
12/12/2023,0.001
12/12/2023,0.001
12/12/2023,0.001
12/12/2023,0.001
12/12/2023,0.001
12/12/2023,0.001
12/12/2023,0.001
12/12/2023,0.001
12/12/2023,0.001
12/12/2023,0.001
12/12/2023,0.001
12/12/2023,0.001
12/12/2023,0.001
12/12/2023,0.001
12/12/2023,0.001
12/12/2023,0.001
12/12/2023,0.001
12/12/2023,0.001
12/12/2023,0.001
12/12/2023,0.001
12/12/2023,0.001
12/12/2023,0.001
12/12/2023,0.001
12/12/2023,0.001
12/12/2023,0.001
12/12/2023,0.001
12/12/2023,0.001
12/12/2023,0.001
12/12/2023,0.001
12/12/2023,0.001
12/12/2023,0.001
12/12/2023,0.001
12/12/2023,0.001
12/12/2023,0.001
12/12/2023,0.001
12/12/2023,0.001
12/12/2023,0.001
12/12/2023,0.001
12/12/2023,0
12/12/2023,0.001
12/12/2023,0
12/12/2023,0.001
12/12/2023,0.001
12/12/2023,0.001
12/12/2023,0.001
12/12/2023,0.001
12/12/2023,0.001
12/12/2023,0.001
12/12/2023,0.001
12/12/2023,0.001
12/12/2023,0.001
12/12/2023,0
12/12/2023,0.001
12/12/2023,0
12/12/2023,0
12/12/2023,0
12/12/2023,0
12/12/2023,0
12/12/2023,0
12/12/2023,0
12/12/2023,0
12/12/2023,0.001
12/12/2023,0
12/12/2023,0
12/12/2023,0
12/12/2023,0
12/12/2023,0
12/12/2023,0
12/12/2023,0
12/12/2023,0
12/12/2023,0
12/12/2023,0
12/12/2023,0
12/12/2023,0
12/12/2023,0
12/12/2023,0
12/12/2023,0
12/12/2023,0
12/12/2023,0
12/12/2023,0
12/12/2023,0
12/12/2023,0
12/12/2023,0
12/12/2023,0
12/12/2023,0
12/12/2023,0
12/12/2023,0
12/12/2023,0
12/12/2023,0
12/12/2023,0
12/13/2023,0
12/13/2023,0
12/13/2023,0
12/13/2023,0
12/13/2023,0
12/13/2023,0
12/13/2023,0
12/13/2023,0
12/13/2023,0
12/13/2023,0
12/13/2023,0
12/13/2023,0
12/13/2023,0
12/13/2023,0
12/13/2023,0
12/13/2023,0
12/13/2023,0
12/13/2023,0
12/13/2023,0
12/13/2023,0
12/13/2023,0
12/13/2023,0
12/13/2023,0
12/13/2023,0
12/13/2023,0
12/13/2023,0
12/13/2023,0
12/13/2023,0
12/13/2023,0
12/13/2023,0
12/13/2023,0
12/13/2023,0
12/13/2023,0
12/13/2023,0
12/13/2023,0
12/13/2023,0
12/13/2023,0
12/13/2023,0
12/13/2023,0
12/13/2023,0
12/13/2023,0
12/13/2023,0
12/13/2023,0
12/13/2023,0
12/13/2023,0
12/13/2023,0
12/13/2023,0
12/13/2023,0
12/13/2023,0
12/13/2023,0
12/13/2023,0
12/13/2023,0
12/13/2023,0
12/13/2023,0
12/13/2023,0
12/13/2023,0
12/13/2023,0
12/13/2023,0
12/13/2023,0
12/13/2023,0
12/13/2023,0
12/13/2023,0
12/13/2023,0
12/13/2023,0
12/13/2023,0
12/13/2023,0
12/13/2023,0
12/13/2023,0
12/13/2023,0
12/13/2023,0
12/13/2023,0
12/13/2023,0
12/13/2023,0
12/13/2023,0
12/13/2023,0
12/13/2023,0
12/13/2023,0
12/13/2023,0
12/13/2023,0
12/13/2023,0
12/13/2023,0
12/13/2023,0
12/13/2023,0
12/13/2023,0
12/13/2023,0
12/13/2023,0
12/13/2023,0
12/13/2023,0
12/13/2023,0
12/13/2023,0
12/13/2023,0
12/13/2023,0
12/13/2023,0
12/13/2023,0
12/13/2023,0
12/13/2023,0
12/14/2023,0
12/14/2023,0
12/14/2023,0
12/14/2023,0
12/14/2023,0
12/14/2023,0
12/14/2023,0
12/14/2023,0
12/14/2023,0
12/14/2023,0
12/14/2023,0
12/14/2023,0
12/14/2023,0
12/14/2023,0
12/14/2023,0
12/14/2023,0
12/14/2023,0
12/14/2023,0
12/14/2023,0
12/14/2023,0
12/14/2023,0
12/14/2023,0
12/14/2023,0
12/14/2023,0
12/14/2023,0
12/14/2023,0
12/14/2023,0
12/14/2023,0
12/14/2023,0
12/14/2023,0
12/14/2023,0
12/14/2023,0
12/14/2023,0
12/14/2023,0
12/14/2023,0
12/14/2023,0
12/14/2023,0
12/14/2023,0
12/14/2023,0
12/14/2023,0
12/14/2023,0
12/14/2023,0
12/14/2023,0
12/14/2023,0
12/14/2023,0
12/14/2023,0
12/14/2023,0
12/14/2023,0
12/14/2023,0
12/14/2023,0
12/14/2023,0
12/14/2023,0
12/14/2023,0
12/14/2023,0
12/14/2023,0
12/14/2023,0
12/14/2023,0
12/14/2023,0
12/14/2023,0
12/14/2023,0
12/14/2023,0
12/14/2023,0
12/14/2023,0
12/14/2023,0
12/14/2023,0
12/14/2023,0
12/14/2023,0
12/14/2023,0
12/14/2023,0
12/14/2023,0
12/14/2023,0
12/14/2023,0
12/14/2023,0
12/14/2023,0
12/14/2023,0
12/14/2023,0
12/14/2023,0
12/14/2023,0
12/14/2023,0
12/14/2023,0
12/14/2023,0
12/14/2023,0
12/14/2023,0
12/14/2023,0
12/14/2023,0
12/14/2023,0
12/14/2023,0
12/14/2023,0
12/14/2023,0
12/14/2023,0
12/14/2023,0
12/14/2023,0
12/14/2023,0
12/14/2023,0
12/14/2023,0
12/14/2023,0
12/15/2023,0
12/15/2023,0
12/15/2023,0
12/15/2023,0
12/15/2023,0
12/15/2023,0
12/15/2023,0
12/15/2023,0
12/15/2023,0
12/15/2023,0
12/15/2023,0
12/15/2023,0
12/15/2023,0
12/15/2023,0
12/15/2023,0
12/15/2023,0
12/15/2023,0
12/15/2023,0
12/15/2023,0
12/15/2023,0
12/15/2023,0
12/15/2023,0
12/15/2023,0
12/15/2023,0
12/15/2023,0
12/15/2023,0
12/15/2023,0
12/15/2023,0
12/15/2023,0
12/15/2023,0
12/15/2023,0
12/15/2023,0
12/15/2023,0
12/15/2023,0
12/15/2023,0
12/15/2023,0
12/15/2023,0
12/15/2023,0
12/15/2023,0
12/15/2023,0
12/15/2023,0
12/15/2023,0
12/15/2023,0
12/15/2023,0
12/15/2023,0
12/15/2023,0
12/15/2023,0
12/15/2023,0
12/15/2023,0
12/15/2023,0
12/15/2023,0
12/15/2023,0
12/15/2023,0
12/15/2023,0
12/15/2023,0
12/15/2023,0
12/15/2023,0
12/15/2023,0
12/15/2023,0
12/15/2023,0
12/15/2023,0
12/15/2023,0
12/15/2023,0
12/15/2023,0
12/15/2023,0
12/15/2023,0
12/15/2023,0
12/15/2023,0
12/15/2023,0
12/15/2023,0
12/15/2023,0
12/15/2023,0
12/15/2023,0
12/15/2023,0
12/15/2023,0
12/15/2023,0
12/15/2023,0
12/15/2023,0
12/15/2023,0
12/15/2023,0
12/15/2023,0
12/15/2023,0
12/15/2023,0
12/15/2023,0
12/15/2023,0
12/15/2023,0
12/15/2023,0
12/15/2023,0
12/15/2023,0
12/15/2023,0
12/15/2023,0
12/15/2023,0
12/15/2023,0
12/15/2023,0
12/15/2023,0
12/15/2023,0
12/16/2023,0
12/16/2023,0
12/16/2023,0
12/16/2023,0
12/16/2023,0
12/16/2023,0
12/16/2023,0
12/16/2023,0
12/16/2023,0
12/16/2023,0
12/16/2023,0
12/16/2023,0
12/16/2023,0
12/16/2023,0
12/16/2023,0
12/16/2023,0
12/16/2023,0
12/16/2023,0
12/16/2023,0
12/16/2023,0
12/16/2023,0
12/16/2023,0
12/16/2023,0
12/16/2023,0
12/16/2023,0
12/16/2023,0
12/16/2023,0
12/16/2023,0
12/16/2023,0
12/16/2023,0
12/16/2023,0
12/16/2023,0
12/16/2023,0
12/16/2023,0
12/16/2023,0
12/16/2023,0
12/16/2023,0
12/16/2023,0
12/16/2023,0
12/16/2023,0
12/16/2023,0
12/16/2023,0
12/16/2023,0
12/16/2023,0
12/16/2023,0
12/16/2023,0
12/16/2023,0
12/16/2023,0
12/16/2023,0
12/16/2023,0
12/16/2023,0
12/16/2023,0
12/16/2023,0
12/16/2023,0
12/16/2023,0
12/16/2023,0
12/16/2023,0
12/16/2023,0
12/16/2023,0
12/16/2023,0
12/16/2023,0
12/16/2023,0
12/16/2023,0
12/16/2023,0
12/16/2023,0
12/16/2023,0
12/16/2023,0
12/16/2023,0
12/16/2023,0
12/16/2023,0
12/16/2023,0
12/16/2023,0
12/16/2023,0
12/16/2023,0
12/16/2023,0
12/16/2023,0
12/16/2023,0
12/16/2023,0
12/16/2023,0
12/16/2023,0
12/16/2023,0
12/16/2023,0
12/16/2023,0
12/16/2023,0
12/16/2023,0
12/16/2023,0
12/16/2023,0
12/16/2023,0
12/16/2023,0
12/16/2023,0
12/16/2023,0
12/16/2023,0
12/16/2023,0
12/16/2023,0
12/16/2023,0
12/16/2023,0
12/17/2023,0
12/17/2023,0
12/17/2023,0
12/17/2023,0
12/17/2023,0
12/17/2023,0
12/17/2023,0
12/17/2023,0
12/17/2023,0
12/17/2023,0
12/17/2023,0
12/17/2023,0
12/17/2023,0
12/17/2023,0
12/17/2023,0
12/17/2023,0
12/17/2023,0
12/17/2023,0
12/17/2023,0
12/17/2023,0
12/17/2023,0
12/17/2023,0
12/17/2023,0
12/17/2023,0
12/17/2023,0
12/17/2023,0
12/17/2023,0
12/17/2023,0
12/17/2023,0
12/17/2023,0
12/17/2023,0
12/17/2023,0
12/17/2023,0
12/17/2023,0
12/17/2023,0
12/17/2023,0
12/17/2023,0
12/17/2023,0
12/17/2023,0
12/17/2023,0
12/17/2023,0
12/17/2023,0
12/17/2023,0
12/17/2023,0
12/17/2023,0
12/17/2023,0
12/17/2023,0
12/17/2023,0
12/17/2023,0
12/17/2023,0
12/17/2023,0
12/17/2023,0
12/17/2023,0
12/17/2023,0
12/17/2023,0
12/17/2023,0
12/17/2023,0
12/17/2023,0
12/17/2023,0
12/17/2023,0
12/17/2023,0
12/17/2023,0
12/17/2023,0
12/17/2023,0
12/17/2023,0
12/17/2023,0
12/17/2023,0
12/17/2023,0
12/17/2023,0
12/17/2023,0
12/17/2023,0
12/17/2023,0
12/17/2023,0
12/17/2023,0
12/17/2023,0
12/17/2023,0
12/17/2023,0
12/17/2023,0
12/17/2023,0
12/17/2023,0
12/17/2023,0
12/17/2023,0
12/17/2023,0
12/17/2023,0
12/17/2023,0
12/17/2023,0
12/17/2023,0
12/17/2023,0
12/17/2023,0
12/17/2023,0
12/17/2023,0
12/17/2023,0
12/17/2023,0
12/17/2023,0
12/17/2023,0
12/17/2023,0
12/18/2023,0
12/18/2023,0
12/18/2023,0
12/18/2023,0
12/18/2023,0
12/18/2023,0
12/18/2023,0
12/18/2023,0
12/18/2023,0
12/18/2023,0
12/18/2023,0
12/18/2023,0
12/18/2023,0
12/18/2023,0
12/18/2023,0
12/18/2023,0
12/18/2023,0
12/18/2023,0
12/18/2023,0
12/18/2023,0
12/18/2023,0
12/18/2023,0
12/18/2023,0
12/18/2023,0
12/18/2023,0
12/18/2023,0
12/18/2023,0
12/18/2023,0
12/18/2023,0
12/18/2023,0
12/18/2023,0
12/18/2023,0
12/18/2023,0
12/18/2023,0
12/18/2023,0
12/18/2023,0
12/18/2023,0
12/18/2023,0
12/18/2023,0
12/18/2023,0
12/18/2023,0
12/18/2023,0
12/18/2023,0
12/18/2023,0
12/18/2023,0
12/18/2023,0
12/18/2023,0
12/18/2023,0
12/18/2023,0
12/18/2023,0
12/18/2023,0
12/18/2023,0
12/18/2023,0
12/18/2023,0
12/18/2023,0
12/18/2023,0
12/18/2023,0
12/18/2023,0
12/18/2023,0
12/18/2023,0
12/18/2023,0
12/18/2023,0
12/18/2023,0
12/18/2023,0
12/18/2023,0
12/18/2023,0
12/18/2023,0
12/18/2023,0
12/18/2023,0
12/18/2023,0
12/18/2023,0
12/18/2023,0
12/18/2023,0
12/18/2023,0
12/18/2023,0
12/18/2023,0
12/18/2023,0
12/18/2023,0
12/18/2023,0
12/18/2023,0
12/18/2023,0
12/18/2023,0
12/18/2023,0
12/18/2023,0
12/18/2023,0
12/18/2023,0
12/18/2023,0
12/18/2023,0
12/18/2023,0
12/18/2023,0
12/18/2023,0
12/18/2023,0
12/18/2023,0
12/18/2023,0
12/18/2023,0
12/18/2023,0
12/19/2023,0
12/19/2023,0
12/19/2023,0
12/19/2023,0
12/19/2023,0
12/19/2023,0
12/19/2023,0
12/19/2023,0
12/19/2023,0
12/19/2023,0
12/19/2023,0
12/19/2023,0
12/19/2023,0
12/19/2023,0
12/19/2023,0
12/19/2023,0
12/19/2023,0
12/19/2023,0
12/19/2023,0
12/19/2023,0
12/19/2023,0
12/19/2023,0
12/19/2023,0
12/19/2023,0
12/19/2023,0
12/19/2023,0
12/19/2023,0
12/19/2023,0
12/19/2023,0
12/19/2023,0
12/19/2023,0
12/19/2023,0
12/19/2023,0
12/19/2023,0
12/19/2023,0
12/19/2023,0
12/19/2023,0
12/19/2023,0
12/19/2023,0
12/19/2023,0
12/19/2023,0
12/21/2023,0
12/21/2023,0
12/21/2023,0
12/21/2023,0
12/21/2023,0
12/21/2023,0
12/21/2023,0
12/21/2023,0
12/21/2023,0
12/21/2023,0
12/21/2023,0
12/21/2023,0
12/21/2023,0
12/21/2023,0
12/21/2023,0
12/21/2023,0
12/21/2023,0
12/21/2023,0
12/21/2023,0
12/21/2023,0
12/21/2023,0
12/21/2023,0
12/21/2023,0
12/21/2023,0
12/21/2023,0
12/21/2023,0
12/21/2023,0
12/21/2023,0
12/21/2023,0
12/21/2023,0
12/21/2023,0
12/21/2023,0
12/21/2023,0
12/21/2023,0
12/21/2023,0
12/21/2023,0
12/21/2023,0
12/21/2023,0
12/21/2023,0
12/21/2023,0
12/21/2023,0
12/21/2023,0
12/21/2023,0
12/21/2023,0
12/21/2023,0
12/21/2023,0
12/21/2023,0
12/21/2023,0
12/21/2023,0
12/21/2023,0
12/21/2023,0
12/21/2023,0
12/21/2023,0
12/22/2023,0
12/22/2023,0
12/22/2023,0
12/22/2023,0
12/22/2023,0
12/22/2023,0
12/22/2023,0
12/22/2023,0
12/22/2023,0
12/22/2023,0
12/22/2023,0
12/22/2023,0
12/22/2023,0
12/22/2023,0
12/22/2023,0
12/22/2023,0
12/22/2023,0
12/22/2023,0
12/22/2023,0
12/22/2023,0
12/22/2023,0
12/22/2023,0
12/22/2023,0
12/22/2023,0
12/22/2023,0
12/22/2023,0
12/22/2023,0
12/22/2023,0
12/22/2023,0
12/22/2023,0
12/22/2023,0
12/22/2023,0
12/22/2023,0
12/22/2023,0
12/22/2023,0
12/22/2023,0
12/22/2023,0
12/22/2023,0
12/22/2023,0
12/22/2023,0
12/22/2023,0
12/22/2023,0
12/22/2023,0
12/22/2023,0
12/22/2023,0
12/22/2023,0
12/22/2023,0
12/22/2023,0
12/22/2023,0
12/22/2023,0
12/22/2023,0
12/22/2023,0
12/22/2023,0
12/22/2023,0
12/22/2023,0
12/22/2023,0
12/22/2023,0
12/22/2023,0
12/22/2023,0
12/22/2023,0
12/22/2023,0
12/22/2023,0
12/22/2023,0
12/22/2023,0
12/22/2023,0
12/22/2023,0
12/22/2023,0
12/22/2023,0
12/22/2023,0
12/22/2023,0
12/22/2023,0
12/22/2023,0
12/22/2023,0
12/22/2023,0
12/22/2023,0
12/22/2023,0
12/22/2023,0
12/22/2023,0
12/22/2023,0
12/22/2023,0
12/22/2023,0
12/22/2023,0
12/22/2023,0
12/22/2023,0
12/22/2023,0
12/22/2023,0
12/22/2023,0
12/22/2023,0
12/22/2023,0
12/22/2023,0
12/22/2023,0
12/22/2023,0
12/22/2023,0
12/22/2023,0
12/22/2023,0
12/22/2023,0
12/23/2023,0
12/23/2023,0
12/23/2023,0
12/23/2023,0
12/23/2023,0
12/23/2023,0
12/23/2023,0
12/23/2023,0
12/23/2023,0
12/23/2023,0
12/23/2023,0
12/23/2023,0
12/23/2023,0
12/23/2023,0
12/23/2023,0
12/23/2023,0
12/23/2023,0
12/23/2023,0
12/23/2023,0
12/23/2023,0
12/23/2023,0
12/23/2023,0
12/23/2023,0
12/23/2023,0
12/23/2023,0
12/23/2023,0
12/23/2023,0
12/23/2023,0
12/23/2023,0
12/23/2023,0
12/23/2023,0
12/23/2023,0
12/23/2023,0
12/23/2023,0
12/23/2023,0
12/23/2023,0
12/23/2023,0
12/23/2023,0
12/23/2023,0
12/23/2023,0
12/23/2023,0
12/23/2023,0
12/23/2023,0
12/23/2023,0
12/23/2023,0
12/23/2023,0
12/23/2023,0
12/23/2023,0
12/23/2023,0
12/23/2023,0
12/23/2023,0
12/23/2023,0
12/23/2023,0
12/23/2023,0
12/23/2023,0
12/23/2023,0
12/23/2023,0
12/23/2023,0
12/23/2023,0
12/23/2023,0
12/23/2023,0
12/23/2023,0
12/23/2023,0
12/23/2023,0
12/23/2023,0
12/23/2023,0
12/23/2023,0
12/23/2023,0
12/23/2023,0
12/23/2023,0
12/23/2023,0
12/23/2023,0
12/23/2023,0
12/23/2023,0
12/23/2023,0
12/23/2023,0
12/23/2023,0
12/23/2023,0
12/23/2023,0
12/23/2023,0
12/23/2023,0
12/23/2023,0
12/23/2023,0
12/23/2023,0
12/23/2023,0
12/23/2023,0
12/23/2023,0
12/23/2023,0
12/23/2023,0
12/23/2023,0
12/23/2023,0
12/23/2023,0
12/23/2023,0
12/23/2023,0
12/23/2023,0
12/23/2023,0
12/24/2023,0
12/24/2023,0
12/24/2023,0
12/24/2023,0
12/24/2023,0
12/24/2023,0
12/24/2023,0
12/24/2023,0
12/24/2023,0
12/24/2023,0
12/24/2023,0
12/24/2023,0
12/24/2023,0
12/24/2023,0
12/24/2023,0
12/24/2023,0
12/24/2023,0
12/24/2023,0
12/24/2023,0
12/24/2023,0
12/24/2023,0
12/24/2023,0
12/24/2023,0
12/24/2023,0
12/24/2023,0
12/24/2023,0
12/24/2023,0
12/24/2023,0
12/24/2023,0
12/24/2023,0
12/24/2023,0
12/24/2023,0
12/24/2023,0
12/24/2023,0
12/24/2023,0
12/24/2023,0
12/24/2023,0
12/24/2023,0
12/24/2023,0
12/24/2023,0
12/24/2023,0
12/24/2023,0
12/24/2023,0
12/24/2023,0
12/24/2023,0
12/24/2023,0
12/24/2023,0
12/24/2023,0
12/24/2023,0
12/24/2023,0
12/24/2023,0
12/24/2023,0
12/24/2023,0
12/24/2023,0
12/24/2023,0
12/24/2023,0
12/24/2023,0
12/24/2023,0
12/24/2023,0
12/24/2023,0
12/24/2023,0
12/24/2023,0
12/24/2023,0
12/24/2023,0
12/24/2023,0
12/24/2023,0
12/24/2023,0
12/24/2023,0
12/24/2023,0
12/24/2023,0
12/24/2023,0
12/24/2023,0
12/24/2023,0
12/24/2023,0
12/24/2023,0
12/24/2023,0
12/24/2023,0
12/24/2023,0
12/24/2023,0
12/24/2023,0
12/24/2023,0
12/24/2023,0
12/24/2023,0
12/24/2023,0
12/24/2023,0
12/24/2023,0
12/24/2023,0
12/24/2023,0
12/24/2023,0
12/24/2023,0
12/24/2023,0
12/24/2023,0
12/24/2023,0
12/24/2023,0
12/24/2023,0
12/24/2023,0
12/25/2023,0
12/25/2023,0
12/25/2023,0
12/25/2023,0
12/25/2023,0
12/25/2023,0
12/25/2023,0
12/25/2023,0
12/25/2023,0
12/25/2023,0
12/25/2023,0
12/25/2023,0
12/25/2023,0
12/25/2023,0
12/25/2023,0
12/25/2023,0
12/25/2023,0
12/25/2023,0
12/25/2023,0
12/25/2023,0
12/25/2023,0
12/25/2023,0
12/25/2023,0
12/25/2023,0
12/25/2023,0
12/25/2023,0
12/25/2023,0
12/25/2023,0
12/25/2023,0
12/25/2023,0
12/25/2023,0
12/25/2023,0
12/25/2023,0
12/25/2023,0
12/25/2023,0
12/25/2023,0
12/25/2023,0
12/25/2023,0
12/25/2023,0
12/25/2023,0
12/25/2023,0
12/25/2023,0
12/25/2023,0
12/25/2023,0
12/25/2023,0
12/25/2023,0
12/25/2023,0
12/25/2023,0
12/25/2023,0
12/25/2023,0
12/25/2023,0
12/25/2023,0
12/25/2023,0
12/25/2023,0
12/25/2023,0
12/25/2023,0
12/25/2023,0
12/25/2023,0
12/25/2023,0
12/25/2023,0
12/25/2023,0
12/25/2023,0
12/25/2023,0
12/25/2023,0
12/25/2023,0
12/25/2023,0
12/25/2023,0
12/25/2023,0
12/25/2023,0
12/25/2023,0
12/25/2023,0
12/25/2023,0
12/25/2023,0
12/25/2023,0
12/25/2023,0
12/25/2023,0
12/25/2023,0
12/25/2023,0
12/25/2023,0
12/25/2023,0
12/25/2023,0
12/25/2023,0
12/25/2023,0
12/25/2023,0
12/25/2023,0
12/25/2023,0
12/25/2023,0
12/25/2023,0
12/25/2023,0
12/25/2023,0
12/25/2023,0
12/25/2023,0
12/25/2023,0
12/25/2023,0
12/25/2023,0
12/25/2023,0
12/26/2023,0
12/26/2023,0
12/26/2023,0
12/26/2023,0
12/26/2023,0
12/26/2023,0
12/26/2023,0
12/26/2023,0
12/26/2023,0
12/26/2023,0
12/26/2023,0
12/26/2023,0
12/26/2023,0
12/26/2023,0
12/26/2023,0
12/26/2023,0
12/26/2023,0
12/26/2023,0
12/26/2023,0
12/26/2023,0
12/26/2023,0
12/26/2023,0
12/26/2023,0
12/26/2023,0
12/26/2023,0
12/26/2023,0
12/26/2023,0
12/26/2023,0
12/26/2023,0
12/26/2023,0
12/26/2023,0
12/26/2023,0
12/26/2023,0
12/26/2023,0
12/26/2023,0
12/26/2023,0
12/26/2023,0
12/26/2023,0
12/26/2023,0
12/26/2023,0
12/26/2023,0
12/26/2023,0
12/26/2023,0
12/26/2023,0
12/26/2023,0
12/26/2023,0
12/26/2023,0
12/26/2023,0
12/26/2023,0
12/26/2023,0
12/26/2023,0
12/26/2023,0
12/26/2023,0
12/26/2023,0
12/26/2023,0
12/26/2023,0
12/26/2023,0
12/26/2023,0
12/26/2023,0
12/26/2023,0
12/26/2023,0
12/26/2023,0
12/26/2023,0
12/26/2023,0
12/26/2023,0
12/26/2023,0
12/26/2023,0
12/26/2023,0
12/26/2023,0
12/26/2023,0
12/26/2023,0
12/26/2023,0
12/26/2023,0
12/26/2023,0
12/26/2023,0
12/26/2023,0
12/26/2023,0
12/26/2023,0
12/26/2023,0
12/26/2023,0
12/26/2023,0
12/26/2023,0
12/26/2023,0
12/26/2023,0
12/26/2023,0
12/26/2023,0
12/26/2023,0
12/26/2023,0
12/26/2023,0
12/26/2023,0
12/26/2023,0
12/26/2023,0
12/26/2023,0
12/26/2023,0
12/26/2023,0
12/26/2023,0
12/27/2023,0
12/27/2023,0
12/27/2023,0
12/27/2023,0
12/27/2023,0
12/27/2023,0
12/27/2023,0
12/27/2023,0
12/27/2023,0
12/27/2023,0
12/27/2023,0
12/27/2023,0
12/27/2023,0
12/27/2023,0
12/27/2023,0
12/27/2023,0
12/27/2023,0
12/27/2023,0
12/27/2023,0
12/27/2023,0
12/27/2023,0
12/27/2023,0
12/27/2023,0
12/27/2023,0
12/27/2023,0
12/27/2023,0
12/27/2023,0
12/27/2023,0
12/27/2023,0
12/27/2023,0
12/27/2023,0
12/27/2023,0
12/27/2023,0
12/27/2023,0
12/27/2023,0
12/27/2023,0
12/27/2023,0
12/27/2023,0
12/27/2023,0
12/27/2023,0
12/27/2023,0
12/27/2023,0
12/27/2023,0
12/27/2023,0
12/27/2023,0
12/27/2023,0
12/27/2023,0
12/27/2023,0
12/27/2023,0
12/27/2023,0
12/27/2023,0
12/27/2023,0
12/27/2023,0
12/27/2023,0
12/27/2023,0
12/27/2023,0
12/27/2023,0
12/27/2023,0
12/27/2023,0
12/27/2023,0
12/27/2023,0
12/27/2023,0
12/27/2023,0
12/27/2023,0
12/27/2023,0
12/27/2023,0
12/27/2023,0
12/27/2023,0
12/27/2023,0
12/27/2023,0
12/27/2023,0
12/27/2023,0
12/27/2023,0
12/27/2023,0
12/27/2023,0
12/27/2023,0
12/27/2023,0
12/27/2023,0
12/27/2023,0
12/27/2023,0
12/27/2023,0
12/27/2023,0
12/27/2023,0
12/27/2023,0
12/27/2023,0
12/27/2023,0
12/27/2023,0
12/27/2023,0
12/27/2023,0
12/27/2023,0
12/27/2023,0
12/27/2023,0
12/27/2023,0
12/27/2023,0
12/27/2023,0
12/27/2023,0
12/28/2023,0
12/28/2023,0
12/28/2023,0
12/28/2023,0
12/28/2023,0
12/28/2023,0
12/28/2023,0
12/28/2023,0
12/28/2023,0
12/28/2023,0
12/28/2023,0
12/28/2023,0
12/28/2023,0
12/28/2023,0
12/28/2023,0
12/28/2023,0
12/28/2023,0
12/28/2023,0
12/28/2023,0
12/28/2023,0
12/28/2023,0
12/28/2023,0
12/28/2023,0
12/28/2023,0
12/28/2023,0
12/28/2023,0
12/28/2023,0
12/28/2023,0
12/28/2023,0
12/28/2023,0
12/28/2023,0
12/28/2023,0
12/28/2023,0
12/28/2023,0
12/28/2023,0
12/28/2023,0
12/28/2023,0
12/28/2023,0
12/28/2023,0
12/28/2023,0
12/28/2023,0
12/28/2023,0
12/28/2023,0
12/28/2023,0
12/28/2023,0
12/28/2023,0
12/28/2023,0
12/28/2023,0
12/28/2023,0
12/28/2023,0
12/28/2023,0
12/28/2023,0
12/28/2023,0
12/28/2023,0
12/28/2023,0
12/28/2023,0
12/28/2023,0
12/28/2023,0
12/28/2023,0
12/28/2023,0
12/28/2023,0
12/28/2023,0
12/28/2023,0
12/28/2023,0
12/28/2023,0
12/28/2023,0
12/28/2023,0
12/28/2023,0
12/28/2023,0
12/28/2023,0
12/28/2023,0
12/28/2023,0
12/28/2023,0
12/28/2023,0
12/28/2023,0
12/28/2023,0
12/28/2023,0
12/28/2023,0
12/28/2023,0
12/28/2023,0
12/28/2023,0
12/28/2023,0
12/28/2023,0
12/28/2023,0
12/28/2023,0
12/28/2023,0
12/28/2023,0
12/28/2023,0
12/28/2023,0
12/28/2023,0
12/28/2023,0
12/28/2023,0
12/28/2023,0
12/28/2023,0
12/28/2023,0
12/28/2023,0
12/29/2023,0
12/29/2023,0
12/29/2023,0
12/29/2023,0
12/29/2023,0
12/29/2023,0
12/29/2023,0
12/29/2023,0
12/29/2023,0
12/29/2023,0
12/29/2023,0
12/29/2023,0
12/29/2023,0
12/29/2023,0
12/29/2023,0
12/29/2023,0
12/29/2023,0
12/29/2023,0
12/29/2023,0
12/29/2023,0
12/29/2023,0
12/29/2023,0
12/29/2023,0
12/29/2023,0
12/29/2023,0
12/29/2023,0
12/29/2023,0
12/29/2023,0
12/29/2023,0
12/29/2023,0
12/29/2023,0
12/29/2023,0
12/29/2023,0
12/29/2023,0
12/29/2023,0
12/29/2023,0
12/29/2023,0
12/29/2023,0
12/29/2023,0
12/29/2023,0
12/29/2023,0
12/29/2023,0
12/29/2023,0
12/29/2023,0
12/29/2023,0
12/29/2023,0
12/29/2023,0
12/29/2023,0
12/29/2023,0
12/29/2023,0
12/29/2023,0
12/29/2023,0
12/29/2023,0
12/29/2023,0
12/29/2023,0
12/29/2023,0
12/29/2023,0
12/29/2023,0
12/29/2023,0
12/29/2023,0
12/29/2023,0
12/29/2023,0
12/29/2023,0
12/29/2023,0
12/29/2023,0
12/29/2023,0
12/29/2023,0
12/29/2023,0
12/29/2023,0
12/29/2023,0
12/29/2023,0
12/29/2023,0
12/29/2023,0
12/29/2023,0
12/29/2023,0
12/29/2023,0
12/29/2023,0
12/29/2023,0
12/29/2023,0
12/29/2023,0
12/29/2023,0
12/29/2023,0
12/29/2023,0
12/29/2023,0
12/29/2023,0
12/29/2023,0
12/29/2023,0
12/29/2023,0
12/29/2023,0
12/29/2023,0
12/29/2023,0
12/29/2023,0
12/29/2023,0
12/29/2023,0
12/29/2023,0
12/29/2023,0
12/30/2023,0
12/30/2023,0
12/30/2023,0
12/30/2023,0
12/30/2023,0
12/30/2023,0
12/30/2023,0
12/30/2023,0
12/30/2023,0
12/30/2023,0
12/30/2023,0
12/30/2023,0
12/30/2023,0
12/30/2023,0
12/30/2023,0
12/30/2023,0
12/30/2023,0
12/30/2023,0
12/30/2023,0
12/30/2023,0
12/30/2023,0
12/30/2023,0
12/30/2023,0
12/30/2023,0
12/30/2023,0
12/30/2023,0
12/30/2023,0
12/30/2023,0
12/30/2023,0
12/30/2023,0
12/30/2023,0
12/30/2023,0
12/30/2023,0
12/30/2023,0
12/30/2023,0
12/30/2023,0
12/30/2023,0
12/30/2023,0
12/30/2023,0
12/30/2023,0
12/30/2023,0
12/30/2023,0
12/30/2023,0
12/30/2023,0
12/30/2023,0
12/30/2023,0
12/30/2023,0
12/30/2023,0
12/30/2023,0
12/30/2023,0
12/30/2023,0
12/30/2023,0
12/30/2023,0
12/30/2023,0
12/30/2023,0
12/30/2023,0
12/30/2023,0
12/30/2023,0
12/30/2023,0
12/30/2023,0
12/30/2023,0
12/30/2023,0
12/30/2023,0
12/30/2023,0
12/30/2023,0
12/30/2023,0
12/30/2023,0
12/30/2023,0
12/30/2023,0
12/30/2023,0
12/30/2023,0
12/30/2023,0
12/30/2023,0
12/30/2023,0
12/30/2023,0
12/30/2023,0
12/30/2023,0
12/30/2023,0
12/30/2023,0
12/30/2023,0
12/30/2023,0
12/30/2023,0
12/30/2023,0
12/30/2023,0
12/30/2023,0
12/30/2023,0
12/30/2023,0
12/30/2023,0
12/30/2023,0
12/30/2023,0
12/30/2023,0
12/30/2023,0
12/30/2023,0
12/30/2023,0
12/30/2023,0
12/30/2023,0
12/31/2023,0
12/31/2023,0
12/31/2023,0
12/31/2023,0
12/31/2023,0
12/31/2023,0
12/31/2023,0
12/31/2023,0
12/31/2023,0
12/31/2023,0
12/31/2023,0
12/31/2023,0
12/31/2023,0
12/31/2023,0
12/31/2023,0
12/31/2023,0
12/31/2023,0
12/31/2023,0
12/31/2023,0
12/31/2023,0
12/31/2023,0
12/31/2023,0
12/31/2023,0
12/31/2023,0
12/31/2023,0
12/31/2023,0
12/31/2023,0
12/31/2023,0
12/31/2023,0
12/31/2023,0
12/31/2023,0
12/31/2023,0
12/31/2023,0
12/31/2023,0
12/31/2023,0
12/31/2023,0
12/31/2023,0
12/31/2023,0
12/31/2023,0
12/31/2023,0
12/31/2023,0
12/31/2023,0
12/31/2023,0
12/31/2023,0
12/31/2023,0
12/31/2023,0
12/31/2023,0
12/31/2023,0
12/31/2023,0
12/31/2023,0
12/31/2023,0
12/31/2023,0
12/31/2023,0
12/31/2023,0
12/31/2023,0
12/31/2023,0
12/31/2023,0
12/31/2023,0
12/31/2023,0
12/31/2023,0
12/31/2023,0
12/31/2023,0
12/31/2023,0
12/31/2023,0
12/31/2023,0
12/31/2023,0
12/31/2023,0
12/31/2023,0
12/31/2023,0
12/31/2023,0
12/31/2023,0
12/31/2023,0
12/31/2023,0
12/31/2023,0
12/31/2023,0
12/31/2023,0
12/31/2023,0
12/31/2023,0
12/31/2023,0
12/31/2023,0
12/31/2023,0
12/31/2023,0
12/31/2023,0
12/31/2023,0
12/31/2023,0
12/31/2023,0
12/31/2023,0
12/31/2023,0
12/31/2023,0
12/31/2023,0
12/31/2023,0
12/31/2023,0
12/31/2023,0
12/31/2023,0
12/31/2023,0
12/31/2023,0
1/1/2024,0
1/1/2024,0
1/1/2024,0
1/1/2024,0
1/1/2024,0
1/1/2024,0
1/1/2024,0
1/1/2024,0
1/1/2024,0
1/1/2024,0
1/1/2024,0
1/1/2024,0
1/1/2024,0
1/1/2024,0
1/1/2024,0
1/1/2024,0
1/1/2024,0
1/1/2024,0
1/1/2024,0
1/1/2024,0
1/1/2024,0
1/1/2024,0
1/1/2024,0
1/1/2024,0
1/1/2024,0
1/1/2024,0
1/1/2024,0
1/1/2024,0
1/1/2024,0
1/1/2024,0
1/1/2024,0
1/1/2024,0
1/1/2024,0
1/1/2024,0
1/1/2024,0
1/1/2024,0
1/1/2024,0
1/1/2024,0
1/1/2024,0
1/1/2024,0
1/1/2024,0
1/1/2024,0
1/1/2024,0
1/1/2024,0
1/1/2024,0
1/1/2024,0
1/1/2024,0
1/1/2024,0
1/1/2024,0
1/1/2024,0
1/1/2024,0
1/1/2024,0
1/1/2024,0
1/1/2024,0
1/1/2024,0
1/1/2024,0
1/1/2024,0
1/1/2024,0
1/1/2024,0
1/1/2024,0
1/1/2024,0
1/1/2024,0
1/1/2024,0
1/1/2024,0
1/1/2024,0
1/1/2024,0
1/1/2024,0
1/1/2024,0
1/1/2024,0
1/1/2024,0
1/1/2024,0
1/1/2024,0
1/1/2024,0
1/1/2024,0
1/1/2024,0
1/1/2024,0
1/1/2024,0
1/1/2024,0
1/1/2024,0
1/1/2024,0
1/1/2024,0
1/1/2024,0
1/1/2024,0
1/1/2024,0
1/1/2024,0
1/1/2024,0
1/1/2024,0
1/1/2024,0
1/1/2024,0
1/1/2024,0
1/1/2024,0
1/1/2024,0
1/1/2024,0
1/1/2024,0
1/1/2024,0
1/1/2024,0
1/2/2024,0
1/2/2024,0
1/2/2024,0
1/2/2024,0
1/2/2024,0
1/2/2024,0
1/2/2024,0
1/2/2024,0
1/2/2024,0
1/2/2024,0
1/2/2024,0
1/2/2024,0
1/2/2024,0
1/2/2024,0
1/2/2024,0
1/2/2024,0
1/2/2024,0
1/2/2024,0
1/2/2024,0
1/2/2024,0
1/2/2024,0
1/2/2024,0
1/2/2024,0
1/2/2024,0
1/2/2024,0
1/2/2024,0
1/2/2024,0
1/2/2024,0
1/2/2024,0
1/2/2024,0
1/2/2024,0
1/2/2024,0
1/2/2024,0
1/2/2024,0
1/2/2024,0
1/2/2024,0
1/2/2024,0
1/2/2024,0
1/2/2024,0
1/2/2024,0
1/2/2024,0
1/2/2024,0
1/2/2024,0
1/2/2024,0
1/2/2024,0
1/2/2024,0
1/2/2024,0
1/2/2024,0
1/2/2024,0
1/2/2024,0
1/2/2024,0
1/2/2024,0
1/2/2024,0
1/2/2024,0
1/2/2024,0
1/2/2024,0
1/2/2024,0
1/2/2024,0
1/2/2024,0
1/2/2024,0
1/2/2024,0
1/2/2024,0
1/2/2024,0
1/2/2024,0
1/2/2024,0
1/2/2024,0
1/2/2024,0
1/2/2024,0
1/2/2024,0
1/2/2024,0
1/2/2024,0
1/2/2024,0
1/2/2024,0
1/2/2024,0
1/2/2024,0
1/2/2024,0
1/2/2024,0
1/2/2024,0
1/2/2024,0
1/2/2024,0
1/2/2024,0
1/2/2024,0
1/2/2024,0
1/2/2024,0
1/2/2024,0
1/2/2024,0
1/2/2024,0
1/2/2024,0
1/2/2024,0
1/2/2024,0
1/2/2024,0
1/2/2024,0
1/2/2024,0
1/2/2024,0
1/2/2024,0
1/2/2024,0
1/3/2024,0
1/3/2024,0
1/3/2024,0
1/3/2024,0
1/3/2024,0
1/3/2024,0
1/3/2024,0
1/3/2024,0
1/3/2024,0
1/3/2024,0
1/3/2024,0
1/3/2024,0
1/3/2024,0
1/3/2024,0
1/3/2024,0
1/3/2024,0
1/3/2024,0
1/3/2024,0
1/3/2024,0
1/3/2024,0
1/3/2024,0
1/3/2024,0
1/3/2024,0
1/3/2024,0
1/3/2024,0
1/3/2024,0
1/3/2024,0
1/3/2024,0
1/3/2024,0
1/3/2024,0
1/3/2024,0
1/3/2024,0
1/3/2024,0
1/3/2024,0
1/3/2024,0
1/3/2024,0
1/3/2024,0
1/3/2024,0
1/3/2024,0
1/3/2024,0
1/3/2024,0
1/3/2024,0
1/3/2024,0
1/3/2024,0
1/3/2024,0
1/3/2024,0
1/3/2024,0
1/3/2024,0
1/3/2024,0
1/3/2024,0
1/3/2024,0
1/3/2024,0
1/3/2024,0
1/3/2024,0
1/3/2024,0
1/3/2024,0
1/3/2024,0
1/3/2024,0
1/3/2024,0
1/3/2024,0
1/3/2024,0
1/3/2024,0
1/3/2024,0
1/3/2024,0
1/3/2024,0
1/3/2024,0
1/3/2024,0
1/3/2024,0
1/3/2024,0
1/3/2024,0
1/3/2024,0
1/3/2024,0
1/3/2024,0
1/3/2024,0
1/3/2024,0
1/3/2024,0
1/3/2024,0
1/3/2024,0
1/3/2024,0
1/3/2024,0
1/3/2024,0
1/3/2024,0
1/3/2024,0
1/3/2024,0
1/3/2024,0
1/3/2024,0
1/3/2024,0
1/3/2024,0
1/3/2024,0
1/3/2024,0
1/3/2024,0
1/3/2024,0
1/3/2024,0
1/3/2024,0
1/3/2024,0
1/3/2024,0
1/4/2024,0
1/4/2024,0
1/4/2024,0
1/4/2024,0
1/4/2024,0
1/4/2024,0
1/4/2024,0
1/4/2024,0
1/4/2024,0
1/4/2024,0
1/4/2024,0
1/4/2024,0
1/4/2024,0
1/4/2024,0
1/4/2024,0
1/4/2024,0
1/4/2024,0
1/4/2024,0
1/4/2024,0
1/4/2024,0
1/4/2024,0
1/4/2024,0
1/4/2024,0
1/4/2024,0
1/4/2024,0
1/4/2024,0
1/4/2024,0
1/4/2024,0
1/4/2024,0
1/4/2024,0
1/4/2024,0
1/4/2024,0
1/4/2024,0
1/4/2024,0
1/4/2024,0
1/4/2024,0
1/4/2024,0
1/4/2024,0
1/4/2024,0
1/4/2024,0
1/4/2024,0
1/4/2024,0
1/4/2024,0
1/4/2024,0
1/4/2024,0
1/4/2024,0
1/4/2024,0
1/4/2024,0
1/4/2024,0
1/4/2024,0
1/4/2024,0
1/4/2024,0
1/4/2024,0
1/4/2024,0
1/4/2024,0
1/4/2024,0
1/4/2024,0
1/4/2024,0
1/4/2024,0
1/4/2024,0
1/4/2024,0
1/4/2024,0
1/4/2024,0
1/4/2024,0
1/4/2024,0
1/4/2024,0
1/4/2024,0
1/4/2024,0
1/4/2024,0
1/4/2024,0
1/4/2024,0
1/4/2024,0
1/4/2024,0
1/4/2024,0
1/4/2024,0
1/4/2024,0
1/4/2024,0
1/4/2024,0
1/4/2024,0
1/4/2024,0
1/4/2024,0
1/4/2024,0
1/4/2024,0
1/4/2024,0
1/4/2024,0
1/4/2024,0
1/4/2024,0
1/4/2024,0
1/4/2024,0
1/4/2024,0
1/4/2024,0
1/4/2024,0
1/4/2024,0
1/4/2024,0
1/4/2024,0
1/4/2024,0
1/5/2024,0
1/5/2024,0
1/5/2024,0
1/5/2024,0
1/5/2024,0
1/5/2024,0
1/5/2024,0
1/5/2024,0
1/5/2024,0
1/5/2024,0
1/5/2024,0
1/5/2024,0
1/5/2024,0
1/5/2024,0
1/5/2024,0
1/5/2024,0
1/5/2024,0
1/5/2024,0
1/5/2024,0
1/5/2024,0
1/5/2024,0
1/5/2024,0
1/5/2024,0
1/5/2024,0
1/5/2024,0
1/5/2024,0
1/5/2024,0
1/5/2024,0
1/5/2024,0
1/5/2024,0
1/5/2024,0
1/5/2024,0
1/5/2024,0
1/5/2024,0
1/5/2024,0
1/5/2024,0
1/5/2024,0
1/5/2024,0
1/5/2024,0
1/5/2024,0
1/5/2024,0
1/5/2024,0
1/5/2024,0
1/5/2024,0
1/5/2024,0
1/5/2024,0
1/5/2024,0
1/5/2024,0
1/5/2024,0
1/5/2024,0
1/5/2024,0
1/5/2024,0
1/5/2024,0
1/5/2024,0
1/5/2024,0
1/5/2024,0
1/5/2024,0
1/5/2024,0
1/5/2024,0
1/5/2024,0
1/5/2024,0
1/5/2024,0
1/5/2024,0
1/5/2024,0
1/5/2024,0
1/5/2024,0
1/5/2024,0
1/5/2024,0
1/5/2024,0
1/5/2024,0
1/5/2024,0
1/5/2024,0
1/5/2024,0
1/5/2024,0
1/5/2024,0
1/5/2024,0
1/5/2024,0
1/5/2024,0
1/5/2024,0
1/5/2024,0
1/5/2024,0
1/5/2024,0
1/5/2024,0
1/5/2024,0
1/5/2024,0
1/5/2024,0
1/5/2024,0
1/5/2024,0
1/5/2024,0
1/5/2024,0
1/5/2024,0
1/5/2024,0
1/5/2024,0
1/5/2024,0
1/5/2024,0
1/5/2024,0
1/6/2024,0
1/6/2024,0
1/6/2024,0
1/6/2024,0
1/6/2024,0
1/6/2024,0
1/6/2024,0
1/6/2024,0
1/6/2024,0
1/6/2024,0
1/6/2024,0
1/6/2024,0
1/6/2024,0
1/6/2024,0
1/6/2024,0
1/6/2024,0
1/6/2024,0
1/6/2024,0
1/6/2024,0
1/6/2024,0
1/6/2024,0
1/6/2024,0
1/6/2024,0
1/6/2024,0
1/6/2024,0
1/6/2024,0
1/6/2024,0
1/6/2024,0
1/6/2024,0
1/6/2024,0
1/6/2024,0
1/6/2024,0
1/6/2024,0
1/6/2024,0
1/6/2024,0
1/6/2024,0
1/6/2024,0
1/6/2024,0
1/6/2024,0
1/6/2024,0
1/6/2024,0
1/6/2024,0
1/6/2024,0
1/6/2024,0
1/6/2024,0
1/6/2024,0
1/6/2024,0
1/6/2024,0
1/6/2024,0
1/6/2024,0
1/6/2024,0
1/6/2024,0
1/6/2024,0
1/6/2024,0
1/6/2024,0
1/6/2024,0
1/6/2024,0
1/6/2024,0
1/6/2024,0
1/6/2024,0
1/6/2024,0
1/6/2024,0
1/6/2024,0
1/6/2024,0
1/6/2024,0
1/6/2024,0
1/6/2024,0
1/6/2024,0
1/6/2024,0
1/6/2024,0
1/6/2024,0
1/6/2024,0
1/6/2024,0
1/6/2024,0
1/6/2024,0
1/6/2024,0
1/6/2024,0
1/6/2024,0
1/6/2024,0
1/6/2024,0
1/6/2024,0
1/6/2024,0
1/6/2024,0
1/6/2024,0
1/6/2024,0
1/6/2024,0
1/6/2024,0
1/6/2024,0
1/6/2024,0
1/6/2024,0
1/6/2024,0
1/6/2024,0
1/6/2024,0
1/6/2024,0
1/6/2024,0
1/6/2024,0
1/7/2024,0
1/7/2024,0
1/7/2024,0
1/7/2024,0
1/7/2024,0
1/7/2024,0
1/7/2024,0
1/7/2024,0
1/7/2024,0
1/7/2024,0
1/7/2024,0
1/7/2024,0
1/7/2024,0
1/7/2024,0
1/7/2024,0
1/7/2024,0
1/7/2024,0
1/7/2024,0
1/7/2024,0
1/7/2024,0
1/7/2024,0
1/7/2024,0
1/7/2024,0
1/7/2024,0
1/7/2024,0
1/7/2024,0
1/7/2024,0
1/7/2024,0
1/7/2024,0
1/7/2024,0
1/7/2024,0
1/7/2024,0
1/7/2024,0
1/7/2024,0
1/7/2024,0
1/7/2024,0
1/7/2024,0
1/7/2024,0
1/7/2024,0
1/7/2024,0
1/7/2024,0
1/7/2024,0
1/7/2024,0
1/7/2024,0
1/7/2024,0
1/7/2024,0
1/7/2024,0
1/7/2024,0
1/7/2024,0
1/7/2024,0
1/7/2024,0
1/7/2024,0
1/7/2024,0
1/7/2024,0
1/7/2024,0
1/7/2024,0
1/7/2024,0
1/7/2024,0
1/7/2024,0
1/7/2024,0
1/7/2024,0
1/7/2024,0
1/7/2024,0
1/7/2024,0
1/7/2024,0
1/7/2024,0
1/7/2024,0
1/7/2024,0
1/7/2024,0
1/7/2024,0
1/7/2024,0
1/7/2024,0
1/7/2024,0
1/7/2024,0
1/7/2024,0
1/7/2024,0
1/7/2024,0
1/7/2024,0
1/7/2024,0
1/7/2024,0
1/7/2024,0
1/7/2024,0
1/7/2024,0
1/7/2024,0
1/7/2024,0
1/7/2024,0
1/7/2024,0
1/7/2024,0
1/7/2024,0
1/7/2024,0
1/7/2024,0
1/7/2024,0
1/7/2024,0
1/7/2024,0
1/7/2024,0
1/7/2024,0
1/8/2024,0
1/8/2024,0
1/8/2024,0
1/8/2024,0
1/8/2024,0
1/8/2024,0
1/8/2024,0
1/8/2024,0
1/8/2024,0
1/8/2024,0
1/8/2024,0
1/8/2024,0
1/8/2024,0
1/8/2024,0
1/8/2024,0
1/8/2024,0
1/8/2024,0
1/8/2024,0
1/8/2024,0
1/8/2024,0
1/8/2024,0
1/8/2024,0
1/8/2024,0
1/8/2024,0
1/8/2024,0
1/8/2024,0
1/8/2024,0
1/8/2024,0
1/8/2024,0
1/8/2024,0
1/8/2024,0
1/8/2024,0
1/8/2024,0
1/8/2024,0
1/8/2024,0
1/8/2024,0
1/8/2024,0
1/8/2024,0
1/8/2024,0
1/8/2024,0
1/8/2024,0
1/8/2024,0
1/8/2024,0
1/8/2024,0
1/8/2024,0
1/8/2024,0
1/8/2024,0
1/8/2024,0
1/8/2024,0
1/8/2024,0
1/8/2024,0
1/8/2024,0
1/8/2024,0
1/8/2024,0
1/8/2024,0
1/8/2024,0
1/8/2024,0
1/8/2024,0
1/8/2024,0
1/8/2024,0
1/8/2024,0
1/8/2024,0
1/8/2024,0
1/8/2024,0
1/8/2024,0
1/8/2024,0
1/8/2024,0
1/8/2024,0
1/8/2024,0
1/8/2024,0
1/8/2024,0
1/8/2024,0
1/8/2024,0
1/8/2024,0
1/8/2024,0
1/8/2024,0
1/8/2024,0
1/8/2024,0
1/8/2024,0
1/8/2024,0
1/8/2024,0
1/8/2024,0
1/8/2024,0
1/8/2024,0
1/8/2024,0
1/8/2024,0
1/8/2024,0
1/8/2024,0
1/8/2024,0
1/8/2024,0
1/8/2024,0
1/8/2024,0
1/8/2024,0
1/8/2024,0
1/8/2024,0
1/8/2024,0
1/9/2024,0
1/9/2024,0
1/9/2024,0
1/9/2024,0
1/9/2024,0
1/9/2024,0
1/9/2024,0
1/9/2024,0
1/9/2024,0
1/9/2024,0
1/9/2024,0
1/9/2024,0
1/9/2024,0
1/9/2024,0
1/9/2024,0
1/9/2024,0
1/9/2024,0
1/9/2024,0
1/9/2024,0
1/9/2024,0
1/9/2024,0
1/9/2024,0
1/9/2024,0
1/9/2024,0
1/9/2024,0
1/9/2024,0
1/9/2024,0
1/9/2024,0
1/9/2024,0
1/9/2024,0
1/9/2024,0
1/9/2024,0.001
1/9/2024,0
1/9/2024,0.001
1/9/2024,0.001
1/9/2024,0.001
1/9/2024,0
1/9/2024,0
1/9/2024,0.001
1/9/2024,0.001
1/9/2024,0.001
1/9/2024,0.001
1/9/2024,0.001
1/9/2024,0.001
1/9/2024,0.001
1/9/2024,0.001
1/9/2024,0.001
1/9/2024,0.001
1/9/2024,0.001
1/9/2024,0.001
1/9/2024,0.001
1/9/2024,0.001
1/9/2024,0.001
1/9/2024,0
1/9/2024,0.001
1/9/2024,0.001
1/9/2024,0.001
1/9/2024,0.001
1/9/2024,0.001
1/9/2024,0.001
1/9/2024,0.001
1/9/2024,0.001
1/9/2024,0.001
1/9/2024,0.001
1/9/2024,0.001
1/9/2024,0.001
1/9/2024,0.001
1/9/2024,0.001
1/9/2024,0.001
1/9/2024,0.001
1/9/2024,0.001
1/9/2024,0.001
1/9/2024,0.001
1/9/2024,0.001
1/9/2024,0.001
1/9/2024,0.001
1/9/2024,0.001
1/9/2024,0.001
1/9/2024,0.001
1/9/2024,0.001
1/9/2024,0.001
1/9/2024,0.001
1/9/2024,0
1/9/2024,0.001
1/9/2024,0.001
1/9/2024,0.001
1/9/2024,0.001
1/9/2024,0.001
1/9/2024,0.001
1/9/2024,0.001
1/9/2024,0.001
1/9/2024,0.001
1/9/2024,0.001
1/9/2024,0.001
1/9/2024,0.001
1/9/2024,0.001
1/10/2024,0.001
1/10/2024,0.001
1/10/2024,0.001
1/10/2024,0.001
1/10/2024,0.001
1/10/2024,0.001
1/10/2024,0.001
1/10/2024,0.001
1/10/2024,0.001
1/10/2024,0.001
1/10/2024,0.001
1/10/2024,0.001
1/10/2024,0.001
1/10/2024,0.001
1/10/2024,0.001
1/10/2024,0.001
1/10/2024,0.001
1/10/2024,0.001
1/10/2024,0.001
1/10/2024,0.001
1/10/2024,0.001
1/10/2024,0.001
1/10/2024,0.001
1/10/2024,0.001
1/10/2024,0.001
1/10/2024,0.001
1/10/2024,0.001
1/10/2024,0.001
1/10/2024,0.001
1/10/2024,0.001
1/10/2024,0.001
1/10/2024,0.001
1/10/2024,0.001
1/10/2024,0.001
1/10/2024,0.001
1/10/2024,0.001
1/10/2024,0.001
1/10/2024,0.001
1/10/2024,0.001
1/10/2024,0.001
1/10/2024,0.001
1/10/2024,0.001
1/10/2024,0.001
1/10/2024,0.001
1/10/2024,0.001
1/10/2024,0.001
1/10/2024,0.001
1/10/2024,0.001
1/10/2024,0.001
1/10/2024,0.001
1/10/2024,0.001
1/10/2024,0.001
1/10/2024,0.001
1/10/2024,0.001
1/10/2024,0.001
1/10/2024,0.001
1/10/2024,0.001
1/10/2024,0.001
1/10/2024,0.001
1/10/2024,0.001
1/10/2024,0.001
1/10/2024,0.001
1/10/2024,0.001
1/10/2024,0.001
1/10/2024,0.001
1/10/2024,0.001
1/10/2024,0.001
1/10/2024,0.001
1/10/2024,0.001
1/10/2024,0.001
1/10/2024,0.001
1/10/2024,0.001
1/10/2024,0.001
1/10/2024,0.001
1/10/2024,0.001
1/10/2024,0.001
1/10/2024,0.001
1/10/2024,0.001
1/10/2024,0.001
1/10/2024,0.001
1/10/2024,0.001
1/10/2024,0.001
1/10/2024,0.001
1/10/2024,0.001
1/10/2024,0.001
1/10/2024,0.001
1/10/2024,0.001
1/10/2024,0.001
1/10/2024,0.001
1/10/2024,0.001
1/10/2024,0.001
1/10/2024,0.001
1/10/2024,0.001
1/10/2024,0.001
1/10/2024,0.001
1/10/2024,0.001
1/11/2024,0.001
1/11/2024,0.001
1/11/2024,0.001
1/11/2024,0.001
1/11/2024,0.001
1/11/2024,0.001
1/11/2024,0.001
1/11/2024,0.001
1/11/2024,0
1/11/2024,0
1/11/2024,0.001
1/11/2024,0.001
1/11/2024,0.001
1/11/2024,0.001
1/11/2024,0.001
1/11/2024,0.001
1/11/2024,0
1/11/2024,0.001
1/11/2024,0.001
1/11/2024,0
1/11/2024,0.001
1/11/2024,0
1/11/2024,0
1/11/2024,0
1/11/2024,0
1/11/2024,0.001
1/11/2024,0.001
1/11/2024,0
1/11/2024,0
1/11/2024,0
1/11/2024,0
1/11/2024,0
1/11/2024,0.001
1/11/2024,0.001
1/11/2024,0
1/11/2024,0.001
1/11/2024,0
1/11/2024,0
1/11/2024,0
1/11/2024,0.001
1/11/2024,0
1/11/2024,0.001
1/11/2024,0
1/11/2024,0.001
1/11/2024,0
1/11/2024,0.001
1/11/2024,0.001
1/11/2024,0.001
1/11/2024,0.001
1/11/2024,0
1/11/2024,0.001
1/11/2024,0
1/11/2024,0
1/11/2024,0.001
1/11/2024,0
1/11/2024,0.001
1/11/2024,0.001
1/11/2024,0.001
1/11/2024,0
1/11/2024,0
1/11/2024,0.001
1/11/2024,0
1/11/2024,0.001
1/11/2024,0.001
1/11/2024,0
1/11/2024,0
1/11/2024,0
1/11/2024,0.001
1/11/2024,0
1/11/2024,0
1/11/2024,0.001
1/11/2024,0
1/11/2024,0
1/11/2024,0.001
1/11/2024,0.001
1/11/2024,0
1/11/2024,0
1/11/2024,0.001
1/11/2024,0
1/11/2024,0.001
1/11/2024,0
1/11/2024,0
1/11/2024,0
1/11/2024,0
1/11/2024,0.001
1/11/2024,0
1/11/2024,0
1/11/2024,0
1/11/2024,0
1/11/2024,0.001
1/11/2024,0
1/11/2024,0
1/11/2024,0
1/11/2024,0.001
1/11/2024,0
1/11/2024,0
1/12/2024,0
1/12/2024,0.001
1/12/2024,0
1/12/2024,0
1/12/2024,0
1/12/2024,0
1/12/2024,0
1/12/2024,0.001
1/12/2024,0
1/12/2024,0
1/12/2024,0
1/12/2024,0
1/12/2024,0
1/12/2024,0
1/12/2024,0
1/12/2024,0
1/12/2024,0
1/12/2024,0
1/12/2024,0
1/12/2024,0
1/12/2024,0
1/12/2024,0
1/12/2024,0
1/12/2024,0
1/12/2024,0
1/12/2024,0
1/12/2024,0
1/12/2024,0
1/12/2024,0
1/12/2024,0
1/12/2024,0
1/12/2024,0
1/12/2024,0
1/12/2024,0
1/12/2024,0
1/12/2024,0
1/12/2024,0
1/12/2024,0
1/12/2024,0
1/12/2024,0
1/12/2024,0
1/12/2024,0
1/12/2024,0
1/12/2024,0
1/12/2024,0
1/12/2024,0
1/12/2024,0
1/12/2024,0
1/12/2024,0
1/12/2024,0
1/12/2024,0
1/12/2024,0
1/12/2024,0
1/12/2024,0
1/12/2024,0
1/12/2024,0
1/12/2024,0
1/12/2024,0
1/12/2024,0
1/12/2024,0
1/12/2024,0
1/12/2024,0
1/12/2024,0
1/12/2024,0
1/12/2024,0
1/12/2024,0
1/12/2024,0
1/12/2024,0
1/12/2024,0
1/12/2024,0
1/12/2024,0
1/12/2024,0
1/12/2024,0
1/12/2024,0
1/12/2024,0
1/12/2024,0
1/12/2024,0
1/12/2024,0
1/12/2024,0
1/12/2024,0
1/12/2024,0
1/12/2024,0
1/12/2024,0
1/12/2024,0
1/12/2024,0
1/12/2024,0
1/12/2024,0
1/12/2024,0
1/12/2024,0
1/12/2024,0
1/12/2024,0
1/12/2024,0
1/12/2024,0
1/12/2024,0
1/12/2024,0
1/12/2024,0
1/13/2024,0
1/13/2024,0
1/13/2024,0
1/13/2024,0
1/13/2024,0
1/13/2024,0
1/13/2024,0
1/13/2024,0
1/13/2024,0
1/13/2024,0
1/13/2024,0
1/13/2024,0
1/13/2024,0
1/13/2024,0
1/13/2024,0
1/13/2024,0
1/13/2024,0
1/13/2024,0
1/13/2024,0
1/13/2024,0
1/13/2024,0
1/13/2024,0
1/13/2024,0
1/13/2024,0
1/13/2024,0
1/13/2024,0
1/13/2024,0
1/13/2024,0
1/13/2024,0
1/13/2024,0
1/13/2024,0
1/13/2024,0
1/13/2024,0
1/13/2024,0
1/13/2024,0
1/13/2024,0
1/13/2024,0
1/13/2024,0
1/13/2024,0
1/13/2024,0
1/13/2024,0
1/13/2024,0
1/13/2024,0
1/13/2024,0
1/13/2024,0
1/13/2024,0
1/13/2024,0.001
1/13/2024,0.001
1/13/2024,0.001
1/13/2024,0.001
1/13/2024,0
1/13/2024,0.001
1/13/2024,0.001
1/13/2024,0.001
1/13/2024,0.001
1/13/2024,0.001
1/13/2024,0.001
1/13/2024,0.001
1/13/2024,0.001
1/13/2024,0.001
1/13/2024,0.001
1/13/2024,0.001
1/13/2024,0
1/13/2024,0.001
1/13/2024,0.001
1/13/2024,0.001
1/13/2024,0.001
1/13/2024,0.001
1/13/2024,0.001
1/13/2024,0.001
1/13/2024,0.001
1/13/2024,0.001
1/13/2024,0.001
1/13/2024,0.001
1/13/2024,0.001
1/13/2024,0.001
1/13/2024,0.001
1/13/2024,0.001
1/13/2024,0.001
1/13/2024,0.001
1/13/2024,0.001
1/13/2024,0.001
1/13/2024,0.001
1/13/2024,0.001
1/13/2024,0.001
1/13/2024,0.001
1/13/2024,0.001
1/13/2024,0.001
1/13/2024,0.001
1/13/2024,0.001
1/13/2024,0.001
1/13/2024,0.001
1/13/2024,0.001
1/13/2024,0.001
1/13/2024,0.001
1/13/2024,0.001
1/14/2024,0.001
1/14/2024,0.001
1/14/2024,0.001
1/14/2024,0.001
1/14/2024,0.001
1/14/2024,0.001
1/14/2024,0.001
1/14/2024,0.001
1/14/2024,0.001
1/14/2024,0.001
1/14/2024,0.001
1/14/2024,0.001
1/14/2024,0.001
1/14/2024,0.001
1/14/2024,0.001
1/14/2024,0.001
1/14/2024,0.001
1/14/2024,0.001
1/14/2024,0.001
1/14/2024,0.001
1/14/2024,0.001
1/14/2024,0.001
1/14/2024,0.001
1/14/2024,0.001
1/14/2024,0.001
1/14/2024,0.001
1/14/2024,0.001
1/14/2024,0.001
1/14/2024,0.001
1/14/2024,0.001
1/14/2024,0.001
1/14/2024,0.001
1/14/2024,0.001
1/14/2024,0.001
1/14/2024,0.001
1/14/2024,0.001
1/14/2024,0.001
1/14/2024,0.001
1/14/2024,0.001
1/14/2024,0.001
1/14/2024,0.001
1/14/2024,0.001
1/14/2024,0.001
1/14/2024,0.001
1/14/2024,0.001
1/14/2024,0.001
1/14/2024,0.001
1/14/2024,0.001
1/14/2024,0.001
1/14/2024,0.001
1/14/2024,0.001
1/14/2024,0.001
1/14/2024,0.001
1/14/2024,0.001
1/14/2024,0.001
1/14/2024,0.001
1/14/2024,0.001
1/14/2024,0.001
1/14/2024,0.001
1/14/2024,0.001
1/14/2024,0.001
1/14/2024,0.001
1/14/2024,0.001
1/14/2024,0.001
1/14/2024,0.001
1/14/2024,0.001
1/14/2024,0.001
1/14/2024,0.001
1/14/2024,0.001
1/14/2024,0.001
1/14/2024,0.001
1/14/2024,0.001
1/14/2024,0.001
1/14/2024,0.001
1/14/2024,0.001
1/14/2024,0.001
1/14/2024,0.001
1/14/2024,0.001
1/14/2024,0.001
1/14/2024,0.001
1/14/2024,0.001
1/14/2024,0.001
1/14/2024,0.001
1/14/2024,0.001
1/14/2024,0.001
1/14/2024,0.001
1/14/2024,0.001
1/14/2024,0.001
1/14/2024,0.001
1/14/2024,0.001
1/14/2024,0.001
1/14/2024,0.001
1/14/2024,0.001
1/14/2024,0.001
1/14/2024,0.001
1/14/2024,0.001
1/15/2024,0.001
1/15/2024,0.001
1/15/2024,0.001
1/15/2024,0.001
1/15/2024,0.001
1/15/2024,0.001
1/15/2024,0.001
1/15/2024,0.001
1/15/2024,0.001
1/15/2024,0.001
1/15/2024,0.001
1/15/2024,0.001
1/15/2024,0.001
1/15/2024,0.001
1/15/2024,0.001
1/15/2024,0.001
1/15/2024,0.001
1/15/2024,0.001
1/15/2024,0.001
1/15/2024,0.001
1/15/2024,0.001
1/15/2024,0.001
1/15/2024,0.001
1/15/2024,0.001
1/15/2024,0.001
1/15/2024,0.001
1/15/2024,0.001
1/15/2024,0.001
1/15/2024,0.001
1/15/2024,0.001
1/15/2024,0.001
1/15/2024,0.001
1/15/2024,0.001
1/15/2024,0.001
1/15/2024,0.001
1/15/2024,0.001
1/15/2024,0.001
1/15/2024,0.001
1/15/2024,0.001
1/15/2024,0.001
1/15/2024,0.001
1/15/2024,0.001
1/15/2024,0.001
1/15/2024,0.001
1/15/2024,0.001
1/15/2024,0.001
1/15/2024,0.001
1/15/2024,0.001
1/15/2024,0.001
1/15/2024,0.001
1/15/2024,0.001
1/15/2024,0.001
1/15/2024,0.001
1/15/2024,0.001
1/15/2024,0.001
1/15/2024,0.001
1/15/2024,0.001
1/15/2024,0.001
1/15/2024,0.001
1/15/2024,0.001
1/15/2024,0.001
1/15/2024,0.001
1/15/2024,0.001
1/15/2024,0.001
1/15/2024,0.001
1/15/2024,0.001
1/15/2024,0.001
1/15/2024,0.001
1/15/2024,0.001
1/15/2024,0.001
1/15/2024,0.001
1/15/2024,0.001
1/15/2024,0.001
1/15/2024,0.001
1/15/2024,0.001
1/15/2024,0.001
1/15/2024,0.001
1/15/2024,0.001
1/15/2024,0.001
1/15/2024,0.001
1/15/2024,0.001
1/15/2024,0.001
1/15/2024,0.001
1/15/2024,0.001
1/15/2024,0.001
1/15/2024,0.001
1/15/2024,0.001
1/15/2024,0.001
1/15/2024,0.001
1/15/2024,0.001
1/15/2024,0.001
1/15/2024,0.001
1/15/2024,0.001
1/15/2024,0.001
1/15/2024,0.001
1/15/2024,0.001
1/16/2024,0.001
1/16/2024,0.001
1/16/2024,0.001
1/16/2024,0.001
1/16/2024,0.001
1/16/2024,0.001
1/16/2024,0.001
1/16/2024,0.001
1/16/2024,0.001
1/16/2024,0.001
1/16/2024,0.001
1/16/2024,0.001
1/16/2024,0.001
1/16/2024,0.001
1/16/2024,0.001
1/16/2024,0.001
1/16/2024,0.001
1/16/2024,0.001
1/16/2024,0.001
1/16/2024,0.001
1/16/2024,0.001
1/16/2024,0.001
1/16/2024,0.001
1/16/2024,0.001
1/16/2024,0.001
1/16/2024,0.001
1/16/2024,0.001
1/16/2024,0.001
1/16/2024,0.001
1/16/2024,0.001
1/16/2024,0.001
1/16/2024,0.001
1/16/2024,0.001
1/16/2024,0.001
1/16/2024,0.001
1/16/2024,0.001
1/16/2024,0.001
1/16/2024,0.001
1/16/2024,0.001
1/16/2024,0.001
1/16/2024,0.001
1/16/2024,0.001
1/16/2024,0.001
1/16/2024,0.001
1/16/2024,0.001
1/16/2024,0.001
1/16/2024,0.001
1/16/2024,0.001
1/16/2024,0.001
1/16/2024,0.001
1/16/2024,0.001
1/16/2024,0.001
1/16/2024,0.001
1/16/2024,0.001
1/16/2024,0.001
1/16/2024,0.001
1/16/2024,0.001
1/16/2024,0.001
1/16/2024,0.001
1/16/2024,0.001
1/16/2024,0.001
1/16/2024,0.001
1/16/2024,0.001
1/16/2024,0.001
1/16/2024,0.001
1/16/2024,0.001
1/16/2024,0.001
1/16/2024,0.001
1/16/2024,0.001
1/16/2024,0.001
1/16/2024,0.001
1/16/2024,0.001
1/16/2024,0.001
1/16/2024,0.001
1/16/2024,0.001
1/16/2024,0.001
1/16/2024,0.001
1/16/2024,0.001
1/16/2024,0.001
1/16/2024,0.001
1/16/2024,0.001
1/16/2024,0.001
1/16/2024,0.001
1/16/2024,0.001
1/16/2024,0.001
1/16/2024,0.001
1/16/2024,0.001
1/16/2024,0.001
1/16/2024,0.001
1/16/2024,0.001
1/16/2024,0.001
1/16/2024,0.001
1/16/2024,0.001
1/16/2024,0.001
1/16/2024,0.001
1/16/2024,0.001
1/17/2024,0.001
1/17/2024,0.001
1/17/2024,0.001
1/17/2024,0.001
1/17/2024,0.001
1/17/2024,0.001
1/17/2024,0.001
1/17/2024,0.001
1/17/2024,0.001
1/17/2024,0.001
1/17/2024,0.001
1/17/2024,0.001
1/17/2024,0.001
1/17/2024,0.001
1/17/2024,0.001
1/17/2024,0.001
1/17/2024,0.001
1/17/2024,0.001
1/17/2024,0.001
1/17/2024,0.001
1/17/2024,0.001
1/17/2024,0.001
1/17/2024,0.001
1/17/2024,0.001
1/17/2024,0.001
1/17/2024,0.001
1/17/2024,0.001
1/17/2024,0.001
1/17/2024,0.001
1/17/2024,0.001
1/17/2024,0.001
1/17/2024,0.001
1/17/2024,0.001
1/17/2024,0.001
1/17/2024,0.001
1/17/2024,0.001
1/17/2024,0.001
1/17/2024,0.001
1/17/2024,0.001
1/17/2024,0.001
1/17/2024,0.001
1/17/2024,0.001
1/17/2024,0.001
1/17/2024,0.001
1/17/2024,0.001
1/17/2024,0.001
1/17/2024,0.001
1/17/2024,0.001
1/17/2024,0.001
1/17/2024,0.001
1/17/2024,0.001
1/17/2024,0.001
1/17/2024,0.001
1/17/2024,0.001
1/17/2024,0.001
1/17/2024,0.001
1/17/2024,0.001
1/17/2024,0.001
1/17/2024,0.001
1/17/2024,0.001
1/17/2024,0.001
1/17/2024,0.001
1/17/2024,0.001
1/17/2024,0.001
1/17/2024,0.001
1/17/2024,0.001
1/17/2024,0.001
1/17/2024,0.001
1/17/2024,0.001
1/17/2024,0.001
1/17/2024,0.001
1/17/2024,0.001
1/17/2024,0.001
1/17/2024,0.001
1/17/2024,0.001
1/17/2024,0.001
1/17/2024,0.001
1/17/2024,0.001
1/17/2024,0.001
1/17/2024,0.001
1/17/2024,0.001
1/17/2024,0.001
1/17/2024,0.001
1/17/2024,0.001
1/17/2024,0.001
1/17/2024,0.001
1/17/2024,0.001
1/17/2024,0.001
1/17/2024,0.001
1/17/2024,0.001
1/17/2024,0.001
1/17/2024,0.001
1/17/2024,0.001
1/17/2024,0.001
1/17/2024,0.001
1/17/2024,0.001
1/18/2024,0.001
1/18/2024,0.001
1/18/2024,0.001
1/18/2024,0.001
1/18/2024,0.001
1/18/2024,0.001
1/18/2024,0.001
1/18/2024,0.001
1/18/2024,0.001
1/18/2024,0.001
1/18/2024,0.001
1/18/2024,0.001
1/18/2024,0.001
1/18/2024,0.001
1/18/2024,0.001
1/18/2024,0.001
1/18/2024,0.001
1/18/2024,0.001
1/18/2024,0.001
1/18/2024,0.001
1/18/2024,0.001
1/18/2024,0.001
1/18/2024,0.001
1/18/2024,0.001
1/18/2024,0.001
1/18/2024,0.001
1/18/2024,0.001
1/18/2024,0.001
1/18/2024,0.001
1/18/2024,0.001
1/18/2024,0.001
1/18/2024,0.001
1/18/2024,0.001
1/18/2024,0.001
1/18/2024,0.001
1/18/2024,0.001
1/18/2024,0.001
1/18/2024,0.001
1/18/2024,0.001
1/18/2024,0.001
1/18/2024,0.001
1/18/2024,0.001
1/18/2024,0.001
1/18/2024,0.001
1/18/2024,0.001
1/18/2024,0.001
1/18/2024,0.001
1/18/2024,0.001
1/18/2024,0.001
1/18/2024,0.001
1/18/2024,0.001
1/18/2024,0.001
1/18/2024,0.001
1/18/2024,0.001
1/18/2024,0.001
1/18/2024,0.001
1/18/2024,0.001
1/18/2024,0.001
1/18/2024,0.001
1/18/2024,0.001
1/18/2024,0.001
1/18/2024,0.001
1/18/2024,0.001
1/18/2024,0.001
1/18/2024,0.001
1/18/2024,0.001
1/18/2024,0.001
1/18/2024,0.001
1/18/2024,0.001
1/18/2024,0.001
1/18/2024,0.001
1/18/2024,0.001
1/18/2024,0.001
1/18/2024,0.001
1/18/2024,0.001
1/18/2024,0.001
1/18/2024,0.001
1/18/2024,0.001
1/18/2024,0.001
1/18/2024,0.001
1/18/2024,0.001
1/18/2024,0.001
1/18/2024,0.001
1/18/2024,0.001
1/18/2024,0.001
1/18/2024,0.001
1/18/2024,0.001
1/18/2024,0.001
1/18/2024,0.001
1/18/2024,0.001
1/18/2024,0.001
1/18/2024,0.001
1/18/2024,0.001
1/18/2024,0.001
1/18/2024,0.001
1/18/2024,0.001
1/19/2024,0.001
1/19/2024,0.001
1/19/2024,0.001
1/19/2024,0.001
1/19/2024,0.001
1/19/2024,0.001
1/19/2024,0.001
1/19/2024,0.001
1/19/2024,0.001
1/19/2024,0.001
1/19/2024,0.001
1/19/2024,0.001
1/19/2024,0.001
1/19/2024,0.001
1/19/2024,0.001
1/19/2024,0.001
1/19/2024,0.001
1/19/2024,0.001
1/19/2024,0.001
1/19/2024,0.001
1/19/2024,0.001
1/19/2024,0.001
1/19/2024,0.001
1/19/2024,0.001
1/19/2024,0.001
1/19/2024,0.001
1/19/2024,0.001
1/19/2024,0.001
1/19/2024,0.001
1/19/2024,0.001
1/19/2024,0.001
1/19/2024,0.001
1/19/2024,0.001
1/19/2024,0.001
1/19/2024,0.001
1/19/2024,0.001
1/19/2024,0.001
1/19/2024,0.001
1/19/2024,0.001
1/19/2024,0.001
1/19/2024,0.001
1/19/2024,0.001
1/19/2024,0.001
1/19/2024,0.001
1/19/2024,0.001
1/19/2024,0.001
1/19/2024,0.001
1/19/2024,0.001
1/19/2024,0.001
1/19/2024,0.001
1/19/2024,0.001
1/19/2024,0.001
1/19/2024,0.001
1/19/2024,0.001
1/19/2024,0.001
1/19/2024,0.001
1/19/2024,0.001
1/19/2024,0.001
1/19/2024,0.001
1/19/2024,0.001
1/19/2024,0.001
1/19/2024,0.001
1/19/2024,0.001
1/19/2024,0.001
1/19/2024,0.001
1/19/2024,0.001
1/19/2024,0.001
1/19/2024,0.001
1/19/2024,0.001
1/19/2024,0.001
1/19/2024,0.001
1/19/2024,0.001
1/19/2024,0.001
1/19/2024,0.001
1/19/2024,0.001
1/19/2024,0.001
1/19/2024,0.001
1/19/2024,0.001
1/19/2024,0.001
1/19/2024,0.001
1/19/2024,0.001
1/19/2024,0.001
1/19/2024,0.001
1/19/2024,0.001
1/19/2024,0.001
1/19/2024,0.001
1/19/2024,0.001
1/19/2024,0.001
1/19/2024,0.001
1/19/2024,0.001
1/19/2024,0.001
1/19/2024,0.001
1/19/2024,0.001
1/19/2024,0.001
1/19/2024,0.001
1/19/2024,0.001
1/20/2024,0.001
1/20/2024,0.001
1/20/2024,0.001
1/20/2024,0.001
1/20/2024,0.001
1/20/2024,0.001
1/20/2024,0.001
1/20/2024,0.001
1/20/2024,0.001
1/20/2024,0.001
1/20/2024,0.001
1/20/2024,0.001
1/20/2024,0.001
1/20/2024,0.001
1/20/2024,0.001
1/20/2024,0.001
1/20/2024,0.001
1/20/2024,0.001
1/20/2024,0.001
1/20/2024,0.001
1/20/2024,0.001
1/20/2024,0.001
1/20/2024,0.001
1/20/2024,0.001
1/20/2024,0.001
1/20/2024,0.001
1/20/2024,0.001
1/20/2024,0.001
1/20/2024,0.001
1/20/2024,0.001
1/20/2024,0.001
1/20/2024,0.001
1/20/2024,0.001
1/20/2024,0.001
1/20/2024,0.001
1/20/2024,0.001
1/20/2024,0.001
1/20/2024,0.001
1/20/2024,0.001
1/20/2024,0.001
1/20/2024,0.001
1/20/2024,0.001
1/20/2024,0.001
1/20/2024,0.001
1/20/2024,0.001
1/20/2024,0.001
1/20/2024,0
1/20/2024,0.001
1/20/2024,0.001
1/20/2024,0.001
1/20/2024,0
1/20/2024,0
1/20/2024,0
1/20/2024,0
1/20/2024,0
1/20/2024,0
1/20/2024,0
1/20/2024,0
1/20/2024,0
1/20/2024,0
1/20/2024,0
1/20/2024,0
1/20/2024,0
1/20/2024,0
1/20/2024,0
1/20/2024,0
1/20/2024,0
1/20/2024,0.001
1/20/2024,0.001
1/20/2024,0
1/20/2024,0
1/20/2024,0
1/20/2024,0
1/20/2024,0
1/20/2024,0
1/20/2024,0
1/20/2024,0.001
1/20/2024,0
1/20/2024,0
1/20/2024,0
1/20/2024,0.001
1/20/2024,0.001
1/20/2024,0.001
1/20/2024,0.001
1/20/2024,0
1/20/2024,0.001
1/20/2024,0.001
1/20/2024,0.001
1/20/2024,0.001
1/20/2024,0.001
1/20/2024,0.001
1/20/2024,0.001
1/20/2024,0.001
1/20/2024,0.001
1/20/2024,0.001
1/20/2024,0.001
1/21/2024,0.001
1/21/2024,0.001
1/21/2024,0.001
1/21/2024,0.001
1/21/2024,0.002
1/21/2024,0.002
1/21/2024,0.002
1/21/2024,0.002
1/21/2024,0.002
1/21/2024,0.002
1/21/2024,0.002
1/21/2024,0.003
1/21/2024,0.003
1/21/2024,0.003
1/21/2024,0.003
1/21/2024,0.004
1/21/2024,0.004
1/21/2024,0.005
1/21/2024,0.005
1/21/2024,0.006
1/21/2024,0.007
1/21/2024,0.007
1/21/2024,0.007
1/21/2024,0.006
1/21/2024,0.006
1/21/2024,0.006
1/21/2024,0.006
1/21/2024,0.006
1/21/2024,0.006
1/21/2024,0.006
1/21/2024,0.006
1/21/2024,0.006
1/21/2024,0.006
1/21/2024,0.006
1/21/2024,0.006
1/21/2024,0.006
1/21/2024,0.007
1/21/2024,0.007
1/21/2024,0.007
1/21/2024,0.008
1/21/2024,0.009
1/21/2024,0.009
1/21/2024,0.009
1/21/2024,0.009
1/21/2024,0.009
1/21/2024,0.009
1/21/2024,0.009
1/21/2024,0.009
1/21/2024,0.009
1/21/2024,0.009
1/21/2024,0.01
1/21/2024,0.009
1/21/2024,0.011
1/21/2024,0.013
1/21/2024,0.013
1/21/2024,0.013
1/21/2024,0.014
1/21/2024,0.014
1/21/2024,0.014
1/21/2024,0.014
1/21/2024,0.015
1/21/2024,0.016
1/21/2024,0.017
1/21/2024,0.017
1/21/2024,0.017
1/21/2024,0.017
1/21/2024,0.018
1/21/2024,0.018
1/21/2024,0.018
1/21/2024,0.018
1/21/2024,0.018
1/21/2024,0.019
1/21/2024,0.019
1/21/2024,0.02
1/21/2024,0.02
1/21/2024,0.02
1/21/2024,0.02
1/21/2024,0.021
1/21/2024,0.021
1/21/2024,0.021
1/21/2024,0.021
1/21/2024,0.021
1/21/2024,0.021
1/21/2024,0.021
1/21/2024,0.023
1/21/2024,0.022
1/21/2024,0.022
1/21/2024,0.022
1/21/2024,0.022
1/21/2024,0.022
1/21/2024,0.022
1/21/2024,0.022
1/21/2024,0.022
1/21/2024,0.022
1/21/2024,0.022
1/21/2024,0.022
1/22/2024,0.021
1/22/2024,0.021
1/22/2024,0.021
1/22/2024,0.022
1/22/2024,0.022
1/22/2024,0.021
1/22/2024,0.021
1/22/2024,0.021
1/22/2024,0.021
1/22/2024,0.021
1/22/2024,0.021
1/22/2024,0.021
1/22/2024,0.021
1/22/2024,0.022
1/22/2024,0.023
1/22/2024,0.023
1/22/2024,0.025
1/22/2024,0.024
1/22/2024,0.024
1/22/2024,0.025
1/22/2024,0.025
1/22/2024,0.025
1/22/2024,0.025
1/22/2024,0.025
1/22/2024,0.025
1/22/2024,0.026
1/22/2024,0.026
1/22/2024,0.026
1/22/2024,0.026
1/22/2024,0.026
1/22/2024,0.026
1/22/2024,0.026
1/22/2024,0.027
1/22/2024,0.027
1/22/2024,0.027
1/22/2024,0.028
1/22/2024,0.027
1/22/2024,0.028
1/22/2024,0.028
1/22/2024,0.029
1/22/2024,0.029
1/22/2024,0.028
1/22/2024,0.029
1/22/2024,0.029
1/22/2024,0.029
1/22/2024,0.03
1/22/2024,0.031
1/22/2024,0.031
1/22/2024,0.032
1/22/2024,0.033
1/22/2024,0.033
1/22/2024,0.033
1/22/2024,0.034
1/22/2024,0.034
1/22/2024,0.033
1/22/2024,0.034
1/22/2024,0.034
1/22/2024,0.034
1/22/2024,0.034
1/22/2024,0.035
1/22/2024,0.033
1/22/2024,0.033
1/22/2024,0.033
1/22/2024,0.033
1/22/2024,0.034
1/22/2024,0.033
1/22/2024,0.033
1/22/2024,0.032
1/22/2024,0.032
1/22/2024,0.033
1/22/2024,0.031
1/22/2024,0.031
1/22/2024,0.03
1/22/2024,0.03
1/22/2024,0.03
1/22/2024,0.029
1/22/2024,0.029
1/22/2024,0.03
1/22/2024,0.03
1/22/2024,0.03
1/22/2024,0.03
1/22/2024,0.03
1/22/2024,0.03
1/22/2024,0.03
1/22/2024,0.029
1/22/2024,0.029
1/22/2024,0.029
1/22/2024,0.029
1/22/2024,0.028
1/22/2024,0.029
1/22/2024,0.028
1/22/2024,0.029
1/22/2024,0.028
1/22/2024,0.028
1/22/2024,0.028
1/22/2024,0.028
1/23/2024,0.028
1/23/2024,0.027
1/23/2024,0.027
1/23/2024,0.028
1/23/2024,0.027
1/23/2024,0.027
1/23/2024,0.027
1/23/2024,0.027
1/23/2024,0.027
1/23/2024,0.027
1/23/2024,0.026
1/23/2024,0.026
1/23/2024,0.027
1/23/2024,0.026
1/23/2024,0.026
1/23/2024,0.027
1/23/2024,0.026
1/23/2024,0.027
1/23/2024,0.026
1/23/2024,0.025
1/23/2024,0.027
1/23/2024,0.026
1/23/2024,0.026
1/23/2024,0.027
1/23/2024,0.026
1/23/2024,0.026
1/23/2024,0.026
1/23/2024,0.027
1/23/2024,0.027
1/23/2024,0.027
1/23/2024,0.027
1/23/2024,0.026
1/23/2024,0.027
1/23/2024,0.027
1/23/2024,0.028
1/23/2024,0.03
1/23/2024,0.032
1/23/2024,0.028
1/23/2024,0.029
1/23/2024,0.029
1/23/2024,0.029
1/23/2024,0.03
1/23/2024,0.029
1/23/2024,0.029
1/23/2024,0.029
1/23/2024,0.03
1/23/2024,0.03
1/23/2024,0.03
1/23/2024,0.03
1/23/2024,0.031
1/23/2024,0.03
1/23/2024,0.031
1/23/2024,0.031
1/23/2024,0.032
1/23/2024,0.031
1/23/2024,0.031
1/23/2024,0.032
1/23/2024,0.032
1/23/2024,0.032
1/23/2024,0.031
1/23/2024,0.032
1/23/2024,0.032
1/23/2024,0.031
1/23/2024,0.031
1/23/2024,0.031
1/23/2024,0.031
1/23/2024,0.031
1/23/2024,0.031
1/23/2024,0.03
1/23/2024,0.029
1/23/2024,0.03
1/23/2024,0.029
1/23/2024,0.029
1/23/2024,0.028
1/23/2024,0.028
1/23/2024,0.028
1/23/2024,0.028
1/23/2024,0.027
1/23/2024,0.027
1/23/2024,0.027
1/23/2024,0.027
1/23/2024,0.026
1/23/2024,0.025
1/23/2024,0.025
1/23/2024,0.026
1/23/2024,0.024
1/23/2024,0.025
1/23/2024,0.024
1/23/2024,0.024
1/23/2024,0.023
1/23/2024,0.023
1/23/2024,0.023
1/23/2024,0.022
1/23/2024,0.021
1/23/2024,0.021
1/23/2024,0.021
1/24/2024,0.02
1/24/2024,0.02
1/24/2024,0.019
1/24/2024,0.019
1/24/2024,0.019
1/24/2024,0.019
1/24/2024,0.018
1/24/2024,0.018
1/24/2024,0.018
1/24/2024,0.018
1/24/2024,0.018
1/24/2024,0.018
1/24/2024,0.018
1/24/2024,0.017
1/24/2024,0.018
1/24/2024,0.017
1/24/2024,0.017
1/24/2024,0.017
1/24/2024,0.017
1/24/2024,0.017
1/24/2024,0.017
1/24/2024,0.017
1/24/2024,0.017
1/24/2024,0.017
1/24/2024,0.016
1/24/2024,0.016
1/24/2024,0.016
1/24/2024,0.016
1/24/2024,0.016
1/24/2024,0.016
1/24/2024,0.016
1/24/2024,0.016
1/24/2024,0.016
1/24/2024,0.016
1/24/2024,0.016
1/24/2024,0.016
1/24/2024,0.016
1/24/2024,0.015
1/24/2024,0.016
1/24/2024,0.016
1/24/2024,0.016
1/24/2024,0.016
1/24/2024,0.015
1/24/2024,0.016
1/24/2024,0.016
1/24/2024,0.016
1/24/2024,0.017
1/24/2024,0.017
1/24/2024,0.017
1/24/2024,0.017
1/24/2024,0.018
1/24/2024,0.018
1/24/2024,0.018
1/24/2024,0.018
1/24/2024,0.018
1/24/2024,0.019
1/24/2024,0.02
1/24/2024,0.02
1/24/2024,0.02
1/24/2024,0.021
1/24/2024,0.021
1/24/2024,0.022
1/24/2024,0.021
1/24/2024,0.022
1/24/2024,0.021
1/24/2024,0.021
1/24/2024,0.021
1/24/2024,0.022
1/24/2024,0.022
1/24/2024,0.022
1/24/2024,0.023
1/24/2024,0.023
1/24/2024,0.022
1/24/2024,0.023
1/24/2024,0.023
1/24/2024,0.022
1/24/2024,0.023
1/24/2024,0.023
1/24/2024,0.023
1/24/2024,0.023
1/24/2024,0.023
1/24/2024,0.024
1/24/2024,0.023
1/24/2024,0.023
1/24/2024,0.023
1/24/2024,0.024
1/24/2024,0.023
1/24/2024,0.023
1/24/2024,0.023
1/24/2024,0.023
1/24/2024,0.023
1/24/2024,0.022
1/24/2024,0.023
1/24/2024,0.023
1/24/2024,0.022
1/25/2024,0.022
1/25/2024,0.022
1/25/2024,0.023
1/25/2024,0.023
1/25/2024,0.022
1/25/2024,0.022
1/25/2024,0.022
1/25/2024,0.021
1/25/2024,0.022
1/25/2024,0.022
1/25/2024,0.022
1/25/2024,0.021
1/25/2024,0.021
1/25/2024,0.021
1/25/2024,0.021
1/25/2024,0.021
1/25/2024,0.021
1/25/2024,0.021
1/25/2024,0.02
1/25/2024,0.021
1/25/2024,0.02
1/25/2024,0.021
1/25/2024,0.021
1/25/2024,0.02
1/25/2024,0.02
1/25/2024,0.019
1/25/2024,0.019
1/25/2024,0.019
1/25/2024,0.019
1/25/2024,0.019
1/25/2024,0.018
1/25/2024,0.018
1/25/2024,0.018
1/25/2024,0.018
1/25/2024,0.018
1/25/2024,0.018
1/25/2024,0.017
1/25/2024,0.017
1/25/2024,0.017
1/25/2024,0.017
1/25/2024,0.017
1/25/2024,0.016
1/25/2024,0.017
1/25/2024,0.017
1/25/2024,0.016
1/25/2024,0.016
1/25/2024,0.017
1/25/2024,0.016
1/25/2024,0.017
1/25/2024,0.016
1/25/2024,0.016
1/25/2024,0.017
1/25/2024,0.017
1/25/2024,0.017
1/25/2024,0.017
1/25/2024,0.016
1/25/2024,0.016
1/25/2024,0.017
1/25/2024,0.016
1/25/2024,0.017
1/25/2024,0.016
1/25/2024,0.016
1/25/2024,0.017
1/25/2024,0.016
1/25/2024,0.016
1/25/2024,0.016
1/25/2024,0.016
1/25/2024,0.015
1/25/2024,0.015
1/25/2024,0.015
1/25/2024,0.015
1/25/2024,0.015
1/25/2024,0.014
1/25/2024,0.015
1/25/2024,0.015
1/25/2024,0.014
1/25/2024,0.015
1/25/2024,0.014
1/25/2024,0.014
1/25/2024,0.015
1/25/2024,0.014
1/25/2024,0.014
1/25/2024,0.014
1/25/2024,0.014
1/25/2024,0.014
1/25/2024,0.014
1/25/2024,0.013
1/25/2024,0.013
1/25/2024,0.013
1/25/2024,0.013
1/25/2024,0.013
1/25/2024,0.013
1/25/2024,0.013
1/25/2024,0.013
1/25/2024,0.013
1/25/2024,0.012
1/26/2024,0.013
1/26/2024,0.012
1/26/2024,0.013
1/26/2024,0.013
1/26/2024,0.012
1/26/2024,0.013
1/26/2024,0.012
1/26/2024,0.012
1/26/2024,0.012
1/26/2024,0.012
1/26/2024,0.012
1/26/2024,0.012
1/26/2024,0.012
1/26/2024,0.012
1/26/2024,0.012
1/26/2024,0.012
1/26/2024,0.012
1/26/2024,0.012
1/26/2024,0.012
1/26/2024,0.012
1/26/2024,0.012
1/26/2024,0.012
1/26/2024,0.012
1/26/2024,0.011
1/26/2024,0.012
1/26/2024,0.012
1/26/2024,0.012
1/26/2024,0.012
1/26/2024,0.012
1/26/2024,0.012
1/26/2024,0.011
1/26/2024,0.012
1/26/2024,0.011
1/26/2024,0.011
1/26/2024,0.011
1/26/2024,0.011
1/26/2024,0.011
1/26/2024,0.011
1/26/2024,0.011
1/26/2024,0.012
1/26/2024,0.011
1/26/2024,0.011
1/26/2024,0.011
1/26/2024,0.011
1/26/2024,0.011
1/26/2024,0.011
1/26/2024,0.011
1/26/2024,0.011
1/26/2024,0.011
1/26/2024,0.011
1/26/2024,0.011
1/26/2024,0.011
1/26/2024,0.011
1/26/2024,0.011
1/26/2024,0.011
1/26/2024,0.011
1/26/2024,0.011
1/26/2024,0.01
1/26/2024,0.01
1/26/2024,0.011
1/26/2024,0.01
1/26/2024,0.01
1/26/2024,0.01
1/26/2024,0.01
1/26/2024,0.01
1/26/2024,0.01
1/26/2024,0.01
1/26/2024,0.01
1/26/2024,0.01
1/26/2024,0.01
1/26/2024,0.009
1/26/2024,0.01
1/26/2024,0.01
1/26/2024,0.009
1/26/2024,0.009
1/26/2024,0.009
1/26/2024,0.009
1/26/2024,0.009
1/26/2024,0.009
1/26/2024,0.01
1/26/2024,0.009
1/26/2024,0.01
1/26/2024,0.01
1/26/2024,0.009
1/26/2024,0.009
1/26/2024,0.009
1/26/2024,0.009
1/26/2024,0.009
1/26/2024,0.009
1/26/2024,0.009
1/26/2024,0.009
1/26/2024,0.009
1/26/2024,0.009
1/26/2024,0.009
1/26/2024,0.009
1/26/2024,0.009
1/27/2024,0.009
1/27/2024,0.009
1/27/2024,0.009
1/27/2024,0.009
1/27/2024,0.009
1/27/2024,0.009
1/27/2024,0.009
1/27/2024,0.009
1/27/2024,0.01
1/27/2024,0.009
1/27/2024,0.009
1/27/2024,0.009
1/27/2024,0.009
1/27/2024,0.009
1/27/2024,0.009
1/27/2024,0.01
1/27/2024,0.009
1/27/2024,0.01
1/27/2024,0.009
1/27/2024,0.01
1/27/2024,0.01
1/27/2024,0.01
1/27/2024,0.011
1/27/2024,0.011
1/27/2024,0.011
1/27/2024,0.011
1/27/2024,0.012
1/27/2024,0.012
1/27/2024,0.013
1/27/2024,0.013
1/27/2024,0.012
1/27/2024,0.012
1/27/2024,0.013
1/27/2024,0.013
1/27/2024,0.013
1/27/2024,0.013
1/27/2024,0.013
1/27/2024,0.013
1/27/2024,0.013
1/27/2024,0.013
1/27/2024,0.014
1/27/2024,0.015
1/27/2024,0.016
1/27/2024,0.017
1/27/2024,0.018
1/27/2024,0.019
1/27/2024,0.02
1/27/2024,0.021
1/27/2024,0.022
1/27/2024,0.022
1/27/2024,0.023
1/27/2024,0.023
1/27/2024,0.023
1/27/2024,0.023
1/27/2024,0.023
1/27/2024,0.023
1/27/2024,0.023
1/27/2024,0.021
1/27/2024,0.022
1/27/2024,0.022
1/27/2024,0.022
1/27/2024,0.022
1/27/2024,0.021
1/27/2024,0.021
1/27/2024,0.021
1/27/2024,0.021
1/27/2024,0.021
1/27/2024,0.022
1/27/2024,0.021
1/27/2024,0.021
1/27/2024,0.021
1/27/2024,0.02
1/27/2024,0.021
1/27/2024,0.02
1/27/2024,0.021
1/27/2024,0.02
1/27/2024,0.02
1/27/2024,0.02
1/27/2024,0.02
1/27/2024,0.02
1/27/2024,0.019
1/27/2024,0.02
1/27/2024,0.02
1/27/2024,0.02
1/27/2024,0.02
1/27/2024,0.02
1/27/2024,0.02
1/27/2024,0.019
1/27/2024,0.019
1/27/2024,0.019
1/27/2024,0.019
1/27/2024,0.019
1/27/2024,0.019
1/27/2024,0.019
1/27/2024,0.019
1/27/2024,0.019
1/28/2024,0.018
1/28/2024,0.018
1/28/2024,0.019
1/28/2024,0.018
1/28/2024,0.019
1/28/2024,0.018
1/28/2024,0.018
1/28/2024,0.018
1/28/2024,0.017
1/28/2024,0.017
1/28/2024,0.018
1/28/2024,0.018
1/28/2024,0.017
1/28/2024,0.017
1/28/2024,0.017
1/28/2024,0.017
1/28/2024,0.017
1/28/2024,0.017
1/28/2024,0.016
1/28/2024,0.017
1/28/2024,0.016
1/28/2024,0.016
1/28/2024,0.016
1/28/2024,0.016
1/28/2024,0.016
1/28/2024,0.016
1/28/2024,0.016
1/28/2024,0.016
1/28/2024,0.015
1/28/2024,0.016
1/28/2024,0.016
1/28/2024,0.016
1/28/2024,0.016
1/28/2024,0.016
1/28/2024,0.015
1/28/2024,0.015
1/28/2024,0.015
1/28/2024,0.015
1/28/2024,0.015
1/28/2024,0.016
1/28/2024,0.016
1/28/2024,0.016
1/28/2024,0.015
1/28/2024,0.016
1/28/2024,0.016
1/28/2024,0.017
1/28/2024,0.017
1/28/2024,0.017
1/28/2024,0.017
1/28/2024,0.017
1/28/2024,0.018
1/28/2024,0.017
1/28/2024,0.017
1/28/2024,0.017
1/28/2024,0.017
1/28/2024,0.017
1/28/2024,0.016
1/28/2024,0.016
1/28/2024,0.016
1/28/2024,0.017
1/28/2024,0.016
1/28/2024,0.016
1/28/2024,0.015
1/28/2024,0.016
1/28/2024,0.015
1/28/2024,0.015
1/28/2024,0.015
1/28/2024,0.015
1/28/2024,0.015
1/28/2024,0.014
1/28/2024,0.014
1/28/2024,0.014
1/28/2024,0.014
1/28/2024,0.014
1/28/2024,0.014
1/28/2024,0.014
1/28/2024,0.014
1/28/2024,0.014
1/28/2024,0.013
1/28/2024,0.013
1/28/2024,0.013
1/28/2024,0.014
1/28/2024,0.013
1/28/2024,0.013
1/28/2024,0.013
1/28/2024,0.013
1/28/2024,0.012
1/28/2024,0.013
1/28/2024,0.013
1/28/2024,0.013
1/28/2024,0.013
1/28/2024,0.013
1/28/2024,0.013
1/28/2024,0.013
1/28/2024,0.013
1/28/2024,0.013
1/29/2024,0.013
1/29/2024,0.013
1/29/2024,0.013
1/29/2024,0.013
1/29/2024,0.012
1/29/2024,0.013
1/29/2024,0.013
1/29/2024,0.013
1/29/2024,0.013
1/29/2024,0.013
1/29/2024,0.012
1/29/2024,0.013
1/29/2024,0.012
1/29/2024,0.012
1/29/2024,0.013
1/29/2024,0.012
1/29/2024,0.012
1/29/2024,0.012
1/29/2024,0.012
1/29/2024,0.012
1/29/2024,0.012
1/29/2024,0.013
1/29/2024,0.012
1/29/2024,0.013
1/29/2024,0.012
1/29/2024,0.012
1/29/2024,0.012
1/29/2024,0.012
1/29/2024,0.012
1/29/2024,0.012
1/29/2024,0.012
1/29/2024,0.012
1/29/2024,0.012
1/29/2024,0.012
1/29/2024,0.012
1/29/2024,0.012
1/29/2024,0.012
1/29/2024,0.012
1/29/2024,0.012
1/29/2024,0.012
1/29/2024,0.011
1/29/2024,0.012
1/29/2024,0.012
1/29/2024,0.012
1/29/2024,0.012
1/29/2024,0.012
1/29/2024,0.012
1/29/2024,0.012
1/29/2024,0.012
1/29/2024,0.011
1/29/2024,0.012
1/29/2024,0.012
1/29/2024,0.011
1/29/2024,0.011
1/29/2024,0.011
1/29/2024,0.011
1/29/2024,0.011
1/29/2024,0.011
1/29/2024,0.01
1/29/2024,0.01
1/29/2024,0.01
1/29/2024,0.01
1/29/2024,0.01
1/29/2024,0.01
1/29/2024,0.01
1/29/2024,0.01
1/29/2024,0.009
1/29/2024,0.01
1/29/2024,0.009
1/29/2024,0.009
1/29/2024,0.01
1/29/2024,0.009
1/29/2024,0.01
1/29/2024,0.01
1/29/2024,0.009
1/29/2024,0.009
1/29/2024,0.009
1/29/2024,0.009
1/29/2024,0.009
1/29/2024,0.009
1/29/2024,0.009
1/29/2024,0.009
1/29/2024,0.009
1/29/2024,0.009
1/29/2024,0.009
1/29/2024,0.009
1/29/2024,0.009
1/29/2024,0.009
1/29/2024,0.009
1/29/2024,0.009
1/29/2024,0.009
1/29/2024,0.009
1/29/2024,0.01
1/29/2024,0.009
1/29/2024,0.009
1/29/2024,0.009
1/30/2024,0.009
1/30/2024,0.009
1/30/2024,0.009
1/30/2024,0.009
1/30/2024,0.009
1/30/2024,0.009
1/30/2024,0.009
1/30/2024,0.009
1/30/2024,0.009
1/30/2024,0.009
1/30/2024,0.009
1/30/2024,0.009
1/30/2024,0.009
1/30/2024,0.009
1/30/2024,0.009
1/30/2024,0.009
1/30/2024,0.009
1/30/2024,0.009
1/30/2024,0.009
1/30/2024,0.009
1/30/2024,0.009
1/30/2024,0.009
1/30/2024,0.009
1/30/2024,0.009
1/30/2024,0.009
1/30/2024,0.009
1/30/2024,0.009
1/30/2024,0.009
1/30/2024,0.009
1/30/2024,0.009
1/30/2024,0.009
1/30/2024,0.009
1/30/2024,0.009
1/30/2024,0.009
1/30/2024,0.008
1/30/2024,0.009
1/30/2024,0.009
1/30/2024,0.009
1/30/2024,0.008
1/30/2024,0.009
1/30/2024,0.009
1/30/2024,0.008
1/30/2024,0.008
1/30/2024,0.009
1/30/2024,0.008
1/30/2024,0.008
1/30/2024,0.009
1/30/2024,0.009
1/30/2024,0.009
1/30/2024,0.009
1/30/2024,0.009
1/30/2024,0.009
1/30/2024,0.008
1/30/2024,0.009
1/30/2024,0.009
1/30/2024,0.009
1/30/2024,0.008
1/30/2024,0.008
1/30/2024,0.008
1/30/2024,0.008
1/30/2024,0.008
1/30/2024,0.008
1/30/2024,0.008
1/30/2024,0.008
1/30/2024,0.008
1/30/2024,0.008
1/30/2024,0.008
1/30/2024,0.008
1/30/2024,0.008
1/30/2024,0.008
1/30/2024,0.008
1/30/2024,0.008
1/30/2024,0.008
1/30/2024,0.008
1/30/2024,0.008
1/30/2024,0.008
1/30/2024,0.008
1/30/2024,0.008
1/30/2024,0.008
1/30/2024,0.008
1/30/2024,0.008
1/30/2024,0.008
1/30/2024,0.008
1/30/2024,0.008
1/30/2024,0.008
1/30/2024,0.008
1/30/2024,0.008
1/30/2024,0.008
1/30/2024,0.008
1/30/2024,0.008
1/30/2024,0.008
1/30/2024,0.008
1/30/2024,0.008
1/30/2024,0.008
1/30/2024,0.008
1/30/2024,0.008
1/31/2024,0.008
1/31/2024,0.008
1/31/2024,0.008
1/31/2024,0.008
1/31/2024,0.008
1/31/2024,0.008
1/31/2024,0.008
1/31/2024,0.008
1/31/2024,0.008
1/31/2024,0.008
1/31/2024,0.008
1/31/2024,0.008
1/31/2024,0.008
1/31/2024,0.008
1/31/2024,0.008
1/31/2024,0.008
1/31/2024,0.008
1/31/2024,0.008
1/31/2024,0.008
1/31/2024,0.008
1/31/2024,0.008
1/31/2024,0.008
1/31/2024,0.008
1/31/2024,0.008
1/31/2024,0.008
1/31/2024,0.008
1/31/2024,0.008
1/31/2024,0.008
1/31/2024,0.007
1/31/2024,0.008
1/31/2024,0.008
1/31/2024,0.007
1/31/2024,0.007
1/31/2024,0.007
1/31/2024,0.008
1/31/2024,0.008
1/31/2024,0.007
1/31/2024,0.007
1/31/2024,0.008
1/31/2024,0.007
1/31/2024,0.007
1/31/2024,0.007
1/31/2024,0.007
1/31/2024,0.007
1/31/2024,0.007
1/31/2024,0.007
1/31/2024,0.007
1/31/2024,0.007
1/31/2024,0.007
1/31/2024,0.007
1/31/2024,0.007
1/31/2024,0.007
1/31/2024,0.007
1/31/2024,0.007
1/31/2024,0.007
1/31/2024,0.007
1/31/2024,0.007
1/31/2024,0.007
1/31/2024,0.007
1/31/2024,0.007
1/31/2024,0.007
1/31/2024,0.007
1/31/2024,0.007
1/31/2024,0.007
1/31/2024,0.007
1/31/2024,0.007
1/31/2024,0.007
1/31/2024,0.007
1/31/2024,0.007
1/31/2024,0.007
1/31/2024,0.007
1/31/2024,0.007
1/31/2024,0.007
1/31/2024,0.007
1/31/2024,0.007
1/31/2024,0.007
1/31/2024,0.007
1/31/2024,0.006
1/31/2024,0.006
1/31/2024,0.006
1/31/2024,0.006
1/31/2024,0.006
1/31/2024,0.007
1/31/2024,0.007
1/31/2024,0.007
1/31/2024,0.007
1/31/2024,0.006
1/31/2024,0.006
1/31/2024,0.007
1/31/2024,0.007
1/31/2024,0.006
1/31/2024,0.006
1/31/2024,0.007
1/31/2024,0.007
1/31/2024,0.007
1/31/2024,0.006
2/1/2024,0.006
2/1/2024,0.006
2/1/2024,0.007
2/1/2024,0.007
2/1/2024,0.007
2/1/2024,0.006
2/1/2024,0.007
2/1/2024,0.006
2/1/2024,0.007
2/1/2024,0.006
2/1/2024,0.007
2/1/2024,0.007
2/1/2024,0.007
2/1/2024,0.007
2/1/2024,0.007
2/1/2024,0.007
2/1/2024,0.006
2/1/2024,0.007
2/1/2024,0.006
2/1/2024,0.007
2/1/2024,0.007
2/1/2024,0.006
2/1/2024,0.006
2/1/2024,0.007
2/1/2024,0.007
2/1/2024,0.006
2/1/2024,0.007
2/1/2024,0.006
2/1/2024,0.007
2/1/2024,0.006
2/1/2024,0.007
2/1/2024,0.006
2/1/2024,0.007
2/1/2024,0.006
2/1/2024,0.006
2/1/2024,0.006
2/1/2024,0.006
2/1/2024,0.007
2/1/2024,0.006
2/1/2024,0.007
2/1/2024,0.006
2/1/2024,0.006
2/1/2024,0.006
2/1/2024,0.006
2/1/2024,0.006
2/1/2024,0.006
2/1/2024,0.006
2/1/2024,0.006
2/1/2024,0.006
2/1/2024,0.006
2/1/2024,0.006
2/1/2024,0.006
2/1/2024,0.006
2/1/2024,0.006
2/1/2024,0.006
2/1/2024,0.006
2/1/2024,0.006
2/1/2024,0.006
2/1/2024,0.006
2/1/2024,0.006
2/1/2024,0.006
2/1/2024,0.006
2/1/2024,0.006
2/1/2024,0.006
2/1/2024,0.006
2/1/2024,0.006
2/1/2024,0.006
2/1/2024,0.006
2/1/2024,0.006
2/1/2024,0.006
2/1/2024,0.006
2/1/2024,0.006
2/1/2024,0.006
2/1/2024,0.006
2/1/2024,0.006
2/1/2024,0.006
2/1/2024,0.006
2/1/2024,0.006
2/1/2024,0.006
2/1/2024,0.006
2/1/2024,0.006
2/1/2024,0.006
2/1/2024,0.006
2/1/2024,0.006
2/1/2024,0.006
2/1/2024,0.006
2/1/2024,0.006
2/1/2024,0.006
2/1/2024,0.006
2/1/2024,0.006
2/1/2024,0.006
2/1/2024,0.006
2/1/2024,0.006
2/1/2024,0.006
2/1/2024,0.006
2/1/2024,0.007
2/2/2024,0.007
2/2/2024,0.007
2/2/2024,0.007
2/2/2024,0.007
2/2/2024,0.007
2/2/2024,0.007
2/2/2024,0.007
2/2/2024,0.008
2/2/2024,0.008
2/2/2024,0.008
2/2/2024,0.009
2/2/2024,0.009
2/2/2024,0.009
2/2/2024,0.009
2/2/2024,0.009
2/2/2024,0.009
2/2/2024,0.009
2/2/2024,0.01
2/2/2024,0.009
2/2/2024,0.009
2/2/2024,0.009
2/2/2024,0.009
2/2/2024,0.009
2/2/2024,0.009
2/2/2024,0.009
2/2/2024,0.01
2/2/2024,0.009
2/2/2024,0.009
2/2/2024,0.009
2/2/2024,0.009
2/2/2024,0.009
2/2/2024,0.009
2/2/2024,0.009
2/2/2024,0.009
2/2/2024,0.009
2/2/2024,0.009
2/2/2024,0.009
2/2/2024,0.009
2/2/2024,0.008
2/2/2024,0.008
2/2/2024,0.008
2/2/2024,0.008
2/2/2024,0.008
2/2/2024,0.008
2/2/2024,0.008
2/2/2024,0.008
2/2/2024,0.008
2/2/2024,0.008
2/2/2024,0.008
2/2/2024,0.008
2/2/2024,0.008
2/2/2024,0.008
2/2/2024,0.008
2/2/2024,0.008
2/2/2024,0.008
2/2/2024,0.008
2/2/2024,0.008
2/2/2024,0.008
2/2/2024,0.008
2/2/2024,0.008
2/2/2024,0.008
2/2/2024,0.008
2/2/2024,0.008
2/2/2024,0.008
2/2/2024,0.008
2/2/2024,0.008
2/2/2024,0.007
2/2/2024,0.007
2/2/2024,0.007
2/2/2024,0.007
2/2/2024,0.007
2/2/2024,0.007
2/2/2024,0.007
2/2/2024,0.007
2/2/2024,0.007
2/2/2024,0.007
2/2/2024,0.007
2/2/2024,0.007
2/2/2024,0.007
2/2/2024,0.007
2/2/2024,0.007
2/2/2024,0.007
2/2/2024,0.007
2/2/2024,0.007
2/2/2024,0.007
2/2/2024,0.007
2/2/2024,0.007
2/2/2024,0.007
2/2/2024,0.007
2/2/2024,0.007
2/2/2024,0.007
2/2/2024,0.007
2/2/2024,0.007
2/2/2024,0.007
2/2/2024,0.007
2/2/2024,0.007
2/3/2024,0.007
2/3/2024,0.007
2/3/2024,0.006
2/3/2024,0.006
2/3/2024,0.006
2/3/2024,0.006
2/3/2024,0.006
2/3/2024,0.006
2/3/2024,0.006
2/3/2024,0.007
2/3/2024,0.006
2/3/2024,0.006
2/3/2024,0.006
2/3/2024,0.006
2/3/2024,0.006
2/3/2024,0.006
2/3/2024,0.006
2/3/2024,0.006
2/3/2024,0.006
2/3/2024,0.006
2/3/2024,0.006
2/3/2024,0.006
2/3/2024,0.006
2/3/2024,0.006
2/3/2024,0.006
2/3/2024,0.006
2/3/2024,0.006
2/3/2024,0.006
2/3/2024,0.006
2/3/2024,0.006
2/3/2024,0.006
2/3/2024,0.006
2/3/2024,0.006
2/3/2024,0.006
2/3/2024,0.006
2/3/2024,0.006
2/3/2024,0.006
2/3/2024,0.006
2/3/2024,0.006
2/3/2024,0.006
2/3/2024,0.006
2/3/2024,0.006
2/3/2024,0.006
2/3/2024,0.006
2/3/2024,0.006
2/3/2024,0.006
2/3/2024,0.006
2/3/2024,0.006
2/3/2024,0.006
2/3/2024,0.006
2/3/2024,0.006
2/3/2024,0.006
2/3/2024,0.006
2/3/2024,0.006
2/3/2024,0.005
2/3/2024,0.006
2/3/2024,0.006
2/3/2024,0.005
2/3/2024,0.005
2/3/2024,0.006
2/3/2024,0.005
2/3/2024,0.005
2/3/2024,0.006
2/3/2024,0.005
2/3/2024,0.005
2/3/2024,0.005
2/3/2024,0.005
2/3/2024,0.005
2/3/2024,0.005
2/3/2024,0.005
2/3/2024,0.005
2/3/2024,0.005
2/3/2024,0.005
2/3/2024,0.005
2/3/2024,0.005
2/3/2024,0.005
2/3/2024,0.005
2/3/2024,0.005
2/3/2024,0.005
2/3/2024,0.005
2/3/2024,0.005
2/3/2024,0.005
2/3/2024,0.005
2/3/2024,0.006
2/3/2024,0.006
2/3/2024,0.006
2/3/2024,0.006
2/3/2024,0.006
2/3/2024,0.006
2/3/2024,0.006
2/3/2024,0.006
2/3/2024,0.006
2/3/2024,0.006
2/3/2024,0.006
2/3/2024,0.006
2/3/2024,0.006
2/4/2024,0.006
2/4/2024,0.006
2/4/2024,0.006
2/4/2024,0.006
2/4/2024,0.006
2/4/2024,0.006
2/4/2024,0.006
2/4/2024,0.006
2/4/2024,0.007
2/4/2024,0.007
2/4/2024,0.007
2/4/2024,0.008
2/4/2024,0.008
2/4/2024,0.008
2/4/2024,0.009
2/4/2024,0.009
2/4/2024,0.009
2/4/2024,0.009
2/4/2024,0.01
2/4/2024,0.01
2/4/2024,0.01
2/4/2024,0.01
2/4/2024,0.01
2/4/2024,0.01
2/4/2024,0.01
2/4/2024,0.011
2/4/2024,0.01
2/4/2024,0.01
2/4/2024,0.01
2/4/2024,0.01
2/4/2024,0.01
2/4/2024,0.01
2/4/2024,0.01
2/4/2024,0.01
2/4/2024,0.009
2/4/2024,0.01
2/4/2024,0.009
2/4/2024,0.009
2/4/2024,0.009
2/4/2024,0.009
2/4/2024,0.009
2/4/2024,0.009
2/4/2024,0.009
2/4/2024,0.009
2/4/2024,0.009
2/4/2024,0.009
2/4/2024,0.009
2/4/2024,0.009
2/4/2024,0.009
2/4/2024,0.008
2/4/2024,0.008
2/4/2024,0.008
2/4/2024,0.008
2/4/2024,0.008
2/4/2024,0.008
2/4/2024,0.008
2/4/2024,0.008
2/4/2024,0.008
2/4/2024,0.008
2/4/2024,0.008
2/4/2024,0.007
2/4/2024,0.007
2/4/2024,0.008
2/4/2024,0.007
2/4/2024,0.007
2/4/2024,0.007
2/4/2024,0.007
2/4/2024,0.007
2/4/2024,0.007
2/4/2024,0.007
2/4/2024,0.007
2/4/2024,0.007
2/4/2024,0.007
2/4/2024,0.007
2/4/2024,0.007
2/4/2024,0.007
2/4/2024,0.007
2/4/2024,0.007
2/4/2024,0.007
2/4/2024,0.007
2/4/2024,0.006
2/4/2024,0.007
2/4/2024,0.006
2/4/2024,0.006
2/4/2024,0.006
2/4/2024,0.007
2/4/2024,0.007
2/4/2024,0.007
2/4/2024,0.006
2/4/2024,0.006
2/4/2024,0.007
2/4/2024,0.006
2/4/2024,0.006
2/4/2024,0.006
2/4/2024,0.006
2/4/2024,0.006
2/5/2024,0.006
2/5/2024,0.006
2/5/2024,0.006
2/5/2024,0.006
2/5/2024,0.006
2/5/2024,0.006
2/5/2024,0.006
2/5/2024,0.006
2/5/2024,0.006
2/5/2024,0.006
2/5/2024,0.006
2/5/2024,0.006
2/5/2024,0.006
2/5/2024,0.006
2/5/2024,0.006
2/5/2024,0.006
2/5/2024,0.006
2/5/2024,0.006
2/5/2024,0.006
2/5/2024,0.006
2/5/2024,0.006
2/5/2024,0.006
2/5/2024,0.006
2/5/2024,0.006
2/5/2024,0.006
2/5/2024,0.006
2/5/2024,0.006
2/5/2024,0.006
2/5/2024,0.006
2/5/2024,0.006
2/5/2024,0.006
2/5/2024,0.006
2/5/2024,0.006
2/5/2024,0.006
2/5/2024,0.006
2/5/2024,0.006
2/5/2024,0.006
2/5/2024,0.006
2/5/2024,0.006
2/5/2024,0.006
2/5/2024,0.006
2/5/2024,0.006
2/5/2024,0.006
2/5/2024,0.006
2/5/2024,0.006
2/5/2024,0.006
2/5/2024,0.007
2/5/2024,0.006
2/5/2024,0.007
2/5/2024,0.007
2/5/2024,0.007
2/5/2024,0.007
2/5/2024,0.007
2/5/2024,0.007
2/5/2024,0.008
2/5/2024,0.007
2/5/2024,0.008
2/5/2024,0.008
2/5/2024,0.008
2/5/2024,0.008
2/5/2024,0.008
2/5/2024,0.008
2/5/2024,0.008
2/5/2024,0.008
2/5/2024,0.008
2/5/2024,0.007
2/5/2024,0.008
2/5/2024,0.008
2/5/2024,0.008
2/5/2024,0.008
2/5/2024,0.008
2/5/2024,0.008
2/5/2024,0.008
2/5/2024,0.008
2/5/2024,0.008
2/5/2024,0.008
2/5/2024,0.008
2/5/2024,0.008
2/5/2024,0.008
2/5/2024,0.008
2/5/2024,0.008
2/5/2024,0.008
2/5/2024,0.008
2/5/2024,0.008
2/5/2024,0.007
2/5/2024,0.007
2/5/2024,0.008
2/5/2024,0.007
2/5/2024,0.007
2/5/2024,0.008
2/5/2024,0.007
2/5/2024,0.007
2/5/2024,0.007
2/5/2024,0.007
2/5/2024,0.007
2/5/2024,0.007
2/6/2024,0.007
2/6/2024,0.007
2/6/2024,0.007
2/6/2024,0.007
2/6/2024,0.007
2/6/2024,0.007
2/6/2024,0.007
2/6/2024,0.007
2/6/2024,0.007
2/6/2024,0.007
2/6/2024,0.007
2/6/2024,0.007
2/6/2024,0.007
2/6/2024,0.007
2/6/2024,0.007
2/6/2024,0.007
2/6/2024,0.007
2/6/2024,0.006
2/6/2024,0.007
2/6/2024,0.007
2/6/2024,0.007
2/6/2024,0.007
2/6/2024,0.007
2/6/2024,0.007
2/6/2024,0.006
2/6/2024,0.007
2/6/2024,0.007
2/6/2024,0.006
2/6/2024,0.006
2/6/2024,0.007
2/6/2024,0.006
2/6/2024,0.006
2/6/2024,0.006
2/6/2024,0.006
2/6/2024,0.006
2/6/2024,0.006
2/6/2024,0.006
2/6/2024,0.006
2/6/2024,0.006
2/6/2024,0.006
2/6/2024,0.006
2/6/2024,0.006
2/6/2024,0.006
2/6/2024,0.006
2/6/2024,0.006
2/6/2024,0.006
2/6/2024,0.006
2/6/2024,0.006
2/6/2024,0.006
2/6/2024,0.006
2/6/2024,0.006
2/6/2024,0.006
2/6/2024,0.006
2/6/2024,0.006
2/6/2024,0.006
2/6/2024,0.006
2/6/2024,0.006
2/6/2024,0.006
2/6/2024,0.006
2/6/2024,0.006
2/6/2024,0.006
2/6/2024,0.006
2/6/2024,0.006
2/6/2024,0.006
2/6/2024,0.006
2/6/2024,0.006
2/6/2024,0.006
2/6/2024,0.006
2/6/2024,0.006
2/6/2024,0.006
2/6/2024,0.006
2/6/2024,0.006
2/6/2024,0.006
2/6/2024,0.006
2/6/2024,0.006
2/6/2024,0.006
2/6/2024,0.006
2/6/2024,0.006
2/6/2024,0.006
2/6/2024,0.006
2/6/2024,0.006
2/6/2024,0.006
2/6/2024,0.006
2/6/2024,0.006
2/6/2024,0.006
2/6/2024,0.006
2/6/2024,0.006
2/6/2024,0.005
2/6/2024,0.005
2/6/2024,0.006
2/6/2024,0.005
2/6/2024,0.006
2/6/2024,0.005
2/6/2024,0.006
2/6/2024,0.006
2/6/2024,0.005
2/7/2024,0.005
2/7/2024,0.005
2/7/2024,0.005
2/7/2024,0.005
2/7/2024,0.005
2/7/2024,0.005
2/7/2024,0.005
2/7/2024,0.005
2/7/2024,0.005
2/7/2024,0.005
2/7/2024,0.005
2/7/2024,0.005
2/7/2024,0.005
2/7/2024,0.005
2/7/2024,0.005
2/7/2024,0.005
2/7/2024,0.005
2/7/2024,0.005
2/7/2024,0.005
2/7/2024,0.005
2/7/2024,0.005
2/7/2024,0.005
2/7/2024,0.005
2/7/2024,0.005
2/7/2024,0.005
2/7/2024,0.005
2/7/2024,0.005
2/7/2024,0.005
2/7/2024,0.005
2/7/2024,0.005
2/7/2024,0.005
2/7/2024,0.005
2/7/2024,0.005
2/7/2024,0.005
2/7/2024,0.005
2/7/2024,0.005
2/7/2024,0.005
2/7/2024,0.005
2/7/2024,0.005
2/7/2024,0.005
2/7/2024,0.005
2/7/2024,0.005
2/7/2024,0.005
2/7/2024,0.005
2/7/2024,0.005
2/7/2024,0.005
2/7/2024,0.005
2/7/2024,0.005
2/7/2024,0.005
2/7/2024,0.005
2/7/2024,0.005
2/7/2024,0.005
2/7/2024,0.005
2/7/2024,0.005
2/7/2024,0.005
2/7/2024,0.005
2/7/2024,0.005
2/7/2024,0.005
2/7/2024,0.005
2/7/2024,0.005
2/7/2024,0.005
2/7/2024,0.005
2/7/2024,0.005
2/7/2024,0.005
2/7/2024,0.005
2/7/2024,0.005
2/7/2024,0.005
2/7/2024,0.005
2/7/2024,0.005
2/7/2024,0.005
2/7/2024,0.005
2/7/2024,0.005
2/7/2024,0.005
2/7/2024,0.005
2/7/2024,0.005
2/7/2024,0.005
2/7/2024,0.005
2/7/2024,0.005
2/7/2024,0.005
2/7/2024,0.005
2/7/2024,0.005
2/7/2024,0.005
2/7/2024,0.005
2/7/2024,0.005
2/7/2024,0.005
2/7/2024,0.005
2/7/2024,0.005
2/7/2024,0.005
2/7/2024,0.005
2/7/2024,0.005
2/7/2024,0.005
2/7/2024,0.005
2/7/2024,0.005
2/7/2024,0.005
2/7/2024,0.005
2/7/2024,0.005
2/8/2024,0.005
2/8/2024,0.005
2/8/2024,0.005
2/8/2024,0.005
2/8/2024,0.005
2/8/2024,0.005
2/8/2024,0.005
2/8/2024,0.005
2/8/2024,0.005
2/8/2024,0.005
2/8/2024,0.005
2/8/2024,0.005
2/8/2024,0.005
2/8/2024,0.005
2/8/2024,0.005
2/8/2024,0.005
2/8/2024,0.005
2/8/2024,0.005
2/8/2024,0.005
2/8/2024,0.005
2/8/2024,0.005
2/8/2024,0.005
2/8/2024,0.005
2/8/2024,0.005
2/8/2024,0.005
2/8/2024,0.005
2/8/2024,0.005
2/8/2024,0.005
2/8/2024,0.005
2/8/2024,0.005
2/8/2024,0.005
2/8/2024,0.005
2/8/2024,0.005
2/8/2024,0.005
2/8/2024,0.005
2/8/2024,0.005
2/8/2024,0.005
2/8/2024,0.005
2/8/2024,0.005
2/8/2024,0.005
2/8/2024,0.005
2/8/2024,0.005
2/8/2024,0.005
2/8/2024,0.005
2/8/2024,0.005
2/8/2024,0.005
2/8/2024,0.005
2/8/2024,0.005
2/8/2024,0.005
2/8/2024,0.005
2/8/2024,0.005
2/8/2024,0.005
2/8/2024,0.005
2/8/2024,0.005
2/8/2024,0.005
2/8/2024,0.005
2/8/2024,0.005
2/8/2024,0.005
2/8/2024,0.006
2/8/2024,0.006
2/8/2024,0.006
2/8/2024,0.006
2/8/2024,0.006
2/8/2024,0.005
2/8/2024,0.006
2/8/2024,0.006
2/8/2024,0.005
2/8/2024,0.005
2/8/2024,0.005
2/8/2024,0.005
2/8/2024,0.005
2/8/2024,0.005
2/8/2024,0.005
2/8/2024,0.005
2/8/2024,0.005
2/8/2024,0.005
2/8/2024,0.005
2/8/2024,0.005
2/8/2024,0.005
2/8/2024,0.005
2/8/2024,0.005
2/8/2024,0.005
2/8/2024,0.005
2/8/2024,0.005
2/8/2024,0.005
2/8/2024,0.005
2/8/2024,0.005
2/8/2024,0.005
2/8/2024,0.005
2/8/2024,0.005
2/8/2024,0.005
2/8/2024,0.005
2/8/2024,0.005
2/8/2024,0.005
2/8/2024,0.005
2/8/2024,0.005
2/9/2024,0.005
2/9/2024,0.005
2/9/2024,0.005
2/9/2024,0.005
2/9/2024,0.005
2/9/2024,0.005
2/9/2024,0.005
2/9/2024,0.005
2/9/2024,0.005
2/9/2024,0.005
2/9/2024,0.005
2/9/2024,0.005
2/9/2024,0.005
2/9/2024,0.005
2/9/2024,0.005
2/9/2024,0.005
2/9/2024,0.005
2/9/2024,0.005
2/9/2024,0.005
2/9/2024,0.005
2/9/2024,0.005
2/9/2024,0.005
2/9/2024,0.005
2/9/2024,0.005
2/9/2024,0.005
2/9/2024,0.005
2/9/2024,0.005
2/9/2024,0.005
2/9/2024,0.005
2/9/2024,0.005
2/9/2024,0.005
2/9/2024,0.005
2/9/2024,0.005
2/9/2024,0.005
2/9/2024,0.005
2/9/2024,0.005
2/9/2024,0.005
2/9/2024,0.005
2/9/2024,0.005
2/9/2024,0.005
2/9/2024,0.005
2/9/2024,0.005
2/9/2024,0.006
2/9/2024,0.005
2/9/2024,0.005
2/9/2024,0.006
2/9/2024,0.005
2/9/2024,0.006
2/9/2024,0.005
2/9/2024,0.006
2/9/2024,0.006
2/9/2024,0.006
2/9/2024,0.006
2/9/2024,0.006
2/9/2024,0.006
2/9/2024,0.006
2/9/2024,0.006
2/9/2024,0.006
2/9/2024,0.006
2/9/2024,0.006
2/9/2024,0.006
2/9/2024,0.006
2/9/2024,0.006
2/9/2024,0.006
2/9/2024,0.006
2/9/2024,0.006
2/9/2024,0.006
2/9/2024,0.006
2/9/2024,0.006
2/9/2024,0.006
2/9/2024,0.006
2/9/2024,0.006
2/9/2024,0.006
2/9/2024,0.006
2/9/2024,0.006
2/9/2024,0.006
2/9/2024,0.006
2/9/2024,0.006
2/9/2024,0.006
2/9/2024,0.006
2/9/2024,0.006
2/9/2024,0.006
2/9/2024,0.006
2/9/2024,0.006
2/9/2024,0.006
2/9/2024,0.006
2/9/2024,0.006
2/9/2024,0.006
2/9/2024,0.006
2/9/2024,0.006
2/9/2024,0.006
2/9/2024,0.006
2/9/2024,0.006
2/9/2024,0.006
2/9/2024,0.006
2/9/2024,0.006
2/10/2024,0.006
2/10/2024,0.006
2/10/2024,0.006
2/10/2024,0.006
2/10/2024,0.006
2/10/2024,0.006
2/10/2024,0.006
2/10/2024,0.006
2/10/2024,0.006
2/10/2024,0.006
2/10/2024,0.006
2/10/2024,0.006
2/10/2024,0.006
2/10/2024,0.006
2/10/2024,0.006
2/10/2024,0.006
2/10/2024,0.006
2/10/2024,0.006
2/10/2024,0.006
2/10/2024,0.006
2/10/2024,0.006
2/10/2024,0.006
2/10/2024,0.006
2/10/2024,0.005
2/10/2024,0.006
2/10/2024,0.005
2/10/2024,0.006
2/10/2024,0.005
2/10/2024,0.005
2/10/2024,0.005
2/10/2024,0.005
2/10/2024,0.005
2/10/2024,0.005
2/10/2024,0.005
2/10/2024,0.005
2/10/2024,0.005
2/10/2024,0.005
2/10/2024,0.005
2/10/2024,0.005
2/10/2024,0.005
2/10/2024,0.005
2/10/2024,0.005
2/10/2024,0.005
2/10/2024,0.005
2/10/2024,0.005
2/10/2024,0.005
2/10/2024,0.005
2/10/2024,0.005
2/10/2024,0.005
2/10/2024,0.005
2/10/2024,0.005
2/10/2024,0.006
2/10/2024,0.006
2/10/2024,0.007
2/10/2024,0.01
2/10/2024,0.011
2/10/2024,0.012
2/10/2024,0.013
2/10/2024,0.014
2/10/2024,0.013
2/10/2024,0.013
2/10/2024,0.014
2/10/2024,0.014
2/10/2024,0.015
2/10/2024,0.014
2/10/2024,0.014
2/10/2024,0.014
2/10/2024,0.014
2/10/2024,0.013
2/10/2024,0.013
2/10/2024,0.014
2/10/2024,0.013
2/10/2024,0.012
2/10/2024,0.013
2/10/2024,0.012
2/10/2024,0.012
2/10/2024,0.012
2/10/2024,0.011
2/10/2024,0.011
2/10/2024,0.011
2/10/2024,0.011
2/10/2024,0.01
2/10/2024,0.01
2/10/2024,0.01
2/10/2024,0.01
2/10/2024,0.01
2/10/2024,0.01
2/10/2024,0.01
2/10/2024,0.01
2/10/2024,0.009
2/10/2024,0.01
2/10/2024,0.009
2/10/2024,0.009
2/10/2024,0.009
2/10/2024,0.009
2/10/2024,0.009
2/11/2024,0.009
2/11/2024,0.009
2/11/2024,0.009
2/11/2024,0.008
2/11/2024,0.008
2/11/2024,0.008
2/11/2024,0.008
2/11/2024,0.008
2/11/2024,0.008
2/11/2024,0.008
2/11/2024,0.008
2/11/2024,0.008
2/11/2024,0.008
2/11/2024,0.008
2/11/2024,0.008
2/11/2024,0.008
2/11/2024,0.008
2/11/2024,0.008
2/11/2024,0.008
2/11/2024,0.008
2/11/2024,0.007
2/11/2024,0.007
2/11/2024,0.007
2/11/2024,0.007
2/11/2024,0.007
2/11/2024,0.007
2/11/2024,0.007
2/11/2024,0.007
2/11/2024,0.007
2/11/2024,0.007
2/11/2024,0.007
2/11/2024,0.007
2/11/2024,0.007
2/11/2024,0.007
2/11/2024,0.007
2/11/2024,0.007
2/11/2024,0.007
2/11/2024,0.007
2/11/2024,0.007
2/11/2024,0.007
2/11/2024,0.007
2/11/2024,0.007
2/11/2024,0.007
2/11/2024,0.007
2/11/2024,0.007
2/11/2024,0.007
2/11/2024,0.007
2/11/2024,0.007
2/11/2024,0.007
2/11/2024,0.007
2/11/2024,0.007
2/11/2024,0.007
2/11/2024,0.007
2/11/2024,0.007
2/11/2024,0.007
2/11/2024,0.007
2/11/2024,0.007
2/11/2024,0.008
2/11/2024,0.007
2/11/2024,0.008
2/11/2024,0.008
2/11/2024,0.008
2/11/2024,0.008
2/11/2024,0.008
2/11/2024,0.008
2/11/2024,0.008
2/11/2024,0.008
2/11/2024,0.008
2/11/2024,0.008
2/11/2024,0.008
2/11/2024,0.008
2/11/2024,0.008
2/11/2024,0.008
2/11/2024,0.008
2/11/2024,0.008
2/11/2024,0.008
2/11/2024,0.008
2/11/2024,0.008
2/11/2024,0.008
2/11/2024,0.008
2/11/2024,0.008
2/11/2024,0.008
2/11/2024,0.008
2/11/2024,0.008
2/11/2024,0.008
2/11/2024,0.008
2/11/2024,0.008
2/11/2024,0.008
2/11/2024,0.008
2/11/2024,0.008
2/11/2024,0.009
2/11/2024,0.009
2/11/2024,0.009
2/11/2024,0.009
2/11/2024,0.009
2/11/2024,0.009
2/12/2024,0.009
2/12/2024,0.01
2/12/2024,0.009
2/12/2024,0.009
2/12/2024,0.009
2/12/2024,0.009
2/12/2024,0.009
2/12/2024,0.009
2/12/2024,0.009
2/12/2024,0.009
2/12/2024,0.009
2/12/2024,0.009
2/12/2024,0.009
2/12/2024,0.009
2/12/2024,0.009
2/12/2024,0.009
2/12/2024,0.009
2/12/2024,0.009
2/12/2024,0.009
2/12/2024,0.009
2/12/2024,0.009
2/12/2024,0.008
2/12/2024,0.009
2/12/2024,0.008
2/12/2024,0.009
2/12/2024,0.008
2/12/2024,0.008
2/12/2024,0.008
2/12/2024,0.008
2/12/2024,0.008
2/12/2024,0.009
2/12/2024,0.008
2/12/2024,0.008
2/12/2024,0.008
2/12/2024,0.008
2/12/2024,0.008
2/12/2024,0.008
2/12/2024,0.008
2/12/2024,0.008
2/12/2024,0.008
2/12/2024,0.008
2/12/2024,0.008
2/12/2024,0.008
2/12/2024,0.009
2/12/2024,0.009
2/12/2024,0.009
2/12/2024,0.009
2/12/2024,0.01
2/12/2024,0.01
2/12/2024,0.01
2/12/2024,0.011
2/12/2024,0.011
2/12/2024,0.011
2/12/2024,0.011
2/12/2024,0.011
2/12/2024,0.011
2/12/2024,0.011
2/12/2024,0.011
2/12/2024,0.011
2/12/2024,0.012
2/12/2024,0.011
2/12/2024,0.011
2/12/2024,0.012
2/12/2024,0.012
2/12/2024,0.011
2/12/2024,0.011
2/12/2024,0.011
2/12/2024,0.012
2/12/2024,0.012
2/12/2024,0.012
2/12/2024,0.011
2/12/2024,0.012
2/12/2024,0.012
2/12/2024,0.012
2/12/2024,0.012
2/12/2024,0.013
2/12/2024,0.013
2/12/2024,0.012
2/12/2024,0.013
2/12/2024,0.012
2/12/2024,0.012
2/12/2024,0.013
2/12/2024,0.013
2/12/2024,0.013
2/12/2024,0.013
2/12/2024,0.013
2/12/2024,0.012
2/12/2024,0.013
2/12/2024,0.013
2/12/2024,0.012
2/12/2024,0.013
2/12/2024,0.012
2/12/2024,0.012
2/12/2024,0.013
2/12/2024,0.013
2/12/2024,0.012
2/13/2024,0.012
2/13/2024,0.012
2/13/2024,0.012
2/13/2024,0.012
2/13/2024,0.011
2/13/2024,0.011
2/13/2024,0.011
2/13/2024,0.011
2/13/2024,0.012
2/13/2024,0.011
2/13/2024,0.011
2/13/2024,0.011
2/13/2024,0.011
2/13/2024,0.011
2/13/2024,0.011
2/13/2024,0.011
2/13/2024,0.01
2/13/2024,0.011
2/13/2024,0.01
2/13/2024,0.011
2/13/2024,0.01
2/13/2024,0.011
2/13/2024,0.01
2/13/2024,0.01
2/13/2024,0.01
2/13/2024,0.01
2/13/2024,0.01
2/13/2024,0.01
2/13/2024,0.01
2/13/2024,0.01
2/13/2024,0.01
2/13/2024,0.01
2/13/2024,0.01
2/13/2024,0.01
2/13/2024,0.01
2/13/2024,0.01
2/13/2024,0.01
2/13/2024,0.01
2/13/2024,0.01
2/13/2024,0.009
2/13/2024,0.01
2/13/2024,0.01
2/13/2024,0.01
2/13/2024,0.009
2/13/2024,0.01
2/13/2024,0.01
2/13/2024,0.01
2/13/2024,0.01
2/13/2024,0.01
2/13/2024,0.01
2/13/2024,0.009
2/13/2024,0.009
2/13/2024,0.01
2/13/2024,0.009
2/13/2024,0.009
2/13/2024,0.009
2/13/2024,0.009
2/13/2024,0.009
2/13/2024,0.009
2/13/2024,0.009
2/13/2024,0.009
2/13/2024,0.009
2/13/2024,0.009
2/13/2024,0.008
2/13/2024,0.009
2/13/2024,0.009
2/13/2024,0.009
2/13/2024,0.008
2/13/2024,0.009
2/13/2024,0.008
2/13/2024,0.008
2/13/2024,0.008
2/13/2024,0.008
2/13/2024,0.008
2/13/2024,0.008
2/13/2024,0.008
2/13/2024,0.008
2/13/2024,0.008
2/13/2024,0.008
2/13/2024,0.008
2/13/2024,0.008
2/13/2024,0.008
2/13/2024,0.008
2/13/2024,0.008
2/13/2024,0.008
2/13/2024,0.008
2/13/2024,0.008
2/13/2024,0.008
2/13/2024,0.008
2/13/2024,0.008
2/13/2024,0.008
2/13/2024,0.008
2/13/2024,0.008
2/13/2024,0.007
2/13/2024,0.008
2/13/2024,0.008
2/14/2024,0.007
2/14/2024,0.008
2/14/2024,0.007
2/14/2024,0.007
2/14/2024,0.007
2/14/2024,0.007
2/14/2024,0.007
2/14/2024,0.007
2/14/2024,0.007
2/14/2024,0.007
2/14/2024,0.007
2/14/2024,0.007
2/14/2024,0.007
2/14/2024,0.007
2/14/2024,0.007
2/14/2024,0.007
2/14/2024,0.007
2/14/2024,0.007
2/14/2024,0.007
2/14/2024,0.007
2/14/2024,0.007
2/14/2024,0.006
2/14/2024,0.007
2/14/2024,0.006
2/14/2024,0.006
2/14/2024,0.006
2/14/2024,0.006
2/14/2024,0.006
2/14/2024,0.006
2/14/2024,0.006
2/14/2024,0.006
2/14/2024,0.006
2/14/2024,0.006
2/14/2024,0.006
2/14/2024,0.006
2/14/2024,0.006
2/14/2024,0.006
2/14/2024,0.006
2/14/2024,0.006
2/14/2024,0.006
2/14/2024,0.006
2/14/2024,0.006
2/14/2024,0.006
2/14/2024,0.006
2/14/2024,0.006
2/14/2024,0.006
2/14/2024,0.006
2/14/2024,0.006
2/14/2024,0.006
2/14/2024,0.006
2/14/2024,0.006
2/14/2024,0.006
2/14/2024,0.006
2/14/2024,0.006
2/14/2024,0.006
2/14/2024,0.006
2/14/2024,0.006
2/14/2024,0.006
2/14/2024,0.006
2/14/2024,0.006
2/14/2024,0.006
2/14/2024,0.006
2/14/2024,0.006
2/14/2024,0.006
2/14/2024,0.006
2/14/2024,0.006
2/14/2024,0.006
2/14/2024,0.006
2/14/2024,0.006
2/14/2024,0.006
2/14/2024,0.006
2/14/2024,0.006
2/14/2024,0.006
2/14/2024,0.006
2/14/2024,0.006
2/14/2024,0.006
2/14/2024,0.006
2/14/2024,0.006
2/14/2024,0.006
2/14/2024,0.006
2/14/2024,0.006
2/14/2024,0.006
2/14/2024,0.006
2/14/2024,0.006
2/14/2024,0.006
2/14/2024,0.006
2/14/2024,0.006
2/14/2024,0.006
2/14/2024,0.006
2/14/2024,0.006
2/14/2024,0.006
2/14/2024,0.006
2/14/2024,0.006
2/14/2024,0.006
2/14/2024,0.006
2/14/2024,0.006
2/15/2024,0.006
2/15/2024,0.006
2/15/2024,0.006
2/15/2024,0.006
2/15/2024,0.006
2/15/2024,0.006
2/15/2024,0.006
2/15/2024,0.006
2/15/2024,0.006
2/15/2024,0.006
2/15/2024,0.006
2/15/2024,0.006
2/15/2024,0.006
2/15/2024,0.006
2/15/2024,0.006
2/15/2024,0.006
2/15/2024,0.006
2/15/2024,0.006
2/15/2024,0.006
2/15/2024,0.006
2/15/2024,0.006
2/15/2024,0.006
2/15/2024,0.006
2/15/2024,0.006
2/15/2024,0.006
2/15/2024,0.006
2/15/2024,0.006
2/15/2024,0.006
2/15/2024,0.006
2/15/2024,0.006
2/15/2024,0.006
2/15/2024,0.006
2/15/2024,0.006
2/15/2024,0.006
2/15/2024,0.006
2/15/2024,0.006
2/15/2024,0.006
2/15/2024,0.006
2/15/2024,0.006
2/15/2024,0.005
2/15/2024,0.006
2/15/2024,0.006
2/15/2024,0.006
2/15/2024,0.006
2/15/2024,0.006
2/15/2024,0.006
2/15/2024,0.006
2/15/2024,0.006
2/15/2024,0.006
2/15/2024,0.006
2/15/2024,0.006
2/15/2024,0.006
2/15/2024,0.006
2/15/2024,0.006
2/15/2024,0.006
2/15/2024,0.007
2/15/2024,0.006
2/15/2024,0.007
2/15/2024,0.007
2/15/2024,0.007
2/15/2024,0.007
2/15/2024,0.008
2/15/2024,0.008
2/15/2024,0.008
2/15/2024,0.008
2/15/2024,0.008
2/15/2024,0.008
2/15/2024,0.008
2/15/2024,0.008
2/15/2024,0.009
2/15/2024,0.008
2/15/2024,0.008
2/15/2024,0.009
2/15/2024,0.008
2/15/2024,0.008
2/15/2024,0.008
2/15/2024,0.008
2/15/2024,0.008
2/15/2024,0.008
2/15/2024,0.008
2/15/2024,0.008
2/15/2024,0.008
2/15/2024,0.008
2/15/2024,0.008
2/15/2024,0.008
2/15/2024,0.007
2/15/2024,0.007
2/15/2024,0.008
2/15/2024,0.007
2/15/2024,0.007
2/15/2024,0.007
2/15/2024,0.007
2/15/2024,0.007
2/15/2024,0.007
2/15/2024,0.007
2/15/2024,0.007
2/16/2024,0.007
2/16/2024,0.007
2/16/2024,0.007
2/16/2024,0.007
2/16/2024,0.007
2/16/2024,0.007
2/16/2024,0.007
2/16/2024,0.007
2/16/2024,0.007
2/16/2024,0.007
2/16/2024,0.007
2/16/2024,0.007
2/16/2024,0.007
2/16/2024,0.007
2/16/2024,0.007
2/16/2024,0.007
2/16/2024,0.007
2/16/2024,0.007
2/16/2024,0.007
2/16/2024,0.007
2/16/2024,0.007
2/16/2024,0.007
2/16/2024,0.007
2/16/2024,0.007
2/16/2024,0.007
2/16/2024,0.006
2/16/2024,0.006
2/16/2024,0.006
2/16/2024,0.006
2/16/2024,0.006
2/16/2024,0.006
2/16/2024,0.006
2/16/2024,0.006
2/16/2024,0.006
2/16/2024,0.006
2/16/2024,0.006
2/16/2024,0.006
2/16/2024,0.006
2/16/2024,0.006
2/16/2024,0.006
2/16/2024,0.006
2/16/2024,0.006
2/16/2024,0.006
2/16/2024,0.006
2/16/2024,0.006
2/16/2024,0.006
2/16/2024,0.006
2/16/2024,0.006
2/16/2024,0.006
2/16/2024,0.006
2/16/2024,0.006
2/16/2024,0.006
2/16/2024,0.006
2/16/2024,0.006
2/16/2024,0.006
2/16/2024,0.006
2/16/2024,0.007
2/16/2024,0.007
2/16/2024,0.007
2/16/2024,0.008
2/16/2024,0.01
2/16/2024,0.011
2/16/2024,0.012
2/16/2024,0.012
2/16/2024,0.012
2/16/2024,0.012
2/16/2024,0.013
2/16/2024,0.013
2/16/2024,0.013
2/16/2024,0.013
2/16/2024,0.013
2/16/2024,0.012
2/16/2024,0.012
2/16/2024,0.013
2/16/2024,0.012
2/16/2024,0.012
2/16/2024,0.011
2/16/2024,0.011
2/16/2024,0.011
2/16/2024,0.011
2/16/2024,0.011
2/16/2024,0.01
2/16/2024,0.01
2/16/2024,0.01
2/16/2024,0.01
2/16/2024,0.01
2/16/2024,0.009
2/16/2024,0.009
2/16/2024,0.009
2/16/2024,0.009
2/16/2024,0.009
2/16/2024,0.009
2/16/2024,0.008
2/16/2024,0.008
2/16/2024,0.008
2/16/2024,0.008
2/17/2024,0.008
2/17/2024,0.008
2/17/2024,0.008
2/17/2024,0.007
2/17/2024,0.008
2/17/2024,0.007
2/17/2024,0.007
2/17/2024,0.007
2/17/2024,0.007
2/17/2024,0.007
2/17/2024,0.007
2/17/2024,0.007
2/17/2024,0.007
2/17/2024,0.007
2/17/2024,0.007
2/17/2024,0.007
2/17/2024,0.007
2/17/2024,0.007
2/17/2024,0.007
2/17/2024,0.007
2/17/2024,0.006
2/17/2024,0.006
2/17/2024,0.006
2/17/2024,0.006
2/17/2024,0.006
2/17/2024,0.006
2/17/2024,0.006
2/17/2024,0.006
2/17/2024,0.006
2/17/2024,0.006
2/17/2024,0.006
2/17/2024,0.006
2/17/2024,0.005
2/17/2024,0.005
2/17/2024,0.006
2/17/2024,0.005
2/17/2024,0.006
2/17/2024,0.005
2/17/2024,0.005
2/17/2024,0.005
2/17/2024,0.005
2/17/2024,0.006
2/17/2024,0.005
2/17/2024,0.005
2/17/2024,0.005
2/17/2024,0.005
2/17/2024,0.005
2/17/2024,0.005
2/17/2024,0.005
2/17/2024,0.005
2/17/2024,0.005
2/17/2024,0.005
2/17/2024,0.005
2/17/2024,0.005
2/17/2024,0.006
2/17/2024,0.006
2/17/2024,0.005
2/17/2024,0.005
2/17/2024,0.006
2/17/2024,0.005
2/17/2024,0.005
2/17/2024,0.005
2/17/2024,0.005
2/17/2024,0.005
2/17/2024,0.006
2/17/2024,0.006
2/17/2024,0.005
2/17/2024,0.006
2/17/2024,0.006
2/17/2024,0.006
2/17/2024,0.006
2/17/2024,0.006
2/17/2024,0.006
2/17/2024,0.006
2/17/2024,0.006
2/17/2024,0.005
2/17/2024,0.006
2/17/2024,0.006
2/17/2024,0.006
2/17/2024,0.006
2/17/2024,0.006
2/17/2024,0.006
2/17/2024,0.006
2/17/2024,0.006
2/17/2024,0.006
2/17/2024,0.006
2/17/2024,0.006
2/17/2024,0.006
2/17/2024,0.006
2/17/2024,0.006
2/17/2024,0.006
2/17/2024,0.006
2/17/2024,0.006
2/17/2024,0.006
2/17/2024,0.005
2/17/2024,0.005
2/18/2024,0.006
2/18/2024,0.006
2/18/2024,0.005
2/18/2024,0.005
2/18/2024,0.006
2/18/2024,0.006
2/18/2024,0.005
2/18/2024,0.006
2/18/2024,0.005
2/18/2024,0.006
2/18/2024,0.005
2/18/2024,0.006
2/18/2024,0.006
2/18/2024,0.005
2/18/2024,0.006
2/18/2024,0.006
2/18/2024,0.005
2/18/2024,0.006
2/18/2024,0.006
2/18/2024,0.006
2/18/2024,0.006
2/18/2024,0.006
2/18/2024,0.006
2/18/2024,0.006
2/18/2024,0.006
2/18/2024,0.006
2/18/2024,0.006
2/18/2024,0.006
2/18/2024,0.006
2/18/2024,0.006
2/18/2024,0.006
2/18/2024,0.006
2/18/2024,0.006
2/18/2024,0.006
2/18/2024,0.006
2/18/2024,0.006
2/18/2024,0.006
2/18/2024,0.006
2/18/2024,0.006
2/18/2024,0.006
2/18/2024,0.006
2/18/2024,0.006
2/18/2024,0.006
2/18/2024,0.007
2/18/2024,0.007
2/18/2024,0.007
2/18/2024,0.008
2/18/2024,0.008
2/18/2024,0.009
2/18/2024,0.01
2/18/2024,0.01
2/18/2024,0.01
2/18/2024,0.01
2/18/2024,0.011
2/18/2024,0.011
2/18/2024,0.011
2/18/2024,0.011
2/18/2024,0.011
2/18/2024,0.011
2/18/2024,0.011
2/18/2024,0.011
2/18/2024,0.012
2/18/2024,0.011
2/18/2024,0.012
2/18/2024,0.011
2/18/2024,0.011
2/18/2024,0.012
2/18/2024,0.012
2/18/2024,0.012
2/18/2024,0.012
2/18/2024,0.012
2/18/2024,0.012
2/18/2024,0.011
2/18/2024,0.011
2/18/2024,0.012
2/18/2024,0.011
2/18/2024,0.011
2/18/2024,0.011
2/18/2024,0.011
2/18/2024,0.011
2/18/2024,0.011
2/18/2024,0.011
2/18/2024,0.011
2/18/2024,0.01
2/18/2024,0.011
2/18/2024,0.011
2/18/2024,0.01
2/18/2024,0.01
2/18/2024,0.01
2/18/2024,0.01
2/18/2024,0.01
2/18/2024,0.01
2/18/2024,0.01
2/18/2024,0.01
2/18/2024,0.01
2/18/2024,0.01
2/19/2024,0.01
2/19/2024,0.009
2/19/2024,0.009
2/19/2024,0.009
2/19/2024,0.009
2/19/2024,0.009
2/19/2024,0.009
2/19/2024,0.009
2/19/2024,0.009
2/19/2024,0.009
2/19/2024,0.009
2/19/2024,0.009
2/19/2024,0.009
2/19/2024,0.009
2/19/2024,0.008
2/19/2024,0.009
2/19/2024,0.009
2/19/2024,0.009
2/19/2024,0.009
2/19/2024,0.008
2/19/2024,0.009
2/19/2024,0.008
2/19/2024,0.009
2/19/2024,0.008
2/19/2024,0.008
2/19/2024,0.008
2/19/2024,0.009
2/19/2024,0.008
2/19/2024,0.008
2/19/2024,0.008
2/19/2024,0.008
2/19/2024,0.008
2/19/2024,0.008
2/19/2024,0.008
2/19/2024,0.008
2/19/2024,0.008
2/19/2024,0.008
2/19/2024,0.008
2/19/2024,0.008
2/19/2024,0.008
2/19/2024,0.008
2/19/2024,0.008
2/19/2024,0.008
2/19/2024,0.008
2/19/2024,0.008
2/19/2024,0.008
2/19/2024,0.007
2/19/2024,0.008
2/19/2024,0.008
2/19/2024,0.007
2/19/2024,0.008
2/19/2024,0.008
2/19/2024,0.007
2/19/2024,0.008
2/19/2024,0.008
2/19/2024,0.007
2/19/2024,0.007
2/19/2024,0.007
2/19/2024,0.007
2/19/2024,0.007
2/19/2024,0.007
2/19/2024,0.007
2/19/2024,0.007
2/19/2024,0.007
2/19/2024,0.007
2/19/2024,0.007
2/19/2024,0.007
2/19/2024,0.007
2/19/2024,0.007
2/19/2024,0.007
2/19/2024,0.007
2/19/2024,0.007
2/19/2024,0.007
2/19/2024,0.007
2/19/2024,0.007
2/19/2024,0.007
2/19/2024,0.007
2/19/2024,0.007
2/19/2024,0.007
2/19/2024,0.007
2/19/2024,0.007
2/19/2024,0.007
2/19/2024,0.007
2/19/2024,0.007
2/19/2024,0.007
2/19/2024,0.007
2/19/2024,0.007
2/19/2024,0.007
2/19/2024,0.007
2/19/2024,0.007
2/19/2024,0.007
2/19/2024,0.007
2/19/2024,0.007
2/19/2024,0.006
2/19/2024,0.007
2/19/2024,0.007
2/20/2024,0.007
2/20/2024,0.007
2/20/2024,0.007
2/20/2024,0.007
2/20/2024,0.007
2/20/2024,0.007
2/20/2024,0.007
2/20/2024,0.007
2/20/2024,0.007
2/20/2024,0.007
2/20/2024,0.007
2/20/2024,0.007
2/20/2024,0.007
2/20/2024,0.007
2/20/2024,0.007
2/20/2024,0.007
2/20/2024,0.007
2/20/2024,0.007
2/20/2024,0.007
2/20/2024,0.007
2/20/2024,0.007
2/20/2024,0.007
2/20/2024,0.007
2/20/2024,0.007
2/20/2024,0.007
2/20/2024,0.007
2/20/2024,0.007
2/20/2024,0.007
2/20/2024,0.007
2/20/2024,0.007
2/20/2024,0.007
2/20/2024,0.007
2/20/2024,0.007
2/20/2024,0.007
2/20/2024,0.007
2/20/2024,0.007
2/20/2024,0.007
2/20/2024,0.007
2/20/2024,0.007
2/20/2024,0.007
2/20/2024,0.008
2/20/2024,0.008
2/20/2024,0.008
2/20/2024,0.008
2/20/2024,0.008
2/20/2024,0.008
2/20/2024,0.008
2/20/2024,0.009
2/20/2024,0.008
2/20/2024,0.009
2/20/2024,0.01
2/20/2024,0.01
2/20/2024,0.011
2/20/2024,0.011
2/20/2024,0.011
2/20/2024,0.011
2/20/2024,0.012
2/20/2024,0.012
2/20/2024,0.011
2/20/2024,0.011
2/20/2024,0.012
2/20/2024,0.012
2/20/2024,0.012
2/20/2024,0.012
2/20/2024,0.012
2/20/2024,0.012
2/20/2024,0.012
2/20/2024,0.012
2/20/2024,0.012
2/20/2024,0.012
2/20/2024,0.012
2/20/2024,0.011
2/20/2024,0.011
2/20/2024,0.011
2/20/2024,0.011
2/20/2024,0.011
2/20/2024,0.011
2/20/2024,0.011
2/20/2024,0.011
2/20/2024,0.01
2/20/2024,0.01
2/20/2024,0.01
2/20/2024,0.01
2/20/2024,0.01
2/20/2024,0.01
2/20/2024,0.01
2/20/2024,0.01
2/20/2024,0.01
2/20/2024,0.01
2/20/2024,0.01
2/20/2024,0.009
2/20/2024,0.01
2/20/2024,0.01
2/20/2024,0.01
2/20/2024,0.009
2/20/2024,0.009
2/21/2024,0.009
2/21/2024,0.009
2/21/2024,0.009
2/21/2024,0.009
2/21/2024,0.009
2/21/2024,0.009
2/21/2024,0.009
2/21/2024,0.009
2/21/2024,0.009
2/21/2024,0.009
2/21/2024,0.009
2/21/2024,0.009
2/21/2024,0.009
2/21/2024,0.009
2/21/2024,0.009
2/21/2024,0.009
2/21/2024,0.009
2/21/2024,0.009
2/21/2024,0.009
2/21/2024,0.008
2/21/2024,0.009
2/21/2024,0.008
2/21/2024,0.008
2/21/2024,0.008
2/21/2024,0.008
2/21/2024,0.009
2/21/2024,0.008
2/21/2024,0.008
2/21/2024,0.008
2/21/2024,0.008
2/21/2024,0.008
2/21/2024,0.008
2/21/2024,0.008
2/21/2024,0.008
2/21/2024,0.008
2/21/2024,0.008
2/21/2024,0.008
2/21/2024,0.008
2/21/2024,0.008
2/21/2024,0.008
2/21/2024,0.008
2/21/2024,0.009
2/21/2024,0.008
2/21/2024,0.009
2/21/2024,0.008
2/21/2024,0.008
2/21/2024,0.008
2/21/2024,0.008
2/21/2024,0.008
2/21/2024,0.008
2/21/2024,0.008
2/21/2024,0.008
2/21/2024,0.008
2/21/2024,0.008
2/21/2024,0.008
2/21/2024,0.008
2/21/2024,0.008
2/21/2024,0.008
2/21/2024,0.008
2/21/2024,0.008
2/21/2024,0.008
2/21/2024,0.008
2/21/2024,0.008
2/21/2024,0.008
2/21/2024,0.007
2/21/2024,0.007
2/21/2024,0.007
2/21/2024,0.007
2/21/2024,0.007
2/21/2024,0.007
2/21/2024,0.007
2/21/2024,0.007
2/21/2024,0.007
2/21/2024,0.007
2/21/2024,0.007
2/21/2024,0.007
2/21/2024,0.008
2/21/2024,0.008
2/21/2024,0.009
2/21/2024,0.009
2/21/2024,0.01
2/21/2024,0.011
2/21/2024,0.011
2/21/2024,0.011
2/21/2024,0.012
2/21/2024,0.012
2/21/2024,0.012
2/21/2024,0.012
2/21/2024,0.012
2/21/2024,0.012
2/21/2024,0.012
2/21/2024,0.012
2/21/2024,0.012
2/21/2024,0.012
2/21/2024,0.011
2/21/2024,0.011
2/22/2024,0.011
2/22/2024,0.011
2/22/2024,0.011
2/22/2024,0.011
2/22/2024,0.011
2/22/2024,0.011
2/22/2024,0.011
2/22/2024,0.011
2/22/2024,0.011
2/22/2024,0.01
2/22/2024,0.01
2/22/2024,0.01
2/22/2024,0.01
2/22/2024,0.01
2/22/2024,0.01
2/22/2024,0.011
2/22/2024,0.01
2/22/2024,0.01
2/22/2024,0.01
2/22/2024,0.01
2/22/2024,0.01
2/22/2024,0.01
2/22/2024,0.009
2/22/2024,0.009
2/22/2024,0.01
2/22/2024,0.009
2/22/2024,0.009
2/22/2024,0.009
2/22/2024,0.009
2/22/2024,0.009
2/22/2024,0.009
2/22/2024,0.009
2/22/2024,0.009
2/22/2024,0.009
2/22/2024,0.009
2/22/2024,0.009
2/22/2024,0.009
2/22/2024,0.009
2/22/2024,0.009
2/22/2024,0.009
2/22/2024,0.008
2/22/2024,0.009
2/22/2024,0.009
2/22/2024,0.009
2/22/2024,0.009
2/22/2024,0.009
2/22/2024,0.008
2/22/2024,0.009
2/22/2024,0.009
2/22/2024,0.009
2/22/2024,0.009
2/22/2024,0.009
2/22/2024,0.009
2/22/2024,0.009
2/22/2024,0.008
2/22/2024,0.008
2/22/2024,0.008
2/22/2024,0.008
2/22/2024,0.008
2/22/2024,0.008
2/22/2024,0.008
2/22/2024,0.008
2/22/2024,0.008
2/22/2024,0.008
2/22/2024,0.008
2/22/2024,0.008
2/22/2024,0.008
2/22/2024,0.008
2/22/2024,0.008
2/22/2024,0.008
2/22/2024,0.008
2/22/2024,0.008
2/22/2024,0.007
2/22/2024,0.008
2/22/2024,0.008
2/22/2024,0.007
2/22/2024,0.008
2/22/2024,0.008
2/22/2024,0.007
2/22/2024,0.007
2/22/2024,0.007
2/22/2024,0.007
2/22/2024,0.007
2/22/2024,0.007
2/22/2024,0.007
2/22/2024,0.007
2/22/2024,0.007
2/22/2024,0.007
2/22/2024,0.007
2/22/2024,0.007
2/22/2024,0.007
2/22/2024,0.007
2/22/2024,0.007
2/22/2024,0.007
2/22/2024,0.007
2/22/2024,0.007
2/23/2024,0.007
2/23/2024,0.007
2/23/2024,0.007
2/23/2024,0.007
2/23/2024,0.007
2/23/2024,0.007
2/23/2024,0.007
2/23/2024,0.007
2/23/2024,0.007
2/23/2024,0.007
2/23/2024,0.007
2/23/2024,0.007
2/23/2024,0.007
2/23/2024,0.007
2/23/2024,0.007
2/23/2024,0.007
2/23/2024,0.007
2/23/2024,0.007
2/23/2024,0.007
2/23/2024,0.007
2/23/2024,0.007
2/23/2024,0.007
2/23/2024,0.006
2/23/2024,0.007
2/23/2024,0.007
2/23/2024,0.007
2/23/2024,0.007
2/23/2024,0.006
2/23/2024,0.006
2/23/2024,0.006
2/23/2024,0.007
2/23/2024,0.006
2/23/2024,0.006
2/23/2024,0.006
2/23/2024,0.006
2/23/2024,0.006
2/23/2024,0.006
2/23/2024,0.006
2/23/2024,0.006
2/23/2024,0.006
2/23/2024,0.006
2/23/2024,0.007
2/23/2024,0.006
2/23/2024,0.006
2/23/2024,0.006
2/23/2024,0.006
2/23/2024,0.006
2/23/2024,0.006
2/23/2024,0.006
2/23/2024,0.007
2/23/2024,0.006
2/23/2024,0.007
2/23/2024,0.006
2/23/2024,0.007
2/23/2024,0.007
2/23/2024,0.006
2/23/2024,0.007
2/23/2024,0.006
2/23/2024,0.007
2/23/2024,0.006
2/23/2024,0.006
2/23/2024,0.006
2/23/2024,0.006
2/23/2024,0.006
2/23/2024,0.006
2/23/2024,0.006
2/23/2024,0.006
2/23/2024,0.006
2/23/2024,0.006
2/23/2024,0.006
2/23/2024,0.006
2/23/2024,0.006
2/23/2024,0.006
2/23/2024,0.006
2/23/2024,0.006
2/23/2024,0.006
2/23/2024,0.006
2/23/2024,0.006
2/23/2024,0.006
2/23/2024,0.006
2/23/2024,0.006
2/23/2024,0.006
2/23/2024,0.006
2/23/2024,0.006
2/23/2024,0.006
2/23/2024,0.006
2/23/2024,0.006
2/23/2024,0.006
2/23/2024,0.006
2/23/2024,0.006
2/23/2024,0.006
2/23/2024,0.006
2/23/2024,0.006
2/23/2024,0.006
2/23/2024,0.006
2/23/2024,0.006
2/24/2024,0.006
2/24/2024,0.006
2/24/2024,0.006
2/24/2024,0.006
2/24/2024,0.006
2/24/2024,0.006
2/24/2024,0.006
2/24/2024,0.006
2/24/2024,0.006
2/24/2024,0.006
2/24/2024,0.006
2/24/2024,0.006
2/24/2024,0.006
2/24/2024,0.006
2/24/2024,0.006
2/24/2024,0.006
2/24/2024,0.006
2/24/2024,0.006
2/24/2024,0.006
2/24/2024,0.006
2/24/2024,0.006
2/24/2024,0.006
2/24/2024,0.006
2/24/2024,0.006
2/24/2024,0.006
2/24/2024,0.006
2/24/2024,0.006
2/24/2024,0.006
2/24/2024,0.006
2/24/2024,0.006
2/24/2024,0.006
2/24/2024,0.006
2/24/2024,0.006
2/24/2024,0.006
2/24/2024,0.006
2/24/2024,0.006
2/24/2024,0.006
2/24/2024,0.006
2/24/2024,0.006
2/24/2024,0.006
2/24/2024,0.006
2/24/2024,0.006
2/24/2024,0.006
2/24/2024,0.006
2/24/2024,0.006
2/24/2024,0.006
2/24/2024,0.006
2/24/2024,0.006
2/24/2024,0.006
2/24/2024,0.006
2/24/2024,0.006
2/24/2024,0.006
2/24/2024,0.006
2/24/2024,0.006
2/24/2024,0.006
2/24/2024,0.006
2/24/2024,0.006
2/24/2024,0.006
2/24/2024,0.006
2/24/2024,0.006
2/24/2024,0.006
2/24/2024,0.006
2/24/2024,0.006
2/24/2024,0.006
2/24/2024,0.006
2/24/2024,0.006
2/24/2024,0.006
2/24/2024,0.006
2/24/2024,0.006
2/24/2024,0.006
2/24/2024,0.006
2/24/2024,0.006
2/24/2024,0.006
2/24/2024,0.006
2/24/2024,0.006
2/24/2024,0.006
2/24/2024,0.006
2/24/2024,0.006
2/24/2024,0.006
2/24/2024,0.006
2/24/2024,0.006
2/24/2024,0.006
2/24/2024,0.006
2/24/2024,0.006
2/24/2024,0.006
2/24/2024,0.006
2/24/2024,0.006
2/24/2024,0.006
2/24/2024,0.006
2/24/2024,0.006
2/24/2024,0.006
2/24/2024,0.005
2/24/2024,0.006
2/24/2024,0.006
2/24/2024,0.006
2/24/2024,0.006
2/25/2024,0.006
2/25/2024,0.005
2/25/2024,0.006
2/25/2024,0.005
2/25/2024,0.006
2/25/2024,0.006
2/25/2024,0.006
2/25/2024,0.005
2/25/2024,0.005
2/25/2024,0.006
2/25/2024,0.006
2/25/2024,0.006
2/25/2024,0.005
2/25/2024,0.006
2/25/2024,0.006
2/25/2024,0.005
2/25/2024,0.006
2/25/2024,0.005
2/25/2024,0.006
2/25/2024,0.006
2/25/2024,0.006
2/25/2024,0.006
2/25/2024,0.005
2/25/2024,0.005
2/25/2024,0.005
2/25/2024,0.006
2/25/2024,0.006
2/25/2024,0.005
2/25/2024,0.005
2/25/2024,0.005
2/25/2024,0.005
2/25/2024,0.005
2/25/2024,0.005
2/25/2024,0.005
2/25/2024,0.005
2/25/2024,0.005
2/25/2024,0.005
2/25/2024,0.005
2/25/2024,0.005
2/25/2024,0.005
2/25/2024,0.005
2/25/2024,0.006
2/25/2024,0.005
2/25/2024,0.005
2/25/2024,0.005
2/25/2024,0.006
2/25/2024,0.006
2/25/2024,0.005
2/25/2024,0.005
2/25/2024,0.005
2/25/2024,0.006
2/25/2024,0.005
2/25/2024,0.005
2/25/2024,0.006
2/25/2024,0.006
2/25/2024,0.005
2/25/2024,0.006
2/25/2024,0.006
2/25/2024,0.006
2/25/2024,0.006
2/25/2024,0.006
2/25/2024,0.006
2/25/2024,0.006
2/25/2024,0.006
2/25/2024,0.007
2/25/2024,0.007
2/25/2024,0.007
2/25/2024,0.007
2/25/2024,0.007
2/25/2024,0.007
2/25/2024,0.008
2/25/2024,0.008
2/25/2024,0.008
2/25/2024,0.008
2/25/2024,0.008
2/25/2024,0.008
2/25/2024,0.008
2/25/2024,0.009
2/25/2024,0.009
2/25/2024,0.009
2/25/2024,0.009
2/25/2024,0.009
2/25/2024,0.009
2/25/2024,0.01
2/25/2024,0.01
2/25/2024,0.01
2/25/2024,0.01
2/25/2024,0.01
2/25/2024,0.011
2/25/2024,0.011
2/25/2024,0.01
2/25/2024,0.012
2/25/2024,0.011
2/25/2024,0.012
2/25/2024,0.012
2/25/2024,0.013
2/26/2024,0.014
2/26/2024,0.013
2/26/2024,0.014
2/26/2024,0.015
2/26/2024,0.015
2/26/2024,0.015
2/26/2024,0.016
2/26/2024,0.016
2/26/2024,0.016
2/26/2024,0.017
2/26/2024,0.018
2/26/2024,0.018
2/26/2024,0.018
2/26/2024,0.019
2/26/2024,0.018
2/26/2024,0.019
2/26/2024,0.019
2/26/2024,0.019
2/26/2024,0.019
2/26/2024,0.019
2/26/2024,0.018
2/26/2024,0.019
2/26/2024,0.019
2/26/2024,0.018
2/26/2024,0.018
2/26/2024,0.018
2/26/2024,0.017
2/26/2024,0.017
2/26/2024,0.017
2/26/2024,0.016
2/26/2024,0.016
2/26/2024,0.016
2/26/2024,0.016
2/26/2024,0.016
2/26/2024,0.015
2/26/2024,0.015
2/26/2024,0.015
2/26/2024,0.016
2/26/2024,0.015
2/26/2024,0.015
2/26/2024,0.015
2/26/2024,0.015
2/26/2024,0.015
2/26/2024,0.015
2/26/2024,0.015
2/26/2024,0.014
2/26/2024,0.015
2/26/2024,0.015
2/26/2024,0.014
2/26/2024,0.014
2/26/2024,0.014
2/26/2024,0.014
2/26/2024,0.014
2/26/2024,0.014
2/26/2024,0.014
2/26/2024,0.015
2/26/2024,0.013
2/26/2024,0.014
2/26/2024,0.013
2/26/2024,0.013
2/26/2024,0.013
2/26/2024,0.013
2/26/2024,0.013
2/26/2024,0.013
2/26/2024,0.013
2/26/2024,0.013
2/26/2024,0.012
2/26/2024,0.013
2/26/2024,0.012
2/26/2024,0.012
2/26/2024,0.012
2/26/2024,0.012
2/26/2024,0.011
2/26/2024,0.011
2/26/2024,0.011
2/26/2024,0.011
2/26/2024,0.011
2/26/2024,0.011
2/26/2024,0.011
2/26/2024,0.011
2/26/2024,0.01
2/26/2024,0.01
2/26/2024,0.01
2/26/2024,0.01
2/26/2024,0.01
2/26/2024,0.01
2/26/2024,0.01
2/26/2024,0.01
2/26/2024,0.009
2/26/2024,0.01
2/26/2024,0.009
2/26/2024,0.009
2/26/2024,0.009
2/26/2024,0.009
2/26/2024,0.009
2/26/2024,0.009
2/27/2024,0.009
2/27/2024,0.009
2/27/2024,0.009
2/27/2024,0.009
2/27/2024,0.009
2/27/2024,0.008
2/27/2024,0.009
2/27/2024,0.008
2/27/2024,0.008
2/27/2024,0.008
2/27/2024,0.008
2/27/2024,0.008
2/27/2024,0.009
2/27/2024,0.009
2/27/2024,0.008
2/27/2024,0.008
2/27/2024,0.008
2/27/2024,0.008
2/27/2024,0.008
2/27/2024,0.008
2/27/2024,0.008
2/27/2024,0.008
2/27/2024,0.008
2/27/2024,0.008
2/27/2024,0.008
2/27/2024,0.008
2/27/2024,0.008
2/27/2024,0.008
2/27/2024,0.007
2/27/2024,0.008
2/27/2024,0.007
2/27/2024,0.008
2/27/2024,0.008
2/27/2024,0.008
2/27/2024,0.007
2/27/2024,0.008
2/27/2024,0.007
2/27/2024,0.008
2/27/2024,0.007
2/27/2024,0.007
2/27/2024,0.007
2/27/2024,0.008
2/27/2024,0.007
2/27/2024,0.007
2/27/2024,0.007
2/27/2024,0.007
2/27/2024,0.007
2/27/2024,0.007
2/27/2024,0.007
2/27/2024,0.007
2/27/2024,0.007
2/27/2024,0.007
2/27/2024,0.007
2/27/2024,0.007
2/27/2024,0.007
2/27/2024,0.007
2/27/2024,0.007
2/27/2024,0.008
2/27/2024,0.008
2/27/2024,0.008
2/27/2024,0.009
2/27/2024,0.009
2/27/2024,0.009
2/27/2024,0.009
2/27/2024,0.01
2/27/2024,0.01
2/27/2024,0.011
2/27/2024,0.011
2/27/2024,0.011
2/27/2024,0.012
2/27/2024,0.012
2/27/2024,0.012
2/27/2024,0.011
2/27/2024,0.011
2/27/2024,0.011
2/27/2024,0.011
2/27/2024,0.011
2/27/2024,0.011
2/27/2024,0.01
2/27/2024,0.01
2/27/2024,0.01
2/27/2024,0.01
2/27/2024,0.01
2/27/2024,0.01
2/27/2024,0.01
2/27/2024,0.01
2/27/2024,0.009
2/27/2024,0.01
2/27/2024,0.009
2/27/2024,0.009
2/27/2024,0.009
2/27/2024,0.009
2/27/2024,0.009
2/27/2024,0.009
2/27/2024,0.009
2/27/2024,0.009
2/28/2024,0.009
2/28/2024,0.009
2/28/2024,0.009
2/28/2024,0.008
2/28/2024,0.008
2/28/2024,0.008
2/28/2024,0.008
2/28/2024,0.008
2/28/2024,0.008
2/28/2024,0.008
2/28/2024,0.008
2/28/2024,0.008
2/28/2024,0.008
2/28/2024,0.008
2/28/2024,0.008
2/28/2024,0.008
2/28/2024,0.008
2/28/2024,0.008
2/28/2024,0.008
2/28/2024,0.008
2/28/2024,0.008
2/28/2024,0.008
2/28/2024,0.008
2/28/2024,0.008
2/28/2024,0.009
2/28/2024,0.009
2/28/2024,0.009
2/28/2024,0.009
2/28/2024,0.008
2/28/2024,0.008
2/28/2024,0.008
2/28/2024,0.009
2/28/2024,0.008
2/28/2024,0.008
2/28/2024,0.008
2/28/2024,0.008
2/28/2024,0.008
2/28/2024,0.008
2/28/2024,0.009
2/28/2024,0.008
2/28/2024,0.009
2/28/2024,0.009
2/28/2024,0.009
2/28/2024,0.008
2/28/2024,0.009
2/28/2024,0.008
2/28/2024,0.009
2/28/2024,0.009
2/28/2024,0.009
2/28/2024,0.009
2/28/2024,0.009
2/28/2024,0.009
2/28/2024,0.01
2/28/2024,0.011
2/28/2024,0.012
2/28/2024,0.013
2/28/2024,0.015
2/28/2024,0.015
2/28/2024,0.019
2/28/2024,0.02
2/28/2024,0.023
2/28/2024,0.024
2/28/2024,0.025
2/28/2024,0.026
2/28/2024,0.027
2/28/2024,0.028
2/28/2024,0.027
2/28/2024,0.028
2/28/2024,0.026
2/28/2024,0.026
2/28/2024,0.025
2/28/2024,0.026
2/28/2024,0.026
2/28/2024,0.026
2/28/2024,0.026
2/28/2024,0.026
2/28/2024,0.025
2/28/2024,0.024
2/28/2024,0.025
2/28/2024,0.024
2/28/2024,0.023
2/28/2024,0.023
2/28/2024,0.024
2/28/2024,0.024
2/28/2024,0.022
2/28/2024,0.023
2/28/2024,0.022
2/28/2024,0.022
2/28/2024,0.022
2/28/2024,0.022
2/28/2024,0.021
2/28/2024,0.022
2/28/2024,0.02
2/28/2024,0.021
2/28/2024,0.021
2/28/2024,0.02
2/29/2024,0.02
2/29/2024,0.021
2/29/2024,0.021
2/29/2024,0.021
2/29/2024,0.019
2/29/2024,0.02
2/29/2024,0.02
2/29/2024,0.02
2/29/2024,0.02
2/29/2024,0.02
2/29/2024,0.019
2/29/2024,0.019
2/29/2024,0.02
2/29/2024,0.019
2/29/2024,0.02
2/29/2024,0.019
2/29/2024,0.019
2/29/2024,0.02
2/29/2024,0.019
2/29/2024,0.019
2/29/2024,0.019
2/29/2024,0.019
2/29/2024,0.019
2/29/2024,0.019
2/29/2024,0.019
2/29/2024,0.019
2/29/2024,0.018
2/29/2024,0.019
2/29/2024,0.019
2/29/2024,0.019
2/29/2024,0.018
2/29/2024,0.018
2/29/2024,0.019
2/29/2024,0.018
2/29/2024,0.018
2/29/2024,0.018
2/29/2024,0.018
2/29/2024,0.018
2/29/2024,0.019
2/29/2024,0.019
2/29/2024,0.018
2/29/2024,0.018
2/29/2024,0.018
2/29/2024,0.018
2/29/2024,0.018
2/29/2024,0.019
2/29/2024,0.018
2/29/2024,0.018
2/29/2024,0.019
2/29/2024,0.019
2/29/2024,0.019
2/29/2024,0.019
2/29/2024,0.019
2/29/2024,0.019
2/29/2024,0.019
2/29/2024,0.019
2/29/2024,0.02
2/29/2024,0.019
2/29/2024,0.02
2/29/2024,0.019
2/29/2024,0.02
2/29/2024,0.02
2/29/2024,0.02
2/29/2024,0.02
2/29/2024,0.021
2/29/2024,0.02
2/29/2024,0.02
2/29/2024,0.02
2/29/2024,0.02
2/29/2024,0.02
2/29/2024,0.02
2/29/2024,0.02
2/29/2024,0.02
2/29/2024,0.02
2/29/2024,0.02
2/29/2024,0.019
2/29/2024,0.019
2/29/2024,0.019
2/29/2024,0.019
2/29/2024,0.019
2/29/2024,0.019
2/29/2024,0.019
2/29/2024,0.019
2/29/2024,0.019
2/29/2024,0.019
2/29/2024,0.019
2/29/2024,0.018
2/29/2024,0.018
2/29/2024,0.019
2/29/2024,0.018
2/29/2024,0.018
2/29/2024,0.018
2/29/2024,0.018
2/29/2024,0.018
2/29/2024,0.018
2/29/2024,0.018
3/1/2024,0.017
3/1/2024,0.018
3/1/2024,0.018
3/1/2024,0.017
3/1/2024,0.017
3/1/2024,0.018
3/1/2024,0.017
3/1/2024,0.017
3/1/2024,0.016
3/1/2024,0.016
3/1/2024,0.016
3/1/2024,0.015
3/1/2024,0.015
3/1/2024,0.014
3/1/2024,0.015
3/1/2024,0.015
3/1/2024,0.015
3/1/2024,0.015
3/1/2024,0.015
3/1/2024,0.014
3/1/2024,0.015
3/1/2024,0.014
3/1/2024,0.014
3/1/2024,0.014
3/1/2024,0.015
3/1/2024,0.014
3/1/2024,0.015
3/1/2024,0.014
3/1/2024,0.014
3/1/2024,0.014
3/1/2024,0.014
3/1/2024,0.014
3/1/2024,0.014
3/1/2024,0.014
3/1/2024,0.014
3/1/2024,0.014
3/1/2024,0.014
3/1/2024,0.015
3/1/2024,0.015
3/1/2024,0.015
3/1/2024,0.016
3/1/2024,0.016
3/1/2024,0.016
3/1/2024,0.016
3/1/2024,0.017
3/1/2024,0.016
3/1/2024,0.017
3/1/2024,0.017
3/1/2024,0.018
3/1/2024,0.017
3/1/2024,0.017
3/1/2024,0.018
3/1/2024,0.017
3/1/2024,0.017
3/1/2024,0.017
3/1/2024,0.017
3/1/2024,0.017
3/1/2024,0.016
3/1/2024,0.017
3/1/2024,0.017
3/1/2024,0.017
3/1/2024,0.017
3/1/2024,0.017
3/1/2024,0.018
3/1/2024,0.017
3/1/2024,0.017
3/1/2024,0.017
3/1/2024,0.018
3/1/2024,0.018
3/1/2024,0.017
3/1/2024,0.016
3/1/2024,0.016
3/1/2024,0.016
3/1/2024,0.016
3/1/2024,0.017
3/1/2024,0.017
3/1/2024,0.017
3/1/2024,0.017
3/1/2024,0.017
3/1/2024,0.017
3/1/2024,0.018
3/1/2024,0.018
3/1/2024,0.018
3/1/2024,0.018
3/1/2024,0.018
3/1/2024,0.018
3/1/2024,0.019
3/1/2024,0.019
3/1/2024,0.019
3/1/2024,0.019
3/1/2024,0.019
3/1/2024,0.019
3/1/2024,0.019
3/1/2024,0.019
3/1/2024,0.018
3/1/2024,0.018
3/2/2024,0.019
3/2/2024,0.018
3/2/2024,0.018
3/2/2024,0.018
3/2/2024,0.019
3/2/2024,0.019
3/2/2024,0.019
3/2/2024,0.019
3/2/2024,0.018
3/2/2024,0.019
3/2/2024,0.019
3/2/2024,0.019
3/2/2024,0.019
3/2/2024,0.019
3/2/2024,0.019
3/2/2024,0.018
3/2/2024,0.018
3/2/2024,0.018
3/2/2024,0.018
3/2/2024,0.018
3/2/2024,0.018
3/2/2024,0.018
3/2/2024,0.017
3/2/2024,0.018
3/2/2024,0.017
3/2/2024,0.018
3/2/2024,0.018
3/2/2024,0.017
3/2/2024,0.017
3/2/2024,0.017
3/2/2024,0.018
3/2/2024,0.017
3/2/2024,0.017
3/2/2024,0.017
3/2/2024,0.017
3/2/2024,0.018
3/2/2024,0.018
3/2/2024,0.018
3/2/2024,0.017
3/2/2024,0.018
3/2/2024,0.018
3/2/2024,0.018
3/2/2024,0.018
3/2/2024,0.019
3/2/2024,0.019
3/2/2024,0.019
3/2/2024,0.019
3/2/2024,0.02
3/2/2024,0.022
3/2/2024,0.022
3/2/2024,0.023
3/2/2024,0.023
3/2/2024,0.024
3/2/2024,0.024
3/2/2024,0.024
3/2/2024,0.024
3/2/2024,0.024
3/2/2024,0.024
3/2/2024,0.023
3/2/2024,0.024
3/2/2024,0.023
3/2/2024,0.024
3/2/2024,0.023
3/2/2024,0.023
3/2/2024,0.022
3/2/2024,0.022
3/2/2024,0.022
3/2/2024,0.023
3/2/2024,0.023
3/2/2024,0.022
3/2/2024,0.022
3/2/2024,0.022
3/2/2024,0.021
3/2/2024,0.022
3/2/2024,0.021
3/2/2024,0.021
3/2/2024,0.021
3/2/2024,0.021
3/2/2024,0.021
3/2/2024,0.021
3/2/2024,0.021
3/2/2024,0.02
3/2/2024,0.021
3/2/2024,0.021
3/2/2024,0.02
3/2/2024,0.021
3/2/2024,0.021
3/2/2024,0.02
3/2/2024,0.019
3/2/2024,0.02
3/2/2024,0.02
3/2/2024,0.02
3/2/2024,0.02
3/2/2024,0.019
3/2/2024,0.019
3/2/2024,0.018
3/3/2024,0.018
3/3/2024,0.018
3/3/2024,0.017
3/3/2024,0.016
3/3/2024,0.016
3/3/2024,0.016
3/3/2024,0.016
3/3/2024,0.015
3/3/2024,0.015
3/3/2024,0.015
3/3/2024,0.014
3/3/2024,0.015
3/3/2024,0.014
3/3/2024,0.014
3/3/2024,0.014
3/3/2024,0.014
3/3/2024,0.014
3/3/2024,0.014
3/3/2024,0.013
3/3/2024,0.013
3/3/2024,0.013
3/3/2024,0.013
3/3/2024,0.013
3/3/2024,0.013
3/3/2024,0.013
3/3/2024,0.013
3/3/2024,0.013
3/3/2024,0.013
3/3/2024,0.013
3/3/2024,0.012
3/3/2024,0.013
3/3/2024,0.012
3/3/2024,0.012
3/3/2024,0.012
3/3/2024,0.012
3/3/2024,0.012
3/3/2024,0.012
3/3/2024,0.011
3/3/2024,0.011
3/3/2024,0.012
3/3/2024,0.012
3/3/2024,0.012
3/3/2024,0.012
3/3/2024,0.012
3/3/2024,0.013
3/3/2024,0.013
3/3/2024,0.013
3/3/2024,0.013
3/3/2024,0.014
3/3/2024,0.015
3/3/2024,0.016
3/3/2024,0.016
3/3/2024,0.017
3/3/2024,0.017
3/3/2024,0.017
3/3/2024,0.018
3/3/2024,0.017
3/3/2024,0.018
3/3/2024,0.017
3/3/2024,0.018
3/3/2024,0.018
3/3/2024,0.018
3/3/2024,0.018
3/3/2024,0.018
3/3/2024,0.018
3/3/2024,0.018
3/3/2024,0.018
3/3/2024,0.018
3/3/2024,0.018
3/3/2024,0.018
3/3/2024,0.018
3/3/2024,0.018
3/3/2024,0.018
3/3/2024,0.018
3/3/2024,0.018
3/3/2024,0.018
3/3/2024,0.018
3/3/2024,0.017
3/3/2024,0.017
3/3/2024,0.018
3/3/2024,0.017
3/3/2024,0.017
3/3/2024,0.016
3/3/2024,0.016
3/3/2024,0.017
3/3/2024,0.016
3/3/2024,0.016
3/3/2024,0.015
3/3/2024,0.015
3/3/2024,0.015
3/3/2024,0.014
3/3/2024,0.014
3/3/2024,0.014
3/3/2024,0.014
3/3/2024,0.014
3/3/2024,0.014
3/4/2024,0.014
3/4/2024,0.013
3/4/2024,0.013
3/4/2024,0.013
3/4/2024,0.013
3/4/2024,0.013
3/4/2024,0.013
3/4/2024,0.013
3/4/2024,0.013
3/4/2024,0.013
3/4/2024,0.013
3/4/2024,0.013
3/4/2024,0.013
3/4/2024,0.013
3/4/2024,0.013
3/4/2024,0.013
3/4/2024,0.013
3/4/2024,0.013
3/4/2024,0.013
3/4/2024,0.012
3/4/2024,0.013
3/4/2024,0.012
3/4/2024,0.012
3/4/2024,0.013
3/4/2024,0.012
3/4/2024,0.012
3/4/2024,0.012
3/4/2024,0.012
3/4/2024,0.012
3/4/2024,0.012
3/4/2024,0.012
3/4/2024,0.012
3/4/2024,0.012
3/4/2024,0.012
3/4/2024,0.012
3/4/2024,0.012
3/4/2024,0.012
3/4/2024,0.012
3/4/2024,0.012
3/4/2024,0.012
3/4/2024,0.012
3/4/2024,0.012
3/4/2024,0.013
3/4/2024,0.012
3/4/2024,0.012
3/4/2024,0.013
3/4/2024,0.012
3/4/2024,0.013
3/4/2024,0.013
3/4/2024,0.013
3/4/2024,0.013
3/4/2024,0.013
3/4/2024,0.013
3/4/2024,0.013
3/4/2024,0.014
3/4/2024,0.014
3/4/2024,0.015
3/4/2024,0.016
3/4/2024,0.016
3/4/2024,0.017
3/4/2024,0.017
3/4/2024,0.018
3/4/2024,0.017
3/4/2024,0.018
3/4/2024,0.017
3/4/2024,0.018
3/4/2024,0.018
3/4/2024,0.018
3/4/2024,0.018
3/4/2024,0.018
3/4/2024,0.018
3/4/2024,0.018
3/4/2024,0.017
3/4/2024,0.018
3/4/2024,0.017
3/4/2024,0.017
3/4/2024,0.018
3/4/2024,0.017
3/4/2024,0.017
3/4/2024,0.017
3/4/2024,0.017
3/4/2024,0.017
3/4/2024,0.017
3/4/2024,0.017
3/4/2024,0.016
3/4/2024,0.017
3/4/2024,0.015
3/4/2024,0.015
3/4/2024,0.014
3/4/2024,0.015
3/4/2024,0.014
3/4/2024,0.014
3/4/2024,0.014
3/4/2024,0.013
3/4/2024,0.014
3/4/2024,0.013
3/5/2024,0.013
3/5/2024,0.013
3/5/2024,0.013
3/5/2024,0.013
3/5/2024,0.012
3/5/2024,0.012
3/5/2024,0.012
3/5/2024,0.012
3/5/2024,0.013
3/5/2024,0.012
3/5/2024,0.012
3/5/2024,0.012
3/5/2024,0.012
3/5/2024,0.012
3/5/2024,0.012
3/5/2024,0.011
3/5/2024,0.011
3/5/2024,0.012
3/5/2024,0.011
3/5/2024,0.011
3/5/2024,0.011
3/5/2024,0.012
3/5/2024,0.011
3/5/2024,0.011
3/5/2024,0.011
3/5/2024,0.011
3/5/2024,0.011
3/5/2024,0.011
3/5/2024,0.011
3/5/2024,0.011
3/5/2024,0.011
3/5/2024,0.01
3/5/2024,0.011
3/5/2024,0.011
3/5/2024,0.01
3/5/2024,0.01
3/5/2024,0.01
3/5/2024,0.01
3/5/2024,0.01
3/5/2024,0.011
3/5/2024,0.011
3/5/2024,0.01
3/5/2024,0.011
3/5/2024,0.011
3/5/2024,0.011
3/5/2024,0.011
3/5/2024,0.011
3/5/2024,0.011
3/5/2024,0.011
3/5/2024,0.012
3/5/2024,0.012
3/5/2024,0.013
3/5/2024,0.014
3/5/2024,0.015
3/5/2024,0.016
3/5/2024,0.016
3/5/2024,0.017
3/5/2024,0.017
3/5/2024,0.017
3/5/2024,0.017
3/5/2024,0.018
3/5/2024,0.017
3/5/2024,0.017
3/5/2024,0.017
3/5/2024,0.017
3/5/2024,0.017
3/5/2024,0.017
3/5/2024,0.017
3/5/2024,0.017
3/5/2024,0.017
3/5/2024,0.017
3/5/2024,0.017
3/5/2024,0.017
3/5/2024,0.017
3/5/2024,0.016
3/5/2024,0.016
3/5/2024,0.016
3/5/2024,0.015
3/5/2024,0.015
3/5/2024,0.015
3/5/2024,0.015
3/5/2024,0.015
3/5/2024,0.014
3/5/2024,0.014
3/5/2024,0.014
3/5/2024,0.014
3/5/2024,0.014
3/5/2024,0.014
3/5/2024,0.014
3/5/2024,0.014
3/5/2024,0.014
3/5/2024,0.013
3/5/2024,0.013
3/5/2024,0.013
3/5/2024,0.013
3/5/2024,0.013
3/6/2024,0.013
3/6/2024,0.012
3/6/2024,0.012
3/6/2024,0.012
3/6/2024,0.012
3/6/2024,0.012
3/6/2024,0.012
3/6/2024,0.012
3/6/2024,0.012
3/6/2024,0.011
3/6/2024,0.011
3/6/2024,0.011
3/6/2024,0.012
3/6/2024,0.011
3/6/2024,0.011
3/6/2024,0.011
3/6/2024,0.011
3/6/2024,0.011
3/6/2024,0.011
3/6/2024,0.011
3/6/2024,0.011
3/6/2024,0.011
3/6/2024,0.011
3/6/2024,0.01
3/6/2024,0.01
3/6/2024,0.01
3/6/2024,0.01
3/6/2024,0.01
3/6/2024,0.01
3/6/2024,0.01
3/6/2024,0.01
3/6/2024,0.01
3/6/2024,0.01
3/6/2024,0.01
3/6/2024,0.01
3/6/2024,0.01
3/6/2024,0.01
3/6/2024,0.01
3/6/2024,0.01
3/6/2024,0.01
3/6/2024,0.009
3/6/2024,0.009
3/6/2024,0.01
3/6/2024,0.01
3/6/2024,0.01
3/6/2024,0.01
3/6/2024,0.01
3/6/2024,0.011
3/6/2024,0.011
3/6/2024,0.011
3/6/2024,0.011
3/6/2024,0.011
3/6/2024,0.011
3/6/2024,0.012
3/6/2024,0.012
3/6/2024,0.013
3/6/2024,0.014
3/6/2024,0.014
3/6/2024,0.014
3/6/2024,0.015
3/6/2024,0.015
3/6/2024,0.015
3/6/2024,0.015
3/6/2024,0.015
3/6/2024,0.015
3/6/2024,0.015
3/6/2024,0.016
3/6/2024,0.015
3/6/2024,0.015
3/6/2024,0.015
3/6/2024,0.014
3/6/2024,0.015
3/6/2024,0.014
3/6/2024,0.014
3/6/2024,0.014
3/6/2024,0.014
3/6/2024,0.014
3/6/2024,0.014
3/6/2024,0.013
3/6/2024,0.013
3/6/2024,0.013
3/6/2024,0.012
3/6/2024,0.012
3/6/2024,0.013
3/6/2024,0.012
3/6/2024,0.012
3/6/2024,0.012
3/6/2024,0.012
3/6/2024,0.012
3/6/2024,0.012
3/6/2024,0.011
3/6/2024,0.012
3/6/2024,0.011
3/6/2024,0.011
3/6/2024,0.011
3/6/2024,0.011
3/7/2024,0.011
3/7/2024,0.011
3/7/2024,0.011
3/7/2024,0.011
3/7/2024,0.01
3/7/2024,0.01
3/7/2024,0.01
3/7/2024,0.01
3/7/2024,0.01
3/7/2024,0.01
3/7/2024,0.01
3/7/2024,0.01
3/7/2024,0.01
3/7/2024,0.01
3/7/2024,0.01
3/7/2024,0.01
3/7/2024,0.01
3/7/2024,0.01
3/7/2024,0.009
3/7/2024,0.009
3/7/2024,0.01
3/7/2024,0.01
3/7/2024,0.009
3/7/2024,0.009
3/7/2024,0.009
3/7/2024,0.009
3/7/2024,0.009
3/7/2024,0.009
3/7/2024,0.009
3/7/2024,0.009
3/7/2024,0.009
3/7/2024,0.009
3/7/2024,0.009
3/7/2024,0.009
3/7/2024,0.009
3/7/2024,0.009
3/7/2024,0.009
3/7/2024,0.009
3/7/2024,0.009
3/7/2024,0.009
3/7/2024,0.013
3/7/2024,0.009
3/7/2024,0.009
3/7/2024,0.009
3/7/2024,0.009
3/7/2024,0.009
3/7/2024,0.009
3/7/2024,0.009
3/7/2024,0.009
3/7/2024,0.01
3/7/2024,0.01
3/7/2024,0.01
3/7/2024,0.01
3/7/2024,0.01
3/7/2024,0.01
3/7/2024,0.01
3/7/2024,0.011
3/7/2024,0.011
3/7/2024,0.012
3/7/2024,0.013
3/7/2024,0.013
3/7/2024,0.013
3/7/2024,0.014
3/7/2024,0.013
3/7/2024,0.013
3/7/2024,0.013
3/7/2024,0.013
3/7/2024,0.013
3/7/2024,0.013
3/7/2024,0.013
3/7/2024,0.013
3/7/2024,0.013
3/7/2024,0.013
3/7/2024,0.012
3/7/2024,0.012
3/7/2024,0.012
3/7/2024,0.012
3/7/2024,0.012
3/7/2024,0.012
3/7/2024,0.012
3/7/2024,0.011
3/7/2024,0.011
3/7/2024,0.011
3/7/2024,0.011
3/7/2024,0.011
3/7/2024,0.011
3/7/2024,0.011
3/7/2024,0.011
3/7/2024,0.011
3/7/2024,0.011
3/7/2024,0.01
3/7/2024,0.01
3/7/2024,0.01
3/7/2024,0.01
3/7/2024,0.01
3/7/2024,0.01
3/8/2024,0.01
3/8/2024,0.01
3/8/2024,0.01
3/8/2024,0.01
3/8/2024,0.01
3/8/2024,0.01
3/8/2024,0.009
3/8/2024,0.01
3/8/2024,0.009
3/8/2024,0.009
3/8/2024,0.009
3/8/2024,0.009
3/8/2024,0.009
3/8/2024,0.009
3/8/2024,0.009
3/8/2024,0.009
3/8/2024,0.009
3/8/2024,0.009
3/8/2024,0.009
3/8/2024,0.008
3/8/2024,0.009
3/8/2024,0.009
3/8/2024,0.009
3/8/2024,0.009
3/8/2024,0.008
3/8/2024,0.008
3/8/2024,0.008
3/8/2024,0.009
3/8/2024,0.008
3/8/2024,0.008
3/8/2024,0.008
3/8/2024,0.008
3/8/2024,0.008
3/8/2024,0.008
3/8/2024,0.008
3/8/2024,0.008
3/8/2024,0.008
3/8/2024,0.008
3/8/2024,0.008
3/8/2024,0.008
3/8/2024,0.008
3/8/2024,0.008
3/8/2024,0.008
3/8/2024,0.008
3/8/2024,0.008
3/8/2024,0.008
3/8/2024,0.008
3/8/2024,0.008
3/8/2024,0.009
3/8/2024,0.009
3/8/2024,0.009
3/8/2024,0.009
3/8/2024,0.009
3/8/2024,0.009
3/8/2024,0.01
3/8/2024,0.009
3/8/2024,0.009
3/8/2024,0.009
3/8/2024,0.009
3/8/2024,0.009
3/8/2024,0.009
3/8/2024,0.009
3/8/2024,0.009
3/8/2024,0.009
3/8/2024,0.01
3/8/2024,0.009
3/8/2024,0.009
3/8/2024,0.009
3/8/2024,0.009
3/8/2024,0.009
3/8/2024,0.009
3/8/2024,0.009
3/8/2024,0.009
3/8/2024,0.009
3/8/2024,0.009
3/8/2024,0.009
3/8/2024,0.009
3/8/2024,0.009
3/8/2024,0.009
3/8/2024,0.009
3/8/2024,0.009
3/8/2024,0.009
3/8/2024,0.009
3/8/2024,0.009
3/8/2024,0.009
3/8/2024,0.009
3/8/2024,0.009
3/8/2024,0.009
3/8/2024,0.009
3/8/2024,0.009
3/8/2024,0.008
3/8/2024,0.009
3/8/2024,0.008
3/8/2024,0.008
3/8/2024,0.009
3/8/2024,0.009
3/9/2024,0.009
3/9/2024,0.009
3/9/2024,0.008
3/9/2024,0.008
3/9/2024,0.008
3/9/2024,0.009
3/9/2024,0.008
3/9/2024,0.008
3/9/2024,0.008
3/9/2024,0.008
3/9/2024,0.008
3/9/2024,0.008
3/9/2024,0.008
3/9/2024,0.008
3/9/2024,0.008
3/9/2024,0.008
3/9/2024,0.008
3/9/2024,0.008
3/9/2024,0.008
3/9/2024,0.008
3/9/2024,0.008
3/9/2024,0.008
3/9/2024,0.008
3/9/2024,0.008
3/9/2024,0.008
3/9/2024,0.008
3/9/2024,0.008
3/9/2024,0.008
3/9/2024,0.008
3/9/2024,0.008
3/9/2024,0.008
3/9/2024,0.008
3/9/2024,0.007
3/9/2024,0.008
3/9/2024,0.008
3/9/2024,0.007
3/9/2024,0.007
3/9/2024,0.008
3/9/2024,0.008
3/9/2024,0.008
3/9/2024,0.008
3/9/2024,0.008
3/9/2024,0.008
3/9/2024,0.008
3/9/2024,0.008
3/9/2024,0.008
3/9/2024,0.008
3/9/2024,0.008
3/9/2024,0.008
3/9/2024,0.008
3/9/2024,0.008
3/9/2024,0.008
3/9/2024,0.008
3/9/2024,0.008
3/9/2024,0.008
3/9/2024,0.008
3/9/2024,0.008
3/9/2024,0.008
3/9/2024,0.008
3/9/2024,0.008
3/9/2024,0.008
3/9/2024,0.008
3/9/2024,0.008
3/9/2024,0.008
3/9/2024,0.008
3/9/2024,0.008
3/9/2024,0.008
3/9/2024,0.008
3/9/2024,0.008
3/9/2024,0.008
3/9/2024,0.008
3/9/2024,0.008
3/9/2024,0.008
3/9/2024,0.008
3/9/2024,0.008
3/9/2024,0.008
3/9/2024,0.008
3/9/2024,0.008
3/9/2024,0.008
3/9/2024,0.008
3/9/2024,0.008
3/9/2024,0.008
3/9/2024,0.008
3/9/2024,0.008
3/9/2024,0.008
3/9/2024,0.008
3/9/2024,0.008
3/9/2024,0.008
3/9/2024,0.008
3/9/2024,0.008
3/9/2024,0.008
3/9/2024,0.008
3/9/2024,0.008
3/9/2024,0.008
3/9/2024,0.008
3/9/2024,0.008
3/10/2024,0.008
3/10/2024,0.008
3/10/2024,0.008
3/10/2024,0.008
3/10/2024,0.008
3/10/2024,0.008
3/10/2024,0.008
3/10/2024,0.008
3/10/2024,0.008
3/10/2024,0.008
3/10/2024,0.008
3/10/2024,0.008
3/10/2024,0.008
3/10/2024,0.008
3/10/2024,0.008
3/10/2024,0.008
3/10/2024,0.008
3/10/2024,0.008
3/10/2024,0.008
3/10/2024,0.008
3/10/2024,0.008
3/10/2024,0.008
3/10/2024,0.008
3/10/2024,0.008
3/10/2024,0.008
3/10/2024,0.008
3/10/2024,0.008
3/10/2024,0.008
3/10/2024,0.008
3/10/2024,0.008
3/10/2024,0.008
3/10/2024,0.008
3/10/2024,0.008
3/10/2024,0.008
3/10/2024,0.008
3/10/2024,0.008
3/10/2024,0.008
3/10/2024,0.008
3/10/2024,0.009
3/10/2024,0.009
3/10/2024,0.009
3/10/2024,0.009
3/10/2024,0.009
3/10/2024,0.009
3/10/2024,0.01
3/10/2024,0.01
3/10/2024,0.01
3/10/2024,0.011
3/10/2024,0.011
3/10/2024,0.011
3/10/2024,0.012
3/10/2024,0.012
3/10/2024,0.011
3/10/2024,0.011
3/10/2024,0.011
3/10/2024,0.011
3/10/2024,0.012
3/10/2024,0.011
3/10/2024,0.012
3/10/2024,0.011
3/10/2024,0.011
3/10/2024,0.011
3/10/2024,0.01
3/10/2024,0.011
3/10/2024,0.011
3/10/2024,0.011
3/10/2024,0.011
3/10/2024,0.011
3/10/2024,0.013
3/10/2024,0.013
3/10/2024,0.014
3/10/2024,0.014
3/10/2024,0.014
3/10/2024,0.014
3/10/2024,0.014
3/10/2024,0.014
3/10/2024,0.014
3/10/2024,0.014
3/10/2024,0.014
3/10/2024,0.014
3/10/2024,0.013
3/10/2024,0.013
3/10/2024,0.013
3/10/2024,0.013
3/10/2024,0.012
3/10/2024,0.012
3/10/2024,0.013
3/10/2024,0.014
3/10/2024,0.014
3/10/2024,0.013
3/10/2024,0.013
3/10/2024,0.013
3/10/2024,0.013
3/10/2024,0.013
3/10/2024,0.014
3/10/2024,0.014
3/11/2024,0.014
3/11/2024,0.013
3/11/2024,0.014
3/11/2024,0.013
3/11/2024,0.013
3/11/2024,0.013
3/11/2024,0.013
3/11/2024,0.013
3/11/2024,0.013
3/11/2024,0.013
3/11/2024,0.013
3/11/2024,0.012
3/11/2024,0.012
3/11/2024,0.012
3/11/2024,0.012
3/11/2024,0.012
3/11/2024,0.012
3/11/2024,0.012
3/11/2024,0.011
3/11/2024,0.012
3/11/2024,0.012
3/11/2024,0.011
3/11/2024,0.011
3/11/2024,0.011
3/11/2024,0.011
3/11/2024,0.011
3/11/2024,0.011
3/11/2024,0.011
3/11/2024,0.011
3/11/2024,0.011
3/11/2024,0.01
3/11/2024,0.011
3/11/2024,0.011
3/11/2024,0.011
3/11/2024,0.011
3/11/2024,0.011
3/11/2024,0.01
3/11/2024,0.01
3/11/2024,0.01
3/11/2024,0.01
3/11/2024,0.011
3/11/2024,0.011
3/11/2024,0.011
3/11/2024,0.01
3/11/2024,0.011
3/11/2024,0.01
3/11/2024,0.01
3/11/2024,0.01
3/11/2024,0.01
3/11/2024,0.01
3/11/2024,0.01
3/11/2024,0.01
3/11/2024,0.01
3/11/2024,0.01
3/11/2024,0.01
3/11/2024,0.01
3/11/2024,0.01
3/11/2024,0.01
3/11/2024,0.01
3/11/2024,0.01
3/11/2024,0.01
3/11/2024,0.01
3/11/2024,0.009
3/11/2024,0.009
3/11/2024,0.01
3/11/2024,0.009
3/11/2024,0.009
3/11/2024,0.009
3/11/2024,0.009
3/11/2024,0.009
3/11/2024,0.009
3/11/2024,0.009
3/11/2024,0.009
3/11/2024,0.009
3/11/2024,0.009
3/11/2024,0.009
3/11/2024,0.009
3/11/2024,0.009
3/11/2024,0.01
3/11/2024,0.011
3/11/2024,0.013
3/11/2024,0.014
3/11/2024,0.014
3/11/2024,0.015
3/11/2024,0.015
3/11/2024,0.016
3/11/2024,0.016
3/11/2024,0.016
3/11/2024,0.016
3/11/2024,0.016
3/11/2024,0.016
3/11/2024,0.016
3/11/2024,0.016
3/11/2024,0.017
3/11/2024,0.017
3/11/2024,0.017
3/12/2024,0.018
3/12/2024,0.017
3/12/2024,0.017
3/12/2024,0.017
3/12/2024,0.017
3/12/2024,0.017
3/12/2024,0.017
3/12/2024,0.017
3/12/2024,0.018
3/12/2024,0.018
3/12/2024,0.018
3/12/2024,0.018
3/12/2024,0.019
3/12/2024,0.018
3/12/2024,0.019
3/12/2024,0.019
3/12/2024,0.019
3/12/2024,0.019
3/12/2024,0.019
3/12/2024,0.019
3/12/2024,0.019
3/12/2024,0.019
3/12/2024,0.019
3/12/2024,0.018
3/12/2024,0.019
3/12/2024,0.018
3/12/2024,0.018
3/12/2024,0.018
3/12/2024,0.018
3/12/2024,0.018
3/12/2024,0.017
3/12/2024,0.018
3/12/2024,0.017
3/12/2024,0.018
3/12/2024,0.017
3/12/2024,0.018
3/12/2024,0.017
3/12/2024,0.018
3/12/2024,0.018
3/12/2024,0.017
3/12/2024,0.018
3/12/2024,0.018
3/12/2024,0.018
3/12/2024,0.018
3/12/2024,0.018
3/12/2024,0.019
3/12/2024,0.018
3/12/2024,0.018
3/12/2024,0.018
3/12/2024,0.018
3/12/2024,0.018
3/12/2024,0.018
3/12/2024,0.019
3/12/2024,0.018
3/12/2024,0.018
3/12/2024,0.018
3/12/2024,0.018
3/12/2024,0.018
3/12/2024,0.017
3/12/2024,0.017
3/12/2024,0.016
3/12/2024,0.017
3/12/2024,0.016
3/12/2024,0.015
3/12/2024,0.015
3/12/2024,0.015
3/12/2024,0.014
3/12/2024,0.013
3/12/2024,0.014
3/12/2024,0.014
3/12/2024,0.014
3/12/2024,0.013
3/12/2024,0.013
3/12/2024,0.013
3/12/2024,0.013
3/12/2024,0.013
3/12/2024,0.013
3/12/2024,0.013
3/12/2024,0.013
3/12/2024,0.013
3/12/2024,0.013
3/12/2024,0.014
3/12/2024,0.014
3/12/2024,0.014
3/12/2024,0.014
3/12/2024,0.015
3/12/2024,0.014
3/12/2024,0.015
3/12/2024,0.015
3/12/2024,0.014
3/12/2024,0.015
3/12/2024,0.015
3/12/2024,0.014
3/12/2024,0.014
3/12/2024,0.014
3/12/2024,0.014
3/13/2024,0.014
3/13/2024,0.014
3/13/2024,0.014
3/13/2024,0.014
3/13/2024,0.013
3/13/2024,0.013
3/13/2024,0.013
3/13/2024,0.013
3/13/2024,0.013
3/13/2024,0.013
3/13/2024,0.013
3/13/2024,0.013
3/13/2024,0.013
3/13/2024,0.012
3/13/2024,0.012
3/13/2024,0.012
3/13/2024,0.012
3/13/2024,0.012
3/13/2024,0.012
3/13/2024,0.012
3/13/2024,0.012
3/13/2024,0.012
3/13/2024,0.011
3/13/2024,0.011
3/13/2024,0.011
3/13/2024,0.011
3/13/2024,0.011
3/13/2024,0.011
3/13/2024,0.011
3/13/2024,0.011
3/13/2024,0.011
3/13/2024,0.011
3/13/2024,0.011
3/13/2024,0.011
3/13/2024,0.01
3/13/2024,0.011
3/13/2024,0.011
3/13/2024,0.01
3/13/2024,0.011
3/13/2024,0.01
3/13/2024,0.01
3/13/2024,0.011
3/13/2024,0.011
3/13/2024,0.011
3/13/2024,0.011
3/13/2024,0.011
3/13/2024,0.011
3/13/2024,0.011
3/13/2024,0.011
3/13/2024,0.011
3/13/2024,0.011
3/13/2024,0.011
3/13/2024,0.011
3/13/2024,0.011
3/13/2024,0.011
3/13/2024,0.011
3/13/2024,0.011
3/13/2024,0.011
3/13/2024,0.01
3/13/2024,0.011
3/13/2024,0.01
3/13/2024,0.011
3/13/2024,0.01
3/13/2024,0.01
3/13/2024,0.01
3/13/2024,0.01
3/13/2024,0.01
3/13/2024,0.01
3/13/2024,0.01
3/13/2024,0.01
3/13/2024,0.01
3/13/2024,0.01
3/13/2024,0.01
3/13/2024,0.01
3/13/2024,0.01
3/13/2024,0.01
3/13/2024,0.01
3/13/2024,0.01
3/13/2024,0.01
3/13/2024,0.009
3/13/2024,0.01
3/13/2024,0.01
3/13/2024,0.01
3/13/2024,0.009
3/13/2024,0.009
3/13/2024,0.009
3/13/2024,0.01
3/13/2024,0.01
3/13/2024,0.01
3/13/2024,0.009
3/13/2024,0.009
3/13/2024,0.009
3/13/2024,0.01
3/13/2024,0.009
3/13/2024,0.01
3/13/2024,0.009
3/14/2024,0.009
3/14/2024,0.009
3/14/2024,0.009
3/14/2024,0.009
3/14/2024,0.009
3/14/2024,0.009
3/14/2024,0.009
3/14/2024,0.009
3/14/2024,0.009
3/14/2024,0.009
3/14/2024,0.009
3/14/2024,0.009
3/14/2024,0.009
3/14/2024,0.009
3/14/2024,0.009
3/14/2024,0.009
3/14/2024,0.009
3/14/2024,0.009
3/14/2024,0.009
3/14/2024,0.009
3/14/2024,0.009
3/14/2024,0.009
3/14/2024,0.009
3/14/2024,0.009
3/14/2024,0.008
3/14/2024,0.009
3/14/2024,0.008
3/14/2024,0.008
3/14/2024,0.008
3/14/2024,0.008
3/14/2024,0.008
3/14/2024,0.008
3/14/2024,0.008
3/14/2024,0.008
3/14/2024,0.008
3/14/2024,0.008
3/14/2024,0.008
3/14/2024,0.008
3/14/2024,0.008
3/14/2024,0.008
3/14/2024,0.008
3/14/2024,0.008
3/14/2024,0.009
3/14/2024,0.009
3/14/2024,0.009
3/14/2024,0.009
3/14/2024,0.009
3/14/2024,0.009
3/14/2024,0.009
3/14/2024,0.009
3/14/2024,0.009
3/14/2024,0.009
3/14/2024,0.009
3/14/2024,0.009
3/14/2024,0.009
3/14/2024,0.009
3/14/2024,0.009
3/14/2024,0.009
3/14/2024,0.009
3/14/2024,0.009
3/14/2024,0.009
3/14/2024,0.009
3/14/2024,0.009
3/14/2024,0.009
3/14/2024,0.009
3/14/2024,0.009
3/14/2024,0.009
3/14/2024,0.009
3/14/2024,0.008
3/14/2024,0.008
3/14/2024,0.008
3/14/2024,0.008
3/14/2024,0.008
3/14/2024,0.008
3/14/2024,0.008
3/14/2024,0.008
3/14/2024,0.008
3/14/2024,0.008
3/14/2024,0.008
3/14/2024,0.008
3/14/2024,0.008
3/14/2024,0.008
3/14/2024,0.008
3/14/2024,0.008
3/14/2024,0.008
3/14/2024,0.008
3/14/2024,0.008
3/14/2024,0.008
3/14/2024,0.008
3/14/2024,0.008
3/14/2024,0.008
3/14/2024,0.008
3/14/2024,0.008
3/14/2024,0.008
3/14/2024,0.008
3/15/2024,0.008
3/15/2024,0.008
3/15/2024,0.008
3/15/2024,0.008
3/15/2024,0.008
3/15/2024,0.008
3/15/2024,0.008
3/15/2024,0.008
3/15/2024,0.008
3/15/2024,0.008
3/15/2024,0.008
3/15/2024,0.008
3/15/2024,0.008
3/15/2024,0.008
3/15/2024,0.008
3/15/2024,0.008
3/15/2024,0.008
3/15/2024,0.008
3/15/2024,0.008
3/15/2024,0.008
3/15/2024,0.008
3/15/2024,0.008
3/15/2024,0.008
3/15/2024,0.008
3/15/2024,0.008
3/15/2024,0.008
3/15/2024,0.008
3/15/2024,0.008
3/15/2024,0.008
3/15/2024,0.008
3/15/2024,0.007
3/15/2024,0.007
3/15/2024,0.008
3/15/2024,0.008
3/15/2024,0.008
3/15/2024,0.008
3/15/2024,0.008
3/15/2024,0.007
3/15/2024,0.008
3/15/2024,0.008
3/15/2024,0.008
3/15/2024,0.008
3/15/2024,0.008
3/15/2024,0.008
3/15/2024,0.008
3/15/2024,0.008
3/15/2024,0.008
3/15/2024,0.008
3/15/2024,0.008
3/15/2024,0.008
3/15/2024,0.008
3/15/2024,0.008
3/15/2024,0.008
3/15/2024,0.008
3/15/2024,0.008
3/15/2024,0.008
3/15/2024,0.008
3/15/2024,0.008
3/15/2024,0.008
3/15/2024,0.008
3/15/2024,0.008
3/15/2024,0.008
3/15/2024,0.008
3/15/2024,0.008
3/15/2024,0.008
3/15/2024,0.008
3/15/2024,0.007
3/15/2024,0.008
3/15/2024,0.008
3/15/2024,0.008
3/15/2024,0.008
3/15/2024,0.008
3/15/2024,0.008
3/15/2024,0.007
3/15/2024,0.008
3/15/2024,0.007
3/15/2024,0.007
3/15/2024,0.007
3/15/2024,0.007
3/15/2024,0.007
3/15/2024,0.008
3/15/2024,0.007
3/15/2024,0.007
3/15/2024,0.007
3/15/2024,0.007
3/15/2024,0.007
3/15/2024,0.008
3/15/2024,0.007
3/15/2024,0.007
3/15/2024,0.007
3/15/2024,0.007
3/15/2024,0.007
3/15/2024,0.007
3/15/2024,0.007
3/15/2024,0.007
3/15/2024,0.007
3/16/2024,0.007
3/16/2024,0.007
3/16/2024,0.007
3/16/2024,0.007
3/16/2024,0.007
3/16/2024,0.007
3/16/2024,0.007
3/16/2024,0.007
3/16/2024,0.007
3/16/2024,0.007
3/16/2024,0.007
3/16/2024,0.007
3/16/2024,0.007
3/16/2024,0.007
3/16/2024,0.007
3/16/2024,0.007
3/16/2024,0.007
3/16/2024,0.007
3/16/2024,0.007
3/16/2024,0.007
3/16/2024,0.007
3/16/2024,0.007
3/16/2024,0.007
3/16/2024,0.007
3/16/2024,0.007
3/16/2024,0.007
3/16/2024,0.007
3/16/2024,0.007
3/16/2024,0.007
3/16/2024,0.007
3/16/2024,0.007
3/16/2024,0.007
3/16/2024,0.007
3/16/2024,0.007
3/16/2024,0.007
3/16/2024,0.007
3/16/2024,0.007
3/16/2024,0.007
3/16/2024,0.007
3/16/2024,0.007
3/16/2024,0.007
3/16/2024,0.007
3/16/2024,0.007
3/16/2024,0.007
3/16/2024,0.007
3/16/2024,0.007
3/16/2024,0.007
3/16/2024,0.007
3/16/2024,0.007
3/16/2024,0.007
3/16/2024,0.007
3/16/2024,0.007
3/16/2024,0.007
3/16/2024,0.007
3/16/2024,0.007
3/16/2024,0.007
3/16/2024,0.007
3/16/2024,0.007
3/16/2024,0.007
3/16/2024,0.007
3/16/2024,0.007
3/16/2024,0.007
3/16/2024,0.007
3/16/2024,0.007
3/16/2024,0.007
3/16/2024,0.007
3/16/2024,0.007
3/16/2024,0.007
3/16/2024,0.007
3/16/2024,0.007
3/16/2024,0.007
3/16/2024,0.007
3/16/2024,0.007
3/16/2024,0.007
3/16/2024,0.007
3/16/2024,0.007
3/16/2024,0.007
3/16/2024,0.007
3/16/2024,0.007
3/16/2024,0.006
3/16/2024,0.007
3/16/2024,0.006
3/16/2024,0.007
3/16/2024,0.007
3/16/2024,0.007
3/16/2024,0.006
3/16/2024,0.006
3/16/2024,0.007
3/16/2024,0.006
3/16/2024,0.006
3/16/2024,0.006
3/16/2024,0.007
3/16/2024,0.007
3/16/2024,0.007
3/16/2024,0.006
3/16/2024,0.007
3/17/2024,0.006
3/17/2024,0.006
3/17/2024,0.006
3/17/2024,0.007
3/17/2024,0.007
3/17/2024,0.006
3/17/2024,0.006
3/17/2024,0.006
3/17/2024,0.007
3/17/2024,0.006
3/17/2024,0.007
3/17/2024,0.006
3/17/2024,0.006
3/17/2024,0.007
3/17/2024,0.006
3/17/2024,0.006
3/17/2024,0.006
3/17/2024,0.006
3/17/2024,0.006
3/17/2024,0.006
3/17/2024,0.006
3/17/2024,0.006
3/17/2024,0.006
3/17/2024,0.006
3/17/2024,0.006
3/17/2024,0.006
3/17/2024,0.006
3/17/2024,0.006
3/17/2024,0.006
3/17/2024,0.006
3/17/2024,0.006
3/17/2024,0.006
3/17/2024,0.006
3/17/2024,0.006
3/17/2024,0.006
3/17/2024,0.006
3/17/2024,0.006
3/17/2024,0.006
3/17/2024,0.006
3/17/2024,0.006
3/17/2024,0.006
3/17/2024,0.006
3/17/2024,0.006
3/17/2024,0.006
3/17/2024,0.006
3/17/2024,0.006
3/17/2024,0.006
3/17/2024,0.006
3/17/2024,0.006
3/17/2024,0.006
3/17/2024,0.006
3/17/2024,0.006
3/17/2024,0.006
3/17/2024,0.006
3/17/2024,0.006
3/17/2024,0.006
3/17/2024,0.006
3/17/2024,0.006
3/17/2024,0.006
3/17/2024,0.006
3/17/2024,0.006
3/17/2024,0.006
3/17/2024,0.006
3/17/2024,0.006
3/17/2024,0.006
3/17/2024,0.006
3/17/2024,0.006
3/17/2024,0.006
3/17/2024,0.006
3/17/2024,0.006
3/17/2024,0.006
3/17/2024,0.006
3/17/2024,0.006
3/17/2024,0.006
3/17/2024,0.006
3/17/2024,0.006
3/17/2024,0.006
3/17/2024,0.006
3/17/2024,0.006
3/17/2024,0.006
3/17/2024,0.006
3/17/2024,0.006
3/17/2024,0.006
3/17/2024,0.006
3/17/2024,0.006
3/17/2024,0.006
3/17/2024,0.006
3/17/2024,0.006
3/17/2024,0.006
3/17/2024,0.006
3/17/2024,0.006
3/17/2024,0.006
3/17/2024,0.006
3/17/2024,0.006
3/17/2024,0.006
3/17/2024,0.006
3/18/2024,0.006
3/18/2024,0.006
3/18/2024,0.006
3/18/2024,0.006
3/18/2024,0.006
3/18/2024,0.006
3/18/2024,0.006
3/18/2024,0.006
3/18/2024,0.006
3/18/2024,0.006
3/18/2024,0.006
3/18/2024,0.006
3/18/2024,0.006
3/18/2024,0.006
3/18/2024,0.006
3/18/2024,0.006
3/18/2024,0.006
3/18/2024,0.006
3/18/2024,0.006
3/18/2024,0.006
3/18/2024,0.006
3/18/2024,0.006
3/18/2024,0.006
3/18/2024,0.006
3/18/2024,0.006
3/18/2024,0.005
3/18/2024,0.006
3/18/2024,0.006
3/18/2024,0.006
3/18/2024,0.006
3/18/2024,0.006
3/18/2024,0.006
3/18/2024,0.006
3/18/2024,0.005
3/18/2024,0.005
3/18/2024,0.006
3/18/2024,0.006
3/18/2024,0.006
3/18/2024,0.006
3/18/2024,0.005
3/18/2024,0.006
3/18/2024,0.006
3/18/2024,0.006
3/18/2024,0.006
3/18/2024,0.006
3/18/2024,0.006
3/18/2024,0.006
3/18/2024,0.006
3/18/2024,0.006
3/18/2024,0.006
3/18/2024,0.005
3/18/2024,0.005
3/18/2024,0.005
3/18/2024,0.005
3/18/2024,0.006
3/18/2024,0.005
3/18/2024,0.005
3/18/2024,0.005
3/18/2024,0.005
3/18/2024,0.005
3/18/2024,0.005
3/18/2024,0.005
3/18/2024,0.005
3/18/2024,0.005
3/18/2024,0.005
3/18/2024,0.005
3/18/2024,0.005
3/18/2024,0.005
3/18/2024,0.005
3/18/2024,0.005
3/18/2024,0.005
3/18/2024,0.005
3/18/2024,0.005
3/18/2024,0.005
3/18/2024,0.005
3/18/2024,0.005
3/18/2024,0.005
3/18/2024,0.005
3/18/2024,0.005
3/18/2024,0.005
3/18/2024,0.005
3/18/2024,0.005
3/18/2024,0.005
3/18/2024,0.005
3/18/2024,0.005
3/18/2024,0.005
3/18/2024,0.005
3/18/2024,0.005
3/18/2024,0.005
3/18/2024,0.005
3/18/2024,0.005
3/18/2024,0.005
3/18/2024,0.005
3/18/2024,0.005
3/18/2024,0.005
3/18/2024,0.005
3/19/2024,0.005
3/19/2024,0.005
3/19/2024,0.005
3/19/2024,0.005
3/19/2024,0.005
3/19/2024,0.005
3/19/2024,0.005
3/19/2024,0.005
3/19/2024,0.005
3/19/2024,0.005
3/19/2024,0.005
3/19/2024,0.005
3/19/2024,0.005
3/19/2024,0.005
3/19/2024,0.005
3/19/2024,0.005
3/19/2024,0.005
3/19/2024,0.005
3/19/2024,0.005
3/19/2024,0.005
3/19/2024,0.005
3/19/2024,0.005
3/19/2024,0.005
3/19/2024,0.005
3/19/2024,0.005
3/19/2024,0.005
3/19/2024,0.005
3/19/2024,0.005
3/19/2024,0.005
3/19/2024,0.005
3/19/2024,0.005
3/19/2024,0.005
3/19/2024,0.005
3/19/2024,0.005
3/19/2024,0.005
3/19/2024,0.005
3/19/2024,0.005
3/19/2024,0.005
3/19/2024,0.005
3/19/2024,0.005
3/19/2024,0.005
3/19/2024,0.005
3/19/2024,0.005
3/19/2024,0.005
3/19/2024,0.005
3/19/2024,0.005
3/19/2024,0.005
3/19/2024,0.005
3/19/2024,0.005
3/19/2024,0.005
3/19/2024,0.005
3/19/2024,0.005
3/19/2024,0.005
3/19/2024,0.005
3/19/2024,0.005
3/19/2024,0.005
3/19/2024,0.005
3/19/2024,0.005
3/19/2024,0.005
3/19/2024,0.005
3/19/2024,0.005
3/19/2024,0.005
3/19/2024,0.005
3/19/2024,0.005
3/19/2024,0.005
3/19/2024,0.005
3/19/2024,0.005
3/19/2024,0.005
3/19/2024,0.005
3/19/2024,0.005
3/19/2024,0.005
3/19/2024,0.005
3/19/2024,0.005
3/19/2024,0.005
3/19/2024,0.005
3/19/2024,0.005
3/19/2024,0.005
3/19/2024,0.005
3/19/2024,0.005
3/19/2024,0.005
3/19/2024,0.005
3/19/2024,0.005
3/19/2024,0.005
3/19/2024,0.005
3/19/2024,0.005
3/19/2024,0.005
3/19/2024,0.005
3/19/2024,0.005
3/19/2024,0.005
3/19/2024,0.005
3/19/2024,0.005
3/19/2024,0.005
3/19/2024,0.005
3/19/2024,0.005
3/19/2024,0.005
3/19/2024,0.005
3/20/2024,0.005
3/20/2024,0.005
3/20/2024,0.005
3/20/2024,0.005
3/20/2024,0.005
3/20/2024,0.005
3/20/2024,0.005
3/20/2024,0.005
3/20/2024,0.005
3/20/2024,0.005
3/20/2024,0.005
3/20/2024,0.005
3/20/2024,0.005
3/20/2024,0.005
3/20/2024,0.005
3/20/2024,0.005
3/20/2024,0.005
3/20/2024,0.005
3/20/2024,0.005
3/20/2024,0.005
3/20/2024,0.005
3/20/2024,0.004
3/20/2024,0.005
3/20/2024,0.005
3/20/2024,0.005
3/20/2024,0.005
3/20/2024,0.005
3/20/2024,0.005
3/20/2024,0.005
3/20/2024,0.005
3/20/2024,0.005
3/20/2024,0.005
3/20/2024,0.005
3/20/2024,0.005
3/20/2024,0.005
3/20/2024,0.005
3/20/2024,0.005
3/20/2024,0.004
3/20/2024,0.004
3/20/2024,0.005
3/20/2024,0.005
3/20/2024,0.005
3/20/2024,0.005
3/20/2024,0.005
3/20/2024,0.005
3/20/2024,0.005
3/20/2024,0.004
3/20/2024,0.005
3/20/2024,0.004
3/20/2024,0.005
3/20/2024,0.005
3/20/2024,0.005
3/20/2024,0.005
3/20/2024,0.005
3/20/2024,0.004
3/20/2024,0.004
3/20/2024,0.004
3/20/2024,0.004
3/20/2024,0.005
3/20/2024,0.004
3/20/2024,0.005
3/20/2024,0.004
3/20/2024,0.004
3/20/2024,0.004
3/20/2024,0.004
3/20/2024,0.004
3/20/2024,0.004
3/20/2024,0.004
3/20/2024,0.004
3/20/2024,0.004
3/20/2024,0.004
3/20/2024,0.004
3/20/2024,0.004
3/20/2024,0.004
3/20/2024,0.004
3/20/2024,0.004
3/20/2024,0.004
3/20/2024,0.004
3/20/2024,0.004
3/20/2024,0.004
3/20/2024,0.004
3/20/2024,0.004
3/20/2024,0.004
3/20/2024,0.004
3/20/2024,0.004
3/20/2024,0.004
3/20/2024,0.004
3/20/2024,0.004
3/20/2024,0.004
3/20/2024,0.004
3/20/2024,0.004
3/20/2024,0.004
3/20/2024,0.004
3/20/2024,0.004
3/20/2024,0.004
3/20/2024,0.004
3/21/2024,0.004
3/21/2024,0.004
3/21/2024,0.004
3/21/2024,0.004
3/21/2024,0.004
3/21/2024,0.004
3/21/2024,0.004
3/21/2024,0.004
3/21/2024,0.004
3/21/2024,0.004
3/21/2024,0.004
3/21/2024,0.004
3/21/2024,0.004
3/21/2024,0.004
3/21/2024,0.004
3/21/2024,0.004
3/21/2024,0.004
3/21/2024,0.004
3/21/2024,0.004
3/21/2024,0.004
3/21/2024,0.004
3/21/2024,0.004
3/21/2024,0.004
3/21/2024,0.004
3/21/2024,0.004
3/21/2024,0.004
3/21/2024,0.004
3/21/2024,0.004
3/21/2024,0.004
3/21/2024,0.004
3/21/2024,0.004
3/21/2024,0.004
3/21/2024,0.004
3/21/2024,0.004
3/21/2024,0.004
3/21/2024,0.004
3/21/2024,0.004
3/21/2024,0.004
3/21/2024,0.004
3/21/2024,0.004
3/21/2024,0.004
3/21/2024,0.004
3/21/2024,0.004
3/21/2024,0.004
3/21/2024,0.004
3/21/2024,0.004
3/21/2024,0.004
3/21/2024,0.004
3/21/2024,0.004
3/21/2024,0.004
3/21/2024,0.004
3/21/2024,0.004
3/21/2024,0.004
3/21/2024,0.004
3/21/2024,0.004
3/21/2024,0.005
3/21/2024,0.004
3/21/2024,0.004
3/21/2024,0.004
3/21/2024,0.004
3/21/2024,0.004
3/21/2024,0.004
3/21/2024,0.004
3/21/2024,0.004
3/21/2024,0.004
3/21/2024,0.004
3/21/2024,0.004
3/21/2024,0.004
3/21/2024,0.004
3/21/2024,0.004
3/21/2024,0.004
3/21/2024,0.004
3/21/2024,0.004
3/21/2024,0.004
3/21/2024,0.004
3/21/2024,0.004
3/21/2024,0.004
3/21/2024,0.004
3/21/2024,0.004
3/21/2024,0.004
3/21/2024,0.004
3/21/2024,0.004
3/21/2024,0.004
3/21/2024,0.004
3/21/2024,0.004
3/21/2024,0.004
3/21/2024,0.004
3/21/2024,0.004
3/21/2024,0.004
3/21/2024,0.004
3/21/2024,0.004
3/21/2024,0.004
3/21/2024,0.004
3/21/2024,0.004
3/21/2024,0.004
3/21/2024,0.004
3/22/2024,0.004
3/22/2024,0.004
3/22/2024,0.004
3/22/2024,0.004
3/22/2024,0.004
3/22/2024,0.004
3/22/2024,0.004
3/22/2024,0.004
3/22/2024,0.004
3/22/2024,0.004
3/22/2024,0.004
3/22/2024,0.004
3/22/2024,0.004
3/22/2024,0.004
3/22/2024,0.004
3/22/2024,0.004
3/22/2024,0.004
3/22/2024,0.004
3/22/2024,0.004
3/22/2024,0.004
3/22/2024,0.004
3/22/2024,0.004
3/22/2024,0.004
3/22/2024,0.004
3/22/2024,0.004
3/22/2024,0.004
3/22/2024,0.004
3/22/2024,0.004
3/22/2024,0.004
3/22/2024,0.004
3/22/2024,0.004
3/22/2024,0.004
3/22/2024,0.004
3/22/2024,0.004
3/22/2024,0.004
3/22/2024,0.004
3/22/2024,0.004
3/22/2024,0.003
3/22/2024,0.004
3/22/2024,0.004
3/22/2024,0.004
3/22/2024,0.004
3/22/2024,0.004
3/22/2024,0.004
3/22/2024,0.004
3/22/2024,0.004
3/22/2024,0.004
3/22/2024,0.004
3/22/2024,0.004
3/22/2024,0.004
3/22/2024,0.004
3/22/2024,0.004
3/22/2024,0.004
3/22/2024,0.004
3/22/2024,0.004
3/22/2024,0.004
3/22/2024,0.004
3/22/2024,0.004
3/22/2024,0.004
3/22/2024,0.004
3/22/2024,0.004
3/22/2024,0.004
3/22/2024,0.004
3/22/2024,0.004
3/22/2024,0.004
3/22/2024,0.004
3/22/2024,0.004
3/22/2024,0.004
3/22/2024,0.004
3/22/2024,0.004
3/22/2024,0.004
3/22/2024,0.004
3/22/2024,0.004
3/22/2024,0.004
3/22/2024,0.004
3/22/2024,0.004
3/22/2024,0.004
3/22/2024,0.004
3/22/2024,0.004
3/22/2024,0.004
3/22/2024,0.004
3/22/2024,0.004
3/22/2024,0.004
3/22/2024,0.004
3/22/2024,0.004
3/22/2024,0.004
3/22/2024,0.004
3/22/2024,0.004
3/22/2024,0.004
3/22/2024,0.004
3/22/2024,0.004
3/22/2024,0.004
3/22/2024,0.004
3/22/2024,0.004
3/22/2024,0.004
3/22/2024,0.004
3/23/2024,0.004
3/23/2024,0.004
3/23/2024,0.004
3/23/2024,0.004
3/23/2024,0.004
3/23/2024,0.004
3/23/2024,0.004
3/23/2024,0.004
3/23/2024,0.004
3/23/2024,0.004
3/23/2024,0.004
3/23/2024,0.004
3/23/2024,0.004
3/23/2024,0.004
3/23/2024,0.004
3/23/2024,0.004
3/23/2024,0.004
3/23/2024,0.004
3/23/2024,0.004
3/23/2024,0.004
3/23/2024,0.004
3/23/2024,0.004
3/23/2024,0.004
3/23/2024,0.004
3/23/2024,0.004
3/23/2024,0.004
3/23/2024,0.004
3/23/2024,0.004
3/23/2024,0.004
3/23/2024,0.004
3/23/2024,0.004
3/23/2024,0.004
3/23/2024,0.004
3/23/2024,0.004
3/23/2024,0.004
3/23/2024,0.004
3/23/2024,0.004
3/23/2024,0.004
3/23/2024,0.004
3/23/2024,0.004
3/23/2024,0.005
3/23/2024,0.005
3/23/2024,0.006
3/23/2024,0.007
3/23/2024,0.007
3/23/2024,0.007
3/23/2024,0.007
3/23/2024,0.007
3/23/2024,0.007
3/23/2024,0.007
3/23/2024,0.007
3/23/2024,0.007
3/23/2024,0.007
3/23/2024,0.007
3/23/2024,0.006
3/23/2024,0.006
3/23/2024,0.006
3/23/2024,0.006
3/23/2024,0.006
3/23/2024,0.006
3/23/2024,0.006
3/23/2024,0.006
3/23/2024,0.005
3/23/2024,0.005
3/23/2024,0.006
3/23/2024,0.005
3/23/2024,0.005
3/23/2024,0.005
3/23/2024,0.005
3/23/2024,0.005
3/23/2024,0.005
3/23/2024,0.005
3/23/2024,0.005
3/23/2024,0.005
3/23/2024,0.005
3/23/2024,0.005
3/23/2024,0.005
3/23/2024,0.005
3/23/2024,0.005
3/23/2024,0.005
3/23/2024,0.005
3/23/2024,0.005
3/23/2024,0.005
3/23/2024,0.005
3/23/2024,0.005
3/23/2024,0.005
3/23/2024,0.005
3/23/2024,0.004
3/23/2024,0.005
3/23/2024,0.005
3/23/2024,0.005
3/23/2024,0.005
3/23/2024,0.005
3/23/2024,0.005
3/23/2024,0.005
3/23/2024,0.005
3/24/2024,0.004
3/24/2024,0.004
3/24/2024,0.004
3/24/2024,0.005
3/24/2024,0.005
3/24/2024,0.005
3/24/2024,0.005
3/24/2024,0.005
3/24/2024,0.005
3/24/2024,0.005
3/24/2024,0.005
3/24/2024,0.005
3/24/2024,0.005
3/24/2024,0.005
3/24/2024,0.005
3/24/2024,0.005
3/24/2024,0.005
3/24/2024,0.006
3/24/2024,0.006
3/24/2024,0.007
3/24/2024,0.007
3/24/2024,0.01
3/24/2024,0.013
3/24/2024,0.014
3/24/2024,0.014
3/24/2024,0.015
3/24/2024,0.015
3/24/2024,0.014
3/24/2024,0.014
3/24/2024,0.015
3/24/2024,0.015
3/24/2024,0.015
3/24/2024,0.015
3/24/2024,0.016
3/24/2024,0.016
3/24/2024,0.015
3/24/2024,0.016
3/24/2024,0.016
3/24/2024,0.016
3/24/2024,0.016
3/24/2024,0.015
3/24/2024,0.015
3/24/2024,0.014
3/24/2024,0.015
3/24/2024,0.014
3/24/2024,0.014
3/24/2024,0.014
3/24/2024,0.014
3/24/2024,0.014
3/24/2024,0.014
3/24/2024,0.014
3/24/2024,0.015
3/24/2024,0.015
3/24/2024,0.015
3/24/2024,0.016
3/24/2024,0.016
3/24/2024,0.016
3/24/2024,0.016
3/24/2024,0.016
3/24/2024,0.016
3/24/2024,0.017
3/24/2024,0.017
3/24/2024,0.017
3/24/2024,0.017
3/24/2024,0.017
3/24/2024,0.017
3/24/2024,0.017
3/24/2024,0.017
3/24/2024,0.016
3/24/2024,0.015
3/24/2024,0.015
3/24/2024,0.015
3/24/2024,0.014
3/24/2024,0.014
3/24/2024,0.013
3/24/2024,0.012
3/24/2024,0.012
3/24/2024,0.011
3/24/2024,0.011
3/24/2024,0.011
3/24/2024,0.011
3/24/2024,0.011
3/24/2024,0.01
3/24/2024,0.01
3/24/2024,0.01
3/24/2024,0.01
3/24/2024,0.01
3/24/2024,0.01
3/24/2024,0.009
3/24/2024,0.009
3/24/2024,0.009
3/24/2024,0.009
3/24/2024,0.009
3/24/2024,0.008
3/24/2024,0.008
3/24/2024,0.008
3/25/2024,0.008
3/25/2024,0.008
3/25/2024,0.008
3/25/2024,0.008
3/25/2024,0.008
3/25/2024,0.008
3/25/2024,0.008
3/25/2024,0.008
3/25/2024,0.008
3/25/2024,0.007
3/25/2024,0.007
3/25/2024,0.007
3/25/2024,0.007
3/25/2024,0.007
3/25/2024,0.007
3/25/2024,0.007
3/25/2024,0.007
3/25/2024,0.007
3/25/2024,0.007
3/25/2024,0.007
3/25/2024,0.007
3/25/2024,0.007
3/25/2024,0.007
3/25/2024,0.006
3/25/2024,0.007
3/25/2024,0.006
3/25/2024,0.006
3/25/2024,0.006
3/25/2024,0.006
3/25/2024,0.006
3/25/2024,0.006
3/25/2024,0.006
3/25/2024,0.006
3/25/2024,0.006
3/25/2024,0.006
3/25/2024,0.006
3/25/2024,0.006
3/25/2024,0.006
3/25/2024,0.006
3/25/2024,0.006
3/25/2024,0.006
3/25/2024,0.006
3/25/2024,0.006
3/25/2024,0.007
3/25/2024,0.006
3/25/2024,0.006
3/25/2024,0.006
3/25/2024,0.007
3/25/2024,0.007
3/25/2024,0.006
3/25/2024,0.007
3/25/2024,0.006
3/25/2024,0.006
3/25/2024,0.006
3/25/2024,0.007
3/25/2024,0.007
3/25/2024,0.006
3/25/2024,0.007
3/25/2024,0.007
3/25/2024,0.007
3/25/2024,0.006
3/25/2024,0.007
3/25/2024,0.007
3/25/2024,0.007
3/25/2024,0.007
3/25/2024,0.007
3/25/2024,0.006
3/25/2024,0.006
3/25/2024,0.006
3/25/2024,0.006
3/25/2024,0.006
3/25/2024,0.006
3/25/2024,0.006
3/25/2024,0.006
3/25/2024,0.006
3/25/2024,0.006
3/25/2024,0.006
3/25/2024,0.006
3/25/2024,0.006
3/25/2024,0.006
3/25/2024,0.006
3/25/2024,0.006
3/25/2024,0.006
3/25/2024,0.006
3/25/2024,0.006
3/25/2024,0.006
3/25/2024,0.006
3/25/2024,0.006
3/25/2024,0.006
3/25/2024,0.006
3/25/2024,0.006
3/25/2024,0.006
3/25/2024,0.006
3/25/2024,0.006
3/25/2024,0.006
3/25/2024,0.006
3/26/2024,0.006
3/26/2024,0.006
3/26/2024,0.006
3/26/2024,0.006
3/26/2024,0.006
3/26/2024,0.006
3/26/2024,0.006
3/26/2024,0.006
3/26/2024,0.006
3/26/2024,0.005
3/26/2024,0.005
3/26/2024,0.006
3/26/2024,0.005
3/26/2024,0.005
3/26/2024,0.005
3/26/2024,0.006
3/26/2024,0.006
3/26/2024,0.006
3/26/2024,0.005
3/26/2024,0.005
3/26/2024,0.005
3/26/2024,0.006
3/26/2024,0.005
3/26/2024,0.005
3/26/2024,0.005
3/26/2024,0.005
3/26/2024,0.005
3/26/2024,0.005
3/26/2024,0.005
3/26/2024,0.006
3/26/2024,0.005
3/26/2024,0.005
3/26/2024,0.005
3/26/2024,0.005
3/26/2024,0.006
3/26/2024,0.005
3/26/2024,0.005
3/26/2024,0.006
3/26/2024,0.005
3/26/2024,0.005
3/26/2024,0.005
3/26/2024,0.006
3/26/2024,0.005
3/26/2024,0.005
3/26/2024,0.006
3/26/2024,0.005
3/26/2024,0.005
3/26/2024,0.005
3/26/2024,0.005
3/26/2024,0.005
3/26/2024,0.005
3/26/2024,0.005
3/26/2024,0.005
3/26/2024,0.005
3/26/2024,0.005
3/26/2024,0.005
3/26/2024,0.005
3/26/2024,0.005
3/26/2024,0.005
3/26/2024,0.005
3/26/2024,0.005
3/26/2024,0.005
3/26/2024,0.005
3/26/2024,0.005
3/26/2024,0.005
3/26/2024,0.005
3/26/2024,0.005
3/26/2024,0.005
3/26/2024,0.005
3/26/2024,0.005
3/26/2024,0.005
3/26/2024,0.005
3/26/2024,0.005
3/26/2024,0.005
3/26/2024,0.005
3/26/2024,0.005
3/26/2024,0.005
3/26/2024,0.005
3/26/2024,0.005
3/26/2024,0.005
3/26/2024,0.005
3/26/2024,0.005
3/26/2024,0.005
3/26/2024,0.005
3/26/2024,0.005
3/26/2024,0.005
3/26/2024,0.005
3/26/2024,0.005
3/26/2024,0.005
3/26/2024,0.005
3/26/2024,0.005
3/26/2024,0.005
3/26/2024,0.005
3/26/2024,0.005
3/26/2024,0.005
3/26/2024,0.005
3/27/2024,0.005
3/27/2024,0.005
3/27/2024,0.005
3/27/2024,0.005
3/27/2024,0.005
3/27/2024,0.005
3/27/2024,0.005
3/27/2024,0.005
3/27/2024,0.005
3/27/2024,0.005
3/27/2024,0.005
3/27/2024,0.004
3/27/2024,0.005
3/27/2024,0.005
3/27/2024,0.005
3/27/2024,0.005
3/27/2024,0.005
3/27/2024,0.005
3/27/2024,0.005
3/27/2024,0.004
3/27/2024,0.004
3/27/2024,0.004
3/27/2024,0.004
3/27/2024,0.004
3/27/2024,0.005
3/27/2024,0.005
3/27/2024,0.004
3/27/2024,0.004
3/27/2024,0.004
3/27/2024,0.004
3/27/2024,0.004
3/27/2024,0.004
3/27/2024,0.004
3/27/2024,0.004
3/27/2024,0.004
3/27/2024,0.004
3/27/2024,0.004
3/27/2024,0.004
3/27/2024,0.004
3/27/2024,0.004
3/27/2024,0.004
3/27/2024,0.004
3/27/2024,0.004
3/27/2024,0.004
3/27/2024,0.004
3/27/2024,0.004
3/27/2024,0.004
3/27/2024,0.004
3/27/2024,0.004
3/27/2024,0.004
3/27/2024,0.004
3/27/2024,0.004
3/27/2024,0.004
3/27/2024,0.004
3/27/2024,0.004
3/27/2024,0.004
3/27/2024,0.004
3/27/2024,0.005
3/27/2024,0.004
3/27/2024,0.004
3/27/2024,0.004
3/27/2024,0.004
3/27/2024,0.004
3/27/2024,0.005
3/27/2024,0.005
3/27/2024,0.005
3/27/2024,0.005
3/27/2024,0.005
3/27/2024,0.005
3/27/2024,0.005
3/27/2024,0.005
3/27/2024,0.006
3/27/2024,0.009
3/27/2024,0.01
3/27/2024,0.011
3/27/2024,0.012
3/27/2024,0.013
3/27/2024,0.013
3/27/2024,0.014
3/27/2024,0.014
3/27/2024,0.014
3/27/2024,0.014
3/27/2024,0.014
3/27/2024,0.014
3/27/2024,0.014
3/27/2024,0.014
3/27/2024,0.014
3/27/2024,0.014
3/27/2024,0.014
3/27/2024,0.014
3/27/2024,0.014
3/27/2024,0.014
3/27/2024,0.013
3/27/2024,0.013
3/27/2024,0.013
3/27/2024,0.012
3/28/2024,0.012
3/28/2024,0.012
3/28/2024,0.012
3/28/2024,0.012
3/28/2024,0.012
3/28/2024,0.011
3/28/2024,0.011
3/28/2024,0.011
3/28/2024,0.011
3/28/2024,0.011
3/28/2024,0.011
3/28/2024,0.011
3/28/2024,0.011
3/28/2024,0.01
3/28/2024,0.01
3/28/2024,0.01
3/28/2024,0.01
3/28/2024,0.01
3/28/2024,0.01
3/28/2024,0.01
3/28/2024,0.01
3/28/2024,0.01
3/28/2024,0.01
3/28/2024,0.01
3/28/2024,0.01
3/28/2024,0.009
3/28/2024,0.009
3/28/2024,0.009
3/28/2024,0.009
3/28/2024,0.009
3/28/2024,0.009
3/28/2024,0.009
3/28/2024,0.009
3/28/2024,0.009
3/28/2024,0.009
3/28/2024,0.009
3/28/2024,0.009
3/28/2024,0.009
3/28/2024,0.009
3/28/2024,0.009
3/28/2024,0.009
3/28/2024,0.009
3/28/2024,0.009
3/28/2024,0.009
3/28/2024,0.009
3/28/2024,0.009
3/28/2024,0.009
3/28/2024,0.009
3/28/2024,0.008
3/28/2024,0.008
3/28/2024,0.008
3/28/2024,0.008
3/28/2024,0.008
3/28/2024,0.008
3/28/2024,0.008
3/28/2024,0.008
3/28/2024,0.008
3/28/2024,0.007
3/28/2024,0.007
3/28/2024,0.007
3/28/2024,0.007
3/28/2024,0.007
3/28/2024,0.007
3/28/2024,0.007
3/28/2024,0.007
3/28/2024,0.007
3/28/2024,0.007
3/28/2024,0.007
3/28/2024,0.007
3/28/2024,0.007
3/28/2024,0.007
3/28/2024,0.007
3/28/2024,0.007
3/28/2024,0.007
3/28/2024,0.007
3/28/2024,0.007
3/28/2024,0.006
3/28/2024,0.007
3/28/2024,0.006
3/28/2024,0.006
3/28/2024,0.006
3/28/2024,0.006
3/28/2024,0.006
3/28/2024,0.006
3/28/2024,0.006
3/28/2024,0.006
3/28/2024,0.006
3/28/2024,0.006
3/28/2024,0.006
3/28/2024,0.006
3/28/2024,0.006
3/28/2024,0.006
3/28/2024,0.006
3/28/2024,0.006
3/28/2024,0.006
3/28/2024,0.006
3/29/2024,0.006
3/29/2024,0.006
3/29/2024,0.006
3/29/2024,0.006
3/29/2024,0.006
3/29/2024,0.007
3/29/2024,0.007
3/29/2024,0.007
3/29/2024,0.007
3/29/2024,0.007
3/29/2024,0.008
3/29/2024,0.008
3/29/2024,0.008
3/29/2024,0.008
3/29/2024,0.008
3/29/2024,0.008
3/29/2024,0.008
3/29/2024,0.008
3/29/2024,0.008
3/29/2024,0.008
3/29/2024,0.008
3/29/2024,0.008
3/29/2024,0.008
3/29/2024,0.008
3/29/2024,0.008
3/29/2024,0.008
3/29/2024,0.008
3/29/2024,0.008
3/29/2024,0.008
3/29/2024,0.008
3/29/2024,0.008
3/29/2024,0.008
3/29/2024,0.008
3/29/2024,0.008
3/29/2024,0.008
3/29/2024,0.007
3/29/2024,0.008
3/29/2024,0.008
3/29/2024,0.007
3/29/2024,0.007
3/29/2024,0.007
3/29/2024,0.007
3/29/2024,0.007
3/29/2024,0.007
3/29/2024,0.007
3/29/2024,0.007
3/29/2024,0.007
3/29/2024,0.007
3/29/2024,0.007
3/29/2024,0.007
3/29/2024,0.007
3/29/2024,0.007
3/29/2024,0.007
3/29/2024,0.007
3/29/2024,0.007
3/29/2024,0.007
3/29/2024,0.007
3/29/2024,0.007
3/29/2024,0.007
3/29/2024,0.007
3/29/2024,0.006
3/29/2024,0.006
3/29/2024,0.006
3/29/2024,0.006
3/29/2024,0.006
3/29/2024,0.006
3/29/2024,0.006
3/29/2024,0.006
3/29/2024,0.006
3/29/2024,0.006
3/29/2024,0.006
3/29/2024,0.006
3/29/2024,0.006
3/29/2024,0.006
3/29/2024,0.006
3/29/2024,0.006
3/29/2024,0.006
3/29/2024,0.006
3/29/2024,0.006
3/29/2024,0.006
3/29/2024,0.006
3/29/2024,0.006
3/29/2024,0.006
3/29/2024,0.006
3/29/2024,0.006
3/29/2024,0.006
3/29/2024,0.006
3/29/2024,0.006
3/29/2024,0.006
3/29/2024,0.006
3/29/2024,0.006
3/29/2024,0.006
3/29/2024,0.006
3/29/2024,0.006
3/29/2024,0.006
3/29/2024,0.006
3/30/2024,0.006
3/30/2024,0.006
3/30/2024,0.006
3/30/2024,0.006
3/30/2024,0.006
3/30/2024,0.006
3/30/2024,0.006
3/30/2024,0.006
3/30/2024,0.006
3/30/2024,0.006
3/30/2024,0.006
3/30/2024,0.006
3/30/2024,0.006
3/30/2024,0.005
3/30/2024,0.005
3/30/2024,0.005
3/30/2024,0.005
3/30/2024,0.006
3/30/2024,0.006
3/30/2024,0.005
3/30/2024,0.005
3/30/2024,0.005
3/30/2024,0.005
3/30/2024,0.005
3/30/2024,0.005
3/30/2024,0.005
3/30/2024,0.005
3/30/2024,0.005
3/30/2024,0.005
3/30/2024,0.005
3/30/2024,0.005
3/30/2024,0.005
3/30/2024,0.005
3/30/2024,0.005
3/30/2024,0.005
3/30/2024,0.005
3/30/2024,0.005
3/30/2024,0.005
3/30/2024,0.005
3/30/2024,0.005
3/30/2024,0.005
3/30/2024,0.005
3/30/2024,0.005
3/30/2024,0.005
3/30/2024,0.005
3/30/2024,0.005
3/30/2024,0.005
3/30/2024,0.005
3/30/2024,0.005
3/30/2024,0.005
3/30/2024,0.005
3/30/2024,0.005
3/30/2024,0.005
3/30/2024,0.005
3/30/2024,0.005
3/30/2024,0.005
3/30/2024,0.005
3/30/2024,0.005
3/30/2024,0.005
3/30/2024,0.005
3/30/2024,0.005
3/30/2024,0.005
3/30/2024,0.005
3/30/2024,0.005
3/30/2024,0.005
3/30/2024,0.005
3/30/2024,0.005
3/30/2024,0.005
3/30/2024,0.005
3/30/2024,0.005
3/30/2024,0.005
3/30/2024,0.005
3/30/2024,0.005
3/30/2024,0.005
3/30/2024,0.005
3/30/2024,0.005
3/30/2024,0.005
3/30/2024,0.005
3/30/2024,0.005
3/30/2024,0.005
3/30/2024,0.005
3/30/2024,0.005
3/30/2024,0.005
3/30/2024,0.005
3/30/2024,0.005
3/30/2024,0.005
3/30/2024,0.005
3/30/2024,0.005
3/30/2024,0.005
3/30/2024,0.005
3/30/2024,0.005
3/30/2024,0.005
3/30/2024,0.005
3/30/2024,0.005
3/30/2024,0.005
3/30/2024,0.005
3/31/2024,0.005
3/31/2024,0.005
3/31/2024,0.005
3/31/2024,0.005
3/31/2024,0.005
3/31/2024,0.005
3/31/2024,0.005
3/31/2024,0.005
3/31/2024,0.005
3/31/2024,0.005
3/31/2024,0.005
3/31/2024,0.005
3/31/2024,0.005
3/31/2024,0.005
3/31/2024,0.005
3/31/2024,0.005
3/31/2024,0.005
3/31/2024,0.005
3/31/2024,0.005
3/31/2024,0.005
3/31/2024,0.005
3/31/2024,0.005
3/31/2024,0.005
3/31/2024,0.005
3/31/2024,0.005
3/31/2024,0.005
3/31/2024,0.005
3/31/2024,0.005
3/31/2024,0.005
3/31/2024,0.005
3/31/2024,0.005
3/31/2024,0.005
3/31/2024,0.005
3/31/2024,0.005
3/31/2024,0.005
3/31/2024,0.005
3/31/2024,0.005
3/31/2024,0.005
3/31/2024,0.005
3/31/2024,0.005
3/31/2024,0.005
3/31/2024,0.005
3/31/2024,0.005
3/31/2024,0.005
3/31/2024,0.005
3/31/2024,0.004
3/31/2024,0.005
3/31/2024,0.005
3/31/2024,0.005
3/31/2024,0.005
3/31/2024,0.005
3/31/2024,0.005
3/31/2024,0.004
3/31/2024,0.005
3/31/2024,0.004
3/31/2024,0.004
3/31/2024,0.004
3/31/2024,0.004
3/31/2024,0.005
3/31/2024,0.004
3/31/2024,0.004
3/31/2024,0.004
3/31/2024,0.004
3/31/2024,0.004
3/31/2024,0.004
3/31/2024,0.004
3/31/2024,0.004
3/31/2024,0.004
3/31/2024,0.004
3/31/2024,0.004
3/31/2024,0.004
3/31/2024,0.004
3/31/2024,0.004
3/31/2024,0.004
3/31/2024,0.004
3/31/2024,0.004
3/31/2024,0.004
3/31/2024,0.004
3/31/2024,0.004
3/31/2024,0.004
3/31/2024,0.004
3/31/2024,0.004
3/31/2024,0.004
3/31/2024,0.004
3/31/2024,0.004
3/31/2024,0.004
3/31/2024,0.004
3/31/2024,0.004
3/31/2024,0.004
3/31/2024,0.004
3/31/2024,0.004
3/31/2024,0.004
3/31/2024,0.004
3/31/2024,0.004
3/31/2024,0.004
3/31/2024,0.004
4/1/2024,0.004
4/1/2024,0.004
4/1/2024,0.004
4/1/2024,0.004
4/1/2024,0.004
4/1/2024,0.004
4/1/2024,0.004
4/1/2024,0.004
4/1/2024,0.004
4/1/2024,0.004
4/1/2024,0.004
4/1/2024,0.004
4/1/2024,0.004
4/1/2024,0.004
4/1/2024,0.004
4/1/2024,0.004
4/1/2024,0.004
4/1/2024,0.004
4/1/2024,0.004
4/1/2024,0.004
4/1/2024,0.004
4/1/2024,0.004
4/1/2024,0.004
4/1/2024,0.004
4/1/2024,0.004
4/1/2024,0.004
4/1/2024,0.004
4/1/2024,0.004
4/1/2024,0.004
4/1/2024,0.004
4/1/2024,0.004
4/1/2024,0.004
4/1/2024,0.004
4/1/2024,0.004
4/1/2024,0.004
4/1/2024,0.004
4/1/2024,0.004
4/1/2024,0.004
4/1/2024,0.004
4/1/2024,0.004
4/1/2024,0.004
4/1/2024,0.004
4/1/2024,0.004
4/1/2024,0.004
4/1/2024,0.004
4/1/2024,0.004
4/1/2024,0.004
4/1/2024,0.004
4/1/2024,0.004
4/1/2024,0.004
4/1/2024,0.004
4/1/2024,0.004
4/1/2024,0.004
4/1/2024,0.004
4/1/2024,0.004
4/1/2024,0.004
4/1/2024,0.004
4/1/2024,0.004
4/1/2024,0.004
4/1/2024,0.004
4/1/2024,0.004
4/1/2024,0.004
4/1/2024,0.004
4/1/2024,0.004
4/1/2024,0.004
4/1/2024,0.004
4/1/2024,0.004
4/1/2024,0.004
4/1/2024,0.004
4/1/2024,0.004
4/1/2024,0.004
4/1/2024,0.004
4/1/2024,0.004
4/1/2024,0.004
4/1/2024,0.004
4/1/2024,0.004
4/1/2024,0.004
4/1/2024,0.004
4/1/2024,0.004
4/1/2024,0.004
4/1/2024,0.004
4/1/2024,0.004
4/1/2024,0.004
4/1/2024,0.004
4/1/2024,0.004
4/1/2024,0.004
4/1/2024,0.004
4/1/2024,0.004
4/1/2024,0.004
4/1/2024,0.004
4/1/2024,0.004
4/1/2024,0.004
4/1/2024,0.004
4/1/2024,0.004
4/1/2024,0.004
4/1/2024,0.004
4/2/2024,0.004
4/2/2024,0.004
4/2/2024,0.004
4/2/2024,0.004
4/2/2024,0.004
4/2/2024,0.004
4/2/2024,0.004
4/2/2024,0.004
4/2/2024,0.003
4/2/2024,0.004
4/2/2024,0.003
4/2/2024,0.003
4/2/2024,0.003
4/2/2024,0.004
4/2/2024,0.003
4/2/2024,0.003
4/2/2024,0.003
4/2/2024,0.004
4/2/2024,0.004
4/2/2024,0.003
4/2/2024,0.004
4/2/2024,0.003
4/2/2024,0.004
4/2/2024,0.003
4/2/2024,0.003
4/2/2024,0.003
4/2/2024,0.003
4/2/2024,0.003
4/2/2024,0.003
4/2/2024,0.003
4/2/2024,0.003
4/2/2024,0.003
4/2/2024,0.003
4/2/2024,0.003
4/2/2024,0.003
4/2/2024,0.003
4/2/2024,0.003
4/2/2024,0.003
4/2/2024,0.003
4/2/2024,0.003
4/2/2024,0.003
4/2/2024,0.003
4/2/2024,0.003
4/2/2024,0.003
4/2/2024,0.003
4/2/2024,0.003
4/2/2024,0.004
4/2/2024,0.004
4/2/2024,0.003
4/2/2024,0.004
4/2/2024,0.004
4/2/2024,0.004
4/2/2024,0.004
4/2/2024,0.003
4/2/2024,0.003
4/2/2024,0.004
4/2/2024,0.003
4/2/2024,0.004
4/2/2024,0.004
4/2/2024,0.003
4/2/2024,0.003
4/2/2024,0.003
4/2/2024,0.003
4/2/2024,0.003
4/2/2024,0.004
4/2/2024,0.003
4/2/2024,0.004
4/2/2024,0.003
4/2/2024,0.003
4/2/2024,0.004
4/2/2024,0.003
4/2/2024,0.004
4/2/2024,0.003
4/2/2024,0.004
4/2/2024,0.003
4/2/2024,0.003
4/2/2024,0.003
4/2/2024,0.004
4/2/2024,0.003
4/2/2024,0.003
4/2/2024,0.003
4/2/2024,0.003
4/2/2024,0.003
4/2/2024,0.004
4/2/2024,0.003
4/2/2024,0.003
4/2/2024,0.004
4/2/2024,0.003
4/2/2024,0.003
4/2/2024,0.003
4/2/2024,0.003
4/2/2024,0.003
4/2/2024,0.003
4/2/2024,0.003
4/2/2024,0.003
4/2/2024,0.003
4/3/2024,0.003
4/3/2024,0.003
4/3/2024,0.003
4/3/2024,0.003
4/3/2024,0.003
4/3/2024,0.003
4/3/2024,0.003
4/3/2024,0.003
4/3/2024,0.003
4/3/2024,0.003
4/3/2024,0.003
4/3/2024,0.003
4/3/2024,0.003
4/3/2024,0.003
4/3/2024,0.003
4/3/2024,0.003
4/3/2024,0.003
4/3/2024,0.003
4/3/2024,0.003
4/3/2024,0.003
4/3/2024,0.003
4/3/2024,0.003
4/3/2024,0.003
4/3/2024,0.003
4/3/2024,0.003
4/3/2024,0.003
4/3/2024,0.003
4/3/2024,0.003
4/3/2024,0.003
4/3/2024,0.003
4/3/2024,0.003
4/3/2024,0.003
4/3/2024,0.003
4/3/2024,0.003
4/3/2024,0.003
4/3/2024,0.003
4/3/2024,0.003
4/3/2024,0.003
4/3/2024,0.003
4/3/2024,0.003
4/3/2024,0.003
4/3/2024,0.003
4/3/2024,0.003
4/3/2024,0.003
4/3/2024,0.003
4/3/2024,0.003
4/3/2024,0.003
4/3/2024,0.003
4/3/2024,0.003
4/3/2024,0.003
4/3/2024,0.003
4/3/2024,0.003
4/3/2024,0.003
4/3/2024,0.003
4/3/2024,0.003
4/3/2024,0.003
4/3/2024,0.003
4/3/2024,0.003
4/3/2024,0.003
4/3/2024,0.003
4/3/2024,0.003
4/3/2024,0.003
4/3/2024,0.003
4/3/2024,0.003
4/3/2024,0.003
4/3/2024,0.003
4/3/2024,0.003
4/3/2024,0.003
4/3/2024,0.003
4/3/2024,0.003
4/3/2024,0.003
4/3/2024,0.003
4/3/2024,0.003
4/3/2024,0.003
4/3/2024,0.003
4/3/2024,0.003
4/3/2024,0.003
4/3/2024,0.003
4/3/2024,0.003
4/3/2024,0.003
4/3/2024,0.003
4/3/2024,0.003
4/3/2024,0.003
4/3/2024,0.003
4/3/2024,0.003
4/3/2024,0.003
4/3/2024,0.003
4/3/2024,0.003
4/3/2024,0.003
4/3/2024,0.003
4/3/2024,0.003
4/3/2024,0.003
4/3/2024,0.003
4/3/2024,0.003
4/3/2024,0.003
4/3/2024,0.003
4/4/2024,0.003
4/4/2024,0.003
4/4/2024,0.003
4/4/2024,0.003
4/4/2024,0.003
4/4/2024,0.003
4/4/2024,0.003
4/4/2024,0.003
4/4/2024,0.003
4/4/2024,0.003
4/4/2024,0.003
4/4/2024,0.003
4/4/2024,0.003
4/4/2024,0.003
4/4/2024,0.003
4/4/2024,0.003
4/4/2024,0.003
4/4/2024,0.003
4/4/2024,0.003
4/4/2024,0.003
4/4/2024,0.003
4/4/2024,0.003
4/4/2024,0.003
4/4/2024,0.003
4/4/2024,0.003
4/4/2024,0.003
4/4/2024,0.003
4/4/2024,0.003
4/4/2024,0.003
4/4/2024,0.003
4/4/2024,0.003
4/4/2024,0.003
4/4/2024,0.003
4/4/2024,0.003
4/4/2024,0.003
4/4/2024,0.003
4/4/2024,0.003
4/4/2024,0.003
4/4/2024,0.003
4/4/2024,0.003
4/4/2024,0.003
4/4/2024,0.003
4/4/2024,0.003
4/4/2024,0.003
4/4/2024,0.003
4/4/2024,0.003
4/4/2024,0.003
4/4/2024,0.003
4/4/2024,0.003
4/4/2024,0.003
4/4/2024,0.003
4/4/2024,0.003
4/4/2024,0.003
4/4/2024,0.003
4/4/2024,0.003
4/4/2024,0.003
4/4/2024,0.003
4/4/2024,0.003
4/4/2024,0.003
4/4/2024,0.003
4/4/2024,0.003
4/4/2024,0.003
4/4/2024,0.003
4/4/2024,0.003
4/4/2024,0.003
4/4/2024,0.003
4/4/2024,0.003
4/4/2024,0.003
4/4/2024,0.003
4/4/2024,0.003
4/4/2024,0.003
4/4/2024,0.003
4/4/2024,0.003
4/4/2024,0.003
4/4/2024,0.003
4/4/2024,0.003
4/4/2024,0.003
4/4/2024,0.003
4/4/2024,0.003
4/4/2024,0.003
4/4/2024,0.003
4/4/2024,0.003
4/4/2024,0.004
4/4/2024,0.003
4/4/2024,0.003
4/4/2024,0.003
4/4/2024,0.003
4/4/2024,0.004
4/4/2024,0.004
4/4/2024,0.004
4/4/2024,0.004
4/4/2024,0.004
4/4/2024,0.004
4/4/2024,0.004
4/4/2024,0.004
4/4/2024,0.004
4/5/2024,0.004
4/5/2024,0.004
4/5/2024,0.004
4/5/2024,0.004
4/5/2024,0.005
4/5/2024,0.005
4/5/2024,0.005
4/5/2024,0.005
4/5/2024,0.005
4/5/2024,0.005
4/5/2024,0.005
4/5/2024,0.005
4/5/2024,0.006
4/5/2024,0.006
4/5/2024,0.006
4/5/2024,0.006
4/5/2024,0.006
4/5/2024,0.006
4/5/2024,0.006
4/5/2024,0.006
4/5/2024,0.006
4/5/2024,0.006
4/5/2024,0.006
4/5/2024,0.006
4/5/2024,0.006
4/5/2024,0.006
4/5/2024,0.006
4/5/2024,0.006
4/5/2024,0.007
4/5/2024,0.007
4/5/2024,0.007
4/5/2024,0.007
4/5/2024,0.007
4/5/2024,0.007
4/5/2024,0.007
4/5/2024,0.007
4/5/2024,0.008
4/5/2024,0.009
4/5/2024,0.011
4/5/2024,0.013
4/5/2024,0.013
4/5/2024,0.014
4/5/2024,0.014
4/5/2024,0.014
4/5/2024,0.014
4/5/2024,0.014
4/5/2024,0.014
4/5/2024,0.014
4/5/2024,0.014
4/5/2024,0.015
4/5/2024,0.015
4/5/2024,0.016
4/5/2024,0.016
4/5/2024,0.017
4/5/2024,0.017
4/5/2024,0.018
4/5/2024,0.019
4/5/2024,0.02
4/5/2024,0.02
4/5/2024,0.021
4/5/2024,0.021
4/5/2024,0.021
4/5/2024,0.021
4/5/2024,0.021
4/5/2024,0.021
4/5/2024,0.021
4/5/2024,0.021
4/5/2024,0.021
4/5/2024,0.021
4/5/2024,0.021
4/5/2024,0.02
4/5/2024,0.02
4/5/2024,0.02
4/5/2024,0.02
4/5/2024,0.02
4/5/2024,0.02
4/5/2024,0.02
4/5/2024,0.019
4/5/2024,0.019
4/5/2024,0.019
4/5/2024,0.019
4/5/2024,0.018
4/5/2024,0.018
4/5/2024,0.017
4/5/2024,0.017
4/5/2024,0.017
4/5/2024,0.017
4/5/2024,0.016
4/5/2024,0.016
4/5/2024,0.016
4/5/2024,0.015
4/5/2024,0.015
4/5/2024,0.015
4/5/2024,0.015
4/5/2024,0.015
4/5/2024,0.014
4/6/2024,0.014
4/6/2024,0.014
4/6/2024,0.014
4/6/2024,0.014
4/6/2024,0.013
4/6/2024,0.013
4/6/2024,0.013
4/6/2024,0.013
4/6/2024,0.013
4/6/2024,0.013
4/6/2024,0.012
4/6/2024,0.012
4/6/2024,0.012
4/6/2024,0.012
4/6/2024,0.012
4/6/2024,0.012
4/6/2024,0.012
4/6/2024,0.012
4/6/2024,0.012
4/6/2024,0.012
4/6/2024,0.013
4/6/2024,0.013
4/6/2024,0.013
4/6/2024,0.014
4/6/2024,0.014
4/6/2024,0.014
4/6/2024,0.015
4/6/2024,0.015
4/6/2024,0.015
4/6/2024,0.015
4/6/2024,0.015
4/6/2024,0.015
4/6/2024,0.015
4/6/2024,0.015
4/6/2024,0.015
4/6/2024,0.015
4/6/2024,0.016
4/6/2024,0.016
4/6/2024,0.015
4/6/2024,0.016
4/6/2024,0.016
4/6/2024,0.016
4/6/2024,0.016
4/6/2024,0.016
4/6/2024,0.016
4/6/2024,0.016
4/6/2024,0.015
4/6/2024,0.015
4/6/2024,0.015
4/6/2024,0.015
4/6/2024,0.014
4/6/2024,0.014
4/6/2024,0.014
4/6/2024,0.014
4/6/2024,0.014
4/6/2024,0.013
4/6/2024,0.013
4/6/2024,0.013
4/6/2024,0.013
4/6/2024,0.012
4/6/2024,0.013
4/6/2024,0.012
4/6/2024,0.012
4/6/2024,0.012
4/6/2024,0.012
4/6/2024,0.011
4/6/2024,0.011
4/6/2024,0.011
4/6/2024,0.011
4/6/2024,0.011
4/6/2024,0.011
4/6/2024,0.01
4/6/2024,0.01
4/6/2024,0.01
4/6/2024,0.01
4/6/2024,0.01
4/6/2024,0.01
4/6/2024,0.01
4/6/2024,0.01
4/6/2024,0.01
4/6/2024,0.009
4/6/2024,0.009
4/6/2024,0.009
4/6/2024,0.009
4/6/2024,0.009
4/6/2024,0.009
4/6/2024,0.009
4/6/2024,0.009
4/6/2024,0.009
4/6/2024,0.009
4/6/2024,0.009
4/6/2024,0.009
4/6/2024,0.009
4/6/2024,0.009
4/6/2024,0.009
4/6/2024,0.009
4/7/2024,0.009
4/7/2024,0.009
4/7/2024,0.009
4/7/2024,0.009
4/7/2024,0.009
4/7/2024,0.009
4/7/2024,0.009
4/7/2024,0.008
4/7/2024,0.008
4/7/2024,0.008
4/7/2024,0.008
4/7/2024,0.008
4/7/2024,0.009
4/7/2024,0.008
4/7/2024,0.008
4/7/2024,0.008
4/7/2024,0.008
4/7/2024,0.008
4/7/2024,0.008
4/7/2024,0.008
4/7/2024,0.008
4/7/2024,0.008
4/7/2024,0.008
4/7/2024,0.008
4/7/2024,0.008
4/7/2024,0.008
4/7/2024,0.008
4/7/2024,0.008
4/7/2024,0.008
4/7/2024,0.008
4/7/2024,0.008
4/7/2024,0.008
4/7/2024,0.008
4/7/2024,0.008
4/7/2024,0.008
4/7/2024,0.008
4/7/2024,0.008
4/7/2024,0.008
4/7/2024,0.008
4/7/2024,0.008
4/7/2024,0.008
4/7/2024,0.008
4/7/2024,0.008
4/7/2024,0.008
4/7/2024,0.008
4/7/2024,0.008
4/7/2024,0.008
4/7/2024,0.008
4/7/2024,0.008
4/7/2024,0.008
4/7/2024,0.008
4/7/2024,0.007
4/7/2024,0.008
4/7/2024,0.008
4/7/2024,0.007
4/7/2024,0.008
4/7/2024,0.008
4/7/2024,0.008
4/7/2024,0.008
4/7/2024,0.007
4/7/2024,0.007
4/7/2024,0.007
4/7/2024,0.007
4/7/2024,0.007
4/7/2024,0.007
4/7/2024,0.007
4/7/2024,0.007
4/7/2024,0.007
4/7/2024,0.007
4/7/2024,0.007
4/7/2024,0.007
4/7/2024,0.007
4/7/2024,0.007
4/7/2024,0.007
4/7/2024,0.007
4/7/2024,0.007
4/7/2024,0.007
4/7/2024,0.007
4/7/2024,0.007
4/7/2024,0.007
4/7/2024,0.006
4/7/2024,0.007
4/7/2024,0.006
4/7/2024,0.007
4/7/2024,0.006
4/7/2024,0.007
4/7/2024,0.006
4/7/2024,0.007
4/7/2024,0.006
4/7/2024,0.006
4/7/2024,0.006
4/7/2024,0.006
4/7/2024,0.006
4/7/2024,0.006
4/7/2024,0.006
4/7/2024,0.006
4/8/2024,0.006
4/8/2024,0.006
4/8/2024,0.006
4/8/2024,0.006
4/8/2024,0.006
4/8/2024,0.006
4/8/2024,0.006
4/8/2024,0.006
4/8/2024,0.006
4/8/2024,0.006
4/8/2024,0.006
4/8/2024,0.006
4/8/2024,0.006
4/8/2024,0.006
4/8/2024,0.006
4/8/2024,0.006
4/8/2024,0.006
4/8/2024,0.006
4/8/2024,0.006
4/8/2024,0.006
4/8/2024,0.006
4/8/2024,0.006
4/8/2024,0.006
4/8/2024,0.006
4/8/2024,0.006
4/8/2024,0.006
4/8/2024,0.006
4/8/2024,0.006
4/8/2024,0.006
4/8/2024,0.006
4/8/2024,0.006
4/8/2024,0.006
4/8/2024,0.006
4/8/2024,0.006
4/8/2024,0.006
4/8/2024,0.006
4/8/2024,0.006
4/8/2024,0.006
4/8/2024,0.006
4/8/2024,0.006
4/8/2024,0.006
4/8/2024,0.006
4/8/2024,0.006
4/8/2024,0.006
4/8/2024,0.006
4/8/2024,0.006
4/8/2024,0.006
4/8/2024,0.006
4/8/2024,0.006
4/8/2024,0.006
4/8/2024,0.006
4/8/2024,0.006
4/8/2024,0.006
4/8/2024,0.006
4/8/2024,0.006
4/8/2024,0.006
4/8/2024,0.006
4/8/2024,0.006
4/8/2024,0.006
4/8/2024,0.006
4/8/2024,0.006
4/8/2024,0.006
4/8/2024,0.006
4/8/2024,0.006
4/8/2024,0.006
4/8/2024,0.006
4/8/2024,0.006
4/8/2024,0.006
4/8/2024,0.006
4/8/2024,0.006
4/8/2024,0.006
4/8/2024,0.006
4/8/2024,0.006
4/8/2024,0.006
4/8/2024,0.006
4/8/2024,0.006
4/8/2024,0.006
4/8/2024,0.006
4/8/2024,0.006
4/8/2024,0.006
4/8/2024,0.006
4/8/2024,0.005
4/8/2024,0.006
4/8/2024,0.006
4/8/2024,0.006
4/8/2024,0.006
4/8/2024,0.006
4/8/2024,0.006
4/8/2024,0.005
4/8/2024,0.006
4/8/2024,0.006
4/8/2024,0.006
4/8/2024,0.005
4/8/2024,0.005
4/8/2024,0.005
4/8/2024,0.006
4/9/2024,0.006
4/9/2024,0.005
4/9/2024,0.005
4/9/2024,0.005
4/9/2024,0.005
4/9/2024,0.006
4/9/2024,0.006
4/9/2024,0.006
4/9/2024,0.006
4/9/2024,0.006
4/9/2024,0.006
4/9/2024,0.006
4/9/2024,0.006
4/9/2024,0.006
4/9/2024,0.006
4/9/2024,0.006
4/9/2024,0.007
4/9/2024,0.007
4/9/2024,0.007
4/9/2024,0.008
4/9/2024,0.009
4/9/2024,0.009
4/9/2024,0.01
4/9/2024,0.01
4/9/2024,0.011
4/9/2024,0.011
4/9/2024,0.011
4/9/2024,0.011
4/9/2024,0.011
4/9/2024,0.011
4/9/2024,0.011
4/9/2024,0.011
4/9/2024,0.011
4/9/2024,0.01
4/9/2024,0.01
4/9/2024,0.01
4/9/2024,0.01
4/9/2024,0.01
4/9/2024,0.01
4/9/2024,0.01
4/9/2024,0.009
4/9/2024,0.01
4/9/2024,0.009
4/9/2024,0.01
4/9/2024,0.009
4/9/2024,0.009
4/9/2024,0.009
4/9/2024,0.009
4/9/2024,0.009
4/9/2024,0.008
4/9/2024,0.008
4/9/2024,0.008
4/9/2024,0.008
4/9/2024,0.008
4/9/2024,0.008
4/9/2024,0.008
4/9/2024,0.008
4/9/2024,0.007
4/9/2024,0.008
4/9/2024,0.007
4/9/2024,0.007
4/9/2024,0.007
4/9/2024,0.007
4/9/2024,0.007
4/9/2024,0.007
4/9/2024,0.007
4/9/2024,0.007
4/9/2024,0.007
4/9/2024,0.007
4/9/2024,0.007
4/9/2024,0.007
4/9/2024,0.007
4/9/2024,0.007
4/9/2024,0.007
4/9/2024,0.006
4/9/2024,0.006
4/9/2024,0.006
4/9/2024,0.006
4/9/2024,0.006
4/9/2024,0.006
4/9/2024,0.006
4/9/2024,0.006
4/9/2024,0.006
4/9/2024,0.006
4/9/2024,0.006
4/9/2024,0.006
4/9/2024,0.006
4/9/2024,0.006
4/9/2024,0.006
4/9/2024,0.006
4/9/2024,0.006
4/9/2024,0.006
4/9/2024,0.006
4/9/2024,0.006
4/9/2024,0.006
4/9/2024,0.006
4/10/2024,0.006
4/10/2024,0.006
4/10/2024,0.006
4/10/2024,0.006
4/10/2024,0.006
4/10/2024,0.006
4/10/2024,0.006
4/10/2024,0.006
4/10/2024,0.006
4/10/2024,0.006
4/10/2024,0.006
4/10/2024,0.006
4/10/2024,0.006
4/10/2024,0.006
4/10/2024,0.006
4/10/2024,0.006
4/10/2024,0.006
4/10/2024,0.006
4/10/2024,0.006
4/10/2024,0.006
4/10/2024,0.006
4/10/2024,0.006
4/10/2024,0.006
4/10/2024,0.006
4/10/2024,0.006
4/10/2024,0.006
4/10/2024,0.006
4/10/2024,0.006
4/10/2024,0.006
4/10/2024,0.006
4/10/2024,0.006
4/10/2024,0.006
4/10/2024,0.006
4/10/2024,0.006
4/10/2024,0.006
4/10/2024,0.006
4/10/2024,0.006
4/10/2024,0.006
4/10/2024,0.006
4/10/2024,0.006
4/10/2024,0.006
4/10/2024,0.006
4/10/2024,0.006
4/10/2024,0.006
4/10/2024,0.006
4/10/2024,0.006
4/10/2024,0.006
4/10/2024,0.006
4/10/2024,0.006
4/10/2024,0.006
4/10/2024,0.006
4/10/2024,0.006
4/10/2024,0.006
4/10/2024,0.006
4/10/2024,0.005
4/10/2024,0.005
4/10/2024,0.006
4/10/2024,0.006
4/10/2024,0.005
4/10/2024,0.005
4/10/2024,0.005
4/10/2024,0.006
4/10/2024,0.005
4/10/2024,0.005
4/10/2024,0.005
4/10/2024,0.005
4/10/2024,0.005
4/10/2024,0.005
4/10/2024,0.005
4/10/2024,0.005
4/10/2024,0.005
4/10/2024,0.005
4/10/2024,0.005
4/10/2024,0.005
4/10/2024,0.005
4/10/2024,0.005
4/10/2024,0.005
4/10/2024,0.005
4/10/2024,0.005
4/10/2024,0.005
4/10/2024,0.005
4/10/2024,0.005
4/10/2024,0.005
4/10/2024,0.005
4/10/2024,0.005
4/10/2024,0.005
4/10/2024,0.005
4/10/2024,0.005
4/10/2024,0.005
4/10/2024,0.005
4/10/2024,0.005
4/10/2024,0.005
4/10/2024,0.005
4/10/2024,0.005
4/10/2024,0.005
4/10/2024,0.005
4/11/2024,0.005
4/11/2024,0.005
4/11/2024,0.005
4/11/2024,0.005
4/11/2024,0.005
4/11/2024,0.005
4/11/2024,0.005
4/11/2024,0.005
4/11/2024,0.005
4/11/2024,0.005
4/11/2024,0.005
4/11/2024,0.005
4/11/2024,0.005
4/11/2024,0.005
4/11/2024,0.005
4/11/2024,0.005
4/11/2024,0.005
4/11/2024,0.005
4/11/2024,0.005
4/11/2024,0.005
4/11/2024,0.005
4/11/2024,0.005
4/11/2024,0.005
4/11/2024,0.005
4/11/2024,0.005
4/11/2024,0.005
4/11/2024,0.005
4/11/2024,0.005
4/11/2024,0.005
4/11/2024,0.005
4/11/2024,0.005
4/11/2024,0.005
4/11/2024,0.005
4/11/2024,0.005
4/11/2024,0.005
4/11/2024,0.005
4/11/2024,0.005
4/11/2024,0.005
4/11/2024,0.005
4/11/2024,0.005
4/11/2024,0.005
4/11/2024,0.005
4/11/2024,0.005
4/11/2024,0.005
4/11/2024,0.005
4/11/2024,0.005
4/11/2024,0.005
4/11/2024,0.005
4/11/2024,0.005
4/11/2024,0.005
4/11/2024,0.005
4/11/2024,0.005
4/11/2024,0.005
4/11/2024,0.005
4/11/2024,0.005
4/11/2024,0.005
4/11/2024,0.005
4/11/2024,0.005
4/11/2024,0.005
4/11/2024,0.005
4/11/2024,0.005
4/11/2024,0.005
4/11/2024,0.005
4/11/2024,0.005
4/11/2024,0.005
4/11/2024,0.005
4/11/2024,0.005
4/11/2024,0.005
4/11/2024,0.005
4/11/2024,0.005
4/11/2024,0.005
4/11/2024,0.005
4/11/2024,0.005
4/11/2024,0.005
4/11/2024,0.005
4/11/2024,0.005
4/11/2024,0.005
4/11/2024,0.005
4/11/2024,0.005
4/11/2024,0.005
4/11/2024,0.005
4/11/2024,0.005
4/11/2024,0.005
4/11/2024,0.005
4/11/2024,0.005
4/11/2024,0.005
4/11/2024,0.005
4/11/2024,0.005
4/11/2024,0.005
4/11/2024,0.005
4/11/2024,0.005
4/11/2024,0.005
4/11/2024,0.005
4/11/2024,0.005
4/11/2024,0.005
4/11/2024,0.005
4/12/2024,0.005
4/12/2024,0.005
4/12/2024,0.005
4/12/2024,0.005
4/12/2024,0.005
4/12/2024,0.005
4/12/2024,0.005
4/12/2024,0.005
4/12/2024,0.005
4/12/2024,0.005
4/12/2024,0.005
4/12/2024,0.005
4/12/2024,0.005
4/12/2024,0.005
4/12/2024,0.005
4/12/2024,0.005
4/12/2024,0.005
4/12/2024,0.005
4/12/2024,0.005
4/12/2024,0.005
4/12/2024,0.005
4/12/2024,0.005
4/12/2024,0.005
4/12/2024,0.005
4/12/2024,0.005
4/12/2024,0.005
4/12/2024,0.005
4/12/2024,0.005
4/12/2024,0.005
4/12/2024,0.005
4/12/2024,0.005
4/12/2024,0.005
4/12/2024,0.005
4/12/2024,0.005
4/12/2024,0.005
4/12/2024,0.005
4/12/2024,0.005
4/12/2024,0.005
4/12/2024,0.005
4/12/2024,0.005
4/12/2024,0.005
4/12/2024,0.005
4/12/2024,0.005
4/12/2024,0.005
4/12/2024,0.005
4/12/2024,0.005
4/12/2024,0.005
4/12/2024,0.005
4/12/2024,0.005
4/12/2024,0.005
4/12/2024,0.005
4/12/2024,0.005
4/12/2024,0.005
4/12/2024,0.005
4/12/2024,0.005
4/12/2024,0.005
4/12/2024,0.005
4/12/2024,0.005
4/12/2024,0.005
4/12/2024,0.005
4/12/2024,0.005
4/12/2024,0.005
4/12/2024,0.005
4/12/2024,0.005
4/12/2024,0.005
4/12/2024,0.005
4/12/2024,0.005
4/12/2024,0.005
4/12/2024,0.005
4/12/2024,0.005
4/12/2024,0.005
4/12/2024,0.005
4/12/2024,0.005
4/12/2024,0.005
4/12/2024,0.005
4/12/2024,0.005
4/12/2024,0.005
4/12/2024,0.005
4/12/2024,0.005
4/12/2024,0.005
4/12/2024,0.005
4/12/2024,0.005
4/12/2024,0.005
4/12/2024,0.005
4/12/2024,0.005
4/12/2024,0.005
4/12/2024,0.005
4/12/2024,0.005
4/12/2024,0.005
4/12/2024,0.005
4/12/2024,0.005
4/12/2024,0.005
4/12/2024,0.005
4/12/2024,0.005
4/12/2024,0.005
4/12/2024,0.005
4/13/2024,0.005
4/13/2024,0.005
4/13/2024,0.005
4/13/2024,0.005
4/13/2024,0.005
4/13/2024,0.005
4/13/2024,0.005
4/13/2024,0.005
4/13/2024,0.005
4/13/2024,0.005
4/13/2024,0.005
4/13/2024,0.005
4/13/2024,0.005
4/13/2024,0.005
4/13/2024,0.005
4/13/2024,0.005
4/13/2024,0.005
4/13/2024,0.005
4/13/2024,0.005
4/13/2024,0.005
4/13/2024,0.005
4/13/2024,0.005
4/13/2024,0.005
4/13/2024,0.005
4/13/2024,0.005
4/13/2024,0.005
4/13/2024,0.005
4/13/2024,0.005
4/13/2024,0.004
4/13/2024,0.004
4/13/2024,0.004
4/13/2024,0.004
4/13/2024,0.004
4/13/2024,0.004
4/13/2024,0.005
4/13/2024,0.004
4/13/2024,0.004
4/13/2024,0.004
4/13/2024,0.004
4/13/2024,0.004
4/13/2024,0.004
4/13/2024,0.004
4/13/2024,0.004
4/13/2024,0.004
4/13/2024,0.004
4/13/2024,0.004
4/13/2024,0.004
4/13/2024,0.004
4/13/2024,0.004
4/13/2024,0.005
4/13/2024,0.005
4/13/2024,0.004
4/13/2024,0.005
4/13/2024,0.005
4/13/2024,0.004
4/13/2024,0.004
4/13/2024,0.004
4/13/2024,0.005
4/13/2024,0.005
4/13/2024,0.004
4/13/2024,0.005
4/13/2024,0.004
4/13/2024,0.004
4/13/2024,0.004
4/13/2024,0.004
4/13/2024,0.005
4/13/2024,0.004
4/13/2024,0.004
4/13/2024,0.004
4/13/2024,0.004
4/13/2024,0.004
4/13/2024,0.005
4/13/2024,0.004
4/13/2024,0.004
4/13/2024,0.004
4/13/2024,0.004
4/13/2024,0.004
4/13/2024,0.004
4/13/2024,0.004
4/13/2024,0.004
4/13/2024,0.004
4/13/2024,0.004
4/13/2024,0.004
4/13/2024,0.004
4/13/2024,0.004
4/13/2024,0.004
4/13/2024,0.004
4/13/2024,0.004
4/13/2024,0.004
4/13/2024,0.004
4/13/2024,0.004
4/13/2024,0.004
4/13/2024,0.004
4/13/2024,0.004
4/13/2024,0.004
4/13/2024,0.004
4/14/2024,0.004
4/14/2024,0.004
4/14/2024,0.004
4/14/2024,0.004
4/14/2024,0.004
4/14/2024,0.004
4/14/2024,0.004
4/14/2024,0.004
4/14/2024,0.004
4/14/2024,0.004
4/14/2024,0.004
4/14/2024,0.004
4/14/2024,0.004
4/14/2024,0.004
4/14/2024,0.004
4/14/2024,0.004
4/14/2024,0.004
4/14/2024,0.004
4/14/2024,0.004
4/14/2024,0.004
4/14/2024,0.004
4/14/2024,0.004
4/14/2024,0.004
4/14/2024,0.004
4/14/2024,0.004
4/14/2024,0.004
4/14/2024,0.004
4/14/2024,0.004
4/14/2024,0.004
4/14/2024,0.004
4/14/2024,0.004
4/14/2024,0.004
4/14/2024,0.004
4/14/2024,0.004
4/14/2024,0.004
4/14/2024,0.004
4/14/2024,0.004
4/14/2024,0.004
4/14/2024,0.004
4/14/2024,0.004
4/14/2024,0.004
4/14/2024,0.004
4/14/2024,0.004
4/14/2024,0.004
4/14/2024,0.004
4/14/2024,0.004
4/14/2024,0.004
4/14/2024,0.004
4/14/2024,0.004
4/14/2024,0.004
4/14/2024,0.004
4/14/2024,0.004
4/14/2024,0.004
4/14/2024,0.004
4/14/2024,0.004
4/14/2024,0.004
4/14/2024,0.004
4/14/2024,0.004
4/14/2024,0.004
4/14/2024,0.004
4/14/2024,0.004
4/14/2024,0.004
4/14/2024,0.004
4/14/2024,0.004
4/14/2024,0.004
4/14/2024,0.004
4/14/2024,0.004
4/14/2024,0.004
4/14/2024,0.004
4/14/2024,0.004
4/14/2024,0.004
4/14/2024,0.004
4/14/2024,0.004
4/14/2024,0.004
4/14/2024,0.004
4/14/2024,0.004
4/14/2024,0.004
4/14/2024,0.004
4/14/2024,0.004
4/14/2024,0.004
4/14/2024,0.004
4/14/2024,0.004
4/14/2024,0.004
4/14/2024,0.004
4/14/2024,0.004
4/14/2024,0.004
4/14/2024,0.004
4/14/2024,0.004
4/14/2024,0.004
4/14/2024,0.004
4/14/2024,0.004
4/14/2024,0.004
4/14/2024,0.004
4/14/2024,0.004
4/14/2024,0.004
4/14/2024,0.004
4/15/2024,0.004
4/15/2024,0.004
4/15/2024,0.004
4/15/2024,0.004
4/15/2024,0.004
4/15/2024,0.004
4/15/2024,0.004
4/15/2024,0.004
4/15/2024,0.004
4/15/2024,0.004
4/15/2024,0.004
4/15/2024,0.004
4/15/2024,0.004
4/15/2024,0.004
4/15/2024,0.004
4/15/2024,0.004
4/15/2024,0.004
4/15/2024,0.004
4/15/2024,0.004
4/15/2024,0.004
4/15/2024,0.004
4/15/2024,0.004
4/15/2024,0.004
4/15/2024,0.004
4/15/2024,0.004
4/15/2024,0.004
4/15/2024,0.004
4/15/2024,0.004
4/15/2024,0.004
4/15/2024,0.004
4/15/2024,0.004
4/15/2024,0.004
4/15/2024,0.004
4/15/2024,0.004
4/15/2024,0.004
4/15/2024,0.004
4/15/2024,0.004
4/15/2024,0.004
4/15/2024,0.004
4/15/2024,0.004
4/15/2024,0.004
4/15/2024,0.004
4/15/2024,0.004
4/15/2024,0.004
4/15/2024,0.004
4/15/2024,0.004
4/15/2024,0.004
4/15/2024,0.004
4/15/2024,0.004
4/15/2024,0.004
4/15/2024,0.004
4/15/2024,0.004
4/15/2024,0.004
4/15/2024,0.004
4/15/2024,0.004
4/15/2024,0.004
4/15/2024,0.004
4/15/2024,0.004
4/15/2024,0.004
4/15/2024,0.004
4/15/2024,0.004
4/15/2024,0.004
4/15/2024,0.004
4/15/2024,0.004
4/15/2024,0.004
4/15/2024,0.004
4/15/2024,0.004
4/15/2024,0.004
4/15/2024,0.004
4/15/2024,0.004
4/15/2024,0.004
4/15/2024,0.004
4/15/2024,0.004
4/15/2024,0.004
4/15/2024,0.004
4/15/2024,0.004
4/15/2024,0.004
4/15/2024,0.004
4/15/2024,0.004
4/15/2024,0.004
4/15/2024,0.004
4/15/2024,0.004
4/15/2024,0.004
4/15/2024,0.004
4/15/2024,0.004
4/15/2024,0.004
4/15/2024,0.004
4/15/2024,0.004
4/15/2024,0.004
4/15/2024,0.004
4/15/2024,0.004
4/15/2024,0.004
4/15/2024,0.004
4/15/2024,0.004
4/15/2024,0.004
4/15/2024,0.004
4/16/2024,0.004
4/16/2024,0.004
4/16/2024,0.004
4/16/2024,0.004
4/16/2024,0.004
4/16/2024,0.004
4/16/2024,0.004
4/16/2024,0.004
4/16/2024,0.004
4/16/2024,0.004
4/16/2024,0.004
4/16/2024,0.004
4/16/2024,0.004
4/16/2024,0.004
4/16/2024,0.004
4/16/2024,0.004
4/16/2024,0.004
4/16/2024,0.004
4/16/2024,0.004
4/16/2024,0.004
4/16/2024,0.004
4/16/2024,0.004
4/16/2024,0.004
4/16/2024,0.004
4/16/2024,0.004
4/16/2024,0.004
4/16/2024,0.004
4/16/2024,0.004
4/16/2024,0.004
4/16/2024,0.004
4/16/2024,0.004
4/16/2024,0.004
4/16/2024,0.003
4/16/2024,0.004
4/16/2024,0.004
4/16/2024,0.004
4/16/2024,0.003
4/16/2024,0.004
4/16/2024,0.004
4/16/2024,0.004
4/16/2024,0.004
4/16/2024,0.004
4/16/2024,0.004
4/16/2024,0.004
4/16/2024,0.004
4/16/2024,0.003
4/16/2024,0.004
4/16/2024,0.004
4/16/2024,0.004
4/16/2024,0.004
4/16/2024,0.003
4/16/2024,0.004
4/16/2024,0.004
4/16/2024,0.004
4/16/2024,0.004
4/16/2024,0.004
4/16/2024,0.004
4/16/2024,0.004
4/16/2024,0.004
4/16/2024,0.004
4/16/2024,0.004
4/16/2024,0.004
4/16/2024,0.003
4/16/2024,0.004
4/16/2024,0.004
4/16/2024,0.004
4/16/2024,0.004
4/16/2024,0.004
4/16/2024,0.004
4/16/2024,0.003
4/16/2024,0.004
4/16/2024,0.003
4/16/2024,0.004
4/16/2024,0.003
4/16/2024,0.003
4/16/2024,0.004
4/16/2024,0.004
4/16/2024,0.004
4/16/2024,0.003
4/16/2024,0.004
4/16/2024,0.003
4/16/2024,0.003
4/16/2024,0.003
4/16/2024,0.004
4/16/2024,0.003
4/16/2024,0.003
4/16/2024,0.003
4/16/2024,0.004
4/16/2024,0.003
4/16/2024,0.003
4/16/2024,0.003
4/16/2024,0.003
4/16/2024,0.003
4/16/2024,0.004
4/16/2024,0.004
4/16/2024,0.003
4/17/2024,0.003
4/17/2024,0.003
4/17/2024,0.003
4/17/2024,0.003
4/17/2024,0.003
4/17/2024,0.003
4/17/2024,0.003
4/17/2024,0.003
4/17/2024,0.004
4/17/2024,0.003
4/17/2024,0.003
4/17/2024,0.003
4/17/2024,0.003
4/17/2024,0.003
4/17/2024,0.003
4/17/2024,0.003
4/17/2024,0.003
4/17/2024,0.003
4/17/2024,0.003
4/17/2024,0.003
4/17/2024,0.003
4/17/2024,0.003
4/17/2024,0.003
4/17/2024,0.003
4/17/2024,0.003
4/17/2024,0.003
4/17/2024,0.003
4/17/2024,0.003
4/17/2024,0.003
4/17/2024,0.003
4/17/2024,0.003
4/17/2024,0.003
4/17/2024,0.003
4/17/2024,0.003
4/17/2024,0.003
4/17/2024,0.003
4/17/2024,0.003
4/17/2024,0.003
4/17/2024,0.003
4/17/2024,0.003
4/17/2024,0.003
4/17/2024,0.003
4/17/2024,0.003
4/17/2024,0.003
4/17/2024,0.003
4/17/2024,0.003
4/17/2024,0.003
4/17/2024,0.003
4/17/2024,0.003
4/17/2024,0.003
4/17/2024,0.003
4/17/2024,0.003
4/17/2024,0.003
4/17/2024,0.003
4/17/2024,0.003
4/17/2024,0.003
4/17/2024,0.003
4/17/2024,0.003
4/17/2024,0.003
4/17/2024,0.003
4/17/2024,0.003
4/17/2024,0.003
4/17/2024,0.003
4/17/2024,0.003
4/17/2024,0.003
4/17/2024,0.003
4/17/2024,0.003
4/17/2024,0.003
4/17/2024,0.003
4/17/2024,0.003
4/17/2024,0.003
4/17/2024,0.003
4/17/2024,0.003
4/17/2024,0.003
4/17/2024,0.003
4/17/2024,0.003
4/17/2024,0.003
4/17/2024,0.003
4/17/2024,0.003
4/17/2024,0.003
4/17/2024,0.003
4/17/2024,0.003
4/17/2024,0.003
4/17/2024,0.003
4/17/2024,0.003
4/17/2024,0.003
4/17/2024,0.003
4/17/2024,0.003
4/17/2024,0.003
4/17/2024,0.003
4/17/2024,0.003
4/17/2024,0.003
4/17/2024,0.003
4/17/2024,0.003
4/17/2024,0.003
4/17/2024,0.003
4/18/2024,0.003
4/18/2024,0.003
4/18/2024,0.003
4/18/2024,0.003
4/18/2024,0.003
4/18/2024,0.003
4/18/2024,0.003
4/18/2024,0.003
4/18/2024,0.003
4/18/2024,0.003
4/18/2024,0.003
4/18/2024,0.003
4/18/2024,0.003
4/18/2024,0.003
4/18/2024,0.003
4/18/2024,0.003
4/18/2024,0.003
4/18/2024,0.003
4/18/2024,0.003
4/18/2024,0.003
4/18/2024,0.003
4/18/2024,0.003
4/18/2024,0.003
4/18/2024,0.003
4/18/2024,0.003
4/18/2024,0.003
4/18/2024,0.003
4/18/2024,0.003
4/18/2024,0.003
4/18/2024,0.003
4/18/2024,0.003
4/18/2024,0.003
4/18/2024,0.003
4/18/2024,0.003
4/18/2024,0.003
4/18/2024,0.003
4/18/2024,0.003
4/18/2024,0.003
4/18/2024,0.003
4/18/2024,0.003
4/18/2024,0.003
4/18/2024,0.003
4/18/2024,0.003
4/18/2024,0.003
4/18/2024,0.003
4/18/2024,0.003
4/18/2024,0.003
4/18/2024,0.003
4/18/2024,0.003
4/18/2024,0.003
4/18/2024,0.003
4/18/2024,0.003
4/18/2024,0.003
4/18/2024,0.003
4/18/2024,0.003
4/18/2024,0.003
4/18/2024,0.003
4/18/2024,0.003
4/18/2024,0.003
4/18/2024,0.003
4/18/2024,0.003
4/18/2024,0.003
4/18/2024,0.003
4/18/2024,0.003
4/18/2024,0.003
4/18/2024,0.003
4/18/2024,0.003
4/18/2024,0.003
4/18/2024,0.003
4/18/2024,0.003
4/18/2024,0.003
4/18/2024,0.003
4/18/2024,0.003
4/18/2024,0.003
4/18/2024,0.003
4/18/2024,0.003
4/18/2024,0.003
4/18/2024,0.003
4/18/2024,0.003
4/18/2024,0.003
4/18/2024,0.003
4/18/2024,0.003
4/18/2024,0.003
4/18/2024,0.003
4/18/2024,0.003
4/18/2024,0.003
4/18/2024,0.003
4/18/2024,0.003
4/18/2024,0.003
4/18/2024,0.003
4/18/2024,0.003
4/18/2024,0.003
4/18/2024,0.003
4/18/2024,0.003
4/18/2024,0.003
4/18/2024,0.003
4/19/2024,0.003
4/19/2024,0.003
4/19/2024,0.003
4/19/2024,0.003
4/19/2024,0.003
4/19/2024,0.003
4/19/2024,0.003
4/19/2024,0.003
4/19/2024,0.003
4/19/2024,0.003
4/19/2024,0.003
4/19/2024,0.003
4/19/2024,0.003
4/19/2024,0.003
4/19/2024,0.003
4/19/2024,0.003
4/19/2024,0.003
4/19/2024,0.003
4/19/2024,0.003
4/19/2024,0.003
4/19/2024,0.003
4/19/2024,0.003
4/19/2024,0.003
4/19/2024,0.003
4/19/2024,0.003
4/19/2024,0.003
4/19/2024,0.003
4/19/2024,0.003
4/19/2024,0.003
4/19/2024,0.003
4/19/2024,0.003
4/19/2024,0.003
4/19/2024,0.003
4/19/2024,0.003
4/19/2024,0.003
4/19/2024,0.003
4/19/2024,0.003
4/19/2024,0.003
4/19/2024,0.003
4/19/2024,0.003
4/19/2024,0.003
4/19/2024,0.003
4/19/2024,0.003
4/19/2024,0.003
4/19/2024,0.003
4/19/2024,0.003
4/19/2024,0.003
4/19/2024,0.003
4/19/2024,0.003
4/19/2024,0.003
4/19/2024,0.003
4/19/2024,0.003
4/19/2024,0.003
4/19/2024,0.003
4/19/2024,0.003
4/19/2024,0.003
4/19/2024,0.003
4/19/2024,0.003
4/19/2024,0.003
4/19/2024,0.003
4/19/2024,0.003
4/19/2024,0.003
4/19/2024,0.003
4/19/2024,0.003
4/19/2024,0.003
4/19/2024,0.003
4/19/2024,0.003
4/19/2024,0.003
4/19/2024,0.003
4/19/2024,0.003
4/19/2024,0.003
4/19/2024,0.003
4/19/2024,0.003
4/19/2024,0.003
4/19/2024,0.003
4/19/2024,0.003
4/19/2024,0.003
4/19/2024,0.003
4/19/2024,0.003
4/19/2024,0.003
4/19/2024,0.003
4/19/2024,0.003
4/19/2024,0.003
4/19/2024,0.003
4/19/2024,0.003
4/19/2024,0.003
4/19/2024,0.003
4/19/2024,0.003
4/19/2024,0.003
4/19/2024,0.003
4/19/2024,0.003
4/19/2024,0.003
4/19/2024,0.003
4/19/2024,0.003
4/19/2024,0.003
4/19/2024,0.003
4/20/2024,0.003
4/20/2024,0.003
4/20/2024,0.003
4/20/2024,0.003
4/20/2024,0.003
4/20/2024,0.003
4/20/2024,0.003
4/20/2024,0.003
4/20/2024,0.003
4/20/2024,0.003
4/20/2024,0.003
4/20/2024,0.003
4/20/2024,0.003
4/20/2024,0.003
4/20/2024,0.003
4/20/2024,0.003
4/20/2024,0.003
4/20/2024,0.003
4/20/2024,0.003
4/20/2024,0.003
4/20/2024,0.003
4/20/2024,0.003
4/20/2024,0.003
4/20/2024,0.003
4/20/2024,0.003
4/20/2024,0.003
4/20/2024,0.003
4/20/2024,0.003
4/20/2024,0.003
4/20/2024,0.003
4/20/2024,0.003
4/20/2024,0.003
4/20/2024,0.003
4/20/2024,0.003
4/20/2024,0.003
4/20/2024,0.003
4/20/2024,0.003
4/20/2024,0.003
4/20/2024,0.003
4/20/2024,0.003
4/20/2024,0.003
4/20/2024,0.003
4/20/2024,0.003
4/20/2024,0.003
4/20/2024,0.003
4/20/2024,0.003
4/20/2024,0.003
4/20/2024,0.003
4/20/2024,0.003
4/20/2024,0.003
4/20/2024,0.003
4/20/2024,0.003
4/20/2024,0.003
4/20/2024,0.003
4/20/2024,0.003
4/20/2024,0.003
4/20/2024,0.003
4/20/2024,0.003
4/20/2024,0.003
4/20/2024,0.003
4/20/2024,0.003
4/20/2024,0.003
4/20/2024,0.003
4/20/2024,0.003
4/20/2024,0.003
4/20/2024,0.003
4/20/2024,0.003
4/20/2024,0.003
4/20/2024,0.003
4/20/2024,0.003
4/20/2024,0.003
4/20/2024,0.003
4/20/2024,0.003
4/20/2024,0.003
4/20/2024,0.003
4/20/2024,0.003
4/20/2024,0.003
4/20/2024,0.003
4/20/2024,0.003
4/20/2024,0.003
4/20/2024,0.003
4/20/2024,0.003
4/20/2024,0.003
4/20/2024,0.003
4/20/2024,0.003
4/20/2024,0.003
4/20/2024,0.003
4/20/2024,0.003
4/20/2024,0.003
4/20/2024,0.003
4/20/2024,0.003
4/20/2024,0.003
4/20/2024,0.003
4/20/2024,0.003
4/20/2024,0.003
4/20/2024,0.003
4/21/2024,0.003
4/21/2024,0.003
4/21/2024,0.003
4/21/2024,0.003
4/21/2024,0.003
4/21/2024,0.003
4/21/2024,0.003
4/21/2024,0.003
4/21/2024,0.003
4/21/2024,0.003
4/21/2024,0.003
4/21/2024,0.003
4/21/2024,0.003
4/21/2024,0.003
4/21/2024,0.003
4/21/2024,0.003
4/21/2024,0.003
4/21/2024,0.003
4/21/2024,0.003
4/21/2024,0.003
4/21/2024,0.003
4/21/2024,0.003
4/21/2024,0.003
4/21/2024,0.003
4/21/2024,0.003
4/21/2024,0.003
4/21/2024,0.003
4/21/2024,0.003
4/21/2024,0.003
4/21/2024,0.003
4/21/2024,0.003
4/21/2024,0.003
4/21/2024,0.003
4/21/2024,0.003
4/21/2024,0.003
4/21/2024,0.003
4/21/2024,0.003
4/21/2024,0.003
4/21/2024,0.003
4/21/2024,0.003
4/21/2024,0.003
4/21/2024,0.003
4/21/2024,0.003
4/21/2024,0.003
4/21/2024,0.003
4/21/2024,0.003
4/21/2024,0.003
4/21/2024,0.003
4/21/2024,0.003
4/21/2024,0.003
4/21/2024,0.003
4/21/2024,0.003
4/21/2024,0.003
4/21/2024,0.003
4/21/2024,0.003
4/21/2024,0.003
4/21/2024,0.003
4/21/2024,0.003
4/21/2024,0.003
4/21/2024,0.003
4/21/2024,0.003
4/21/2024,0.003
4/21/2024,0.003
4/21/2024,0.003
4/21/2024,0.003
4/21/2024,0.003
4/21/2024,0.003
4/21/2024,0.003
4/21/2024,0.003
4/21/2024,0.003
4/21/2024,0.003
4/21/2024,0.003
4/21/2024,0.003
4/21/2024,0.003
4/21/2024,0.003
4/21/2024,0.003
4/21/2024,0.003
4/21/2024,0.003
4/21/2024,0.003
4/21/2024,0.003
4/21/2024,0.003
4/21/2024,0.003
4/21/2024,0.003
4/21/2024,0.003
4/21/2024,0.003
4/21/2024,0.003
4/21/2024,0.003
4/21/2024,0.003
4/21/2024,0.003
4/21/2024,0.003
4/21/2024,0.003
4/21/2024,0.003
4/21/2024,0.003
4/21/2024,0.003
4/21/2024,0.003
4/21/2024,0.003
4/22/2024,0.003
4/22/2024,0.003
4/22/2024,0.003
4/22/2024,0.003
4/22/2024,0.003
4/22/2024,0.003
4/22/2024,0.003
4/22/2024,0.003
4/22/2024,0.003
4/22/2024,0.003
4/22/2024,0.003
4/22/2024,0.003
4/22/2024,0.003
4/22/2024,0.003
4/22/2024,0.003
4/22/2024,0.003
4/22/2024,0.003
4/22/2024,0.003
4/22/2024,0.003
4/22/2024,0.003
4/22/2024,0.003
4/22/2024,0.003
4/22/2024,0.003
4/22/2024,0.003
4/22/2024,0.003
4/22/2024,0.003
4/22/2024,0.003
4/22/2024,0.003
4/22/2024,0.003
4/22/2024,0.003
4/22/2024,0.003
4/22/2024,0.003
4/22/2024,0.003
4/22/2024,0.003
4/22/2024,0.003
4/22/2024,0.003
4/22/2024,0.003
4/22/2024,0.003
4/22/2024,0.003
4/22/2024,0.003
4/22/2024,0.003
4/22/2024,0.003
4/22/2024,0.003
4/22/2024,0.003
4/22/2024,0.003
4/22/2024,0.003
4/22/2024,0.003
4/22/2024,0.003
4/22/2024,0.003
4/22/2024,0.003
4/22/2024,0.003
4/22/2024,0.003
4/22/2024,0.003
4/22/2024,0.003
4/22/2024,0.003
4/22/2024,0.003
4/22/2024,0.003
4/22/2024,0.003
4/22/2024,0.003
4/22/2024,0.003
4/22/2024,0.003
4/22/2024,0.003
4/22/2024,0.003
4/22/2024,0.003
4/22/2024,0.003
4/22/2024,0.003
4/22/2024,0.003
4/22/2024,0.003
4/22/2024,0.003
4/22/2024,0.003
4/22/2024,0.003
4/22/2024,0.003
4/22/2024,0.003
4/22/2024,0.003
4/22/2024,0.003
4/22/2024,0.003
4/22/2024,0.003
4/22/2024,0.003
4/22/2024,0.003
4/22/2024,0.003
4/22/2024,0.003
4/22/2024,0.003
4/22/2024,0.003
4/22/2024,0.003
4/22/2024,0.003
4/22/2024,0.003
4/22/2024,0.003
4/22/2024,0.003
4/22/2024,0.003
4/22/2024,0.003
4/22/2024,0.003
4/22/2024,0.003
4/22/2024,0.003
4/22/2024,0.003
4/22/2024,0.003
4/22/2024,0.003
4/23/2024,0.003
4/23/2024,0.003
4/23/2024,0.003
4/23/2024,0.003
4/23/2024,0.003
4/23/2024,0.003
4/23/2024,0.003
4/23/2024,0.003
4/23/2024,0.003
4/23/2024,0.003
4/23/2024,0.003
4/23/2024,0.003
4/23/2024,0.003
4/23/2024,0.002
4/23/2024,0.003
4/23/2024,0.003
4/23/2024,0.003
4/23/2024,0.003
4/23/2024,0.003
4/23/2024,0.003
4/23/2024,0.002
4/23/2024,0.003
4/23/2024,0.003
4/23/2024,0.003
4/23/2024,0.003
4/23/2024,0.003
4/23/2024,0.003
4/23/2024,0.003
4/23/2024,0.003
4/23/2024,0.003
4/23/2024,0.003
4/23/2024,0.003
4/23/2024,0.003
4/23/2024,0.003
4/23/2024,0.003
4/23/2024,0.003
4/23/2024,0.003
4/23/2024,0.003
4/23/2024,0.003
4/23/2024,0.003
4/23/2024,0.003
4/23/2024,0.003
4/23/2024,0.003
4/23/2024,0.003
4/23/2024,0.003
4/23/2024,0.003
4/23/2024,0.003
4/23/2024,0.003
4/23/2024,0.003
4/23/2024,0.003
4/23/2024,0.003
4/23/2024,0.003
4/23/2024,0.003
4/23/2024,0.003
4/23/2024,0.003
4/23/2024,0.003
4/23/2024,0.003
4/23/2024,0.003
4/23/2024,0.003
4/23/2024,0.003
4/23/2024,0.003
4/23/2024,0.003
4/23/2024,0.003
4/23/2024,0.003
4/23/2024,0.003
4/23/2024,0.003
4/23/2024,0.003
4/23/2024,0.003
4/23/2024,0.003
4/23/2024,0.003
4/23/2024,0.003
4/23/2024,0.003
4/23/2024,0.003
4/23/2024,0.003
4/23/2024,0.003
4/23/2024,0.003
4/23/2024,0.003
4/23/2024,0.003
4/23/2024,0.003
4/23/2024,0.003
4/23/2024,0.003
4/23/2024,0.003
4/23/2024,0.003
4/23/2024,0.003
4/23/2024,0.003
4/23/2024,0.003
4/23/2024,0.002
4/23/2024,0.003
4/23/2024,0.003
4/23/2024,0.002
4/23/2024,0.003
4/23/2024,0.003
4/23/2024,0.002
4/23/2024,0.002
4/23/2024,0.003
4/23/2024,0.003
4/24/2024,0.002
4/24/2024,0.003
4/24/2024,0.002
4/24/2024,0.003
4/24/2024,0.002
4/24/2024,0.002
4/24/2024,0.002
4/24/2024,0.002
4/24/2024,0.003
4/24/2024,0.002
4/24/2024,0.002
4/24/2024,0.003
4/24/2024,0.002
4/24/2024,0.002
4/24/2024,0.002
4/24/2024,0.003
4/24/2024,0.003
4/24/2024,0.002
4/24/2024,0.003
4/24/2024,0.003
4/24/2024,0.003
4/24/2024,0.002
4/24/2024,0.002
4/24/2024,0.002
4/24/2024,0.002
4/24/2024,0.002
4/24/2024,0.002
4/24/2024,0.003
4/24/2024,0.003
4/24/2024,0.003
4/24/2024,0.003
4/24/2024,0.002
4/24/2024,0.003
4/24/2024,0.002
4/24/2024,0.002
4/24/2024,0.003
4/24/2024,0.002
4/24/2024,0.003
4/24/2024,0.003
4/24/2024,0.002
4/24/2024,0.003
4/24/2024,0.003
4/24/2024,0.002
4/24/2024,0.003
4/24/2024,0.003
4/24/2024,0.002
4/24/2024,0.002
4/24/2024,0.003
4/24/2024,0.003
4/24/2024,0.003
4/24/2024,0.003
4/24/2024,0.003
4/24/2024,0.003
4/24/2024,0.003
4/24/2024,0.003
4/24/2024,0.003
4/24/2024,0.003
4/24/2024,0.003
4/24/2024,0.003
4/24/2024,0.003
4/24/2024,0.003
4/24/2024,0.003
4/24/2024,0.003
4/24/2024,0.003
4/24/2024,0.003
4/24/2024,0.003
4/24/2024,0.002
4/24/2024,0.003
4/24/2024,0.003
4/24/2024,0.002
4/24/2024,0.002
4/24/2024,0.003
4/24/2024,0.003
4/24/2024,0.002
4/24/2024,0.003
4/24/2024,0.002
4/24/2024,0.002
4/24/2024,0.002
4/24/2024,0.002
4/24/2024,0.003
4/24/2024,0.002
4/24/2024,0.002
4/24/2024,0.002
4/24/2024,0.003
4/24/2024,0.002
4/24/2024,0.002
4/24/2024,0.002
4/24/2024,0.002
4/24/2024,0.002
4/24/2024,0.002
4/24/2024,0.002
4/24/2024,0.003
4/24/2024,0.002
4/24/2024,0.002
4/24/2024,0.003
4/24/2024,0.002
4/25/2024,0.003
4/25/2024,0.002
4/25/2024,0.003
4/25/2024,0.002
4/25/2024,0.002
4/25/2024,0.002
4/25/2024,0.002
4/25/2024,0.002
4/25/2024,0.002
4/25/2024,0.002
4/25/2024,0.002
4/25/2024,0.002
4/25/2024,0.002
4/25/2024,0.002
4/25/2024,0.002
4/25/2024,0.002
4/25/2024,0.002
4/25/2024,0.002
4/25/2024,0.002
4/25/2024,0.002
4/25/2024,0.002
4/25/2024,0.002
4/25/2024,0.002
4/25/2024,0.002
4/25/2024,0.003
4/25/2024,0.002
4/25/2024,0.002
4/25/2024,0.002
4/25/2024,0.002
4/25/2024,0.002
4/25/2024,0.002
4/25/2024,0.003
4/25/2024,0.002
4/25/2024,0.002
4/25/2024,0.002
4/25/2024,0.003
4/25/2024,0.002
4/25/2024,0.003
4/25/2024,0.003
4/25/2024,0.003
4/25/2024,0.002
4/25/2024,0.003
4/25/2024,0.003
4/25/2024,0.002
4/25/2024,0.002
4/25/2024,0.002
4/25/2024,0.003
4/25/2024,0.002
4/25/2024,0.003
4/25/2024,0.003
4/25/2024,0.002
4/25/2024,0.002
4/25/2024,0.002
4/25/2024,0.002
4/25/2024,0.003
4/25/2024,0.002
4/25/2024,0.003
4/25/2024,0.003
4/25/2024,0.003
4/25/2024,0.002
4/25/2024,0.003
4/25/2024,0.003
4/25/2024,0.003
4/25/2024,0.003
4/25/2024,0.003
4/25/2024,0.002
4/25/2024,0.002
4/25/2024,0.003
4/25/2024,0.003
4/25/2024,0.002
4/25/2024,0.003
4/25/2024,0.002
4/25/2024,0.003
4/25/2024,0.002
4/25/2024,0.003
4/25/2024,0.003
4/25/2024,0.002
4/25/2024,0.002
4/25/2024,0.002
4/25/2024,0.002
4/25/2024,0.002
4/25/2024,0.002
4/25/2024,0.002
4/25/2024,0.003
4/25/2024,0.002
4/25/2024,0.003
4/25/2024,0.002
4/25/2024,0.003
4/25/2024,0.002
4/25/2024,0.003
4/25/2024,0.002
4/25/2024,0.002
4/25/2024,0.002
4/25/2024,0.002
4/25/2024,0.002
4/25/2024,0.002
4/26/2024,0.002
4/26/2024,0.002
4/26/2024,0.002
4/26/2024,0.002
4/26/2024,0.002
4/26/2024,0.002
4/26/2024,0.002
4/26/2024,0.002
4/26/2024,0.002
4/26/2024,0.002
4/26/2024,0.002
4/26/2024,0.002
4/26/2024,0.002
4/26/2024,0.002
4/26/2024,0.002
4/26/2024,0.002
4/26/2024,0.002
4/26/2024,0.002
4/26/2024,0.002
4/26/2024,0.002
4/26/2024,0.002
4/26/2024,0.002
4/26/2024,0.002
4/26/2024,0.002
4/26/2024,0.002
4/26/2024,0.002
4/26/2024,0.002
4/26/2024,0.002
4/26/2024,0.002
4/26/2024,0.002
4/26/2024,0.002
4/26/2024,0.002
4/26/2024,0.002
4/26/2024,0.002
4/26/2024,0.003
4/26/2024,0.003
4/26/2024,0.002
4/26/2024,0.002
4/26/2024,0.002
4/26/2024,0.002
4/26/2024,0.002
4/26/2024,0.002
4/26/2024,0.002
4/26/2024,0.002
4/26/2024,0.002
4/26/2024,0.002
4/26/2024,0.002
4/26/2024,0.002
4/26/2024,0.003
4/26/2024,0.002
4/26/2024,0.002
4/26/2024,0.002
4/26/2024,0.002
4/26/2024,0.002
4/26/2024,0.002
4/26/2024,0.002
4/26/2024,0.002
4/26/2024,0.002
4/26/2024,0.002
4/26/2024,0.002
4/26/2024,0.003
4/26/2024,0.002
4/26/2024,0.002
4/26/2024,0.002
4/26/2024,0.003
4/26/2024,0.002
4/26/2024,0.002
4/26/2024,0.002
4/26/2024,0.002
4/26/2024,0.002
4/26/2024,0.002
4/26/2024,0.002
4/26/2024,0.002
4/26/2024,0.002
4/26/2024,0.002
4/26/2024,0.002
4/26/2024,0.002
4/26/2024,0.002
4/26/2024,0.002
4/26/2024,0.002
4/26/2024,0.002
4/26/2024,0.002
4/26/2024,0.002
4/26/2024,0.002
4/26/2024,0.002
4/26/2024,0.002
4/26/2024,0.002
4/26/2024,0.002
4/26/2024,0.002
4/26/2024,0.002
4/26/2024,0.002
4/26/2024,0.002
4/26/2024,0.002
4/26/2024,0.002
4/26/2024,0.002
4/26/2024,0.002
4/27/2024,0.002
4/27/2024,0.002
4/27/2024,0.002
4/27/2024,0.002
4/27/2024,0.002
4/27/2024,0.002
4/27/2024,0.002
4/27/2024,0.002
4/27/2024,0.002
4/27/2024,0.002
4/27/2024,0.002
4/27/2024,0.002
4/27/2024,0.002
4/27/2024,0.002
4/27/2024,0.002
4/27/2024,0.002
4/27/2024,0.002
4/27/2024,0.002
4/27/2024,0.002
4/27/2024,0.002
4/27/2024,0.002
4/27/2024,0.002
4/27/2024,0.002
4/27/2024,0.002
4/27/2024,0.002
4/27/2024,0.002
4/27/2024,0.002
4/27/2024,0.002
4/27/2024,0.002
4/27/2024,0.002
4/27/2024,0.002
4/27/2024,0.002
4/27/2024,0.002
4/27/2024,0.002
4/27/2024,0.002
4/27/2024,0.002
4/27/2024,0.002
4/27/2024,0.002
4/27/2024,0.002
4/27/2024,0.002
4/27/2024,0.003
4/27/2024,0.002
4/27/2024,0.002
4/27/2024,0.003
4/27/2024,0.003
4/27/2024,0.002
4/27/2024,0.002
4/27/2024,0.002
4/27/2024,0.002
4/27/2024,0.002
4/27/2024,0.002
4/27/2024,0.002
4/27/2024,0.002
4/27/2024,0.002
4/27/2024,0.002
4/27/2024,0.002
4/27/2024,0.002
4/27/2024,0.002
4/27/2024,0.002
4/27/2024,0.002
4/27/2024,0.002
4/27/2024,0.002
4/27/2024,0.002
4/27/2024,0.002
4/27/2024,0.002
4/27/2024,0.002
4/27/2024,0.002
4/27/2024,0.002
4/27/2024,0.002
4/27/2024,0.002
4/27/2024,0.002
4/27/2024,0.002
4/27/2024,0.002
4/27/2024,0.002
4/27/2024,0.002
4/27/2024,0.002
4/27/2024,0.002
4/27/2024,0.002
4/27/2024,0.002
4/27/2024,0.002
4/27/2024,0.002
4/27/2024,0.002
4/27/2024,0.002
4/27/2024,0.002
4/27/2024,0.002
4/27/2024,0.002
4/27/2024,0.002
4/27/2024,0.002
4/27/2024,0.002
4/27/2024,0.002
4/27/2024,0.002
4/27/2024,0.002
4/27/2024,0.002
4/27/2024,0.002
4/27/2024,0.002
4/27/2024,0.002
4/28/2024,0.002
4/28/2024,0.002
4/28/2024,0.002
4/28/2024,0.002
4/28/2024,0.002
4/28/2024,0.002
4/28/2024,0.002
4/28/2024,0.002
4/28/2024,0.002
4/28/2024,0.002
4/28/2024,0.002
4/28/2024,0.002
4/28/2024,0.002
4/28/2024,0.002
4/28/2024,0.002
4/28/2024,0.002
4/28/2024,0.002
4/28/2024,0.002
4/28/2024,0.002
4/28/2024,0.002
4/28/2024,0.002
4/28/2024,0.002
4/28/2024,0.002
4/28/2024,0.002
4/28/2024,0.002
4/28/2024,0.002
4/28/2024,0.002
4/28/2024,0.002
4/28/2024,0.002
4/28/2024,0.002
4/28/2024,0.002
4/28/2024,0.002
4/28/2024,0.002
4/28/2024,0.002
4/28/2024,0.002
4/28/2024,0.002
4/28/2024,0.002
4/28/2024,0.002
4/28/2024,0.002
4/28/2024,0.002
4/28/2024,0.002
4/28/2024,0.002
4/28/2024,0.002
4/28/2024,0.002
4/28/2024,0.002
4/28/2024,0.002
4/28/2024,0.002
4/28/2024,0.002
4/28/2024,0.002
4/28/2024,0.002
4/28/2024,0.002
4/28/2024,0.002
4/28/2024,0.002
4/28/2024,0.002
4/28/2024,0.003
4/28/2024,0.002
4/28/2024,0.002
4/28/2024,0.002
4/28/2024,0.002
4/28/2024,0.002
4/28/2024,0.002
4/28/2024,0.002
4/28/2024,0.002
4/28/2024,0.002
4/28/2024,0.002
4/28/2024,0.002
4/28/2024,0.002
4/28/2024,0.002
4/28/2024,0.002
4/28/2024,0.002
4/28/2024,0.002
4/28/2024,0.002
4/28/2024,0.002
4/28/2024,0.002
4/28/2024,0.002
4/28/2024,0.002
4/28/2024,0.002
4/28/2024,0.002
4/28/2024,0.002
4/28/2024,0.002
4/28/2024,0.002
4/28/2024,0.002
4/28/2024,0.002
4/28/2024,0.002
4/28/2024,0.002
4/28/2024,0.002
4/28/2024,0.002
4/28/2024,0.002
4/28/2024,0.002
4/28/2024,0.002
4/28/2024,0.002
4/28/2024,0.002
4/28/2024,0.002
4/28/2024,0.002
4/28/2024,0.002
4/28/2024,0.002
4/29/2024,0.002
4/29/2024,0.002
4/29/2024,0.002
4/29/2024,0.002
4/29/2024,0.002
4/29/2024,0.002
4/29/2024,0.002
4/29/2024,0.002
4/29/2024,0.002
4/29/2024,0.002
4/29/2024,0.002
4/29/2024,0.002
4/29/2024,0.002
4/29/2024,0.002
4/29/2024,0.002
4/29/2024,0.002
4/29/2024,0.002
4/29/2024,0.002
4/29/2024,0.002
4/29/2024,0.002
4/29/2024,0.002
4/29/2024,0.002
4/29/2024,0.002
4/29/2024,0.002
4/29/2024,0.002
4/29/2024,0.002
4/29/2024,0.002
4/29/2024,0.002
4/29/2024,0.002
4/29/2024,0.002
4/29/2024,0.002
4/29/2024,0.002
4/29/2024,0.002
4/29/2024,0.002
4/29/2024,0.003
4/29/2024,0.002
4/29/2024,0.002
4/29/2024,0.002
4/29/2024,0.002
4/29/2024,0.002
4/29/2024,0.002
4/29/2024,0.002
4/29/2024,0.002
4/29/2024,0.002
4/29/2024,0.003
4/29/2024,0.002
4/29/2024,0.003
4/29/2024,0.002
4/29/2024,0.002
4/29/2024,0.002
4/29/2024,0.002
4/29/2024,0.002
4/29/2024,0.002
4/29/2024,0.002
4/29/2024,0.002
4/29/2024,0.002
4/29/2024,0.002
4/29/2024,0.002
4/29/2024,0.002
4/29/2024,0.002
4/29/2024,0.002
4/29/2024,0.002
4/29/2024,0.002
4/29/2024,0.002
4/29/2024,0.002
4/29/2024,0.002
4/29/2024,0.002
4/29/2024,0.002
4/29/2024,0.002
4/29/2024,0.002
4/29/2024,0.002
4/29/2024,0.002
4/29/2024,0.002
4/29/2024,0.002
4/29/2024,0.002
4/29/2024,0.002
4/29/2024,0.002
4/29/2024,0.002
4/29/2024,0.002
4/29/2024,0.002
4/29/2024,0.002
4/29/2024,0.002
4/29/2024,0.002
4/29/2024,0.002
4/29/2024,0.002
4/29/2024,0.002
4/29/2024,0.002
4/29/2024,0.002
4/29/2024,0.002
4/29/2024,0.002
4/29/2024,0.002
4/29/2024,0.002
4/29/2024,0.002
4/29/2024,0.002
4/29/2024,0.002
4/29/2024,0.002
4/30/2024,0.002
4/30/2024,0.002
4/30/2024,0.002
4/30/2024,0.002
4/30/2024,0.002
4/30/2024,0.002
4/30/2024,0.002
4/30/2024,0.002
4/30/2024,0.002
4/30/2024,0.002
4/30/2024,0.002
4/30/2024,0.002
4/30/2024,0.002
4/30/2024,0.002
4/30/2024,0.002
4/30/2024,0.002
4/30/2024,0.002
4/30/2024,0.002
4/30/2024,0.002
4/30/2024,0.002
4/30/2024,0.002
4/30/2024,0.002
4/30/2024,0.002
4/30/2024,0.002
4/30/2024,0.002
4/30/2024,0.002
4/30/2024,0.002
4/30/2024,0.002
4/30/2024,0.002
4/30/2024,0.002
4/30/2024,0.002
4/30/2024,0.002
4/30/2024,0.002
4/30/2024,0.002
4/30/2024,0.002
4/30/2024,0.002
4/30/2024,0.002
4/30/2024,0.002
4/30/2024,0.002
4/30/2024,0.002
4/30/2024,0.002
4/30/2024,0.002
4/30/2024,0.002
4/30/2024,0.002
4/30/2024,0.002
4/30/2024,0.002
4/30/2024,0.002
4/30/2024,0.002
4/30/2024,0.002
4/30/2024,0.002
4/30/2024,0.002
4/30/2024,0.002
4/30/2024,0.002
4/30/2024,0.002
4/30/2024,0.002
4/30/2024,0.002
4/30/2024,0.002
4/30/2024,0.002
4/30/2024,0.002
4/30/2024,0.002
4/30/2024,0.002
4/30/2024,0.002
4/30/2024,0.002
4/30/2024,0.002
4/30/2024,0.002
4/30/2024,0.002
4/30/2024,0.002
4/30/2024,0.002
4/30/2024,0.002
4/30/2024,0.002
4/30/2024,0.002
4/30/2024,0.002
4/30/2024,0.002
4/30/2024,0.002
4/30/2024,0.002
4/30/2024,0.002
4/30/2024,0.002
4/30/2024,0.002
4/30/2024,0.002
4/30/2024,0.002
4/30/2024,0.002
4/30/2024,0.002
4/30/2024,0.002
4/30/2024,0.002
4/30/2024,0.002
4/30/2024,0.002
4/30/2024,0.002
4/30/2024,0.002
4/30/2024,0.002
4/30/2024,0.002
4/30/2024,0.002
4/30/2024,0.002
4/30/2024,0.002
4/30/2024,0.002
4/30/2024,0.002
4/30/2024,0.002
5/1/2024,0.002
5/1/2024,0.002
5/1/2024,0.002
5/1/2024,0.002
5/1/2024,0.002
5/1/2024,0.002
5/1/2024,0.002
5/1/2024,0.002
5/1/2024,0.002
5/1/2024,0.002
5/1/2024,0.002
5/1/2024,0.002
5/1/2024,0.002
5/1/2024,0.002
5/1/2024,0.002
5/1/2024,0.002
5/1/2024,0.002
5/1/2024,0.002
5/1/2024,0.002
5/1/2024,0.002
5/1/2024,0.002
5/1/2024,0.002
5/1/2024,0.002
5/1/2024,0.002
5/1/2024,0.002
5/1/2024,0.002
5/1/2024,0.002
5/1/2024,0.002
5/1/2024,0.002
5/1/2024,0.002
5/1/2024,0.002
5/1/2024,0.002
5/1/2024,0.002
5/1/2024,0.002
5/1/2024,0.002
5/1/2024,0.002
5/1/2024,0.002
5/1/2024,0.002
5/1/2024,0.002
5/1/2024,0.002
5/1/2024,0.002
5/1/2024,0.002
5/1/2024,0.002
5/1/2024,0.002
5/1/2024,0.002
5/1/2024,0.002
5/1/2024,0.002
5/1/2024,0.002
5/1/2024,0.002
5/1/2024,0.002
5/1/2024,0.002
5/1/2024,0.002
5/1/2024,0.002
5/1/2024,0.002
5/1/2024,0.002
5/1/2024,0.002
5/1/2024,0.002
5/1/2024,0.002
5/1/2024,0.002
5/1/2024,0.002
5/1/2024,0.002
5/1/2024,0.002
5/1/2024,0.002
5/1/2024,0.002
5/1/2024,0.002
5/1/2024,0.002
5/1/2024,0.002
5/1/2024,0.002
5/1/2024,0.002
5/1/2024,0.002
5/1/2024,0.002
5/1/2024,0.002
5/1/2024,0.002
5/1/2024,0.002
5/1/2024,0.002
5/1/2024,0.002
5/1/2024,0.002
5/1/2024,0.002
5/1/2024,0.002
5/1/2024,0.002
5/1/2024,0.002
5/1/2024,0.002
5/1/2024,0.002
5/1/2024,0.002
5/1/2024,0.002
5/1/2024,0.002
5/1/2024,0.002
5/1/2024,0.002
5/1/2024,0.002
5/1/2024,0.002
5/1/2024,0.002
5/1/2024,0.002
5/1/2024,0.002
5/1/2024,0.002
5/1/2024,0.002
5/1/2024,0.002
5/2/2024,0.002
5/2/2024,0.002
5/2/2024,0.002
5/2/2024,0.002
5/2/2024,0.002
5/2/2024,0.002
5/2/2024,0.002
5/2/2024,0.002
5/2/2024,0.002
5/2/2024,0.002
5/2/2024,0.002
5/2/2024,0.002
5/2/2024,0.002
5/2/2024,0.002
5/2/2024,0.002
5/2/2024,0.002
5/2/2024,0.002
5/2/2024,0.002
5/2/2024,0.002
5/2/2024,0.002
5/2/2024,0.002
5/2/2024,0.002
5/2/2024,0.002
5/2/2024,0.002
5/2/2024,0.002
5/2/2024,0.002
5/2/2024,0.002
5/2/2024,0.002
5/2/2024,0.002
5/2/2024,0.002
5/2/2024,0.002
5/2/2024,0.002
5/2/2024,0.002
5/2/2024,0.002
5/2/2024,0.002
5/2/2024,0.002
5/2/2024,0.002
5/2/2024,0.002
5/2/2024,0.002
5/2/2024,0.002
5/2/2024,0.002
5/2/2024,0.002
5/2/2024,0.002
5/2/2024,0.002
5/2/2024,0.002
5/2/2024,0.002
5/2/2024,0.002
5/2/2024,0.002
5/2/2024,0.002
5/2/2024,0.002
5/2/2024,0.002
5/2/2024,0.002
5/2/2024,0.002
5/2/2024,0.002
5/2/2024,0.002
5/2/2024,0.002
5/2/2024,0.002
5/2/2024,0.002
5/2/2024,0.002
5/2/2024,0.002
5/2/2024,0.002
5/2/2024,0.002
5/2/2024,0.002
5/2/2024,0.002
5/2/2024,0.002
5/2/2024,0.002
5/2/2024,0.002
5/2/2024,0.002
5/2/2024,0.002
5/2/2024,0.002
5/2/2024,0.002
5/2/2024,0.002
5/2/2024,0.002
5/2/2024,0.002
5/2/2024,0.002
5/2/2024,0.002
5/2/2024,0.002
5/2/2024,0.002
5/2/2024,0.002
5/2/2024,0.002
5/2/2024,0.002
5/2/2024,0.002
5/2/2024,0.002
5/2/2024,0.002
5/2/2024,0.002
5/2/2024,0.002
5/2/2024,0.002
5/2/2024,0.002
5/2/2024,0.002
5/2/2024,0.002
5/2/2024,0.002
5/2/2024,0.002
5/2/2024,0.002
5/2/2024,0.002
5/2/2024,0.002
5/2/2024,0.002
5/3/2024,0.002
5/3/2024,0.002
5/3/2024,0.002
5/3/2024,0.002
5/3/2024,0.002
5/3/2024,0.002
5/3/2024,0.002
5/3/2024,0.002
5/3/2024,0.002
5/3/2024,0.002
5/3/2024,0.002
5/3/2024,0.002
5/3/2024,0.002
5/3/2024,0.002
5/3/2024,0.002
5/3/2024,0.002
5/3/2024,0.002
5/3/2024,0.002
5/3/2024,0.002
5/3/2024,0.002
5/3/2024,0.002
5/3/2024,0.002
5/3/2024,0.002
5/3/2024,0.002
5/3/2024,0.002
5/3/2024,0.002
5/3/2024,0.002
5/3/2024,0.002
5/3/2024,0.002
5/3/2024,0.002
5/3/2024,0.002
5/3/2024,0.002
5/3/2024,0.002
5/3/2024,0.002
5/3/2024,0.002
5/3/2024,0.002
5/3/2024,0.002
5/3/2024,0.002
5/3/2024,0.002
5/3/2024,0.002
5/3/2024,0.002
5/3/2024,0.002
5/3/2024,0.002
5/3/2024,0.002
5/3/2024,0.002
5/3/2024,0.002
5/3/2024,0.002
5/3/2024,0.002
5/3/2024,0.002
5/3/2024,0.002
5/3/2024,0.002
5/3/2024,0.002
5/3/2024,0.002
5/3/2024,0.002
5/3/2024,0.002
5/3/2024,0.002
5/3/2024,0.002
5/3/2024,0.002
5/3/2024,0.002
5/3/2024,0.002
5/3/2024,0.002
5/3/2024,0.002
5/3/2024,0.002
5/3/2024,0.002
5/3/2024,0.002
5/3/2024,0.002
5/3/2024,0.002
5/3/2024,0.002
5/3/2024,0.002
5/3/2024,0.002
5/3/2024,0.002
5/3/2024,0.002
5/3/2024,0.002
5/3/2024,0.002
5/3/2024,0.002
5/3/2024,0.002
5/3/2024,0.002
5/3/2024,0.002
5/3/2024,0.002
5/3/2024,0.002
5/3/2024,0.002
5/3/2024,0.002
5/3/2024,0.002
5/3/2024,0.002
5/3/2024,0.002
5/3/2024,0.002
5/3/2024,0.002
5/3/2024,0.002
5/3/2024,0.002
5/3/2024,0.002
5/3/2024,0.002
5/3/2024,0.002
5/3/2024,0.002
5/3/2024,0.002
5/3/2024,0.002
5/3/2024,0.002
5/4/2024,0.002
5/4/2024,0.002
5/4/2024,0.002
5/4/2024,0.002
5/4/2024,0.002
5/4/2024,0.002
5/4/2024,0.002
5/4/2024,0.002
5/4/2024,0.002
5/4/2024,0.002
5/4/2024,0.002
5/4/2024,0.002
5/4/2024,0.002
5/4/2024,0.002
5/4/2024,0.002
5/4/2024,0.002
5/4/2024,0.002
5/4/2024,0.002
5/4/2024,0.002
5/4/2024,0.002
5/4/2024,0.001
5/4/2024,0.002
5/4/2024,0.002
5/4/2024,0.002
5/4/2024,0.002
5/4/2024,0.002
5/4/2024,0.002
5/4/2024,0.002
5/4/2024,0.002
5/4/2024,0.002
5/4/2024,0.002
5/4/2024,0.002
5/4/2024,0.002
5/4/2024,0.002
5/4/2024,0.002
5/4/2024,0.002
5/4/2024,0.002
5/4/2024,0.002
5/4/2024,0.002
5/4/2024,0.002
5/4/2024,0.002
5/4/2024,0.002
5/4/2024,0.002
5/4/2024,0.002
5/4/2024,0.002
5/4/2024,0.002
5/4/2024,0.002
5/4/2024,0.002
5/4/2024,0.002
5/4/2024,0.002
5/4/2024,0.002
5/4/2024,0.002
5/4/2024,0.002
5/4/2024,0.002
5/4/2024,0.002
5/4/2024,0.002
5/4/2024,0.002
5/4/2024,0.002
5/4/2024,0.002
5/4/2024,0.002
5/4/2024,0.002
5/4/2024,0.002
5/4/2024,0.002
5/4/2024,0.002
5/4/2024,0.002
5/4/2024,0.002
5/4/2024,0.002
5/4/2024,0.002
5/4/2024,0.002
5/4/2024,0.002
5/4/2024,0.002
5/4/2024,0.002
5/4/2024,0.002
5/4/2024,0.002
5/4/2024,0.002
5/4/2024,0.002
5/4/2024,0.002
5/4/2024,0.002
5/4/2024,0.002
5/4/2024,0.002
5/4/2024,0.002
5/4/2024,0.002
5/4/2024,0.002
5/4/2024,0.002
5/4/2024,0.002
5/4/2024,0.002
5/4/2024,0.002
5/4/2024,0.002
5/4/2024,0.002
5/4/2024,0.002
5/4/2024,0.002
5/4/2024,0.002
5/4/2024,0.002
5/4/2024,0.002
5/4/2024,0.002
5/4/2024,0.002
5/5/2024,0.002
5/5/2024,0.002
5/5/2024,0.002
5/5/2024,0.002
5/5/2024,0.002
5/5/2024,0.002
5/5/2024,0.002
5/5/2024,0.002
5/5/2024,0.002
5/5/2024,0.002
5/5/2024,0.002
5/5/2024,0.002
5/5/2024,0.002
5/5/2024,0.002
5/5/2024,0.002
5/5/2024,0.002
5/5/2024,0.002
5/5/2024,0.002
5/5/2024,0.002
5/5/2024,0.002
5/5/2024,0.002
5/5/2024,0.002
5/5/2024,0.002
5/5/2024,0.002
5/5/2024,0.002
5/5/2024,0.002
5/5/2024,0.002
5/5/2024,0.002
5/5/2024,0.002
5/5/2024,0.002
5/5/2024,0.002
5/5/2024,0.002
5/5/2024,0.002
5/5/2024,0.002
5/5/2024,0.002
5/5/2024,0.002
5/5/2024,0.002
5/5/2024,0.002
5/5/2024,0.002
5/5/2024,0.002
5/5/2024,0.002
5/5/2024,0.002
5/5/2024,0.002
5/5/2024,0.002
5/5/2024,0.002
5/5/2024,0.002
5/5/2024,0.002
5/5/2024,0.002
5/5/2024,0.002
5/5/2024,0.002
5/5/2024,0.002
5/5/2024,0.002
5/5/2024,0.002
5/5/2024,0.002
5/5/2024,0.002
5/5/2024,0.002
5/5/2024,0.002
5/5/2024,0.002
5/5/2024,0.002
5/5/2024,0.002
5/5/2024,0.002
5/5/2024,0.002
5/5/2024,0.002
5/5/2024,0.002
5/5/2024,0.002
5/5/2024,0.002
5/5/2024,0.002
5/5/2024,0.002
5/5/2024,0.002
5/5/2024,0.002
5/5/2024,0.002
5/5/2024,0.002
5/5/2024,0.002
5/5/2024,0.002
5/5/2024,0.002
5/5/2024,0.002
5/5/2024,0.002
5/5/2024,0.002
5/5/2024,0.002
5/5/2024,0.002
5/5/2024,0.002
5/5/2024,0.002
5/5/2024,0.002
5/5/2024,0.002
5/5/2024,0.002
5/5/2024,0.002
5/5/2024,0.002
5/5/2024,0.002
5/5/2024,0.002
5/5/2024,0.002
5/5/2024,0.002
5/5/2024,0.002
5/5/2024,0.002
5/5/2024,0.002
5/5/2024,0.002
5/5/2024,0.002
5/6/2024,0.002
5/6/2024,0.002
5/6/2024,0.002
5/6/2024,0.002
5/6/2024,0.002
5/6/2024,0.002
5/6/2024,0.002
5/6/2024,0.002
5/6/2024,0.002
5/6/2024,0.002
5/6/2024,0.002
5/6/2024,0.002
5/6/2024,0.002
5/6/2024,0.002
5/6/2024,0.002
5/6/2024,0.002
5/6/2024,0.002
5/6/2024,0.002
5/6/2024,0.002
5/6/2024,0.002
5/6/2024,0.002
5/6/2024,0.002
5/6/2024,0.002
5/6/2024,0.002
5/6/2024,0.002
5/6/2024,0.002
5/6/2024,0.002
5/6/2024,0.002
5/6/2024,0.002
5/6/2024,0.002
5/6/2024,0.002
5/6/2024,0.002
5/6/2024,0.002
5/6/2024,0.002
5/6/2024,0.002
5/6/2024,0.002
5/6/2024,0.002
5/6/2024,0.002
5/6/2024,0.002
5/6/2024,0.002
5/6/2024,0.002
5/6/2024,0.002
5/6/2024,0.002
5/6/2024,0.002
5/6/2024,0.002
5/6/2024,0.002
5/6/2024,0.002
5/6/2024,0.002
5/6/2024,0.002
5/6/2024,0.002
5/6/2024,0.002
5/6/2024,0.002
5/6/2024,0.002
5/6/2024,0.002
5/6/2024,0.002
5/6/2024,0.002
5/6/2024,0.002
5/6/2024,0.002
5/6/2024,0.002
5/6/2024,0.002
5/6/2024,0.002
5/6/2024,0.002
5/6/2024,0.002
5/6/2024,0.002
5/6/2024,0.002
5/6/2024,0.002
5/6/2024,0.002
5/6/2024,0.002
5/6/2024,0.002
5/6/2024,0.002
5/6/2024,0.002
5/6/2024,0.002
5/6/2024,0.002
5/6/2024,0.002
5/6/2024,0.002
5/6/2024,0.002
5/6/2024,0.002
5/6/2024,0.002
5/6/2024,0.002
5/6/2024,0.002
5/6/2024,0.002
5/6/2024,0.002
5/6/2024,0.002
5/6/2024,0.002
5/6/2024,0.002
5/6/2024,0.002
5/6/2024,0.002
5/6/2024,0.002
5/6/2024,0.002
5/6/2024,0.002
5/6/2024,0.002
5/6/2024,0.002
5/6/2024,0.002
5/6/2024,0.002
5/6/2024,0.002
5/6/2024,0.002
5/7/2024,0.002
5/7/2024,0.002
5/7/2024,0.002
5/7/2024,0.002
5/7/2024,0.002
5/7/2024,0.002
5/7/2024,0.002
5/7/2024,0.002
5/7/2024,0.002
5/7/2024,0.002
5/7/2024,0.002
5/7/2024,0.002
5/7/2024,0.002
5/7/2024,0.002
5/7/2024,0.002
5/7/2024,0.002
5/7/2024,0.002
5/7/2024,0.002
5/7/2024,0.002
5/7/2024,0.002
5/7/2024,0.002
5/7/2024,0.002
5/7/2024,0.002
5/7/2024,0.002
5/7/2024,0.002
5/7/2024,0.002
5/7/2024,0.002
5/7/2024,0.002
5/7/2024,0.002
5/7/2024,0.002
5/7/2024,0.002
5/7/2024,0.002
5/7/2024,0.002
5/7/2024,0.002
5/7/2024,0.002
5/7/2024,0.002
5/7/2024,0.002
5/7/2024,0.002
5/7/2024,0.002
5/7/2024,0.002
5/7/2024,0.002
5/7/2024,0.002
5/7/2024,0.002
5/7/2024,0.002
5/7/2024,0.002
5/7/2024,0.002
5/7/2024,0.002
5/7/2024,0.002
5/7/2024,0.002
5/7/2024,0.002
5/7/2024,0.002
5/7/2024,0.002
5/7/2024,0.002
5/7/2024,0.002
5/7/2024,0.002
5/7/2024,0.002
5/7/2024,0.002
5/7/2024,0.002
5/7/2024,0.002
5/7/2024,0.002
5/7/2024,0.002
5/7/2024,0.002
5/7/2024,0.002
5/7/2024,0.002
5/7/2024,0.002
5/7/2024,0.002
5/7/2024,0.002
5/7/2024,0.002
5/7/2024,0.002
5/7/2024,0.002
5/7/2024,0.002
5/7/2024,0.002
5/7/2024,0.002
5/7/2024,0.002
5/7/2024,0.002
5/7/2024,0.002
5/7/2024,0.002
5/7/2024,0.002
5/7/2024,0.002
5/7/2024,0.002
5/7/2024,0.002
5/7/2024,0.002
5/7/2024,0.002
5/7/2024,0.002
5/7/2024,0.002
5/7/2024,0.002
5/7/2024,0.002
5/7/2024,0.002
5/7/2024,0.002
5/7/2024,0.002
5/7/2024,0.002
5/7/2024,0.002
5/7/2024,0.002
5/7/2024,0.002
5/7/2024,0.002
5/7/2024,0.002
5/8/2024,0.002
5/8/2024,0.002
5/8/2024,0.002
5/8/2024,0.002
5/8/2024,0.002
5/8/2024,0.002
5/8/2024,0.002
5/8/2024,0.002
5/8/2024,0.002
5/8/2024,0.002
5/8/2024,0.002
5/8/2024,0.002
5/8/2024,0.002
5/8/2024,0.002
5/8/2024,0.002
5/8/2024,0.002
5/8/2024,0.002
5/8/2024,0.002
5/8/2024,0.002
5/8/2024,0.002
5/8/2024,0.002
5/8/2024,0.002
5/8/2024,0.002
5/8/2024,0.002
5/8/2024,0.002
5/8/2024,0.002
5/8/2024,0.002
5/8/2024,0.002
5/8/2024,0.002
5/8/2024,0.002
5/8/2024,0.002
5/8/2024,0.002
5/8/2024,0.002
5/8/2024,0.002
5/8/2024,0.002
5/8/2024,0.002
5/8/2024,0.002
5/8/2024,0.002
5/8/2024,0.002
5/8/2024,0.002
5/8/2024,0.002
5/8/2024,0.002
5/8/2024,0.002
5/8/2024,0.002
5/8/2024,0.002
5/8/2024,0.002
5/8/2024,0.002
5/8/2024,0.002
5/8/2024,0.002
5/8/2024,0.002
5/8/2024,0.002
5/8/2024,0.002
5/8/2024,0.002
5/8/2024,0.002
5/8/2024,0.002
5/8/2024,0.002
5/8/2024,0.002
5/8/2024,0.002
5/8/2024,0.002
5/8/2024,0.002
5/8/2024,0.002
5/8/2024,0.002
5/8/2024,0.002
5/8/2024,0.002
5/8/2024,0.002
5/8/2024,0.002
5/8/2024,0.002
5/8/2024,0.002
5/8/2024,0.002
5/8/2024,0.002
5/8/2024,0.002
5/8/2024,0.002
5/8/2024,0.002
5/8/2024,0.002
5/8/2024,0.002
5/8/2024,0.002
5/8/2024,0.002
5/8/2024,0.002
5/8/2024,0.002
5/8/2024,0.002
5/8/2024,0.002
5/8/2024,0.002
5/8/2024,0.002
5/8/2024,0.002
5/8/2024,0.002
5/8/2024,0.002
5/8/2024,0.002
5/8/2024,0.002
5/8/2024,0.002
5/8/2024,0.002
5/8/2024,0.002
5/8/2024,0.002
5/8/2024,0.002
5/8/2024,0.002
5/8/2024,0.002
5/8/2024,0.002
5/9/2024,0.002
5/9/2024,0.002
5/9/2024,0.002
5/9/2024,0.002
5/9/2024,0.002
5/9/2024,0.002
5/9/2024,0.002
5/9/2024,0.002
5/9/2024,0.002
5/9/2024,0.002
5/9/2024,0.002
5/9/2024,0.002
5/9/2024,0.002
5/9/2024,0.002
5/9/2024,0.002
5/9/2024,0.002
5/9/2024,0.002
5/9/2024,0.002
5/9/2024,0.002
5/9/2024,0.002
5/9/2024,0.002
5/9/2024,0.002
5/9/2024,0.002
5/9/2024,0.002
5/9/2024,0.002
5/9/2024,0.002
5/9/2024,0.002
5/9/2024,0.002
5/9/2024,0.002
5/9/2024,0.002
5/9/2024,0.002
5/9/2024,0.002
5/9/2024,0.002
5/9/2024,0.002
5/9/2024,0.002
5/9/2024,0.002
5/9/2024,0.002
5/9/2024,0.002
5/9/2024,0.002
5/9/2024,0.002
5/9/2024,0.002
5/9/2024,0.002
5/9/2024,0.002
5/9/2024,0.002
5/9/2024,0.002
5/9/2024,0.002
5/9/2024,0.002
5/9/2024,0.002
5/9/2024,0.002
5/9/2024,0.002
5/9/2024,0.002
5/9/2024,0.002
5/9/2024,0.002
5/9/2024,0.002
5/9/2024,0.002
5/9/2024,0.002
5/9/2024,0.002
5/9/2024,0.002
5/9/2024,0.002
5/9/2024,0.002
5/9/2024,0.002
5/9/2024,0.002
5/9/2024,0.002
5/9/2024,0.002
5/9/2024,0.002
5/9/2024,0.002
5/9/2024,0.002
5/9/2024,0.002
5/9/2024,0.002
5/9/2024,0.002
5/9/2024,0.002
5/9/2024,0.002
5/9/2024,0.002
5/9/2024,0.002
5/9/2024,0.002
5/9/2024,0.002
5/9/2024,0.002
5/9/2024,0.002
5/9/2024,0.002
5/9/2024,0.002
5/9/2024,0.002
5/9/2024,0.002
5/9/2024,0.002
5/9/2024,0.002
5/9/2024,0.002
5/9/2024,0.002
5/9/2024,0.002
5/9/2024,0.002
5/9/2024,0.002
5/9/2024,0.002
5/9/2024,0.002
5/9/2024,0.002
5/9/2024,0.002
5/9/2024,0.002
5/9/2024,0.002
5/9/2024,0.002
5/10/2024,0.002
5/10/2024,0.002
5/10/2024,0.002
5/10/2024,0.002
5/10/2024,0.002
5/10/2024,0.002
5/10/2024,0.002
5/10/2024,0.002
5/10/2024,0.002
5/10/2024,0.002
5/10/2024,0.002
5/10/2024,0.002
5/10/2024,0.002
5/10/2024,0.002
5/10/2024,0.002
5/10/2024,0.002
5/10/2024,0.002
5/10/2024,0.002
5/10/2024,0.002
5/10/2024,0.002
5/10/2024,0.002
5/10/2024,0.002
5/10/2024,0.002
5/10/2024,0.002
5/10/2024,0.002
5/10/2024,0.002
5/10/2024,0.002
5/10/2024,0.002
5/10/2024,0.002
5/10/2024,0.002
5/10/2024,0.002
5/10/2024,0.002
5/10/2024,0.002
5/10/2024,0.002
5/10/2024,0.002
5/10/2024,0.002
5/10/2024,0.002
5/10/2024,0.002
5/10/2024,0.002
5/10/2024,0.002
5/10/2024,0.002
5/10/2024,0.002
5/10/2024,0.002
5/10/2024,0.002
5/10/2024,0.002
5/10/2024,0.002
5/10/2024,0.002
5/10/2024,0.002
5/10/2024,0.002
5/10/2024,0.002
5/10/2024,0.002
5/10/2024,0.002
5/10/2024,0.002
5/10/2024,0.002
5/10/2024,0.002
5/10/2024,0.002
5/10/2024,0.002
5/10/2024,0.002
5/10/2024,0.002
5/10/2024,0.002
5/10/2024,0.002
5/10/2024,0.002
5/10/2024,0.002
5/10/2024,0.002
5/10/2024,0.002
5/10/2024,0.002
5/10/2024,0.002
5/10/2024,0.002
5/10/2024,0.002
5/10/2024,0.002
5/10/2024,0.002
5/10/2024,0.002
5/10/2024,0.002
5/10/2024,0.002
5/10/2024,0.002
5/10/2024,0.002
5/10/2024,0.002
5/10/2024,0.002
5/10/2024,0.002
5/10/2024,0.002
5/10/2024,0.002
5/10/2024,0.002
5/10/2024,0.002
5/10/2024,0.002
5/10/2024,0.002
5/10/2024,0.002
5/10/2024,0.002
5/10/2024,0.002
5/10/2024,0.002
5/10/2024,0.002
5/10/2024,0.002
5/10/2024,0.002
5/10/2024,0.002
5/10/2024,0.002
5/10/2024,0.002
5/10/2024,0.002
5/11/2024,0.002
5/11/2024,0.002
5/11/2024,0.002
5/11/2024,0.002
5/11/2024,0.002
5/11/2024,0.002
5/11/2024,0.002
5/11/2024,0.002
5/11/2024,0.002
5/11/2024,0.002
5/11/2024,0.002
5/11/2024,0.002
5/11/2024,0.002
5/11/2024,0.002
5/11/2024,0.002
5/11/2024,0.002
5/11/2024,0.002
5/11/2024,0.002
5/11/2024,0.002
5/11/2024,0.002
5/11/2024,0.002
5/11/2024,0.002
5/11/2024,0.002
5/11/2024,0.002
5/11/2024,0.002
5/11/2024,0.002
5/11/2024,0.002
5/11/2024,0.002
5/11/2024,0.002
5/11/2024,0.002
5/11/2024,0.002
5/11/2024,0.002
5/11/2024,0.002
5/11/2024,0.002
5/11/2024,0.002
5/11/2024,0.002
5/11/2024,0.002
5/11/2024,0.002
5/11/2024,0.002
5/11/2024,0.002
5/11/2024,0.002
5/11/2024,0.002
5/11/2024,0.002
5/11/2024,0.002
5/11/2024,0.002
5/11/2024,0.002
5/11/2024,0.002
5/11/2024,0.002
5/11/2024,0.002
5/11/2024,0.002
5/11/2024,0.002
5/11/2024,0.002
5/11/2024,0.002
5/11/2024,0.002
5/11/2024,0.002
5/11/2024,0.002
5/11/2024,0.002
5/11/2024,0.002
5/11/2024,0.002
5/11/2024,0.002
5/11/2024,0.002
5/11/2024,0.002
5/11/2024,0.002
5/11/2024,0.002
5/11/2024,0.002
5/11/2024,0.002
5/11/2024,0.002
5/11/2024,0.002
5/11/2024,0.002
5/11/2024,0.002
5/11/2024,0.002
5/11/2024,0.002
5/11/2024,0.002
5/11/2024,0.002
5/11/2024,0.002
5/11/2024,0.002
5/11/2024,0.002
5/11/2024,0.002
5/11/2024,0.002
5/11/2024,0.002
5/11/2024,0.002
5/11/2024,0.002
5/11/2024,0.002
5/11/2024,0.002
5/11/2024,0.002
5/11/2024,0.002
5/11/2024,0.002
5/11/2024,0.002
5/11/2024,0.002
5/11/2024,0.002
5/11/2024,0.002
5/11/2024,0.002
5/11/2024,0.002
5/11/2024,0.002
5/11/2024,0.002
5/11/2024,0.002
5/12/2024,0.002
5/12/2024,0.002
5/12/2024,0.002
5/12/2024,0.002
5/12/2024,0.002
5/12/2024,0.002
5/12/2024,0.002
5/12/2024,0.002
5/12/2024,0.002
5/12/2024,0.002
5/12/2024,0.002
5/12/2024,0.002
5/12/2024,0.002
5/12/2024,0.002
5/12/2024,0.002
5/12/2024,0.002
5/12/2024,0.002
5/12/2024,0.002
5/12/2024,0.002
5/12/2024,0.002
5/12/2024,0.002
5/12/2024,0.002
5/12/2024,0.002
5/12/2024,0.002
5/12/2024,0.002
5/12/2024,0.002
5/12/2024,0.002
5/12/2024,0.002
5/12/2024,0.002
5/12/2024,0.002
5/12/2024,0.002
5/12/2024,0.002
5/12/2024,0.002
5/12/2024,0.002
5/12/2024,0.002
5/12/2024,0.002
5/12/2024,0.002
5/12/2024,0.002
5/12/2024,0.002
5/12/2024,0.002
5/12/2024,0.002
5/12/2024,0.002
5/12/2024,0.002
5/12/2024,0.002
5/12/2024,0.002
5/12/2024,0.002
5/12/2024,0.002
5/12/2024,0.002
5/12/2024,0.002
5/12/2024,0.002
5/12/2024,0.002
5/12/2024,0.002
5/12/2024,0.002
5/12/2024,0.002
5/12/2024,0.002
5/12/2024,0.002
5/12/2024,0.002
5/12/2024,0.002
5/12/2024,0.002
5/12/2024,0.002
5/12/2024,0.002
5/12/2024,0.002
5/12/2024,0.002
5/12/2024,0.002
5/12/2024,0.002
5/12/2024,0.002
5/12/2024,0.002
5/12/2024,0.002
5/12/2024,0.002
5/12/2024,0.002
5/12/2024,0.002
5/12/2024,0.002
5/12/2024,0.002
5/12/2024,0.002
5/12/2024,0.002
5/12/2024,0.002
5/12/2024,0.002
5/12/2024,0.002
5/12/2024,0.002
5/12/2024,0.002
5/12/2024,0.002
5/12/2024,0.002
5/12/2024,0.002
5/12/2024,0.002
5/12/2024,0.002
5/12/2024,0.002
5/12/2024,0.002
5/12/2024,0.002
5/12/2024,0.002
5/12/2024,0.002
5/12/2024,0.002
5/12/2024,0.002
5/12/2024,0.002
5/12/2024,0.002
5/12/2024,0.002
5/12/2024,0.002
5/13/2024,0.002
5/13/2024,0.002
5/13/2024,0.002
5/13/2024,0.002
5/13/2024,0.002
5/13/2024,0.002
5/13/2024,0.002
5/13/2024,0.002
5/13/2024,0.002
5/13/2024,0.002
5/13/2024,0.002
5/13/2024,0.002
5/13/2024,0.002
5/13/2024,0.002
5/13/2024,0.002
5/13/2024,0.002
5/13/2024,0.002
5/13/2024,0.002
5/13/2024,0.002
5/13/2024,0.002
5/13/2024,0.002
5/13/2024,0.002
5/13/2024,0.002
5/13/2024,0.002
5/13/2024,0.002
5/13/2024,0.002
5/13/2024,0.002
5/13/2024,0.002
5/13/2024,0.002
5/13/2024,0.002
5/13/2024,0.002
5/13/2024,0.002
5/13/2024,0.002
5/13/2024,0.002
5/13/2024,0.002
5/13/2024,0.002
5/13/2024,0.002
5/13/2024,0.002
5/13/2024,0.002
5/13/2024,0.002
5/13/2024,0.002
5/13/2024,0.002
5/13/2024,0.002
5/13/2024,0.002
5/13/2024,0.002
5/13/2024,0.002
5/13/2024,0.002
5/13/2024,0.002
5/13/2024,0.002
5/13/2024,0.002
5/13/2024,0.002
5/13/2024,0.002
5/13/2024,0.002
5/13/2024,0.002
5/13/2024,0.002
5/13/2024,0.002
5/13/2024,0.002
5/13/2024,0.002
5/13/2024,0.002
5/13/2024,0.002
5/13/2024,0.002
5/13/2024,0.002
5/13/2024,0.002
5/13/2024,0.002
5/13/2024,0.002
5/13/2024,0.002
5/13/2024,0.002
5/13/2024,0.002
5/13/2024,0.002
5/13/2024,0.002
5/13/2024,0.002
5/13/2024,0.002
5/13/2024,0.002
5/13/2024,0.002
5/13/2024,0.002
5/13/2024,0.002
5/13/2024,0.002
5/13/2024,0.002
5/13/2024,0.002
5/13/2024,0.002
5/13/2024,0.002
5/13/2024,0.002
5/13/2024,0.002
5/13/2024,0.002
5/13/2024,0.002
5/13/2024,0.002
5/13/2024,0.002
5/13/2024,0.002
5/13/2024,0.002
5/13/2024,0.002
5/13/2024,0.002
5/13/2024,0.002
5/13/2024,0.002
5/13/2024,0.002
5/13/2024,0.002
5/13/2024,0.002
5/14/2024,0.002
5/14/2024,0.002
5/14/2024,0.002
5/14/2024,0.002
5/14/2024,0.002
5/14/2024,0.002
5/14/2024,0.002
5/14/2024,0.002
5/14/2024,0.002
5/14/2024,0.002
5/14/2024,0.002
5/14/2024,0.002
5/14/2024,0.002
5/14/2024,0.002
5/14/2024,0.002
5/14/2024,0.002
5/14/2024,0.002
5/14/2024,0.002
5/14/2024,0.002
5/14/2024,0.002
5/14/2024,0.002
5/14/2024,0.002
5/14/2024,0.002
5/14/2024,0.002
5/14/2024,0.002
5/14/2024,0.002
5/14/2024,0.002
5/14/2024,0.002
5/14/2024,0.002
5/14/2024,0.002
5/14/2024,0.002
5/14/2024,0.002
5/14/2024,0.002
5/14/2024,0.002
5/14/2024,0.002
5/14/2024,0.002
5/14/2024,0.002
5/14/2024,0.002
5/14/2024,0.002
5/14/2024,0.002
5/14/2024,0.002
5/14/2024,0.002
5/14/2024,0.002
5/14/2024,0.002
5/14/2024,0.002
5/14/2024,0.002
5/14/2024,0.002
5/14/2024,0.002
5/14/2024,0.002
5/14/2024,0.002
5/14/2024,0.002
5/14/2024,0.002
5/14/2024,0.002
5/14/2024,0.002
5/14/2024,0.002
5/14/2024,0.002
5/14/2024,0.002
5/14/2024,0.002
5/14/2024,0.002
5/14/2024,0.002
5/14/2024,0.002
5/14/2024,0.002
5/14/2024,0.002
5/14/2024,0.002
5/14/2024,0.002
5/14/2024,0.002
5/14/2024,0.002
5/14/2024,0.002
5/14/2024,0.002
5/14/2024,0.002
5/14/2024,0.002
5/14/2024,0.002
5/14/2024,0.002
5/14/2024,0.002
5/14/2024,0.002
5/14/2024,0.002
5/14/2024,0.002
5/14/2024,0.002
5/14/2024,0.002
5/14/2024,0.002
5/14/2024,0.002
5/14/2024,0.002
5/14/2024,0.002
5/14/2024,0.002
5/14/2024,0.002
5/14/2024,0.002
5/14/2024,0.002
5/14/2024,0.002
5/14/2024,0.002
5/14/2024,0.002
5/14/2024,0.002
5/14/2024,0.002
5/14/2024,0.002
5/14/2024,0.002
5/14/2024,0.002
5/14/2024,0.002
5/15/2024,0.002
5/15/2024,0.002
5/15/2024,0.002
5/15/2024,0.002
5/15/2024,0.002
5/15/2024,0.002
5/15/2024,0.002
5/15/2024,0.002
5/15/2024,0.002
5/15/2024,0.002
5/15/2024,0.002
5/15/2024,0.002
5/15/2024,0.002
5/15/2024,0.002
5/15/2024,0.002
5/15/2024,0.002
5/15/2024,0.002
5/15/2024,0.002
5/15/2024,0.002
5/15/2024,0.002
5/15/2024,0.002
5/15/2024,0.002
5/15/2024,0.002
5/15/2024,0.002
5/15/2024,0.002
5/15/2024,0.002
5/15/2024,0.002
5/15/2024,0.002
5/15/2024,0.002
5/15/2024,0.002
5/15/2024,0.002
5/15/2024,0.002
5/15/2024,0.002
5/15/2024,0.002
5/15/2024,0.002
5/15/2024,0.002
5/15/2024,0.002
5/15/2024,0.002
5/15/2024,0.002
5/15/2024,0.002
5/15/2024,0.002
5/15/2024,0.002
5/15/2024,0.002
5/15/2024,0.002
5/15/2024,0.002
5/15/2024,0.002
5/15/2024,0.002
5/15/2024,0.002
5/15/2024,0.002
5/15/2024,0.002
5/15/2024,0.002
5/15/2024,0.002
5/15/2024,0.002
5/15/2024,0.002
5/15/2024,0.002
5/15/2024,0.002
5/15/2024,0.002
5/15/2024,0.002
5/15/2024,0.002
5/15/2024,0.002
5/15/2024,0.002
5/15/2024,0.002
5/15/2024,0.002
5/15/2024,0.002
5/15/2024,0.002
5/15/2024,0.002
5/15/2024,0.002
5/15/2024,0.002
5/15/2024,0.002
5/15/2024,0.002
5/15/2024,0.002
5/15/2024,0.002
5/15/2024,0.002
5/15/2024,0.002
5/15/2024,0.002
5/15/2024,0.002
5/15/2024,0.002
5/15/2024,0.002
5/15/2024,0.002
5/15/2024,0.002
5/15/2024,0.002
5/15/2024,0.002
5/15/2024,0.002
5/15/2024,0.002
5/15/2024,0.002
5/15/2024,0.002
5/15/2024,0.002
5/15/2024,0.002
5/15/2024,0.002
5/15/2024,0.002
5/15/2024,0.002
5/15/2024,0.002
5/15/2024,0.002
5/15/2024,0.002
5/15/2024,0.002
5/15/2024,0.002
5/16/2024,0.002
5/16/2024,0.002
5/16/2024,0.002
5/16/2024,0.002
5/16/2024,0.002
5/16/2024,0.002
5/16/2024,0.002
5/16/2024,0.002
5/16/2024,0.002
5/16/2024,0.002
5/16/2024,0.002
5/16/2024,0.002
5/16/2024,0.002
5/16/2024,0.002
5/16/2024,0.002
5/16/2024,0.002
5/16/2024,0.002
5/16/2024,0.002
5/16/2024,0.002
5/16/2024,0.002
5/16/2024,0.002
5/16/2024,0.002
5/16/2024,0.002
5/16/2024,0.002
5/16/2024,0.002
5/16/2024,0.002
5/16/2024,0.002
5/16/2024,0.002
5/16/2024,0.002
5/16/2024,0.002
5/16/2024,0.002
5/16/2024,0.002
5/16/2024,0.002
5/16/2024,0.002
5/16/2024,0.002
5/16/2024,0.002
5/16/2024,0.002
5/16/2024,0.002
5/16/2024,0.002
5/16/2024,0.002
5/16/2024,0.002
5/16/2024,0.002
5/16/2024,0.002
5/16/2024,0.002
5/16/2024,0.002
5/16/2024,0.002
5/16/2024,0.002
5/16/2024,0.002
5/16/2024,0.002
5/16/2024,0.002
5/16/2024,0.002
5/16/2024,0.002
5/16/2024,0.002
5/16/2024,0.002
5/16/2024,0.002
5/16/2024,0.002
5/16/2024,0.002
5/16/2024,0.002
5/16/2024,0.002
5/16/2024,0.002
5/16/2024,0.002
5/16/2024,0.002
5/16/2024,0.002
5/16/2024,0.002
5/16/2024,0.002
5/16/2024,0.002
5/16/2024,0.002
5/16/2024,0.002
5/16/2024,0.002
5/16/2024,0.002
5/16/2024,0.002
5/16/2024,0.002
5/16/2024,0.002
5/16/2024,0.002
5/16/2024,0.002
5/16/2024,0.002
5/16/2024,0.002
5/16/2024,0.002
5/16/2024,0.002
5/16/2024,0.002
5/16/2024,0.002
5/16/2024,0.002
5/16/2024,0.002
5/16/2024,0.002
5/16/2024,0.002
5/16/2024,0.002
5/16/2024,0.002
5/16/2024,0.002
5/16/2024,0.002
5/16/2024,0.002
5/16/2024,0.002
5/16/2024,0.002
5/16/2024,0.002
5/16/2024,0.002
5/16/2024,0.002
5/16/2024,0.002
5/17/2024,0.002
5/17/2024,0.002
5/17/2024,0.002
5/17/2024,0.002
5/17/2024,0.002
5/17/2024,0.002
5/17/2024,0.002
5/17/2024,0.002
5/17/2024,0.002
5/17/2024,0.002
5/17/2024,0.002
5/17/2024,0.002
5/17/2024,0.002
5/17/2024,0.002
5/17/2024,0.002
5/17/2024,0.002
5/17/2024,0.002
5/17/2024,0.002
5/17/2024,0.002
5/17/2024,0.002
5/17/2024,0.002
5/17/2024,0.002
5/17/2024,0.002
5/17/2024,0.002
5/17/2024,0.002
5/17/2024,0.002
5/17/2024,0.002
5/17/2024,0.002
5/17/2024,0.002
5/17/2024,0.002
5/17/2024,0.002
5/17/2024,0.002
5/17/2024,0.002
5/17/2024,0.002
5/17/2024,0.002
5/17/2024,0.002
5/17/2024,0.002
5/17/2024,0.002
5/17/2024,0.002
5/17/2024,0.002
5/17/2024,0.002
5/17/2024,0.002
5/17/2024,0.002
5/17/2024,0.002
5/17/2024,0.002
5/17/2024,0.002
5/17/2024,0.002
5/17/2024,0.002
5/17/2024,0.002
5/17/2024,0.002
5/17/2024,0.002
5/17/2024,0.002
5/17/2024,0.002
5/17/2024,0.002
5/17/2024,0.002
5/17/2024,0.002
5/17/2024,0.002
5/17/2024,0.002
5/17/2024,0.002
5/17/2024,0.002
5/17/2024,0.002
5/17/2024,0.002
5/17/2024,0.002
5/17/2024,0.002
5/17/2024,0.002
5/17/2024,0.002
5/17/2024,0.002
5/17/2024,0.002
5/17/2024,0.002
5/17/2024,0.002
5/17/2024,0.002
5/17/2024,0.002
5/17/2024,0.002
5/17/2024,0.002
5/17/2024,0.002
5/17/2024,0.002
5/17/2024,0.002
5/17/2024,0.002
5/17/2024,0.002
5/17/2024,0.002
5/17/2024,0.002
5/17/2024,0.002
5/17/2024,0.002
5/17/2024,0.002
5/17/2024,0.002
5/17/2024,0.002
5/17/2024,0.002
5/17/2024,0.002
5/17/2024,0.002
5/17/2024,0.002
5/17/2024,0.002
5/17/2024,0.002
5/17/2024,0.002
5/17/2024,0.002
5/17/2024,0.002
5/17/2024,0.002
5/18/2024,0.002
5/18/2024,0.002
5/18/2024,0.002
5/18/2024,0.002
5/18/2024,0.002
5/18/2024,0.002
5/18/2024,0.002
5/18/2024,0.002
5/18/2024,0.002
5/18/2024,0.002
5/18/2024,0.002
5/18/2024,0.002
5/18/2024,0.002
5/18/2024,0.002
5/18/2024,0.002
5/18/2024,0.002
5/18/2024,0.002
5/18/2024,0.002
5/18/2024,0.002
5/18/2024,0.002
5/18/2024,0.002
5/18/2024,0.002
5/18/2024,0.002
5/18/2024,0.002
5/18/2024,0.002
5/18/2024,0.002
5/18/2024,0.002
5/18/2024,0.002
5/18/2024,0.002
5/18/2024,0.002
5/18/2024,0.002
5/18/2024,0.002
5/18/2024,0.002
5/18/2024,0.002
5/18/2024,0.002
5/18/2024,0.002
5/18/2024,0.002
5/18/2024,0.002
5/18/2024,0.002
5/18/2024,0.002
5/18/2024,0.002
5/18/2024,0.002
5/18/2024,0.002
5/18/2024,0.002
5/18/2024,0.002
5/18/2024,0.002
5/18/2024,0.002
5/18/2024,0.002
5/18/2024,0.002
5/18/2024,0.002
5/18/2024,0.002
5/18/2024,0.002
5/18/2024,0.002
5/18/2024,0.002
5/18/2024,0.002
5/18/2024,0.002
5/18/2024,0.002
5/18/2024,0.002
5/18/2024,0.002
5/18/2024,0.002
5/18/2024,0.002
5/18/2024,0.002
5/18/2024,0.002
5/18/2024,0.002
5/18/2024,0.002
5/18/2024,0.002
5/18/2024,0.002
5/18/2024,0.002
5/18/2024,0.002
5/18/2024,0.002
5/18/2024,0.002
5/18/2024,0.002
5/18/2024,0.002
5/18/2024,0.002
5/18/2024,0.002
5/18/2024,0.002
5/18/2024,0.002
5/18/2024,0.002
5/18/2024,0.002
5/18/2024,0.002
5/18/2024,0.002
5/18/2024,0.002
5/18/2024,0.002
5/18/2024,0.002
5/18/2024,0.002
5/18/2024,0.002
5/18/2024,0.002
5/18/2024,0.002
5/18/2024,0.002
5/18/2024,0.002
5/18/2024,0.002
5/18/2024,0.002
5/18/2024,0.002
5/18/2024,0.002
5/18/2024,0.002
5/18/2024,0.002
5/19/2024,0.002
5/19/2024,0.002
5/19/2024,0.002
5/19/2024,0.002
5/19/2024,0.002
5/19/2024,0.002
5/19/2024,0.002
5/19/2024,0.002
5/19/2024,0.002
5/19/2024,0.002
5/19/2024,0.002
5/19/2024,0.002
5/19/2024,0.002
5/19/2024,0.002
5/19/2024,0.002
5/19/2024,0.002
5/19/2024,0.002
5/19/2024,0.002
5/19/2024,0.002
5/19/2024,0.002
5/19/2024,0.002
5/19/2024,0.002
5/19/2024,0.002
5/19/2024,0.002
5/19/2024,0.002
5/19/2024,0.002
5/19/2024,0.002
5/19/2024,0.002
5/19/2024,0.002
5/19/2024,0.002
5/19/2024,0.002
5/19/2024,0.002
5/19/2024,0.002
5/19/2024,0.002
5/19/2024,0.002
5/19/2024,0.002
5/19/2024,0.002
5/19/2024,0.002
5/19/2024,0.002
5/19/2024,0.002
5/19/2024,0.002
5/19/2024,0.002
5/19/2024,0.002
5/19/2024,0.002
5/19/2024,0.002
5/19/2024,0.002
5/19/2024,0.002
5/19/2024,0.002
5/19/2024,0.002
5/19/2024,0.002
5/19/2024,0.002
5/19/2024,0.002
5/19/2024,0.002
5/19/2024,0.002
5/19/2024,0.002
5/19/2024,0.002
5/19/2024,0.002
5/19/2024,0.002
5/19/2024,0.002
5/19/2024,0.002
5/19/2024,0.002
5/19/2024,0.002
5/19/2024,0.002
5/19/2024,0.002
5/19/2024,0.002
5/19/2024,0.002
5/19/2024,0.002
5/19/2024,0.002
5/19/2024,0.002
5/19/2024,0.002
5/19/2024,0.002
5/19/2024,0.002
5/19/2024,0.002
5/19/2024,0.002
5/19/2024,0.002
5/19/2024,0.002
5/19/2024,0.002
5/19/2024,0.002
5/19/2024,0.002
5/19/2024,0.002
5/19/2024,0.002
5/19/2024,0.002
5/19/2024,0.002
5/19/2024,0.002
5/19/2024,0.002
5/19/2024,0.002
5/19/2024,0.002
5/19/2024,0.002
5/19/2024,0.002
5/19/2024,0.002
5/19/2024,0.002
5/19/2024,0.002
5/19/2024,0.002
5/19/2024,0.002
5/19/2024,0.002
5/19/2024,0.002
5/20/2024,0.002
5/20/2024,0.002
5/20/2024,0.002
5/20/2024,0.002
5/20/2024,0.002
5/20/2024,0.002
5/20/2024,0.002
5/20/2024,0.002
5/20/2024,0.002
5/20/2024,0.002
5/20/2024,0.002
5/20/2024,0.002
5/20/2024,0.002
5/20/2024,0.002
5/20/2024,0.002
5/20/2024,0.002
5/20/2024,0.002
5/20/2024,0.002
5/20/2024,0.002
5/20/2024,0.002
5/20/2024,0.002
5/20/2024,0.002
5/20/2024,0.002
5/20/2024,0.002
5/20/2024,0.002
5/20/2024,0.002
5/20/2024,0.002
5/20/2024,0.002
5/20/2024,0.002
5/20/2024,0.002
5/20/2024,0.002
5/20/2024,0.002
5/20/2024,0.002
5/20/2024,0.002
5/20/2024,0.002
5/20/2024,0.002
5/20/2024,0.002
5/20/2024,0.002
5/20/2024,0.002
5/20/2024,0.002
5/20/2024,0.002
5/20/2024,0.002
5/20/2024,0.002
5/20/2024,0.002
5/20/2024,0.002
5/20/2024,0.002
5/20/2024,0.002
5/20/2024,0.002
5/20/2024,0.002
5/20/2024,0.002
5/20/2024,0.002
5/20/2024,0.002
5/20/2024,0.002
5/20/2024,0.002
5/20/2024,0.002
5/20/2024,0.002
5/20/2024,0.002
5/20/2024,0.002
5/20/2024,0.002
5/20/2024,0.002
5/20/2024,0.002
5/20/2024,0.002
5/20/2024,0.002
5/20/2024,0.002
5/20/2024,0.002
5/20/2024,0.002
5/20/2024,0.002
5/20/2024,0.002
5/20/2024,0.002
5/20/2024,0.002
5/20/2024,0.002
5/20/2024,0.002
5/20/2024,0.002
5/20/2024,0.002
5/20/2024,0.002
5/20/2024,0.002
5/20/2024,0.002
5/20/2024,0.002
5/20/2024,0.002
5/20/2024,0.002
5/20/2024,0.002
5/20/2024,0.002
5/20/2024,0.002
5/20/2024,0.002
5/20/2024,0.002
5/20/2024,0.002
5/20/2024,0.002
5/20/2024,0.002
5/20/2024,0.002
5/20/2024,0.002
5/20/2024,0.002
5/20/2024,0.002
5/20/2024,0.002
5/20/2024,0.002
5/20/2024,0.002
5/20/2024,0.002
5/21/2024,0.002
5/21/2024,0.002
5/21/2024,0.002
5/21/2024,0.002
5/21/2024,0.002
5/21/2024,0.002
5/21/2024,0.002
5/21/2024,0.002
5/21/2024,0.002
5/21/2024,0.002
5/21/2024,0.002
5/21/2024,0.002
5/21/2024,0.002
5/21/2024,0.002
5/21/2024,0.002
5/21/2024,0.002
5/21/2024,0.002
5/21/2024,0.002
5/21/2024,0.002
5/21/2024,0.002
5/21/2024,0.002
5/21/2024,0.002
5/21/2024,0.002
5/21/2024,0.002
5/21/2024,0.002
5/21/2024,0.002
5/21/2024,0.002
5/21/2024,0.002
5/21/2024,0.002
5/21/2024,0.002
5/21/2024,0.002
5/21/2024,0.002
5/21/2024,0.002
5/21/2024,0.002
5/21/2024,0.002
5/21/2024,0.002
5/21/2024,0.002
5/21/2024,0.002
5/21/2024,0.002
5/21/2024,0.002
5/21/2024,0.002
5/21/2024,0.002
5/21/2024,0.002
5/21/2024,0.002
5/21/2024,0.002
5/21/2024,0.002
5/21/2024,0.002
5/21/2024,0.002
5/21/2024,0.002
5/21/2024,0.002
5/21/2024,0.002
5/21/2024,0.002
5/21/2024,0.002
5/21/2024,0.002
5/21/2024,0.002
5/21/2024,0.002
5/21/2024,0.002
5/21/2024,0.002
5/21/2024,0.002
5/21/2024,0.002
5/21/2024,0.002
5/21/2024,0.002
5/21/2024,0.002
5/21/2024,0.002
5/21/2024,0.002
5/21/2024,0.002
5/21/2024,0.002
5/21/2024,0.002
5/21/2024,0.002
5/21/2024,0.002
5/21/2024,0.002
5/21/2024,0.002
5/21/2024,0.002
5/21/2024,0.002
5/21/2024,0.002
5/21/2024,0.002
5/21/2024,0.002
5/21/2024,0.002
5/21/2024,0.002
5/21/2024,0.002
5/21/2024,0.002
5/21/2024,0.002
5/21/2024,0.002
5/21/2024,0.002
5/21/2024,0.002
5/21/2024,0.002
5/21/2024,0.002
5/21/2024,0.002
5/21/2024,0.002
5/21/2024,0.002
5/21/2024,0.002
5/21/2024,0.002
5/21/2024,0.002
5/21/2024,0.002
5/21/2024,0.002
5/21/2024,0.002
5/22/2024,0.002
5/22/2024,0.002
5/22/2024,0.002
5/22/2024,0.002
5/22/2024,0.002
5/22/2024,0.002
5/22/2024,0.002
5/22/2024,0.002
5/22/2024,0.002
5/22/2024,0.002
5/22/2024,0.002
5/22/2024,0.002
5/22/2024,0.002
5/22/2024,0.002
5/22/2024,0.002
5/22/2024,0.002
5/22/2024,0.002
5/22/2024,0.002
5/22/2024,0.002
5/22/2024,0.002
5/22/2024,0.002
5/22/2024,0.002
5/22/2024,0.002
5/22/2024,0.002
5/22/2024,0.002
5/22/2024,0.002
5/22/2024,0.002
5/22/2024,0.002
5/22/2024,0.002
5/22/2024,0.002
5/22/2024,0.002
5/22/2024,0.002
5/22/2024,0.002
5/22/2024,0.002
5/22/2024,0.002
5/22/2024,0.002
5/22/2024,0.002
5/22/2024,0.002
5/22/2024,0.002
5/22/2024,0.002
5/22/2024,0.002
5/22/2024,0.002
5/22/2024,0.002
5/22/2024,0.002
5/22/2024,0.002
5/22/2024,0.002
5/22/2024,0.002
5/22/2024,0.002
5/22/2024,0.002
5/22/2024,0.002
5/22/2024,0.002
5/22/2024,0.002
5/22/2024,0.002
5/22/2024,0.002
5/22/2024,0.002
5/22/2024,0.002
5/22/2024,0.002
5/22/2024,0.002
5/22/2024,0.002
5/22/2024,0.002
5/22/2024,0.002
5/22/2024,0.002
5/22/2024,0.002
5/22/2024,0.002
5/22/2024,0.002
5/22/2024,0.002
5/22/2024,0.002
5/22/2024,0.002
5/22/2024,0.002
5/22/2024,0.002
5/22/2024,0.002
5/22/2024,0.002
5/22/2024,0.002
5/22/2024,0.002
5/22/2024,0.002
5/22/2024,0.002
5/22/2024,0.002
5/22/2024,0.002
5/22/2024,0.002
5/22/2024,0.002
5/22/2024,0.002
5/22/2024,0.002
5/22/2024,0.002
5/22/2024,0.002
5/22/2024,0.002
5/22/2024,0.002
5/22/2024,0.002
5/22/2024,0.002
5/22/2024,0.002
5/22/2024,0.002
5/22/2024,0.002
5/22/2024,0.002
5/22/2024,0.002
5/22/2024,0.002
5/22/2024,0.002
5/22/2024,0.002
5/23/2024,0.002
5/23/2024,0.002
5/23/2024,0.002
5/23/2024,0.002
5/23/2024,0.002
5/23/2024,0.002
5/23/2024,0.002
5/23/2024,0.002
5/23/2024,0.002
5/23/2024,0.002
5/23/2024,0.002
5/23/2024,0.002
5/23/2024,0.002
5/23/2024,0.002
5/23/2024,0.002
5/23/2024,0.002
5/23/2024,0.002
5/23/2024,0.002
5/23/2024,0.002
5/23/2024,0.002
5/23/2024,0.002
5/23/2024,0.002
5/23/2024,0.002
5/23/2024,0.002
5/23/2024,0.002
5/23/2024,0.002
5/23/2024,0.002
5/23/2024,0.002
5/23/2024,0.002
5/23/2024,0.002
5/23/2024,0.002
5/23/2024,0.002
5/23/2024,0.002
5/23/2024,0.002
5/23/2024,0.002
5/23/2024,0.002
5/23/2024,0.002
5/23/2024,0.002
5/23/2024,0.002
5/23/2024,0.002
5/23/2024,0.002
5/23/2024,0.002
5/23/2024,0.002
5/23/2024,0.002
5/23/2024,0.002
5/23/2024,0.002
5/23/2024,0.002
5/23/2024,0.002
5/23/2024,0.002
5/23/2024,0.002
5/23/2024,0.002
5/23/2024,0.002
5/23/2024,0.002
5/23/2024,0.002
5/23/2024,0.002
5/23/2024,0.002
5/23/2024,0.002
5/23/2024,0.002
5/23/2024,0.002
5/23/2024,0.002
5/23/2024,0.002
5/23/2024,0.002
5/23/2024,0.002
5/23/2024,0.002
5/23/2024,0.002
5/23/2024,0.002
5/23/2024,0.002
5/23/2024,0.002
5/23/2024,0.002
5/23/2024,0.002
5/23/2024,0.002
5/23/2024,0.002
5/23/2024,0.002
5/23/2024,0.002
5/23/2024,0.002
5/23/2024,0.002
5/23/2024,0.002
5/23/2024,0.002
5/23/2024,0.002
5/23/2024,0.002
5/23/2024,0.002
5/23/2024,0.002
5/23/2024,0.002
5/23/2024,0.002
5/23/2024,0.002
5/23/2024,0.002
5/23/2024,0.002
5/23/2024,0.002
5/23/2024,0.002
5/23/2024,0.002
5/23/2024,0.002
5/23/2024,0.002
5/23/2024,0.002
5/23/2024,0.002
5/23/2024,0.002
5/23/2024,0.002
5/24/2024,0.002
5/24/2024,0.002
5/24/2024,0.002
5/24/2024,0.002
5/24/2024,0.002
5/24/2024,0.002
5/24/2024,0.002
5/24/2024,0.002
5/24/2024,0.002
5/24/2024,0.002
5/24/2024,0.002
5/24/2024,0.002
5/24/2024,0.002
5/24/2024,0.002
5/24/2024,0.002
5/24/2024,0.002
5/24/2024,0.002
5/24/2024,0.002
5/24/2024,0.002
5/24/2024,0.002
5/24/2024,0.002
5/24/2024,0.002
5/24/2024,0.002
5/24/2024,0.002
5/24/2024,0.002
5/24/2024,0.002
5/24/2024,0.002
5/24/2024,0.002
5/24/2024,0.002
5/24/2024,0.002
5/24/2024,0.002
5/24/2024,0.002
5/24/2024,0.002
5/24/2024,0.002
5/24/2024,0.002
5/24/2024,0.002
5/24/2024,0.002
5/24/2024,0.002
5/24/2024,0.002
5/24/2024,0.002
5/24/2024,0.002
5/24/2024,0.002
5/24/2024,0.002
5/24/2024,0.002
5/24/2024,0.002
5/24/2024,0.002
5/24/2024,0.002
5/24/2024,0.002
5/24/2024,0.002
5/24/2024,0.002
5/24/2024,0.002
5/24/2024,0.002
5/24/2024,0.002
5/24/2024,0.002
5/24/2024,0.002
5/24/2024,0.002
5/24/2024,0.002
5/24/2024,0.002
5/24/2024,0.002
5/24/2024,0.002
5/24/2024,0.002
5/24/2024,0.002
5/24/2024,0.002
5/24/2024,0.002
5/24/2024,0.002
5/24/2024,0.002
5/24/2024,0.002
5/24/2024,0.002
5/24/2024,0.002
5/24/2024,0.002
5/24/2024,0.002
5/24/2024,0.002
5/24/2024,0.002
5/24/2024,0.002
5/24/2024,0.002
5/24/2024,0.002
5/24/2024,0.002
5/24/2024,0.002
5/24/2024,0.002
5/24/2024,0.002
5/24/2024,0.002
5/24/2024,0.002
5/24/2024,0.002
5/24/2024,0.002
5/24/2024,0.002
5/24/2024,0.002
5/24/2024,0.002
5/24/2024,0.002
5/24/2024,0.002
5/24/2024,0.002
5/24/2024,0.002
5/24/2024,0.002
5/24/2024,0.002
5/24/2024,0.002
5/24/2024,0.002
5/24/2024,0.002
5/25/2024,0.002
5/25/2024,0.002
5/25/2024,0.002
5/25/2024,0.002
5/25/2024,0.002
5/25/2024,0.002
5/25/2024,0.002
5/25/2024,0.002
5/25/2024,0.002
5/25/2024,0.002
5/25/2024,0.002
5/25/2024,0.002
5/25/2024,0.002
5/25/2024,0.002
5/25/2024,0.002
5/25/2024,0.002
5/25/2024,0.002
5/25/2024,0.002
5/25/2024,0.002
5/25/2024,0.002
5/25/2024,0.002
5/25/2024,0.002
5/25/2024,0.002
5/25/2024,0.002
5/25/2024,0.002
5/25/2024,0.002
5/25/2024,0.002
5/25/2024,0.002
5/25/2024,0.002
5/25/2024,0.002
5/25/2024,0.002
5/25/2024,0.002
5/25/2024,0.002
5/25/2024,0.002
5/25/2024,0.002
5/25/2024,0.002
5/25/2024,0.002
5/25/2024,0.002
5/25/2024,0.002
5/25/2024,0.002
5/25/2024,0.002
5/25/2024,0.002
5/25/2024,0.002
5/25/2024,0.002
5/25/2024,0.002
5/25/2024,0.002
5/25/2024,0.002
5/25/2024,0.002
5/25/2024,0.002
5/25/2024,0.002
5/25/2024,0.002
5/25/2024,0.002
5/25/2024,0.002
5/25/2024,0.002
5/25/2024,0.002
5/25/2024,0.002
5/25/2024,0.002
5/25/2024,0.002
5/25/2024,0.002
5/25/2024,0.002
5/25/2024,0.002
5/25/2024,0.002
5/25/2024,0.002
5/25/2024,0.002
5/25/2024,0.002
5/25/2024,0.002
5/25/2024,0.002
5/25/2024,0.002
5/25/2024,0.002
5/25/2024,0.002
5/25/2024,0.002
5/25/2024,0.002
5/25/2024,0.002
5/25/2024,0.002
5/25/2024,0.002
5/25/2024,0.002
5/25/2024,0.002
5/25/2024,0.002
5/25/2024,0.002
5/25/2024,0.002
5/25/2024,0.002
5/25/2024,0.002
5/25/2024,0.002
5/25/2024,0.002
5/25/2024,0.002
5/25/2024,0.002
5/25/2024,0.002
5/25/2024,0.002
5/25/2024,0.002
5/25/2024,0.002
5/25/2024,0.002
5/25/2024,0.002
5/25/2024,0.002
5/25/2024,0.002
5/25/2024,0.002
5/25/2024,0.002
5/26/2024,0.002
5/26/2024,0.002
5/26/2024,0.002
5/26/2024,0.002
5/26/2024,0.002
5/26/2024,0.002
5/26/2024,0.002
5/26/2024,0.002
5/26/2024,0.002
5/26/2024,0.002
5/26/2024,0.002
5/26/2024,0.002
5/26/2024,0.002
5/26/2024,0.002
5/26/2024,0.002
5/26/2024,0.002
5/26/2024,0.002
5/26/2024,0.002
5/26/2024,0.002
5/26/2024,0.002
5/26/2024,0.002
5/26/2024,0.002
5/26/2024,0.002
5/26/2024,0.002
5/26/2024,0.002
5/26/2024,0.002
5/26/2024,0.002
5/26/2024,0.002
5/26/2024,0.002
5/26/2024,0.002
5/26/2024,0.002
5/26/2024,0.002
5/26/2024,0.002
5/26/2024,0.002
5/26/2024,0.002
5/26/2024,0.002
5/26/2024,0.002
5/26/2024,0.002
5/26/2024,0.002
5/26/2024,0.002
5/26/2024,0.002
5/26/2024,0.002
5/26/2024,0.002
5/26/2024,0.002
5/26/2024,0.002
5/26/2024,0.002
5/26/2024,0.002
5/26/2024,0.002
5/26/2024,0.002
5/26/2024,0.002
5/26/2024,0.002
5/26/2024,0.002
5/26/2024,0.002
5/26/2024,0.002
5/26/2024,0.002
5/26/2024,0.002
5/26/2024,0.002
5/26/2024,0.002
5/26/2024,0.002
5/26/2024,0.002
5/26/2024,0.002
5/26/2024,0.002
5/26/2024,0.002
5/26/2024,0.002
5/26/2024,0.002
5/26/2024,0.002
5/26/2024,0.002
5/26/2024,0.002
5/26/2024,0.002
5/26/2024,0.002
5/26/2024,0.002
5/26/2024,0.002
5/26/2024,0.002
5/26/2024,0.002
5/26/2024,0.002
5/26/2024,0.002
5/26/2024,0.002
5/26/2024,0.002
5/26/2024,0.002
5/26/2024,0.002
5/26/2024,0.002
5/26/2024,0.002
5/26/2024,0.002
5/26/2024,0.002
5/26/2024,0.002
5/26/2024,0.002
5/26/2024,0.002
5/26/2024,0.002
5/26/2024,0.002
5/26/2024,0.002
5/26/2024,0.002
5/26/2024,0.002
5/26/2024,0.002
5/26/2024,0.002
5/26/2024,0.002
5/26/2024,0.002
5/27/2024,0.002
5/27/2024,0.002
5/27/2024,0.002
5/27/2024,0.002
5/27/2024,0.002
5/27/2024,0.002
5/27/2024,0.002
5/27/2024,0.002
5/27/2024,0.002
5/27/2024,0.002
5/27/2024,0.002
5/27/2024,0.002
5/27/2024,0.002
5/27/2024,0.002
5/27/2024,0.002
5/27/2024,0.002
5/27/2024,0.002
5/27/2024,0.002
5/27/2024,0.002
5/27/2024,0.002
5/27/2024,0.002
5/27/2024,0.002
5/27/2024,0.002
5/27/2024,0.002
5/27/2024,0.002
5/27/2024,0.002
5/27/2024,0.002
5/27/2024,0.002
5/27/2024,0.002
5/27/2024,0.002
5/27/2024,0.002
5/27/2024,0.002
5/27/2024,0.002
5/27/2024,0.002
5/27/2024,0.002
5/27/2024,0.002
5/27/2024,0.002
5/27/2024,0.002
5/27/2024,0.002
5/27/2024,0.002
5/27/2024,0.002
5/27/2024,0.002
5/27/2024,0.002
5/27/2024,0.002
5/27/2024,0.002
5/27/2024,0.002
5/27/2024,0.002
5/27/2024,0.002
5/27/2024,0.002
5/27/2024,0.002
5/27/2024,0.002
5/27/2024,0.002
5/27/2024,0.002
5/27/2024,0.002
5/27/2024,0.002
5/27/2024,0.002
5/27/2024,0.002
5/27/2024,0.002
5/27/2024,0.002
5/27/2024,0.002
5/27/2024,0.002
5/27/2024,0.002
5/27/2024,0.002
5/27/2024,0.002
5/27/2024,0.002
5/27/2024,0.002
5/27/2024,0.002
5/27/2024,0.002
5/27/2024,0.002
5/27/2024,0.002
5/27/2024,0.002
5/27/2024,0.002
5/27/2024,0.002
5/27/2024,0.002
5/27/2024,0.002
5/27/2024,0.002
5/27/2024,0.002
5/27/2024,0.002
5/27/2024,0.002
5/27/2024,0.002
5/27/2024,0.002
5/27/2024,0.002
5/27/2024,0.002
5/27/2024,0.002
5/27/2024,0.002
5/27/2024,0.002
5/27/2024,0.002
5/27/2024,0.002
5/27/2024,0.002
5/27/2024,0.002
5/27/2024,0.002
5/27/2024,0.002
5/27/2024,0.002
5/27/2024,0.002
5/27/2024,0.002
5/27/2024,0.002
5/28/2024,0.002
5/28/2024,0.002
5/28/2024,0.002
5/28/2024,0.002
5/28/2024,0.002
5/28/2024,0.002
5/28/2024,0.002
5/28/2024,0.002
5/28/2024,0.002
5/28/2024,0.002
5/28/2024,0.002
5/28/2024,0.002
5/28/2024,0.002
5/28/2024,0.002
5/28/2024,0.002
5/28/2024,0.002
5/28/2024,0.002
5/28/2024,0.002
5/28/2024,0.002
5/28/2024,0.002
5/28/2024,0.002
5/28/2024,0.002
5/28/2024,0.002
5/28/2024,0.002
5/28/2024,0.002
5/28/2024,0.002
5/28/2024,0.002
5/28/2024,0.002
5/28/2024,0.002
5/28/2024,0.002
5/28/2024,0.002
5/28/2024,0.002
5/28/2024,0.002
5/28/2024,0.002
5/28/2024,0.002
5/28/2024,0.002
5/28/2024,0.002
5/28/2024,0.002
5/28/2024,0.002
5/28/2024,0.002
5/28/2024,0.002
5/28/2024,0.002
5/28/2024,0.002
5/28/2024,0.002
5/28/2024,0.002
5/28/2024,0.002
5/28/2024,0.002
5/28/2024,0.002
5/28/2024,0.002
5/28/2024,0.002
5/28/2024,0.002
5/28/2024,0.002
5/28/2024,0.002
5/28/2024,0.002
5/28/2024,0.002
5/28/2024,0.002
5/28/2024,0.002
5/28/2024,0.002
5/28/2024,0.002
5/28/2024,0.002
5/28/2024,0.002
5/28/2024,0.002
5/28/2024,0.002
5/28/2024,0.002
5/28/2024,0.002
5/28/2024,0.002
5/28/2024,0.002
5/28/2024,0.002
5/28/2024,0.002
5/28/2024,0.002
5/28/2024,0.002
5/28/2024,0.002
5/28/2024,0.002
5/28/2024,0.002
5/28/2024,0.002
5/28/2024,0.002
5/28/2024,0.002
5/28/2024,0.002
5/28/2024,0.002
5/28/2024,0.002
5/28/2024,0.002
5/28/2024,0.002
5/28/2024,0.002
5/28/2024,0.002
5/28/2024,0.002
5/28/2024,0.002
5/28/2024,0.002
5/28/2024,0.002
5/28/2024,0.002
5/28/2024,0.002
5/28/2024,0.002
5/28/2024,0.002
5/28/2024,0.002
5/28/2024,0.002
5/28/2024,0.002
5/28/2024,0.002
5/29/2024,0.002
5/29/2024,0.002
5/29/2024,0.002
5/29/2024,0.002
5/29/2024,0.002
5/29/2024,0.002
5/29/2024,0.002
5/29/2024,0.002
5/29/2024,0.002
5/29/2024,0.002
5/29/2024,0.002
5/29/2024,0.002
5/29/2024,0.002
5/29/2024,0.002
5/29/2024,0.002
5/29/2024,0.002
5/29/2024,0.002
5/29/2024,0.002
5/29/2024,0.002
5/29/2024,0.002
5/29/2024,0.002
5/29/2024,0.002
5/29/2024,0.002
5/29/2024,0.002
5/29/2024,0.002
5/29/2024,0.002
5/29/2024,0.002
5/29/2024,0.002
5/29/2024,0.002
5/29/2024,0.002
5/29/2024,0.002
5/29/2024,0.002
5/29/2024,0.002
5/29/2024,0.002
5/29/2024,0.002
5/29/2024,0.002
5/29/2024,0.002
5/29/2024,0.002
5/29/2024,0.002
5/29/2024,0.002
5/29/2024,0.002
5/29/2024,0.002
5/29/2024,0.002
5/29/2024,0.002
5/29/2024,0.002
5/29/2024,0.002
5/29/2024,0.002
5/29/2024,0.002
5/29/2024,0.002
5/29/2024,0.002
5/29/2024,0.002
5/29/2024,0.002
5/29/2024,0.002
5/29/2024,0.002
5/29/2024,0.002
5/29/2024,0.002
5/29/2024,0.002
5/29/2024,0.002
5/29/2024,0.002
5/29/2024,0.002
5/29/2024,0.002
5/29/2024,0.002
5/29/2024,0.002
5/29/2024,0.002
5/29/2024,0.002
5/29/2024,0.002
5/29/2024,0.002
5/29/2024,0.002
5/29/2024,0.002
5/29/2024,0.002
5/29/2024,0.002
5/29/2024,0.002
5/29/2024,0.002
5/29/2024,0.002
5/29/2024,0.002
5/29/2024,0.002
5/29/2024,0.002
5/29/2024,0.002
5/29/2024,0.002
5/29/2024,0.002
5/29/2024,0.002
5/29/2024,0.002
5/29/2024,0.002
5/29/2024,0.002
5/29/2024,0.002
5/29/2024,0.002
5/29/2024,0.002
5/29/2024,0.002
5/29/2024,0.002
5/29/2024,0.002
5/29/2024,0.002
5/29/2024,0.002
5/29/2024,0.002
5/29/2024,0.002
5/29/2024,0.002
5/29/2024,0.002
5/30/2024,0.002
5/30/2024,0.002
5/30/2024,0.002
5/30/2024,0.002
5/30/2024,0.002
5/30/2024,0.002
5/30/2024,0.002
5/30/2024,0.002
5/30/2024,0.002
5/30/2024,0.002
5/30/2024,0.002
5/30/2024,0.002
5/30/2024,0.002
5/30/2024,0.002
5/30/2024,0.002
5/30/2024,0.002
5/30/2024,0.002
5/30/2024,0.002
5/30/2024,0.002
5/30/2024,0.002
5/30/2024,0.002
5/30/2024,0.002
5/30/2024,0.002
5/30/2024,0.002
5/30/2024,0.002
5/30/2024,0.002
5/30/2024,0.002
5/30/2024,0.002
5/30/2024,0.002
5/30/2024,0.002
5/30/2024,0.002
5/30/2024,0.002
5/30/2024,0.002
5/30/2024,0.002
5/30/2024,0.002
5/30/2024,0.002
5/30/2024,0.002
5/30/2024,0.002
5/30/2024,0.002
5/30/2024,0.002
5/30/2024,0.002
5/30/2024,0.002
5/30/2024,0.002
5/30/2024,0.002
5/30/2024,0.002
5/30/2024,0.002
5/30/2024,0.002
5/30/2024,0.002
5/30/2024,0.002
5/30/2024,0.002
5/30/2024,0.002
5/30/2024,0.002
5/30/2024,0.002
5/30/2024,0.002
5/30/2024,0.002
5/30/2024,0.002
5/30/2024,0.002
5/30/2024,0.002
5/30/2024,0.002
5/30/2024,0.002
5/30/2024,0.002
5/30/2024,0.002
5/30/2024,0.002
5/30/2024,0.002
5/30/2024,0.002
5/30/2024,0.002
5/30/2024,0.002
5/30/2024,0.002
5/30/2024,0.002
5/30/2024,0.002
5/30/2024,0.002
5/30/2024,0.002
5/30/2024,0.002
5/30/2024,0.002
5/30/2024,0.002
5/30/2024,0.002
5/30/2024,0.002
5/30/2024,0.002
5/30/2024,0.002
5/30/2024,0.002
5/30/2024,0.002
5/30/2024,0.002
5/30/2024,0.002
5/30/2024,0.002
5/30/2024,0.002
5/30/2024,0.002
5/30/2024,0.002
5/30/2024,0.002
5/30/2024,0.002
5/30/2024,0.002
5/30/2024,0.002
5/30/2024,0.002
5/30/2024,0.002
5/30/2024,0.002
5/30/2024,0.002
5/30/2024,0.002
5/31/2024,0.002
5/31/2024,0.002
5/31/2024,0.002
5/31/2024,0.002
5/31/2024,0.002
5/31/2024,0.002
5/31/2024,0.002
5/31/2024,0.002
5/31/2024,0.002
5/31/2024,0.002
5/31/2024,0.002
5/31/2024,0.002
5/31/2024,0.002
5/31/2024,0.002
5/31/2024,0.002
5/31/2024,0.002
5/31/2024,0.002
5/31/2024,0.002
5/31/2024,0.002
5/31/2024,0.002
5/31/2024,0.002
5/31/2024,0.002
5/31/2024,0.002
5/31/2024,0.002
5/31/2024,0.002
5/31/2024,0.002
5/31/2024,0.002
5/31/2024,0.002
5/31/2024,0.002
5/31/2024,0.002
5/31/2024,0.002
5/31/2024,0.002
5/31/2024,0.002
5/31/2024,0.002
5/31/2024,0.002
5/31/2024,0.002
5/31/2024,0.002
5/31/2024,0.002
5/31/2024,0.002
5/31/2024,0.002
5/31/2024,0.002
5/31/2024,0.002
5/31/2024,0.002
5/31/2024,0.002
5/31/2024,0.002
5/31/2024,0.002
5/31/2024,0.002
5/31/2024,0.002
5/31/2024,0.002
5/31/2024,0.002
5/31/2024,0.002
5/31/2024,0.002
5/31/2024,0.002
5/31/2024,0.002
5/31/2024,0.002
5/31/2024,0.002
5/31/2024,0.002
5/31/2024,0.002
5/31/2024,0.002
5/31/2024,0.002
5/31/2024,0.002
5/31/2024,0.002
5/31/2024,0.002
5/31/2024,0.002
5/31/2024,0.002
5/31/2024,0.002
5/31/2024,0.002
5/31/2024,0.002
5/31/2024,0.002
5/31/2024,0.002
5/31/2024,0.002
5/31/2024,0.002
5/31/2024,0.002
5/31/2024,0.002
5/31/2024,0.002
5/31/2024,0.002
5/31/2024,0.002
5/31/2024,0.002
5/31/2024,0.002
5/31/2024,0.002
5/31/2024,0.002
5/31/2024,0.002
5/31/2024,0.002
5/31/2024,0.002
5/31/2024,0.002
5/31/2024,0.002
5/31/2024,0.002
5/31/2024,0.002
5/31/2024,0.002
5/31/2024,0.002
5/31/2024,0.002
5/31/2024,0.002
5/31/2024,0.002
5/31/2024,0.002
5/31/2024,0.002
5/31/2024,0.002
6/1/2024,0.002
6/1/2024,0.002
6/1/2024,0.002
6/1/2024,0.002
6/1/2024,0.002
6/1/2024,0.002
6/1/2024,0.002
6/1/2024,0.002
6/1/2024,0.002
6/1/2024,0.002
6/1/2024,0.002
6/1/2024,0.002
6/1/2024,0.002
6/1/2024,0.002
6/1/2024,0.002
6/1/2024,0.002
6/1/2024,0.002
6/1/2024,0.002
6/1/2024,0.002
6/1/2024,0.002
6/1/2024,0.002
6/1/2024,0.002
6/1/2024,0.002
6/1/2024,0.002
6/1/2024,0.002
6/1/2024,0.002
6/1/2024,0.002
6/1/2024,0.002
6/1/2024,0.002
6/1/2024,0.002
6/1/2024,0.002
6/1/2024,0.002
6/1/2024,0.002
6/1/2024,0.002
6/1/2024,0.002
6/1/2024,0.002
6/1/2024,0.002
6/1/2024,0.002
6/1/2024,0.002
6/1/2024,0.002
6/1/2024,0.002
6/1/2024,0.002
6/1/2024,0.002
6/1/2024,0.002
6/1/2024,0.002
6/1/2024,0.002
6/1/2024,0.002
6/1/2024,0.002
6/1/2024,0.002
6/1/2024,0.002
6/1/2024,0.002
6/1/2024,0.002
6/1/2024,0.002
6/1/2024,0.002
6/1/2024,0.002
6/1/2024,0.002
6/1/2024,0.002
6/1/2024,0.002
6/1/2024,0.002
6/1/2024,0.002
6/1/2024,0.002
6/1/2024,0.002
6/1/2024,0.002
6/1/2024,0.002
6/1/2024,0.002
6/1/2024,0.002
6/1/2024,0.002
6/1/2024,0.002
6/1/2024,0.002
6/1/2024,0.002
6/1/2024,0.002
6/1/2024,0.002
6/1/2024,0.002
6/1/2024,0.002
6/1/2024,0.002
6/1/2024,0.002
6/1/2024,0.002
6/1/2024,0.002
6/1/2024,0.002
6/1/2024,0.002
6/1/2024,0.002
6/1/2024,0.002
6/1/2024,0.002
6/1/2024,0.002
6/1/2024,0.002
6/1/2024,0.002
6/1/2024,0.002
6/1/2024,0.002
6/1/2024,0.002
6/1/2024,0.002
6/1/2024,0.002
6/1/2024,0.002
6/1/2024,0.002
6/1/2024,0.002
6/1/2024,0.002
6/1/2024,0.002
6/2/2024,0.002
6/2/2024,0.002
6/2/2024,0.002
6/2/2024,0.002
6/2/2024,0.002
6/2/2024,0.002
6/2/2024,0.002
6/2/2024,0.002
6/2/2024,0.002
6/2/2024,0.002
6/2/2024,0.002
6/2/2024,0.002
6/2/2024,0.002
6/2/2024,0.002
6/2/2024,0.002
6/2/2024,0.002
6/2/2024,0.002
6/2/2024,0.002
6/2/2024,0.002
6/2/2024,0.002
6/2/2024,0.002
6/2/2024,0.002
6/2/2024,0.002
6/2/2024,0.002
6/2/2024,0.002
6/2/2024,0.002
6/2/2024,0.002
6/2/2024,0.002
6/2/2024,0.002
6/2/2024,0.002
6/2/2024,0.002
6/2/2024,0.002
6/2/2024,0.002
6/2/2024,0.002
6/2/2024,0.002
6/2/2024,0.002
6/2/2024,0.002
6/2/2024,0.002
6/2/2024,0.002
6/2/2024,0.002
6/2/2024,0.002
6/2/2024,0.002
6/2/2024,0.002
6/2/2024,0.002
6/2/2024,0.002
6/2/2024,0.002
6/2/2024,0.002
6/2/2024,0.002
6/2/2024,0.002
6/2/2024,0.002
6/2/2024,0.002
6/2/2024,0.002
6/2/2024,0.002
6/2/2024,0.002
6/2/2024,0.002
6/2/2024,0.002
6/2/2024,0.002
6/2/2024,0.002
6/2/2024,0.002
6/2/2024,0.002
6/2/2024,0.002
6/2/2024,0.002
6/2/2024,0.002
6/2/2024,0.002
6/2/2024,0.002
6/2/2024,0.002
6/2/2024,0.002
6/2/2024,0.002
6/2/2024,0.002
6/2/2024,0.002
6/2/2024,0.002
6/2/2024,0.002
6/2/2024,0.002
6/2/2024,0.002
6/2/2024,0.002
6/2/2024,0.002
6/2/2024,0.002
6/2/2024,0.002
6/2/2024,0.002
6/2/2024,0.002
6/2/2024,0.002
6/2/2024,0.002
6/2/2024,0.002
6/2/2024,0.002
6/2/2024,0.002
6/2/2024,0.002
6/2/2024,0.002
6/2/2024,0.002
6/2/2024,0.002
6/2/2024,0.002
6/2/2024,0.002
6/2/2024,0.002
6/2/2024,0.002
6/2/2024,0.002
6/2/2024,0.002
6/2/2024,0.002
6/3/2024,0.002
6/3/2024,0.002
6/3/2024,0.002
6/3/2024,0.002
6/3/2024,0.002
6/3/2024,0.002
6/3/2024,0.002
6/3/2024,0.002
6/3/2024,0.002
6/3/2024,0.002
6/3/2024,0.002
6/3/2024,0.002
6/3/2024,0.002
6/3/2024,0.002
6/3/2024,0.002
6/3/2024,0.002
6/3/2024,0.002
6/3/2024,0.002
6/3/2024,0.002
6/3/2024,0.002
6/3/2024,0.002
6/3/2024,0.003
6/3/2024,0.003
6/3/2024,0.003
6/3/2024,0.003
6/3/2024,0.003
6/3/2024,0.003
6/3/2024,0.003
6/3/2024,0.003
6/3/2024,0.004
6/3/2024,0.004
6/3/2024,0.004
6/3/2024,0.004
6/3/2024,0.004
6/3/2024,0.004
6/3/2024,0.004
6/3/2024,0.004
6/3/2024,0.004
6/3/2024,0.004
6/3/2024,0.004
6/3/2024,0.004
6/3/2024,0.003
6/3/2024,0.003
6/3/2024,0.003
6/3/2024,0.003
6/3/2024,0.004
6/3/2024,0.003
6/3/2024,0.003
6/3/2024,0.004
6/3/2024,0.003
6/3/2024,0.003
6/3/2024,0.003
6/3/2024,0.004
6/3/2024,0.003
6/3/2024,0.003
6/3/2024,0.003
6/3/2024,0.003
6/3/2024,0.003
6/3/2024,0.003
6/3/2024,0.003
6/3/2024,0.003
6/3/2024,0.003
6/3/2024,0.003
6/3/2024,0.003
6/3/2024,0.003
6/3/2024,0.003
6/3/2024,0.003
6/3/2024,0.003
6/3/2024,0.003
6/3/2024,0.003
6/3/2024,0.003
6/3/2024,0.003
6/3/2024,0.003
6/3/2024,0.003
6/3/2024,0.003
6/3/2024,0.003
6/3/2024,0.003
6/3/2024,0.003
6/3/2024,0.003
6/3/2024,0.003
6/3/2024,0.003
6/3/2024,0.003
6/3/2024,0.003
6/3/2024,0.003
6/3/2024,0.003
6/3/2024,0.003
6/3/2024,0.003
6/3/2024,0.003
6/3/2024,0.003
6/3/2024,0.003
6/3/2024,0.003
6/3/2024,0.003
6/3/2024,0.003
6/3/2024,0.003
6/3/2024,0.003
6/3/2024,0.003
6/4/2024,0.003
6/4/2024,0.003
6/4/2024,0.003
6/4/2024,0.003
6/4/2024,0.003
6/4/2024,0.003
6/4/2024,0.003
6/4/2024,0.003
6/4/2024,0.003
6/4/2024,0.003
6/4/2024,0.003
6/4/2024,0.003
6/4/2024,0.003
6/4/2024,0.003
6/4/2024,0.003
6/4/2024,0.003
6/4/2024,0.003
6/4/2024,0.003
6/4/2024,0.003
6/4/2024,0.003
6/4/2024,0.003
6/4/2024,0.003
6/4/2024,0.003
6/4/2024,0.003
6/4/2024,0.003
6/4/2024,0.003
6/4/2024,0.003
6/4/2024,0.003
6/4/2024,0.003
6/4/2024,0.003
6/4/2024,0.003
6/4/2024,0.003
6/4/2024,0.003
6/4/2024,0.003
6/4/2024,0.003
6/4/2024,0.003
6/4/2024,0.003
6/4/2024,0.003
6/4/2024,0.003
6/4/2024,0.003
6/4/2024,0.003
6/4/2024,0.003
6/4/2024,0.003
6/4/2024,0.003
6/4/2024,0.003
6/4/2024,0.003
6/4/2024,0.003
6/4/2024,0.003
6/4/2024,0.003
6/4/2024,0.003
6/4/2024,0.003
6/4/2024,0.003
6/4/2024,0.003
6/4/2024,0.003
6/4/2024,0.003
6/4/2024,0.003
6/4/2024,0.003
6/4/2024,0.003
6/4/2024,0.003
6/4/2024,0.003
6/4/2024,0.003
6/4/2024,0.003
6/4/2024,0.003
6/4/2024,0.003
6/4/2024,0.003
6/4/2024,0.003
6/4/2024,0.003
6/4/2024,0.003
6/4/2024,0.003
6/4/2024,0.003
6/4/2024,0.003
6/4/2024,0.003
6/4/2024,0.003
6/4/2024,0.003
6/4/2024,0.003
6/4/2024,0.003
6/4/2024,0.003
6/4/2024,0.003
6/4/2024,0.003
6/4/2024,0.003
6/4/2024,0.003
6/4/2024,0.003
6/4/2024,0.003
6/4/2024,0.003
6/4/2024,0.003
6/4/2024,0.003
6/4/2024,0.003
6/4/2024,0.003
6/4/2024,0.003
6/4/2024,0.003
6/4/2024,0.003
6/4/2024,0.003
6/4/2024,0.003
6/4/2024,0.003
6/4/2024,0.003
6/4/2024,0.003
6/5/2024,0.003
6/5/2024,0.003
6/5/2024,0.003
6/5/2024,0.003
6/5/2024,0.003
6/5/2024,0.003
6/5/2024,0.003
6/5/2024,0.003
6/5/2024,0.003
6/5/2024,0.003
6/5/2024,0.003
6/5/2024,0.003
6/5/2024,0.003
6/5/2024,0.003
6/5/2024,0.003
6/5/2024,0.003
6/5/2024,0.003
6/5/2024,0.003
6/5/2024,0.003
6/5/2024,0.003
6/5/2024,0.003
6/5/2024,0.003
6/5/2024,0.003
6/5/2024,0.003
6/5/2024,0.003
6/5/2024,0.003
6/5/2024,0.003
6/5/2024,0.003
6/5/2024,0.003
6/5/2024,0.003
6/5/2024,0.002
6/5/2024,0.002
6/5/2024,0.002
6/5/2024,0.002
6/5/2024,0.002
6/5/2024,0.002
6/5/2024,0.002
6/5/2024,0.002
6/5/2024,0.002
6/5/2024,0.002
6/5/2024,0.002
6/5/2024,0.002
6/5/2024,0.002
6/5/2024,0.002
6/5/2024,0.002
6/5/2024,0.002
6/5/2024,0.002
6/5/2024,0.002
6/5/2024,0.002
6/5/2024,0.002
6/5/2024,0.002
6/5/2024,0.002
6/5/2024,0.002
6/5/2024,0.002
6/5/2024,0.002
6/5/2024,0.002
6/5/2024,0.002
6/5/2024,0.002
6/5/2024,0.002
6/5/2024,0.002
6/5/2024,0.002
6/5/2024,0.002
6/5/2024,0.002
6/5/2024,0.002
6/5/2024,0.002
6/5/2024,0.002
6/5/2024,0.002
6/5/2024,0.002
6/5/2024,0.002
6/5/2024,0.002
6/5/2024,0.002
6/5/2024,0.002
6/5/2024,0.002
6/5/2024,0.002
6/5/2024,0.002
6/5/2024,0.002
6/5/2024,0.002
6/5/2024,0.002
6/5/2024,0.002
6/5/2024,0.002
6/5/2024,0.002
6/5/2024,0.002
6/5/2024,0.002
6/5/2024,0.002
6/5/2024,0.002
6/5/2024,0.002
6/5/2024,0.002
6/5/2024,0.002
6/5/2024,0.002
6/5/2024,0.002
6/5/2024,0.002
6/5/2024,0.002
6/5/2024,0.002
6/5/2024,0.002
6/5/2024,0.002
6/5/2024,0.002
6/6/2024,0.002
6/6/2024,0.002
6/6/2024,0.002
6/6/2024,0.002
6/6/2024,0.002
6/6/2024,0.002
6/6/2024,0.002
6/6/2024,0.002
6/6/2024,0.002
6/6/2024,0.002
6/6/2024,0.002
6/6/2024,0.002
6/6/2024,0.002
6/6/2024,0.002
6/6/2024,0.002
6/6/2024,0.002
6/6/2024,0.002
6/6/2024,0.002
6/6/2024,0.002
6/6/2024,0.002
6/6/2024,0.002
6/6/2024,0.002
6/6/2024,0.002
6/6/2024,0.002
6/6/2024,0.002
6/6/2024,0.002
6/6/2024,0.002
6/6/2024,0.002
6/6/2024,0.002
6/6/2024,0.002
6/6/2024,0.002
6/6/2024,0.002
6/6/2024,0.002
6/6/2024,0.002
6/6/2024,0.002
6/6/2024,0.002
6/6/2024,0.002
6/6/2024,0.002
6/6/2024,0.002
6/6/2024,0.002
6/6/2024,0.002
6/6/2024,0.002
6/6/2024,0.002
6/6/2024,0.002
6/6/2024,0.002
6/6/2024,0.002
6/6/2024,0.002
6/6/2024,0.002
6/6/2024,0.002
6/6/2024,0.002
6/6/2024,0.002
6/6/2024,0.002
6/6/2024,0.002
6/6/2024,0.002
6/6/2024,0.002
6/6/2024,0.002
6/6/2024,0.002
6/6/2024,0.002
6/6/2024,0.002
6/6/2024,0.002
6/6/2024,0.002
6/6/2024,0.002
6/6/2024,0.002
6/6/2024,0.002
6/6/2024,0.002
6/6/2024,0.002
6/6/2024,0.002
6/6/2024,0.002
6/6/2024,0.002
6/6/2024,0.002
6/6/2024,0.002
6/6/2024,0.002
6/6/2024,0.002
6/6/2024,0.002
6/6/2024,0.002
6/6/2024,0.002
6/6/2024,0.002
6/6/2024,0.002
6/6/2024,0.002
6/6/2024,0.002
6/6/2024,0.002
6/6/2024,0.002
6/6/2024,0.002
6/6/2024,0.002
6/6/2024,0.002
6/6/2024,0.002
6/6/2024,0.002
6/6/2024,0.002
6/6/2024,0.002
6/6/2024,0.002
6/6/2024,0.002
6/6/2024,0.002
6/6/2024,0.002
6/6/2024,0.002
6/6/2024,0.002
6/6/2024,0.002
6/7/2024,0.002
6/7/2024,0.002
6/7/2024,0.002
6/7/2024,0.002
6/7/2024,0.002
6/7/2024,0.002
6/7/2024,0.002
6/7/2024,0.002
6/7/2024,0.002
6/7/2024,0.002
6/7/2024,0.002
6/7/2024,0.002
6/7/2024,0.002
6/7/2024,0.002
6/7/2024,0.002
6/7/2024,0.002
6/7/2024,0.002
6/7/2024,0.002
6/7/2024,0.002
6/7/2024,0.002
6/7/2024,0.002
6/7/2024,0.002
6/7/2024,0.002
6/7/2024,0.002
6/7/2024,0.002
6/7/2024,0.002
6/7/2024,0.002
6/7/2024,0.002
6/7/2024,0.002
6/7/2024,0.002
6/7/2024,0.002
6/7/2024,0.002
6/7/2024,0.002
6/7/2024,0.002
6/7/2024,0.002
6/7/2024,0.002
6/7/2024,0.002
6/7/2024,0.002
6/7/2024,0.002
6/7/2024,0.002
6/7/2024,0.002
6/7/2024,0.002
6/7/2024,0.002
6/7/2024,0.002
6/7/2024,0.002
6/7/2024,0.002
6/7/2024,0.002
6/7/2024,0.002
6/7/2024,0.002
6/7/2024,0.002
6/7/2024,0.002
6/7/2024,0.002
6/7/2024,0.002
6/7/2024,0.002
6/7/2024,0.002
6/7/2024,0.002
6/7/2024,0.002
6/7/2024,0.002
6/7/2024,0.002
6/7/2024,0.002
6/7/2024,0.002
6/7/2024,0.002
6/7/2024,0.002
6/7/2024,0.002
6/7/2024,0.002
6/7/2024,0.002
6/7/2024,0.002
6/7/2024,0.002
6/7/2024,0.002
6/7/2024,0.002
6/7/2024,0.002
6/7/2024,0.002
6/7/2024,0.002
6/7/2024,0.002
6/7/2024,0.002
6/7/2024,0.002
6/7/2024,0.002
6/7/2024,0.002
6/7/2024,0.002
6/7/2024,0.002
6/7/2024,0.002
6/7/2024,0.002
6/7/2024,0.002
6/7/2024,0.002
6/7/2024,0.002
6/7/2024,0.002
6/7/2024,0.002
6/7/2024,0.002
6/7/2024,0.002
6/7/2024,0.002
6/7/2024,0.002
6/7/2024,0.002
6/7/2024,0.002
6/7/2024,0.002
6/7/2024,0.002
6/7/2024,0.002
6/8/2024,0.002
6/8/2024,0.002
6/8/2024,0.002
6/8/2024,0.002
6/8/2024,0.002
6/8/2024,0.002
6/8/2024,0.002
6/8/2024,0.002
6/8/2024,0.002
6/8/2024,0.002
6/8/2024,0.002
6/8/2024,0.002
6/8/2024,0.002
6/8/2024,0.002
6/8/2024,0.002
6/8/2024,0.002
6/8/2024,0.002
6/8/2024,0.002
6/8/2024,0.002
6/8/2024,0.002
6/8/2024,0.002
6/8/2024,0.002
6/8/2024,0.002
6/8/2024,0.002
6/8/2024,0.002
6/8/2024,0.002
6/8/2024,0.002
6/8/2024,0.002
6/8/2024,0.002
6/8/2024,0.002
6/8/2024,0.002
6/8/2024,0.002
6/8/2024,0.002
6/8/2024,0.002
6/8/2024,0.002
6/8/2024,0.002
6/8/2024,0.002
6/8/2024,0.002
6/8/2024,0.002
6/8/2024,0.002
6/8/2024,0.002
6/8/2024,0.002
6/8/2024,0.002
6/8/2024,0.002
6/8/2024,0.002
6/8/2024,0.002
6/8/2024,0.002
6/8/2024,0.002
6/8/2024,0.002
6/8/2024,0.002
6/8/2024,0.002
6/8/2024,0.002
6/8/2024,0.002
6/8/2024,0.002
6/8/2024,0.002
6/8/2024,0.002
6/8/2024,0.002
6/8/2024,0.002
6/8/2024,0.002
6/8/2024,0.002
6/8/2024,0.002
6/8/2024,0.002
6/8/2024,0.002
6/8/2024,0.002
6/8/2024,0.002
6/8/2024,0.002
6/8/2024,0.002
6/8/2024,0.002
6/8/2024,0.002
6/8/2024,0.002
6/8/2024,0.002
6/8/2024,0.002
6/8/2024,0.002
6/8/2024,0.002
6/8/2024,0.002
6/8/2024,0.002
6/8/2024,0.002
6/8/2024,0.002
6/8/2024,0.002
6/8/2024,0.002
6/8/2024,0.002
6/8/2024,0.002
6/8/2024,0.002
6/8/2024,0.002
6/8/2024,0.002
6/8/2024,0.002
6/8/2024,0.002
6/8/2024,0.002
6/8/2024,0.002
6/8/2024,0.002
6/8/2024,0.002
6/8/2024,0.002
6/8/2024,0.002
6/8/2024,0.002
6/8/2024,0.002
6/8/2024,0.002
6/9/2024,0.002
6/9/2024,0.002
6/9/2024,0.002
6/9/2024,0.002
6/9/2024,0.002
6/9/2024,0.002
6/9/2024,0.002
6/9/2024,0.002
6/9/2024,0.002
6/9/2024,0.002
6/9/2024,0.002
6/9/2024,0.002
6/9/2024,0.002
6/9/2024,0.002
6/9/2024,0.002
6/9/2024,0.002
6/9/2024,0.002
6/9/2024,0.002
6/9/2024,0.002
6/9/2024,0.002
6/9/2024,0.002
6/9/2024,0.002
6/9/2024,0.002
6/9/2024,0.002
6/9/2024,0.002
6/9/2024,0.002
6/9/2024,0.002
6/9/2024,0.002
6/9/2024,0.002
6/9/2024,0.002
6/9/2024,0.002
6/9/2024,0.002
6/9/2024,0.002
6/9/2024,0.002
6/9/2024,0.002
6/9/2024,0.003
6/9/2024,0.002
6/9/2024,0.002
6/9/2024,0.002
6/9/2024,0.002
6/9/2024,0.002
6/9/2024,0.002
6/9/2024,0.002
6/9/2024,0.002
6/9/2024,0.002
6/9/2024,0.002
6/9/2024,0.002
6/9/2024,0.002
6/9/2024,0.002
6/9/2024,0.002
6/9/2024,0.003
6/9/2024,0.002
6/9/2024,0.002
6/9/2024,0.002
6/9/2024,0.002
6/9/2024,0.002
6/9/2024,0.002
6/9/2024,0.002
6/9/2024,0.003
6/9/2024,0.003
6/9/2024,0.002
6/9/2024,0.002
6/9/2024,0.002
6/9/2024,0.002
6/9/2024,0.002
6/9/2024,0.002
6/9/2024,0.002
6/9/2024,0.002
6/9/2024,0.002
6/9/2024,0.002
6/9/2024,0.002
6/9/2024,0.002
6/9/2024,0.002
6/9/2024,0.002
6/9/2024,0.002
6/9/2024,0.002
6/9/2024,0.002
6/9/2024,0.002
6/9/2024,0.002
6/9/2024,0.002
6/9/2024,0.002
6/9/2024,0.002
6/9/2024,0.002
6/9/2024,0.002
6/9/2024,0.002
6/9/2024,0.002
6/9/2024,0.002
6/9/2024,0.002
6/9/2024,0.002
6/9/2024,0.002
6/9/2024,0.002
6/9/2024,0.002
6/9/2024,0.002
6/9/2024,0.002
6/9/2024,0.002
6/9/2024,0.002
6/10/2024,0.002
6/10/2024,0.002
6/10/2024,0.002
6/10/2024,0.002
6/10/2024,0.002
6/10/2024,0.002
6/10/2024,0.002
6/10/2024,0.002
6/10/2024,0.002
6/10/2024,0.002
6/10/2024,0.002
6/10/2024,0.002
6/10/2024,0.002
6/10/2024,0.002
6/10/2024,0.002
6/10/2024,0.002
6/10/2024,0.002
6/10/2024,0.002
6/10/2024,0.002
6/10/2024,0.002
6/10/2024,0.002
6/10/2024,0.002
6/10/2024,0.002
6/10/2024,0.002
6/10/2024,0.002
6/10/2024,0.002
6/10/2024,0.002
6/10/2024,0.002
6/10/2024,0.002
6/10/2024,0.002
6/10/2024,0.002
6/10/2024,0.002
6/10/2024,0.002
6/10/2024,0.002
6/10/2024,0.002
6/10/2024,0.002
6/10/2024,0.002
6/10/2024,0.002
6/10/2024,0.002
6/10/2024,0.002
6/10/2024,0.002
6/10/2024,0.002
6/10/2024,0.002
6/10/2024,0.002
6/10/2024,0.002
6/10/2024,0.002
6/10/2024,0.002
6/10/2024,0.002
6/10/2024,0.002
6/10/2024,0.002
6/10/2024,0.002
6/10/2024,0.002
6/10/2024,0.002
6/10/2024,0.002
6/10/2024,0.002
6/10/2024,0.002
6/10/2024,0.003
6/10/2024,0.002
6/10/2024,0.002
6/10/2024,0.002
6/10/2024,0.002
6/10/2024,0.002
6/10/2024,0.002
6/10/2024,0.002
6/10/2024,0.003
6/10/2024,0.002
6/10/2024,0.002
6/10/2024,0.002
6/10/2024,0.002
6/10/2024,0.002
6/10/2024,0.003
6/10/2024,0.002
6/10/2024,0.002
6/10/2024,0.002
6/10/2024,0.002
6/10/2024,0.002
6/10/2024,0.002
6/10/2024,0.002
6/10/2024,0.002
6/10/2024,0.002
6/10/2024,0.002
6/10/2024,0.002
6/10/2024,0.002
6/10/2024,0.003
6/10/2024,0.002
6/10/2024,0.002
6/10/2024,0.002
6/10/2024,0.002
6/10/2024,0.002
6/10/2024,0.002
6/10/2024,0.002
6/10/2024,0.002
6/10/2024,0.002
6/10/2024,0.002
6/10/2024,0.002
6/10/2024,0.002
6/11/2024,0.002
6/11/2024,0.002
6/11/2024,0.002
6/11/2024,0.003
6/11/2024,0.003
6/11/2024,0.003
6/11/2024,0.003
6/11/2024,0.003
6/11/2024,0.003
6/11/2024,0.003
6/11/2024,0.003
6/11/2024,0.003
6/11/2024,0.003
6/11/2024,0.003
6/11/2024,0.003
6/11/2024,0.003
6/11/2024,0.003
6/11/2024,0.003
6/11/2024,0.003
6/11/2024,0.003
6/11/2024,0.003
6/11/2024,0.003
6/11/2024,0.003
6/11/2024,0.003
6/11/2024,0.003
6/11/2024,0.003
6/11/2024,0.003
6/11/2024,0.002
6/11/2024,0.003
6/11/2024,0.003
6/11/2024,0.002
6/11/2024,0.003
6/11/2024,0.003
6/11/2024,0.003
6/11/2024,0.003
6/11/2024,0.003
6/11/2024,0.003
6/11/2024,0.003
6/11/2024,0.003
6/11/2024,0.003
6/11/2024,0.003
6/11/2024,0.003
6/11/2024,0.003
6/11/2024,0.003
6/11/2024,0.003
6/11/2024,0.003
6/11/2024,0.003
6/11/2024,0.003
6/11/2024,0.003
6/11/2024,0.003
6/11/2024,0.003
6/11/2024,0.003
6/11/2024,0.003
6/11/2024,0.003
6/11/2024,0.003
6/11/2024,0.003
6/11/2024,0.003
6/11/2024,0.003
6/11/2024,0.003
6/11/2024,0.003
6/11/2024,0.003
6/11/2024,0.003
6/11/2024,0.003
6/11/2024,0.003
6/11/2024,0.003
6/11/2024,0.003
6/11/2024,0.003
6/11/2024,0.003
6/11/2024,0.003
6/11/2024,0.003
6/11/2024,0.003
6/11/2024,0.003
6/11/2024,0.003
6/11/2024,0.003
6/11/2024,0.003
6/11/2024,0.003
6/11/2024,0.003
6/11/2024,0.003
6/11/2024,0.003
6/11/2024,0.003
6/11/2024,0.003
6/11/2024,0.003
6/11/2024,0.003
6/11/2024,0.003
6/11/2024,0.003
6/11/2024,0.003
6/11/2024,0.003
6/11/2024,0.003
6/11/2024,0.003
6/11/2024,0.003
6/11/2024,0.003
6/11/2024,0.003
6/11/2024,0.003
6/11/2024,0.003
6/11/2024,0.003
6/11/2024,0.003
6/12/2024,0.003
6/12/2024,0.003
6/12/2024,0.003
6/12/2024,0.003
6/12/2024,0.003
6/12/2024,0.003
6/12/2024,0.003
6/12/2024,0.003
6/12/2024,0.003
6/12/2024,0.003
6/12/2024,0.003
6/12/2024,0.003
6/12/2024,0.003
6/12/2024,0.003
6/12/2024,0.003
6/12/2024,0.003
6/12/2024,0.003
6/12/2024,0.003
6/12/2024,0.003
6/12/2024,0.003
6/12/2024,0.003
6/12/2024,0.003
6/12/2024,0.003
6/12/2024,0.003
6/12/2024,0.003
6/12/2024,0.003
6/12/2024,0.003
6/12/2024,0.003
6/12/2024,0.003
6/12/2024,0.003
6/12/2024,0.003
6/12/2024,0.003
6/12/2024,0.003
6/12/2024,0.003
6/12/2024,0.003
6/12/2024,0.003
6/12/2024,0.003
6/12/2024,0.003
6/12/2024,0.003
6/12/2024,0.003
6/12/2024,0.003
6/12/2024,0.003
6/12/2024,0.003
6/12/2024,0.003
6/12/2024,0.003
6/12/2024,0.003
6/12/2024,0.003
6/12/2024,0.003
6/12/2024,0.003
6/12/2024,0.003
6/12/2024,0.003
6/12/2024,0.003
6/12/2024,0.003
6/12/2024,0.003
6/12/2024,0.003
6/12/2024,0.003
6/12/2024,0.003
6/12/2024,0.003
6/12/2024,0.003
6/12/2024,0.003
6/12/2024,0.003
6/12/2024,0.003
6/12/2024,0.003
6/12/2024,0.003
6/12/2024,0.003
6/12/2024,0.003
6/12/2024,0.003
6/12/2024,0.003
6/12/2024,0.003
6/12/2024,0.003
6/12/2024,0.003
6/12/2024,0.003
6/12/2024,0.003
6/12/2024,0.003
6/12/2024,0.003
6/12/2024,0.003
6/12/2024,0.003
6/12/2024,0.003
6/12/2024,0.003
6/12/2024,0.003
6/12/2024,0.003
6/12/2024,0.003
6/12/2024,0.003
6/12/2024,0.003
6/12/2024,0.003
6/12/2024,0.003
6/12/2024,0.003
6/12/2024,0.003
6/12/2024,0.003
6/12/2024,0.003
6/12/2024,0.003
6/12/2024,0.003
6/12/2024,0.003
6/12/2024,0.003
6/12/2024,0.003
6/12/2024,0.003
6/13/2024,0.003
6/13/2024,0.003
6/13/2024,0.003
6/13/2024,0.003
6/13/2024,0.003
6/13/2024,0.003
6/13/2024,0.003
6/13/2024,0.003
6/13/2024,0.003
6/13/2024,0.003
6/13/2024,0.003
6/13/2024,0.003
6/13/2024,0.003
6/13/2024,0.003
6/13/2024,0.003
6/13/2024,0.003
6/13/2024,0.003
6/13/2024,0.003
6/13/2024,0.003
6/13/2024,0.003
6/13/2024,0.003
6/13/2024,0.003
6/13/2024,0.003
6/13/2024,0.003
6/13/2024,0.003
6/13/2024,0.003
6/13/2024,0.003
6/13/2024,0.003
6/13/2024,0.003
6/13/2024,0.003
6/13/2024,0.003
6/13/2024,0.003
6/13/2024,0.003
6/13/2024,0.003
6/13/2024,0.003
6/13/2024,0.003
6/13/2024,0.003
6/13/2024,0.003
6/13/2024,0.003
6/13/2024,0.003
6/13/2024,0.003
6/13/2024,0.003
6/13/2024,0.003
6/13/2024,0.003
6/13/2024,0.003
6/13/2024,0.003
6/13/2024,0.003
6/13/2024,0.003
6/13/2024,0.003
6/13/2024,0.003
6/13/2024,0.003
6/13/2024,0.003
6/13/2024,0.003
6/13/2024,0.003
6/13/2024,0.003
6/13/2024,0.003
6/13/2024,0.003
6/13/2024,0.003
6/13/2024,0.003
6/13/2024,0.003
6/13/2024,0.003
6/13/2024,0.003
6/13/2024,0.003
6/13/2024,0.003
6/13/2024,0.003
6/13/2024,0.003
6/13/2024,0.003
6/13/2024,0.003
6/13/2024,0.003
6/13/2024,0.003
6/13/2024,0.003
6/13/2024,0.003
6/13/2024,0.003
6/13/2024,0.003
6/13/2024,0.003
6/13/2024,0.003
6/13/2024,0.003
6/13/2024,0.003
6/13/2024,0.003
6/13/2024,0.003
6/13/2024,0.003
6/13/2024,0.003
6/13/2024,0.003
6/13/2024,0.003
6/13/2024,0.003
6/13/2024,0.003
6/13/2024,0.003
6/13/2024,0.003
6/13/2024,0.003
6/13/2024,0.003
6/13/2024,0.003
6/13/2024,0.003
6/13/2024,0.003
6/13/2024,0.003
6/13/2024,0.003
6/13/2024,0.003
6/14/2024,0.003
6/14/2024,0.003
6/14/2024,0.003
6/14/2024,0.003
6/14/2024,0.003
6/14/2024,0.003
6/14/2024,0.003
6/14/2024,0.003
6/14/2024,0.003
6/14/2024,0.003
6/14/2024,0.003
6/14/2024,0.003
6/14/2024,0.003
6/14/2024,0.003
6/14/2024,0.003
6/14/2024,0.003
6/14/2024,0.003
6/14/2024,0.003
6/14/2024,0.003
6/14/2024,0.003
6/14/2024,0.003
6/14/2024,0.003
6/14/2024,0.003
6/14/2024,0.003
6/14/2024,0.003
6/14/2024,0.003
6/14/2024,0.003
6/14/2024,0.003
6/14/2024,0.003
6/14/2024,0.003
6/14/2024,0.003
6/14/2024,0.003
6/14/2024,0.003
6/14/2024,0.003
6/14/2024,0.003
6/14/2024,0.003
6/14/2024,0.003
6/14/2024,0.003
6/14/2024,0.003
6/14/2024,0.003
6/14/2024,0.003
6/14/2024,0.003
6/14/2024,0.003
6/14/2024,0.003
6/14/2024,0.003
6/14/2024,0.003
6/14/2024,0.003
6/14/2024,0.003
6/14/2024,0.003
6/14/2024,0.003
6/14/2024,0.003
6/14/2024,0.003
6/14/2024,0.003
6/14/2024,0.003
6/14/2024,0.003
6/14/2024,0.003
6/14/2024,0.003
6/14/2024,0.003
6/14/2024,0.003
6/14/2024,0.003
6/14/2024,0.003
6/14/2024,0.003
6/14/2024,0.003
6/14/2024,0.003
6/14/2024,0.003
6/14/2024,0.003
6/14/2024,0.003
6/14/2024,0.003
6/14/2024,0.003
6/14/2024,0.003
6/14/2024,0.003
6/14/2024,0.003
6/14/2024,0.003
6/14/2024,0.003
6/14/2024,0.003
6/14/2024,0.003
6/14/2024,0.003
6/14/2024,0.003
6/14/2024,0.003
6/14/2024,0.003
6/14/2024,0.003
6/14/2024,0.003
6/14/2024,0.003
6/14/2024,0.003
6/14/2024,0.003
6/14/2024,0.003
6/14/2024,0.003
6/14/2024,0.003
6/14/2024,0.003
6/14/2024,0.003
6/14/2024,0.003
6/14/2024,0.003
6/14/2024,0.003
6/14/2024,0.003
6/14/2024,0.003
6/14/2024,0.003
6/15/2024,0.003
6/15/2024,0.003
6/15/2024,0.003
6/15/2024,0.003
6/15/2024,0.003
6/15/2024,0.003
6/15/2024,0.003
6/15/2024,0.003
6/15/2024,0.003
6/15/2024,0.003
6/15/2024,0.003
6/15/2024,0.003
6/15/2024,0.003
6/15/2024,0.003
6/15/2024,0.003
6/15/2024,0.003
6/15/2024,0.003
6/15/2024,0.003
6/15/2024,0.003
6/15/2024,0.003
6/15/2024,0.003
6/15/2024,0.003
6/15/2024,0.003
6/15/2024,0.003
6/15/2024,0.003
6/15/2024,0.003
6/15/2024,0.003
6/15/2024,0.003
6/15/2024,0.003
6/15/2024,0.003
6/15/2024,0.002
6/15/2024,0.003
6/15/2024,0.003
6/15/2024,0.003
6/15/2024,0.003
6/15/2024,0.003
6/15/2024,0.003
6/15/2024,0.003
6/15/2024,0.003
6/15/2024,0.003
6/15/2024,0.003
6/15/2024,0.003
6/15/2024,0.003
6/15/2024,0.003
6/15/2024,0.003
6/15/2024,0.003
6/15/2024,0.003
6/15/2024,0.003
6/15/2024,0.003
6/15/2024,0.003
6/15/2024,0.003
6/15/2024,0.003
6/15/2024,0.003
6/15/2024,0.003
6/15/2024,0.003
6/15/2024,0.003
6/15/2024,0.003
6/15/2024,0.003
6/15/2024,0.003
6/15/2024,0.003
6/15/2024,0.003
6/15/2024,0.003
6/15/2024,0.003
6/15/2024,0.003
6/15/2024,0.003
6/15/2024,0.003
6/15/2024,0.003
6/15/2024,0.003
6/15/2024,0.003
6/15/2024,0.003
6/15/2024,0.003
6/15/2024,0.003
6/15/2024,0.003
6/15/2024,0.003
6/15/2024,0.003
6/15/2024,0.003
6/15/2024,0.003
6/15/2024,0.003
6/15/2024,0.003
6/15/2024,0.003
6/15/2024,0.003
6/15/2024,0.003
6/15/2024,0.003
6/15/2024,0.003
6/15/2024,0.003
6/15/2024,0.003
6/15/2024,0.003
6/15/2024,0.003
6/15/2024,0.003
6/15/2024,0.003
6/15/2024,0.003
6/15/2024,0.003
6/15/2024,0.003
6/15/2024,0.003
6/15/2024,0.003
6/15/2024,0.003
6/16/2024,0.003
6/16/2024,0.003
6/16/2024,0.003
6/16/2024,0.003
6/16/2024,0.003
6/16/2024,0.003
6/16/2024,0.003
6/16/2024,0.003
6/16/2024,0.003
6/16/2024,0.003
6/16/2024,0.003
6/16/2024,0.003
6/16/2024,0.003
6/16/2024,0.003
6/16/2024,0.003
6/16/2024,0.003
6/16/2024,0.003
6/16/2024,0.003
6/16/2024,0.003
6/16/2024,0.003
6/16/2024,0.003
6/16/2024,0.003
6/16/2024,0.003
6/16/2024,0.003
6/16/2024,0.003
6/16/2024,0.003
6/16/2024,0.003
6/16/2024,0.003
6/16/2024,0.003
6/16/2024,0.003
6/16/2024,0.003
6/16/2024,0.003
6/16/2024,0.003
6/16/2024,0.003
6/16/2024,0.003
6/16/2024,0.003
6/16/2024,0.003
6/16/2024,0.003
6/16/2024,0.002
6/16/2024,0.003
6/16/2024,0.003
6/16/2024,0.003
6/16/2024,0.003
6/16/2024,0.003
6/16/2024,0.003
6/16/2024,0.003
6/16/2024,0.003
6/16/2024,0.003
6/16/2024,0.003
6/16/2024,0.003
6/16/2024,0.003
6/16/2024,0.003
6/16/2024,0.003
6/16/2024,0.003
6/16/2024,0.003
6/16/2024,0.003
6/16/2024,0.003
6/16/2024,0.003
6/16/2024,0.003
6/16/2024,0.003
6/16/2024,0.003
6/16/2024,0.003
6/16/2024,0.003
6/16/2024,0.003
6/16/2024,0.003
6/16/2024,0.003
6/16/2024,0.003
6/16/2024,0.003
6/16/2024,0.003
6/16/2024,0.003
6/16/2024,0.003
6/16/2024,0.003
6/16/2024,0.003
6/16/2024,0.003
6/16/2024,0.003
6/16/2024,0.003
6/16/2024,0.003
6/16/2024,0.003
6/16/2024,0.003
6/16/2024,0.003
6/16/2024,0.003
6/16/2024,0.002
6/16/2024,0.003
6/16/2024,0.003
6/16/2024,0.003
6/16/2024,0.003
6/16/2024,0.003
6/16/2024,0.003
6/16/2024,0.003
6/16/2024,0.003
6/16/2024,0.003
6/16/2024,0.003
6/16/2024,0.003
6/16/2024,0.003
6/16/2024,0.003
6/16/2024,0.003
6/17/2024,0.003
6/17/2024,0.003
6/17/2024,0.003
6/17/2024,0.003
6/17/2024,0.003
6/17/2024,0.003
6/17/2024,0.003
6/17/2024,0.003
6/17/2024,0.003
6/17/2024,0.003
6/17/2024,0.003
6/17/2024,0.003
6/17/2024,0.003
6/17/2024,0.003
6/17/2024,0.003
6/17/2024,0.003
6/17/2024,0.002
6/17/2024,0.003
6/17/2024,0.003
6/17/2024,0.003
6/17/2024,0.003
6/17/2024,0.003
6/17/2024,0.003
6/17/2024,0.003
6/17/2024,0.003
6/17/2024,0.003
6/17/2024,0.003
6/17/2024,0.003
6/17/2024,0.003
6/17/2024,0.003
6/17/2024,0.003
6/17/2024,0.002
6/17/2024,0.002
6/17/2024,0.003
6/17/2024,0.003
6/17/2024,0.003
6/17/2024,0.003
6/17/2024,0.003
6/17/2024,0.003
6/17/2024,0.003
6/17/2024,0.003
6/17/2024,0.003
6/17/2024,0.002
6/17/2024,0.003
6/17/2024,0.003
6/17/2024,0.002
6/17/2024,0.003
6/17/2024,0.003
6/17/2024,0.003
6/17/2024,0.003
6/17/2024,0.003
6/17/2024,0.003
6/17/2024,0.003
6/17/2024,0.003
6/17/2024,0.003
6/17/2024,0.002
6/17/2024,0.003
6/17/2024,0.002
6/17/2024,0.003
6/17/2024,0.003
6/17/2024,0.003
6/17/2024,0.003
6/17/2024,0.003
6/17/2024,0.003
6/17/2024,0.002
6/17/2024,0.002
6/17/2024,0.003
6/17/2024,0.003
6/17/2024,0.003
6/17/2024,0.002
6/17/2024,0.003
6/17/2024,0.002
6/17/2024,0.002
6/17/2024,0.002
6/17/2024,0.003
6/17/2024,0.003
6/17/2024,0.003
6/17/2024,0.002
6/17/2024,0.002
6/17/2024,0.002
6/17/2024,0.003
6/17/2024,0.002
6/17/2024,0.002
6/17/2024,0.002
6/17/2024,0.002
6/17/2024,0.002
6/17/2024,0.002
6/17/2024,0.002
6/17/2024,0.002
6/17/2024,0.002
6/17/2024,0.002
6/17/2024,0.002
6/17/2024,0.003
6/17/2024,0.002
6/17/2024,0.002
6/17/2024,0.003
6/18/2024,0.002
6/18/2024,0.002
6/18/2024,0.002
6/18/2024,0.003
6/18/2024,0.002
6/18/2024,0.002
6/18/2024,0.003
6/18/2024,0.002
6/18/2024,0.002
6/18/2024,0.002
6/18/2024,0.002
6/18/2024,0.003
6/18/2024,0.002
6/18/2024,0.002
6/18/2024,0.002
6/18/2024,0.002
6/18/2024,0.002
6/18/2024,0.002
6/18/2024,0.002
6/18/2024,0.002
6/18/2024,0.002
6/18/2024,0.002
6/18/2024,0.002
6/18/2024,0.002
6/18/2024,0.002
6/18/2024,0.002
6/18/2024,0.002
6/18/2024,0.002
6/18/2024,0.002
6/18/2024,0.002
6/18/2024,0.002
6/18/2024,0.002
6/18/2024,0.002
6/18/2024,0.002
6/18/2024,0.002
6/18/2024,0.002
6/18/2024,0.002
6/18/2024,0.002
6/18/2024,0.002
6/18/2024,0.002
6/18/2024,0.002
6/18/2024,0.002
6/18/2024,0.002
6/18/2024,0.002
6/18/2024,0.002
6/18/2024,0.002
6/18/2024,0.002
6/18/2024,0.002
6/18/2024,0.002
6/18/2024,0.002
6/18/2024,0.002
6/18/2024,0.002
6/18/2024,0.002
6/18/2024,0.002
6/18/2024,0.002
6/18/2024,0.002
6/18/2024,0.002
6/18/2024,0.002
6/18/2024,0.002
6/18/2024,0.002
6/18/2024,0.002
6/18/2024,0.002
6/18/2024,0.002
6/18/2024,0.002
6/18/2024,0.002
6/18/2024,0.002
6/18/2024,0.002
6/18/2024,0.002
6/18/2024,0.002
6/18/2024,0.003
6/18/2024,0.002
6/18/2024,0.002
6/18/2024,0.002
6/18/2024,0.002
6/18/2024,0.002
6/18/2024,0.002
6/18/2024,0.002
6/18/2024,0.002
6/18/2024,0.002
6/18/2024,0.002
6/18/2024,0.003
6/18/2024,0.002
6/18/2024,0.002
6/18/2024,0.002
6/18/2024,0.002
6/18/2024,0.002
6/18/2024,0.002
6/18/2024,0.002
6/18/2024,0.002
6/18/2024,0.002
6/18/2024,0.002
6/18/2024,0.002
6/18/2024,0.002
6/18/2024,0.002
6/18/2024,0.002
6/18/2024,0.002
6/19/2024,0.002
6/19/2024,0.002
6/19/2024,0.002
6/19/2024,0.002
6/19/2024,0.002
6/19/2024,0.002
6/19/2024,0.002
6/19/2024,0.002
6/19/2024,0.002
6/19/2024,0.002
6/19/2024,0.002
6/19/2024,0.002
6/19/2024,0.002
6/19/2024,0.002
6/19/2024,0.002
6/19/2024,0.002
6/19/2024,0.002
6/19/2024,0.002
6/19/2024,0.002
6/19/2024,0.002
6/19/2024,0.002
6/19/2024,0.002
6/19/2024,0.002
6/19/2024,0.002
6/19/2024,0.002
6/19/2024,0.002
6/19/2024,0.002
6/19/2024,0.002
6/19/2024,0.002
6/19/2024,0.002
6/19/2024,0.002
6/19/2024,0.002
6/19/2024,0.002
6/19/2024,0.002
6/19/2024,0.002
6/19/2024,0.002
6/19/2024,0.002
6/19/2024,0.002
6/19/2024,0.002
6/19/2024,0.002
6/19/2024,0.002
6/19/2024,0.002
6/19/2024,0.002
6/19/2024,0.002
6/19/2024,0.002
6/19/2024,0.002
6/19/2024,0.002
6/19/2024,0.002
6/19/2024,0.002
6/19/2024,0.002
6/19/2024,0.002
6/19/2024,0.002
6/19/2024,0.002
6/19/2024,0.002
6/19/2024,0.002
6/19/2024,0.002
6/19/2024,0.002
6/19/2024,0.002
6/19/2024,0.002
6/19/2024,0.002
6/19/2024,0.002
6/19/2024,0.002
6/19/2024,0.002
6/19/2024,0.002
6/19/2024,0.002
6/19/2024,0.002
6/19/2024,0.002
6/19/2024,0.002
6/19/2024,0.002
6/19/2024,0.002
6/19/2024,0.002
6/19/2024,0.002
6/19/2024,0.002
6/19/2024,0.002
6/19/2024,0.002
6/19/2024,0.002
6/19/2024,0.002
6/19/2024,0.002
6/19/2024,0.002
6/19/2024,0.002
6/19/2024,0.002
6/19/2024,0.002
6/19/2024,0.002
6/19/2024,0.002
6/19/2024,0.002
6/19/2024,0.002
6/19/2024,0.002
6/19/2024,0.002
6/19/2024,0.002
6/19/2024,0.002
6/19/2024,0.002
6/19/2024,0.002
6/19/2024,0.002
6/19/2024,0.002
6/19/2024,0.002
6/19/2024,0.002
6/20/2024,0.002
6/20/2024,0.002
6/20/2024,0.002
6/20/2024,0.002
6/20/2024,0.002
6/20/2024,0.002
6/20/2024,0.002
6/20/2024,0.002
6/20/2024,0.002
6/20/2024,0.002
6/20/2024,0.002
6/20/2024,0.002
6/20/2024,0.002
6/20/2024,0.002
6/20/2024,0.002
6/20/2024,0.002
6/20/2024,0.002
6/20/2024,0.002
6/20/2024,0.002
6/20/2024,0.002
6/20/2024,0.002
6/20/2024,0.002
6/20/2024,0.002
6/20/2024,0.002
6/20/2024,0.002
6/20/2024,0.002
6/20/2024,0.002
6/20/2024,0.002
6/20/2024,0.002
6/20/2024,0.002
6/20/2024,0.002
6/20/2024,0.002
6/20/2024,0.002
6/20/2024,0.002
6/20/2024,0.002
6/20/2024,0.002
6/20/2024,0.002
6/20/2024,0.002
6/20/2024,0.002
6/20/2024,0.002
6/20/2024,0.002
6/20/2024,0.002
6/20/2024,0.002
6/20/2024,0.002
6/20/2024,0.002
6/20/2024,0.002
6/20/2024,0.002
6/20/2024,0.002
6/20/2024,0.002
6/20/2024,0.002
6/20/2024,0.002
6/20/2024,0.002
6/20/2024,0.002
6/20/2024,0.002
6/20/2024,0.002
6/20/2024,0.002
6/20/2024,0.002
6/20/2024,0.002
6/20/2024,0.002
6/20/2024,0.002
6/20/2024,0.002
6/20/2024,0.002
6/20/2024,0.002
6/20/2024,0.002
6/20/2024,0.002
6/20/2024,0.002
6/20/2024,0.002
6/20/2024,0.003
6/20/2024,0.002
6/20/2024,0.002
6/20/2024,0.002
6/20/2024,0.002
6/20/2024,0.002
6/20/2024,0.002
6/20/2024,0.002
6/20/2024,0.002
6/20/2024,0.002
6/20/2024,0.003
6/20/2024,0.002
6/20/2024,0.002
6/20/2024,0.002
6/20/2024,0.002
6/20/2024,0.002
6/20/2024,0.002
6/20/2024,0.002
6/20/2024,0.002
6/20/2024,0.002
6/20/2024,0.002
6/20/2024,0.002
6/20/2024,0.002
6/20/2024,0.002
6/20/2024,0.002
6/20/2024,0.002
6/20/2024,0.002
6/20/2024,0.002
6/20/2024,0.002
6/21/2024,0.002
6/21/2024,0.002
6/21/2024,0.002
6/21/2024,0.002
6/21/2024,0.002
6/21/2024,0.002
6/21/2024,0.002
6/21/2024,0.002
6/21/2024,0.002
6/21/2024,0.002
6/21/2024,0.002
6/21/2024,0.002
6/21/2024,0.002
6/21/2024,0.002
6/21/2024,0.002
6/21/2024,0.002
6/21/2024,0.003
6/21/2024,0.002
6/21/2024,0.002
6/21/2024,0.002
6/21/2024,0.002
6/21/2024,0.002
6/21/2024,0.002
6/21/2024,0.002
6/21/2024,0.002
6/21/2024,0.002
6/21/2024,0.002
6/21/2024,0.002
6/21/2024,0.002
6/21/2024,0.002
6/21/2024,0.002
6/21/2024,0.002
6/21/2024,0.002
6/21/2024,0.002
6/21/2024,0.002
6/21/2024,0.002
6/21/2024,0.002
6/21/2024,0.002
6/21/2024,0.002
6/21/2024,0.002
6/21/2024,0.003
6/21/2024,0.002
6/21/2024,0.002
6/21/2024,0.002
6/21/2024,0.002
6/21/2024,0.002
6/21/2024,0.002
6/21/2024,0.002
6/21/2024,0.002
6/21/2024,0.002
6/21/2024,0.002
6/21/2024,0.002
6/21/2024,0.002
6/21/2024,0.002
6/21/2024,0.002
6/21/2024,0.002
6/21/2024,0.002
6/21/2024,0.002
6/21/2024,0.002
6/21/2024,0.002
6/21/2024,0.002
6/21/2024,0.002
6/21/2024,0.002
6/21/2024,0.002
6/21/2024,0.002
6/21/2024,0.002
6/21/2024,0.002
6/21/2024,0.002
6/21/2024,0.002
6/21/2024,0.002
6/21/2024,0.002
6/21/2024,0.002
6/21/2024,0.002
6/21/2024,0.002
6/21/2024,0.002
6/21/2024,0.002
6/21/2024,0.002
6/21/2024,0.002
6/21/2024,0.002
6/21/2024,0.002
6/21/2024,0.002
6/21/2024,0.002
6/21/2024,0.002
6/21/2024,0.002
6/21/2024,0.002
6/21/2024,0.002
6/21/2024,0.002
6/21/2024,0.002
6/21/2024,0.002
6/21/2024,0.002
6/21/2024,0.002
6/21/2024,0.002
6/21/2024,0.002
6/21/2024,0.002
6/21/2024,0.002
6/21/2024,0.002
6/22/2024,0.002
6/22/2024,0.002
6/22/2024,0.002
6/22/2024,0.002
6/22/2024,0.002
6/22/2024,0.002
6/22/2024,0.002
6/22/2024,0.002
6/22/2024,0.002
6/22/2024,0.002
6/22/2024,0.002
6/22/2024,0.002
6/22/2024,0.002
6/22/2024,0.002
6/22/2024,0.002
6/22/2024,0.002
6/22/2024,0.002
6/22/2024,0.002
6/22/2024,0.002
6/22/2024,0.002
6/22/2024,0.002
6/22/2024,0.002
6/22/2024,0.002
6/22/2024,0.002
6/22/2024,0.002
6/22/2024,0.002
6/22/2024,0.002
6/22/2024,0.002
6/22/2024,0.002
6/22/2024,0.002
6/22/2024,0.002
6/22/2024,0.002
6/22/2024,0.002
6/22/2024,0.002
6/22/2024,0.002
6/22/2024,0.002
6/22/2024,0.002
6/22/2024,0.002
6/22/2024,0.002
6/22/2024,0.002
6/22/2024,0.002
6/22/2024,0.002
6/22/2024,0.002
6/22/2024,0.002
6/22/2024,0.002
6/22/2024,0.002
6/22/2024,0.002
6/22/2024,0.002
6/22/2024,0.002
6/22/2024,0.002
6/22/2024,0.002
6/22/2024,0.002
6/22/2024,0.002
6/22/2024,0.002
6/22/2024,0.002
6/22/2024,0.002
6/22/2024,0.002
6/22/2024,0.002
6/22/2024,0.002
6/22/2024,0.002
6/22/2024,0.002
6/22/2024,0.002
6/22/2024,0.002
6/22/2024,0.002
6/22/2024,0.002
6/22/2024,0.002
6/22/2024,0.002
6/22/2024,0.002
6/22/2024,0.002
6/22/2024,0.002
6/22/2024,0.002
6/22/2024,0.002
6/22/2024,0.002
6/22/2024,0.002
6/22/2024,0.002
6/22/2024,0.002
6/22/2024,0.002
6/22/2024,0.002
6/22/2024,0.002
6/22/2024,0.002
6/22/2024,0.002
6/22/2024,0.002
6/22/2024,0.002
6/22/2024,0.002
6/22/2024,0.002
6/22/2024,0.002
6/22/2024,0.002
6/22/2024,0.002
6/22/2024,0.002
6/22/2024,0.002
6/22/2024,0.002
6/22/2024,0.002
6/22/2024,0.002
6/22/2024,0.002
6/22/2024,0.002
6/22/2024,0.002
6/23/2024,0.002
6/23/2024,0.002
6/23/2024,0.002
6/23/2024,0.002
6/23/2024,0.002
6/23/2024,0.002
6/23/2024,0.002
6/23/2024,0.002
6/23/2024,0.002
6/23/2024,0.002
6/23/2024,0.002
6/23/2024,0.002
6/23/2024,0.002
6/23/2024,0.002
6/23/2024,0.002
6/23/2024,0.002
6/23/2024,0.002
6/23/2024,0.002
6/23/2024,0.002
6/23/2024,0.002
6/23/2024,0.002
6/23/2024,0.002
6/23/2024,0.002
6/23/2024,0.002
6/23/2024,0.002
6/23/2024,0.002
6/23/2024,0.002
6/23/2024,0.002
6/23/2024,0.002
6/23/2024,0.002
6/23/2024,0.002
6/23/2024,0.002
6/23/2024,0.002
6/23/2024,0.002
6/23/2024,0.002
6/23/2024,0.002
6/23/2024,0.002
6/23/2024,0.002
6/23/2024,0.002
6/23/2024,0.002
6/23/2024,0.002
6/23/2024,0.002
6/23/2024,0.002
6/23/2024,0.002
6/23/2024,0.002
6/23/2024,0.002
6/23/2024,0.002
6/23/2024,0.002
6/23/2024,0.002
6/23/2024,0.002
6/23/2024,0.002
6/23/2024,0.002
6/23/2024,0.002
6/23/2024,0.002
6/23/2024,0.002
6/23/2024,0.002
6/23/2024,0.002
6/23/2024,0.002
6/23/2024,0.002
6/23/2024,0.002
6/23/2024,0.002
6/23/2024,0.002
6/23/2024,0.002
6/23/2024,0.002
6/23/2024,0.002
6/23/2024,0.002
6/23/2024,0.002
6/23/2024,0.002
6/23/2024,0.002
6/23/2024,0.002
6/23/2024,0.002
6/23/2024,0.002
6/23/2024,0.002
6/23/2024,0.002
6/23/2024,0.002
6/23/2024,0.002
6/23/2024,0.002
6/23/2024,0.002
6/23/2024,0.002
6/23/2024,0.002
6/23/2024,0.002
6/23/2024,0.002
6/23/2024,0.002
6/23/2024,0.002
6/23/2024,0.002
6/23/2024,0.002
6/23/2024,0.002
6/23/2024,0.002
6/23/2024,0.002
6/23/2024,0.002
6/23/2024,0.002
6/23/2024,0.002
6/23/2024,0.002
6/23/2024,0.002
6/23/2024,0.002
6/23/2024,0.002
6/24/2024,0.002
6/24/2024,0.002
6/24/2024,0.002
6/24/2024,0.002
6/24/2024,0.002
6/24/2024,0.002
6/24/2024,0.002
6/24/2024,0.002
6/24/2024,0.002
6/24/2024,0.002
6/24/2024,0.002
6/24/2024,0.002
6/24/2024,0.002
6/24/2024,0.002
6/24/2024,0.002
6/24/2024,0.002
6/24/2024,0.002
6/24/2024,0.002
6/24/2024,0.002
6/24/2024,0.002
6/24/2024,0.002
6/24/2024,0.002
6/24/2024,0.002
6/24/2024,0.002
6/24/2024,0.002
6/24/2024,0.002
6/24/2024,0.002
6/24/2024,0.002
6/24/2024,0.002
6/24/2024,0.002
6/24/2024,0.002
6/24/2024,0.002
6/24/2024,0.002
6/24/2024,0.002
6/24/2024,0.002
6/24/2024,0.002
6/24/2024,0.002
6/24/2024,0.002
6/24/2024,0.002
6/24/2024,0.002
6/24/2024,0.002
6/24/2024,0.002
6/24/2024,0.002
6/24/2024,0.002
6/24/2024,0.002
6/24/2024,0.002
6/24/2024,0.002
6/24/2024,0.002
6/24/2024,0.002
6/24/2024,0.002
6/24/2024,0.002
6/24/2024,0.002
6/24/2024,0.002
6/24/2024,0.002
6/24/2024,0.002
6/24/2024,0.002
6/24/2024,0.002
6/24/2024,0.002
6/24/2024,0.002
6/24/2024,0.002
6/24/2024,0.002
6/24/2024,0.002
6/24/2024,0.002
6/24/2024,0.002
6/24/2024,0.002
6/24/2024,0.002
6/24/2024,0.002
6/24/2024,0.002
6/24/2024,0.002
6/24/2024,0.002
6/24/2024,0.002
6/24/2024,0.002
6/24/2024,0.002
6/24/2024,0.002
6/24/2024,0.002
6/24/2024,0.002
6/24/2024,0.002
6/24/2024,0.002
6/24/2024,0.002
6/24/2024,0.002
6/24/2024,0.002
6/24/2024,0.002
6/24/2024,0.002
6/24/2024,0.002
6/24/2024,0.002
6/24/2024,0.002
6/24/2024,0.002
6/24/2024,0.002
6/24/2024,0.002
6/24/2024,0.002
6/24/2024,0.002
6/24/2024,0.002
6/24/2024,0.002
6/24/2024,0.002
6/24/2024,0.002
6/24/2024,0.002
6/25/2024,0.002
6/25/2024,0.002
6/25/2024,0.002
6/25/2024,0.002
6/25/2024,0.002
6/25/2024,0.002
6/25/2024,0.002
6/25/2024,0.002
6/25/2024,0.002
6/25/2024,0.002
6/25/2024,0.002
6/25/2024,0.002
6/25/2024,0.002
6/25/2024,0.002
6/25/2024,0.002
6/25/2024,0.002
6/25/2024,0.002
6/25/2024,0.002
6/25/2024,0.002
6/25/2024,0.002
6/25/2024,0.002
6/25/2024,0.002
6/25/2024,0.002
6/25/2024,0.002
6/25/2024,0.002
6/25/2024,0.002
6/25/2024,0.002
6/25/2024,0.002
6/25/2024,0.002
6/25/2024,0.002
6/25/2024,0.002
6/25/2024,0.002
6/25/2024,0.002
6/25/2024,0.002
6/25/2024,0.002
6/25/2024,0.002
6/25/2024,0.002
6/25/2024,0.002
6/25/2024,0.002
6/25/2024,0.002
6/25/2024,0.002
6/25/2024,0.002
6/25/2024,0.002
6/25/2024,0.002
6/25/2024,0.002
6/25/2024,0.002
6/25/2024,0.002
6/25/2024,0.001
6/25/2024,0.002
6/25/2024,0.001
6/25/2024,0.001
6/25/2024,0.001
6/25/2024,0.001
6/25/2024,0.001
6/25/2024,0.001
6/25/2024,0.001
6/25/2024,0.001
6/25/2024,0.001
6/25/2024,0.001
6/25/2024,0.001
6/25/2024,0.001
6/25/2024,0.001
6/25/2024,0.001
6/25/2024,0.001
6/25/2024,0.001
6/25/2024,0.001
6/25/2024,0.001
6/25/2024,0.001
6/25/2024,0.001
6/25/2024,0.001
6/25/2024,0.001
6/25/2024,0.001
6/25/2024,0.001
6/25/2024,0.001
6/25/2024,0.001
6/25/2024,0.001
6/25/2024,0.001
6/25/2024,0.001
6/25/2024,0.001
6/25/2024,0.001
6/25/2024,0.001
6/25/2024,0.001
6/25/2024,0.001
6/25/2024,0.001
6/25/2024,0.001
6/25/2024,0.001
6/25/2024,0.001
6/25/2024,0.001
6/25/2024,0.001
6/25/2024,0.001
6/25/2024,0.001
6/25/2024,0.001
6/25/2024,0.001
6/25/2024,0.001
6/25/2024,0.001
6/25/2024,0.001
6/26/2024,0.001
6/26/2024,0.001
6/26/2024,0.001
6/26/2024,0.001
6/26/2024,0.001
6/26/2024,0.001
6/26/2024,0.001
6/26/2024,0.001
6/26/2024,0.001
6/26/2024,0.001
6/26/2024,0.001
6/26/2024,0.001
6/26/2024,0.001
6/26/2024,0.001
6/26/2024,0.001
6/26/2024,0.001
6/26/2024,0.001
6/26/2024,0.001
6/26/2024,0.001
6/26/2024,0.001
6/26/2024,0.001
6/26/2024,0.001
6/26/2024,0.001
6/26/2024,0.001
6/26/2024,0.001
6/26/2024,0.001
6/26/2024,0.001
6/26/2024,0.001
6/26/2024,0.001
6/26/2024,0.001
6/26/2024,0.001
6/26/2024,0.001
6/26/2024,0.001
6/26/2024,0.002
6/26/2024,0.001
6/26/2024,0.002
6/26/2024,0.002
6/26/2024,0.002
6/26/2024,0.002
6/26/2024,0.002
6/26/2024,0.001
6/26/2024,0.001
6/26/2024,0.001
6/26/2024,0.001
6/26/2024,0.001
6/26/2024,0.001
6/26/2024,0.001
6/26/2024,0.001
6/26/2024,0.001
6/26/2024,0.001
6/26/2024,0.001
6/26/2024,0.001
6/26/2024,0.001
6/26/2024,0.001
6/26/2024,0.001
6/26/2024,0.001
6/26/2024,0.001
6/26/2024,0.001
6/26/2024,0.001
6/26/2024,0.001
6/26/2024,0.001
6/26/2024,0.001
6/26/2024,0.001
6/26/2024,0.001
6/26/2024,0.001
6/26/2024,0.001
6/26/2024,0.001
6/26/2024,0.001
6/26/2024,0.001
6/26/2024,0.001
6/26/2024,0.001
6/26/2024,0.001
6/26/2024,0.001
6/26/2024,0.001
6/26/2024,0.001
6/26/2024,0.001
6/26/2024,0.001
6/26/2024,0.001
6/26/2024,0.001
6/26/2024,0.001
6/26/2024,0.001
6/26/2024,0.001
6/26/2024,0.001
6/26/2024,0.001
6/26/2024,0.001
6/26/2024,0.001
6/26/2024,0.001
6/26/2024,0.001
6/26/2024,0.001
6/26/2024,0.001
6/26/2024,0.001
6/26/2024,0.001
6/26/2024,0.001
6/26/2024,0.001
6/26/2024,0.001
6/26/2024,0.001
6/27/2024,0.001
6/27/2024,0.001
6/27/2024,0.001
6/27/2024,0.001
6/27/2024,0.001
6/27/2024,0.001
6/27/2024,0.001
6/27/2024,0.001
6/27/2024,0.001
6/27/2024,0.001
6/27/2024,0.001
6/27/2024,0.001
6/27/2024,0.001
6/27/2024,0.001
6/27/2024,0.001
6/27/2024,0.001
6/27/2024,0.001
6/27/2024,0.001
6/27/2024,0.001
6/27/2024,0.001
6/27/2024,0.001
6/27/2024,0.001
6/27/2024,0.001
6/27/2024,0.001
6/27/2024,0.001
6/27/2024,0.001
6/27/2024,0.001
6/27/2024,0.001
6/27/2024,0.001
6/27/2024,0.001
6/27/2024,0.001
6/27/2024,0.001
6/27/2024,0.001
6/27/2024,0.001
6/27/2024,0.001
6/27/2024,0.001
6/27/2024,0.001
6/27/2024,0.001
6/27/2024,0.001
6/27/2024,0.001
6/27/2024,0.001
6/27/2024,0.001
6/27/2024,0.001
6/27/2024,0.001
6/27/2024,0.001
6/27/2024,0.001
6/27/2024,0.001
6/27/2024,0.001
6/27/2024,0.001
6/27/2024,0.001
6/27/2024,0.001
6/27/2024,0.001
6/27/2024,0.001
6/27/2024,0.001
6/27/2024,0.001
6/27/2024,0.001
6/27/2024,0.001
6/27/2024,0.001
6/27/2024,0.001
6/27/2024,0.001
6/27/2024,0.001
6/27/2024,0.001
6/27/2024,0.001
6/27/2024,0.001
6/27/2024,0.001
6/27/2024,0.001
6/27/2024,0.001
6/27/2024,0.001
6/27/2024,0.001
6/27/2024,0.001
6/27/2024,0.001
6/27/2024,0.001
6/27/2024,0.001
6/27/2024,0.001
6/27/2024,0.001
6/27/2024,0.001
6/27/2024,0.001
6/27/2024,0.001
6/27/2024,0.001
6/27/2024,0.001
6/27/2024,0.001
6/27/2024,0.001
6/27/2024,0.001
6/27/2024,0.001
6/27/2024,0.001
6/27/2024,0.001
6/27/2024,0.001
6/27/2024,0.001
6/27/2024,0.001
6/27/2024,0.001
6/27/2024,0.001
6/27/2024,0
6/27/2024,0.001
6/27/2024,0.001
6/27/2024,0.001
6/27/2024,0.001
6/28/2024,0.001
6/28/2024,0.001
6/28/2024,0.001
6/28/2024,0.001
6/28/2024,0.001
6/28/2024,0.001
6/28/2024,0.001
6/28/2024,0.001
6/28/2024,0.001
6/28/2024,0.001
6/28/2024,0.001
6/28/2024,0.001
6/28/2024,0.001
6/28/2024,0
6/28/2024,0.001
6/28/2024,0.001
6/28/2024,0.001
6/28/2024,0.001
6/28/2024,0.001
6/28/2024,0
6/28/2024,0
6/28/2024,0.001
6/28/2024,0.001
6/28/2024,0
6/28/2024,0
6/28/2024,0
6/28/2024,0
6/28/2024,0
6/28/2024,0
6/28/2024,0
6/28/2024,0
6/28/2024,0.001
6/28/2024,0
6/28/2024,0
6/28/2024,0.001
6/28/2024,0
6/28/2024,0
6/28/2024,0
6/28/2024,0
6/28/2024,0
6/28/2024,0
6/28/2024,0
6/28/2024,0
6/28/2024,0
6/28/2024,0
6/28/2024,0
6/28/2024,0
6/28/2024,0
6/28/2024,0
6/28/2024,0
6/28/2024,0
6/28/2024,0
6/28/2024,0
6/28/2024,0
6/28/2024,0
6/28/2024,0
6/28/2024,0
6/28/2024,0
6/28/2024,0
6/28/2024,0
6/28/2024,0
6/28/2024,0
6/28/2024,0
6/28/2024,0
6/28/2024,0
6/28/2024,0
6/28/2024,0
6/28/2024,0
6/28/2024,0
6/28/2024,0
6/28/2024,0
6/28/2024,0
6/28/2024,0
6/28/2024,0
6/28/2024,0
6/28/2024,0
6/28/2024,0
6/28/2024,0
6/28/2024,0
6/28/2024,0
6/28/2024,0
6/28/2024,0
6/28/2024,0
6/28/2024,0
6/28/2024,0
6/28/2024,0
6/28/2024,0
6/28/2024,0
6/28/2024,0
6/28/2024,0
6/28/2024,0
6/28/2024,0
6/28/2024,0
6/28/2024,0
6/28/2024,0
6/28/2024,0
6/29/2024,0
6/29/2024,0
6/29/2024,0
6/29/2024,0
6/29/2024,0
6/29/2024,0
6/29/2024,0
6/29/2024,0
6/29/2024,0
6/29/2024,0
6/29/2024,0
6/29/2024,0
6/29/2024,0
6/29/2024,0
6/29/2024,0
6/29/2024,0
6/29/2024,0
6/29/2024,0
6/29/2024,0
6/29/2024,0
6/29/2024,0
6/29/2024,0
6/29/2024,0
6/29/2024,0
6/29/2024,0
6/29/2024,0
6/29/2024,0
6/29/2024,0
6/29/2024,0
6/29/2024,0
6/29/2024,0
6/29/2024,0
6/29/2024,0
6/29/2024,0
6/29/2024,0
6/29/2024,0
6/29/2024,0
6/29/2024,0
6/29/2024,0
6/29/2024,0
6/29/2024,0
6/29/2024,0
6/29/2024,0
6/29/2024,0
6/29/2024,0
6/29/2024,0
6/29/2024,0
6/29/2024,0
6/29/2024,0
6/29/2024,0
6/29/2024,0
6/29/2024,0
6/29/2024,0
6/29/2024,0
6/29/2024,0
6/29/2024,0
6/29/2024,0
6/29/2024,0
6/29/2024,0
6/29/2024,0
6/29/2024,0
6/29/2024,0
6/29/2024,0
6/29/2024,0
6/29/2024,0
6/29/2024,0
6/29/2024,0
6/29/2024,0
6/29/2024,0
6/29/2024,0
6/29/2024,0
6/29/2024,0
6/29/2024,0
6/29/2024,0
6/29/2024,0
6/29/2024,0
6/29/2024,0
6/29/2024,0
6/29/2024,0
6/29/2024,0
6/29/2024,0
6/29/2024,0
6/29/2024,0
6/29/2024,0
6/29/2024,0
6/29/2024,0
6/29/2024,0
6/29/2024,0
6/29/2024,0
6/29/2024,0
6/29/2024,0
6/29/2024,0
6/29/2024,0
6/29/2024,0
6/29/2024,0
6/29/2024,0
6/30/2024,0
6/30/2024,0
6/30/2024,0
6/30/2024,0
6/30/2024,0
6/30/2024,0
6/30/2024,0
6/30/2024,0
6/30/2024,0
6/30/2024,0
6/30/2024,0
6/30/2024,0
6/30/2024,0
6/30/2024,0
6/30/2024,0
6/30/2024,0
6/30/2024,0
6/30/2024,0
6/30/2024,0
6/30/2024,0
6/30/2024,0
6/30/2024,0
6/30/2024,0
6/30/2024,0
6/30/2024,0
6/30/2024,0
6/30/2024,0
6/30/2024,0
6/30/2024,0
6/30/2024,0
6/30/2024,0
6/30/2024,0
6/30/2024,0
6/30/2024,0
6/30/2024,0
6/30/2024,0
6/30/2024,0
6/30/2024,0
6/30/2024,0
6/30/2024,0
6/30/2024,0
6/30/2024,0
6/30/2024,0
6/30/2024,0
6/30/2024,0
6/30/2024,0
6/30/2024,0
6/30/2024,0
6/30/2024,0
6/30/2024,0
6/30/2024,0
6/30/2024,0
6/30/2024,0
6/30/2024,0
6/30/2024,0
6/30/2024,0
6/30/2024,0
6/30/2024,0
6/30/2024,0
6/30/2024,0
6/30/2024,0
6/30/2024,0
6/30/2024,0
6/30/2024,0
6/30/2024,0
6/30/2024,0
6/30/2024,0
6/30/2024,0
6/30/2024,0
6/30/2024,0
6/30/2024,0
6/30/2024,0
6/30/2024,0
6/30/2024,0
6/30/2024,0
6/30/2024,0
6/30/2024,0
6/30/2024,0
6/30/2024,0
6/30/2024,0
6/30/2024,0
6/30/2024,0
6/30/2024,0
6/30/2024,0
6/30/2024,0
6/30/2024,0
6/30/2024,0
6/30/2024,0
6/30/2024,0
6/30/2024,0
6/30/2024,0
6/30/2024,0
6/30/2024,0
6/30/2024,0
6/30/2024,0
6/30/2024,0
7/1/2024,0
7/1/2024,0
7/1/2024,0
7/1/2024,0
7/1/2024,0
7/1/2024,0
7/1/2024,0
7/1/2024,0
7/1/2024,0
7/1/2024,0
7/1/2024,0
7/1/2024,0
7/1/2024,0
7/1/2024,0
7/1/2024,0
7/1/2024,0
7/1/2024,0
7/1/2024,0
7/1/2024,0
7/1/2024,0
7/1/2024,0
7/1/2024,0
7/1/2024,0
7/1/2024,0
7/1/2024,0
7/1/2024,0
7/1/2024,0
7/1/2024,0
7/1/2024,0
7/1/2024,0
7/1/2024,0
7/1/2024,0
7/1/2024,0
7/1/2024,0
7/1/2024,0
7/1/2024,0
7/1/2024,0
7/1/2024,0
7/1/2024,0
7/1/2024,0
7/1/2024,0
7/1/2024,0
7/1/2024,0
7/1/2024,0
7/1/2024,0
7/1/2024,0
7/1/2024,0
7/1/2024,0
7/1/2024,0
7/1/2024,0
7/1/2024,0
7/1/2024,0
7/1/2024,0
7/1/2024,0
7/1/2024,0
7/1/2024,0
7/1/2024,0
7/1/2024,0
7/1/2024,0
7/1/2024,0
7/1/2024,0
7/1/2024,0
7/1/2024,0
7/1/2024,0
7/1/2024,0
7/1/2024,0
7/1/2024,0
7/1/2024,0
7/1/2024,0
7/1/2024,0
7/1/2024,0
7/1/2024,0
7/1/2024,0
7/1/2024,0
7/1/2024,0
7/1/2024,0
7/1/2024,0
7/1/2024,0
7/1/2024,0
7/1/2024,0
7/1/2024,0
7/1/2024,0
7/1/2024,0
7/1/2024,0
7/1/2024,0
7/1/2024,0
7/1/2024,0
7/1/2024,0
7/1/2024,0
7/1/2024,0
7/1/2024,0
7/1/2024,0
7/1/2024,0
7/1/2024,0
7/1/2024,0
7/1/2024,0
7/2/2024,0
7/2/2024,0
7/2/2024,0
7/2/2024,0
7/2/2024,0
7/2/2024,0
7/2/2024,0
7/2/2024,0
7/2/2024,0
7/2/2024,0
7/2/2024,0
7/2/2024,0
7/2/2024,0
7/2/2024,0
7/2/2024,0
7/2/2024,0
7/2/2024,0
7/2/2024,0
7/2/2024,0
7/2/2024,0
7/2/2024,0
7/2/2024,0
7/2/2024,0
7/2/2024,0
7/2/2024,0
7/2/2024,0
7/2/2024,0
7/2/2024,0
7/2/2024,0
7/2/2024,0
7/2/2024,0
7/2/2024,0
7/2/2024,0
7/2/2024,0
7/2/2024,0
7/2/2024,0
7/2/2024,0
7/2/2024,0
7/2/2024,0
7/2/2024,0
7/2/2024,0
7/2/2024,0
7/2/2024,0
7/2/2024,0
7/2/2024,0
7/2/2024,0
7/2/2024,0
7/2/2024,0
7/2/2024,0
7/2/2024,0
7/2/2024,0
7/2/2024,0
7/2/2024,0
7/2/2024,0
7/2/2024,0
7/2/2024,0
7/2/2024,0
7/2/2024,0
7/2/2024,0
7/2/2024,0
7/2/2024,0
7/2/2024,0
7/2/2024,0
7/2/2024,0
7/2/2024,0
7/2/2024,0
7/2/2024,0
7/2/2024,0
7/2/2024,0
7/2/2024,0
7/2/2024,0
7/2/2024,0
7/2/2024,0
7/2/2024,0
7/2/2024,0
7/2/2024,0
7/2/2024,0
7/2/2024,0
7/2/2024,0
7/2/2024,0
7/2/2024,0
7/2/2024,0
7/2/2024,0
7/2/2024,0
7/2/2024,0
7/2/2024,0
7/2/2024,0
7/2/2024,0
7/2/2024,0
7/2/2024,0
7/2/2024,0
7/2/2024,0
7/2/2024,0
7/2/2024,0
7/2/2024,0
7/2/2024,0
7/3/2024,0
7/3/2024,0
7/3/2024,0
7/3/2024,0
7/3/2024,0
7/3/2024,0
7/3/2024,0
7/3/2024,0
7/3/2024,0
7/3/2024,0
7/3/2024,0
7/3/2024,0
7/3/2024,0
7/3/2024,0
7/3/2024,0
7/3/2024,0
7/3/2024,0
7/3/2024,0
7/3/2024,0
7/3/2024,0
7/3/2024,0
7/3/2024,0
7/3/2024,0
7/3/2024,0
7/3/2024,0
7/3/2024,0
7/3/2024,0
7/3/2024,0
7/3/2024,0
7/3/2024,0
7/3/2024,0
7/3/2024,0
7/3/2024,0
7/3/2024,0
7/3/2024,0
7/3/2024,0
7/3/2024,0
7/3/2024,0
7/3/2024,0
7/3/2024,0
7/3/2024,0
7/3/2024,0
7/3/2024,0
7/3/2024,0
7/3/2024,0
7/3/2024,0
7/3/2024,0
7/3/2024,0
7/3/2024,0
7/3/2024,0
7/3/2024,0
7/3/2024,0
7/3/2024,0
7/3/2024,0
7/3/2024,0
7/3/2024,0
7/3/2024,0
7/3/2024,0
7/3/2024,0
7/3/2024,0
7/3/2024,0
7/3/2024,0
7/3/2024,0
7/3/2024,0
7/3/2024,0
7/3/2024,0
7/3/2024,0
7/3/2024,0
7/3/2024,0
7/3/2024,0
7/3/2024,0
7/3/2024,0
7/3/2024,0
7/3/2024,0
7/3/2024,0
7/3/2024,0
7/3/2024,0
7/3/2024,0
7/3/2024,0
7/3/2024,0
7/3/2024,0
7/3/2024,0
7/3/2024,0
7/3/2024,0
7/3/2024,0
7/3/2024,0
7/3/2024,0
7/3/2024,0
7/3/2024,0
7/3/2024,0
7/3/2024,0
7/3/2024,0
7/3/2024,0
7/3/2024,0
7/3/2024,0
7/3/2024,0
7/4/2024,0
7/4/2024,0
7/4/2024,0
7/4/2024,0
7/4/2024,0
7/4/2024,0
7/4/2024,0
7/4/2024,0
7/4/2024,0
7/4/2024,0
7/4/2024,0
7/4/2024,0
7/4/2024,0
7/4/2024,0
7/4/2024,0
7/4/2024,0
7/4/2024,0
7/4/2024,0
7/4/2024,0
7/4/2024,0
7/4/2024,0
7/4/2024,0
7/4/2024,0
7/4/2024,0
7/4/2024,0
7/4/2024,0
7/4/2024,0
7/4/2024,0
7/4/2024,0
7/4/2024,0
7/4/2024,0
7/4/2024,0
7/4/2024,0
7/4/2024,0
7/4/2024,0
7/4/2024,0
7/4/2024,0
7/4/2024,0
7/4/2024,0
7/4/2024,0
7/4/2024,0
7/4/2024,0
7/4/2024,0
7/4/2024,0
7/4/2024,0
7/4/2024,0
7/4/2024,0
7/4/2024,0
7/4/2024,0
7/4/2024,0
7/4/2024,0
7/4/2024,0
7/4/2024,0
7/4/2024,0
7/4/2024,0
7/4/2024,0
7/4/2024,0
7/4/2024,0
7/4/2024,0
7/4/2024,0
7/4/2024,0
7/4/2024,0
7/4/2024,0
7/4/2024,0
7/4/2024,0
7/4/2024,0
7/4/2024,0
7/4/2024,0
7/4/2024,0
7/4/2024,0
7/4/2024,0
7/4/2024,0
7/4/2024,0
7/4/2024,0
7/4/2024,0
7/4/2024,0
7/4/2024,0
7/4/2024,0
7/4/2024,0
7/4/2024,0
7/4/2024,0
7/4/2024,0
7/4/2024,0
7/4/2024,0
7/4/2024,0
7/4/2024,0
7/4/2024,0
7/4/2024,0
7/4/2024,0
7/4/2024,0
7/4/2024,0
7/4/2024,0
7/4/2024,0
7/4/2024,0
7/4/2024,0
7/4/2024,0
7/5/2024,0
7/5/2024,0
7/5/2024,0
7/5/2024,0
7/5/2024,0
7/5/2024,0
7/5/2024,0
7/5/2024,0
7/5/2024,0
7/5/2024,0
7/5/2024,0
7/5/2024,0
7/5/2024,0
7/5/2024,0
7/5/2024,0
7/5/2024,0
7/5/2024,0
7/5/2024,0
7/5/2024,0
7/5/2024,0
7/5/2024,0
7/5/2024,0
7/5/2024,0
7/5/2024,0
7/5/2024,0
7/5/2024,0
7/5/2024,0
7/5/2024,0
7/5/2024,0
7/5/2024,0
7/5/2024,0
7/5/2024,0
7/5/2024,0
7/5/2024,0
7/5/2024,0
7/5/2024,0
7/5/2024,0
7/5/2024,0
7/5/2024,0
7/5/2024,0
7/5/2024,0
7/5/2024,0
7/5/2024,0
7/5/2024,0
7/5/2024,0
7/5/2024,0
7/5/2024,0
7/5/2024,0
7/5/2024,0
7/5/2024,0
7/5/2024,0
7/5/2024,0
7/5/2024,0
7/5/2024,0
7/5/2024,0
7/5/2024,0
7/5/2024,0
7/5/2024,0
7/5/2024,0
7/5/2024,0
7/5/2024,0
7/5/2024,0
7/5/2024,0
7/5/2024,0
7/5/2024,0
7/5/2024,0
7/5/2024,0
7/5/2024,0
7/5/2024,0
7/5/2024,0
7/5/2024,0
7/5/2024,0
7/5/2024,0
7/5/2024,0
7/5/2024,0
7/5/2024,0
7/5/2024,0
7/5/2024,0
7/5/2024,0
7/5/2024,0
7/5/2024,0
7/5/2024,0
7/5/2024,0
7/5/2024,0
7/5/2024,0
7/5/2024,0
7/5/2024,0
7/5/2024,0
7/5/2024,0
7/5/2024,0
7/5/2024,0
7/5/2024,0
7/5/2024,0
7/5/2024,0
7/5/2024,0
7/5/2024,0
7/6/2024,0
7/6/2024,0
7/6/2024,0
7/6/2024,0
7/6/2024,0
7/6/2024,0
7/6/2024,0
7/6/2024,0
7/6/2024,0
7/6/2024,0
7/6/2024,0
7/6/2024,0
7/6/2024,0
7/6/2024,0
7/6/2024,0
7/6/2024,0
7/6/2024,0
7/6/2024,0
7/6/2024,0
7/6/2024,0
7/6/2024,0
7/6/2024,0
7/6/2024,0
7/6/2024,0
7/6/2024,0
7/6/2024,0
7/6/2024,0
7/6/2024,0
7/6/2024,0
7/6/2024,0
7/6/2024,0
7/6/2024,0
7/6/2024,0
7/6/2024,0
7/6/2024,0
7/6/2024,0
7/6/2024,0
7/6/2024,0
7/6/2024,0
7/6/2024,0
7/6/2024,0
7/6/2024,0
7/6/2024,0
7/6/2024,0
7/6/2024,0
7/6/2024,0
7/6/2024,0
7/6/2024,0
7/6/2024,0
7/6/2024,0
7/6/2024,0
7/6/2024,0
7/6/2024,0
7/6/2024,0
7/6/2024,0
7/6/2024,0
7/6/2024,0
7/6/2024,0
7/6/2024,0
7/6/2024,0
7/6/2024,0
7/6/2024,0
7/6/2024,0
7/6/2024,0
7/6/2024,0
7/6/2024,0
7/6/2024,0
7/6/2024,0
7/6/2024,0
7/6/2024,0
7/6/2024,0
7/6/2024,0
7/6/2024,0
7/6/2024,0
7/6/2024,0
7/6/2024,0
7/6/2024,0
7/6/2024,0
7/6/2024,0
7/6/2024,0
7/6/2024,0
7/6/2024,0
7/6/2024,0
7/6/2024,0
7/6/2024,0
7/6/2024,0
7/6/2024,0
7/6/2024,0
7/6/2024,0
7/6/2024,0
7/6/2024,0
7/6/2024,0
7/6/2024,0
7/6/2024,0
7/6/2024,0
7/6/2024,0
7/7/2024,0
7/7/2024,0
7/7/2024,0
7/7/2024,0
7/7/2024,0
7/7/2024,0
7/7/2024,0
7/7/2024,0
7/7/2024,0
7/7/2024,0
7/7/2024,0
7/7/2024,0
7/7/2024,0
7/7/2024,0
7/7/2024,0
7/7/2024,0
7/7/2024,0
7/7/2024,0
7/7/2024,0
7/7/2024,0
7/7/2024,0
7/7/2024,0
7/7/2024,0
7/7/2024,0
7/7/2024,0
7/7/2024,0
7/7/2024,0
7/7/2024,0
7/7/2024,0
7/7/2024,0
7/7/2024,0
7/7/2024,0
7/7/2024,0
7/7/2024,0
7/7/2024,0
7/7/2024,0
7/7/2024,0
7/7/2024,0
7/7/2024,0
7/7/2024,0
7/7/2024,0
7/7/2024,0
7/7/2024,0
7/7/2024,0
7/7/2024,0
7/7/2024,0
7/7/2024,0
7/7/2024,0
7/7/2024,0
7/7/2024,0
7/7/2024,0
7/7/2024,0
7/7/2024,0
7/7/2024,0
7/7/2024,0
7/7/2024,0
7/7/2024,0
7/7/2024,0
7/7/2024,0
7/7/2024,0
7/7/2024,0
7/7/2024,0
7/7/2024,0
7/7/2024,0
7/7/2024,0
7/7/2024,0
7/7/2024,0
7/7/2024,0
7/7/2024,0
7/7/2024,0
7/7/2024,0
7/7/2024,0
7/7/2024,0
7/7/2024,0
7/7/2024,0
7/7/2024,0
7/7/2024,0
7/7/2024,0
7/7/2024,0
7/7/2024,0
7/7/2024,0
7/7/2024,0
7/7/2024,0
7/7/2024,0
7/7/2024,0
7/7/2024,0
7/7/2024,0
7/7/2024,0
7/7/2024,0
7/7/2024,0
7/7/2024,0
7/7/2024,0
7/7/2024,0
7/7/2024,0
7/7/2024,0
7/7/2024,0
7/8/2024,0
7/8/2024,0
7/8/2024,0
7/8/2024,0
7/8/2024,0
7/8/2024,0
7/8/2024,0
7/8/2024,0
7/8/2024,0
7/8/2024,0
7/8/2024,0
7/8/2024,0
7/8/2024,0
7/8/2024,0
7/8/2024,0
7/8/2024,0
7/8/2024,0
7/8/2024,0
7/8/2024,0
7/8/2024,0
7/8/2024,0
7/8/2024,0
7/8/2024,0
7/8/2024,0
7/8/2024,0
7/8/2024,0
7/8/2024,0
7/8/2024,0
7/8/2024,0
7/8/2024,0
7/8/2024,0
7/8/2024,0
7/8/2024,0
7/8/2024,0
7/8/2024,0
7/8/2024,0
7/8/2024,0
7/8/2024,0
7/8/2024,0
7/8/2024,0
7/8/2024,0
7/8/2024,0
7/8/2024,0
7/8/2024,0
7/8/2024,0
7/8/2024,0
7/8/2024,0
7/8/2024,0
7/8/2024,0
7/8/2024,0
7/8/2024,0
7/8/2024,0
7/8/2024,0
7/8/2024,0
7/8/2024,0
7/8/2024,0
7/8/2024,0
7/8/2024,0
7/8/2024,0
7/8/2024,0
7/8/2024,0
7/8/2024,0
7/8/2024,0
7/8/2024,0
7/8/2024,0
7/8/2024,0
7/8/2024,0
7/8/2024,0
7/8/2024,0
7/8/2024,0
7/8/2024,0
7/8/2024,0
7/8/2024,0
7/8/2024,0
7/8/2024,0
7/8/2024,0
7/8/2024,0
7/8/2024,0
7/8/2024,0
7/8/2024,0
7/8/2024,0
7/8/2024,0
7/8/2024,0
7/8/2024,0
7/8/2024,0
7/8/2024,0
7/8/2024,0
7/8/2024,0
7/8/2024,0
7/8/2024,0
7/8/2024,0
7/8/2024,0
7/8/2024,0
7/8/2024,0
7/8/2024,0
7/8/2024,0
7/9/2024,0
7/9/2024,0
7/9/2024,0
7/9/2024,0
7/9/2024,0
7/9/2024,0
7/9/2024,0
7/9/2024,0
7/9/2024,0
7/9/2024,0
7/9/2024,0
7/9/2024,0
7/9/2024,0
7/9/2024,0
7/9/2024,0
7/9/2024,0
7/9/2024,0
7/9/2024,0
7/9/2024,0
7/9/2024,0
7/9/2024,0
7/9/2024,0
7/9/2024,0
7/9/2024,0
7/9/2024,0
7/9/2024,0
7/9/2024,0
7/9/2024,0
7/9/2024,0
7/9/2024,0
7/9/2024,0
7/9/2024,0
7/9/2024,0
7/9/2024,0
7/9/2024,0
7/9/2024,0
7/9/2024,0
7/9/2024,0
7/9/2024,0
7/9/2024,0
7/9/2024,0
7/9/2024,0
7/9/2024,0
7/9/2024,0
7/9/2024,0
7/9/2024,0
7/9/2024,0
7/9/2024,0
7/9/2024,0
7/9/2024,0
7/9/2024,0
7/9/2024,0
7/9/2024,0
7/9/2024,0
7/9/2024,0
7/9/2024,0
7/9/2024,0
7/9/2024,0
7/9/2024,0
7/9/2024,0
7/9/2024,0
7/9/2024,0
7/9/2024,0
7/9/2024,0
7/9/2024,0
7/9/2024,0
7/9/2024,0
7/9/2024,0
7/9/2024,0
7/9/2024,0
7/9/2024,0
7/9/2024,0
7/9/2024,0
7/9/2024,0
7/9/2024,0
7/9/2024,0
7/9/2024,0
7/9/2024,0
7/9/2024,0
7/9/2024,0
7/9/2024,0
7/9/2024,0
7/9/2024,0
7/9/2024,0
7/9/2024,0
7/9/2024,0
7/9/2024,0
7/9/2024,0
7/9/2024,0
7/9/2024,0
7/9/2024,0
7/9/2024,0
7/9/2024,0
7/9/2024,0
7/9/2024,0
7/9/2024,0
7/10/2024,0
7/10/2024,0
7/10/2024,0
7/10/2024,0
7/10/2024,0
7/10/2024,0
7/10/2024,0
7/10/2024,0
7/10/2024,0
7/10/2024,0
7/10/2024,0
7/10/2024,0
7/10/2024,0
7/10/2024,0
7/10/2024,0
7/10/2024,0
7/10/2024,0
7/10/2024,0
7/10/2024,0
7/10/2024,0
7/10/2024,0
7/10/2024,0
7/10/2024,0
7/10/2024,0
7/10/2024,0
7/10/2024,0
7/10/2024,0
7/10/2024,0
