Date-Time,SR_Temp_C
12/21/2023 11:00,10.43
12/21/2023 11:15,10.81
12/21/2023 11:30,11.19
12/21/2023 11:45,11.6
12/21/2023 12:00,11.97
12/21/2023 12:15,11.4
12/21/2023 12:30,10.62
12/21/2023 12:45,10.11
12/21/2023 13:00,9.69
12/21/2023 13:15,9.33
12/21/2023 13:30,9.19
12/21/2023 13:45,9.13
12/21/2023 14:00,8.98
12/21/2023 14:15,8.88
12/21/2023 14:30,8.79
12/21/2023 14:45,8.61
12/21/2023 15:00,8.34
12/21/2023 15:15,8.04
12/21/2023 15:30,7.724
12/21/2023 15:45,7.346
12/21/2023 16:00,6.883
12/21/2023 16:15,6.387
12/21/2023 16:30,5.894
12/21/2023 16:45,5.451
12/21/2023 17:00,5.02
12/21/2023 17:15,4.601
12/21/2023 17:30,4.306
12/21/2023 17:45,4.178
12/21/2023 18:00,4.109
12/21/2023 18:15,4.107
12/21/2023 18:30,4.15
12/21/2023 18:45,4.15
12/21/2023 19:00,4.056
12/21/2023 19:15,4.1
12/21/2023 19:30,4.273
12/21/2023 19:45,4.398
12/21/2023 20:00,4.396
12/21/2023 20:15,4.36
12/21/2023 20:30,4.392
12/21/2023 20:45,4.449
12/21/2023 21:00,4.405
12/21/2023 21:15,4.322
12/21/2023 21:30,4.211
12/21/2023 21:45,4.155
12/21/2023 22:00,4.084
12/21/2023 22:15,3.99
12/21/2023 22:30,4.022
12/21/2023 22:45,4.161
12/21/2023 23:00,4.188
12/21/2023 23:15,4.173
12/21/2023 23:30,4.21
12/21/2023 23:45,4.172
12/22/2023 0:00,4.124
12/22/2023 0:15,4.1
12/22/2023 0:30,4.064
12/22/2023 0:45,4.097
12/22/2023 1:00,4.138
12/22/2023 1:15,4.15
12/22/2023 1:30,4.109
12/22/2023 1:45,4.081
12/22/2023 2:00,4.159
12/22/2023 2:15,4.112
12/22/2023 2:30,4.108
12/22/2023 2:45,4.003
12/22/2023 3:00,3.956
12/22/2023 3:15,3.992
12/22/2023 3:30,3.982
12/22/2023 3:45,3.939
12/22/2023 4:00,3.9
12/22/2023 4:15,3.819
12/22/2023 4:30,3.714
12/22/2023 4:45,3.687
12/22/2023 5:00,3.668
12/22/2023 5:15,3.689
12/22/2023 5:30,3.74
12/22/2023 5:45,3.892
12/22/2023 6:00,4.045
12/22/2023 6:15,4.184
12/22/2023 6:30,4.332
12/22/2023 6:45,4.47
12/22/2023 7:00,4.635
12/22/2023 7:15,4.75
12/22/2023 7:30,4.84
12/22/2023 7:45,4.938
12/22/2023 8:00,5.044
12/22/2023 8:15,5.133
12/22/2023 8:30,5.224
12/22/2023 8:45,5.315
12/22/2023 9:00,5.334
12/22/2023 9:15,5.291
12/22/2023 9:30,5.297
12/22/2023 9:45,5.315
12/22/2023 10:00,5.358
12/22/2023 10:15,5.249
12/22/2023 10:30,5.141
12/22/2023 10:45,5.094
12/22/2023 11:00,5.134
12/22/2023 11:15,5.292
12/22/2023 11:30,5.419
12/22/2023 11:45,5.619
12/22/2023 12:00,5.937
12/22/2023 12:15,6.283
12/22/2023 12:30,6.581
12/22/2023 12:45,7.047
12/22/2023 13:00,7.264
12/22/2023 13:15,6.967
12/22/2023 13:30,6.7
12/22/2023 13:45,6.486
12/22/2023 14:00,6.331
12/22/2023 14:15,6.146
12/22/2023 14:30,5.932
12/22/2023 14:45,5.746
12/22/2023 15:00,5.658
12/22/2023 15:15,5.454
12/22/2023 15:30,4.699
12/22/2023 15:45,3.731
12/22/2023 16:00,2.743
12/22/2023 16:15,2.03
12/22/2023 16:30,1.567
12/22/2023 16:45,1.26
12/22/2023 17:00,1.075
12/22/2023 17:15,0.952
12/22/2023 17:30,0.904
12/22/2023 17:45,0.887
12/22/2023 18:00,0.893
12/22/2023 18:15,0.92
12/22/2023 18:30,0.974
12/22/2023 18:45,0.998
12/22/2023 19:00,1.023
12/22/2023 19:15,1.076
12/22/2023 19:30,1.124
12/22/2023 19:45,1.154
12/22/2023 20:00,1.186
12/22/2023 20:15,1.179
12/22/2023 20:30,1.187
12/22/2023 20:45,1.232
12/22/2023 21:00,1.27
12/22/2023 21:15,1.273
12/22/2023 21:30,1.25
12/22/2023 21:45,1.215
12/22/2023 22:00,1.132
12/22/2023 22:15,1.058
12/22/2023 22:30,0.961
12/22/2023 22:45,0.755
12/22/2023 23:00,0.542
12/22/2023 23:15,0.371
12/22/2023 23:30,0.182
12/22/2023 23:45,-0.016
12/23/2023 0:00,-0.197
12/23/2023 0:15,-0.358
12/23/2023 0:30,-0.462
12/23/2023 0:45,-0.528
12/23/2023 1:00,-0.599
12/23/2023 1:15,-0.651
12/23/2023 1:30,-0.686
12/23/2023 1:45,-0.734
12/23/2023 2:00,-0.796
12/23/2023 2:15,-0.838
12/23/2023 2:30,-0.901
12/23/2023 2:45,-0.982
12/23/2023 3:00,-1.019
12/23/2023 3:15,-1.018
12/23/2023 3:30,-0.976
12/23/2023 3:45,-0.951
12/23/2023 4:00,-1.036
12/23/2023 4:15,-1.143
12/23/2023 4:30,-1.259
12/23/2023 4:45,-1.378
12/23/2023 5:00,-1.495
12/23/2023 5:15,-1.592
12/23/2023 5:30,-1.742
12/23/2023 5:45,-1.822
12/23/2023 6:00,-1.855
12/23/2023 6:15,-1.948
12/23/2023 6:30,-2.076
12/23/2023 6:45,-2.264
12/23/2023 7:00,-2.501
12/23/2023 7:15,-2.728
12/23/2023 7:30,-2.848
12/23/2023 7:45,-2.928
12/23/2023 8:00,-2.777
12/23/2023 8:15,-1.93
12/23/2023 8:30,-0.879
12/23/2023 8:45,0.141
12/23/2023 9:00,1.165
12/23/2023 9:15,2.358
12/23/2023 9:30,3.548
12/23/2023 9:45,4.452
12/23/2023 10:00,5.032
12/23/2023 10:15,5.451
12/23/2023 10:30,5.808
12/23/2023 10:45,6.208
12/23/2023 11:00,6.52
12/23/2023 11:15,6.791
12/23/2023 11:30,7.333
12/23/2023 11:45,7.729
12/23/2023 12:00,7.247
12/23/2023 12:15,6.117
12/23/2023 12:30,5.602
12/23/2023 12:45,5.558
12/23/2023 13:00,5.982
12/23/2023 13:15,6.148
12/23/2023 13:30,6.561
12/23/2023 13:45,6.297
12/23/2023 14:00,5.447
12/23/2023 14:15,4.642
12/23/2023 14:30,3.971
12/23/2023 14:45,3.533
12/23/2023 15:00,3.129
12/23/2023 15:15,2.661
12/23/2023 15:30,2.194
12/23/2023 15:45,1.74
12/23/2023 16:00,1.266
12/23/2023 16:15,0.812
12/23/2023 16:30,0.353
12/23/2023 16:45,-0.136
12/23/2023 17:00,-0.693
12/23/2023 17:15,-1.173
12/23/2023 17:30,-1.64
12/23/2023 17:45,-2.101
12/23/2023 18:00,-2.535
12/23/2023 18:15,-2.943
12/23/2023 18:30,-3.313
12/23/2023 18:45,-3.605
12/23/2023 19:00,-3.683
12/23/2023 19:15,-3.712
12/23/2023 19:30,-3.774
12/23/2023 19:45,-3.91
12/23/2023 20:00,-3.972
12/23/2023 20:15,-3.957
12/23/2023 20:30,-3.917
12/23/2023 20:45,-3.882
12/23/2023 21:00,-3.882
12/23/2023 21:15,-3.93
12/23/2023 21:30,-4.14
12/23/2023 21:45,-4.465
12/23/2023 22:00,-4.667
12/23/2023 22:15,-4.604
12/23/2023 22:30,-4.493
12/23/2023 22:45,-4.396
12/23/2023 23:00,-4.329
12/23/2023 23:15,-4.299
12/23/2023 23:30,-4.311
12/23/2023 23:45,-4.327
12/24/2023 0:00,-4.371
12/24/2023 0:15,-4.441
12/24/2023 0:30,-4.498
12/24/2023 0:45,-4.507
12/24/2023 1:00,-4.405
12/24/2023 1:15,-4.333
12/24/2023 1:30,-4.349
12/24/2023 1:45,-4.39
12/24/2023 2:00,-4.425
12/24/2023 2:15,-4.374
12/24/2023 2:30,-4.265
12/24/2023 2:45,-4.221
12/24/2023 3:00,-4.187
12/24/2023 3:15,-4.125
12/24/2023 3:30,-4.1
12/24/2023 3:45,-4.129
12/24/2023 4:00,-4.179
12/24/2023 4:15,-4.254
12/24/2023 4:30,-4.345
12/24/2023 4:45,-4.431
12/24/2023 5:00,-4.536
12/24/2023 5:15,-4.669
12/24/2023 5:30,-4.734
12/24/2023 5:45,-4.748
12/24/2023 6:00,-4.767
12/24/2023 6:15,-4.755
12/24/2023 6:30,-4.665
12/24/2023 6:45,-4.554
12/24/2023 7:00,-4.474
12/24/2023 7:15,-4.408
12/24/2023 7:30,-4.406
12/24/2023 7:45,-4.449
12/24/2023 8:00,-4.294
12/24/2023 8:15,-3.438
12/24/2023 8:30,-2.593
12/24/2023 8:45,-1.924
12/24/2023 9:00,-1.366
12/24/2023 9:15,-0.836
12/24/2023 9:30,-0.301
12/24/2023 9:45,0.04
12/24/2023 10:00,0.422
12/24/2023 10:15,0.78
12/24/2023 10:30,1.046
12/24/2023 10:45,1.157
12/24/2023 11:00,1.228
12/24/2023 11:15,1.966
12/24/2023 11:30,2.197
12/24/2023 11:45,2.34
12/24/2023 12:00,2.565
12/24/2023 12:15,2.701
12/24/2023 12:30,2.824
12/24/2023 12:45,3.054
12/24/2023 13:00,2.534
12/24/2023 13:15,1.77
12/24/2023 13:30,1.563
12/24/2023 13:45,1.659
12/24/2023 14:00,1.561
12/24/2023 14:15,1.338
12/24/2023 14:30,0.742
12/24/2023 14:45,0.015
12/24/2023 15:00,-0.517
12/24/2023 15:15,-0.912
12/24/2023 15:30,-1.234
12/24/2023 15:45,-1.575
12/24/2023 16:00,-1.984
12/24/2023 16:15,-2.451
12/24/2023 16:30,-2.842
12/24/2023 16:45,-3.196
12/24/2023 17:00,-3.481
12/24/2023 17:15,-3.68
12/24/2023 17:30,-3.846
12/24/2023 17:45,-3.961
12/24/2023 18:00,-4.126
12/24/2023 18:15,-4.313
12/24/2023 18:30,-4.29
12/24/2023 18:45,-4.083
12/24/2023 19:00,-3.926
12/24/2023 19:15,-3.898
12/24/2023 19:30,-3.805
12/24/2023 19:45,-3.725
12/24/2023 20:00,-3.722
12/24/2023 20:15,-3.638
12/24/2023 20:30,-3.46
12/24/2023 20:45,-3.196
12/24/2023 21:00,-2.904
12/24/2023 21:15,-2.602
12/24/2023 21:30,-2.309
12/24/2023 21:45,-2.161
12/24/2023 22:00,-2.076
12/24/2023 22:15,-1.994
12/24/2023 22:30,-1.924
12/24/2023 22:45,-1.849
12/24/2023 23:00,-1.872
12/24/2023 23:15,-1.956
12/24/2023 23:30,-2.055
12/24/2023 23:45,-2.076
12/25/2023 0:00,-2.031
12/25/2023 0:15,-1.964
12/25/2023 0:30,-1.922
12/25/2023 0:45,-2.037
12/25/2023 1:00,-2.171
12/25/2023 1:15,-2.328
12/25/2023 1:30,-2.645
12/25/2023 1:45,-2.945
12/25/2023 2:00,-3.149
12/25/2023 2:15,-3.291
12/25/2023 2:30,-3.345
12/25/2023 2:45,-3.412
12/25/2023 3:00,-3.453
12/25/2023 3:15,-3.52
12/25/2023 3:30,-3.554
12/25/2023 3:45,-3.556
12/25/2023 4:00,-3.604
12/25/2023 4:15,-3.626
12/25/2023 4:30,-3.619
12/25/2023 4:45,-3.592
12/25/2023 5:00,-3.574
12/25/2023 5:15,-3.528
12/25/2023 5:30,-3.451
12/25/2023 5:45,-3.485
12/25/2023 6:00,-3.61
12/25/2023 6:15,-3.69
12/25/2023 6:30,-3.683
12/25/2023 6:45,-3.633
12/25/2023 7:00,-3.674
12/25/2023 7:15,-3.717
12/25/2023 7:30,-3.7
12/25/2023 7:45,-3.687
12/25/2023 8:00,-3.548
12/25/2023 8:15,-3.005
12/25/2023 8:30,-2.462
12/25/2023 8:45,-1.402
12/25/2023 9:00,-0.569
12/25/2023 9:15,0.322
12/25/2023 9:30,1.422
12/25/2023 9:45,2.23
12/25/2023 10:00,1.805
12/25/2023 10:15,1.588
12/25/2023 10:30,2.082
12/25/2023 10:45,2.887
12/25/2023 11:00,3.129
12/25/2023 11:15,3.241
12/25/2023 11:30,3.47
12/25/2023 11:45,3.921
12/25/2023 12:00,4.352
12/25/2023 12:15,4.66
12/25/2023 12:30,4.866
12/25/2023 12:45,4.858
12/25/2023 13:00,4.7
12/25/2023 13:15,4.518
12/25/2023 13:30,4.449
12/25/2023 13:45,4.166
12/25/2023 14:00,3.8
12/25/2023 14:15,3.451
12/25/2023 14:30,2.921
12/25/2023 14:45,2.499
12/25/2023 15:00,2.088
12/25/2023 15:15,1.489
12/25/2023 15:30,0.993
12/25/2023 15:45,0.568
12/25/2023 16:00,0.217
12/25/2023 16:15,-0.137
12/25/2023 16:30,-0.399
12/25/2023 16:45,-0.576
12/25/2023 17:00,-0.628
12/25/2023 17:15,-0.589
12/25/2023 17:30,-0.572
12/25/2023 17:45,-0.606
12/25/2023 18:00,-0.68
12/25/2023 18:15,-0.788
12/25/2023 18:30,-0.865
12/25/2023 18:45,-0.888
12/25/2023 19:00,-0.867
12/25/2023 19:15,-0.816
12/25/2023 19:30,-0.676
12/25/2023 19:45,-0.478
12/25/2023 20:00,-0.303
12/25/2023 20:15,-0.165
12/25/2023 20:30,-0.189
12/25/2023 20:45,-0.306
12/25/2023 21:00,-0.284
12/25/2023 21:15,-0.122
12/25/2023 21:30,0.042
12/25/2023 21:45,0.124
12/25/2023 22:00,0.183
12/25/2023 22:15,0.266
12/25/2023 22:30,0.358
12/25/2023 22:45,0.498
12/25/2023 23:00,0.569
12/25/2023 23:15,0.544
12/25/2023 23:30,0.512
12/25/2023 23:45,0.483
12/26/2023 0:00,0.423
12/26/2023 0:15,0.408
12/26/2023 0:30,0.429
12/26/2023 0:45,0.432
12/26/2023 1:00,0.354
12/26/2023 1:15,0.303
12/26/2023 1:30,0.342
12/26/2023 1:45,0.418
12/26/2023 2:00,0.441
12/26/2023 2:15,0.412
12/26/2023 2:30,0.384
12/26/2023 2:45,0.374
12/26/2023 3:00,0.387
12/26/2023 3:15,0.206
12/26/2023 3:30,0.084
12/26/2023 3:45,0.035
12/26/2023 4:00,0.01
12/26/2023 4:15,-0.018
12/26/2023 4:30,-0.023
12/26/2023 4:45,0.019
12/26/2023 5:00,0.061
12/26/2023 5:15,0.047
12/26/2023 5:30,0.031
12/26/2023 5:45,-0.024
12/26/2023 6:00,-0.072
12/26/2023 6:15,-0.113
12/26/2023 6:30,-0.147
12/26/2023 6:45,-0.169
12/26/2023 7:00,-0.153
12/26/2023 7:15,-0.115
12/26/2023 7:30,-0.071
12/26/2023 7:45,-0.01
12/26/2023 8:00,0.054
12/26/2023 8:15,0.117
12/26/2023 8:30,0.187
12/26/2023 8:45,0.239
12/26/2023 9:00,0.298
12/26/2023 9:15,0.411
12/26/2023 9:30,0.46
12/26/2023 9:45,0.494
12/26/2023 10:00,0.535
12/26/2023 10:15,0.64
12/26/2023 10:30,0.783
12/26/2023 10:45,1.541
12/26/2023 11:00,2.304
12/26/2023 11:15,2.411
12/26/2023 11:30,2.421
12/26/2023 11:45,2.297
12/26/2023 12:00,2.148
12/26/2023 12:15,2.539
12/26/2023 12:30,2.968
12/26/2023 12:45,3.434
12/26/2023 13:00,3.392
12/26/2023 13:15,3.346
12/26/2023 13:30,3.404
12/26/2023 13:45,3.865
12/26/2023 14:00,3.68
12/26/2023 14:15,3.54
12/26/2023 14:30,3.429
12/26/2023 14:45,3.128
12/26/2023 15:00,2.868
12/26/2023 15:15,2.594
12/26/2023 15:30,2.439
12/26/2023 15:45,2.29
12/26/2023 16:00,2.162
12/26/2023 16:15,2.055
12/26/2023 16:30,1.95
12/26/2023 16:45,1.832
12/26/2023 17:00,1.518
12/26/2023 17:15,1.188
12/26/2023 17:30,1.02
12/26/2023 17:45,1.004
12/26/2023 18:00,1.09
12/26/2023 18:15,1.079
12/26/2023 18:30,1.037
12/26/2023 18:45,1.049
12/26/2023 19:00,1.138
12/26/2023 19:15,1.262
12/26/2023 19:30,1.332
12/26/2023 19:45,1.317
12/26/2023 20:00,1.291
12/26/2023 20:15,1.326
12/26/2023 20:30,1.411
12/26/2023 20:45,1.405
12/26/2023 21:00,1.259
12/26/2023 21:15,1.158
12/26/2023 21:30,1.153
12/26/2023 21:45,1.27
12/26/2023 22:00,1.377
12/26/2023 22:15,1.435
12/26/2023 22:30,1.453
12/26/2023 22:45,1.523
12/26/2023 23:00,1.489
12/26/2023 23:15,1.384
12/26/2023 23:30,1.212
12/26/2023 23:45,1.109
12/27/2023 0:00,1.083
12/27/2023 0:15,1.037
12/27/2023 0:30,0.933
12/27/2023 0:45,0.821
12/27/2023 1:00,0.743
12/27/2023 1:15,0.783
12/27/2023 1:30,0.812
12/27/2023 1:45,0.78
12/27/2023 2:00,0.69
12/27/2023 2:15,0.606
12/27/2023 2:30,0.522
12/27/2023 2:45,0.393
12/27/2023 3:00,0.288
12/27/2023 3:15,0.265
12/27/2023 3:30,0.292
12/27/2023 3:45,0.253
12/27/2023 4:00,0.14
12/27/2023 4:15,0.021
12/27/2023 4:30,-0.068
12/27/2023 4:45,-0.077
12/27/2023 5:00,-0.018
12/27/2023 5:15,0.052
12/27/2023 5:30,0.143
12/27/2023 5:45,0.399
12/27/2023 6:00,0.652
12/27/2023 6:15,0.855
12/27/2023 6:30,0.898
12/27/2023 6:45,0.841
12/27/2023 7:00,0.79
12/27/2023 7:15,0.764
12/27/2023 7:30,0.74
12/27/2023 7:45,0.763
12/27/2023 8:00,0.793
12/27/2023 8:15,0.74
12/27/2023 8:30,0.676
12/27/2023 8:45,0.635
12/27/2023 9:00,0.624
12/27/2023 9:15,0.679
12/27/2023 9:30,0.872
12/27/2023 9:45,1.105
12/27/2023 10:00,1.328
12/27/2023 10:15,1.444
12/27/2023 10:30,1.614
12/27/2023 10:45,1.876
12/27/2023 11:00,2.008
12/27/2023 11:15,2.258
12/27/2023 11:30,2.879
12/27/2023 11:45,3.397
12/27/2023 12:00,3.547
12/27/2023 12:15,3.767
12/27/2023 12:30,4.148
12/27/2023 12:45,4.316
12/27/2023 13:00,4.205
12/27/2023 13:15,4.154
12/27/2023 13:30,4.383
12/27/2023 13:45,4.338
12/27/2023 14:00,4.066
12/27/2023 14:15,3.847
12/27/2023 14:30,3.572
12/27/2023 14:45,3.413
12/27/2023 15:00,3.32
12/27/2023 15:15,3.229
12/27/2023 15:30,3.105
12/27/2023 15:45,3.088
12/27/2023 16:00,3.134
12/27/2023 16:15,3.178
12/27/2023 16:30,3.158
12/27/2023 16:45,3.201
12/27/2023 17:00,3.231
12/27/2023 17:15,3.238
12/27/2023 17:30,3.186
12/27/2023 17:45,3.07
12/27/2023 18:00,2.903
12/27/2023 18:15,2.747
12/27/2023 18:30,2.677
12/27/2023 18:45,2.681
12/27/2023 19:00,2.75
12/27/2023 19:15,2.898
12/27/2023 19:30,2.996
12/27/2023 19:45,3.024
12/27/2023 20:00,2.92
12/27/2023 20:15,2.749
12/27/2023 20:30,2.562
12/27/2023 20:45,2.429
12/27/2023 21:00,2.288
12/27/2023 21:15,2.297
12/27/2023 21:30,2.333
12/27/2023 21:45,2.441
12/27/2023 22:00,2.549
12/27/2023 22:15,2.658
12/27/2023 22:30,2.817
12/27/2023 22:45,2.951
12/27/2023 23:00,3.023
12/27/2023 23:15,3.105
12/27/2023 23:30,3.164
12/27/2023 23:45,3.19
12/28/2023 0:00,3.272
12/28/2023 0:15,3.211
12/28/2023 0:30,3.064
12/28/2023 0:45,3.023
12/28/2023 1:00,3.058
12/28/2023 1:15,3.068
12/28/2023 1:30,3.074
12/28/2023 1:45,3.036
12/28/2023 2:00,2.99
12/28/2023 2:15,2.976
12/28/2023 2:30,2.988
12/28/2023 2:45,2.884
12/28/2023 3:00,2.746
12/28/2023 3:15,2.583
12/28/2023 3:30,2.344
12/28/2023 3:45,2.298
12/28/2023 4:00,2.257
12/28/2023 4:15,2.164
12/28/2023 4:30,2.059
12/28/2023 4:45,2.083
12/28/2023 5:00,2.349
12/28/2023 5:15,2.508
12/28/2023 5:30,2.763
12/28/2023 5:45,2.878
12/28/2023 6:00,2.84
12/28/2023 6:15,2.902
12/28/2023 6:30,2.954
12/28/2023 6:45,2.945
12/28/2023 7:00,3.007
12/28/2023 7:15,3.111
12/28/2023 7:30,3.2
12/28/2023 7:45,3.053
12/28/2023 8:00,2.858
12/28/2023 8:15,3.181
12/28/2023 8:30,3.856
12/28/2023 8:45,4.842
12/28/2023 9:00,6.154
12/28/2023 9:15,7.458
12/28/2023 9:30,8.63
12/28/2023 9:45,9.48
12/28/2023 10:00,9.65
12/28/2023 10:15,9.56
12/28/2023 10:30,9.1
12/28/2023 10:45,9.34
12/28/2023 11:00,9.92
12/28/2023 11:15,10.22
12/28/2023 11:30,10.52
12/28/2023 11:45,10.84
12/28/2023 12:00,10.67
12/28/2023 12:15,10.27
12/28/2023 12:30,10.3
12/28/2023 12:45,10.12
12/28/2023 13:00,9.78
12/28/2023 13:15,9.18
12/28/2023 13:30,9.47
12/28/2023 13:45,9.68
12/28/2023 14:00,9.67
12/28/2023 14:15,9.04
12/28/2023 14:30,8.09
12/28/2023 14:45,7.179
12/28/2023 15:00,6.391
12/28/2023 15:15,5.801
12/28/2023 15:30,5.393
12/28/2023 15:45,5.099
12/28/2023 16:00,4.924
12/28/2023 16:15,4.767
12/28/2023 16:30,4.587
12/28/2023 16:45,4.234
12/28/2023 17:00,3.913
12/28/2023 17:15,3.598
12/28/2023 17:30,3.633
12/28/2023 17:45,3.901
12/28/2023 18:00,4.211
12/28/2023 18:15,4.324
12/28/2023 18:30,4.176
12/28/2023 18:45,3.916
12/28/2023 19:00,3.734
12/28/2023 19:15,3.48
12/28/2023 19:30,3.227
12/28/2023 19:45,3.098
12/28/2023 20:00,3.116
12/28/2023 20:15,3.22
12/28/2023 20:30,3.267
12/28/2023 20:45,3.088
12/28/2023 21:00,3.009
12/28/2023 21:15,3.09
12/28/2023 21:30,3.097
12/28/2023 21:45,3.133
12/28/2023 22:00,3.253
12/28/2023 22:15,3.436
12/28/2023 22:30,3.6
12/28/2023 22:45,3.73
12/28/2023 23:00,3.881
12/28/2023 23:15,4.104
12/28/2023 23:30,4.273
12/28/2023 23:45,4.346
12/29/2023 0:00,4.482
12/29/2023 0:15,4.625
12/29/2023 0:30,4.806
12/29/2023 0:45,4.979
12/29/2023 1:00,5.102
12/29/2023 1:15,5.183
12/29/2023 1:30,5.112
12/29/2023 1:45,4.952
12/29/2023 2:00,4.835
12/29/2023 2:15,4.7
12/29/2023 2:30,4.687
12/29/2023 2:45,4.78
12/29/2023 3:00,4.916
12/29/2023 3:15,5.076
12/29/2023 3:30,5.19
12/29/2023 3:45,5.299
12/29/2023 4:00,5.372
12/29/2023 4:15,5.298
12/29/2023 4:30,5.113
12/29/2023 4:45,4.894
12/29/2023 5:00,4.799
12/29/2023 5:15,4.68
12/29/2023 5:30,4.505
12/29/2023 5:45,4.338
12/29/2023 6:00,4.183
12/29/2023 6:15,4.046
12/29/2023 6:30,3.949
12/29/2023 6:45,4.124
12/29/2023 7:00,4.243
12/29/2023 7:15,4.154
12/29/2023 7:30,4.089
12/29/2023 7:45,4.149
12/29/2023 8:00,4.234
12/29/2023 8:15,4.332
12/29/2023 8:30,4.508
12/29/2023 8:45,4.982
12/29/2023 9:00,5.621
12/29/2023 9:15,5.668
12/29/2023 9:30,6.192
12/29/2023 9:45,6.592
12/29/2023 10:00,6.915
12/29/2023 10:15,7.105
12/29/2023 10:30,7.755
12/29/2023 10:45,8.2
12/29/2023 11:00,9.73
12/29/2023 11:15,10.7
12/29/2023 11:30,11.15
12/29/2023 11:45,11.41
12/29/2023 12:00,11.92
12/29/2023 12:15,12.07
12/29/2023 12:30,11.82
12/29/2023 12:45,12.22
12/29/2023 13:00,11.69
12/29/2023 13:15,10.78
12/29/2023 13:30,10.27
12/29/2023 13:45,10.5
12/29/2023 14:00,11.44
12/29/2023 14:15,11.1
12/29/2023 14:30,10.79
12/29/2023 14:45,10.6
12/29/2023 15:00,10.2
12/29/2023 15:15,9.63
12/29/2023 15:30,9.06
12/29/2023 15:45,8.51
12/29/2023 16:00,7.906
12/29/2023 16:15,7.401
12/29/2023 16:30,7.149
12/29/2023 16:45,6.823
12/29/2023 17:00,6.45
12/29/2023 17:15,6.084
12/29/2023 17:30,5.973
12/29/2023 17:45,6.062
12/29/2023 18:00,5.87
12/29/2023 18:15,5.532
12/29/2023 18:30,5.268
12/29/2023 18:45,5.266
12/29/2023 19:00,5.385
12/29/2023 19:15,5.526
12/29/2023 19:30,5.908
12/29/2023 19:45,6.327
12/29/2023 20:00,6.637
12/29/2023 20:15,6.675
12/29/2023 20:30,6.572
12/29/2023 20:45,6.504
12/29/2023 21:00,6.569
12/29/2023 21:15,6.523
12/29/2023 21:30,6.464
12/29/2023 21:45,6.616
12/29/2023 22:00,6.727
12/29/2023 22:15,6.629
12/29/2023 22:30,6.264
12/29/2023 22:45,5.822
12/29/2023 23:00,5.375
12/29/2023 23:15,5.145
12/29/2023 23:30,5.109
12/29/2023 23:45,5.15
12/30/2023 0:00,5.027
12/30/2023 0:15,4.992
12/30/2023 0:30,5.1
12/30/2023 0:45,5.143
12/30/2023 1:00,5.152
12/30/2023 1:15,5.196
12/30/2023 1:30,5.067
12/30/2023 1:45,4.995
12/30/2023 2:00,5.011
12/30/2023 2:15,4.927
12/30/2023 2:30,4.731
12/30/2023 2:45,4.581
12/30/2023 3:00,4.39
12/30/2023 3:15,4.131
12/30/2023 3:30,3.889
12/30/2023 3:45,3.66
12/30/2023 4:00,3.507
12/30/2023 4:15,3.348
12/30/2023 4:30,3.121
12/30/2023 4:45,2.93
12/30/2023 5:00,2.806
12/30/2023 5:15,2.885
12/30/2023 5:30,2.835
12/30/2023 5:45,2.617
12/30/2023 6:00,2.417
12/30/2023 6:15,2.326
12/30/2023 6:30,2.303
12/30/2023 6:45,2.236
12/30/2023 7:00,1.987
12/30/2023 7:15,1.585
12/30/2023 7:30,1.369
12/30/2023 7:45,1.229
12/30/2023 8:00,1.284
12/30/2023 8:15,1.416
12/30/2023 8:30,1.672
12/30/2023 8:45,2.09
12/30/2023 9:00,2.762
12/30/2023 9:15,3.225
12/30/2023 9:30,3.819
12/30/2023 9:45,4.296
12/30/2023 10:00,4.668
12/30/2023 10:15,5.142
12/30/2023 10:30,5.747
12/30/2023 10:45,6.173
12/30/2023 11:00,6.289
12/30/2023 11:15,6.346
12/30/2023 11:30,6.465
12/30/2023 11:45,6.65
12/30/2023 12:00,7.007
12/30/2023 12:15,7.234
12/30/2023 12:30,7.351
12/30/2023 12:45,7.296
12/30/2023 13:00,7.153
12/30/2023 13:15,7.024
12/30/2023 13:30,6.896
12/30/2023 13:45,6.762
12/30/2023 14:00,6.586
12/30/2023 14:15,6.385
12/30/2023 14:30,6.261
12/30/2023 14:45,6.156
12/30/2023 15:00,5.978
12/30/2023 15:15,5.822
12/30/2023 15:30,5.672
12/30/2023 15:45,5.508
12/30/2023 16:00,5.343
12/30/2023 16:15,5.098
12/30/2023 16:30,4.781
12/30/2023 16:45,4.347
12/30/2023 17:00,3.777
12/30/2023 17:15,3.237
12/30/2023 17:30,2.789
12/30/2023 17:45,2.329
12/30/2023 18:00,1.956
12/30/2023 18:15,1.646
12/30/2023 18:30,1.376
12/30/2023 18:45,1.083
12/30/2023 19:00,0.851
12/30/2023 19:15,0.634
12/30/2023 19:30,0.447
12/30/2023 19:45,0.216
12/30/2023 20:00,-0.022
12/30/2023 20:15,-0.205
12/30/2023 20:30,-0.411
12/30/2023 20:45,-0.611
12/30/2023 21:00,-0.877
12/30/2023 21:15,-1.152
12/30/2023 21:30,-1.382
12/30/2023 21:45,-1.588
12/30/2023 22:00,-1.78
12/30/2023 22:15,-1.948
12/30/2023 22:30,-1.988
12/30/2023 22:45,-1.907
12/30/2023 23:00,-1.88
12/30/2023 23:15,-1.809
12/30/2023 23:30,-1.621
12/30/2023 23:45,-1.363
12/31/2023 0:00,-1.077
12/31/2023 0:15,-0.805
12/31/2023 0:30,-0.543
12/31/2023 0:45,-0.3
12/31/2023 1:00,-0.057
12/31/2023 1:15,0.136
12/31/2023 1:30,0.378
12/31/2023 1:45,0.589
12/31/2023 2:00,0.814
12/31/2023 2:15,1.069
12/31/2023 2:30,1.231
12/31/2023 2:45,1.364
12/31/2023 3:00,1.465
12/31/2023 3:15,1.533
12/31/2023 3:30,1.602
12/31/2023 3:45,1.683
12/31/2023 4:00,1.785
12/31/2023 4:15,1.865
12/31/2023 4:30,1.933
12/31/2023 4:45,1.985
12/31/2023 5:00,2.027
12/31/2023 5:15,2.052
12/31/2023 5:30,2.101
12/31/2023 5:45,2.155
12/31/2023 6:00,2.195
12/31/2023 6:15,2.239
12/31/2023 6:30,2.3
12/31/2023 6:45,2.353
12/31/2023 7:00,2.369
12/31/2023 7:15,2.352
12/31/2023 7:30,2.321
12/31/2023 7:45,2.269
12/31/2023 8:00,2.202
12/31/2023 8:15,2.211
12/31/2023 8:30,2.272
12/31/2023 8:45,2.352
12/31/2023 9:00,2.475
12/31/2023 9:15,3.072
12/31/2023 9:30,4.633
12/31/2023 9:45,7.117
12/31/2023 10:00,7.673
12/31/2023 10:15,8.17
12/31/2023 10:30,8.51
12/31/2023 10:45,9.35
12/31/2023 11:00,9.59
12/31/2023 11:15,9.09
12/31/2023 11:30,8.91
12/31/2023 11:45,8.62
12/31/2023 12:00,8.28
12/31/2023 12:15,7.917
12/31/2023 12:30,7.792
12/31/2023 12:45,7.714
12/31/2023 13:00,7.542
12/31/2023 13:15,7.384
12/31/2023 13:30,7.279
12/31/2023 13:45,7.152
12/31/2023 14:00,7.094
12/31/2023 14:15,7.071
12/31/2023 14:30,7.049
12/31/2023 14:45,6.981
12/31/2023 15:00,6.849
12/31/2023 15:15,6.702
12/31/2023 15:30,6.424
12/31/2023 15:45,6.076
12/31/2023 16:00,5.645
12/31/2023 16:15,5.067
12/31/2023 16:30,4.521
12/31/2023 16:45,4.076
12/31/2023 17:00,3.788
12/31/2023 17:15,3.632
12/31/2023 17:30,3.533
12/31/2023 17:45,3.405
12/31/2023 18:00,3.33
12/31/2023 18:15,3.29
12/31/2023 18:30,3.216
12/31/2023 18:45,3.178
12/31/2023 19:00,3.2
12/31/2023 19:15,3.031
12/31/2023 19:30,2.639
12/31/2023 19:45,2.299
12/31/2023 20:00,2.044
12/31/2023 20:15,1.821
12/31/2023 20:30,1.589
12/31/2023 20:45,1.468
12/31/2023 21:00,1.439
12/31/2023 21:15,1.407
12/31/2023 21:30,1.255
12/31/2023 21:45,1.069
12/31/2023 22:00,0.779
12/31/2023 22:15,0.536
12/31/2023 22:30,0.299
12/31/2023 22:45,0.116
12/31/2023 23:00,-0.041
12/31/2023 23:15,-0.19
12/31/2023 23:30,-0.312
12/31/2023 23:45,-0.415
1/1/2024 0:00,-0.589
1/1/2024 0:15,-0.831
1/1/2024 0:30,-1.058
1/1/2024 0:45,-1.279
1/1/2024 1:00,-1.435
1/1/2024 1:15,-1.544
1/1/2024 1:30,-1.655
1/1/2024 1:45,-1.766
1/1/2024 2:00,-1.843
1/1/2024 2:15,-1.936
1/1/2024 2:30,-2.017
1/1/2024 2:45,-2.09
1/1/2024 3:00,-2.219
1/1/2024 3:15,-2.311
1/1/2024 3:30,-2.378
1/1/2024 3:45,-2.495
1/1/2024 4:00,-2.519
1/1/2024 4:15,-2.116
1/1/2024 4:30,-1.482
1/1/2024 4:45,-0.977
1/1/2024 5:00,-0.661
1/1/2024 5:15,-0.537
1/1/2024 5:30,-0.483
1/1/2024 5:45,-0.433
1/1/2024 6:00,-0.443
1/1/2024 6:15,-0.551
1/1/2024 6:30,-0.623
1/1/2024 6:45,-0.587
1/1/2024 7:00,-0.472
1/1/2024 7:15,-0.439
1/1/2024 7:30,-0.439
1/1/2024 7:45,-0.446
1/1/2024 8:00,-0.39
1/1/2024 8:15,-0.307
1/1/2024 8:30,-0.185
1/1/2024 8:45,-0.034
1/1/2024 9:00,0.184
1/1/2024 9:15,0.478
1/1/2024 9:30,1.375
1/1/2024 9:45,2.792
1/1/2024 10:00,4.579
1/1/2024 10:15,5.728
1/1/2024 10:30,6.435
1/1/2024 10:45,6.478
1/1/2024 11:00,7.335
1/1/2024 11:15,7.85
1/1/2024 11:30,7.942
1/1/2024 11:45,8.04
1/1/2024 12:00,8.39
1/1/2024 12:15,8.33
1/1/2024 12:30,8.39
1/1/2024 12:45,8.57
1/1/2024 13:00,8.7
1/1/2024 13:15,8.96
1/1/2024 13:30,9.01
1/1/2024 13:45,8.12
1/1/2024 14:00,7.293
1/1/2024 14:15,6.86
1/1/2024 14:30,6.606
1/1/2024 14:45,6.37
1/1/2024 15:00,6.18
1/1/2024 15:15,6
1/1/2024 15:30,5.685
1/1/2024 15:45,5.188
1/1/2024 16:00,4.584
1/1/2024 16:15,3.911
1/1/2024 16:30,3.212
1/1/2024 16:45,2.564
1/1/2024 17:00,1.924
1/1/2024 17:15,1.339
1/1/2024 17:30,0.738
1/1/2024 17:45,0.211
1/1/2024 18:00,-0.223
1/1/2024 18:15,-0.69
1/1/2024 18:30,-1.09
1/1/2024 18:45,-1.478
1/1/2024 19:00,-1.783
1/1/2024 19:15,-2.084
1/1/2024 19:30,-2.394
1/1/2024 19:45,-2.687
1/1/2024 20:00,-2.906
1/1/2024 20:15,-3.116
1/1/2024 20:30,-3.364
1/1/2024 20:45,-3.518
1/1/2024 21:00,-3.646
1/1/2024 21:15,-3.712
1/1/2024 21:30,-3.357
1/1/2024 21:45,-2.281
1/1/2024 22:00,-1.381
1/1/2024 22:15,-0.884
1/1/2024 22:30,-0.552
1/1/2024 22:45,-0.4
1/1/2024 23:00,-0.215
1/1/2024 23:15,-0.05
1/1/2024 23:30,0.049
1/1/2024 23:45,0.076
1/2/2024 0:00,0.059
1/2/2024 0:15,0.084
1/2/2024 0:30,0.104
1/2/2024 0:45,0.028
1/2/2024 1:00,-0.024
1/2/2024 1:15,-0.041
1/2/2024 1:30,-0.106
1/2/2024 1:45,-0.244
1/2/2024 2:00,-0.298
1/2/2024 2:15,-0.232
1/2/2024 2:30,-0.215
1/2/2024 2:45,-0.231
1/2/2024 3:00,-0.31
1/2/2024 3:15,-0.289
1/2/2024 3:30,-0.143
1/2/2024 3:45,-0.118
1/2/2024 4:00,-0.129
1/2/2024 4:15,-0.118
1/2/2024 4:30,-0.156
1/2/2024 4:45,-0.288
1/2/2024 5:00,-0.456
1/2/2024 5:15,-0.507
1/2/2024 5:30,-0.482
1/2/2024 5:45,-0.493
1/2/2024 6:00,-0.515
1/2/2024 6:15,-0.486
1/2/2024 6:30,-0.487
1/2/2024 6:45,-0.567
1/2/2024 7:00,-0.657
1/2/2024 7:15,-0.722
1/2/2024 7:30,-0.733
1/2/2024 7:45,-0.794
1/2/2024 8:00,-0.719
1/2/2024 8:15,0.017
1/2/2024 8:30,1.072
1/2/2024 8:45,1.914
1/2/2024 9:00,2.799
1/2/2024 9:15,3.045
1/2/2024 9:30,3.65
1/2/2024 9:45,4.256
1/2/2024 10:00,4.636
1/2/2024 10:15,4.802
1/2/2024 10:30,4.562
1/2/2024 10:45,3.875
1/2/2024 11:00,3.462
1/2/2024 11:15,3.168
1/2/2024 11:30,3.133
1/2/2024 11:45,3.338
1/2/2024 12:00,3.626
1/2/2024 12:15,3.948
1/2/2024 12:30,4.091
1/2/2024 12:45,4.16
1/2/2024 13:00,4.173
1/2/2024 13:15,4.136
1/2/2024 13:30,4.072
1/2/2024 13:45,3.889
1/2/2024 14:00,3.856
1/2/2024 14:15,3.857
1/2/2024 14:30,3.861
1/2/2024 14:45,3.718
1/2/2024 15:00,3.519
1/2/2024 15:15,3.337
1/2/2024 15:30,3.159
1/2/2024 15:45,2.993
1/2/2024 16:00,2.827
1/2/2024 16:15,2.698
1/2/2024 16:30,2.617
1/2/2024 16:45,2.591
1/2/2024 17:00,2.558
1/2/2024 17:15,2.543
1/2/2024 17:30,2.57
1/2/2024 17:45,2.579
1/2/2024 18:00,2.509
1/2/2024 18:15,2.425
1/2/2024 18:30,2.409
1/2/2024 18:45,2.427
1/2/2024 19:00,2.467
1/2/2024 19:15,2.461
1/2/2024 19:30,2.343
1/2/2024 19:45,2.168
1/2/2024 20:00,1.989
1/2/2024 20:15,1.92
1/2/2024 20:30,1.901
1/2/2024 20:45,1.864
1/2/2024 21:00,1.787
1/2/2024 21:15,1.673
1/2/2024 21:30,1.547
1/2/2024 21:45,1.505
1/2/2024 22:00,1.49
1/2/2024 22:15,1.502
1/2/2024 22:30,1.492
1/2/2024 22:45,1.399
1/2/2024 23:00,1.277
1/2/2024 23:15,1.19
1/2/2024 23:30,1.15
1/2/2024 23:45,1.133
1/3/2024 0:00,1.121
1/3/2024 0:15,1.103
1/3/2024 0:30,0.923
1/3/2024 0:45,0.683
1/3/2024 1:00,0.387
1/3/2024 1:15,0.145
1/3/2024 1:30,-0.013
1/3/2024 1:45,-0.098
1/3/2024 2:00,-0.108
1/3/2024 2:15,-0.038
1/3/2024 2:30,0.057
1/3/2024 2:45,0.137
1/3/2024 3:00,0.188
1/3/2024 3:15,0.223
1/3/2024 3:30,0.266
1/3/2024 3:45,0.31
1/3/2024 4:00,0.357
1/3/2024 4:15,0.399
1/3/2024 4:30,0.521
1/3/2024 4:45,0.587
1/3/2024 5:00,0.636
1/3/2024 5:15,0.704
1/3/2024 5:30,0.776
1/3/2024 5:45,0.789
1/3/2024 6:00,0.74
1/3/2024 6:15,0.734
1/3/2024 6:30,0.78
1/3/2024 6:45,0.875
1/3/2024 7:00,0.935
1/3/2024 7:15,0.985
1/3/2024 7:30,1.015
1/3/2024 7:45,1.039
1/3/2024 8:00,1.084
1/3/2024 8:15,1.152
1/3/2024 8:30,1.23
1/3/2024 8:45,1.336
1/3/2024 9:00,1.453
1/3/2024 9:15,1.594
1/3/2024 9:30,1.727
1/3/2024 9:45,1.879
1/3/2024 10:00,2.031
1/3/2024 10:15,2.212
1/3/2024 10:30,2.397
1/3/2024 10:45,2.526
1/3/2024 11:00,2.62
1/3/2024 11:15,2.708
1/3/2024 11:30,2.826
1/3/2024 11:45,2.843
1/3/2024 12:00,2.822
1/3/2024 12:15,2.76
1/3/2024 12:30,2.704
1/3/2024 12:45,2.696
1/3/2024 13:00,2.673
1/3/2024 13:15,2.64
1/3/2024 13:30,2.611
1/3/2024 13:45,2.616
1/3/2024 14:00,2.614
1/3/2024 14:15,2.587
1/3/2024 14:30,2.625
1/3/2024 14:45,2.62
1/3/2024 15:00,2.565
1/3/2024 15:15,2.444
1/3/2024 15:30,2.323
1/3/2024 15:45,2.21
1/3/2024 16:00,2.1
1/3/2024 16:15,2.015
1/3/2024 16:30,1.945
1/3/2024 16:45,1.864
1/3/2024 17:00,1.795
1/3/2024 17:15,1.717
1/3/2024 17:30,1.653
1/3/2024 17:45,1.589
1/3/2024 18:00,1.531
1/3/2024 18:15,1.507
1/3/2024 18:30,1.523
1/3/2024 18:45,1.562
1/3/2024 19:00,1.58
1/3/2024 19:15,1.587
1/3/2024 19:30,1.577
1/3/2024 19:45,1.554
1/3/2024 20:00,1.538
1/3/2024 20:15,1.523
1/3/2024 20:30,1.519
1/3/2024 20:45,1.505
1/3/2024 21:00,1.485
1/3/2024 21:15,1.442
1/3/2024 21:30,1.392
1/3/2024 21:45,1.347
1/3/2024 22:00,1.317
1/3/2024 22:15,1.308
1/3/2024 22:30,1.3
1/3/2024 22:45,1.289
1/3/2024 23:00,1.279
1/3/2024 23:15,1.273
1/3/2024 23:30,1.255
1/3/2024 23:45,1.253
1/4/2024 0:00,1.249
1/4/2024 0:15,1.259
1/4/2024 0:30,1.259
1/4/2024 0:45,1.278
1/4/2024 1:00,1.327
1/4/2024 1:15,1.366
1/4/2024 1:30,1.403
1/4/2024 1:45,1.427
1/4/2024 2:00,1.453
1/4/2024 2:15,1.439
1/4/2024 2:30,1.4
1/4/2024 2:45,1.374
1/4/2024 3:00,1.354
1/4/2024 3:15,1.363
1/4/2024 3:30,1.378
1/4/2024 3:45,1.392
1/4/2024 4:00,1.424
1/4/2024 4:15,1.449
1/4/2024 4:30,1.455
1/4/2024 4:45,1.462
1/4/2024 5:00,1.488
1/4/2024 5:15,1.518
1/4/2024 5:30,1.527
1/4/2024 5:45,1.509
1/4/2024 6:00,1.496
1/4/2024 6:15,1.486
1/4/2024 6:30,1.475
1/4/2024 6:45,1.465
1/4/2024 7:00,1.447
1/4/2024 7:15,1.413
1/4/2024 7:30,1.411
1/4/2024 7:45,1.422
1/4/2024 8:00,1.458
1/4/2024 8:15,1.516
1/4/2024 8:30,1.611
1/4/2024 8:45,1.724
1/4/2024 9:00,2.057
1/4/2024 9:15,2.784
1/4/2024 9:30,3.296
1/4/2024 9:45,3.609
1/4/2024 10:00,3.773
1/4/2024 10:15,4.108
1/4/2024 10:30,4.684
1/4/2024 10:45,5.06
1/4/2024 11:00,5.399
1/4/2024 11:15,5.948
1/4/2024 11:30,6.111
1/4/2024 11:45,6.448
1/4/2024 12:00,6.794
1/4/2024 12:15,6.431
1/4/2024 12:30,6.344
1/4/2024 12:45,6.491
1/4/2024 13:00,6.301
1/4/2024 13:15,6.225
1/4/2024 13:30,6.045
1/4/2024 13:45,5.785
1/4/2024 14:00,5.49
1/4/2024 14:15,5.212
1/4/2024 14:30,4.944
1/4/2024 14:45,4.713
1/4/2024 15:00,4.528
1/4/2024 15:15,4.344
1/4/2024 15:30,4.132
1/4/2024 15:45,3.944
1/4/2024 16:00,3.775
1/4/2024 16:15,3.632
1/4/2024 16:30,3.497
1/4/2024 16:45,3.39
1/4/2024 17:00,3.286
1/4/2024 17:15,3.163
1/4/2024 17:30,3.015
1/4/2024 17:45,2.888
1/4/2024 18:00,2.816
1/4/2024 18:15,2.778
1/4/2024 18:30,2.721
1/4/2024 18:45,2.657
1/4/2024 19:00,2.594
1/4/2024 19:15,2.521
1/4/2024 19:30,2.458
1/4/2024 19:45,2.394
1/4/2024 20:00,2.359
1/4/2024 20:15,2.347
1/4/2024 20:30,2.354
1/4/2024 20:45,2.384
1/4/2024 21:00,2.436
1/4/2024 21:15,2.501
1/4/2024 21:30,2.566
1/4/2024 21:45,2.635
1/4/2024 22:00,2.684
1/4/2024 22:15,2.759
1/4/2024 22:30,2.834
1/4/2024 22:45,2.939
1/4/2024 23:00,3.028
1/4/2024 23:15,3.067
1/4/2024 23:30,3.058
1/4/2024 23:45,3.013
1/5/2024 0:00,2.945
1/5/2024 0:15,2.85
1/5/2024 0:30,2.738
1/5/2024 0:45,2.626
1/5/2024 1:00,2.511
1/5/2024 1:15,2.384
1/5/2024 1:30,2.222
1/5/2024 1:45,2.026
1/5/2024 2:00,1.829
1/5/2024 2:15,1.664
1/5/2024 2:30,1.522
1/5/2024 2:45,1.387
1/5/2024 3:00,1.295
1/5/2024 3:15,1.234
1/5/2024 3:30,1.23
1/5/2024 3:45,1.265
1/5/2024 4:00,1.264
1/5/2024 4:15,1.27
1/5/2024 4:30,1.278
1/5/2024 4:45,1.277
1/5/2024 5:00,1.248
1/5/2024 5:15,1.21
1/5/2024 5:30,1.177
1/5/2024 5:45,1.135
1/5/2024 6:00,1.1
1/5/2024 6:15,1.073
1/5/2024 6:30,1.045
1/5/2024 6:45,1.018
1/5/2024 7:00,0.956
1/5/2024 7:15,0.855
1/5/2024 7:30,0.719
1/5/2024 7:45,0.505
1/5/2024 8:00,0.27
1/5/2024 8:15,0.313
1/5/2024 8:30,0.788
1/5/2024 8:45,1.646
1/5/2024 9:00,2.781
1/5/2024 9:15,4.052
1/5/2024 9:30,5.739
1/5/2024 9:45,6.219
1/5/2024 10:00,6.575
1/5/2024 10:15,5.912
1/5/2024 10:30,5.334
1/5/2024 10:45,5.163
1/5/2024 11:00,5.169
1/5/2024 11:15,4.661
1/5/2024 11:30,4.312
1/5/2024 11:45,4.199
1/5/2024 12:00,4.221
1/5/2024 12:15,4.381
1/5/2024 12:30,4.38
1/5/2024 12:45,4.445
1/5/2024 13:00,4.664
1/5/2024 13:15,5.024
1/5/2024 13:30,5.296
1/5/2024 13:45,5.349
1/5/2024 14:00,5.227
1/5/2024 14:15,4.978
1/5/2024 14:30,4.739
1/5/2024 14:45,4.735
1/5/2024 15:00,4.889
1/5/2024 15:15,4.814
1/5/2024 15:30,4.358
1/5/2024 15:45,3.794
1/5/2024 16:00,3.192
1/5/2024 16:15,2.575
1/5/2024 16:30,1.97
1/5/2024 16:45,1.384
1/5/2024 17:00,0.851
1/5/2024 17:15,0.445
1/5/2024 17:30,0.2
1/5/2024 17:45,0.21
1/5/2024 18:00,0.278
1/5/2024 18:15,0.315
1/5/2024 18:30,0.163
1/5/2024 18:45,-0.129
1/5/2024 19:00,-0.356
1/5/2024 19:15,-0.427
1/5/2024 19:30,-0.302
1/5/2024 19:45,-0.221
1/5/2024 20:00,-0.247
1/5/2024 20:15,-0.299
1/5/2024 20:30,-0.371
1/5/2024 20:45,-0.428
1/5/2024 21:00,-0.479
1/5/2024 21:15,-0.554
1/5/2024 21:30,-0.54
1/5/2024 21:45,-0.488
1/5/2024 22:00,-0.428
1/5/2024 22:15,-0.387
1/5/2024 22:30,-0.333
1/5/2024 22:45,-0.267
1/5/2024 23:00,-0.177
1/5/2024 23:15,-0.081
1/5/2024 23:30,0.036
1/5/2024 23:45,0.099
1/6/2024 0:00,0.106
1/6/2024 0:15,0.133
1/6/2024 0:30,0.167
1/6/2024 0:45,0.192
1/6/2024 1:00,0.2
1/6/2024 1:15,0.236
1/6/2024 1:30,0.267
1/6/2024 1:45,0.302
1/6/2024 2:00,0.36
1/6/2024 2:15,0.416
1/6/2024 2:30,0.472
1/6/2024 2:45,0.451
1/6/2024 3:00,0.419
1/6/2024 3:15,0.47
1/6/2024 3:30,0.427
1/6/2024 3:45,0.374
1/6/2024 4:00,0.352
1/6/2024 4:15,0.357
1/6/2024 4:30,0.472
1/6/2024 4:45,0.526
1/6/2024 5:00,0.634
1/6/2024 5:15,0.71
1/6/2024 5:30,0.783
1/6/2024 5:45,0.977
1/6/2024 6:00,1.164
1/6/2024 6:15,1.227
1/6/2024 6:30,1.143
1/6/2024 6:45,1.002
1/6/2024 7:00,0.864
1/6/2024 7:15,0.78
1/6/2024 7:30,1.012
1/6/2024 7:45,1.292
1/6/2024 8:00,1.304
1/6/2024 8:15,1.099
1/6/2024 8:30,0.73
1/6/2024 8:45,0.472
1/6/2024 9:00,0.375
1/6/2024 9:15,0.381
1/6/2024 9:30,0.417
1/6/2024 9:45,0.429
1/6/2024 10:00,0.491
1/6/2024 10:15,0.574
1/6/2024 10:30,0.706
1/6/2024 10:45,0.772
1/6/2024 11:00,0.833
1/6/2024 11:15,0.898
1/6/2024 11:30,1.016
1/6/2024 11:45,1.129
1/6/2024 12:00,1.151
1/6/2024 12:15,1.17
1/6/2024 12:30,1.253
1/6/2024 12:45,1.415
1/6/2024 13:00,1.749
1/6/2024 13:15,2.03
1/6/2024 13:30,2.259
1/6/2024 13:45,2.532
1/6/2024 14:00,2.701
1/6/2024 14:15,2.796
1/6/2024 14:30,2.788
1/6/2024 14:45,2.569
1/6/2024 15:00,2.316
1/6/2024 15:15,1.988
1/6/2024 15:30,1.671
1/6/2024 15:45,1.515
1/6/2024 16:00,1.346
1/6/2024 16:15,1.14
1/6/2024 16:30,0.969
1/6/2024 16:45,0.854
1/6/2024 17:00,0.777
1/6/2024 17:15,0.724
1/6/2024 17:30,0.648
1/6/2024 17:45,0.506
1/6/2024 18:00,0.309
1/6/2024 18:15,0.106
1/6/2024 18:30,-0.104
1/6/2024 18:45,-0.311
1/6/2024 19:00,-0.493
1/6/2024 19:15,-0.539
1/6/2024 19:30,-0.637
1/6/2024 19:45,-0.837
1/6/2024 20:00,-1.104
1/6/2024 20:15,-1.361
1/6/2024 20:30,-1.6
1/6/2024 20:45,-1.809
1/6/2024 21:00,-1.977
1/6/2024 21:15,-2.06
1/6/2024 21:30,-1.921
1/6/2024 21:45,-1.722
1/6/2024 22:00,-1.494
1/6/2024 22:15,-1.307
1/6/2024 22:30,-1.213
1/6/2024 22:45,-1.201
1/6/2024 23:00,-1.22
1/6/2024 23:15,-1.244
1/6/2024 23:30,-1.288
1/6/2024 23:45,-1.305
1/7/2024 0:00,-1.331
1/7/2024 0:15,-1.394
1/7/2024 0:30,-1.5
1/7/2024 0:45,-1.676
1/7/2024 1:00,-1.851
1/7/2024 1:15,-1.983
1/7/2024 1:30,-2.055
1/7/2024 1:45,-2.15
1/7/2024 2:00,-2.287
1/7/2024 2:15,-2.408
1/7/2024 2:30,-2.516
1/7/2024 2:45,-2.592
1/7/2024 3:00,-2.65
1/7/2024 3:15,-2.666
1/7/2024 3:30,-2.593
1/7/2024 3:45,-2.478
1/7/2024 4:00,-2.6
1/7/2024 4:15,-2.815
1/7/2024 4:30,-2.916
1/7/2024 4:45,-3.291
1/7/2024 5:00,-3.801
1/7/2024 5:15,-4.317
1/7/2024 5:30,-4.856
1/7/2024 5:45,-5.145
1/7/2024 6:00,-5.214
1/7/2024 6:15,-5.129
1/7/2024 6:30,-5.036
1/7/2024 6:45,-4.94
1/7/2024 7:00,-4.929
1/7/2024 7:15,-5.046
1/7/2024 7:30,-5.188
1/7/2024 7:45,-5.408
1/7/2024 8:00,-5.792
1/7/2024 8:15,-6.019
1/7/2024 8:30,-6.29
1/7/2024 8:45,-6.435
1/7/2024 9:00,-6.14
1/7/2024 9:15,-5.718
1/7/2024 9:30,-5.002
1/7/2024 9:45,-3.606
1/7/2024 10:00,-2.266
1/7/2024 10:15,-1.161
1/7/2024 10:30,-0.134
1/7/2024 10:45,0.571
1/7/2024 11:00,1.161
1/7/2024 11:15,1.625
1/7/2024 11:30,2.004
1/7/2024 11:45,2.347
1/7/2024 12:00,2.657
1/7/2024 12:15,3.037
1/7/2024 12:30,3.2
1/7/2024 12:45,3.097
1/7/2024 13:00,2.898
1/7/2024 13:15,2.798
1/7/2024 13:30,2.627
1/7/2024 13:45,2.416
1/7/2024 14:00,2.224
1/7/2024 14:15,2.091
1/7/2024 14:30,1.95
1/7/2024 14:45,1.767
1/7/2024 15:00,1.589
1/7/2024 15:15,1.334
1/7/2024 15:30,0.86
1/7/2024 15:45,0.33
1/7/2024 16:00,-0.261
1/7/2024 16:15,-1.071
1/7/2024 16:30,-2.069
1/7/2024 16:45,-3.331
1/7/2024 17:00,-4.59
1/7/2024 17:15,-5.74
1/7/2024 17:30,-6.733
1/7/2024 17:45,-7.63
1/7/2024 18:00,-8.38
1/7/2024 18:15,-9.01
1/7/2024 18:30,-9.57
1/7/2024 18:45,-9.98
1/7/2024 19:00,-10.41
1/7/2024 19:15,-10.8
1/7/2024 19:30,-11.06
1/7/2024 19:45,-11.41
1/7/2024 20:00,-11.66
1/7/2024 20:15,-11.92
1/7/2024 20:30,-12.24
1/7/2024 20:45,-12.4
1/7/2024 21:00,-12.68
1/7/2024 21:15,-12.81
1/7/2024 21:30,-12.83
1/7/2024 21:45,-12.55
1/7/2024 22:00,-12
1/7/2024 22:15,-11.14
1/7/2024 22:30,-10.32
1/7/2024 22:45,-9.74
1/7/2024 23:00,-9.45
1/7/2024 23:15,-9.37
1/7/2024 23:30,-9.3
1/7/2024 23:45,-9.17
1/8/2024 0:00,-8.98
1/8/2024 0:15,-8.66
1/8/2024 0:30,-8.24
1/8/2024 0:45,-7.777
1/8/2024 1:00,-7.201
1/8/2024 1:15,-6.6
1/8/2024 1:30,-6.081
1/8/2024 1:45,-5.642
1/8/2024 2:00,-5.281
1/8/2024 2:15,-4.987
1/8/2024 2:30,-4.76
1/8/2024 2:45,-4.544
1/8/2024 3:00,-4.375
1/8/2024 3:15,-4.212
1/8/2024 3:30,-4.112
1/8/2024 3:45,-4.016
1/8/2024 4:00,-3.879
1/8/2024 4:15,-3.755
1/8/2024 4:30,-3.614
1/8/2024 4:45,-3.478
1/8/2024 5:00,-3.378
1/8/2024 5:15,-3.274
1/8/2024 5:30,-3.193
1/8/2024 5:45,-3.124
1/8/2024 6:00,-3.094
1/8/2024 6:15,-3.091
1/8/2024 6:30,-3.067
1/8/2024 6:45,-3.039
1/8/2024 7:00,-2.999
1/8/2024 7:15,-3.002
1/8/2024 7:30,-3.059
1/8/2024 7:45,-3.121
1/8/2024 8:00,-3.172
1/8/2024 8:15,-3.19
1/8/2024 8:30,-3.12
1/8/2024 8:45,-2.982
1/8/2024 9:00,-2.79
1/8/2024 9:15,-2.546
1/8/2024 9:30,-2.293
1/8/2024 9:45,-2.034
1/8/2024 10:00,-1.751
1/8/2024 10:15,-1.398
1/8/2024 10:30,-0.971
1/8/2024 10:45,-0.53
1/8/2024 11:00,-0.093
1/8/2024 11:15,0.358
1/8/2024 11:30,0.719
1/8/2024 11:45,0.999
1/8/2024 12:00,1.19
1/8/2024 12:15,1.288
1/8/2024 12:30,1.358
1/8/2024 12:45,1.364
1/8/2024 13:00,1.389
1/8/2024 13:15,1.312
1/8/2024 13:30,1.084
1/8/2024 13:45,0.66
1/8/2024 14:00,0.307
1/8/2024 14:15,0.183
1/8/2024 14:30,0.169
1/8/2024 14:45,0.137
1/8/2024 15:00,0.034
1/8/2024 15:15,-0.118
1/8/2024 15:30,-0.363
1/8/2024 15:45,-0.673
1/8/2024 16:00,-1.094
1/8/2024 16:15,-1.51
1/8/2024 16:30,-1.762
1/8/2024 16:45,-1.813
1/8/2024 17:00,-1.752
1/8/2024 17:15,-1.673
1/8/2024 17:30,-1.582
1/8/2024 17:45,-1.497
1/8/2024 18:00,-1.434
1/8/2024 18:15,-1.417
1/8/2024 18:30,-1.424
1/8/2024 18:45,-1.464
1/8/2024 19:00,-1.5
1/8/2024 19:15,-1.514
1/8/2024 19:30,-1.53
1/8/2024 19:45,-1.561
1/8/2024 20:00,-1.612
1/8/2024 20:15,-1.631
1/8/2024 20:30,-1.588
1/8/2024 20:45,-1.493
1/8/2024 21:00,-1.37
1/8/2024 21:15,-1.194
1/8/2024 21:30,-1.248
1/8/2024 21:45,-1.258
1/8/2024 22:00,-1.19
1/8/2024 22:15,-1.103
1/8/2024 22:30,-0.973
1/8/2024 22:45,-0.816
1/8/2024 23:00,-0.682
1/8/2024 23:15,-0.678
1/8/2024 23:30,-0.589
1/8/2024 23:45,-0.533
1/9/2024 0:00,-0.51
1/9/2024 0:15,-0.473
1/9/2024 0:30,-0.36
1/9/2024 0:45,-0.311
1/9/2024 1:00,-0.308
1/9/2024 1:15,-0.285
1/9/2024 1:30,-0.201
1/9/2024 1:45,0.063
1/9/2024 2:00,0.249
1/9/2024 2:15,0.331
1/9/2024 2:30,0.391
1/9/2024 2:45,0.401
1/9/2024 3:00,0.368
1/9/2024 3:15,0.419
1/9/2024 3:30,0.49
1/9/2024 3:45,0.491
1/9/2024 4:00,0.52
1/9/2024 4:15,0.658
1/9/2024 4:30,0.754
1/9/2024 4:45,0.814
1/9/2024 5:00,0.867
1/9/2024 5:15,0.724
1/9/2024 5:30,0.713
1/9/2024 5:45,0.934
1/9/2024 6:00,1.468
1/9/2024 6:15,1.892
1/9/2024 6:30,2.069
1/9/2024 6:45,2.077
1/9/2024 7:00,1.996
1/9/2024 7:15,1.939
1/9/2024 7:30,1.897
1/9/2024 7:45,1.861
1/9/2024 8:00,1.837
1/9/2024 8:15,1.808
1/9/2024 8:30,1.824
1/9/2024 8:45,1.939
1/9/2024 9:00,2.124
1/9/2024 9:15,2.303
1/9/2024 9:30,2.393
1/9/2024 9:45,2.927
1/9/2024 10:00,3.255
1/9/2024 10:15,3.188
1/9/2024 10:30,3.196
1/9/2024 10:45,3.241
1/9/2024 11:00,3.274
1/9/2024 11:15,3.398
1/9/2024 11:30,3.262
1/9/2024 11:45,3.014
1/9/2024 12:00,2.838
1/9/2024 12:15,2.701
1/9/2024 12:30,2.717
1/9/2024 12:45,2.661
1/9/2024 13:00,2.602
1/9/2024 13:15,2.607
1/9/2024 13:30,2.567
1/9/2024 13:45,2.516
1/9/2024 14:00,2.485
1/9/2024 14:15,2.487
1/9/2024 14:30,2.491
1/9/2024 14:45,2.455
1/9/2024 15:00,2.374
1/9/2024 15:15,2.219
1/9/2024 15:30,2.029
1/9/2024 15:45,1.899
1/9/2024 16:00,1.731
1/9/2024 16:15,1.674
1/9/2024 16:30,1.652
1/9/2024 16:45,1.596
1/9/2024 17:00,1.547
1/9/2024 17:15,1.502
1/9/2024 17:30,1.448
1/9/2024 17:45,1.378
1/9/2024 18:00,1.39
1/9/2024 18:15,1.405
1/9/2024 18:30,1.362
1/9/2024 18:45,1.29
1/9/2024 19:00,1.104
1/9/2024 19:15,0.972
1/9/2024 19:30,0.866
1/9/2024 19:45,0.753
1/9/2024 20:00,0.726
1/9/2024 20:15,0.688
1/9/2024 20:30,0.656
1/9/2024 20:45,0.621
1/9/2024 21:00,0.507
1/9/2024 21:15,0.38
1/9/2024 21:30,0.214
1/9/2024 21:45,0.019
1/9/2024 22:00,-0.203
1/9/2024 22:15,-0.387
1/9/2024 22:30,-0.513
1/9/2024 22:45,-0.625
1/9/2024 23:00,-0.708
1/9/2024 23:15,-0.737
1/9/2024 23:30,-0.795
1/9/2024 23:45,-0.933
1/10/2024 0:00,-1.083
1/10/2024 0:15,-1.223
1/10/2024 0:30,-1.357
1/10/2024 0:45,-1.483
1/10/2024 1:00,-1.576
1/10/2024 1:15,-1.549
1/10/2024 1:30,-1.344
1/10/2024 1:45,-1.11
1/10/2024 2:00,-0.972
1/10/2024 2:15,-1.056
1/10/2024 2:30,-1.262
1/10/2024 2:45,-1.397
1/10/2024 3:00,-1.521
1/10/2024 3:15,-1.669
1/10/2024 3:30,-1.684
1/10/2024 3:45,-1.685
1/10/2024 4:00,-1.671
1/10/2024 4:15,-1.653
1/10/2024 4:30,-1.686
1/10/2024 4:45,-1.684
1/10/2024 5:00,-1.622
1/10/2024 5:15,-1.544
1/10/2024 5:30,-1.505
1/10/2024 5:45,-1.499
1/10/2024 6:00,-1.525
1/10/2024 6:15,-1.596
1/10/2024 6:30,-1.664
1/10/2024 6:45,-1.695
1/10/2024 7:00,-1.739
1/10/2024 7:15,-1.765
1/10/2024 7:30,-1.766
1/10/2024 7:45,-1.763
1/10/2024 8:00,-1.725
1/10/2024 8:15,-1.611
1/10/2024 8:30,-1.46
1/10/2024 8:45,-1.194
1/10/2024 9:00,-0.909
1/10/2024 9:15,-0.658
1/10/2024 9:30,-0.535
1/10/2024 9:45,-0.579
1/10/2024 10:00,-0.555
1/10/2024 10:15,-0.455
1/10/2024 10:30,-0.245
1/10/2024 10:45,0.083
1/10/2024 11:00,-0.005
1/10/2024 11:15,-0.06
1/10/2024 11:30,-0.085
1/10/2024 11:45,-0.058
1/10/2024 12:00,0.109
1/10/2024 12:15,0.65
1/10/2024 12:30,1.057
1/10/2024 12:45,0.945
1/10/2024 13:00,0.984
1/10/2024 13:15,1.262
1/10/2024 13:30,1.699
1/10/2024 13:45,1.859
1/10/2024 14:00,1.65
1/10/2024 14:15,1.596
1/10/2024 14:30,1.414
1/10/2024 14:45,1.206
1/10/2024 15:00,1.08
1/10/2024 15:15,0.926
1/10/2024 15:30,0.759
1/10/2024 15:45,0.501
1/10/2024 16:00,0.238
1/10/2024 16:15,0.006
1/10/2024 16:30,-0.197
1/10/2024 16:45,-0.355
1/10/2024 17:00,-0.484
1/10/2024 17:15,-0.635
1/10/2024 17:30,-0.76
1/10/2024 17:45,-0.825
1/10/2024 18:00,-0.858
1/10/2024 18:15,-0.883
1/10/2024 18:30,-0.91
1/10/2024 18:45,-0.937
1/10/2024 19:00,-0.965
1/10/2024 19:15,-0.995
1/10/2024 19:30,-1.032
1/10/2024 19:45,-1.082
1/10/2024 20:00,-1.12
1/10/2024 20:15,-1.109
1/10/2024 20:30,-1.094
1/10/2024 20:45,-1.091
1/10/2024 21:00,-1.085
1/10/2024 21:15,-1.083
1/10/2024 21:30,-1.096
1/10/2024 21:45,-1.118
1/10/2024 22:00,-1.135
1/10/2024 22:15,-1.158
1/10/2024 22:30,-1.175
1/10/2024 22:45,-1.192
1/10/2024 23:00,-1.199
1/10/2024 23:15,-1.22
1/10/2024 23:30,-1.239
1/10/2024 23:45,-1.253
1/11/2024 0:00,-1.252
1/11/2024 0:15,-1.245
1/11/2024 0:30,-1.251
1/11/2024 0:45,-1.259
1/11/2024 1:00,-1.268
1/11/2024 1:15,-1.258
1/11/2024 1:30,-1.25
1/11/2024 1:45,-1.251
1/11/2024 2:00,-1.251
1/11/2024 2:15,-1.254
1/11/2024 2:30,-1.275
1/11/2024 2:45,-1.303
1/11/2024 3:00,-1.33
1/11/2024 3:15,-1.363
1/11/2024 3:30,-1.398
1/11/2024 3:45,-1.433
1/11/2024 4:00,-1.485
1/11/2024 4:15,-1.595
1/11/2024 4:30,-1.682
1/11/2024 4:45,-1.734
1/11/2024 5:00,-1.763
1/11/2024 5:15,-1.767
1/11/2024 5:30,-1.751
1/11/2024 5:45,-1.717
1/11/2024 6:00,-1.681
1/11/2024 6:15,-1.697
1/11/2024 6:30,-1.762
1/11/2024 6:45,-1.868
1/11/2024 7:00,-1.962
1/11/2024 7:15,-1.919
1/11/2024 7:30,-1.845
1/11/2024 7:45,-1.737
1/11/2024 8:00,-1.62
1/11/2024 8:15,-1.397
1/11/2024 8:30,-1.193
1/11/2024 8:45,-1.037
1/11/2024 9:00,-0.752
1/11/2024 9:15,-0.572
1/11/2024 9:30,-0.519
1/11/2024 9:45,-0.39
1/11/2024 10:00,0.181
1/11/2024 10:15,1.021
1/11/2024 10:30,1.005
1/11/2024 10:45,0.322
1/11/2024 11:00,-0.177
1/11/2024 11:15,-0.651
1/11/2024 11:30,-1.243
1/11/2024 11:45,-1.05
1/11/2024 12:00,-0.737
1/11/2024 12:15,-0.35
1/11/2024 12:30,-0.171
1/11/2024 12:45,0.247
1/11/2024 13:00,1.306
1/11/2024 13:15,1.242
1/11/2024 13:30,0.611
1/11/2024 13:45,-0.086
1/11/2024 14:00,-0.483
1/11/2024 14:15,-0.712
1/11/2024 14:30,-0.811
1/11/2024 14:45,-0.866
1/11/2024 15:00,-1.301
1/11/2024 15:15,-1.86
1/11/2024 15:30,-2.371
1/11/2024 15:45,-2.827
1/11/2024 16:00,-3.036
1/11/2024 16:15,-3.174
1/11/2024 16:30,-3.263
1/11/2024 16:45,-3.293
1/11/2024 17:00,-3.293
1/11/2024 17:15,-3.394
1/11/2024 17:30,-3.531
1/11/2024 17:45,-3.67
1/11/2024 18:00,-3.753
1/11/2024 18:15,-3.783
1/11/2024 18:30,-3.799
1/11/2024 18:45,-3.827
1/11/2024 19:00,-3.968
1/11/2024 19:15,-4.225
1/11/2024 19:30,-4.435
1/11/2024 19:45,-4.547
1/11/2024 20:00,-4.659
1/11/2024 20:15,-4.786
1/11/2024 20:30,-4.89
1/11/2024 20:45,-4.908
1/11/2024 21:00,-4.84
1/11/2024 21:15,-4.78
1/11/2024 21:30,-4.744
1/11/2024 21:45,-4.808
1/11/2024 22:00,-5.204
1/11/2024 22:15,-5.788
1/11/2024 22:30,-6.137
1/11/2024 22:45,-6.409
1/11/2024 23:00,-6.638
1/11/2024 23:15,-6.899
1/11/2024 23:30,-7.129
1/11/2024 23:45,-7.355
1/12/2024 0:00,-7.515
1/12/2024 0:15,-7.91
1/12/2024 0:30,-8.24
1/12/2024 0:45,-8.31
1/12/2024 1:00,-8.27
1/12/2024 1:15,-8.24
1/12/2024 1:30,-8.38
1/12/2024 1:45,-8.55
1/12/2024 2:00,-8.87
1/12/2024 2:15,-9.14
1/12/2024 2:30,-9.43
1/12/2024 2:45,-9.5
1/12/2024 3:00,-9.54
1/12/2024 3:15,-9.62
1/12/2024 3:30,-9.73
1/12/2024 3:45,-9.88
1/12/2024 4:00,-10.15
1/12/2024 4:15,-10.44
1/12/2024 4:30,-10.73
1/12/2024 4:45,-10.86
1/12/2024 5:00,-11.02
1/12/2024 5:15,-11.23
1/12/2024 5:30,-11.48
1/12/2024 5:45,-11.69
1/12/2024 6:00,-11.78
1/12/2024 6:15,-11.77
1/12/2024 6:30,-11.76
1/12/2024 6:45,-11.81
1/12/2024 7:00,-11.97
1/12/2024 7:15,-12.1
1/12/2024 7:30,-12.16
1/12/2024 7:45,-12.23
1/12/2024 8:00,-12.37
1/12/2024 8:15,-12.47
1/12/2024 8:30,-12.61
1/12/2024 8:45,-12.86
1/12/2024 9:00,-13.18
1/12/2024 9:15,-13.47
1/12/2024 9:30,-13.65
1/12/2024 9:45,-13.6
1/12/2024 10:00,-13.32
1/12/2024 10:15,-12.33
1/12/2024 10:30,-11.96
1/12/2024 10:45,-11.84
1/12/2024 11:00,-10.86
1/12/2024 11:15,-9.6
1/12/2024 11:30,-8.68
1/12/2024 11:45,-7.387
1/12/2024 12:00,-6.547
1/12/2024 12:15,-6.394
1/12/2024 12:30,-6.203
1/12/2024 12:45,-5.979
1/12/2024 13:00,-7.398
1/12/2024 13:15,-9.5
1/12/2024 13:30,-10.03
1/12/2024 13:45,-10.31
1/12/2024 14:00,-10.69
1/12/2024 14:15,-11.19
1/12/2024 14:30,-12.06
1/12/2024 14:45,-13.07
1/12/2024 15:00,-14.04
1/12/2024 15:15,-14.99
1/12/2024 15:30,-15.93
1/12/2024 15:45,-16.65
1/12/2024 16:00,-17.26
1/12/2024 16:15,-17.96
1/12/2024 16:30,-18.79
1/12/2024 16:45,-19.48
1/12/2024 17:00,-20.05
1/12/2024 17:15,-20.81
1/12/2024 17:30,-21.38
1/12/2024 17:45,-21.81
1/12/2024 18:00,-21.81
1/12/2024 18:15,-21.77
1/12/2024 18:30,-21.74
1/12/2024 18:45,-21.78
1/12/2024 19:00,-21.89
1/12/2024 19:15,-22.34
1/12/2024 19:30,-22.42
1/12/2024 19:45,-22.34
1/12/2024 20:00,-22.54
1/12/2024 20:15,-22.97
1/12/2024 20:30,-23.26
1/12/2024 20:45,-23.47
1/12/2024 21:00,-23.61
1/12/2024 21:15,-23.68
1/12/2024 21:30,-23.84
1/12/2024 21:45,-24.06
1/12/2024 22:00,-24.23
1/12/2024 22:15,-24.59
1/12/2024 22:30,-24.92
1/12/2024 22:45,-25.08
1/12/2024 23:00,-25.23
1/12/2024 23:15,-25.3
1/12/2024 23:30,-25.33
1/12/2024 23:45,-25.44
1/13/2024 0:00,-25.7
1/13/2024 0:15,-26.01
1/13/2024 0:30,-26.13
1/13/2024 0:45,-26.3
1/13/2024 1:00,-26.41
1/13/2024 1:15,-26.65
1/13/2024 1:30,-26.64
1/13/2024 1:45,-26.55
1/13/2024 2:00,-26.37
1/13/2024 2:15,-26.16
1/13/2024 2:30,-25.95
1/13/2024 2:45,-25.93
1/13/2024 3:00,-25.89
1/13/2024 3:15,-25.74
1/13/2024 3:30,-25.48
1/13/2024 3:45,-25.08
1/13/2024 4:00,-24.91
1/13/2024 4:15,-24.97
1/13/2024 4:30,-25
1/13/2024 4:45,-24.89
1/13/2024 5:00,-24.83
1/13/2024 5:15,-24.85
1/13/2024 5:30,-24.86
1/13/2024 5:45,-24.82
1/13/2024 6:00,-24.65
1/13/2024 6:15,-24.46
1/13/2024 6:30,-24.27
1/13/2024 6:45,-24.03
1/13/2024 7:00,-23.92
1/13/2024 7:15,-23.94
1/13/2024 7:30,-23.95
1/13/2024 7:45,-23.87
1/13/2024 8:00,-23.65
1/13/2024 8:15,-22.91
1/13/2024 8:30,-21.63
1/13/2024 8:45,-20.11
1/13/2024 9:00,-18.82
1/13/2024 9:15,-17.55
1/13/2024 9:30,-16.01
1/13/2024 9:45,-14.62
1/13/2024 10:00,-13.19
1/13/2024 10:15,-12.29
1/13/2024 10:30,-12.04
1/13/2024 10:45,-11.72
1/13/2024 11:00,-11.3
1/13/2024 11:15,-11.05
1/13/2024 11:30,-10.97
1/13/2024 11:45,-10.69
1/13/2024 12:00,-10.21
1/13/2024 12:15,-10.05
1/13/2024 12:30,-10.4
1/13/2024 12:45,-10.97
1/13/2024 13:00,-11.67
1/13/2024 13:15,-12.12
1/13/2024 13:30,-12.12
1/13/2024 13:45,-12.12
1/13/2024 14:00,-12.23
1/13/2024 14:15,-12.39
1/13/2024 14:30,-12.46
1/13/2024 14:45,-12.69
1/13/2024 15:00,-13.09
1/13/2024 15:15,-13.77
1/13/2024 15:30,-14.42
1/13/2024 15:45,-14.81
1/13/2024 16:00,-14.95
1/13/2024 16:15,-14.99
1/13/2024 16:30,-15.1
1/13/2024 16:45,-15.2
1/13/2024 17:00,-15.31
1/13/2024 17:15,-15.36
1/13/2024 17:30,-15.41
1/13/2024 17:45,-15.48
1/13/2024 18:00,-15.62
1/13/2024 18:15,-15.81
1/13/2024 18:30,-15.96
1/13/2024 18:45,-16.09
1/13/2024 19:00,-16.2
1/13/2024 19:15,-16.25
1/13/2024 19:30,-16.46
1/13/2024 19:45,-16.74
1/13/2024 20:00,-16.95
1/13/2024 20:15,-17.1
1/13/2024 20:30,-17.26
1/13/2024 20:45,-17.45
1/13/2024 21:00,-17.59
1/13/2024 21:15,-17.74
1/13/2024 21:30,-17.99
1/13/2024 21:45,-18.32
1/13/2024 22:00,-18.49
1/13/2024 22:15,-18.71
1/13/2024 22:30,-18.9
1/13/2024 22:45,-19.08
1/13/2024 23:00,-19.31
1/13/2024 23:15,-19.6
1/13/2024 23:30,-19.89
1/13/2024 23:45,-20.18
1/14/2024 0:00,-20.43
1/14/2024 0:15,-20.65
1/14/2024 0:30,-20.87
1/14/2024 0:45,-21.07
1/14/2024 1:00,-21.25
1/14/2024 1:15,-21.45
1/14/2024 1:30,-21.62
1/14/2024 1:45,-21.7
1/14/2024 2:00,-21.58
1/14/2024 2:15,-21.31
1/14/2024 2:30,-21.01
1/14/2024 2:45,-20.71
1/14/2024 3:00,-20.3
1/14/2024 3:15,-19.84
1/14/2024 3:30,-19.34
1/14/2024 3:45,-18.98
1/14/2024 4:00,-18.67
1/14/2024 4:15,-18.3
1/14/2024 4:30,-17.88
1/14/2024 4:45,-17.51
1/14/2024 5:00,-17.15
1/14/2024 5:15,-16.84
1/14/2024 5:30,-16.54
1/14/2024 5:45,-16.28
1/14/2024 6:00,-16.02
1/14/2024 6:15,-15.78
1/14/2024 6:30,-15.6
1/14/2024 6:45,-15.44
1/14/2024 7:00,-15.27
1/14/2024 7:15,-15.15
1/14/2024 7:30,-15.03
1/14/2024 7:45,-14.9
1/14/2024 8:00,-14.83
1/14/2024 8:15,-14.79
1/14/2024 8:30,-14.72
1/14/2024 8:45,-14.53
1/14/2024 9:00,-14.14
1/14/2024 9:15,-13.78
1/14/2024 9:30,-13.29
1/14/2024 9:45,-12.6
1/14/2024 10:00,-12.07
1/14/2024 10:15,-11.45
1/14/2024 10:30,-11.02
1/14/2024 10:45,-10.5
1/14/2024 11:00,-9.93
1/14/2024 11:15,-9.36
1/14/2024 11:30,-8.85
1/14/2024 11:45,-8.6
1/14/2024 12:00,-8.67
1/14/2024 12:15,-8.98
1/14/2024 12:30,-9.26
1/14/2024 12:45,-9.44
1/14/2024 13:00,-9.59
1/14/2024 13:15,-9.61
1/14/2024 13:30,-9.75
1/14/2024 13:45,-9.77
1/14/2024 14:00,-9.65
1/14/2024 14:15,-9.57
1/14/2024 14:30,-9.44
1/14/2024 14:45,-9.52
1/14/2024 15:00,-9.8
1/14/2024 15:15,-10.07
1/14/2024 15:30,-10.29
1/14/2024 15:45,-10.6
1/14/2024 16:00,-10.82
1/14/2024 16:15,-11.11
1/14/2024 16:30,-11.49
1/14/2024 16:45,-11.9
1/14/2024 17:00,-12.32
1/14/2024 17:15,-12.72
1/14/2024 17:30,-13.08
1/14/2024 17:45,-13.48
1/14/2024 18:00,-13.84
1/14/2024 18:15,-14.14
1/14/2024 18:30,-14.53
1/14/2024 18:45,-15.24
1/14/2024 19:00,-15.95
1/14/2024 19:15,-16.72
1/14/2024 19:30,-17.36
1/14/2024 19:45,-17.77
1/14/2024 20:00,-18.16
1/14/2024 20:15,-18.62
1/14/2024 20:30,-18.98
1/14/2024 20:45,-19.33
1/14/2024 21:00,-19.62
1/14/2024 21:15,-19.7
1/14/2024 21:30,-19.82
1/14/2024 21:45,-20.15
1/14/2024 22:00,-20.54
1/14/2024 22:15,-20.9
1/14/2024 22:30,-21.14
1/14/2024 22:45,-21.54
1/14/2024 23:00,-21.78
1/14/2024 23:15,-22.04
1/14/2024 23:30,-22.24
1/14/2024 23:45,-22.43
1/15/2024 0:00,-22.66
1/15/2024 0:15,-22.79
1/15/2024 0:30,-22.94
1/15/2024 0:45,-23.11
1/15/2024 1:00,-23.14
1/15/2024 1:15,-23.22
1/15/2024 1:30,-23.25
1/15/2024 1:45,-23.29
1/15/2024 2:00,-23.44
1/15/2024 2:15,-23.54
1/15/2024 2:30,-23.7
1/15/2024 2:45,-23.66
1/15/2024 3:00,-23.52
1/15/2024 3:15,-23.43
1/15/2024 3:30,-23.34
1/15/2024 3:45,-23.24
1/15/2024 4:00,-23.07
1/15/2024 4:15,-22.93
1/15/2024 4:30,-22.78
1/15/2024 4:45,-22.73
1/15/2024 5:00,-22.58
1/15/2024 5:15,-22.54
1/15/2024 5:30,-22.5
1/15/2024 5:45,-22.47
1/15/2024 6:00,-22.35
1/15/2024 6:15,-22.23
1/15/2024 6:30,-22.03
1/15/2024 6:45,-21.81
1/15/2024 7:00,-21.41
1/15/2024 7:15,-20.84
1/15/2024 7:30,-20.29
1/15/2024 7:45,-19.92
1/15/2024 8:00,-19.7
1/15/2024 8:15,-19.45
1/15/2024 8:30,-18.98
1/15/2024 8:45,-18.37
1/15/2024 9:00,-17.42
1/15/2024 9:15,-15.67
1/15/2024 9:30,-13.17
1/15/2024 9:45,-10.98
1/15/2024 10:00,-9.68
1/15/2024 10:15,-9.51
1/15/2024 10:30,-9.84
1/15/2024 10:45,-9.1
1/15/2024 11:00,-8.34
1/15/2024 11:15,-7.916
1/15/2024 11:30,-6.801
1/15/2024 11:45,-5.86
1/15/2024 12:00,-4.939
1/15/2024 12:15,-4.284
1/15/2024 12:30,-4.098
1/15/2024 12:45,-4.444
1/15/2024 13:00,-4.61
1/15/2024 13:15,-4.749
1/15/2024 13:30,-4.728
1/15/2024 13:45,-4.867
1/15/2024 14:00,-5.23
1/15/2024 14:15,-5.321
1/15/2024 14:30,-5.726
1/15/2024 14:45,-6.423
1/15/2024 15:00,-7.189
1/15/2024 15:15,-7.917
1/15/2024 15:30,-8.76
1/15/2024 15:45,-9.72
1/15/2024 16:00,-10.72
1/15/2024 16:15,-11.71
1/15/2024 16:30,-12.61
1/15/2024 16:45,-13.45
1/15/2024 17:00,-14.14
1/15/2024 17:15,-14.77
1/15/2024 17:30,-15.21
1/15/2024 17:45,-15.55
1/15/2024 18:00,-15.84
1/15/2024 18:15,-16.05
1/15/2024 18:30,-16.26
1/15/2024 18:45,-16.56
1/15/2024 19:00,-16.75
1/15/2024 19:15,-16.87
1/15/2024 19:30,-16.92
1/15/2024 19:45,-16.97
1/15/2024 20:00,-17.07
1/15/2024 20:15,-17.15
1/15/2024 20:30,-17.23
1/15/2024 20:45,-17.29
1/15/2024 21:00,-17.31
1/15/2024 21:15,-17.29
1/15/2024 21:30,-17.27
1/15/2024 21:45,-17.25
1/15/2024 22:00,-17.25
1/15/2024 22:15,-17.25
1/15/2024 22:30,-17.18
1/15/2024 22:45,-16.74
1/15/2024 23:00,-16.1
1/15/2024 23:15,-15.51
1/15/2024 23:30,-15.08
1/15/2024 23:45,-14.73
1/16/2024 0:00,-14.47
1/16/2024 0:15,-14.29
1/16/2024 0:30,-14.1
1/16/2024 0:45,-13.89
1/16/2024 1:00,-13.69
1/16/2024 1:15,-13.49
1/16/2024 1:30,-13.26
1/16/2024 1:45,-12.99
1/16/2024 2:00,-12.72
1/16/2024 2:15,-12.58
1/16/2024 2:30,-12.66
1/16/2024 2:45,-12.87
1/16/2024 3:00,-13.14
1/16/2024 3:15,-13.4
1/16/2024 3:30,-13.51
1/16/2024 3:45,-13.48
1/16/2024 4:00,-13.21
1/16/2024 4:15,-12.98
1/16/2024 4:30,-12.82
1/16/2024 4:45,-12.72
1/16/2024 5:00,-12.69
1/16/2024 5:15,-12.56
1/16/2024 5:30,-12.36
1/16/2024 5:45,-12.21
1/16/2024 6:00,-12.13
1/16/2024 6:15,-12.22
1/16/2024 6:30,-12.47
1/16/2024 6:45,-12.74
1/16/2024 7:00,-12.97
1/16/2024 7:15,-13.25
1/16/2024 7:30,-13.27
1/16/2024 7:45,-12.94
1/16/2024 8:00,-12.58
1/16/2024 8:15,-12.09
1/16/2024 8:30,-11.48
1/16/2024 8:45,-10.76
1/16/2024 9:00,-9.95
1/16/2024 9:15,-8.96
1/16/2024 9:30,-7.423
1/16/2024 9:45,-6.218
1/16/2024 10:00,-5.165
1/16/2024 10:15,-4.662
1/16/2024 10:30,-4.24
1/16/2024 10:45,-4.169
1/16/2024 11:00,-4.584
1/16/2024 11:15,-4.652
1/16/2024 11:30,-4.725
1/16/2024 11:45,-4.185
1/16/2024 12:00,-3.829
1/16/2024 12:15,-3.005
1/16/2024 12:30,-2.437
1/16/2024 12:45,-1.962
1/16/2024 13:00,-1.817
1/16/2024 13:15,-2.549
1/16/2024 13:30,-3.66
1/16/2024 13:45,-4.519
1/16/2024 14:00,-4.524
1/16/2024 14:15,-4.168
1/16/2024 14:30,-3.845
1/16/2024 14:45,-4.264
1/16/2024 15:00,-5.09
1/16/2024 15:15,-5.738
1/16/2024 15:30,-6.521
1/16/2024 15:45,-7.3
1/16/2024 16:00,-8.17
1/16/2024 16:15,-8.83
1/16/2024 16:30,-9.32
1/16/2024 16:45,-9.88
1/16/2024 17:00,-10.37
1/16/2024 17:15,-10.66
1/16/2024 17:30,-10.52
1/16/2024 17:45,-10.28
1/16/2024 18:00,-10.02
1/16/2024 18:15,-9.77
1/16/2024 18:30,-9.54
1/16/2024 18:45,-9.28
1/16/2024 19:00,-9.06
1/16/2024 19:15,-8.86
1/16/2024 19:30,-8.7
1/16/2024 19:45,-8.59
1/16/2024 20:00,-8.52
1/16/2024 20:15,-8.44
1/16/2024 20:30,-8.26
1/16/2024 20:45,-8.03
1/16/2024 21:00,-7.756
1/16/2024 21:15,-7.509
1/16/2024 21:30,-7.39
1/16/2024 21:45,-8.09
1/16/2024 22:00,-8.86
1/16/2024 22:15,-9.54
1/16/2024 22:30,-10.04
1/16/2024 22:45,-10.33
1/16/2024 23:00,-10.59
1/16/2024 23:15,-10.86
1/16/2024 23:30,-10.95
1/16/2024 23:45,-10.91
1/17/2024 0:00,-10.88
1/17/2024 0:15,-10.37
1/17/2024 0:30,-9.49
1/17/2024 0:45,-8.77
1/17/2024 1:00,-8.23
1/17/2024 1:15,-7.801
1/17/2024 1:30,-7.547
1/17/2024 1:45,-7.374
1/17/2024 2:00,-7.153
1/17/2024 2:15,-6.927
1/17/2024 2:30,-6.812
1/17/2024 2:45,-6.799
1/17/2024 3:00,-6.764
1/17/2024 3:15,-6.646
1/17/2024 3:30,-6.492
1/17/2024 3:45,-6.347
1/17/2024 4:00,-6.218
1/17/2024 4:15,-6.1
1/17/2024 4:30,-5.984
1/17/2024 4:45,-5.887
1/17/2024 5:00,-5.835
1/17/2024 5:15,-5.821
1/17/2024 5:30,-5.78
1/17/2024 5:45,-5.717
1/17/2024 6:00,-5.639
1/17/2024 6:15,-5.56
1/17/2024 6:30,-5.439
1/17/2024 6:45,-5.306
1/17/2024 7:00,-5.179
1/17/2024 7:15,-5.081
1/17/2024 7:30,-5.028
1/17/2024 7:45,-5.004
1/17/2024 8:00,-4.985
1/17/2024 8:15,-4.907
1/17/2024 8:30,-4.716
1/17/2024 8:45,-4.482
1/17/2024 9:00,-4.291
1/17/2024 9:15,-4.093
1/17/2024 9:30,-3.849
1/17/2024 9:45,-3.647
1/17/2024 10:00,-3.479
1/17/2024 10:15,-3.359
1/17/2024 10:30,-3.104
1/17/2024 10:45,-2.836
1/17/2024 11:00,-2.54
1/17/2024 11:15,-2.324
1/17/2024 11:30,-2
1/17/2024 11:45,-1.849
1/17/2024 12:00,-1.895
1/17/2024 12:15,-1.932
1/17/2024 12:30,-1.848
1/17/2024 12:45,-1.769
1/17/2024 13:00,-1.589
1/17/2024 13:15,-1.396
1/17/2024 13:30,-1.194
1/17/2024 13:45,-1.065
1/17/2024 14:00,-2.363
1/17/2024 14:15,-3.442
1/17/2024 14:30,-4.095
1/17/2024 14:45,-4.453
1/17/2024 15:00,-4.849
1/17/2024 15:15,-5.161
1/17/2024 15:30,-5.467
1/17/2024 15:45,-5.69
1/17/2024 16:00,-5.921
1/17/2024 16:15,-6.392
1/17/2024 16:30,-6.614
1/17/2024 16:45,-6.889
1/17/2024 17:00,-7.322
1/17/2024 17:15,-7.92
1/17/2024 17:30,-8.36
1/17/2024 17:45,-8.64
1/17/2024 18:00,-8.81
1/17/2024 18:15,-8.99
1/17/2024 18:30,-9.1
1/17/2024 18:45,-9.21
1/17/2024 19:00,-9.3
1/17/2024 19:15,-9.38
1/17/2024 19:30,-9.44
1/17/2024 19:45,-9.49
1/17/2024 20:00,-9.65
1/17/2024 20:15,-9.77
1/17/2024 20:30,-9.96
1/17/2024 20:45,-10.15
1/17/2024 21:00,-10.62
1/17/2024 21:15,-11.26
1/17/2024 21:30,-11.92
1/17/2024 21:45,-12.29
1/17/2024 22:00,-12.7
1/17/2024 22:15,-13.14
1/17/2024 22:30,-13.53
1/17/2024 22:45,-13.93
1/17/2024 23:00,-14.34
1/17/2024 23:15,-14.68
1/17/2024 23:30,-14.99
1/17/2024 23:45,-15.3
1/18/2024 0:00,-15.55
1/18/2024 0:15,-15.81
1/18/2024 0:30,-16.07
1/18/2024 0:45,-16.28
1/18/2024 1:00,-16.43
1/18/2024 1:15,-16.54
1/18/2024 1:30,-16.49
1/18/2024 1:45,-16.51
1/18/2024 2:00,-16.53
1/18/2024 2:15,-16.47
1/18/2024 2:30,-16.3
1/18/2024 2:45,-16.17
1/18/2024 3:00,-16.26
1/18/2024 3:15,-16.34
1/18/2024 3:30,-16.2
1/18/2024 3:45,-15.94
1/18/2024 4:00,-15.45
1/18/2024 4:15,-14.99
1/18/2024 4:30,-14.57
1/18/2024 4:45,-14.42
1/18/2024 5:00,-14.14
1/18/2024 5:15,-14.15
1/18/2024 5:30,-14
1/18/2024 5:45,-13.74
1/18/2024 6:00,-13.5
1/18/2024 6:15,-13.3
1/18/2024 6:30,-13.06
1/18/2024 6:45,-12.81
1/18/2024 7:00,-12.68
1/18/2024 7:15,-12.33
1/18/2024 7:30,-12.05
1/18/2024 7:45,-12
1/18/2024 8:00,-11.86
1/18/2024 8:15,-11.33
1/18/2024 8:30,-10.63
1/18/2024 8:45,-9.97
1/18/2024 9:00,-9.16
1/18/2024 9:15,-8.39
1/18/2024 9:30,-7.594
1/18/2024 9:45,-6.861
1/18/2024 10:00,-6.294
1/18/2024 10:15,-5.497
1/18/2024 10:30,-4.859
1/18/2024 10:45,-4.229
1/18/2024 11:00,-3.538
1/18/2024 11:15,-2.77
1/18/2024 11:30,-2.213
1/18/2024 11:45,-1.915
1/18/2024 12:00,-1.57
1/18/2024 12:15,-1.149
1/18/2024 12:30,-0.713
1/18/2024 12:45,-0.348
1/18/2024 13:00,-0.156
1/18/2024 13:15,-0.035
1/18/2024 13:30,0.165
1/18/2024 13:45,0.588
1/18/2024 14:00,1.006
1/18/2024 14:15,1.412
1/18/2024 14:30,1.519
1/18/2024 14:45,1.231
1/18/2024 15:00,0.843
1/18/2024 15:15,0.49
1/18/2024 15:30,0.201
1/18/2024 15:45,-0.048
1/18/2024 16:00,-0.314
1/18/2024 16:15,-0.671
1/18/2024 16:30,-0.986
1/18/2024 16:45,-1.248
1/18/2024 17:00,-1.472
1/18/2024 17:15,-1.654
1/18/2024 17:30,-1.799
1/18/2024 17:45,-1.92
1/18/2024 18:00,-2.019
1/18/2024 18:15,-2.104
1/18/2024 18:30,-2.178
1/18/2024 18:45,-2.243
1/18/2024 19:00,-2.306
1/18/2024 19:15,-2.368
1/18/2024 19:30,-2.435
1/18/2024 19:45,-2.492
1/18/2024 20:00,-2.538
1/18/2024 20:15,-2.582
1/18/2024 20:30,-2.609
1/18/2024 20:45,-2.606
1/18/2024 21:00,-2.586
1/18/2024 21:15,-2.538
1/18/2024 21:30,-2.258
1/18/2024 21:45,-1.958
1/18/2024 22:00,-1.723
1/18/2024 22:15,-1.549
1/18/2024 22:30,-1.453
1/18/2024 22:45,-1.454
1/18/2024 23:00,-1.446
1/18/2024 23:15,-1.472
1/18/2024 23:30,-1.543
1/18/2024 23:45,-1.628
1/19/2024 0:00,-2.012
1/19/2024 0:15,-2.517
1/19/2024 0:30,-2.994
1/19/2024 0:45,-3.457
1/19/2024 1:00,-3.878
1/19/2024 1:15,-4.22
1/19/2024 1:30,-4.524
1/19/2024 1:45,-4.79
1/19/2024 2:00,-5.01
1/19/2024 2:15,-5.201
1/19/2024 2:30,-5.351
1/19/2024 2:45,-5.482
1/19/2024 3:00,-5.594
1/19/2024 3:15,-5.68
1/19/2024 3:30,-5.742
1/19/2024 3:45,-5.835
1/19/2024 4:00,-5.848
1/19/2024 4:15,-5.803
1/19/2024 4:30,-5.753
1/19/2024 4:45,-5.711
1/19/2024 5:00,-5.636
1/19/2024 5:15,-5.576
1/19/2024 5:30,-5.534
1/19/2024 5:45,-5.5
1/19/2024 6:00,-5.463
1/19/2024 6:15,-5.431
1/19/2024 6:30,-5.428
1/19/2024 6:45,-5.408
1/19/2024 7:00,-5.403
1/19/2024 7:15,-5.41
1/19/2024 7:30,-5.423
1/19/2024 7:45,-5.387
1/19/2024 8:00,-5.323
1/19/2024 8:15,-5.184
1/19/2024 8:30,-4.979
1/19/2024 8:45,-4.733
1/19/2024 9:00,-4.471
1/19/2024 9:15,-4.175
1/19/2024 9:30,-3.888
1/19/2024 9:45,-3.601
1/19/2024 10:00,-3.203
1/19/2024 10:15,-2.736
1/19/2024 10:30,-2.359
1/19/2024 10:45,-2.044
1/19/2024 11:00,-1.783
1/19/2024 11:15,-1.524
1/19/2024 11:30,-1.296
1/19/2024 11:45,-1.296
1/19/2024 12:00,-1.286
1/19/2024 12:15,-1.153
1/19/2024 12:30,-0.977
1/19/2024 12:45,-0.764
1/19/2024 13:00,-0.631
1/19/2024 13:15,-0.518
1/19/2024 13:30,-0.413
1/19/2024 13:45,-0.339
1/19/2024 14:00,-0.26
1/19/2024 14:15,-0.175
1/19/2024 14:30,-0.286
1/19/2024 14:45,-0.487
1/19/2024 15:00,-0.749
1/19/2024 15:15,-1.062
1/19/2024 15:30,-1.329
1/19/2024 15:45,-1.57
1/19/2024 16:00,-1.737
1/19/2024 16:15,-1.921
1/19/2024 16:30,-2.155
1/19/2024 16:45,-2.372
1/19/2024 17:00,-2.572
1/19/2024 17:15,-2.765
1/19/2024 17:30,-2.96
1/19/2024 17:45,-3.131
1/19/2024 18:00,-3.3
1/19/2024 18:15,-3.414
1/19/2024 18:30,-3.5
1/19/2024 18:45,-3.617
1/19/2024 19:00,-3.777
1/19/2024 19:15,-3.937
1/19/2024 19:30,-4.038
1/19/2024 19:45,-4.063
1/19/2024 20:00,-4.021
1/19/2024 20:15,-3.903
1/19/2024 20:30,-3.512
1/19/2024 20:45,-2.919
1/19/2024 21:00,-2.547
1/19/2024 21:15,-2.61
1/19/2024 21:30,-2.775
1/19/2024 21:45,-2.891
1/19/2024 22:00,-3.18
1/19/2024 22:15,-3.542
1/19/2024 22:30,-3.871
1/19/2024 22:45,-4.087
1/19/2024 23:00,-4.155
1/19/2024 23:15,-4.198
1/19/2024 23:30,-4.228
1/19/2024 23:45,-4.248
1/20/2024 0:00,-4.214
1/20/2024 0:15,-4.176
1/20/2024 0:30,-4.134
1/20/2024 0:45,-4.113
1/20/2024 1:00,-4.133
1/20/2024 1:15,-4.175
1/20/2024 1:30,-4.214
1/20/2024 1:45,-4.316
1/20/2024 2:00,-4.471
1/20/2024 2:15,-4.612
1/20/2024 2:30,-4.741
1/20/2024 2:45,-4.788
1/20/2024 3:00,-4.806
1/20/2024 3:15,-4.829
1/20/2024 3:30,-4.848
1/20/2024 3:45,-4.901
1/20/2024 4:00,-4.928
1/20/2024 4:15,-4.951
1/20/2024 4:30,-4.978
1/20/2024 4:45,-4.99
1/20/2024 5:00,-5.01
1/20/2024 5:15,-5.012
1/20/2024 5:30,-5.005
1/20/2024 5:45,-4.984
1/20/2024 6:00,-4.96
1/20/2024 6:15,-4.931
1/20/2024 6:30,-4.924
1/20/2024 6:45,-4.929
1/20/2024 7:00,-4.944
1/20/2024 7:15,-4.956
1/20/2024 7:30,-4.975
1/20/2024 7:45,-4.948
1/20/2024 8:00,-4.873
1/20/2024 8:15,-4.757
1/20/2024 8:30,-4.594
1/20/2024 8:45,-4.352
1/20/2024 9:00,-4.087
1/20/2024 9:15,-3.825
1/20/2024 9:30,-3.554
1/20/2024 9:45,-3.194
1/20/2024 10:00,-2.682
1/20/2024 10:15,-2.212
1/20/2024 10:30,-1.742
1/20/2024 10:45,-1.435
1/20/2024 11:00,-1.141
1/20/2024 11:15,-0.818
1/20/2024 11:30,-0.564
1/20/2024 11:45,-0.525
1/20/2024 12:00,-0.006
1/20/2024 12:15,0.535
1/20/2024 12:30,1.094
1/20/2024 12:45,1.682
1/20/2024 13:00,2.039
1/20/2024 13:15,2.273
1/20/2024 13:30,2.484
1/20/2024 13:45,2.58
1/20/2024 14:00,2.692
1/20/2024 14:15,2.741
1/20/2024 14:30,2.792
1/20/2024 14:45,2.743
1/20/2024 15:00,2.66
1/20/2024 15:15,2.61
1/20/2024 15:30,2.555
1/20/2024 15:45,2.449
1/20/2024 16:00,2.292
1/20/2024 16:15,2.18
1/20/2024 16:30,2.11
1/20/2024 16:45,2.044
1/20/2024 17:00,1.857
1/20/2024 17:15,1.724
1/20/2024 17:30,1.718
1/20/2024 17:45,1.684
1/20/2024 18:00,1.669
1/20/2024 18:15,1.603
1/20/2024 18:30,1.581
1/20/2024 18:45,1.614
1/20/2024 19:00,1.638
1/20/2024 19:15,1.704
1/20/2024 19:30,1.8
1/20/2024 19:45,1.86
1/20/2024 20:00,1.877
1/20/2024 20:15,1.844
1/20/2024 20:30,1.851
1/20/2024 20:45,1.871
1/20/2024 21:00,1.933
1/20/2024 21:15,2.009
1/20/2024 21:30,2.027
1/20/2024 21:45,1.975
1/20/2024 22:00,1.926
1/20/2024 22:15,1.923
1/20/2024 22:30,1.954
1/20/2024 22:45,1.939
1/20/2024 23:00,1.931
1/20/2024 23:15,1.913
1/20/2024 23:30,1.906
1/20/2024 23:45,1.89
1/21/2024 0:00,1.898
1/21/2024 0:15,1.971
1/21/2024 0:30,2.049
1/21/2024 0:45,1.988
1/21/2024 1:00,2.001
1/21/2024 1:15,1.961
1/21/2024 1:30,1.956
1/21/2024 1:45,1.966
1/21/2024 2:00,2.006
1/21/2024 2:15,2.038
1/21/2024 2:30,2.073
1/21/2024 2:45,2.035
1/21/2024 3:00,2.093
1/21/2024 3:15,2.141
1/21/2024 3:30,2.106
1/21/2024 3:45,2.137
1/21/2024 4:00,2.168
1/21/2024 4:15,2.185
1/21/2024 4:30,2.173
1/21/2024 4:45,2.153
1/21/2024 5:00,2.09
1/21/2024 5:15,1.984
1/21/2024 5:30,1.923
1/21/2024 5:45,1.926
1/21/2024 6:00,1.973
1/21/2024 6:15,1.964
1/21/2024 6:30,1.978
1/21/2024 6:45,1.991
1/21/2024 7:00,1.959
1/21/2024 7:15,1.96
1/21/2024 7:30,1.986
1/21/2024 7:45,2.03
1/21/2024 8:00,2.125
1/21/2024 8:15,2.202
1/21/2024 8:30,2.252
1/21/2024 8:45,2.362
1/21/2024 9:00,2.475
1/21/2024 9:15,2.647
1/21/2024 9:30,2.906
1/21/2024 9:45,3.137
1/21/2024 10:00,3.255
1/21/2024 10:15,3.495
1/21/2024 10:30,3.874
1/21/2024 10:45,4.255
1/21/2024 11:00,4.49
1/21/2024 11:15,4.635
1/21/2024 11:30,4.788
1/21/2024 11:45,4.832
1/21/2024 12:00,4.588
1/21/2024 12:15,4.598
1/21/2024 12:30,4.645
1/21/2024 12:45,4.836
1/21/2024 13:00,5.085
1/21/2024 13:15,5.056
1/21/2024 13:30,4.915
1/21/2024 13:45,4.881
1/21/2024 14:00,5.279
1/21/2024 14:15,5.484
1/21/2024 14:30,4.956
1/21/2024 14:45,4.492
1/21/2024 15:00,4.381
1/21/2024 15:15,4.509
1/21/2024 15:30,4.151
1/21/2024 15:45,3.723
1/21/2024 16:00,3.51
1/21/2024 16:15,3.34
1/21/2024 16:30,3.156
1/21/2024 16:45,2.988
1/21/2024 17:00,2.843
1/21/2024 17:15,2.772
1/21/2024 17:30,2.735
1/21/2024 17:45,2.691
1/21/2024 18:00,2.628
1/21/2024 18:15,2.653
1/21/2024 18:30,2.647
1/21/2024 18:45,2.549
1/21/2024 19:00,2.461
1/21/2024 19:15,2.396
1/21/2024 19:30,2.328
1/21/2024 19:45,2.248
1/21/2024 20:00,2.18
1/21/2024 20:15,2.088
1/21/2024 20:30,1.109
1/21/2024 20:45,0.695
1/21/2024 21:00,0.651
1/21/2024 21:15,0.592
1/21/2024 21:30,0.484
1/21/2024 21:45,0.552
1/21/2024 22:00,0.491
1/21/2024 22:15,0.519
1/21/2024 22:30,0.514
1/21/2024 22:45,0.501
1/21/2024 23:00,0.535
1/21/2024 23:15,0.558
1/21/2024 23:30,0.484
1/21/2024 23:45,0.47
1/22/2024 0:00,0.467
1/22/2024 0:15,0.426
1/22/2024 0:30,0.399
1/22/2024 0:45,0.37
1/22/2024 1:00,0.389
1/22/2024 1:15,0.487
1/22/2024 1:30,0.514
1/22/2024 1:45,0.584
1/22/2024 2:00,0.547
1/22/2024 2:15,0.568
1/22/2024 2:30,0.492
1/22/2024 2:45,0.446
1/22/2024 3:00,0.427
1/22/2024 3:15,0.406
1/22/2024 3:30,0.356
1/22/2024 3:45,0.356
1/22/2024 4:00,0.31
1/22/2024 4:15,0.263
1/22/2024 4:30,0.243
1/22/2024 4:45,0.187
1/22/2024 5:00,0.117
1/22/2024 5:15,0.117
1/22/2024 5:30,0.132
1/22/2024 5:45,0.121
1/22/2024 6:00,0.087
1/22/2024 6:15,0.08
1/22/2024 6:30,0.078
1/22/2024 6:45,0.07
1/22/2024 7:00,0.063
1/22/2024 7:15,0.044
1/22/2024 7:30,0.033
1/22/2024 7:45,0.039
1/22/2024 8:00,0.035
1/22/2024 8:15,0.051
1/22/2024 8:30,0.057
1/22/2024 8:45,0.047
1/22/2024 9:00,0.061
1/22/2024 9:15,0.052
1/22/2024 9:30,0.046
1/22/2024 9:45,0.068
1/22/2024 10:00,0.053
1/22/2024 10:15,-0.012
1/22/2024 10:30,0.062
1/22/2024 10:45,0.202
1/22/2024 11:00,0.187
1/22/2024 11:15,0.163
1/22/2024 11:30,0.155
1/22/2024 11:45,0.237
1/22/2024 12:00,0.365
1/22/2024 12:15,0.447
1/22/2024 12:30,0.429
1/22/2024 12:45,0.358
1/22/2024 13:00,0.347
1/22/2024 13:15,0.405
1/22/2024 13:30,0.415
1/22/2024 13:45,0.385
1/22/2024 14:00,0.498
1/22/2024 14:15,0.48
1/22/2024 14:30,0.434
1/22/2024 14:45,0.339
1/22/2024 15:00,0.329
1/22/2024 15:15,0.409
1/22/2024 15:30,0.641
1/22/2024 15:45,0.547
1/22/2024 16:00,0.537
1/22/2024 16:15,0.54
1/22/2024 16:30,0.458
1/22/2024 16:45,0.432
1/22/2024 17:00,0.459
1/22/2024 17:15,0.464
1/22/2024 17:30,0.374
1/22/2024 17:45,0.207
1/22/2024 18:00,0.348
1/22/2024 18:15,0.492
1/22/2024 18:30,0.521
1/22/2024 18:45,0.597
1/22/2024 19:00,0.641
1/22/2024 19:15,0.571
1/22/2024 19:30,0.473
1/22/2024 19:45,0.44
1/22/2024 20:00,0.493
1/22/2024 20:15,0.483
1/22/2024 20:30,0.452
1/22/2024 20:45,0.413
1/22/2024 21:00,0.377
1/22/2024 21:15,0.498
1/22/2024 21:30,0.534
1/22/2024 21:45,0.5
1/22/2024 22:00,0.558
1/22/2024 22:15,0.6
1/22/2024 22:30,0.568
1/22/2024 22:45,0.653
1/22/2024 23:00,0.641
1/22/2024 23:15,0.678
1/22/2024 23:30,0.685
1/22/2024 23:45,0.688
1/23/2024 0:00,0.721
1/23/2024 0:15,0.781
1/23/2024 0:30,0.859
1/23/2024 0:45,0.859
1/23/2024 1:00,0.808
1/23/2024 1:15,0.823
1/23/2024 1:30,0.932
1/23/2024 1:45,0.942
1/23/2024 2:00,0.923
1/23/2024 2:15,0.951
1/23/2024 2:30,0.964
1/23/2024 2:45,1.041
1/23/2024 3:00,1.027
1/23/2024 3:15,1.041
1/23/2024 3:30,1.06
1/23/2024 3:45,1.042
1/23/2024 4:00,1.02
1/23/2024 4:15,1.043
1/23/2024 4:30,1.07
1/23/2024 4:45,1.009
1/23/2024 5:00,0.854
1/23/2024 5:15,0.85
1/23/2024 5:30,0.908
1/23/2024 5:45,0.931
1/23/2024 6:00,0.924
1/23/2024 6:15,0.928
1/23/2024 6:30,0.936
1/23/2024 6:45,0.929
1/23/2024 7:00,0.939
1/23/2024 7:15,0.961
1/23/2024 7:30,0.933
1/23/2024 7:45,0.953
1/23/2024 8:00,0.997
1/23/2024 8:15,1.041
1/23/2024 8:30,1.143
1/23/2024 8:45,1.291
1/23/2024 9:00,1.591
1/23/2024 9:15,2.131
1/23/2024 9:30,2.504
1/23/2024 9:45,2.841
1/23/2024 10:00,3.151
1/23/2024 10:15,3.444
1/23/2024 10:30,3.636
1/23/2024 10:45,3.872
1/23/2024 11:00,3.847
1/23/2024 11:15,4.065
1/23/2024 11:30,4.234
1/23/2024 11:45,4.418
1/23/2024 12:00,4.582
1/23/2024 12:15,4.685
1/23/2024 12:30,4.815
1/23/2024 12:45,5.102
1/23/2024 13:00,5.284
1/23/2024 13:15,5.153
1/23/2024 13:30,5.392
1/23/2024 13:45,5.614
1/23/2024 14:00,5.626
1/23/2024 14:15,5.717
1/23/2024 14:30,5.739
1/23/2024 14:45,5.853
1/23/2024 15:00,5.776
1/23/2024 15:15,5.66
1/23/2024 15:30,5.529
1/23/2024 15:45,5.43
1/23/2024 16:00,5.292
1/23/2024 16:15,5.078
1/23/2024 16:30,4.879
1/23/2024 16:45,4.556
1/23/2024 17:00,4.002
1/23/2024 17:15,3.322
1/23/2024 17:30,2.766
1/23/2024 17:45,2.385
1/23/2024 18:00,2.05
1/23/2024 18:15,1.76
1/23/2024 18:30,1.607
1/23/2024 18:45,1.451
1/23/2024 19:00,1.389
1/23/2024 19:15,1.489
1/23/2024 19:30,1.652
1/23/2024 19:45,1.81
1/23/2024 20:00,1.969
1/23/2024 20:15,2.013
1/23/2024 20:30,1.986
1/23/2024 20:45,2.001
1/23/2024 21:00,1.895
1/23/2024 21:15,1.673
1/23/2024 21:30,1.414
1/23/2024 21:45,1.218
1/23/2024 22:00,1.076
1/23/2024 22:15,1.005
1/23/2024 22:30,0.947
1/23/2024 22:45,0.864
1/23/2024 23:00,0.858
1/23/2024 23:15,0.829
1/23/2024 23:30,0.784
1/23/2024 23:45,0.722
1/24/2024 0:00,0.709
1/24/2024 0:15,0.785
1/24/2024 0:30,0.879
1/24/2024 0:45,0.968
1/24/2024 1:00,1.038
1/24/2024 1:15,1.052
1/24/2024 1:30,1.07
1/24/2024 1:45,1.066
1/24/2024 2:00,1.007
1/24/2024 2:15,0.953
1/24/2024 2:30,0.945
1/24/2024 2:45,0.971
1/24/2024 3:00,0.981
1/24/2024 3:15,1.009
1/24/2024 3:30,1.12
1/24/2024 3:45,1.192
1/24/2024 4:00,1.207
1/24/2024 4:15,1.175
1/24/2024 4:30,1.112
1/24/2024 4:45,1.071
1/24/2024 5:00,1.055
1/24/2024 5:15,1.049
1/24/2024 5:30,0.965
1/24/2024 5:45,0.858
1/24/2024 6:00,0.787
1/24/2024 6:15,0.811
1/24/2024 6:30,0.86
1/24/2024 6:45,0.853
1/24/2024 7:00,0.896
1/24/2024 7:15,0.93
1/24/2024 7:30,0.986
1/24/2024 7:45,1.012
1/24/2024 8:00,1.012
1/24/2024 8:15,1.066
1/24/2024 8:30,1.188
1/24/2024 8:45,1.32
1/24/2024 9:15,1.559
1/24/2024 9:30,1.687
1/24/2024 9:45,1.886
1/24/2024 10:00,2.395
1/24/2024 10:15,2.949
1/24/2024 10:30,3.031
1/24/2024 10:45,2.991
1/24/2024 11:00,2.945
1/24/2024 11:15,2.99
1/24/2024 11:30,3.236
1/24/2024 11:45,3.515
1/24/2024 12:00,3.645
1/24/2024 12:15,3.69
1/24/2024 12:30,3.701
1/24/2024 12:45,3.645
1/24/2024 13:00,3.539
1/24/2024 13:15,3.515
1/24/2024 13:30,3.486
1/24/2024 13:45,3.524
1/24/2024 14:00,3.819
1/24/2024 14:15,3.917
1/24/2024 14:30,3.75
1/24/2024 14:45,3.699
1/24/2024 15:00,3.65
1/24/2024 15:15,3.741
1/24/2024 15:30,3.605
1/24/2024 15:45,3.43
1/24/2024 16:00,3.36
1/24/2024 16:15,3.246
1/24/2024 16:30,3.131
1/24/2024 16:45,3.024
1/24/2024 17:00,2.933
1/24/2024 17:15,2.878
1/24/2024 17:30,2.832
1/24/2024 17:45,2.804
1/24/2024 18:00,2.79
1/24/2024 18:15,2.765
1/24/2024 18:30,2.743
1/24/2024 18:45,2.689
1/24/2024 19:00,2.65
1/24/2024 19:15,2.574
1/24/2024 19:30,2.521
1/24/2024 19:45,2.491
1/24/2024 20:00,2.459
1/24/2024 20:15,2.389
1/24/2024 20:30,2.276
1/24/2024 20:45,2.179
1/24/2024 21:00,2.13
1/24/2024 21:15,2.097
1/24/2024 21:30,2.144
1/24/2024 21:45,2.153
1/24/2024 22:00,2.127
1/24/2024 22:15,2.119
1/24/2024 22:30,2.041
1/24/2024 22:45,1.927
1/24/2024 23:00,1.897
1/24/2024 23:15,1.916
1/24/2024 23:30,1.965
1/24/2024 23:45,2.007
1/25/2024 0:00,1.988
1/25/2024 0:15,1.976
1/25/2024 0:30,1.931
1/25/2024 0:45,1.878
1/25/2024 1:00,1.777
1/25/2024 1:15,1.751
1/25/2024 1:30,1.855
1/25/2024 1:45,1.955
1/25/2024 2:00,2.037
1/25/2024 2:15,2.143
1/25/2024 2:30,2.201
1/25/2024 2:45,2.201
1/25/2024 3:00,2.216
1/25/2024 3:15,2.259
1/25/2024 3:30,2.287
1/25/2024 3:45,2.314
1/25/2024 4:00,2.293
1/25/2024 4:15,2.195
1/25/2024 4:30,2.004
1/25/2024 4:45,1.641
1/25/2024 5:00,1.32
1/25/2024 5:15,1.01
1/25/2024 5:30,0.678
1/25/2024 5:45,0.415
1/25/2024 6:00,0.32
1/25/2024 6:15,0.344
1/25/2024 6:30,0.394
1/25/2024 6:45,0.449
1/25/2024 7:00,0.488
1/25/2024 7:15,0.537
1/25/2024 7:30,0.556
1/25/2024 7:45,0.625
1/25/2024 8:00,0.641
1/25/2024 8:15,0.625
1/25/2024 8:30,0.805
1/25/2024 8:45,1.632
1/25/2024 9:00,2.854
1/25/2024 9:15,3.8
1/25/2024 9:30,3.993
1/25/2024 9:45,4.077
1/25/2024 10:00,4.41
1/25/2024 10:15,4.825
1/25/2024 10:30,5.172
1/25/2024 10:45,5.803
1/25/2024 11:00,6.372
1/25/2024 11:15,6.77
1/25/2024 11:30,7.046
1/25/2024 11:45,7.419
1/25/2024 12:00,7.68
1/25/2024 12:15,7.932
1/25/2024 12:30,8.41
1/25/2024 12:45,8.44
1/25/2024 13:00,8.3
1/25/2024 13:15,7.968
1/25/2024 13:30,7.571
1/25/2024 13:45,7.281
1/25/2024 14:00,7.217
1/25/2024 14:15,7.112
1/25/2024 14:30,6.883
1/25/2024 14:45,6.645
1/25/2024 15:00,6.465
1/25/2024 15:15,6.332
1/25/2024 15:30,6.214
1/25/2024 15:45,6.06
1/25/2024 16:00,5.885
1/25/2024 16:15,5.538
1/25/2024 16:30,5.02
1/25/2024 16:45,4.21
1/25/2024 17:00,3.475
1/25/2024 17:15,2.793
1/25/2024 17:30,2.207
1/25/2024 17:45,1.813
1/25/2024 18:00,1.594
1/25/2024 18:15,1.521
1/25/2024 18:30,1.606
1/25/2024 18:45,1.79
1/25/2024 19:00,1.938
1/25/2024 19:15,2.054
1/25/2024 19:30,2.204
1/25/2024 19:45,2.322
1/25/2024 20:00,2.464
1/25/2024 20:15,2.546
1/25/2024 20:30,2.587
1/25/2024 20:45,2.61
1/25/2024 21:00,2.573
1/25/2024 21:15,2.403
1/25/2024 21:30,2.191
1/25/2024 21:45,1.927
1/25/2024 22:00,1.872
1/25/2024 22:15,1.883
1/25/2024 22:30,1.815
1/25/2024 22:45,1.885
1/25/2024 23:00,1.968
1/25/2024 23:15,2.083
1/25/2024 23:30,2.208
1/25/2024 23:45,2.343
1/26/2024 0:00,2.425
1/26/2024 0:15,2.46
1/26/2024 0:30,2.443
1/26/2024 0:45,2.438
1/26/2024 1:00,2.48
1/26/2024 1:15,2.485
1/26/2024 1:30,2.481
1/26/2024 1:45,2.484
1/26/2024 2:00,2.498
1/26/2024 2:15,2.488
1/26/2024 2:30,2.399
1/26/2024 2:45,2.203
1/26/2024 3:00,2.083
1/26/2024 3:15,2.083
1/26/2024 3:30,2.071
1/26/2024 3:45,1.87
1/26/2024 4:00,1.716
1/26/2024 4:15,1.571
1/26/2024 4:30,1.476
1/26/2024 4:45,1.432
1/26/2024 5:00,1.428
1/26/2024 5:15,1.489
1/26/2024 5:30,1.566
1/26/2024 5:45,1.581
1/26/2024 6:00,1.592
1/26/2024 6:15,1.599
1/26/2024 6:30,1.538
1/26/2024 6:45,1.451
1/26/2024 7:00,1.393
1/26/2024 7:15,1.311
1/26/2024 7:30,1.255
1/26/2024 7:45,1.28
1/26/2024 8:00,1.379
1/26/2024 8:15,1.539
1/26/2024 8:30,1.774
1/26/2024 8:45,2.103
1/26/2024 9:00,2.499
1/26/2024 9:15,2.97
1/26/2024 9:30,3.61
1/26/2024 9:45,4.367
1/26/2024 10:00,5.487
1/26/2024 10:15,6.022
1/26/2024 10:30,6.39
1/26/2024 10:45,7.054
1/26/2024 11:00,7.888
1/26/2024 11:15,8.62
1/26/2024 11:30,8.95
1/26/2024 11:45,8.79
1/26/2024 12:00,8.7
1/26/2024 12:15,8.3
1/26/2024 12:30,8.17
1/26/2024 12:45,8.51
1/26/2024 13:00,8.53
1/26/2024 13:15,8.67
1/26/2024 13:30,8.92
1/26/2024 13:45,9.39
1/26/2024 14:00,9.48
1/26/2024 14:15,9.36
1/26/2024 14:30,9.18
1/26/2024 14:45,8.89
1/26/2024 15:00,8.11
1/26/2024 15:15,7.315
1/26/2024 15:30,6.629
1/26/2024 15:45,6.072
1/26/2024 16:00,5.59
1/26/2024 16:15,5.153
1/26/2024 16:30,4.741
1/26/2024 16:45,4.371
1/26/2024 17:00,4.035
1/26/2024 17:15,3.715
1/26/2024 17:30,3.431
1/26/2024 17:45,3.294
1/26/2024 18:00,3.256
1/26/2024 18:15,3.13
1/26/2024 18:30,2.957
1/26/2024 18:45,2.742
1/26/2024 19:00,2.592
1/26/2024 19:15,2.405
1/26/2024 19:30,2.201
1/26/2024 19:45,2.155
1/26/2024 20:00,2.328
1/26/2024 20:15,2.504
1/26/2024 20:30,2.658
1/26/2024 20:45,2.817
1/26/2024 21:00,2.986
1/26/2024 21:15,3.13
1/26/2024 21:30,3.275
1/26/2024 21:45,3.389
1/26/2024 22:00,3.463
1/26/2024 22:15,3.577
1/26/2024 22:30,3.773
1/26/2024 22:45,3.916
1/26/2024 23:00,3.987
1/26/2024 23:15,3.948
1/26/2024 23:30,3.899
1/26/2024 23:45,3.827
1/27/2024 0:00,3.786
1/27/2024 0:15,3.779
1/27/2024 0:30,3.824
1/27/2024 0:45,3.824
1/27/2024 1:00,3.723
1/27/2024 1:15,3.616
1/27/2024 1:30,3.601
1/27/2024 1:45,3.648
1/27/2024 2:00,3.681
1/27/2024 2:15,3.715
1/27/2024 2:30,3.727
1/27/2024 2:45,3.76
1/27/2024 3:00,3.781
1/27/2024 3:15,3.757
1/27/2024 3:30,3.744
1/27/2024 3:45,3.77
1/27/2024 4:00,3.785
1/27/2024 4:15,3.778
1/27/2024 4:30,3.75
1/27/2024 4:45,3.71
1/27/2024 5:00,3.699
1/27/2024 5:15,3.709
1/27/2024 5:30,3.715
1/27/2024 5:45,3.734
1/27/2024 6:00,3.746
1/27/2024 6:15,3.785
1/27/2024 6:30,3.811
1/27/2024 6:45,3.828
1/27/2024 7:00,3.894
1/27/2024 7:15,4.009
1/27/2024 7:30,4.086
1/27/2024 7:45,4.153
1/27/2024 8:00,4.24
1/27/2024 8:15,4.306
1/27/2024 8:30,4.397
1/27/2024 8:45,4.463
1/27/2024 9:00,4.504
1/27/2024 9:15,4.517
1/27/2024 9:30,4.509
1/27/2024 9:45,4.366
1/27/2024 10:00,4.325
1/27/2024 10:15,4.368
1/27/2024 10:30,4.415
1/27/2024 10:45,4.475
1/27/2024 11:00,4.574
1/27/2024 11:15,4.715
1/27/2024 11:30,4.834
1/27/2024 11:45,4.897
1/27/2024 12:00,5.033
1/27/2024 12:15,5.077
1/27/2024 12:30,5.136
1/27/2024 12:45,5.225
1/27/2024 13:00,5.323
1/27/2024 13:15,6.036
1/27/2024 13:30,6.853
1/27/2024 13:45,7.014
1/27/2024 14:00,7.271
1/27/2024 14:15,7.299
1/27/2024 14:30,7.287
1/27/2024 14:45,7.143
1/27/2024 15:00,6.982
1/27/2024 15:15,6.886
1/27/2024 15:30,6.883
1/27/2024 15:45,6.689
1/27/2024 16:00,6.55
1/27/2024 16:15,6.335
1/27/2024 16:30,6.151
1/27/2024 16:45,5.992
1/27/2024 17:00,5.807
1/27/2024 17:15,5.666
1/27/2024 17:30,5.553
1/27/2024 17:45,5.339
1/27/2024 18:00,5.316
1/27/2024 18:15,5.336
1/27/2024 18:30,5.26
1/27/2024 18:45,5.249
1/27/2024 19:00,5.116
1/27/2024 19:15,4.951
1/27/2024 19:30,4.894
1/27/2024 19:45,4.868
1/27/2024 20:00,4.907
1/27/2024 20:15,5.006
1/27/2024 20:30,5.09
1/27/2024 20:45,5.032
1/27/2024 21:00,4.93
1/27/2024 21:15,4.921
1/27/2024 21:30,4.979
1/27/2024 21:45,5.009
1/27/2024 22:00,5.116
1/27/2024 22:15,5.295
1/27/2024 22:30,5.514
1/27/2024 22:45,5.757
1/27/2024 23:00,5.908
1/27/2024 23:15,5.991
1/27/2024 23:30,6.064
1/27/2024 23:45,6.093
1/28/2024 0:00,6.103
1/28/2024 0:15,6.152
1/28/2024 0:30,6.185
1/28/2024 0:45,6.185
1/28/2024 1:00,6.175
1/28/2024 1:15,6.207
1/28/2024 1:30,6.278
1/28/2024 1:45,6.322
1/28/2024 2:00,6.367
1/28/2024 2:15,6.401
1/28/2024 2:30,6.39
1/28/2024 2:45,6.35
1/28/2024 3:00,6.32
1/28/2024 3:15,6.312
1/28/2024 3:30,6.306
1/28/2024 3:45,6.281
1/28/2024 4:00,6.255
1/28/2024 4:15,6.254
1/28/2024 4:30,6.214
1/28/2024 4:45,6.155
1/28/2024 5:00,6.044
1/28/2024 5:15,5.962
1/28/2024 5:30,5.969
1/28/2024 5:45,6.042
1/28/2024 6:00,6.161
1/28/2024 6:15,6.286
1/28/2024 6:30,6.358
1/28/2024 6:45,6.404
1/28/2024 7:00,6.419
1/28/2024 7:15,6.439
1/28/2024 7:30,6.501
1/28/2024 7:45,6.54
1/28/2024 8:00,6.597
1/28/2024 8:15,6.664
1/28/2024 8:30,6.699
1/28/2024 8:45,6.742
1/28/2024 9:00,6.716
1/28/2024 9:15,6.76
1/28/2024 9:30,6.809
1/28/2024 9:45,6.8
1/28/2024 10:00,6.893
1/28/2024 10:15,6.985
1/28/2024 10:30,7.18
1/28/2024 10:45,7.386
1/28/2024 11:00,7.622
1/28/2024 11:15,7.79
1/28/2024 11:30,7.92
1/28/2024 11:45,8.17
1/28/2024 12:00,8.57
1/28/2024 12:15,9.33
1/28/2024 12:30,9.59
1/28/2024 12:45,9.59
1/28/2024 13:00,9.34
1/28/2024 13:15,9.2
1/28/2024 13:30,9.07
1/28/2024 13:45,9.09
1/28/2024 14:00,9.22
1/28/2024 14:15,9.35
1/28/2024 14:30,9.39
1/28/2024 14:45,9.31
1/28/2024 15:00,9.23
1/28/2024 15:15,9.24
1/28/2024 15:30,9.06
1/28/2024 15:45,8.78
1/28/2024 16:00,8.63
1/28/2024 16:15,8.55
1/28/2024 16:30,8.44
1/28/2024 16:45,8.12
1/28/2024 17:00,7.804
1/28/2024 17:15,7.589
1/28/2024 17:30,7.499
1/28/2024 17:45,7.516
1/28/2024 18:00,7.492
1/28/2024 18:15,7.388
1/28/2024 18:30,7.266
1/28/2024 18:45,7.143
1/28/2024 19:00,7.061
1/28/2024 19:15,7.024
1/28/2024 19:30,7.035
1/28/2024 19:45,7.036
1/28/2024 20:00,6.894
1/28/2024 20:15,6.773
1/28/2024 20:30,6.682
1/28/2024 20:45,6.625
1/28/2024 21:00,6.621
1/28/2024 21:15,6.664
1/28/2024 21:30,6.731
1/28/2024 21:45,6.754
1/28/2024 22:00,6.686
1/28/2024 22:15,6.6
1/28/2024 22:30,6.508
1/28/2024 22:45,6.419
1/28/2024 23:00,6.341
1/28/2024 23:15,6.264
1/28/2024 23:30,6.232
1/28/2024 23:45,6.221
1/29/2024 0:00,6.087
1/29/2024 0:15,5.93
1/29/2024 0:30,5.838
1/29/2024 0:45,5.795
1/29/2024 1:00,5.88
1/29/2024 1:15,5.935
1/29/2024 1:30,5.927
1/29/2024 1:45,5.911
1/29/2024 2:00,5.882
1/29/2024 2:15,5.866
1/29/2024 2:30,5.875
1/29/2024 2:45,5.777
1/29/2024 3:00,5.603
1/29/2024 3:15,5.477
1/29/2024 3:30,5.417
1/29/2024 3:45,5.299
1/29/2024 4:00,5.164
1/29/2024 4:15,5.001
1/29/2024 4:30,4.828
1/29/2024 4:45,4.685
1/29/2024 5:00,4.629
1/29/2024 5:15,4.752
1/29/2024 5:30,4.83
1/29/2024 5:45,4.864
1/29/2024 6:00,4.851
1/29/2024 6:15,4.681
1/29/2024 6:30,4.538
1/29/2024 6:45,4.486
1/29/2024 7:00,4.641
1/29/2024 7:15,4.809
1/29/2024 7:30,4.885
1/29/2024 7:45,4.99
1/29/2024 8:00,5.794
1/29/2024 8:15,6.676
1/29/2024 8:30,7.414
1/29/2024 8:45,8.26
1/29/2024 9:00,9.04
1/29/2024 9:15,9.99
1/29/2024 9:30,10.94
1/29/2024 9:45,12
1/29/2024 10:00,13.37
1/29/2024 10:15,14.12
1/29/2024 10:30,14.93
1/29/2024 10:45,15.13
1/29/2024 11:00,15.11
1/29/2024 11:15,14.86
1/29/2024 11:30,14.51
1/29/2024 11:45,14.37
1/29/2024 12:00,14.61
1/29/2024 12:15,14.99
1/29/2024 12:30,15.2
1/29/2024 12:45,15.36
1/29/2024 13:00,15.6
1/29/2024 13:15,15.88
1/29/2024 13:30,15.97
1/29/2024 13:45,15.9
1/29/2024 14:00,15.81
1/29/2024 14:15,15.59
1/29/2024 14:30,15.32
1/29/2024 14:45,15.06
1/29/2024 15:00,14.72
1/29/2024 15:15,14.34
1/29/2024 15:30,13.95
1/29/2024 15:45,13.55
1/29/2024 16:00,12.93
1/29/2024 16:15,12.29
1/29/2024 16:30,11.7
1/29/2024 16:45,11.09
1/29/2024 17:00,10.53
1/29/2024 17:15,10.05
1/29/2024 17:30,9.66
1/29/2024 17:45,9.31
1/29/2024 18:00,9.12
1/29/2024 18:15,9.02
1/29/2024 18:30,8.9
1/29/2024 18:45,8.7
1/29/2024 19:00,8.55
1/29/2024 19:15,8.37
1/29/2024 19:30,8.26
1/29/2024 19:45,8.31
1/29/2024 20:00,8.43
1/29/2024 20:15,8.52
1/29/2024 20:30,8.26
1/29/2024 20:45,7.939
1/29/2024 21:00,7.783
1/29/2024 21:15,7.76
1/29/2024 21:30,7.772
1/29/2024 21:45,7.741
1/29/2024 22:00,7.702
1/29/2024 22:15,7.701
1/29/2024 22:30,7.834
1/29/2024 22:45,7.782
1/29/2024 23:00,7.684
1/29/2024 23:15,7.55
1/29/2024 23:30,7.365
1/29/2024 23:45,7.346
1/30/2024 0:00,7.269
1/30/2024 0:15,6.988
1/30/2024 0:30,6.708
1/30/2024 0:45,6.623
1/30/2024 1:00,6.71
1/30/2024 1:15,6.887
1/30/2024 1:30,7.143
1/30/2024 1:45,7.338
1/30/2024 2:00,7.442
1/30/2024 2:15,7.4
1/30/2024 2:30,7.31
1/30/2024 2:45,7.21
1/30/2024 3:00,7.114
1/30/2024 3:15,6.98
1/30/2024 3:30,6.842
1/30/2024 3:45,6.758
1/30/2024 4:00,6.682
1/30/2024 4:15,6.562
1/30/2024 4:30,6.448
1/30/2024 4:45,6.361
1/30/2024 5:00,6.283
1/30/2024 5:15,6.236
1/30/2024 5:30,6.24
1/30/2024 5:45,6.262
1/30/2024 6:00,6.356
1/30/2024 6:15,6.416
1/30/2024 6:30,6.434
1/30/2024 6:45,6.418
1/30/2024 7:00,6.372
1/30/2024 7:15,6.415
1/30/2024 7:30,6.338
1/30/2024 7:45,6.42
1/30/2024 8:00,7.183
1/30/2024 8:15,7.795
1/30/2024 8:30,8.34
1/30/2024 8:45,9.39
1/30/2024 9:00,10.17
1/30/2024 9:15,11.65
1/30/2024 9:30,11.63
1/30/2024 9:45,10.9
1/30/2024 10:00,10.34
1/30/2024 10:15,10.05
1/30/2024 10:30,9.71
1/30/2024 10:45,9.45
1/30/2024 11:00,9.32
1/30/2024 11:15,9.3
1/30/2024 11:30,9.37
1/30/2024 11:45,9.48
1/30/2024 12:00,9.56
1/30/2024 12:15,9.63
1/30/2024 12:30,9.55
1/30/2024 12:45,9.51
1/30/2024 13:00,9.5
1/30/2024 13:15,9.51
1/30/2024 13:30,9.5
1/30/2024 13:45,9.52
1/30/2024 14:00,9.68
1/30/2024 14:15,9.68
1/30/2024 14:30,9.55
1/30/2024 14:45,9.39
1/30/2024 15:00,9.26
1/30/2024 15:15,9.18
1/30/2024 15:30,9.1
1/30/2024 15:45,9
1/30/2024 16:00,8.85
1/30/2024 16:15,8.73
1/30/2024 16:30,8.65
1/30/2024 16:45,8.57
1/30/2024 17:00,8.47
1/30/2024 17:15,8.38
1/30/2024 17:30,8.41
1/30/2024 17:45,8.44
1/30/2024 18:00,8.48
1/30/2024 18:15,8.49
1/30/2024 18:30,8.43
1/30/2024 18:45,8.23
1/30/2024 19:00,7.854
1/30/2024 19:15,7.457
1/30/2024 19:30,7.3
1/30/2024 19:45,7.231
1/30/2024 20:00,7.181
1/30/2024 20:15,7.093
1/30/2024 20:30,6.913
1/30/2024 20:45,6.644
1/30/2024 21:00,6.442
1/30/2024 21:15,6.414
1/30/2024 21:30,6.429
1/30/2024 21:45,6.348
1/30/2024 22:00,6.26
1/30/2024 22:15,6.208
1/30/2024 22:30,6.177
1/30/2024 22:45,6.179
1/30/2024 23:00,6.238
1/30/2024 23:15,6.281
1/30/2024 23:30,6.248
1/30/2024 23:45,6.233
1/31/2024 0:00,6.178
1/31/2024 0:15,6.242
1/31/2024 0:30,6.339
1/31/2024 0:45,6.43
1/31/2024 1:00,6.441
1/31/2024 1:15,6.551
1/31/2024 1:30,6.418
1/31/2024 1:45,6.173
1/31/2024 2:00,6.079
1/31/2024 2:15,6.237
1/31/2024 2:30,6.472
1/31/2024 2:45,6.585
1/31/2024 3:00,6.667
1/31/2024 3:15,6.786
1/31/2024 3:30,6.9
1/31/2024 3:45,6.99
1/31/2024 4:00,7.02
1/31/2024 4:15,6.845
1/31/2024 4:30,6.774
1/31/2024 4:45,6.868
1/31/2024 5:00,6.959
1/31/2024 5:15,7.095
1/31/2024 5:30,7.238
1/31/2024 5:45,7.295
1/31/2024 6:00,7.286
1/31/2024 6:15,7.279
1/31/2024 6:30,7.294
1/31/2024 6:45,7.305
1/31/2024 7:00,7.246
1/31/2024 7:15,7.155
1/31/2024 7:30,7.011
1/31/2024 7:45,6.991
1/31/2024 8:00,6.984
1/31/2024 8:15,7.038
1/31/2024 8:30,7.227
1/31/2024 8:45,7.47
1/31/2024 9:00,7.709
1/31/2024 9:15,8.08
1/31/2024 9:30,8.6
1/31/2024 9:45,9.3
1/31/2024 10:00,10.57
1/31/2024 10:15,11.63
1/31/2024 10:30,12.09
1/31/2024 10:45,11.69
1/31/2024 11:00,11.19
1/31/2024 11:15,11.01
1/31/2024 11:30,11.14
1/31/2024 11:45,11.31
1/31/2024 12:00,11.64
1/31/2024 12:15,12.17
1/31/2024 12:30,12.28
1/31/2024 12:45,12.14
1/31/2024 13:00,12.21
1/31/2024 13:15,12.66
1/31/2024 13:30,12.73
1/31/2024 13:45,12.47
1/31/2024 14:00,12.36
1/31/2024 14:15,12.37
1/31/2024 14:30,12.34
1/31/2024 14:45,12.63
1/31/2024 15:00,12.83
1/31/2024 15:15,12.74
1/31/2024 15:30,12.45
1/31/2024 15:45,12.19
1/31/2024 16:00,12.02
1/31/2024 16:15,11.73
1/31/2024 16:30,11.29
1/31/2024 16:45,10.78
1/31/2024 17:00,10.29
1/31/2024 17:15,9.87
1/31/2024 17:30,9.44
1/31/2024 17:45,9.03
1/31/2024 18:00,8.59
1/31/2024 18:15,8.23
1/31/2024 18:30,7.989
1/31/2024 18:45,7.83
1/31/2024 19:00,7.697
1/31/2024 19:15,7.585
1/31/2024 19:30,7.59
1/31/2024 19:45,7.602
1/31/2024 20:00,7.631
1/31/2024 20:15,7.576
1/31/2024 20:30,7.475
1/31/2024 20:45,7.38
1/31/2024 21:00,7.32
1/31/2024 21:15,7.362
1/31/2024 21:30,7.489
1/31/2024 21:45,7.644
1/31/2024 22:00,7.884
1/31/2024 22:15,8.08
1/31/2024 22:30,8.19
1/31/2024 22:45,8.13
1/31/2024 23:00,8.04
1/31/2024 23:15,7.96
1/31/2024 23:30,7.911
1/31/2024 23:45,7.785
2/1/2024 0:00,7.686
2/1/2024 0:15,7.626
2/1/2024 0:30,7.64
2/1/2024 0:45,7.61
2/1/2024 1:00,7.557
2/1/2024 1:15,7.541
2/1/2024 1:30,7.596
2/1/2024 1:45,7.675
2/1/2024 2:00,7.702
2/1/2024 2:15,7.712
2/1/2024 2:30,7.661
2/1/2024 2:45,7.609
2/1/2024 3:00,7.607
2/1/2024 3:15,7.72
2/1/2024 3:30,7.927
2/1/2024 3:45,8.11
2/1/2024 4:00,8.21
2/1/2024 4:15,8.18
2/1/2024 4:30,8.15
2/1/2024 4:45,8.32
2/1/2024 5:00,8.34
2/1/2024 5:15,8.39
2/1/2024 5:30,8.44
2/1/2024 5:45,8.45
2/1/2024 6:00,8.4
2/1/2024 6:15,8.3
2/1/2024 6:30,8.17
2/1/2024 6:45,8.09
2/1/2024 7:00,8.12
2/1/2024 7:15,8.16
2/1/2024 7:30,8.2
2/1/2024 7:45,8.16
2/1/2024 8:00,8.01
2/1/2024 8:15,7.92
2/1/2024 8:30,7.96
2/1/2024 8:45,8.13
2/1/2024 9:00,8.3
2/1/2024 9:15,8.64
2/1/2024 9:30,9.08
2/1/2024 9:45,9.63
2/1/2024 10:00,10.08
2/1/2024 10:15,10.2
2/1/2024 10:30,10.05
2/1/2024 10:45,9.9
2/1/2024 11:00,9.81
2/1/2024 11:15,9.78
2/1/2024 11:30,9.75
2/1/2024 11:45,9.74
2/1/2024 12:00,9.81
2/1/2024 12:15,10.13
2/1/2024 12:30,10.77
2/1/2024 12:45,11.26
2/1/2024 13:00,11.45
2/1/2024 13:15,11.55
2/1/2024 13:30,11.46
2/1/2024 13:45,11.33
2/1/2024 14:00,11.41
2/1/2024 14:15,11.49
2/1/2024 14:30,11.42
2/1/2024 14:45,11.27
2/1/2024 15:00,11.09
2/1/2024 15:15,10.82
2/1/2024 15:30,10.49
2/1/2024 15:45,10.14
2/1/2024 16:00,9.77
2/1/2024 16:15,9.43
2/1/2024 16:30,9.1
2/1/2024 16:45,8.78
2/1/2024 17:00,8.48
2/1/2024 17:15,8.17
2/1/2024 17:30,7.886
2/1/2024 17:45,7.654
2/1/2024 18:00,7.477
2/1/2024 18:15,7.303
2/1/2024 18:30,7.167
2/1/2024 18:45,7.066
2/1/2024 19:00,6.989
2/1/2024 19:15,6.876
2/1/2024 19:30,6.736
2/1/2024 19:45,6.584
2/1/2024 20:00,6.422
2/1/2024 20:15,6.264
2/1/2024 20:30,6.162
2/1/2024 20:45,6.099
2/1/2024 21:00,6.076
2/1/2024 21:15,6.132
2/1/2024 21:30,6.2
2/1/2024 21:45,6.233
2/1/2024 22:00,6.244
2/1/2024 22:15,6.256
2/1/2024 22:30,6.284
2/1/2024 22:45,6.293
2/1/2024 23:00,6.253
2/1/2024 23:15,6.205
2/1/2024 23:30,6.151
2/1/2024 23:45,6.091
2/2/2024 0:00,6.016
2/2/2024 0:15,5.944
2/2/2024 0:30,5.881
2/2/2024 0:45,5.834
2/2/2024 1:00,5.758
2/2/2024 1:15,5.727
2/2/2024 1:30,5.703
2/2/2024 1:45,5.647
2/2/2024 2:00,5.562
2/2/2024 2:15,5.469
2/2/2024 2:30,5.409
2/2/2024 2:45,5.389
2/2/2024 3:00,5.381
2/2/2024 3:15,5.408
2/2/2024 3:30,5.41
2/2/2024 3:45,5.36
2/2/2024 4:00,5.281
2/2/2024 4:15,5.218
2/2/2024 4:30,5.186
2/2/2024 4:45,5.156
2/2/2024 5:00,5.091
2/2/2024 5:15,5.081
2/2/2024 5:30,5.061
2/2/2024 5:45,5.039
2/2/2024 6:00,4.982
2/2/2024 6:15,4.923
2/2/2024 6:30,4.841
2/2/2024 6:45,4.729
2/2/2024 7:00,4.575
2/2/2024 7:15,4.425
2/2/2024 7:30,4.327
2/2/2024 7:45,4.3
2/2/2024 8:00,4.38
2/2/2024 8:15,4.555
2/2/2024 8:30,4.825
2/2/2024 8:45,5.179
2/2/2024 9:00,5.533
2/2/2024 9:15,5.799
2/2/2024 9:30,5.983
2/2/2024 9:45,6.131
2/2/2024 10:00,6.221
2/2/2024 10:15,6.292
2/2/2024 10:30,6.395
2/2/2024 10:45,6.493
2/2/2024 11:00,6.609
2/2/2024 11:15,6.815
2/2/2024 11:30,7.101
2/2/2024 11:45,7.431
2/2/2024 12:00,7.756
2/2/2024 12:15,8.04
2/2/2024 12:30,8.34
2/2/2024 12:45,8.6
2/2/2024 13:00,8.72
2/2/2024 13:15,8.7
2/2/2024 13:30,8.59
2/2/2024 13:45,8.45
2/2/2024 14:00,8.35
2/2/2024 14:15,8.24
2/2/2024 14:30,8.17
2/2/2024 14:45,8.06
2/2/2024 15:00,7.98
2/2/2024 15:15,7.828
2/2/2024 15:30,7.688
2/2/2024 15:45,7.494
2/2/2024 16:00,7.33
2/2/2024 16:15,7.037
2/2/2024 16:30,6.686
2/2/2024 16:45,6.31
2/2/2024 17:00,5.933
2/2/2024 17:15,5.507
2/2/2024 17:30,5.034
2/2/2024 17:45,4.616
2/2/2024 18:00,4.252
2/2/2024 18:15,3.924
2/2/2024 18:30,3.568
2/2/2024 18:45,3.259
2/2/2024 19:00,2.952
2/2/2024 19:15,2.799
2/2/2024 19:30,2.832
2/2/2024 19:45,2.939
2/2/2024 20:00,3.114
2/2/2024 20:15,3.223
2/2/2024 20:30,3.298
2/2/2024 20:45,3.412
2/2/2024 21:00,3.528
2/2/2024 21:15,3.638
2/2/2024 21:30,3.503
2/2/2024 21:45,3.218
2/2/2024 22:00,2.893
2/2/2024 22:15,2.587
2/2/2024 22:30,2.284
2/2/2024 22:45,2.005
2/2/2024 23:00,1.809
2/2/2024 23:15,1.771
2/2/2024 23:30,1.838
2/2/2024 23:45,1.95
2/3/2024 0:00,1.922
2/3/2024 0:15,1.828
2/3/2024 0:30,1.847
2/3/2024 0:45,1.994
2/3/2024 1:00,1.979
2/3/2024 1:15,1.936
2/3/2024 1:30,2.025
2/3/2024 1:45,2.163
2/3/2024 2:00,2.338
2/3/2024 2:15,2.473
2/3/2024 2:30,2.623
2/3/2024 2:45,2.798
2/3/2024 3:00,3.021
2/3/2024 3:15,3.22
2/3/2024 3:30,3.304
2/3/2024 3:45,3.311
2/3/2024 4:00,3.266
2/3/2024 4:15,3.2
2/3/2024 4:30,3.101
2/3/2024 4:45,2.976
2/3/2024 5:00,2.817
2/3/2024 5:15,2.67
2/3/2024 5:30,2.549
2/3/2024 5:45,2.462
2/3/2024 6:00,2.391
2/3/2024 6:15,2.326
2/3/2024 6:30,2.289
2/3/2024 6:45,2.266
2/3/2024 7:00,2.24
2/3/2024 7:15,2.221
2/3/2024 7:30,2.214
2/3/2024 7:45,2.201
2/3/2024 8:00,2.193
2/3/2024 8:15,2.194
2/3/2024 8:30,2.225
2/3/2024 8:45,2.275
2/3/2024 9:00,2.37
2/3/2024 9:15,2.461
2/3/2024 9:30,2.551
2/3/2024 9:45,2.605
2/3/2024 10:00,2.637
2/3/2024 10:15,2.672
2/3/2024 10:30,2.733
2/3/2024 10:45,2.808
2/3/2024 11:00,2.859
2/3/2024 11:15,2.911
2/3/2024 11:30,2.97
2/3/2024 11:45,2.979
2/3/2024 12:00,3.067
2/3/2024 12:15,3.215
2/3/2024 12:30,3.313
2/3/2024 12:45,3.346
2/3/2024 13:00,3.305
2/3/2024 13:15,3.293
2/3/2024 13:30,3.303
2/3/2024 13:45,3.256
2/3/2024 14:00,3.24
2/3/2024 14:15,3.239
2/3/2024 14:30,3.227
2/3/2024 14:45,3.195
2/3/2024 15:00,3.155
2/3/2024 15:15,3.091
2/3/2024 15:30,3.017
2/3/2024 15:45,2.936
2/3/2024 16:00,2.814
2/3/2024 16:15,2.615
2/3/2024 16:30,2.459
2/3/2024 16:45,2.39
2/3/2024 17:00,2.365
2/3/2024 17:15,2.353
2/3/2024 17:30,2.354
2/3/2024 17:45,2.342
2/3/2024 18:00,2.364
2/3/2024 18:15,2.341
2/3/2024 18:30,2.328
2/3/2024 18:45,2.316
2/3/2024 19:00,2.31
2/3/2024 19:15,2.316
2/3/2024 19:30,2.355
2/3/2024 19:45,2.409
2/3/2024 20:00,2.451
2/3/2024 20:15,2.462
2/3/2024 20:30,2.453
2/3/2024 20:45,2.424
2/3/2024 21:00,2.405
2/3/2024 21:15,2.439
2/3/2024 21:30,2.461
2/3/2024 21:45,2.464
2/3/2024 22:00,2.469
2/3/2024 22:15,2.468
2/3/2024 22:30,2.444
2/3/2024 22:45,2.408
2/3/2024 23:00,2.389
2/3/2024 23:15,2.377
2/3/2024 23:30,2.342
2/3/2024 23:45,2.315
2/4/2024 0:00,2.256
2/4/2024 0:15,2.165
2/4/2024 0:30,2.054
2/4/2024 0:45,1.927
2/4/2024 1:00,1.784
2/4/2024 1:15,1.649
2/4/2024 1:30,1.517
2/4/2024 1:45,1.387
2/4/2024 2:00,1.264
2/4/2024 2:15,1.186
2/4/2024 2:30,1.139
2/4/2024 2:45,1.113
2/4/2024 3:00,1.088
2/4/2024 3:15,1.055
2/4/2024 3:30,0.994
2/4/2024 3:45,0.945
2/4/2024 4:00,0.909
2/4/2024 4:15,0.894
2/4/2024 4:30,0.894
2/4/2024 4:45,0.883
2/4/2024 5:00,0.854
2/4/2024 5:15,0.842
2/4/2024 5:30,0.82
2/4/2024 5:45,0.789
2/4/2024 6:00,0.763
2/4/2024 6:15,0.756
2/4/2024 6:30,0.747
2/4/2024 6:45,0.735
2/4/2024 7:00,0.643
2/4/2024 7:15,0.499
2/4/2024 7:30,0.438
2/4/2024 7:45,0.489
2/4/2024 8:00,0.626
2/4/2024 8:15,0.865
2/4/2024 8:30,1.141
2/4/2024 8:45,1.398
2/4/2024 9:00,1.678
2/4/2024 9:15,1.946
2/4/2024 9:30,2.301
2/4/2024 9:45,2.664
2/4/2024 10:00,2.964
2/4/2024 10:15,3.243
2/4/2024 10:30,3.857
2/4/2024 10:45,4.581
2/4/2024 11:00,5.778
2/4/2024 11:15,6.503
2/4/2024 11:30,7.68
2/4/2024 11:45,9.09
2/4/2024 12:00,9.73
2/4/2024 12:15,9.87
2/4/2024 12:30,10.45
2/4/2024 12:45,10.78
2/4/2024 13:00,10.92
2/4/2024 13:15,10.25
2/4/2024 13:30,9.44
2/4/2024 13:45,10.03
2/4/2024 14:00,10.79
2/4/2024 14:15,10.71
2/4/2024 14:30,10.01
2/4/2024 14:45,9.37
2/4/2024 15:00,8.72
2/4/2024 15:15,8.12
2/4/2024 15:30,7.53
2/4/2024 15:45,6.972
2/4/2024 16:00,6.325
2/4/2024 16:15,5.585
2/4/2024 16:30,4.969
2/4/2024 16:45,4.411
2/4/2024 17:00,3.882
2/4/2024 17:15,3.441
2/4/2024 17:30,3.028
2/4/2024 17:45,2.626
2/4/2024 18:00,2.306
2/4/2024 18:15,2.194
2/4/2024 18:30,2.125
2/4/2024 18:45,1.894
2/4/2024 19:00,1.652
2/4/2024 19:15,1.607
2/4/2024 19:30,1.652
2/4/2024 19:45,1.697
2/4/2024 20:00,1.771
2/4/2024 20:15,1.93
2/4/2024 20:30,2.07
2/4/2024 20:45,2.224
2/4/2024 21:00,2.363
2/4/2024 21:15,2.469
2/4/2024 21:30,2.506
2/4/2024 21:45,2.529
2/4/2024 22:00,2.749
2/4/2024 22:15,3.015
2/4/2024 22:30,3.099
2/4/2024 22:45,3.169
2/4/2024 23:00,3.164
2/4/2024 23:15,3.128
2/4/2024 23:30,3.165
2/4/2024 23:45,3.305
2/5/2024 0:00,3.324
2/5/2024 0:15,3.274
2/5/2024 0:30,3.191
2/5/2024 0:45,3.119
2/5/2024 1:00,3.106
2/5/2024 1:15,3.141
2/5/2024 1:30,3.12
2/5/2024 1:45,2.971
2/5/2024 2:00,2.742
2/5/2024 2:15,2.499
2/5/2024 2:30,2.328
2/5/2024 2:45,2.307
2/5/2024 3:00,2.312
2/5/2024 3:15,2.352
2/5/2024 3:30,2.4
2/5/2024 3:45,2.477
2/5/2024 4:00,2.572
2/5/2024 4:15,2.653
2/5/2024 4:30,2.669
2/5/2024 4:45,2.593
2/5/2024 5:00,2.565
2/5/2024 5:15,2.606
2/5/2024 5:30,2.664
2/5/2024 5:45,2.885
2/5/2024 6:00,3.047
2/5/2024 6:15,3.195
2/5/2024 6:30,3.28
2/5/2024 6:45,3.273
2/5/2024 7:00,3.249
2/5/2024 7:15,3.264
2/5/2024 7:30,3.349
2/5/2024 7:45,3.406
2/5/2024 8:00,3.428
2/5/2024 8:15,3.474
2/5/2024 8:30,3.615
2/5/2024 8:45,3.738
2/5/2024 9:00,3.854
2/5/2024 9:15,4.041
2/5/2024 9:30,4.338
2/5/2024 9:45,4.749
2/5/2024 10:00,5.125
2/5/2024 10:15,5.45
2/5/2024 10:30,5.598
2/5/2024 10:45,5.543
2/5/2024 11:00,5.531
2/5/2024 11:15,5.553
2/5/2024 11:30,5.66
2/5/2024 11:45,6.034
2/5/2024 12:00,6.359
2/5/2024 12:15,6.522
2/5/2024 12:30,6.599
2/5/2024 12:45,6.704
2/5/2024 13:00,6.924
2/5/2024 13:15,6.971
2/5/2024 13:30,7.23
2/5/2024 13:45,7.794
2/5/2024 14:00,8.26
2/5/2024 14:15,8.66
2/5/2024 14:30,8.77
2/5/2024 14:45,8.69
2/5/2024 15:00,8.6
2/5/2024 15:15,8.5
2/5/2024 15:30,8.43
2/5/2024 15:45,8.33
2/5/2024 16:00,8.17
2/5/2024 16:15,8.01
2/5/2024 16:30,7.733
2/5/2024 16:45,7.445
2/5/2024 17:00,7.195
2/5/2024 17:15,6.912
2/5/2024 17:30,6.617
2/5/2024 17:45,6.335
2/5/2024 18:00,6.065
2/5/2024 18:15,5.796
2/5/2024 18:30,5.589
2/5/2024 18:45,5.384
2/5/2024 19:00,5.167
2/5/2024 19:15,4.978
2/5/2024 19:30,4.609
2/5/2024 19:45,4.2
2/5/2024 20:00,3.977
2/5/2024 20:15,3.823
2/5/2024 20:30,3.644
2/5/2024 20:45,3.621
2/5/2024 21:00,3.797
2/5/2024 21:15,3.973
2/5/2024 21:30,4.153
2/5/2024 21:45,4.326
2/5/2024 22:00,4.439
2/5/2024 22:15,4.441
2/5/2024 22:30,4.272
2/5/2024 22:45,4.123
2/5/2024 23:00,4.013
2/5/2024 23:15,3.924
2/5/2024 23:30,3.671
2/5/2024 23:45,3.429
2/6/2024 0:00,3.451
2/6/2024 0:15,3.487
2/6/2024 0:30,3.317
2/6/2024 0:45,3.14
2/6/2024 1:00,3.014
2/6/2024 1:15,2.955
2/6/2024 1:30,3.074
2/6/2024 1:45,3.442
2/6/2024 2:00,3.564
2/6/2024 2:15,3.392
2/6/2024 2:30,3.106
2/6/2024 2:45,2.917
2/6/2024 3:00,2.814
2/6/2024 3:15,2.65
2/6/2024 3:30,2.488
2/6/2024 3:45,2.476
2/6/2024 4:00,2.577
2/6/2024 4:15,2.5
2/6/2024 4:30,2.485
2/6/2024 4:45,2.609
2/6/2024 5:00,2.786
2/6/2024 5:15,2.876
2/6/2024 5:30,2.884
2/6/2024 5:45,2.81
2/6/2024 6:00,2.745
2/6/2024 6:15,2.726
2/6/2024 6:30,2.688
2/6/2024 6:45,2.568
2/6/2024 7:00,2.486
2/6/2024 7:15,2.36
2/6/2024 7:30,2.318
2/6/2024 7:45,2.654
2/6/2024 8:00,3.579
2/6/2024 8:15,4.295
2/6/2024 8:30,5.247
2/6/2024 8:45,5.883
2/6/2024 9:00,7.553
2/6/2024 9:15,9.52
2/6/2024 9:30,11.83
2/6/2024 9:45,13.94
2/6/2024 10:00,15.47
2/6/2024 10:15,16.99
2/6/2024 10:30,14.96
2/6/2024 10:45,11.85
2/6/2024 11:00,11.89
2/6/2024 11:15,11.88
2/6/2024 11:30,12.2
2/6/2024 11:45,12.54
2/6/2024 12:00,13.04
2/6/2024 12:15,13.74
2/6/2024 12:30,14.87
2/6/2024 12:45,16.02
2/6/2024 13:00,16.03
2/6/2024 13:15,16.31
2/6/2024 13:30,16.48
2/6/2024 13:45,16.35
2/6/2024 14:00,14.74
2/6/2024 14:15,13.85
2/6/2024 14:30,13.89
2/6/2024 14:45,13.9
2/6/2024 15:00,13.58
2/6/2024 15:15,12.92
2/6/2024 15:30,12.2
2/6/2024 15:45,11.67
2/6/2024 16:00,10.64
2/6/2024 16:15,9.51
2/6/2024 16:30,8.43
2/6/2024 16:45,7.534
2/6/2024 17:00,6.798
2/6/2024 17:15,6.213
2/6/2024 17:30,5.752
2/6/2024 17:45,5.432
2/6/2024 18:00,5.175
2/6/2024 18:15,4.975
2/6/2024 18:30,4.804
2/6/2024 18:45,4.635
2/6/2024 19:00,4.463
2/6/2024 19:15,4.28
2/6/2024 19:30,4.099
2/6/2024 19:45,3.951
2/6/2024 20:00,3.847
2/6/2024 20:15,3.787
2/6/2024 20:30,3.763
2/6/2024 20:45,3.73
2/6/2024 21:00,3.674
2/6/2024 21:15,3.638
2/6/2024 21:30,3.615
2/6/2024 21:45,3.578
2/6/2024 22:00,3.525
2/6/2024 22:15,3.458
2/6/2024 22:30,3.395
2/6/2024 22:45,3.35
2/6/2024 23:00,3.33
2/6/2024 23:15,3.31
2/6/2024 23:30,3.28
2/6/2024 23:45,3.266
2/7/2024 0:00,3.261
2/7/2024 0:15,3.259
2/7/2024 0:30,3.228
2/7/2024 0:45,3.17
2/7/2024 1:00,3.11
2/7/2024 1:15,3.055
2/7/2024 1:30,3.012
2/7/2024 1:45,3.002
2/7/2024 2:00,3.018
2/7/2024 2:15,3.039
2/7/2024 2:30,3.059
2/7/2024 2:45,3.081
2/7/2024 3:00,3.1
2/7/2024 3:15,3.123
2/7/2024 3:30,3.143
2/7/2024 3:45,3.159
2/7/2024 4:00,3.155
2/7/2024 4:15,3.14
2/7/2024 4:30,3.133
2/7/2024 4:45,3.126
2/7/2024 5:00,3.123
2/7/2024 5:15,3.102
2/7/2024 5:30,3.08
2/7/2024 5:45,3.054
2/7/2024 6:00,3.031
2/7/2024 6:15,3.003
2/7/2024 6:30,2.967
2/7/2024 6:45,2.932
2/7/2024 7:00,2.91
2/7/2024 7:15,2.891
2/7/2024 7:30,2.883
2/7/2024 7:45,2.895
2/7/2024 8:00,2.928
2/7/2024 8:15,2.994
2/7/2024 8:30,3.08
2/7/2024 8:45,3.158
2/7/2024 9:00,3.246
2/7/2024 9:15,3.327
2/7/2024 9:30,3.36
2/7/2024 9:45,3.37
2/7/2024 10:00,3.403
2/7/2024 10:15,3.457
2/7/2024 10:30,3.503
2/7/2024 10:45,3.457
2/7/2024 11:00,3.42
2/7/2024 11:15,3.382
2/7/2024 11:30,3.381
2/7/2024 11:45,3.36
2/7/2024 12:00,3.285
2/7/2024 12:15,3.224
2/7/2024 12:30,3.245
2/7/2024 12:45,3.315
2/7/2024 13:00,3.326
2/7/2024 13:15,3.286
2/7/2024 13:30,3.306
2/7/2024 13:45,3.392
2/7/2024 14:00,3.489
2/7/2024 14:15,3.548
2/7/2024 14:30,3.541
2/7/2024 14:45,3.578
2/7/2024 15:00,3.697
2/7/2024 15:15,3.797
2/7/2024 15:30,3.831
2/7/2024 15:45,3.789
2/7/2024 16:00,3.735
2/7/2024 16:15,3.662
2/7/2024 16:30,3.568
2/7/2024 16:45,3.461
2/7/2024 17:00,3.372
2/7/2024 17:15,3.283
2/7/2024 17:30,3.191
2/7/2024 17:45,3.107
2/7/2024 18:00,3.04
2/7/2024 18:15,2.966
2/7/2024 18:30,2.901
2/7/2024 18:45,2.842
2/7/2024 19:00,2.778
2/7/2024 19:15,2.708
2/7/2024 19:30,2.668
2/7/2024 19:45,2.622
2/7/2024 20:00,2.59
2/7/2024 20:15,2.569
2/7/2024 20:30,2.542
2/7/2024 20:45,2.515
2/7/2024 21:00,2.496
2/7/2024 21:15,2.464
2/7/2024 21:30,2.431
2/7/2024 21:45,2.402
2/7/2024 22:00,2.379
2/7/2024 22:15,2.349
2/7/2024 22:30,2.325
2/7/2024 22:45,2.289
2/7/2024 23:00,2.254
2/7/2024 23:15,2.232
2/7/2024 23:30,2.186
2/7/2024 23:45,2.126
2/8/2024 0:00,2.061
2/8/2024 0:15,2.008
2/8/2024 0:30,1.953
2/8/2024 0:45,1.911
2/8/2024 1:00,1.886
2/8/2024 1:15,1.863
2/8/2024 1:30,1.83
2/8/2024 1:45,1.808
2/8/2024 2:00,1.796
2/8/2024 2:15,1.79
2/8/2024 2:30,1.772
2/8/2024 2:45,1.761
2/8/2024 3:00,1.746
2/8/2024 3:15,1.731
2/8/2024 3:30,1.711
2/8/2024 3:45,1.701
2/8/2024 4:00,1.682
2/8/2024 4:15,1.622
2/8/2024 4:30,1.495
2/8/2024 4:45,1.38
2/8/2024 5:00,1.288
2/8/2024 5:15,1.232
2/8/2024 5:30,1.233
2/8/2024 5:45,1.253
2/8/2024 6:00,1.278
2/8/2024 6:15,1.295
2/8/2024 6:30,1.277
2/8/2024 6:45,1.258
2/8/2024 7:00,1.268
2/8/2024 7:15,1.282
2/8/2024 7:30,1.312
2/8/2024 7:45,1.349
2/8/2024 8:00,1.392
2/8/2024 8:15,1.429
2/8/2024 8:30,1.48
2/8/2024 8:45,1.54
2/8/2024 9:00,1.628
2/8/2024 9:15,1.778
2/8/2024 9:30,2.142
2/8/2024 9:45,2.552
2/8/2024 10:00,2.807
2/8/2024 10:15,3.002
2/8/2024 10:30,3.129
2/8/2024 10:45,3.114
2/8/2024 11:00,3.055
2/8/2024 11:15,2.981
2/8/2024 11:30,2.92
2/8/2024 11:45,2.919
2/8/2024 12:00,2.925
2/8/2024 12:15,2.911
2/8/2024 12:30,2.871
2/8/2024 12:45,2.829
2/8/2024 13:00,2.83
2/8/2024 13:15,2.868
2/8/2024 13:30,2.945
2/8/2024 13:45,2.965
2/8/2024 14:00,2.942
2/8/2024 14:15,2.874
2/8/2024 14:30,2.833
2/8/2024 14:45,2.82
2/8/2024 15:00,2.773
2/8/2024 15:15,2.753
2/8/2024 15:30,2.735
2/8/2024 15:45,2.687
2/8/2024 16:00,2.625
2/8/2024 16:15,2.564
2/8/2024 16:30,2.476
2/8/2024 16:45,2.366
2/8/2024 17:00,2.244
2/8/2024 17:15,2.128
2/8/2024 17:30,2.02
2/8/2024 17:45,1.892
2/8/2024 18:00,1.775
2/8/2024 18:15,1.686
2/8/2024 18:30,1.629
2/8/2024 18:45,1.579
2/8/2024 19:00,1.512
2/8/2024 19:15,1.426
2/8/2024 19:30,1.339
2/8/2024 19:45,1.167
2/8/2024 20:00,0.971
2/8/2024 20:15,0.797
2/8/2024 20:30,0.651
2/8/2024 20:45,0.545
2/8/2024 21:00,0.446
2/8/2024 21:15,0.391
2/8/2024 21:30,0.389
2/8/2024 21:45,0.481
2/8/2024 22:00,0.582
2/8/2024 22:15,0.685
2/8/2024 22:30,0.708
2/8/2024 22:45,0.707
2/8/2024 23:00,0.718
2/8/2024 23:15,0.673
2/8/2024 23:30,0.555
2/8/2024 23:45,0.395
2/9/2024 0:00,0.242
2/9/2024 0:15,0.15
2/9/2024 0:30,0.086
2/9/2024 0:45,0.013
2/9/2024 1:00,-0.035
2/9/2024 1:15,-0.051
2/9/2024 1:30,-0.011
2/9/2024 1:45,0.073
2/9/2024 2:00,0.115
2/9/2024 2:15,0.177
2/9/2024 2:30,0.245
2/9/2024 2:45,0.269
2/9/2024 3:00,0.299
2/9/2024 3:15,0.339
2/9/2024 3:30,0.381
2/9/2024 3:45,0.436
2/9/2024 4:00,0.46
2/9/2024 4:15,0.46
2/9/2024 4:30,0.396
2/9/2024 4:45,0.351
2/9/2024 5:00,0.341
2/9/2024 5:15,0.312
2/9/2024 5:30,0.286
2/9/2024 5:45,0.259
2/9/2024 6:00,0.239
2/9/2024 6:15,0.233
2/9/2024 6:30,0.237
2/9/2024 6:45,0.243
2/9/2024 7:00,0.255
2/9/2024 7:15,0.26
2/9/2024 7:30,0.267
2/9/2024 7:45,0.284
2/9/2024 8:00,0.356
2/9/2024 8:15,0.569
2/9/2024 8:30,0.703
2/9/2024 8:45,0.773
2/9/2024 9:00,0.855
2/9/2024 9:15,0.881
2/9/2024 9:30,0.907
2/9/2024 9:45,1.077
2/9/2024 10:00,1.284
2/9/2024 10:15,1.46
2/9/2024 10:30,1.596
2/9/2024 10:45,1.692
2/9/2024 11:00,1.818
2/9/2024 11:15,2.019
2/9/2024 11:30,2.066
2/9/2024 11:45,2.213
2/9/2024 12:00,2.34
2/9/2024 12:15,2.641
2/9/2024 12:30,3.201
2/9/2024 12:45,3.527
2/9/2024 13:00,3.513
2/9/2024 13:15,3.357
2/9/2024 13:30,3.176
2/9/2024 13:45,3.013
2/9/2024 14:00,2.913
2/9/2024 14:15,2.961
2/9/2024 14:30,2.976
2/9/2024 14:45,2.707
2/9/2024 15:00,2.645
2/9/2024 15:15,2.707
2/9/2024 15:30,2.749
2/9/2024 15:45,2.544
2/9/2024 16:00,2.132
2/9/2024 16:15,1.82
2/9/2024 16:30,1.548
2/9/2024 16:45,1.37
2/9/2024 17:00,1.134
2/9/2024 17:15,0.817
2/9/2024 17:30,0.575
2/9/2024 17:45,0.344
2/9/2024 18:00,0.199
2/9/2024 18:15,-0.034
2/9/2024 18:30,-0.336
2/9/2024 18:45,-0.648
2/9/2024 19:00,-0.973
2/9/2024 19:15,-1.244
2/9/2024 19:30,-1.376
2/9/2024 19:45,-1.393
2/9/2024 20:00,-1.523
2/9/2024 20:15,-1.834
2/9/2024 20:30,-2.17
2/9/2024 20:45,-2.3
2/9/2024 21:00,-2.223
2/9/2024 21:15,-2.061
2/9/2024 21:30,-1.973
2/9/2024 21:45,-1.915
2/9/2024 22:00,-1.982
2/9/2024 22:15,-1.92
2/9/2024 22:30,-1.898
2/9/2024 22:45,-2.219
2/9/2024 23:00,-2.69
2/9/2024 23:15,-3.127
2/9/2024 23:30,-3.525
2/9/2024 23:45,-3.813
2/10/2024 0:00,-4.115
2/10/2024 0:15,-4.331
2/10/2024 0:30,-4.536
2/10/2024 0:45,-4.762
2/10/2024 1:00,-4.989
2/10/2024 1:15,-5.164
2/10/2024 1:30,-5.298
2/10/2024 1:45,-5.415
2/10/2024 2:00,-5.501
2/10/2024 2:15,-5.629
2/10/2024 2:30,-5.718
2/10/2024 2:45,-5.784
2/10/2024 3:00,-5.847
2/10/2024 3:15,-5.957
2/10/2024 3:30,-6.026
2/10/2024 3:45,-6.045
2/10/2024 4:00,-5.959
2/10/2024 4:15,-5.677
2/10/2024 4:30,-5.487
2/10/2024 4:45,-5.348
2/10/2024 5:00,-5.145
2/10/2024 5:15,-4.908
2/10/2024 5:30,-4.581
2/10/2024 5:45,-4.173
2/10/2024 6:00,-3.73
2/10/2024 6:15,-3.4
2/10/2024 6:30,-3.108
2/10/2024 6:45,-2.937
2/10/2024 7:00,-2.833
2/10/2024 7:15,-2.747
2/10/2024 7:30,-2.505
2/10/2024 7:45,-2.186
2/10/2024 8:00,-1.801
2/10/2024 8:15,-1.354
2/10/2024 8:30,-1.029
2/10/2024 8:45,-0.773
2/10/2024 9:00,-0.493
2/10/2024 9:15,0.011
2/10/2024 9:30,1.208
2/10/2024 9:45,3.671
2/10/2024 10:00,5.961
2/10/2024 10:15,4.908
2/10/2024 10:30,4.262
2/10/2024 10:45,7.014
2/10/2024 11:00,8.68
2/10/2024 11:15,8.97
2/10/2024 11:30,9.09
2/10/2024 11:45,8.97
2/10/2024 12:00,8.85
2/10/2024 12:15,8.65
2/10/2024 12:30,8.86
2/10/2024 12:45,8.68
2/10/2024 13:00,8.48
2/10/2024 13:15,8.6
2/10/2024 13:30,8.46
2/10/2024 13:45,6.33
2/10/2024 14:00,6.232
2/10/2024 14:15,5.645
2/10/2024 14:30,5.253
2/10/2024 14:45,4.812
2/10/2024 15:00,4.559
2/10/2024 15:15,4.34
2/10/2024 15:30,4.148
2/10/2024 15:45,3.93
2/10/2024 16:00,3.638
2/10/2024 16:15,3.23
2/10/2024 16:30,2.858
2/10/2024 16:45,2.557
2/10/2024 17:00,2.239
2/10/2024 17:15,1.924
2/10/2024 17:30,1.646
2/10/2024 17:45,1.399
2/10/2024 18:00,1.208
2/10/2024 18:15,1.023
2/10/2024 18:30,0.876
2/10/2024 18:45,0.794
2/10/2024 19:00,0.735
2/10/2024 19:15,0.684
2/10/2024 19:30,0.611
2/10/2024 19:45,0.493
2/10/2024 20:00,0.363
2/10/2024 20:15,0.323
2/10/2024 20:30,0.291
2/10/2024 20:45,0.293
2/10/2024 21:00,0.289
2/10/2024 21:15,0.291
2/10/2024 21:30,0.3
2/10/2024 21:45,0.286
2/10/2024 22:00,0.284
2/10/2024 22:15,0.267
2/10/2024 22:30,0.166
2/10/2024 22:45,0.053
2/10/2024 23:00,-0.054
2/10/2024 23:15,-0.189
2/10/2024 23:30,-0.254
2/10/2024 23:45,-0.213
2/11/2024 0:00,-0.133
2/11/2024 0:15,-0.086
2/11/2024 0:30,-0.033
2/11/2024 0:45,0.007
2/11/2024 1:00,0.041
2/11/2024 1:15,0.049
2/11/2024 1:30,0.071
2/11/2024 1:45,0.094
2/11/2024 2:00,0.099
2/11/2024 2:15,0.047
2/11/2024 2:30,0.018
2/11/2024 2:45,-0.065
2/11/2024 3:00,-0.09
2/11/2024 3:15,-0.111
2/11/2024 3:30,-0.123
2/11/2024 3:45,-0.148
2/11/2024 4:00,-0.16
2/11/2024 4:15,-0.151
2/11/2024 4:30,-0.112
2/11/2024 4:45,-0.053
2/11/2024 5:00,-0.015
2/11/2024 5:15,0.02
2/11/2024 5:30,0.027
2/11/2024 5:45,0.051
2/11/2024 6:00,0.062
2/11/2024 6:15,0.07
2/11/2024 6:30,0.072
2/11/2024 6:45,0.064
2/11/2024 7:00,0.068
2/11/2024 7:15,0.095
2/11/2024 7:30,0.128
2/11/2024 7:45,0.202
2/11/2024 8:00,0.312
2/11/2024 8:15,0.484
2/11/2024 8:30,0.694
2/11/2024 8:45,0.79
2/11/2024 9:00,0.905
2/11/2024 9:15,1.153
2/11/2024 9:30,1.315
2/11/2024 9:45,1.342
2/11/2024 10:00,1.266
2/11/2024 10:15,1.123
2/11/2024 10:30,0.958
2/11/2024 10:45,0.875
2/11/2024 11:00,0.804
2/11/2024 11:15,0.902
2/11/2024 11:30,0.967
2/11/2024 11:45,0.921
2/11/2024 12:00,0.918
2/11/2024 12:15,0.945
2/11/2024 12:30,1.265
2/11/2024 12:45,1.385
2/11/2024 13:00,1.389
2/11/2024 13:15,1.552
2/11/2024 13:30,1.62
2/11/2024 13:45,1.579
2/11/2024 14:00,1.604
2/11/2024 14:15,1.713
2/11/2024 14:30,1.763
2/11/2024 14:45,1.822
2/11/2024 15:00,1.846
2/11/2024 15:15,1.982
2/11/2024 15:30,2.101
2/11/2024 15:45,2.046
2/11/2024 16:00,1.915
2/11/2024 16:15,1.811
2/11/2024 16:30,1.737
2/11/2024 16:45,1.628
2/11/2024 17:00,1.541
2/11/2024 17:15,1.49
2/11/2024 17:30,1.404
2/11/2024 17:45,1.311
2/11/2024 18:00,1.315
2/11/2024 18:15,1.319
2/11/2024 18:30,1.312
2/11/2024 18:45,1.346
2/11/2024 19:00,1.381
2/11/2024 19:15,1.335
2/11/2024 19:30,1.309
2/11/2024 19:45,1.333
2/11/2024 20:00,1.328
2/11/2024 20:15,1.312
2/11/2024 20:30,1.322
2/11/2024 20:45,1.346
2/11/2024 21:00,1.362
2/11/2024 21:15,1.343
2/11/2024 21:30,1.333
2/11/2024 21:45,1.32
2/11/2024 22:00,1.311
2/11/2024 22:15,1.341
2/11/2024 22:30,1.374
2/11/2024 22:45,1.332
2/11/2024 23:00,1.313
2/11/2024 23:15,1.318
2/11/2024 23:30,1.291
2/11/2024 23:45,1.227
2/12/2024 0:00,1.231
2/12/2024 0:15,1.292
2/12/2024 0:30,1.373
2/12/2024 0:45,1.529
2/12/2024 1:00,1.647
2/12/2024 1:15,1.675
2/12/2024 1:30,1.641
2/12/2024 1:45,1.545
2/12/2024 2:00,1.494
2/12/2024 2:15,1.48
2/12/2024 2:30,1.492
2/12/2024 2:45,1.551
2/12/2024 3:00,1.564
2/12/2024 3:15,1.569
2/12/2024 3:30,1.494
2/12/2024 3:45,1.479
2/12/2024 4:00,1.474
2/12/2024 4:15,1.519
2/12/2024 4:30,1.611
2/12/2024 4:45,1.7
2/12/2024 5:00,1.684
2/12/2024 5:15,1.635
2/12/2024 5:30,1.59
2/12/2024 5:45,1.539
2/12/2024 6:00,1.505
2/12/2024 6:15,1.582
2/12/2024 6:30,1.845
2/12/2024 6:45,2.13
2/12/2024 7:00,2.315
2/12/2024 7:15,2.401
2/12/2024 7:30,2.469
2/12/2024 7:45,2.562
2/12/2024 8:00,2.715
2/12/2024 8:15,2.835
2/12/2024 8:30,2.993
2/12/2024 8:45,3.301
2/12/2024 9:00,3.54
2/12/2024 9:15,3.66
2/12/2024 9:30,3.727
2/12/2024 9:45,3.836
2/12/2024 10:00,3.852
2/12/2024 10:15,3.841
2/12/2024 10:30,4.012
2/12/2024 10:45,4.212
2/12/2024 11:00,4.327
2/12/2024 11:15,4.36
2/12/2024 11:30,4.508
2/12/2024 11:45,4.655
2/12/2024 12:00,4.802
2/12/2024 12:15,4.884
2/12/2024 12:30,4.943
2/12/2024 12:45,4.978
2/12/2024 13:00,5.171
2/12/2024 13:15,5.343
2/12/2024 13:30,5.56
2/12/2024 13:45,5.792
2/12/2024 14:00,5.828
2/12/2024 14:15,5.636
2/12/2024 14:30,5.477
2/12/2024 14:45,5.345
2/12/2024 15:00,5.324
2/12/2024 15:15,5.39
2/12/2024 15:30,5.479
2/12/2024 15:45,5.421
2/12/2024 16:00,5.274
2/12/2024 16:15,5.075
2/12/2024 16:30,4.876
2/12/2024 16:45,4.623
2/12/2024 17:00,4.349
2/12/2024 17:15,4.074
2/12/2024 17:30,3.962
2/12/2024 17:45,3.893
2/12/2024 18:00,3.806
2/12/2024 18:15,3.657
2/12/2024 18:30,3.589
2/12/2024 18:45,3.552
2/12/2024 19:00,3.502
2/12/2024 19:15,3.476
2/12/2024 19:30,3.439
2/12/2024 19:45,3.379
2/12/2024 20:00,3.335
2/12/2024 20:15,3.305
2/12/2024 20:30,3.282
2/12/2024 20:45,3.227
2/12/2024 21:00,3.144
2/12/2024 21:15,3.003
2/12/2024 21:30,2.833
2/12/2024 21:45,2.661
2/12/2024 22:00,2.557
2/12/2024 22:15,2.486
2/12/2024 22:30,2.419
2/12/2024 22:45,2.371
2/12/2024 23:00,2.337
2/12/2024 23:15,2.314
2/12/2024 23:30,2.291
2/12/2024 23:45,2.282
2/13/2024 0:00,2.237
2/13/2024 0:15,2.187
2/13/2024 0:30,2.134
2/13/2024 0:45,2.09
2/13/2024 1:00,2.055
2/13/2024 1:15,2.003
2/13/2024 1:30,1.933
2/13/2024 1:45,1.85
2/13/2024 2:00,1.781
2/13/2024 2:15,1.709
2/13/2024 2:30,1.625
2/13/2024 2:45,1.537
2/13/2024 3:00,1.38
2/13/2024 3:15,1.184
2/13/2024 3:30,0.955
2/13/2024 3:45,0.77
2/13/2024 4:00,0.59
2/13/2024 4:15,0.435
2/13/2024 4:30,0.403
2/13/2024 4:45,0.439
2/13/2024 5:00,0.516
2/13/2024 5:15,0.605
2/13/2024 5:30,0.655
2/13/2024 5:45,0.658
2/13/2024 6:00,0.691
2/13/2024 6:15,0.735
2/13/2024 6:30,0.719
2/13/2024 6:45,0.641
2/13/2024 7:00,0.597
2/13/2024 7:15,0.52
2/13/2024 7:30,0.503
2/13/2024 7:45,0.583
2/13/2024 8:00,0.67
2/13/2024 8:15,0.747
2/13/2024 8:30,0.845
2/13/2024 8:45,1.2
2/13/2024 9:00,1.532
2/13/2024 9:15,2.116
2/13/2024 9:30,3.345
2/13/2024 9:45,5.264
2/13/2024 10:00,7.696
2/13/2024 10:15,8.48
2/13/2024 10:30,10.63
2/13/2024 10:45,10
2/13/2024 11:00,9.89
2/13/2024 11:15,11.08
2/13/2024 11:30,11.95
2/13/2024 11:45,12.01
2/13/2024 12:00,11.85
2/13/2024 12:15,11.79
2/13/2024 12:30,11.79
2/13/2024 12:45,11.97
2/13/2024 13:00,11.65
2/13/2024 13:15,11.1
2/13/2024 13:30,10.04
2/13/2024 13:45,8.69
2/13/2024 14:00,8.38
2/13/2024 14:15,9.19
2/13/2024 14:30,9.86
2/13/2024 14:45,10.14
2/13/2024 15:00,9.91
2/13/2024 15:15,9.57
2/13/2024 15:30,8.62
2/13/2024 15:45,7.457
2/13/2024 16:00,7.025
2/13/2024 16:15,6.523
2/13/2024 16:30,5.591
2/13/2024 16:45,4.718
2/13/2024 17:00,3.836
2/13/2024 17:15,3.021
2/13/2024 17:30,2.227
2/13/2024 17:45,1.528
2/13/2024 18:00,0.832
2/13/2024 18:15,0.288
2/13/2024 18:30,-0.098
2/13/2024 18:45,-0.344
2/13/2024 19:00,-0.452
2/13/2024 19:15,-0.459
2/13/2024 19:30,-0.457
2/13/2024 19:45,-0.443
2/13/2024 20:00,-0.41
2/13/2024 20:15,-0.406
2/13/2024 20:30,-0.411
2/13/2024 20:45,-0.436
2/13/2024 21:00,-0.477
2/13/2024 21:15,-0.511
2/13/2024 21:30,-0.511
2/13/2024 21:45,-0.534
2/13/2024 22:00,-0.562
2/13/2024 22:15,-0.618
2/13/2024 22:30,-0.618
2/13/2024 22:45,-0.726
2/13/2024 23:00,-1.005
2/13/2024 23:15,-1.421
2/13/2024 23:30,-1.806
2/13/2024 23:45,-2.191
2/14/2024 0:00,-2.591
2/14/2024 0:15,-2.888
2/14/2024 0:30,-3.099
2/14/2024 0:45,-3.416
2/14/2024 1:00,-3.679
2/14/2024 1:15,-3.855
2/14/2024 1:30,-4.022
2/14/2024 1:45,-4.211
2/14/2024 2:00,-4.452
2/14/2024 2:15,-4.706
2/14/2024 2:30,-4.927
2/14/2024 2:45,-5.145
2/14/2024 3:00,-5.368
2/14/2024 3:15,-5.601
2/14/2024 3:30,-5.794
2/14/2024 3:45,-5.961
2/14/2024 4:00,-6.126
2/14/2024 4:15,-6.24
2/14/2024 4:30,-6.37
2/14/2024 4:45,-6.548
2/14/2024 5:00,-6.705
2/14/2024 5:15,-6.848
2/14/2024 5:30,-6.923
2/14/2024 5:45,-6.999
2/14/2024 6:00,-7.056
2/14/2024 6:15,-7.061
2/14/2024 6:30,-7.104
2/14/2024 6:45,-7.174
2/14/2024 7:00,-7.222
2/14/2024 7:15,-7.207
2/14/2024 7:30,-6.63
2/14/2024 7:45,-5.264
2/14/2024 8:00,-4.132
2/14/2024 8:15,-3.408
2/14/2024 8:30,-2.825
2/14/2024 8:45,-2.215
2/14/2024 9:00,-1.456
2/14/2024 9:15,-0.66
2/14/2024 9:30,0.856
2/14/2024 9:45,4.554
2/14/2024 10:00,6.123
2/14/2024 10:15,7.899
2/14/2024 10:30,8.7
2/14/2024 10:45,9.34
2/14/2024 11:00,9.47
2/14/2024 11:15,9.01
2/14/2024 11:30,8.5
2/14/2024 11:45,8.5
2/14/2024 12:00,8.16
2/14/2024 12:15,7.795
2/14/2024 12:30,7.438
2/14/2024 12:45,6.894
2/14/2024 13:00,6.46
2/14/2024 13:15,6.166
2/14/2024 13:30,5.929
2/14/2024 13:45,5.774
2/14/2024 14:00,5.807
2/14/2024 14:15,5.844
2/14/2024 14:30,5.841
2/14/2024 14:45,5.624
2/14/2024 15:00,5.36
2/14/2024 15:15,5.028
2/14/2024 15:30,4.779
2/14/2024 15:45,4.572
2/14/2024 16:00,4.335
2/14/2024 16:15,4.055
2/14/2024 16:30,3.794
2/14/2024 16:45,3.487
2/14/2024 17:00,3.131
2/14/2024 17:15,2.708
2/14/2024 17:30,2.263
2/14/2024 17:45,1.834
2/14/2024 18:00,1.48
2/14/2024 18:15,1.212
2/14/2024 18:30,1.024
2/14/2024 18:45,0.904
2/14/2024 19:00,0.825
2/14/2024 19:15,0.794
2/14/2024 19:30,0.747
2/14/2024 19:45,0.708
2/14/2024 20:00,0.718
2/14/2024 20:15,0.867
2/14/2024 20:30,1.072
2/14/2024 20:45,1.1
2/14/2024 21:00,1.044
2/14/2024 21:15,1.063
2/14/2024 21:30,1.256
2/14/2024 21:45,1.473
2/14/2024 22:00,1.54
2/14/2024 22:15,1.468
2/14/2024 22:30,1.28
2/14/2024 22:45,1.025
2/14/2024 23:00,0.795
2/14/2024 23:15,0.664
2/14/2024 23:30,0.568
2/14/2024 23:45,0.529
2/15/2024 0:00,0.491
2/15/2024 0:15,0.466
2/15/2024 0:30,0.424
2/15/2024 0:45,0.356
2/15/2024 1:00,0.291
2/15/2024 1:15,0.233
2/15/2024 1:30,0.2
2/15/2024 1:45,0.195
2/15/2024 2:00,0.186
2/15/2024 2:15,0.147
2/15/2024 2:30,0.086
2/15/2024 2:45,0.04
2/15/2024 3:00,0.021
2/15/2024 3:15,0.027
2/15/2024 3:30,0.036
2/15/2024 3:45,0.034
2/15/2024 4:00,0.051
2/15/2024 4:15,0.077
2/15/2024 4:30,0.107
2/15/2024 4:45,0.131
2/15/2024 5:00,0.136
2/15/2024 5:15,0.136
2/15/2024 5:30,0.147
2/15/2024 5:45,0.146
2/15/2024 6:00,0.121
2/15/2024 6:15,0.066
2/15/2024 6:30,0.028
2/15/2024 6:45,-0.017
2/15/2024 7:00,-0.027
2/15/2024 7:15,0.002
2/15/2024 7:30,0.043
2/15/2024 7:45,0.128
2/15/2024 8:00,0.257
2/15/2024 8:15,0.383
2/15/2024 8:30,0.564
2/15/2024 8:45,0.744
2/15/2024 9:00,0.831
2/15/2024 9:15,0.807
2/15/2024 9:30,0.645
2/15/2024 9:45,0.418
2/15/2024 10:00,0.386
2/15/2024 10:15,0.452
2/15/2024 10:30,1.172
2/15/2024 10:45,1.592
2/15/2024 11:00,1.374
2/15/2024 11:15,1.793
2/15/2024 11:30,2.235
2/15/2024 11:45,2.835
2/15/2024 12:00,3.499
2/15/2024 12:15,3.791
2/15/2024 12:30,3.91
2/15/2024 12:45,3.568
2/15/2024 13:00,3.203
2/15/2024 13:15,2.828
2/15/2024 13:30,2.517
2/15/2024 13:45,2.35
2/15/2024 14:00,2.285
2/15/2024 14:15,2.089
2/15/2024 14:30,1.821
2/15/2024 14:45,1.636
2/15/2024 15:00,1.451
2/15/2024 15:15,1.166
2/15/2024 15:30,0.846
2/15/2024 15:45,0.605
2/15/2024 16:00,0.489
2/15/2024 16:15,0.496
2/15/2024 16:30,0.436
2/15/2024 16:45,0.27
2/15/2024 17:00,0.156
2/15/2024 17:15,0.017
2/15/2024 17:30,-0.415
2/15/2024 17:45,-0.759
2/15/2024 18:00,-0.89
2/15/2024 18:15,-0.987
2/15/2024 18:30,-1.058
2/15/2024 18:45,-1.102
2/15/2024 19:00,-1.189
2/15/2024 19:15,-1.298
2/15/2024 19:30,-1.427
2/15/2024 19:45,-1.525
2/15/2024 20:00,-1.594
2/15/2024 20:15,-1.629
2/15/2024 20:30,-1.664
2/15/2024 20:45,-1.673
2/15/2024 21:00,-1.675
2/15/2024 21:15,-1.665
2/15/2024 21:30,-1.657
2/15/2024 21:45,-1.669
2/15/2024 22:00,-1.672
2/15/2024 22:15,-1.676
2/15/2024 22:30,-1.674
2/15/2024 22:45,-1.676
2/15/2024 23:00,-1.68
2/15/2024 23:15,-1.717
2/15/2024 23:30,-1.762
2/15/2024 23:45,-1.811
2/16/2024 0:00,-1.85
2/16/2024 0:15,-1.865
2/16/2024 0:30,-1.88
2/16/2024 0:45,-1.898
2/16/2024 1:00,-1.904
2/16/2024 1:15,-1.926
2/16/2024 1:30,-1.957
2/16/2024 1:45,-1.988
2/16/2024 2:00,-2.01
2/16/2024 2:15,-2.035
2/16/2024 2:30,-2.063
2/16/2024 2:45,-2.1
2/16/2024 3:00,-2.146
2/16/2024 3:15,-2.179
2/16/2024 3:30,-2.203
2/16/2024 3:45,-2.218
2/16/2024 4:00,-2.228
2/16/2024 4:15,-2.227
2/16/2024 4:30,-2.234
2/16/2024 4:45,-2.249
2/16/2024 5:00,-2.257
2/16/2024 5:15,-2.258
2/16/2024 5:30,-2.258
2/16/2024 5:45,-2.264
2/16/2024 6:00,-2.263
2/16/2024 6:15,-2.267
2/16/2024 6:30,-2.272
2/16/2024 6:45,-2.278
2/16/2024 7:00,-2.269
2/16/2024 7:15,-2.252
2/16/2024 7:30,-2.204
2/16/2024 7:45,-2.12
2/16/2024 8:00,-1.992
2/16/2024 8:15,-1.827
2/16/2024 8:30,-1.6
2/16/2024 8:45,-1.33
2/16/2024 9:00,-1.002
2/16/2024 9:15,-0.595
2/16/2024 9:30,-0.204
2/16/2024 9:45,0.16
2/16/2024 10:00,0.598
2/16/2024 10:15,1.136
2/16/2024 10:30,1.704
2/16/2024 10:45,2.195
2/16/2024 11:00,2.723
2/16/2024 11:15,3.599
2/16/2024 11:30,4.548
2/16/2024 11:45,5.265
2/16/2024 12:00,5.527
2/16/2024 12:15,5.388
2/16/2024 12:30,5.551
2/16/2024 12:45,5.37
2/16/2024 13:00,5.384
2/16/2024 13:15,5.701
2/16/2024 13:30,6.225
2/16/2024 13:45,6.85
2/16/2024 14:00,7.773
2/16/2024 14:15,8.65
2/16/2024 14:30,9.29
2/16/2024 14:45,8.54
2/16/2024 15:00,7.693
2/16/2024 15:15,7.451
2/16/2024 15:30,7.143
2/16/2024 15:45,6.679
2/16/2024 16:00,6.373
2/16/2024 16:15,5.754
2/16/2024 16:30,4.71
2/16/2024 16:45,3.654
2/16/2024 17:00,2.892
2/16/2024 17:15,2.201
2/16/2024 17:30,1.48
2/16/2024 17:45,0.743
2/16/2024 18:00,0.018
2/16/2024 18:15,-0.7
2/16/2024 18:30,-0.409
2/16/2024 18:45,-0.151
2/16/2024 19:00,-0.171
2/16/2024 19:15,-0.261
2/16/2024 19:30,-0.556
2/16/2024 19:45,-1.224
2/16/2024 20:00,-2.042
2/16/2024 20:15,-2.612
2/16/2024 20:30,-3.045
2/16/2024 20:45,-3.369
2/16/2024 21:00,-3.601
2/16/2024 21:15,-3.867
2/16/2024 21:30,-4.194
2/16/2024 21:45,-4.504
2/16/2024 22:00,-4.75
2/16/2024 22:15,-4.948
2/16/2024 22:30,-5.197
2/16/2024 22:45,-5.399
2/16/2024 23:00,-5.445
2/16/2024 23:15,-5.533
2/16/2024 23:30,-5.63
2/16/2024 23:45,-5.576
2/17/2024 0:00,-5.464
2/17/2024 0:15,-5.326
2/17/2024 0:30,-4.988
2/17/2024 0:45,-4.606
2/17/2024 1:00,-4.379
2/17/2024 1:15,-4.213
2/17/2024 1:30,-4.09
2/17/2024 1:45,-4.052
2/17/2024 2:00,-4.056
2/17/2024 2:15,-4.11
2/17/2024 2:30,-4.29
2/17/2024 2:45,-4.449
2/17/2024 3:00,-4.497
2/17/2024 3:15,-4.496
2/17/2024 3:30,-4.484
2/17/2024 3:45,-4.499
2/17/2024 4:00,-4.54
2/17/2024 4:15,-4.616
2/17/2024 4:30,-4.783
2/17/2024 4:45,-4.975
2/17/2024 5:00,-4.953
2/17/2024 5:15,-4.888
2/17/2024 5:30,-4.733
2/17/2024 5:45,-4.558
2/17/2024 6:00,-4.413
2/17/2024 6:15,-4.341
2/17/2024 6:30,-4.415
2/17/2024 6:45,-4.533
2/17/2024 7:00,-4.562
2/17/2024 7:15,-4.525
2/17/2024 7:30,-3.583
2/17/2024 7:45,-2.512
2/17/2024 8:00,-1.871
2/17/2024 8:15,-1.721
2/17/2024 8:30,-1.686
2/17/2024 8:45,-1.063
2/17/2024 9:00,-0.42
2/17/2024 9:15,0.097
2/17/2024 9:30,0.579
2/17/2024 9:45,1.755
2/17/2024 10:00,4.059
2/17/2024 10:15,6.128
2/17/2024 10:30,6.966
2/17/2024 10:45,7.023
2/17/2024 11:00,6.605
2/17/2024 11:15,6.641
2/17/2024 11:30,3.788
2/17/2024 11:45,1.946
2/17/2024 12:00,2.001
2/17/2024 12:15,3.482
2/17/2024 12:30,4.615
2/17/2024 12:45,5.27
2/17/2024 13:00,5.831
2/17/2024 13:15,5.781
2/17/2024 13:30,5.466
2/17/2024 13:45,4.575
2/17/2024 14:00,4.212
2/17/2024 14:15,4.044
2/17/2024 14:30,4.106
2/17/2024 14:45,4.104
2/17/2024 15:00,4.18
2/17/2024 15:15,4.118
2/17/2024 15:30,4.115
2/17/2024 15:45,4.326
2/17/2024 16:00,4.188
2/17/2024 16:15,3.543
2/17/2024 16:30,2.838
2/17/2024 16:45,2.244
2/17/2024 17:00,1.841
2/17/2024 17:15,1.556
2/17/2024 17:30,1.311
2/17/2024 17:45,1.181
2/17/2024 18:00,1.115
2/17/2024 18:15,1.03
2/17/2024 18:30,0.964
2/17/2024 18:45,1.13
2/17/2024 19:00,1.284
2/17/2024 19:15,1.288
2/17/2024 19:30,1.204
2/17/2024 19:45,1.2
2/17/2024 20:00,1.212
2/17/2024 20:15,1.167
2/17/2024 20:30,1.1
2/17/2024 20:45,1.099
2/17/2024 21:00,1.2
2/17/2024 21:15,1.227
2/17/2024 21:30,1.154
2/17/2024 21:45,1.125
2/17/2024 22:00,1.211
2/17/2024 22:15,1.38
2/17/2024 22:30,1.551
2/17/2024 22:45,1.665
2/17/2024 23:00,1.699
2/17/2024 23:15,1.743
2/17/2024 23:30,1.796
2/17/2024 23:45,1.721
2/18/2024 0:00,1.674
2/18/2024 0:15,1.593
2/18/2024 0:30,1.553
2/18/2024 0:45,1.527
2/18/2024 1:00,1.407
2/18/2024 1:15,1.266
2/18/2024 1:30,1.177
2/18/2024 1:45,1.107
2/18/2024 2:00,1.057
2/18/2024 2:15,0.993
2/18/2024 2:30,0.966
2/18/2024 2:45,0.943
2/18/2024 3:00,0.938
2/18/2024 3:15,0.919
2/18/2024 3:30,0.894
2/18/2024 3:45,0.89
2/18/2024 4:00,0.91
2/18/2024 4:15,0.904
2/18/2024 4:30,0.876
2/18/2024 4:45,0.847
2/18/2024 5:00,0.851
2/18/2024 5:15,0.877
2/18/2024 5:30,0.913
2/18/2024 5:45,0.942
2/18/2024 6:00,0.961
2/18/2024 6:15,0.966
2/18/2024 6:30,0.969
2/18/2024 6:45,0.977
2/18/2024 7:00,0.999
2/18/2024 7:15,1.021
2/18/2024 7:30,1.052
2/18/2024 7:45,1.117
2/18/2024 8:00,1.185
2/18/2024 8:15,1.253
2/18/2024 8:30,1.321
2/18/2024 8:45,1.416
2/18/2024 9:00,1.508
2/18/2024 9:15,1.581
2/18/2024 9:30,1.654
2/18/2024 9:45,1.724
2/18/2024 10:00,1.763
2/18/2024 10:15,1.777
2/18/2024 10:30,1.878
2/18/2024 10:45,2.127
2/18/2024 11:00,2.508
2/18/2024 11:15,2.976
2/18/2024 11:30,3.245
2/18/2024 11:45,3.479
2/18/2024 12:00,3.579
2/18/2024 12:15,3.264
2/18/2024 12:30,3.554
2/18/2024 12:45,3.977
2/18/2024 13:00,4.346
2/18/2024 13:15,4.547
2/18/2024 13:30,4.62
2/18/2024 13:45,4.614
2/18/2024 14:00,4.513
2/18/2024 14:15,4.395
2/18/2024 14:30,4.418
2/18/2024 14:45,4.455
2/18/2024 15:00,4.5
2/18/2024 15:15,4.551
2/18/2024 15:30,4.628
2/18/2024 15:45,4.612
2/18/2024 16:00,4.666
2/18/2024 16:15,4.509
2/18/2024 16:30,4.135
2/18/2024 16:45,3.788
2/18/2024 17:00,3.467
2/18/2024 17:15,3.186
2/18/2024 17:30,2.936
2/18/2024 17:45,2.648
2/18/2024 18:00,2.449
2/18/2024 18:15,2.303
2/18/2024 18:30,2.206
2/18/2024 18:45,2.146
2/18/2024 19:00,2.134
2/18/2024 19:15,2.17
2/18/2024 19:30,2.205
2/18/2024 19:45,2.216
2/18/2024 20:00,2.177
2/18/2024 20:15,2.124
2/18/2024 20:30,2.117
2/18/2024 20:45,2.102
2/18/2024 21:00,2.065
2/18/2024 21:15,1.995
2/18/2024 21:30,1.843
2/18/2024 21:45,1.66
2/18/2024 22:00,1.513
2/18/2024 22:15,1.391
2/18/2024 22:30,1.324
2/18/2024 22:45,1.246
2/18/2024 23:00,1.147
2/18/2024 23:15,1.098
2/18/2024 23:30,1.113
2/18/2024 23:45,1.116
2/19/2024 0:00,1.163
2/19/2024 0:15,1.242
2/19/2024 0:30,1.31
2/19/2024 0:45,1.369
2/19/2024 1:00,1.414
2/19/2024 1:15,1.475
2/19/2024 1:30,1.576
2/19/2024 1:45,1.497
2/19/2024 2:00,1.279
2/19/2024 2:15,1.192
2/19/2024 2:30,1.278
2/19/2024 2:45,1.489
2/19/2024 3:00,1.654
2/19/2024 3:15,1.834
2/19/2024 3:30,1.941
2/19/2024 3:45,2.007
2/19/2024 4:00,1.995
2/19/2024 4:15,1.903
2/19/2024 4:30,2.058
2/19/2024 4:45,2.22
2/19/2024 5:00,2.36
2/19/2024 5:15,2.363
2/19/2024 5:30,2.376
2/19/2024 5:45,2.305
2/19/2024 6:00,2.351
2/19/2024 6:15,2.401
2/19/2024 6:30,2.404
2/19/2024 6:45,2.46
2/19/2024 7:00,2.54
2/19/2024 7:15,2.736
2/19/2024 7:30,3.046
2/19/2024 7:45,3.267
2/19/2024 8:00,3.638
2/19/2024 8:15,4.09
2/19/2024 8:30,4.498
2/19/2024 8:45,4.47
2/19/2024 9:00,4.482
2/19/2024 9:15,4.589
2/19/2024 9:30,4.707
2/19/2024 9:45,4.736
2/19/2024 10:00,4.874
2/19/2024 10:15,4.879
2/19/2024 10:30,4.816
2/19/2024 10:45,4.52
2/19/2024 11:00,4.467
2/19/2024 11:15,4.751
2/19/2024 11:30,5.191
2/19/2024 11:45,5.392
2/19/2024 12:00,5.487
2/19/2024 12:15,5.587
2/19/2024 12:30,5.493
2/19/2024 12:45,5.477
2/19/2024 13:00,5.526
2/19/2024 13:15,5.629
2/19/2024 13:30,5.751
2/19/2024 13:45,5.891
2/19/2024 14:00,5.96
2/19/2024 14:15,6.05
2/19/2024 14:30,6.197
2/19/2024 14:45,6.218
2/19/2024 15:00,6.177
2/19/2024 15:15,6.129
2/19/2024 15:30,6.026
2/19/2024 15:45,5.972
2/19/2024 16:00,5.825
2/19/2024 16:15,5.639
2/19/2024 16:30,5.53
2/19/2024 16:45,5.504
2/19/2024 17:00,5.529
2/19/2024 17:15,5.417
2/19/2024 17:30,5.231
2/19/2024 17:45,5.095
2/19/2024 18:00,4.916
2/19/2024 18:15,4.793
2/19/2024 18:30,4.804
2/19/2024 18:45,4.837
2/19/2024 19:00,4.85
2/19/2024 19:15,4.887
2/19/2024 19:30,4.918
2/19/2024 19:45,4.815
2/19/2024 20:00,4.421
2/19/2024 20:15,3.983
2/19/2024 20:30,3.736
2/19/2024 20:45,3.542
2/19/2024 21:00,3.478
2/19/2024 21:15,3.46
2/19/2024 21:30,3.501
2/19/2024 21:45,3.531
2/19/2024 22:00,3.719
2/19/2024 22:15,3.9
2/19/2024 22:30,4.047
2/19/2024 22:45,4.229
2/19/2024 23:00,4.353
2/19/2024 23:15,4.417
2/19/2024 23:30,4.411
2/19/2024 23:45,4.387
2/20/2024 0:00,4.341
2/20/2024 0:15,4.269
2/20/2024 0:30,4.232
2/20/2024 0:45,4.223
2/20/2024 1:00,4.23
2/20/2024 1:15,4.229
2/20/2024 1:30,4.198
2/20/2024 1:45,4.208
2/20/2024 2:00,4.22
2/20/2024 2:15,4.198
2/20/2024 2:30,4.235
2/20/2024 2:45,4.257
2/20/2024 3:00,4.308
2/20/2024 3:15,4.303
2/20/2024 3:30,4.344
2/20/2024 3:45,4.401
2/20/2024 4:00,4.443
2/20/2024 4:15,4.488
2/20/2024 4:30,4.542
2/20/2024 4:45,4.564
2/20/2024 5:00,4.602
2/20/2024 5:15,4.643
2/20/2024 5:30,4.641
2/20/2024 5:45,4.626
2/20/2024 6:00,4.542
2/20/2024 6:15,4.511
2/20/2024 6:30,4.499
2/20/2024 6:45,4.432
2/20/2024 7:00,4.397
2/20/2024 7:15,4.38
2/20/2024 7:30,4.402
2/20/2024 7:45,4.556
2/20/2024 8:00,4.663
2/20/2024 8:15,4.804
2/20/2024 8:30,5.078
2/20/2024 8:45,5.523
2/20/2024 9:00,5.93
2/20/2024 9:15,6.266
2/20/2024 9:30,6.318
2/20/2024 9:45,6.563
2/20/2024 10:00,7.234
2/20/2024 10:15,7.395
2/20/2024 10:30,7.454
2/20/2024 10:45,7.476
2/20/2024 11:00,7.416
2/20/2024 11:15,7.248
2/20/2024 11:30,7.127
2/20/2024 11:45,7.145
2/20/2024 12:00,7.217
2/20/2024 12:15,7.222
2/20/2024 12:30,7.189
2/20/2024 12:45,7.374
2/20/2024 13:00,7.796
2/20/2024 13:15,8.26
2/20/2024 13:30,8.38
2/20/2024 13:45,8.63
2/20/2024 14:00,8.84
2/20/2024 14:15,8.93
2/20/2024 14:30,8.92
2/20/2024 14:45,8.7
2/20/2024 15:00,8.43
2/20/2024 15:15,8.12
2/20/2024 15:30,7.972
2/20/2024 15:45,7.911
2/20/2024 16:00,7.799
2/20/2024 16:15,7.927
2/20/2024 16:30,7.691
2/20/2024 16:45,7.272
2/20/2024 17:00,6.858
2/20/2024 17:15,6.468
2/20/2024 17:30,6.009
2/20/2024 17:45,5.687
2/20/2024 18:00,5.523
2/20/2024 18:15,5.283
2/20/2024 18:30,4.884
2/20/2024 18:45,4.409
2/20/2024 19:00,4.041
2/20/2024 19:15,3.674
2/20/2024 19:30,3.446
2/20/2024 19:45,3.184
2/20/2024 20:00,3.026
2/20/2024 20:15,2.863
2/20/2024 20:30,2.78
2/20/2024 20:45,2.737
2/20/2024 21:00,2.689
2/20/2024 21:15,2.659
2/20/2024 21:30,2.589
2/20/2024 21:45,2.501
2/20/2024 22:00,2.547
2/20/2024 22:15,2.57
2/20/2024 22:30,2.535
2/20/2024 22:45,2.502
2/20/2024 23:00,2.563
2/20/2024 23:15,2.522
2/20/2024 23:30,2.337
2/20/2024 23:45,2.27
2/21/2024 0:00,2.172
2/21/2024 0:15,2.048
2/21/2024 0:30,2.087
2/21/2024 0:45,2.065
2/21/2024 1:00,1.953
2/21/2024 1:15,1.938
2/21/2024 1:30,1.968
2/21/2024 1:45,1.983
2/21/2024 2:00,1.968
2/21/2024 2:15,1.899
2/21/2024 2:30,1.844
2/21/2024 2:45,1.78
2/21/2024 3:00,1.708
2/21/2024 3:15,1.677
2/21/2024 3:30,1.632
2/21/2024 3:45,1.646
2/21/2024 4:00,1.824
2/21/2024 4:15,1.961
2/21/2024 4:30,2.122
2/21/2024 4:45,2.237
2/21/2024 5:00,2.288
2/21/2024 5:15,2.316
2/21/2024 5:30,2.365
2/21/2024 5:45,2.42
2/21/2024 6:00,2.442
2/21/2024 6:15,2.518
2/21/2024 6:30,2.664
2/21/2024 6:45,2.788
2/21/2024 7:00,2.841
2/21/2024 7:15,2.894
2/21/2024 7:30,2.993
2/21/2024 7:45,3.211
2/21/2024 8:00,3.521
2/21/2024 8:15,3.763
2/21/2024 8:30,4.077
2/21/2024 8:45,4.522
2/21/2024 9:00,5.074
2/21/2024 9:15,5.994
2/21/2024 9:30,6.751
2/21/2024 9:45,7.033
2/21/2024 10:00,7.632
2/21/2024 10:15,10.19
2/21/2024 10:30,12.79
2/21/2024 10:45,15.31
2/21/2024 11:00,14.87
2/21/2024 11:15,14.62
2/21/2024 11:30,15.23
2/21/2024 11:45,14.49
2/21/2024 12:00,15.1
2/21/2024 12:15,13.9
2/21/2024 12:30,12.84
2/21/2024 12:45,12.7
2/21/2024 13:00,12.63
2/21/2024 13:15,12.15
2/21/2024 13:30,11.75
2/21/2024 13:45,11.52
2/21/2024 14:00,11.48
2/21/2024 14:15,11.1
2/21/2024 14:30,10.8
2/21/2024 14:45,10.44
2/21/2024 15:00,10.46
2/21/2024 15:15,10.7
2/21/2024 15:30,10.77
2/21/2024 15:45,10.61
2/21/2024 16:00,10.32
2/21/2024 16:15,10.1
2/21/2024 16:30,9.73
2/21/2024 16:45,9.19
2/21/2024 17:00,8.52
2/21/2024 17:15,7.714
2/21/2024 17:30,7.022
2/21/2024 17:45,6.651
2/21/2024 18:00,6.358
2/21/2024 18:15,6.059
2/21/2024 18:30,5.852
2/21/2024 18:45,5.632
2/21/2024 19:00,5.318
2/21/2024 19:15,4.874
2/21/2024 19:30,4.467
2/21/2024 19:45,3.948
2/21/2024 20:00,3.462
2/21/2024 20:15,3.209
2/21/2024 20:30,3.207
2/21/2024 20:45,3.221
2/21/2024 21:00,3.453
2/21/2024 21:15,3.533
2/21/2024 21:30,3.555
2/21/2024 21:45,3.592
2/21/2024 22:00,3.641
2/21/2024 22:15,3.715
2/21/2024 22:30,3.791
2/21/2024 22:45,3.837
2/21/2024 23:00,3.835
2/21/2024 23:15,3.852
2/21/2024 23:30,3.866
2/21/2024 23:45,3.901
2/22/2024 0:00,3.894
2/22/2024 0:15,3.835
2/22/2024 0:30,3.746
2/22/2024 0:45,3.677
2/22/2024 1:00,3.558
2/22/2024 1:15,3.498
2/22/2024 1:30,3.494
2/22/2024 1:45,3.41
2/22/2024 2:00,3.339
2/22/2024 2:15,3.329
2/22/2024 2:30,3.336
2/22/2024 2:45,3.292
2/22/2024 3:00,3.07
2/22/2024 3:15,2.898
2/22/2024 3:30,2.757
2/22/2024 3:45,2.466
2/22/2024 4:00,2.235
2/22/2024 4:15,1.949
2/22/2024 4:30,1.627
2/22/2024 4:45,1.317
2/22/2024 5:00,1.002
2/22/2024 5:15,0.693
2/22/2024 5:30,0.42
2/22/2024 5:45,0.205
2/22/2024 6:00,0.003
2/22/2024 6:15,-0.24
2/22/2024 6:30,-0.433
2/22/2024 6:45,-0.509
2/22/2024 7:00,-0.45
2/22/2024 7:15,-0.296
2/22/2024 7:30,0.068
2/22/2024 7:45,0.54
2/22/2024 8:00,1.223
2/22/2024 8:15,2.416
2/22/2024 8:30,4.049
2/22/2024 8:45,5.72
2/22/2024 9:00,7.258
2/22/2024 9:15,8.89
2/22/2024 9:30,10.03
2/22/2024 9:45,9.88
2/22/2024 10:00,11.08
2/22/2024 10:15,14.12
2/22/2024 10:30,13.26
2/22/2024 10:45,13.8
2/22/2024 11:00,14.19
2/22/2024 11:15,12.83
2/22/2024 11:30,12.48
2/22/2024 11:45,13.49
2/22/2024 12:00,12.6
2/22/2024 12:15,11.79
2/22/2024 12:30,13.21
2/22/2024 12:45,13.13
2/22/2024 13:00,12.51
2/22/2024 13:15,12.77
2/22/2024 13:30,12.94
2/22/2024 13:45,13.11
2/22/2024 14:00,13.55
2/22/2024 14:15,13.77
2/22/2024 14:30,13.84
2/22/2024 14:45,13.3
2/22/2024 15:00,13.08
2/22/2024 15:15,12.89
2/22/2024 15:30,12.69
2/22/2024 15:45,12.42
2/22/2024 16:00,12.17
2/22/2024 16:15,11.77
2/22/2024 16:30,11.11
2/22/2024 16:45,10.06
2/22/2024 17:00,8.94
2/22/2024 17:15,7.792
2/22/2024 17:30,6.705
2/22/2024 17:45,5.717
2/22/2024 18:00,4.904
2/22/2024 18:15,4.186
2/22/2024 18:30,3.474
2/22/2024 18:45,2.858
2/22/2024 19:00,2.322
2/22/2024 19:15,1.802
2/22/2024 19:30,1.302
2/22/2024 19:45,0.834
2/22/2024 20:00,0.443
2/22/2024 20:15,0.086
2/22/2024 20:30,-0.209
2/22/2024 20:45,-0.379
2/22/2024 21:00,-0.562
2/22/2024 21:15,-0.74
2/22/2024 21:30,-0.939
2/22/2024 21:45,-1.158
2/22/2024 22:00,-1.328
2/22/2024 22:15,-1.576
2/22/2024 22:30,-1.819
2/22/2024 22:45,-2.003
2/22/2024 23:00,-2.141
2/22/2024 23:15,-2.204
2/22/2024 23:30,-1.895
2/22/2024 23:45,-1.623
2/23/2024 0:00,-1.574
2/23/2024 0:15,-1.296
2/23/2024 0:30,-1.077
2/23/2024 0:45,-0.968
2/23/2024 1:00,-0.953
2/23/2024 1:15,-1.011
2/23/2024 1:30,-1.14
2/23/2024 1:45,-1.341
2/23/2024 2:00,-1.412
2/23/2024 2:15,-1.386
2/23/2024 2:30,-1.357
2/23/2024 2:45,-1.231
2/23/2024 3:00,-0.964
2/23/2024 3:15,-0.734
2/23/2024 3:30,-0.457
2/23/2024 3:45,-0.28
2/23/2024 4:00,-0.205
2/23/2024 4:15,-0.093
2/23/2024 4:30,-0.015
2/23/2024 4:45,0.044
2/23/2024 5:00,0.021
2/23/2024 5:15,0.004
2/23/2024 5:30,-0.022
2/23/2024 5:45,-0.03
2/23/2024 6:00,-0.037
2/23/2024 6:15,-0.036
2/23/2024 6:30,0.034
2/23/2024 6:45,0.08
2/23/2024 7:00,0.118
2/23/2024 7:15,0.594
2/23/2024 7:30,1.437
2/23/2024 7:45,2.33
2/23/2024 8:00,3.272
2/23/2024 8:15,4.23
2/23/2024 8:30,5.201
2/23/2024 8:45,6.142
2/23/2024 9:00,7.135
2/23/2024 9:15,7.985
2/23/2024 9:30,9.13
2/23/2024 9:45,11.58
2/23/2024 10:00,13.75
2/23/2024 10:15,15.65
2/23/2024 10:30,16.91
2/23/2024 10:45,17.83
2/23/2024 11:00,17.68
2/23/2024 11:15,17.33
2/23/2024 11:30,16.86
2/23/2024 11:45,16.85
2/23/2024 12:00,15.89
2/23/2024 12:15,15.67
2/23/2024 12:30,14.77
2/23/2024 12:45,15.12
2/23/2024 13:00,15.59
2/23/2024 13:15,16.06
2/23/2024 13:30,16.26
2/23/2024 13:45,16.54
2/23/2024 14:00,16.66
2/23/2024 14:15,16.69
2/23/2024 14:30,16.18
2/23/2024 14:45,15.96
2/23/2024 15:00,15.58
2/23/2024 15:15,15.23
2/23/2024 15:30,14.79
2/23/2024 15:45,14.27
2/23/2024 16:00,13.76
2/23/2024 16:15,13.16
2/23/2024 16:30,12.53
2/23/2024 16:45,11.52
2/23/2024 17:00,10.4
2/23/2024 17:15,9.03
2/23/2024 17:30,7.725
2/23/2024 17:45,6.49
2/23/2024 18:00,5.368
2/23/2024 18:15,4.485
2/23/2024 18:30,3.612
2/23/2024 18:45,2.847
2/23/2024 19:00,2.272
2/23/2024 19:15,1.784
2/23/2024 19:30,1.367
2/23/2024 19:45,1.053
2/23/2024 20:00,0.823
2/23/2024 20:15,0.607
2/23/2024 20:30,0.391
2/23/2024 20:45,0.221
2/23/2024 21:00,0.054
2/23/2024 21:15,-0.18
2/23/2024 21:30,-0.299
2/23/2024 21:45,-0.385
2/23/2024 22:00,-0.508
2/23/2024 22:15,-0.707
2/23/2024 22:30,-0.945
2/23/2024 22:45,-1.132
2/23/2024 23:00,-1.313
2/23/2024 23:15,-1.448
2/23/2024 23:30,-1.573
2/23/2024 23:45,-1.715
2/24/2024 0:00,-1.842
2/24/2024 0:15,-1.919
2/24/2024 0:30,-1.949
2/24/2024 0:45,-1.987
2/24/2024 1:00,-2.082
2/24/2024 1:15,-2.142
2/24/2024 1:30,-2.219
2/24/2024 1:45,-2.314
2/24/2024 2:00,-2.395
2/24/2024 2:15,-2.438
2/24/2024 2:30,-2.407
2/24/2024 2:45,-2.236
2/24/2024 3:00,-2.172
2/24/2024 3:15,-2.101
2/24/2024 3:30,-2.007
2/24/2024 3:45,-1.952
2/24/2024 4:00,-1.923
2/24/2024 4:15,-1.879
2/24/2024 4:30,-1.868
2/24/2024 4:45,-1.895
2/24/2024 5:00,-1.958
2/24/2024 5:15,-2.06
2/24/2024 5:30,-2.164
2/24/2024 5:45,-2.262
2/24/2024 6:00,-2.331
2/24/2024 6:15,-2.355
2/24/2024 6:30,-2.357
2/24/2024 6:45,-2.349
2/24/2024 7:00,-2.277
2/24/2024 7:15,-2.022
2/24/2024 7:30,-1.387
2/24/2024 7:45,-0.753
2/24/2024 8:00,-0.206
2/24/2024 8:15,0.566
2/24/2024 8:30,1.625
2/24/2024 8:45,2.702
2/24/2024 9:00,4.256
2/24/2024 9:15,5.654
2/24/2024 9:30,6.393
2/24/2024 9:45,6.966
2/24/2024 10:00,7.66
2/24/2024 10:15,9.01
2/24/2024 10:30,9.32
2/24/2024 10:45,9.31
2/24/2024 11:00,9.35
2/24/2024 11:15,9.27
2/24/2024 11:30,9.02
2/24/2024 11:45,8.93
2/24/2024 12:00,8.97
2/24/2024 12:15,9.08
2/24/2024 12:30,9.01
2/24/2024 12:45,8.84
2/24/2024 13:00,8.82
2/24/2024 13:15,8.74
2/24/2024 13:30,8.64
2/24/2024 13:45,8.63
2/24/2024 14:00,8.74
2/24/2024 14:15,8.79
2/24/2024 14:30,8.76
2/24/2024 14:45,8.87
2/24/2024 15:00,9.09
2/24/2024 15:15,9.19
2/24/2024 15:30,9.09
2/24/2024 15:45,8.94
2/24/2024 16:00,8.75
2/24/2024 16:15,8.54
2/24/2024 16:30,8.26
2/24/2024 16:45,7.944
2/24/2024 17:00,7.571
2/24/2024 17:15,7.109
2/24/2024 17:30,6.637
2/24/2024 17:45,6.207
2/24/2024 18:00,5.823
2/24/2024 18:15,5.432
2/24/2024 18:30,5.053
2/24/2024 18:45,4.741
2/24/2024 19:00,4.462
2/24/2024 19:15,4.11
2/24/2024 19:30,3.726
2/24/2024 19:45,3.227
2/24/2024 20:00,2.902
2/24/2024 20:15,2.694
2/24/2024 20:30,2.584
2/24/2024 20:45,2.683
2/24/2024 21:00,2.904
2/24/2024 21:15,3.25
2/24/2024 21:30,3.581
2/24/2024 21:45,3.871
2/24/2024 22:00,4.1
2/24/2024 22:15,4.288
2/24/2024 22:30,4.465
2/24/2024 22:45,4.624
2/24/2024 23:00,4.732
2/24/2024 23:15,4.821
2/24/2024 23:30,4.876
2/24/2024 23:45,4.858
2/25/2024 0:00,4.788
2/25/2024 0:15,4.736
2/25/2024 0:30,4.718
2/25/2024 0:45,4.653
2/25/2024 1:00,4.521
2/25/2024 1:15,4.396
2/25/2024 1:30,4.278
2/25/2024 1:45,4.166
2/25/2024 2:00,4.061
2/25/2024 2:15,3.951
2/25/2024 2:30,3.848
2/25/2024 2:45,3.766
2/25/2024 3:00,3.683
2/25/2024 3:15,3.648
2/25/2024 3:30,3.635
2/25/2024 3:45,3.644
2/25/2024 4:00,3.661
2/25/2024 4:15,3.69
2/25/2024 4:30,3.706
2/25/2024 4:45,3.742
2/25/2024 5:00,3.787
2/25/2024 5:15,3.846
2/25/2024 5:30,3.908
2/25/2024 5:45,3.971
2/25/2024 6:00,3.999
2/25/2024 6:15,3.973
2/25/2024 6:30,3.907
2/25/2024 6:45,3.849
2/25/2024 7:00,3.823
2/25/2024 7:15,3.813
2/25/2024 7:30,3.876
2/25/2024 7:45,3.999
2/25/2024 8:00,4.159
2/25/2024 8:15,4.38
2/25/2024 8:30,4.626
2/25/2024 8:45,5.009
2/25/2024 9:00,5.276
2/25/2024 9:15,5.566
2/25/2024 9:30,5.814
2/25/2024 9:45,6.042
2/25/2024 10:00,6.455
2/25/2024 10:15,6.797
2/25/2024 10:30,7.057
2/25/2024 10:45,7.263
2/25/2024 11:00,7.453
2/25/2024 11:15,7.58
2/25/2024 11:30,7.663
2/25/2024 11:45,7.577
2/25/2024 12:00,7.5
2/25/2024 12:15,7.427
2/25/2024 12:30,7.269
2/25/2024 12:45,7.211
2/25/2024 13:00,7.414
2/25/2024 13:15,7.777
2/25/2024 13:30,8.15
2/25/2024 13:45,8.27
2/25/2024 14:00,8.1
2/25/2024 14:15,7.802
2/25/2024 14:30,7.527
2/25/2024 14:45,7.37
2/25/2024 15:00,7.291
2/25/2024 15:15,7.245
2/25/2024 15:30,7.227
2/25/2024 15:45,7.195
2/25/2024 16:00,7.191
2/25/2024 16:15,7.243
2/25/2024 16:30,7.304
2/25/2024 16:45,7.334
2/25/2024 17:00,7.305
2/25/2024 17:15,7.274
2/25/2024 17:30,7.234
2/25/2024 17:45,7.184
2/25/2024 18:00,7.132
2/25/2024 18:15,7.068
2/25/2024 18:30,6.953
2/25/2024 18:45,6.83
2/25/2024 19:00,6.696
2/25/2024 19:15,6.606
2/25/2024 19:30,6.517
2/25/2024 19:45,6.425
2/25/2024 20:00,6.298
2/25/2024 20:15,6.179
2/25/2024 20:30,6.047
2/25/2024 20:45,5.898
2/25/2024 21:00,5.782
2/25/2024 21:15,5.708
2/25/2024 21:30,5.631
2/25/2024 21:45,5.534
2/25/2024 22:00,5.425
2/25/2024 22:15,5.328
2/25/2024 22:30,5.254
2/25/2024 22:45,5.181
2/25/2024 23:00,5.127
2/25/2024 23:15,5.07
2/25/2024 23:30,4.975
2/25/2024 23:45,4.855
2/26/2024 0:00,4.48
2/26/2024 0:15,4.351
2/26/2024 0:30,4.189
2/26/2024 0:45,4.115
2/26/2024 1:00,4.058
2/26/2024 1:15,3.964
2/26/2024 1:30,3.854
2/26/2024 1:45,3.819
2/26/2024 2:00,3.738
2/26/2024 2:15,3.543
2/26/2024 2:30,3.501
2/26/2024 2:45,3.378
2/26/2024 3:00,3.106
2/26/2024 3:15,2.788
2/26/2024 3:30,2.211
2/26/2024 3:45,1.882
2/26/2024 4:00,1.611
2/26/2024 4:15,1.54
2/26/2024 4:30,1.51
2/26/2024 4:45,1.47
2/26/2024 5:00,1.384
2/26/2024 5:15,1.31
2/26/2024 5:30,1.185
2/26/2024 5:45,1.003
2/26/2024 6:00,0.768
2/26/2024 6:15,0.56
2/26/2024 6:30,0.35
2/26/2024 6:45,0.088
2/26/2024 7:00,-0.133
2/26/2024 7:15,-0.359
2/26/2024 7:30,-0.522
2/26/2024 7:45,-0.329
2/26/2024 8:00,-0.155
2/26/2024 8:15,-0.138
2/26/2024 8:30,-0.016
2/26/2024 8:45,0.436
2/26/2024 9:00,1.443
2/26/2024 9:15,2.915
2/26/2024 9:30,4.217
2/26/2024 9:45,4.241
2/26/2024 10:00,3.162
2/26/2024 10:15,3.31
2/26/2024 10:30,5.025
2/26/2024 10:45,4.741
2/26/2024 11:00,4.433
2/26/2024 11:15,4.869
2/26/2024 11:30,5.419
2/26/2024 11:45,4.071
2/26/2024 12:00,3.481
2/26/2024 12:15,2.649
2/26/2024 12:30,2.072
2/26/2024 12:45,2.094
2/26/2024 13:00,2.509
2/26/2024 13:15,3.278
2/26/2024 13:30,2.908
2/26/2024 13:45,3.061
2/26/2024 14:00,2.788
2/26/2024 14:15,2.168
2/26/2024 14:30,1.82
2/26/2024 14:45,2.459
2/26/2024 15:00,2.486
2/26/2024 15:15,2.33
2/26/2024 15:30,2.849
2/26/2024 15:45,3.562
2/26/2024 16:00,3.348
2/26/2024 16:15,3.088
2/26/2024 16:30,2.431
2/26/2024 16:45,1.812
2/26/2024 17:00,1.237
2/26/2024 17:15,0.77
2/26/2024 17:30,0.43
2/26/2024 17:45,0.056
2/26/2024 18:00,-0.289
2/26/2024 18:15,-0.596
2/26/2024 18:30,-0.991
2/26/2024 18:45,-0.575
2/26/2024 19:00,-0.843
2/26/2024 19:15,-1.382
2/26/2024 19:30,-1.782
2/26/2024 19:45,-2.129
2/26/2024 20:00,-2.524
2/26/2024 20:15,-2.806
2/26/2024 20:30,-2.983
2/26/2024 20:45,-3.027
2/26/2024 21:00,-2.909
2/26/2024 21:15,-2.761
2/26/2024 21:30,-2.581
2/26/2024 21:45,-2.402
2/26/2024 22:00,-2.332
2/26/2024 22:15,-2.313
2/26/2024 22:30,-2.307
2/26/2024 22:45,-2.315
2/26/2024 23:00,-2.383
2/26/2024 23:15,-2.428
2/26/2024 23:30,-2.379
2/26/2024 23:45,-2.26
2/27/2024 0:00,-2.191
2/27/2024 0:15,-2.288
2/27/2024 0:30,-2.481
2/27/2024 0:45,-2.549
2/27/2024 1:00,-2.493
2/27/2024 1:15,-2.472
2/27/2024 1:30,-2.505
2/27/2024 1:45,-2.542
2/27/2024 2:00,-2.627
2/27/2024 2:15,-2.78
2/27/2024 2:30,-2.963
2/27/2024 2:45,-3.191
2/27/2024 3:00,-3.418
2/27/2024 3:15,-3.586
2/27/2024 3:30,-3.759
2/27/2024 3:45,-3.952
2/27/2024 4:00,-4.105
2/27/2024 4:15,-4.202
2/27/2024 4:30,-4.205
2/27/2024 4:45,-4.192
2/27/2024 5:00,-4.164
2/27/2024 5:15,-4.112
2/27/2024 5:30,-4.039
2/27/2024 5:45,-3.943
2/27/2024 6:00,-3.846
2/27/2024 6:15,-3.757
2/27/2024 6:30,-3.695
2/27/2024 6:45,-3.653
2/27/2024 7:00,-3.575
2/27/2024 7:15,-3.426
2/27/2024 7:30,-3.259
2/27/2024 7:45,-3.034
2/27/2024 8:00,-2.896
2/27/2024 8:15,-2.118
2/27/2024 8:30,-1.782
2/27/2024 8:45,-1.247
2/27/2024 9:00,-0.885
2/27/2024 9:15,-0.173
2/27/2024 9:30,0.392
2/27/2024 9:45,2.089
2/27/2024 10:00,4.627
2/27/2024 10:15,4.218
2/27/2024 10:30,2.804
2/27/2024 10:45,6.063
2/27/2024 11:00,9.13
2/27/2024 11:15,10.22
2/27/2024 11:30,10.28
2/27/2024 11:45,8.15
2/27/2024 12:00,6.047
2/27/2024 12:15,4.687
2/27/2024 12:30,3.965
2/27/2024 12:45,3.674
2/27/2024 13:00,3.481
2/27/2024 13:15,3.159
2/27/2024 13:30,3.779
2/27/2024 13:45,4.04
2/27/2024 14:00,3.988
2/27/2024 14:15,3.731
2/27/2024 14:30,3.539
2/27/2024 14:45,3.3
2/27/2024 15:00,3.414
2/27/2024 15:15,3.636
2/27/2024 15:30,3.391
2/27/2024 15:45,3.439
2/27/2024 16:00,3.584
2/27/2024 16:15,3.311
2/27/2024 16:30,2.683
2/27/2024 16:45,2.246
2/27/2024 17:00,1.661
2/27/2024 17:15,1.137
2/27/2024 17:30,0.684
2/27/2024 17:45,0.284
2/27/2024 18:00,0.001
2/27/2024 18:15,-0.2
2/27/2024 18:30,-0.281
2/27/2024 18:45,-0.279
2/27/2024 19:00,-0.288
2/27/2024 19:15,-0.308
2/27/2024 19:30,-0.316
2/27/2024 19:45,-0.319
2/27/2024 20:00,-0.319
2/27/2024 20:15,-0.339
2/27/2024 20:30,-0.401
2/27/2024 20:45,-0.507
2/27/2024 21:00,-0.69
2/27/2024 21:15,-0.921
2/27/2024 21:30,-1.099
2/27/2024 21:45,-1.221
2/27/2024 22:00,-1.258
2/27/2024 22:15,-1.291
2/27/2024 22:30,-1.402
2/27/2024 22:45,-1.521
2/27/2024 23:00,-1.618
2/27/2024 23:15,-1.671
2/27/2024 23:30,-1.73
2/27/2024 23:45,-1.749
2/28/2024 0:00,-1.745
2/28/2024 0:15,-1.723
2/28/2024 0:30,-1.692
2/28/2024 0:45,-1.641
2/28/2024 1:00,-1.558
2/28/2024 1:15,-1.472
2/28/2024 1:30,-1.42
2/28/2024 1:45,-1.337
2/28/2024 2:00,-1.223
2/28/2024 2:15,-1.141
2/28/2024 2:30,-1.091
2/28/2024 2:45,-1.077
2/28/2024 3:00,-1.072
2/28/2024 3:15,-1.049
2/28/2024 3:30,-0.897
2/28/2024 3:45,-0.785
2/28/2024 4:00,-0.712
2/28/2024 4:15,-0.688
2/28/2024 4:30,-0.613
2/28/2024 4:45,-0.561
2/28/2024 5:00,-0.557
2/28/2024 5:15,-0.453
2/28/2024 5:30,-0.2
2/28/2024 5:45,0.039
2/28/2024 6:00,-0.054
2/28/2024 6:15,-0.178
2/28/2024 6:30,-0.252
2/28/2024 6:45,-0.275
2/28/2024 7:00,-0.217
2/28/2024 7:15,0.066
2/28/2024 7:30,0.229
2/28/2024 7:45,0.356
2/28/2024 8:00,0.544
2/28/2024 8:15,0.727
2/28/2024 8:30,0.911
2/28/2024 8:45,1.12
2/28/2024 9:00,1.297
2/28/2024 9:15,1.516
2/28/2024 9:30,1.721
2/28/2024 9:45,1.828
2/28/2024 10:00,2.026
2/28/2024 10:15,2.273
2/28/2024 10:30,2.321
2/28/2024 10:45,2.551
2/28/2024 11:00,2.727
2/28/2024 11:15,2.893
2/28/2024 11:30,3.145
2/28/2024 11:45,3.212
2/28/2024 12:00,3.242
2/28/2024 12:15,3.206
2/28/2024 12:30,3.174
2/28/2024 12:45,3.058
2/28/2024 13:00,2.529
2/28/2024 13:15,0.897
2/28/2024 13:30,0.455
2/28/2024 13:45,0.042
2/28/2024 14:00,0.069
2/28/2024 14:15,0.128
2/28/2024 14:30,0.233
2/28/2024 14:45,0.584
2/28/2024 15:00,0.831
2/28/2024 15:15,1.08
2/28/2024 15:30,1.4
2/28/2024 15:45,1.625
2/28/2024 16:00,1.697
2/28/2024 16:15,1.823
2/28/2024 16:30,1.933
2/28/2024 16:45,1.999
2/28/2024 17:00,2.082
2/28/2024 17:15,2.179
2/28/2024 17:30,2.26
2/28/2024 17:45,2.336
2/28/2024 18:00,2.41
2/28/2024 18:15,2.459
2/28/2024 18:30,2.472
2/28/2024 18:45,2.379
2/28/2024 19:00,2.363
2/28/2024 19:15,2.374
2/28/2024 19:30,2.391
2/28/2024 19:45,2.405
2/28/2024 20:00,2.465
2/28/2024 20:15,2.523
2/28/2024 20:30,2.556
2/28/2024 20:45,2.543
2/28/2024 21:00,2.528
2/28/2024 21:15,2.525
2/28/2024 21:30,2.537
2/28/2024 21:45,2.536
2/28/2024 22:00,2.542
2/28/2024 22:15,2.543
2/28/2024 22:30,2.542
2/28/2024 22:45,2.511
2/28/2024 23:00,2.352
2/28/2024 23:15,2.304
2/28/2024 23:30,2.311
2/28/2024 23:45,2.346
2/29/2024 0:00,2.382
2/29/2024 0:15,2.398
2/29/2024 0:30,2.414
2/29/2024 0:45,2.451
2/29/2024 1:00,2.493
2/29/2024 1:15,2.516
2/29/2024 1:30,2.533
2/29/2024 1:45,2.547
2/29/2024 2:00,2.573
2/29/2024 2:15,2.596
2/29/2024 2:30,2.633
2/29/2024 2:45,2.688
2/29/2024 3:00,2.73
2/29/2024 3:15,2.756
2/29/2024 3:30,2.803
2/29/2024 3:45,2.867
2/29/2024 4:00,2.926
2/29/2024 4:15,3.03
2/29/2024 4:30,3.082
2/29/2024 4:45,3.107
2/29/2024 5:00,3.129
2/29/2024 5:15,3.173
2/29/2024 5:30,3.175
2/29/2024 5:45,3.191
2/29/2024 6:00,3.214
2/29/2024 6:15,3.255
2/29/2024 6:30,3.268
2/29/2024 6:45,3.338
2/29/2024 7:00,3.369
2/29/2024 7:15,3.421
2/29/2024 7:30,3.421
2/29/2024 7:45,3.475
2/29/2024 8:00,3.497
2/29/2024 8:15,3.68
2/29/2024 8:30,4.181
2/29/2024 8:45,4.483
2/29/2024 9:00,4.609
2/29/2024 9:15,5.019
2/29/2024 9:30,5.492
2/29/2024 9:45,5.392
2/29/2024 10:00,5.574
2/29/2024 10:15,6.174
2/29/2024 10:30,6.1
2/29/2024 10:45,5.877
2/29/2024 11:00,5.41
2/29/2024 11:15,5.02
2/29/2024 11:30,4.492
2/29/2024 11:45,4.173
2/29/2024 12:00,3.825
2/29/2024 12:15,3.591
2/29/2024 12:30,3.53
2/29/2024 12:45,3.639
2/29/2024 13:00,3.383
2/29/2024 13:15,3.111
2/29/2024 13:30,2.65
2/29/2024 13:45,2.538
2/29/2024 14:00,2.491
2/29/2024 14:15,2.347
2/29/2024 14:30,2.224
2/29/2024 14:45,1.842
2/29/2024 15:00,1.371
2/29/2024 15:15,1.264
2/29/2024 15:30,1.351
2/29/2024 15:45,1.575
2/29/2024 16:00,1.804
2/29/2024 16:15,1.858
2/29/2024 16:30,1.952
2/29/2024 16:45,2.049
2/29/2024 17:00,2.099
2/29/2024 17:15,1.901
2/29/2024 17:30,1.593
2/29/2024 17:45,1.263
2/29/2024 18:00,0.962
2/29/2024 18:15,0.711
2/29/2024 18:30,0.396
2/29/2024 18:45,0.12
2/29/2024 19:00,-0.104
2/29/2024 19:15,-0.173
2/29/2024 19:30,-0.179
2/29/2024 19:45,-0.202
2/29/2024 20:00,-0.154
2/29/2024 20:15,-0.09
2/29/2024 20:30,-0.056
2/29/2024 20:45,0.01
2/29/2024 21:00,0.115
2/29/2024 21:15,0.004
2/29/2024 21:30,-0.147
2/29/2024 21:45,-0.256
2/29/2024 22:00,-0.312
2/29/2024 22:15,-0.346
2/29/2024 22:30,-0.372
2/29/2024 22:45,-0.399
2/29/2024 23:00,-0.428
2/29/2024 23:15,-0.393
2/29/2024 23:30,-0.246
2/29/2024 23:45,-0.168
3/1/2024 0:00,-0.159
3/1/2024 0:15,-0.159
3/1/2024 0:30,-0.147
3/1/2024 0:45,-0.148
3/1/2024 1:00,-0.152
3/1/2024 1:15,-0.143
3/1/2024 1:30,-0.146
3/1/2024 1:45,-0.13
3/1/2024 2:00,-0.133
3/1/2024 2:15,-0.15
3/1/2024 2:30,-0.151
3/1/2024 2:45,-0.144
3/1/2024 3:00,-0.153
3/1/2024 3:15,-0.156
3/1/2024 3:30,-0.166
3/1/2024 3:45,-0.191
3/1/2024 4:00,-0.192
3/1/2024 4:15,-0.189
3/1/2024 4:30,-0.188
3/1/2024 4:45,-0.191
3/1/2024 5:00,-0.176
3/1/2024 5:15,-0.192
3/1/2024 5:30,-0.191
3/1/2024 5:45,-0.196
3/1/2024 6:00,-0.211
3/1/2024 6:15,-0.232
3/1/2024 6:30,-0.235
3/1/2024 6:45,-0.244
3/1/2024 7:00,-0.238
3/1/2024 7:15,-0.216
3/1/2024 7:30,-0.199
3/1/2024 7:45,-0.195
3/1/2024 8:00,-0.177
3/1/2024 8:15,-0.135
3/1/2024 8:30,-0.052
3/1/2024 8:45,0.053
3/1/2024 9:00,0.053
3/1/2024 9:15,0.037
3/1/2024 9:30,0.07
3/1/2024 9:45,0.878
3/1/2024 10:00,3.133
3/1/2024 10:15,2.488
3/1/2024 10:30,2.695
3/1/2024 10:45,4.584
3/1/2024 11:00,6.311
3/1/2024 11:15,6.582
3/1/2024 11:30,7.73
3/1/2024 11:45,8.6
3/1/2024 12:00,8.92
3/1/2024 12:15,7.993
3/1/2024 12:30,8.41
3/1/2024 12:45,7.382
3/1/2024 13:00,7.373
3/1/2024 13:15,7.122
3/1/2024 13:30,6.67
3/1/2024 13:45,6.023
3/1/2024 14:00,5.36
3/1/2024 14:15,4.807
3/1/2024 14:30,4.273
3/1/2024 14:45,3.954
3/1/2024 15:00,3.747
3/1/2024 15:15,3.59
3/1/2024 15:30,3.28
3/1/2024 15:45,3.033
3/1/2024 16:00,2.893
3/1/2024 16:15,2.803
3/1/2024 16:30,2.765
3/1/2024 16:45,2.471
3/1/2024 17:00,1.403
3/1/2024 17:15,0.762
3/1/2024 17:30,0.61
3/1/2024 17:45,0.633
3/1/2024 18:00,0.564
3/1/2024 18:15,0.281
3/1/2024 18:30,-0.013
3/1/2024 18:45,-0.289
3/1/2024 19:00,-0.286
3/1/2024 19:15,-0.187
3/1/2024 19:30,-0.205
3/1/2024 19:45,-0.145
3/1/2024 20:00,-0.185
3/1/2024 20:15,-0.171
3/1/2024 20:30,-0.191
3/1/2024 20:45,-0.171
3/1/2024 21:00,-0.155
3/1/2024 21:15,-0.131
3/1/2024 21:30,-0.127
3/1/2024 21:45,-0.132
3/1/2024 22:00,-0.118
3/1/2024 22:15,-0.118
3/1/2024 22:30,-0.119
3/1/2024 22:45,-0.12
3/1/2024 23:00,-0.123
3/1/2024 23:15,-0.128
3/1/2024 23:30,-0.122
3/1/2024 23:45,-0.119
3/2/2024 0:00,-0.112
3/2/2024 0:15,-0.106
3/2/2024 0:30,-0.102
3/2/2024 0:45,-0.098
3/2/2024 1:00,-0.095
3/2/2024 1:15,-0.09
3/2/2024 1:30,-0.084
3/2/2024 1:45,-0.076
3/2/2024 2:00,-0.07
3/2/2024 2:15,-0.063
3/2/2024 2:30,-0.051
3/2/2024 2:45,-0.041
3/2/2024 3:00,-0.029
3/2/2024 3:15,-0.014
3/2/2024 3:30,-0.072
3/2/2024 3:45,-0.077
3/2/2024 4:00,-0.079
3/2/2024 4:15,-0.078
3/2/2024 4:30,-0.077
3/2/2024 4:45,-0.079
3/2/2024 5:00,-0.078
3/2/2024 5:15,-0.07
3/2/2024 5:30,-0.069
3/2/2024 5:45,-0.068
3/2/2024 6:00,-0.063
3/2/2024 6:15,-0.061
3/2/2024 6:30,-0.061
3/2/2024 6:45,-0.06
3/2/2024 7:00,-0.055
3/2/2024 7:15,-0.053
3/2/2024 7:30,-0.056
3/2/2024 7:45,-0.049
3/2/2024 8:00,-0.038
3/2/2024 8:15,-0.019
3/2/2024 8:30,-0.008
3/2/2024 8:45,0.011
3/2/2024 9:00,0.051
3/2/2024 9:15,0.155
3/2/2024 9:30,0.272
3/2/2024 9:45,0.34
3/2/2024 10:00,0.612
3/2/2024 10:15,1.112
3/2/2024 10:30,2.119
3/2/2024 10:45,2.236
3/2/2024 11:00,3.282
3/2/2024 11:15,4.12
3/2/2024 11:30,4.819
3/2/2024 11:45,5.725
3/2/2024 12:00,5.788
3/2/2024 12:15,5.302
3/2/2024 12:30,4.909
3/2/2024 12:45,6.504
3/2/2024 13:00,7.328
3/2/2024 13:15,7.369
3/2/2024 13:30,7.815
3/2/2024 13:45,7.189
3/2/2024 14:00,6.672
3/2/2024 14:15,5.673
3/2/2024 14:30,5.31
3/2/2024 14:45,5.271
3/2/2024 15:00,5.155
3/2/2024 15:15,5.037
3/2/2024 15:30,4.861
3/2/2024 15:45,4.729
3/2/2024 16:00,4.305
3/2/2024 16:15,3.826
3/2/2024 16:30,3.51
3/2/2024 16:45,3.072
3/2/2024 17:00,2.74
3/2/2024 17:15,2.62
3/2/2024 17:30,2.293
3/2/2024 17:45,1.784
3/2/2024 18:00,1.441
3/2/2024 18:15,1.11
3/2/2024 18:30,0.767
3/2/2024 18:45,0.41
3/2/2024 19:00,0.108
3/2/2024 19:15,-0.167
3/2/2024 19:30,-0.408
3/2/2024 19:45,-0.552
3/2/2024 20:00,-0.593
3/2/2024 20:15,-0.631
3/2/2024 20:30,-0.45
3/2/2024 20:45,-0.242
3/2/2024 21:00,-0.206
3/2/2024 21:15,-0.171
3/2/2024 21:30,-0.14
3/2/2024 21:45,-0.124
3/2/2024 22:00,-0.116
3/2/2024 22:15,-0.11
3/2/2024 22:30,-0.109
3/2/2024 22:45,-0.107
3/2/2024 23:00,-0.111
3/2/2024 23:15,-0.115
3/2/2024 23:30,-0.208
3/2/2024 23:45,-0.324
3/3/2024 0:00,-0.192
3/3/2024 0:15,-0.205
3/3/2024 0:30,-0.22
3/3/2024 0:45,-0.238
3/3/2024 1:00,-0.255
3/3/2024 1:15,-0.266
3/3/2024 1:30,-0.293
3/3/2024 1:45,-0.302
3/3/2024 2:00,-0.305
3/3/2024 2:15,-0.333
3/3/2024 2:30,-0.389
3/3/2024 2:45,-0.453
3/3/2024 3:00,-0.54
3/3/2024 3:15,-0.717
3/3/2024 3:30,-1.21
3/3/2024 3:45,-2.143
3/3/2024 4:00,-2.508
3/3/2024 4:15,-2.649
3/3/2024 4:30,-2.735
3/3/2024 4:45,-2.841
3/3/2024 5:00,-2.933
3/3/2024 5:15,-3.025
3/3/2024 5:30,-3.161
3/3/2024 5:45,-3.291
3/3/2024 6:00,-3.418
3/3/2024 6:15,-3.532
3/3/2024 6:30,-3.609
3/3/2024 6:45,-3.609
3/3/2024 7:00,-3.017
3/3/2024 7:15,-2.065
3/3/2024 7:30,-1.184
3/3/2024 7:45,-0.61
3/3/2024 8:00,-0.268
3/3/2024 8:15,-0.138
3/3/2024 8:30,-0.127
3/3/2024 8:45,-0.082
3/3/2024 9:00,-0.042
3/3/2024 9:15,-0.018
3/3/2024 9:30,0.06
3/3/2024 9:45,0.201
3/3/2024 10:00,0.798
3/3/2024 10:15,0.766
3/3/2024 10:30,1.326
3/3/2024 10:45,1.878
3/3/2024 11:00,1.801
3/3/2024 11:15,2.391
3/3/2024 11:30,3.469
3/3/2024 11:45,5.063
3/3/2024 12:00,5.635
3/3/2024 12:15,4.786
3/3/2024 12:30,2.727
3/3/2024 12:45,2.6
3/3/2024 13:00,6.205
3/3/2024 13:15,7.527
3/3/2024 13:30,7.613
3/3/2024 13:45,7.212
3/3/2024 14:00,6.459
3/3/2024 14:15,5.678
3/3/2024 14:30,4.699
3/3/2024 14:45,3.969
3/3/2024 15:00,4.183
3/3/2024 15:15,4.78
3/3/2024 15:30,4.949
3/3/2024 15:45,4.534
3/3/2024 16:00,4.094
3/3/2024 16:15,3.949
3/3/2024 16:30,4.103
3/3/2024 16:45,3.535
3/3/2024 17:00,2.432
3/3/2024 17:15,1.636
3/3/2024 17:30,1.139
3/3/2024 17:45,0.635
3/3/2024 18:00,0.169
3/3/2024 18:15,-0.237
3/3/2024 18:30,-0.522
3/3/2024 18:45,-0.749
3/3/2024 19:00,-0.535
3/3/2024 19:15,-0.166
3/3/2024 19:30,-0.166
3/3/2024 19:45,-0.169
3/3/2024 20:00,-0.17
3/3/2024 20:15,-0.189
3/3/2024 20:30,-0.205
3/3/2024 20:45,-0.256
3/3/2024 21:00,-0.324
3/3/2024 21:15,-0.373
3/3/2024 21:30,-0.43
3/3/2024 21:45,-0.476
3/3/2024 22:00,-0.52
3/3/2024 22:15,-0.541
3/3/2024 22:30,-0.541
3/3/2024 22:45,-0.522
3/3/2024 23:00,-0.504
3/3/2024 23:15,-0.479
3/3/2024 23:30,-0.444
3/3/2024 23:45,-0.434
3/4/2024 0:00,-0.419
3/4/2024 0:15,-0.402
3/4/2024 0:30,-0.383
3/4/2024 0:45,-0.375
3/4/2024 1:00,-0.373
3/4/2024 1:15,-0.382
3/4/2024 1:30,-0.406
3/4/2024 1:45,-0.436
3/4/2024 2:00,-0.461
3/4/2024 2:15,-0.471
3/4/2024 2:30,-0.468
3/4/2024 2:45,-0.456
3/4/2024 3:00,-0.485
3/4/2024 3:15,-0.511
3/4/2024 3:30,-0.548
3/4/2024 3:45,-0.595
3/4/2024 4:00,-0.679
3/4/2024 4:15,-0.779
3/4/2024 4:30,-0.926
3/4/2024 4:45,-1.106
3/4/2024 5:00,-1.296
3/4/2024 5:15,-1.495
3/4/2024 5:30,-1.658
3/4/2024 5:45,-1.793
3/4/2024 6:00,-1.871
3/4/2024 6:15,-1.915
3/4/2024 6:30,-1.997
3/4/2024 6:45,-2.079
3/4/2024 7:00,-2.04
3/4/2024 7:15,-1.88
3/4/2024 7:30,-1.637
3/4/2024 7:45,-1.423
3/4/2024 8:00,-1.236
3/4/2024 8:15,-1.028
3/4/2024 8:30,-0.778
3/4/2024 8:45,-0.534
3/4/2024 9:00,-0.276
3/4/2024 9:15,-0.116
3/4/2024 9:30,-0.037
3/4/2024 9:45,-0.012
3/4/2024 10:00,-0.016
3/4/2024 10:15,-0.033
3/4/2024 10:30,-0.018
3/4/2024 10:45,0.002
3/4/2024 11:00,0.036
3/4/2024 11:15,0.228
3/4/2024 11:30,0.283
3/4/2024 11:45,0.361
3/4/2024 12:00,0.472
3/4/2024 12:15,0.548
3/4/2024 12:30,0.531
3/4/2024 12:45,0.585
3/4/2024 13:00,0.697
3/4/2024 13:15,0.781
3/4/2024 13:30,0.827
3/4/2024 13:45,0.963
3/4/2024 14:00,0.596
3/4/2024 14:15,1.558
3/4/2024 14:30,1.786
3/4/2024 14:45,2.722
3/4/2024 15:00,3.11
3/4/2024 15:15,2.367
3/4/2024 15:30,2.884
3/4/2024 15:45,3.598
3/4/2024 16:00,2.902
3/4/2024 16:15,2.446
3/4/2024 16:30,1.818
3/4/2024 16:45,1.665
3/4/2024 17:00,1.534
3/4/2024 17:15,0.913
3/4/2024 17:30,0.371
3/4/2024 17:45,-0.054
3/4/2024 18:00,-0.321
3/4/2024 18:15,-0.38
3/4/2024 18:30,-0.381
3/4/2024 18:45,-0.213
3/4/2024 19:00,-0.17
3/4/2024 19:15,-0.144
3/4/2024 19:30,-0.134
3/4/2024 19:45,-0.13
3/4/2024 20:00,-0.135
3/4/2024 20:15,-0.128
3/4/2024 20:30,-0.127
3/4/2024 20:45,-0.13
3/4/2024 21:00,-0.137
3/4/2024 21:15,-0.204
3/4/2024 21:30,-0.303
3/4/2024 21:45,-0.317
3/4/2024 22:00,-0.282
3/4/2024 22:15,-0.294
3/4/2024 22:30,-0.327
3/4/2024 22:45,-0.327
3/4/2024 23:00,-0.341
3/4/2024 23:15,-0.431
3/4/2024 23:30,-0.525
3/4/2024 23:45,-0.558
3/5/2024 0:00,-0.596
3/5/2024 0:15,-0.779
3/5/2024 0:30,-1.361
3/5/2024 0:45,-1.858
3/5/2024 1:00,-2.07
3/5/2024 1:15,-2.252
3/5/2024 1:30,-2.4
3/5/2024 1:45,-2.443
3/5/2024 2:00,-2.387
3/5/2024 2:15,-2.282
3/5/2024 2:30,-2.186
3/5/2024 2:45,-2.097
3/5/2024 3:00,-2.04
3/5/2024 3:15,-2.071
3/5/2024 3:30,-2.139
3/5/2024 3:45,-2.164
3/5/2024 4:00,-2.194
3/5/2024 4:15,-2.236
3/5/2024 4:30,-2.302
3/5/2024 4:45,-2.364
3/5/2024 5:00,-2.448
3/5/2024 5:15,-2.555
3/5/2024 5:30,-2.66
3/5/2024 5:45,-2.85
3/5/2024 6:00,-3.043
3/5/2024 6:15,-3.196
3/5/2024 6:30,-3.37
3/5/2024 6:45,-3.395
3/5/2024 7:00,-3.139
3/5/2024 7:15,-2.301
3/5/2024 7:30,-1.373
3/5/2024 7:45,-0.649
3/5/2024 8:00,-0.41
3/5/2024 8:15,-0.271
3/5/2024 8:30,-0.182
3/5/2024 8:45,-0.148
3/5/2024 9:00,-0.112
3/5/2024 9:15,-0.106
3/5/2024 9:30,-0.098
3/5/2024 9:45,-0.048
3/5/2024 10:00,-0.09
3/5/2024 10:15,-0.026
3/5/2024 10:30,-0.075
3/5/2024 10:45,-0.054
3/5/2024 11:00,0.016
3/5/2024 11:15,0.129
3/5/2024 11:30,0.491
3/5/2024 11:45,0.644
3/5/2024 12:00,1.157
3/5/2024 12:15,2.504
3/5/2024 12:30,3.894
3/5/2024 12:45,4.852
3/5/2024 13:00,5.146
3/5/2024 13:15,5.555
3/5/2024 13:30,7.572
3/5/2024 13:45,8.91
3/5/2024 14:00,9.99
3/5/2024 14:15,10.07
3/5/2024 14:30,8.97
3/5/2024 14:45,8.14
3/5/2024 15:00,8.52
3/5/2024 15:15,8.47
3/5/2024 15:30,8.77
3/5/2024 15:45,7.764
3/5/2024 16:00,6.601
3/5/2024 16:15,6.176
3/5/2024 16:30,5.913
3/5/2024 16:45,5.468
3/5/2024 17:00,4.496
3/5/2024 17:15,3.445
3/5/2024 17:30,2.499
3/5/2024 17:45,1.683
3/5/2024 18:00,0.928
3/5/2024 18:15,0.182
3/5/2024 18:30,-0.5
3/5/2024 18:45,-1.047
3/5/2024 19:00,-0.27
3/5/2024 19:15,-0.291
3/5/2024 19:30,-0.367
3/5/2024 19:45,-0.499
3/5/2024 20:00,-0.65
3/5/2024 20:15,-0.812
3/5/2024 20:30,-1.175
3/5/2024 20:45,-2.552
3/5/2024 21:00,-3.202
3/5/2024 21:15,-3.476
3/5/2024 21:30,-3.637
3/5/2024 21:45,-3.692
3/5/2024 22:00,-3.544
3/5/2024 22:15,-3.3
3/5/2024 22:30,-3.105
3/5/2024 22:45,-3.075
3/5/2024 23:00,-3.307
3/5/2024 23:15,-3.645
3/5/2024 23:30,-4.021
3/5/2024 23:45,-4.33
3/6/2024 0:00,-4.607
3/6/2024 0:15,-4.799
3/6/2024 0:30,-5.009
3/6/2024 0:45,-5.17
3/6/2024 1:00,-5.352
3/6/2024 1:15,-5.484
3/6/2024 1:30,-5.577
3/6/2024 1:45,-5.695
3/6/2024 2:00,-5.807
3/6/2024 2:15,-5.902
3/6/2024 2:30,-5.996
3/6/2024 2:45,-6.07
3/6/2024 3:00,-6.168
3/6/2024 3:15,-6.271
3/6/2024 3:30,-6.31
3/6/2024 3:45,-6.345
3/6/2024 4:00,-6.403
3/6/2024 4:15,-6.467
3/6/2024 4:30,-6.473
3/6/2024 4:45,-6.474
3/6/2024 5:00,-6.442
3/6/2024 5:15,-6.375
3/6/2024 5:30,-6.313
3/6/2024 5:45,-6.261
3/6/2024 6:00,-6.038
3/6/2024 6:15,-5.917
3/6/2024 6:30,-5.69
3/6/2024 6:45,-5.283
3/6/2024 7:00,-4.298
3/6/2024 7:15,-3.063
3/6/2024 7:30,-1.832
3/6/2024 7:45,-0.74
3/6/2024 8:00,-0.119
3/6/2024 8:15,0.048
3/6/2024 8:30,0.147
3/6/2024 8:45,0.296
3/6/2024 9:00,0.534
3/6/2024 9:15,1.1
3/6/2024 9:30,2.68
3/6/2024 9:45,6.624
3/6/2024 10:00,8.83
3/6/2024 10:15,8.36
3/6/2024 10:30,9.3
3/6/2024 10:45,7.226
3/6/2024 11:00,5.371
3/6/2024 11:15,4.562
3/6/2024 11:30,4.183
3/6/2024 11:45,5.288
3/6/2024 12:00,8.12
3/6/2024 12:15,7.311
3/6/2024 12:30,8.07
3/6/2024 12:45,8.4
3/6/2024 13:00,8.31
3/6/2024 13:15,7.439
3/6/2024 13:30,6.312
3/6/2024 13:45,6.236
3/6/2024 14:00,6.749
3/6/2024 14:15,7.546
3/6/2024 14:30,8.23
3/6/2024 14:45,8.52
3/6/2024 15:00,8.62
3/6/2024 15:15,8.43
3/6/2024 15:30,7.557
3/6/2024 15:45,6.874
3/6/2024 16:00,6.637
3/6/2024 16:15,6.272
3/6/2024 16:30,5.851
3/6/2024 16:45,5.327
3/6/2024 17:00,4.43
3/6/2024 17:15,3.399
3/6/2024 17:30,2.43
3/6/2024 17:45,1.507
3/6/2024 18:00,0.652
3/6/2024 18:15,-0.096
3/6/2024 18:30,-0.732
3/6/2024 18:45,-0.26
3/6/2024 19:00,-0.297
3/6/2024 19:15,-0.355
3/6/2024 19:30,-0.485
3/6/2024 19:45,-0.746
3/6/2024 20:00,-1.01
3/6/2024 20:15,-2.558
3/6/2024 20:30,-3.607
3/6/2024 20:45,-4.106
3/6/2024 21:00,-4.441
3/6/2024 21:15,-4.691
3/6/2024 21:30,-4.922
3/6/2024 21:45,-5.106
3/6/2024 22:00,-5.289
3/6/2024 22:15,-5.435
3/6/2024 22:30,-5.558
3/6/2024 22:45,-5.629
3/6/2024 23:00,-5.721
3/6/2024 23:15,-5.798
3/6/2024 23:30,-5.838
3/6/2024 23:45,-5.898
3/7/2024 0:00,-5.982
3/7/2024 0:15,-6.099
3/7/2024 0:30,-6.25
3/7/2024 0:45,-6.406
3/7/2024 1:00,-6.552
3/7/2024 1:15,-6.72
3/7/2024 1:30,-6.878
3/7/2024 1:45,-6.962
3/7/2024 2:00,-7.097
3/7/2024 2:15,-7.212
3/7/2024 2:30,-7.295
3/7/2024 2:45,-7.312
3/7/2024 3:00,-7.302
3/7/2024 3:15,-7.327
3/7/2024 3:30,-7.331
3/7/2024 3:45,-7.36
3/7/2024 4:00,-7.402
3/7/2024 4:15,-7.398
3/7/2024 4:30,-7.328
3/7/2024 4:45,-7.168
3/7/2024 5:00,-7.141
3/7/2024 5:15,-7.176
3/7/2024 5:30,-7.224
3/7/2024 5:45,-7.272
3/7/2024 6:00,-7.279
3/7/2024 6:15,-7.057
3/7/2024 6:30,-6.626
3/7/2024 6:45,-6.005
3/7/2024 7:00,-4.812
3/7/2024 7:15,-3.482
3/7/2024 7:30,-2.106
3/7/2024 7:45,-1.016
3/7/2024 8:00,-0.238
3/7/2024 8:15,-0.005
3/7/2024 8:30,0.146
3/7/2024 8:45,0.328
3/7/2024 9:00,0.735
3/7/2024 9:15,1.429
3/7/2024 9:30,4.494
3/7/2024 9:45,7.47
3/7/2024 10:00,10.12
3/7/2024 10:15,12.2
3/7/2024 10:30,13.81
3/7/2024 10:45,14.84
3/7/2024 11:00,15.59
3/7/2024 11:15,15.46
3/7/2024 11:30,14.56
3/7/2024 11:45,13.58
3/7/2024 12:00,13.15
3/7/2024 12:15,13.26
3/7/2024 12:30,12.63
3/7/2024 12:45,12.35
3/7/2024 13:00,12.04
3/7/2024 13:15,11.93
3/7/2024 13:30,11.7
3/7/2024 13:45,11.43
3/7/2024 14:00,11.28
3/7/2024 14:15,11.01
3/7/2024 14:30,10.82
3/7/2024 14:45,10.27
3/7/2024 15:00,9.83
3/7/2024 15:15,9.1
3/7/2024 15:30,8.33
3/7/2024 15:45,7.504
3/7/2024 16:00,6.715
3/7/2024 16:15,6.117
3/7/2024 16:30,5.822
3/7/2024 16:45,5.373
3/7/2024 17:00,4.779
3/7/2024 17:15,4.084
3/7/2024 17:30,3.238
3/7/2024 17:45,2.336
3/7/2024 18:00,1.52
3/7/2024 18:15,0.728
3/7/2024 18:30,-0.024
3/7/2024 18:45,-0.703
3/7/2024 19:00,-0.7
3/7/2024 19:15,-0.601
3/7/2024 19:30,-0.831
3/7/2024 19:45,-1.265
3/7/2024 20:00,-2.3
3/7/2024 20:15,-2.714
3/7/2024 20:30,-2.971
3/7/2024 20:45,-3.177
3/7/2024 21:00,-3.39
3/7/2024 21:15,-3.568
3/7/2024 21:30,-3.614
3/7/2024 21:45,-3.55
3/7/2024 22:00,-3.365
3/7/2024 22:15,-3.191
3/7/2024 22:30,-3.131
3/7/2024 22:45,-3.1
3/7/2024 23:00,-3.106
3/7/2024 23:15,-3.104
3/7/2024 23:30,-3.18
3/7/2024 23:45,-3.276
3/8/2024 0:00,-3.339
3/8/2024 0:15,-3.367
3/8/2024 0:30,-3.442
3/8/2024 0:45,-3.553
3/8/2024 1:00,-3.676
3/8/2024 1:15,-3.799
3/8/2024 1:30,-3.76
3/8/2024 1:45,-3.628
3/8/2024 2:00,-3.48
3/8/2024 2:15,-3.366
3/8/2024 2:30,-3.292
3/8/2024 2:45,-3.228
3/8/2024 3:00,-3.203
3/8/2024 3:15,-3.247
3/8/2024 3:30,-3.201
3/8/2024 3:45,-3.011
3/8/2024 4:00,-2.908
3/8/2024 4:15,-2.922
3/8/2024 4:30,-2.932
3/8/2024 4:45,-2.937
3/8/2024 5:00,-2.965
3/8/2024 5:15,-3.013
3/8/2024 5:30,-3.072
3/8/2024 5:45,-3.164
3/8/2024 6:00,-3.236
3/8/2024 6:15,-3.261
3/8/2024 6:30,-3.216
3/8/2024 6:45,-2.871
3/8/2024 7:00,-2.012
3/8/2024 7:15,-0.96
3/8/2024 7:30,-0.09
3/8/2024 7:45,0.169
3/8/2024 8:00,0.387
3/8/2024 8:15,0.679
3/8/2024 8:30,1.057
3/8/2024 8:45,2.231
3/8/2024 9:00,3.228
3/8/2024 9:15,4.182
3/8/2024 9:30,5.667
3/8/2024 9:45,7.52
3/8/2024 10:00,10.19
3/8/2024 10:15,12.23
3/8/2024 10:30,13.48
3/8/2024 10:45,14.44
3/8/2024 11:00,14.95
3/8/2024 11:15,14.69
3/8/2024 11:30,14.21
3/8/2024 11:45,13.82
3/8/2024 12:00,13.86
3/8/2024 12:15,13.31
3/8/2024 12:30,12.25
3/8/2024 12:45,11.6
3/8/2024 13:00,11.37
3/8/2024 13:15,11.2
3/8/2024 13:30,11.1
3/8/2024 13:45,11.03
3/8/2024 14:00,10.85
3/8/2024 14:15,10.68
3/8/2024 14:30,10.45
3/8/2024 14:45,10.25
3/8/2024 15:00,10.09
3/8/2024 15:15,9.95
3/8/2024 15:30,9.74
3/8/2024 15:45,9.45
3/8/2024 16:00,9.19
3/8/2024 16:15,8.86
3/8/2024 16:30,8.17
3/8/2024 16:45,7.382
3/8/2024 17:00,6.798
3/8/2024 17:15,6.126
3/8/2024 17:30,5.347
3/8/2024 17:45,4.555
3/8/2024 18:00,3.827
3/8/2024 18:15,3.268
3/8/2024 18:30,2.977
3/8/2024 18:45,2.786
3/8/2024 19:00,2.614
3/8/2024 19:15,2.299
3/8/2024 19:30,2.097
3/8/2024 19:45,2.044
3/8/2024 20:00,2.096
3/8/2024 20:15,2.066
3/8/2024 20:30,2.02
3/8/2024 20:45,2.084
3/8/2024 21:00,2.144
3/8/2024 21:15,2.096
3/8/2024 21:30,1.979
3/8/2024 21:45,1.808
3/8/2024 22:00,1.743
3/8/2024 22:15,1.936
3/8/2024 22:30,2.051
3/8/2024 22:45,2.021
3/8/2024 23:00,1.94
3/8/2024 23:15,1.863
3/8/2024 23:30,1.835
3/8/2024 23:45,1.608
3/9/2024 0:00,1.427
3/9/2024 0:15,1.411
3/9/2024 0:30,1.403
3/9/2024 0:45,1.256
3/9/2024 1:00,1.217
3/9/2024 1:15,1.067
3/9/2024 1:30,0.831
3/9/2024 1:45,0.686
3/9/2024 2:00,0.624
3/9/2024 2:15,0.579
3/9/2024 2:30,0.572
3/9/2024 2:45,0.522
3/9/2024 3:00,0.46
3/9/2024 3:15,0.325
3/9/2024 3:30,0.319
3/9/2024 3:45,0.246
3/9/2024 4:00,0.028
3/9/2024 4:15,-0.164
3/9/2024 4:30,-0.173
3/9/2024 4:45,-0.129
3/9/2024 5:00,0.004
3/9/2024 5:15,0.084
3/9/2024 5:30,0.109
3/9/2024 5:45,0.162
3/9/2024 6:00,0.168
3/9/2024 6:15,0.137
3/9/2024 6:30,0.112
3/9/2024 6:45,0.31
3/9/2024 7:00,0.825
3/9/2024 7:15,1.677
3/9/2024 7:30,2.819
3/9/2024 7:45,3.423
3/9/2024 8:00,3.55
3/9/2024 8:15,3.915
3/9/2024 8:30,4.174
3/9/2024 8:45,4.75
3/9/2024 9:00,5.361
3/9/2024 9:15,5.261
3/9/2024 9:30,5.22
3/9/2024 9:45,5.969
3/9/2024 10:00,7.764
3/9/2024 10:15,7.913
3/9/2024 10:30,8.35
3/9/2024 10:45,9.72
3/9/2024 11:00,9.56
3/9/2024 11:15,9.35
3/9/2024 11:30,9.16
3/9/2024 11:45,10.45
3/9/2024 12:00,13.65
3/9/2024 12:15,14.76
3/9/2024 12:30,14.52
3/9/2024 12:45,14.42
3/9/2024 13:00,14.67
3/9/2024 13:15,15.27
3/9/2024 13:30,15.61
3/9/2024 13:45,14.49
3/9/2024 14:00,13.24
3/9/2024 14:15,12.49
3/9/2024 14:30,11.79
3/9/2024 14:45,11.19
3/9/2024 15:00,10.3
3/9/2024 15:15,9.43
3/9/2024 15:30,8.76
3/9/2024 15:45,8.26
3/9/2024 16:00,7.966
3/9/2024 16:15,7.695
3/9/2024 16:30,7.442
3/9/2024 16:45,7.245
3/9/2024 17:00,7.044
3/9/2024 17:15,6.917
3/9/2024 17:30,6.788
3/9/2024 17:45,6.568
3/9/2024 18:00,6.261
3/9/2024 18:15,5.878
3/9/2024 18:30,5.709
3/9/2024 18:45,5.577
3/9/2024 19:00,5.23
3/9/2024 19:15,4.691
3/9/2024 19:30,4.17
3/9/2024 19:45,3.938
3/9/2024 20:00,3.873
3/9/2024 20:15,3.877
3/9/2024 20:30,3.916
3/9/2024 20:45,3.954
3/9/2024 21:00,4.025
3/9/2024 21:15,4.078
3/9/2024 21:30,4.082
3/9/2024 21:45,4.084
3/9/2024 22:00,4.058
3/9/2024 22:15,3.989
3/9/2024 22:30,3.902
3/9/2024 22:45,3.8
3/9/2024 23:00,3.683
3/9/2024 23:15,3.558
3/9/2024 23:30,3.501
3/9/2024 23:45,3.421
3/10/2024 0:00,3.296
3/10/2024 0:15,3.11
3/10/2024 0:30,2.849
3/10/2024 0:45,2.537
3/10/2024 1:00,2.197
3/10/2024 1:15,1.9
3/10/2024 1:30,1.697
3/10/2024 1:45,1.49
3/10/2024 2:00,1.412
3/10/2024 2:15,1.39
3/10/2024 2:30,1.342
3/10/2024 2:45,1.458
3/10/2024 3:00,1.535
3/10/2024 3:15,1.63
3/10/2024 3:30,1.797
3/10/2024 3:45,1.951
3/10/2024 4:00,2.073
3/10/2024 4:15,2.262
3/10/2024 4:30,2.447
3/10/2024 4:45,2.66
3/10/2024 5:00,2.827
3/10/2024 5:15,2.886
3/10/2024 5:30,2.919
3/10/2024 5:45,2.97
3/10/2024 6:00,3.028
3/10/2024 6:15,3.043
3/10/2024 6:30,2.999
3/10/2024 6:45,3.001
3/10/2024 7:00,3.026
3/10/2024 7:15,3.095
3/10/2024 7:30,3.313
3/10/2024 7:45,3.601
3/10/2024 8:00,3.923
3/10/2024 8:15,4.02
3/10/2024 8:30,3.994
3/10/2024 8:45,3.944
3/10/2024 9:00,4.016
3/10/2024 9:15,4.256
3/10/2024 9:30,4.542
3/10/2024 9:45,4.677
3/10/2024 10:00,4.814
3/10/2024 10:15,5.064
3/10/2024 10:30,5.334
3/10/2024 10:45,5.677
3/10/2024 11:00,5.948
3/10/2024 11:15,6.01
3/10/2024 11:30,5.974
3/10/2024 11:45,6.22
3/10/2024 12:00,6.595
3/10/2024 12:15,7.216
3/10/2024 12:30,7.526
3/10/2024 12:45,7.833
3/10/2024 13:00,8.25
3/10/2024 13:15,8.58
3/10/2024 13:30,8.91
3/10/2024 13:45,9.16
3/10/2024 14:00,9.22
3/10/2024 14:15,9.1
3/10/2024 14:30,8.82
3/10/2024 14:45,8.47
3/10/2024 15:00,8.13
3/10/2024 15:15,7.773
3/10/2024 15:30,7.409
3/10/2024 15:45,6.893
3/10/2024 16:00,6.339
3/10/2024 16:15,5.724
3/10/2024 16:30,5.262
3/10/2024 16:45,5.013
3/10/2024 17:00,4.926
3/10/2024 17:15,5.027
3/10/2024 17:30,4.99
3/10/2024 17:45,4.65
3/10/2024 18:00,4.326
3/10/2024 18:15,3.976
3/10/2024 18:30,3.534
3/10/2024 18:45,3.025
3/10/2024 19:00,2.631
3/10/2024 19:15,2.414
3/10/2024 19:30,2.283
3/10/2024 19:45,2.225
3/10/2024 20:00,2.281
3/10/2024 20:15,2.332
3/10/2024 20:30,2.376
3/10/2024 20:45,2.205
3/10/2024 21:00,2.119
3/10/2024 21:15,2.241
3/10/2024 21:30,2.569
3/10/2024 21:45,2.674
3/10/2024 22:00,2.678
3/10/2024 22:15,2.537
3/10/2024 22:30,2.316
3/10/2024 22:45,2.274
3/10/2024 23:00,2.326
3/10/2024 23:15,2.347
3/10/2024 23:30,2.458
3/10/2024 23:45,2.452
3/11/2024 0:00,2.426
3/11/2024 0:15,2.328
3/11/2024 0:30,2.175
3/11/2024 0:45,2.085
3/11/2024 1:00,2.241
3/11/2024 1:15,2.334
3/11/2024 1:30,2.331
3/11/2024 1:45,2.222
3/11/2024 2:00,2.032
3/11/2024 2:15,1.673
3/11/2024 2:30,1.379
3/11/2024 2:45,1.085
3/11/2024 3:00,0.841
3/11/2024 3:15,0.626
3/11/2024 3:30,0.415
3/11/2024 3:45,0.277
3/11/2024 4:00,0.202
3/11/2024 4:15,0.272
3/11/2024 4:30,0.376
3/11/2024 4:45,0.479
3/11/2024 5:00,0.523
3/11/2024 5:15,0.529
3/11/2024 5:30,0.443
3/11/2024 5:45,0.235
3/11/2024 6:00,0.093
3/11/2024 6:15,0.03
3/11/2024 6:30,0.021
3/11/2024 6:45,0.076
3/11/2024 7:00,0.788
3/11/2024 7:15,1.22
3/11/2024 7:30,1.559
3/11/2024 7:45,2.119
3/11/2024 8:00,3.158
3/11/2024 8:15,4.152
3/11/2024 8:30,5.505
3/11/2024 8:45,6.066
3/11/2024 9:00,7.561
3/11/2024 9:15,8.9
3/11/2024 9:30,9.37
3/11/2024 9:45,9.78
3/11/2024 10:00,9.94
3/11/2024 10:15,10.5
3/11/2024 10:30,14.49
3/11/2024 10:45,17.89
3/11/2024 11:00,20.17
3/11/2024 11:15,21.08
3/11/2024 11:30,18.4
3/11/2024 11:45,15.78
3/11/2024 12:00,13.66
3/11/2024 12:15,14.13
3/11/2024 12:30,13.58
3/11/2024 12:45,12.73
3/11/2024 13:00,11.89
3/11/2024 13:15,11.7
3/11/2024 13:30,11.53
3/11/2024 13:45,11.37
3/11/2024 14:00,11.05
3/11/2024 14:15,10.19
3/11/2024 14:30,9.56
3/11/2024 14:45,9.38
3/11/2024 15:00,9.27
3/11/2024 15:15,9.2
3/11/2024 15:30,8.89
3/11/2024 15:45,8.53
3/11/2024 16:00,8.25
3/11/2024 16:15,8.01
3/11/2024 16:30,7.808
3/11/2024 16:45,7.588
3/11/2024 17:00,7.312
3/11/2024 17:15,7.026
3/11/2024 17:30,6.753
3/11/2024 17:45,6.49
3/11/2024 18:00,6.194
3/11/2024 18:15,5.915
3/11/2024 18:30,5.72
3/11/2024 18:45,5.53
3/11/2024 19:00,5.344
3/11/2024 19:15,4.937
3/11/2024 19:30,4.684
3/11/2024 19:45,4.446
3/11/2024 20:00,4.641
3/11/2024 20:15,4.661
3/11/2024 20:30,4.495
3/11/2024 20:45,4.37
3/11/2024 21:00,4.327
3/11/2024 21:15,4.344
3/11/2024 21:30,4.361
3/11/2024 21:45,4.344
3/11/2024 22:00,4.303
3/11/2024 22:15,4.264
3/11/2024 22:30,4.214
3/11/2024 22:45,4.177
3/11/2024 23:00,4.15
3/11/2024 23:15,4.135
3/11/2024 23:30,4.1
3/11/2024 23:45,4.045
3/12/2024 0:00,3.829
3/12/2024 0:15,3.649
3/12/2024 0:30,3.551
3/12/2024 0:45,3.528
3/12/2024 1:00,3.549
3/12/2024 1:15,3.584
3/12/2024 1:30,3.637
3/12/2024 1:45,3.706
3/12/2024 2:00,3.74
3/12/2024 2:15,3.742
3/12/2024 2:30,3.726
3/12/2024 2:45,3.742
3/12/2024 3:00,3.749
3/12/2024 3:15,3.749
3/12/2024 3:30,3.742
3/12/2024 3:45,3.69
3/12/2024 4:00,3.565
3/12/2024 4:15,3.336
3/12/2024 4:30,2.965
3/12/2024 4:45,2.586
3/12/2024 5:00,2.305
3/12/2024 5:15,2.198
3/12/2024 5:30,1.94
3/12/2024 5:45,1.672
3/12/2024 6:00,1.491
3/12/2024 6:15,1.591
3/12/2024 6:30,1.486
3/12/2024 6:45,1.379
3/12/2024 7:00,1.381
3/12/2024 7:15,1.73
3/12/2024 7:30,2.502
3/12/2024 7:45,2.939
3/12/2024 8:00,3.669
3/12/2024 8:15,4.147
3/12/2024 8:30,4.282
3/12/2024 8:45,4.666
3/12/2024 9:00,4.953
3/12/2024 9:15,5.143
3/12/2024 9:30,5.647
3/12/2024 9:45,7.557
3/12/2024 10:00,7.605
3/12/2024 10:15,7.948
3/12/2024 10:30,9.41
3/12/2024 10:45,9.41
3/12/2024 11:00,10.98
3/12/2024 11:15,11.43
3/12/2024 11:30,10.25
3/12/2024 11:45,10.82
3/12/2024 12:00,12.31
3/12/2024 12:15,12.94
3/12/2024 12:30,12.8
3/12/2024 12:45,13.1
3/12/2024 13:00,13.18
3/12/2024 13:15,12.61
3/12/2024 13:30,11.81
3/12/2024 13:45,11.74
3/12/2024 14:00,11.85
3/12/2024 14:15,11.34
3/12/2024 14:30,10.13
3/12/2024 14:45,9.97
3/12/2024 15:00,9.89
3/12/2024 15:15,9.99
3/12/2024 15:30,9.21
3/12/2024 15:45,8.69
3/12/2024 16:00,8.4
3/12/2024 16:15,7.911
3/12/2024 16:30,7.398
3/12/2024 16:45,7.18
3/12/2024 17:00,6.727
3/12/2024 17:15,6.263
3/12/2024 17:30,5.664
3/12/2024 17:45,5.087
3/12/2024 18:00,4.629
3/12/2024 18:15,4.266
3/12/2024 18:30,3.916
3/12/2024 18:45,3.475
3/12/2024 19:00,3.255
3/12/2024 19:15,2.987
3/12/2024 19:30,2.717
3/12/2024 19:45,2.578
3/12/2024 20:00,2.36
3/12/2024 20:15,2.096
3/12/2024 20:30,1.849
3/12/2024 20:45,1.692
3/12/2024 21:00,1.623
3/12/2024 21:15,1.613
3/12/2024 21:30,1.584
3/12/2024 21:45,1.543
3/12/2024 22:00,1.355
3/12/2024 22:15,1.212
3/12/2024 22:30,1.128
3/12/2024 22:45,1.046
3/12/2024 23:00,0.963
3/12/2024 23:15,0.782
3/12/2024 23:30,0.529
3/12/2024 23:45,0.241
3/13/2024 0:00,0.061
3/13/2024 0:15,-0.027
3/13/2024 0:30,-0.096
3/13/2024 0:45,-0.243
3/13/2024 1:00,-0.342
3/13/2024 1:15,-0.471
3/13/2024 1:30,-0.474
3/13/2024 1:45,-0.2
3/13/2024 2:00,-0.183
3/13/2024 2:15,-0.194
3/13/2024 2:30,-0.193
3/13/2024 2:45,-0.195
3/13/2024 3:00,-0.211
3/13/2024 3:15,-0.228
3/13/2024 3:30,-0.253
3/13/2024 3:45,-0.277
3/13/2024 4:00,-0.314
3/13/2024 4:15,-0.38
3/13/2024 4:30,-0.449
3/13/2024 4:45,-0.506
3/13/2024 5:00,-0.619
3/13/2024 5:15,-0.811
3/13/2024 5:30,-1.049
3/13/2024 5:45,-1.212
3/13/2024 6:00,-1.325
3/13/2024 6:15,-1.406
3/13/2024 6:30,-1.43
3/13/2024 6:45,-1.369
3/13/2024 7:00,-1.203
3/13/2024 7:15,-0.274
3/13/2024 7:30,0.078
3/13/2024 7:45,0.139
3/13/2024 8:00,0.302
3/13/2024 8:15,0.755
3/13/2024 8:30,0.977
3/13/2024 8:45,2.465
3/13/2024 9:00,3.789
3/13/2024 9:15,4.405
3/13/2024 9:30,4.766
3/13/2024 9:45,6.021
3/13/2024 10:00,6.643
3/13/2024 10:15,7.32
3/13/2024 10:30,9.39
3/13/2024 10:45,12.85
3/13/2024 11:00,14.43
3/13/2024 11:15,14.29
3/13/2024 11:30,12.48
3/13/2024 11:45,10.93
3/13/2024 12:00,11.05
3/13/2024 12:15,9.87
3/13/2024 12:30,10.06
3/13/2024 12:45,9.56
3/13/2024 13:00,8.83
3/13/2024 13:15,8.13
3/13/2024 13:30,7.645
3/13/2024 13:45,7.993
3/13/2024 14:00,7.623
3/13/2024 14:15,7.516
3/13/2024 14:30,7.284
3/13/2024 14:45,6.942
3/13/2024 15:00,6.653
3/13/2024 15:15,6.554
3/13/2024 15:30,6.56
3/13/2024 15:45,6.382
3/13/2024 16:00,6.053
3/13/2024 16:15,5.782
3/13/2024 16:30,5.598
3/13/2024 16:45,5.463
3/13/2024 17:00,5.301
3/13/2024 17:15,5.099
3/13/2024 17:30,4.84
3/13/2024 17:45,4.569
3/13/2024 18:00,4.316
3/13/2024 18:15,4.01
3/13/2024 18:30,3.761
3/13/2024 18:45,3.531
3/13/2024 19:00,3.285
3/13/2024 19:15,2.999
3/13/2024 19:30,2.605
3/13/2024 19:45,2.141
3/13/2024 20:00,1.709
3/13/2024 20:15,1.253
3/13/2024 20:30,0.885
3/13/2024 20:45,0.595
3/13/2024 21:00,0.347
3/13/2024 21:15,0.142
3/13/2024 21:30,-0.014
3/13/2024 21:45,-0.121
3/13/2024 22:00,-0.244
3/13/2024 22:15,-0.332
3/13/2024 22:30,-0.425
3/13/2024 22:45,-0.542
3/13/2024 23:00,-0.7
3/13/2024 23:15,-0.846
3/13/2024 23:30,-0.882
3/13/2024 23:45,-0.896
3/14/2024 0:00,-0.909
3/14/2024 0:15,-0.944
3/14/2024 0:30,-0.95
3/14/2024 0:45,-1.061
3/14/2024 1:00,-1.171
3/14/2024 1:15,-1.279
3/14/2024 1:30,-1.372
3/14/2024 1:45,-1.446
3/14/2024 2:00,-1.488
3/14/2024 2:15,-1.526
3/14/2024 2:30,-1.585
3/14/2024 2:45,-1.708
3/14/2024 3:00,-1.783
3/14/2024 3:15,-1.794
3/14/2024 3:30,-1.794
3/14/2024 3:45,-1.786
3/14/2024 4:00,-1.761
3/14/2024 4:15,-1.741
3/14/2024 4:30,-1.77
3/14/2024 4:45,-1.844
3/14/2024 5:00,-1.92
3/14/2024 5:15,-1.981
3/14/2024 5:30,-2.058
3/14/2024 5:45,-2.116
3/14/2024 6:00,-2.14
3/14/2024 6:15,-2.086
3/14/2024 6:30,-1.799
3/14/2024 6:45,-1.182
3/14/2024 7:00,-0.053
3/14/2024 7:15,1.169
3/14/2024 7:30,2.157
3/14/2024 7:45,2.887
3/14/2024 8:00,3.465
3/14/2024 8:15,3.895
3/14/2024 8:30,4.339
3/14/2024 8:45,4.979
3/14/2024 9:00,5.811
3/14/2024 9:15,6.911
3/14/2024 9:30,8.37
3/14/2024 9:45,9.4
3/14/2024 10:00,12.16
3/14/2024 10:15,15.52
3/14/2024 10:45,17.62
3/14/2024 11:00,19.3
3/14/2024 11:15,19.5
3/14/2024 11:30,19.16
3/14/2024 11:45,18.83
3/14/2024 12:00,19.2
3/14/2024 12:15,18.93
3/14/2024 12:30,17.5
3/14/2024 12:45,16.79
3/14/2024 13:00,16.64
3/14/2024 13:15,16.33
3/14/2024 13:30,16.07
3/14/2024 13:45,15.75
3/14/2024 14:00,15.71
3/14/2024 14:15,15.58
3/14/2024 14:30,15.39
3/14/2024 14:45,15.22
3/14/2024 15:00,14.92
3/14/2024 15:15,14.52
3/14/2024 15:30,14.21
3/14/2024 15:45,13.85
3/14/2024 16:00,13.53
3/14/2024 16:15,13.11
3/14/2024 16:30,12.49
3/14/2024 16:45,11.79
3/14/2024 17:00,11.2
3/14/2024 17:15,10.34
3/14/2024 17:30,9.4
3/14/2024 17:45,8.44
3/14/2024 18:00,7.282
3/14/2024 18:15,6.178
3/14/2024 18:30,5.194
3/14/2024 18:45,4.211
3/14/2024 19:00,3.42
3/14/2024 19:15,2.719
3/14/2024 19:30,2.087
3/14/2024 19:45,1.557
3/14/2024 20:00,1.062
3/14/2024 20:15,0.749
3/14/2024 20:30,0.454
3/14/2024 20:45,0.164
3/14/2024 21:00,-0.085
3/14/2024 21:15,-0.326
3/14/2024 21:30,-0.487
3/14/2024 21:45,-0.608
3/14/2024 22:00,-0.742
3/14/2024 22:15,-0.887
3/14/2024 22:30,-1.043
3/14/2024 22:45,-1.174
3/14/2024 23:00,-1.298
3/14/2024 23:15,-1.463
3/14/2024 23:30,-1.57
3/14/2024 23:45,-1.664
3/15/2024 0:00,-1.763
3/15/2024 0:15,-1.9
3/15/2024 0:30,-2.105
3/15/2024 0:45,-2.278
3/15/2024 1:00,-2.473
3/15/2024 1:15,-2.629
3/15/2024 1:30,-2.774
3/15/2024 1:45,-2.911
3/15/2024 2:00,-3.058
3/15/2024 2:15,-3.193
3/15/2024 2:30,-3.297
3/15/2024 2:45,-3.424
3/15/2024 3:00,-3.546
3/15/2024 3:15,-3.611
3/15/2024 3:30,-3.602
3/15/2024 3:45,-3.552
3/15/2024 4:00,-3.47
3/15/2024 4:15,-3.05
3/15/2024 4:30,-2.576
3/15/2024 4:45,-2.082
3/15/2024 5:00,-1.676
3/15/2024 5:15,-1.422
3/15/2024 5:30,-1.316
3/15/2024 5:45,-1.062
3/15/2024 6:00,-0.698
3/15/2024 6:15,-0.474
3/15/2024 6:30,0.013
3/15/2024 6:45,0.64
3/15/2024 7:00,1.49
3/15/2024 7:15,2.799
3/15/2024 7:30,4.097
3/15/2024 7:45,5.288
3/15/2024 8:00,6.233
3/15/2024 8:15,7.089
3/15/2024 8:30,7.932
3/15/2024 8:45,8.72
3/15/2024 9:00,9.58
3/15/2024 9:15,10.9
3/15/2024 9:30,12.75
3/15/2024 9:45,15.34
3/15/2024 10:00,17.97
3/15/2024 10:15,21.44
3/15/2024 10:30,23.57
3/15/2024 10:45,24.84
3/15/2024 11:00,25.49
3/15/2024 11:15,25.41
3/15/2024 11:30,24.6
3/15/2024 11:45,23.37
3/15/2024 12:00,23.3
3/15/2024 12:15,22.92
3/15/2024 12:30,21.53
3/15/2024 12:45,20.49
3/15/2024 13:00,19.86
3/15/2024 13:15,19.89
3/15/2024 13:30,19.86
3/15/2024 13:45,19.38
3/15/2024 14:00,18.87
3/15/2024 14:15,18.66
3/15/2024 14:30,18.45
3/15/2024 14:45,18.21
3/15/2024 15:00,18.04
3/15/2024 15:15,17.83
3/15/2024 15:30,17.61
3/15/2024 15:45,17.32
3/15/2024 16:00,17.06
3/15/2024 16:15,16.71
3/15/2024 16:30,16.31
3/15/2024 16:45,15.82
3/15/2024 17:00,15.23
3/15/2024 17:15,14.03
3/15/2024 17:30,12.56
3/15/2024 17:45,11.21
3/15/2024 18:00,9.94
3/15/2024 18:15,8.89
3/15/2024 18:30,7.981
3/15/2024 18:45,6.966
3/15/2024 19:00,5.969
3/15/2024 19:15,5.139
3/15/2024 19:30,4.378
3/15/2024 19:45,3.744
3/15/2024 20:00,3.224
3/15/2024 20:15,2.721
3/15/2024 20:30,2.274
3/15/2024 20:45,1.898
3/15/2024 21:00,1.583
3/15/2024 21:15,1.29
3/15/2024 21:30,1.031
3/15/2024 21:45,0.83
3/15/2024 22:00,0.616
3/15/2024 22:15,0.393
3/15/2024 22:30,0.151
3/15/2024 22:45,-0.068
3/15/2024 23:00,-0.258
3/15/2024 23:15,-0.454
3/15/2024 23:30,-0.639
3/15/2024 23:45,-0.838
3/16/2024 0:00,-0.941
3/16/2024 0:15,-1.001
3/16/2024 0:30,-1.046
3/16/2024 0:45,-0.877
3/16/2024 1:00,-0.745
3/16/2024 1:15,-0.42
3/16/2024 1:30,-0.258
3/16/2024 1:45,-0.121
3/16/2024 2:00,0.082
3/16/2024 2:15,0.131
3/16/2024 2:30,0.042
3/16/2024 2:45,-0.001
3/16/2024 3:00,-0.128
3/16/2024 3:15,-0.248
3/16/2024 3:30,-0.361
3/16/2024 3:45,-0.12
3/16/2024 4:00,0.031
3/16/2024 4:15,0.06
3/16/2024 4:30,-0.043
3/16/2024 4:45,-0.309
3/16/2024 5:00,-0.402
3/16/2024 5:15,-0.302
3/16/2024 5:30,-0.219
3/16/2024 5:45,-0.077
3/16/2024 6:00,0.147
3/16/2024 6:15,0.384
3/16/2024 6:30,1.041
3/16/2024 6:45,2.213
3/16/2024 7:00,3.655
3/16/2024 7:15,5.241
3/16/2024 7:30,6.673
3/16/2024 7:45,7.967
3/16/2024 8:00,9.09
3/16/2024 8:15,10.13
3/16/2024 8:30,11.24
3/16/2024 8:45,12.19
3/16/2024 9:00,13.15
3/16/2024 9:15,14.35
3/16/2024 9:30,16.29
3/16/2024 9:45,18.94
3/16/2024 10:00,21.87
3/16/2024 10:15,25.26
3/16/2024 10:30,27.39
3/16/2024 10:45,28.37
3/16/2024 11:00,28.6
3/16/2024 11:15,28.1
3/16/2024 11:30,27.53
3/16/2024 11:45,26.91
3/16/2024 12:00,26.89
3/16/2024 12:15,26.25
3/16/2024 12:30,24.76
3/16/2024 12:45,23.79
3/16/2024 13:00,23.44
3/16/2024 13:15,23.39
3/16/2024 13:30,23.36
3/16/2024 13:45,23.5
3/16/2024 14:00,23.42
3/16/2024 14:15,22.85
3/16/2024 14:30,22.91
3/16/2024 14:45,22.6
3/16/2024 15:00,22.2
3/16/2024 15:15,21.93
3/16/2024 15:30,21.72
3/16/2024 15:45,21.49
3/16/2024 16:00,21.25
3/16/2024 16:15,20.88
3/16/2024 16:30,20.47
3/16/2024 16:45,19.96
3/16/2024 17:00,19.37
3/16/2024 17:15,18.46
3/16/2024 17:30,17.16
3/16/2024 17:45,15.67
3/16/2024 18:00,14.22
3/16/2024 18:15,12.98
3/16/2024 18:30,11.77
3/16/2024 18:45,10.77
3/16/2024 19:00,9.8
3/16/2024 19:15,8.73
3/16/2024 19:30,7.853
3/16/2024 19:45,7.018
3/16/2024 20:00,6.337
3/16/2024 20:15,5.653
3/16/2024 20:30,5.049
3/16/2024 20:45,4.483
3/16/2024 21:00,4.012
3/16/2024 21:15,3.571
3/16/2024 21:30,3.206
3/16/2024 21:45,2.843
3/16/2024 22:00,2.521
3/16/2024 22:15,2.237
3/16/2024 22:30,1.978
3/16/2024 22:45,1.736
3/16/2024 23:00,1.535
3/16/2024 23:15,1.359
3/16/2024 23:30,1.182
3/16/2024 23:45,1.025
3/17/2024 0:00,0.816
3/17/2024 0:15,0.669
3/17/2024 0:30,0.53
3/17/2024 0:45,0.384
3/17/2024 1:00,0.232
3/17/2024 1:15,0.084
3/17/2024 1:30,-0.041
3/17/2024 1:45,-0.122
3/17/2024 2:00,-0.096
3/17/2024 2:15,-0.072
3/17/2024 2:30,-0.116
3/17/2024 2:45,-0.186
3/17/2024 3:00,-0.296
3/17/2024 3:15,-0.368
3/17/2024 3:30,-0.371
3/17/2024 3:45,-0.455
3/17/2024 4:00,-0.505
3/17/2024 4:15,-0.522
3/17/2024 4:30,-0.536
3/17/2024 4:45,-0.587
3/17/2024 5:00,-0.667
3/17/2024 5:15,-0.727
3/17/2024 5:30,-0.794
3/17/2024 5:45,-0.819
3/17/2024 6:00,-0.873
3/17/2024 6:15,-0.862
3/17/2024 6:30,-0.338
3/17/2024 6:45,1.001
3/17/2024 7:00,2.892
3/17/2024 7:15,4.833
3/17/2024 7:30,6.772
3/17/2024 7:45,8.73
3/17/2024 8:00,10.47
3/17/2024 8:15,11.86
3/17/2024 8:30,12.95
3/17/2024 8:45,13.88
3/17/2024 9:00,14.89
3/17/2024 9:15,16.14
3/17/2024 9:30,18.17
3/17/2024 9:45,20.84
3/17/2024 10:00,23.89
3/17/2024 10:15,27.32
3/17/2024 10:30,29.45
3/17/2024 10:45,30.29
3/17/2024 11:00,30.47
3/17/2024 11:15,30.08
3/17/2024 11:30,29.59
3/17/2024 11:45,28.81
3/17/2024 12:00,28.81
3/17/2024 12:15,28.48
3/17/2024 12:30,27.33
3/17/2024 12:45,26.37
3/17/2024 13:00,25.92
3/17/2024 13:15,25.67
3/17/2024 13:30,25.6
3/17/2024 13:45,25.27
3/17/2024 14:00,25.03
3/17/2024 14:15,24.98
3/17/2024 14:30,24.8
3/17/2024 14:45,24.47
3/17/2024 15:00,24.34
3/17/2024 15:15,24.06
3/17/2024 15:30,23.74
3/17/2024 15:45,23.45
3/17/2024 16:00,23.06
3/17/2024 16:15,22.5
3/17/2024 16:30,21.81
3/17/2024 16:45,21.08
3/17/2024 17:00,20.3
3/17/2024 17:15,19.21
3/17/2024 17:30,17.82
3/17/2024 17:45,16.49
3/17/2024 18:00,15
3/17/2024 18:15,13.62
3/17/2024 18:30,12.34
3/17/2024 18:45,11.29
3/17/2024 19:00,10.14
3/17/2024 19:15,9.06
3/17/2024 19:30,8.06
3/17/2024 19:45,7.176
3/17/2024 20:00,6.458
3/17/2024 20:15,5.799
3/17/2024 20:30,5.255
3/17/2024 20:45,4.71
3/17/2024 21:00,4.228
3/17/2024 21:15,3.794
3/17/2024 21:30,3.373
3/17/2024 21:45,3.001
3/17/2024 22:00,2.685
3/17/2024 22:15,2.421
3/17/2024 22:30,2.15
3/17/2024 22:45,1.95
3/17/2024 23:00,1.732
3/17/2024 23:15,1.536
3/17/2024 23:30,1.365
3/17/2024 23:45,1.218
3/18/2024 0:00,1.044
3/18/2024 0:15,0.861
3/18/2024 0:30,0.704
3/18/2024 0:45,0.526
3/18/2024 1:00,0.388
3/18/2024 1:15,0.272
3/18/2024 1:30,0.161
3/18/2024 1:45,0.049
3/18/2024 2:00,0.009
3/18/2024 2:15,-0.089
3/18/2024 2:30,-0.086
3/18/2024 2:45,-0.1
3/18/2024 3:00,-0.11
3/18/2024 3:15,0.103
3/18/2024 3:30,0.898
3/18/2024 3:45,1.694
3/18/2024 4:00,2.435
3/18/2024 4:15,2.669
3/18/2024 4:30,2.612
3/18/2024 4:45,2.414
3/18/2024 5:00,2.298
3/18/2024 5:15,2.21
3/18/2024 5:30,2.158
3/18/2024 5:45,2.212
3/18/2024 6:00,2.318
3/18/2024 6:15,2.665
3/18/2024 6:30,3.798
3/18/2024 6:45,5.077
3/18/2024 7:00,6.609
3/18/2024 7:15,8.12
3/18/2024 7:30,9.63
3/18/2024 7:45,10.98
3/18/2024 8:00,12.24
3/18/2024 8:15,13.37
3/18/2024 8:30,14.34
3/18/2024 8:45,15.11
3/18/2024 9:00,16.01
3/18/2024 9:15,16.99
3/18/2024 9:30,18.78
3/18/2024 9:45,21.18
3/18/2024 10:00,23.65
3/18/2024 10:15,27.03
3/18/2024 10:30,28.82
3/18/2024 10:45,29.76
3/18/2024 11:00,29.91
3/18/2024 11:15,29.81
3/18/2024 11:30,29.5
3/18/2024 11:45,28.87
3/18/2024 12:00,28.85
3/18/2024 12:15,28.5
3/18/2024 12:30,27.38
3/18/2024 12:45,26.43
3/18/2024 13:00,26.06
3/18/2024 13:15,25.83
3/18/2024 13:30,25.8
3/18/2024 13:45,25.75
3/18/2024 14:00,25.5
3/18/2024 14:15,25.39
3/18/2024 14:30,25.26
3/18/2024 14:45,25.2
3/18/2024 15:00,24.99
3/18/2024 15:15,24.8
3/18/2024 15:30,24.51
3/18/2024 15:45,24.14
3/18/2024 16:00,23.68
3/18/2024 16:15,23.17
3/18/2024 16:30,22.74
3/18/2024 16:45,22.17
3/18/2024 17:00,21.56
3/18/2024 17:15,20.62
3/18/2024 17:30,18.97
3/18/2024 17:45,17.14
3/18/2024 18:00,15.53
3/18/2024 18:15,14.08
3/18/2024 18:30,12.52
3/18/2024 18:45,11.13
3/18/2024 19:00,9.9
3/18/2024 19:15,8.85
3/18/2024 19:30,7.893
3/18/2024 19:45,7.121
3/18/2024 20:00,6.377
3/18/2024 20:15,5.739
3/18/2024 20:30,5.129
3/18/2024 20:45,4.594
3/18/2024 21:00,4.153
3/18/2024 21:15,3.717
3/18/2024 21:30,3.324
3/18/2024 21:45,3.009
3/18/2024 22:00,2.728
3/18/2024 22:15,2.488
3/18/2024 22:30,2.261
3/18/2024 22:45,2.063
3/18/2024 23:00,1.898
3/18/2024 23:15,1.746
3/18/2024 23:30,1.604
3/18/2024 23:45,1.441
3/19/2024 0:00,1.295
3/19/2024 0:15,1.158
3/19/2024 0:30,1.022
3/19/2024 0:45,0.911
3/19/2024 1:00,0.799
3/19/2024 1:15,0.686
3/19/2024 1:30,0.569
3/19/2024 1:45,0.492
3/19/2024 2:00,0.509
3/19/2024 2:15,0.592
3/19/2024 2:30,0.89
3/19/2024 2:45,1.55
3/19/2024 3:00,2.229
3/19/2024 3:15,2.756
3/19/2024 3:30,3.317
3/19/2024 3:45,3.933
3/19/2024 4:00,4.2
3/19/2024 4:15,4.341
3/19/2024 4:30,4.558
3/19/2024 4:45,4.869
3/19/2024 5:00,4.978
3/19/2024 5:15,5.017
3/19/2024 5:30,5.065
3/19/2024 5:45,4.946
3/19/2024 6:00,4.766
3/19/2024 6:15,4.715
3/19/2024 6:30,5.328
3/19/2024 6:45,6.402
3/19/2024 7:00,7.5
3/19/2024 7:15,8.6
3/19/2024 7:30,10.18
3/19/2024 7:45,11.41
3/19/2024 8:00,12.4
3/19/2024 8:15,13.24
3/19/2024 8:30,14.06
3/19/2024 8:45,15
3/19/2024 9:00,15.99
3/19/2024 9:15,17.12
3/19/2024 9:30,18.87
3/19/2024 9:45,21.64
3/19/2024 10:00,24.43
3/19/2024 10:15,27.94
3/19/2024 10:30,30.31
3/19/2024 10:45,31.78
3/19/2024 11:00,32.31
3/19/2024 11:15,31.82
3/19/2024 11:30,31.1
3/19/2024 11:45,29.96
3/19/2024 12:00,29.71
3/19/2024 12:15,29.16
3/19/2024 12:30,27.93
3/19/2024 12:45,27.12
3/19/2024 13:00,26.49
3/19/2024 13:15,26.17
3/19/2024 13:30,25.92
3/19/2024 13:45,25.71
3/19/2024 14:00,25.47
3/19/2024 14:15,25.14
3/19/2024 14:30,24.8
3/19/2024 14:45,24.52
3/19/2024 15:00,24.22
3/19/2024 15:15,23.88
3/19/2024 15:30,23.55
3/19/2024 15:45,23.21
3/19/2024 16:00,22.88
3/19/2024 16:15,22.5
3/19/2024 16:30,22.09
3/19/2024 16:45,21.64
3/19/2024 17:00,21.12
3/19/2024 17:15,20.43
3/19/2024 17:30,18.97
3/19/2024 17:45,17.24
3/19/2024 18:00,15.48
3/19/2024 18:15,13.84
3/19/2024 18:30,12.41
3/19/2024 18:45,11.12
3/19/2024 19:00,9.93
3/19/2024 19:15,8.87
3/19/2024 19:30,7.976
3/19/2024 19:45,7.244
3/19/2024 20:00,6.617
3/19/2024 20:15,6.091
3/19/2024 20:30,5.646
3/19/2024 20:45,5.229
3/19/2024 21:00,4.881
3/19/2024 21:15,4.561
3/19/2024 21:30,4.324
3/19/2024 21:45,4.176
3/19/2024 22:00,4.108
3/19/2024 22:15,4.026
3/19/2024 22:30,3.937
3/19/2024 22:45,3.851
3/19/2024 23:00,3.659
3/19/2024 23:15,3.435
3/19/2024 23:30,3.211
3/19/2024 23:45,3.007
3/20/2024 0:00,2.838
3/20/2024 0:15,2.675
3/20/2024 0:30,2.528
3/20/2024 0:45,2.45
3/20/2024 1:00,2.535
3/20/2024 1:15,2.639
3/20/2024 1:30,2.57
3/20/2024 1:45,2.395
3/20/2024 2:00,2.261
3/20/2024 2:15,2.097
3/20/2024 2:30,1.954
3/20/2024 2:45,1.815
3/20/2024 3:00,1.665
3/20/2024 3:15,1.493
3/20/2024 3:30,1.301
3/20/2024 3:45,1.107
3/20/2024 4:00,0.997
3/20/2024 4:15,0.944
3/20/2024 4:30,0.912
3/20/2024 4:45,0.818
3/20/2024 5:00,0.68
3/20/2024 5:15,0.554
3/20/2024 5:30,0.421
3/20/2024 5:45,0.236
3/20/2024 6:00,0.035
3/20/2024 6:15,0.103
3/20/2024 6:30,0.784
3/20/2024 6:45,1.935
3/20/2024 7:00,3.103
3/20/2024 7:15,4.091
3/20/2024 7:30,5.144
3/20/2024 7:45,6.302
3/20/2024 8:00,8.07
3/20/2024 8:15,10.11
3/20/2024 8:30,11.91
3/20/2024 8:45,13.5
3/20/2024 9:00,14.96
3/20/2024 9:15,16.53
3/20/2024 9:30,18.7
3/20/2024 9:45,21.5
3/20/2024 10:00,24.34
3/20/2024 10:15,27.87
3/20/2024 10:30,29.79
3/20/2024 10:45,30.71
3/20/2024 11:00,30.53
3/20/2024 11:15,29.93
3/20/2024 11:30,28.44
3/20/2024 11:45,26.23
3/20/2024 12:00,25.26
3/20/2024 12:15,24.63
3/20/2024 12:30,23.61
3/20/2024 12:45,22.59
3/20/2024 13:00,21.77
3/20/2024 13:15,21.25
3/20/2024 13:30,20.99
3/20/2024 13:45,21
3/20/2024 14:00,21.12
3/20/2024 14:15,21.07
3/20/2024 14:30,21.01
3/20/2024 14:45,20.92
3/20/2024 15:00,20.67
3/20/2024 15:15,20.33
3/20/2024 15:30,20.07
3/20/2024 15:45,19.58
3/20/2024 16:00,19.09
3/20/2024 16:15,18.63
3/20/2024 16:30,18.13
3/20/2024 16:45,17.52
3/20/2024 17:00,16.86
3/20/2024 17:15,15.93
3/20/2024 17:30,14.91
3/20/2024 17:45,13.82
3/20/2024 18:00,12.53
3/20/2024 18:15,11.23
3/20/2024 18:30,10.06
3/20/2024 18:45,9.08
3/20/2024 19:00,8.24
3/20/2024 19:15,7.544
3/20/2024 19:30,6.971
3/20/2024 19:45,6.384
3/20/2024 20:00,5.863
3/20/2024 20:15,5.536
3/20/2024 20:30,5.32
3/20/2024 20:45,5.194
3/20/2024 21:00,5.106
3/20/2024 21:15,5.223
3/20/2024 21:30,5.887
3/20/2024 21:45,6.73
3/20/2024 22:00,7.662
3/20/2024 22:15,8.17
3/20/2024 22:30,8.45
3/20/2024 22:45,8.63
3/20/2024 23:00,8.71
3/20/2024 23:15,8.76
3/20/2024 23:30,8.77
3/20/2024 23:45,8.69
3/21/2024 0:00,8.6
3/21/2024 0:15,8.47
3/21/2024 0:30,8.26
3/21/2024 0:45,8.07
3/21/2024 1:00,7.917
3/21/2024 1:15,7.791
3/21/2024 1:30,7.692
3/21/2024 1:45,7.635
3/21/2024 2:00,7.57
3/21/2024 2:15,7.371
3/21/2024 2:30,7.141
3/21/2024 2:45,6.872
3/21/2024 3:00,6.596
3/21/2024 3:15,6.299
3/21/2024 3:30,6.094
3/21/2024 3:45,5.989
3/21/2024 4:00,5.915
3/21/2024 4:15,5.808
3/21/2024 4:30,5.695
3/21/2024 4:45,5.686
3/21/2024 5:00,5.747
3/21/2024 5:15,5.792
3/21/2024 5:30,5.803
3/21/2024 5:45,5.777
3/21/2024 6:00,5.735
3/21/2024 6:15,5.709
3/21/2024 6:30,5.8
3/21/2024 6:45,5.891
3/21/2024 7:00,6.011
3/21/2024 7:15,6.231
3/21/2024 7:30,6.641
3/21/2024 7:45,8.15
3/21/2024 8:00,9.8
3/21/2024 8:15,10.65
3/21/2024 8:30,11.23
3/21/2024 8:45,11.97
3/21/2024 9:00,12.56
3/21/2024 9:15,13.38
3/21/2024 9:30,14.64
3/21/2024 9:45,13.98
3/21/2024 10:00,13.48
3/21/2024 10:15,13.52
3/21/2024 10:30,13.64
3/21/2024 10:45,13.43
3/21/2024 11:00,13.12
3/21/2024 11:15,13.46
3/21/2024 11:30,14.36
3/21/2024 11:45,17.53
3/21/2024 12:00,19.27
3/21/2024 12:15,19.17
3/21/2024 12:30,18.78
3/21/2024 12:45,18.48
3/21/2024 13:00,17.44
3/21/2024 13:15,16.5
3/21/2024 13:30,15.51
3/21/2024 13:45,14.73
3/21/2024 14:00,13.97
3/21/2024 14:15,13.21
3/21/2024 14:30,12.67
3/21/2024 14:45,12.2
3/21/2024 15:00,11.71
3/21/2024 15:15,11.24
3/21/2024 15:30,10.9
3/21/2024 15:45,10.6
3/21/2024 16:00,10.49
3/21/2024 16:15,10.35
3/21/2024 16:30,10.3
3/21/2024 16:45,10.3
3/21/2024 17:00,10.2
3/21/2024 17:15,10
3/21/2024 17:30,9.79
3/21/2024 17:45,9.56
3/21/2024 18:00,9.25
3/21/2024 18:15,8.75
3/21/2024 18:30,8.2
3/21/2024 18:45,7.528
3/21/2024 19:00,6.761
3/21/2024 19:15,6.161
3/21/2024 19:30,5.741
3/21/2024 19:45,5.395
3/21/2024 20:00,5.016
3/21/2024 20:15,4.714
3/21/2024 20:30,4.507
3/21/2024 20:45,4.504
3/21/2024 21:00,4.662
3/21/2024 21:15,4.762
3/21/2024 21:30,4.647
3/21/2024 21:45,4.314
3/21/2024 22:00,3.914
3/21/2024 22:15,3.582
3/21/2024 22:30,3.29
3/21/2024 22:45,3.159
3/21/2024 23:00,3.233
3/21/2024 23:15,3.124
3/21/2024 23:30,3.03
3/21/2024 23:45,2.912
3/22/2024 0:00,2.856
3/22/2024 0:15,2.913
3/22/2024 0:30,3.121
3/22/2024 0:45,3.336
3/22/2024 1:00,3.534
3/22/2024 1:15,3.715
3/22/2024 1:30,3.837
3/22/2024 1:45,3.9
3/22/2024 2:00,3.973
3/22/2024 2:15,3.962
3/22/2024 2:30,3.954
3/22/2024 2:45,4.111
3/22/2024 3:00,4.251
3/22/2024 3:15,4.248
3/22/2024 3:30,4.141
3/22/2024 3:45,3.982
3/22/2024 4:00,3.839
3/22/2024 4:15,3.687
3/22/2024 4:30,3.522
3/22/2024 4:45,3.396
3/22/2024 5:00,3.26
3/22/2024 5:15,3.136
3/22/2024 5:30,3.078
3/22/2024 5:45,3.04
3/22/2024 6:00,3.078
3/22/2024 6:15,3.211
3/22/2024 6:30,3.711
3/22/2024 6:45,4.547
3/22/2024 7:00,5.613
3/22/2024 7:15,6.349
3/22/2024 7:30,6.782
3/22/2024 7:45,7.209
3/22/2024 8:00,7.757
3/22/2024 8:15,8.64
3/22/2024 8:30,9.92
3/22/2024 8:45,11.39
3/22/2024 9:00,12.74
3/22/2024 9:15,14.38
3/22/2024 9:30,15.58
3/22/2024 9:45,14.28
3/22/2024 10:00,14.57
3/22/2024 10:15,15.31
3/22/2024 10:30,17.6
3/22/2024 10:45,17.51
3/22/2024 11:00,17.86
3/22/2024 11:15,16.71
3/22/2024 11:30,16.44
3/22/2024 11:45,18.18
3/22/2024 12:00,17.17
3/22/2024 12:15,16.11
3/22/2024 12:30,15.44
3/22/2024 12:45,16.04
3/22/2024 13:00,16.96
3/22/2024 13:15,17.65
3/22/2024 13:30,18.19
3/22/2024 13:45,18.2
3/22/2024 14:00,17.75
3/22/2024 14:15,17.31
3/22/2024 14:30,16.98
3/22/2024 14:45,16.51
3/22/2024 15:00,16.02
3/22/2024 15:15,15.62
3/22/2024 15:30,15.53
3/22/2024 15:45,15.53
3/22/2024 16:00,15.48
3/22/2024 16:15,15.28
3/22/2024 16:30,14.9
3/22/2024 16:45,14.33
3/22/2024 17:00,13.66
3/22/2024 17:15,13.17
3/22/2024 17:30,12.73
3/22/2024 17:45,12.23
3/22/2024 18:00,11.64
3/22/2024 18:15,10.92
3/22/2024 18:30,10.36
3/22/2024 18:45,9.92
3/22/2024 19:00,9.55
3/22/2024 19:15,9.14
3/22/2024 19:30,8.91
3/22/2024 19:45,8.71
3/22/2024 20:00,8.59
3/22/2024 20:15,8.51
3/22/2024 20:30,8.31
3/22/2024 20:45,8.05
3/22/2024 21:00,7.778
3/22/2024 21:15,7.443
3/22/2024 21:30,7.07
3/22/2024 21:45,6.665
3/22/2024 22:00,6.256
3/22/2024 22:15,5.842
3/22/2024 22:30,5.532
3/22/2024 22:45,5.181
3/22/2024 23:00,4.81
3/22/2024 23:15,4.465
3/22/2024 23:30,4.206
3/22/2024 23:45,3.997
3/23/2024 0:00,3.873
3/23/2024 0:15,3.719
3/23/2024 0:30,3.416
3/23/2024 0:45,3.14
3/23/2024 1:00,2.992
3/23/2024 1:15,3.074
3/23/2024 1:30,3.307
3/23/2024 1:45,3.515
3/23/2024 2:00,3.932
3/23/2024 2:15,5.057
3/23/2024 2:30,6.096
3/23/2024 2:45,6.799
3/23/2024 3:00,7.388
3/23/2024 3:15,7.545
3/23/2024 3:30,7.581
3/23/2024 3:45,7.589
3/23/2024 4:00,7.445
3/23/2024 4:15,7.2
3/23/2024 4:30,6.974
3/23/2024 4:45,6.761
3/23/2024 5:00,6.592
3/23/2024 5:15,6.439
3/23/2024 5:30,6.344
3/23/2024 5:45,6.285
3/23/2024 6:00,6.227
3/23/2024 6:15,6.141
3/23/2024 6:30,6.055
3/23/2024 6:45,6.029
3/23/2024 7:00,6.057
3/23/2024 7:15,6.095
3/23/2024 7:30,6.208
3/23/2024 7:45,6.402
3/23/2024 8:00,6.61
3/23/2024 8:15,6.81
3/23/2024 8:30,6.959
3/23/2024 8:45,7.044
3/23/2024 9:00,7.114
3/23/2024 9:15,7.135
3/23/2024 9:30,7.212
3/23/2024 9:45,7.313
3/23/2024 10:00,7.546
3/23/2024 10:15,7.924
3/23/2024 10:30,8.31
3/23/2024 10:45,9.3
3/23/2024 11:00,9.92
3/23/2024 11:15,9.52
3/23/2024 11:30,9.18
3/23/2024 11:45,9.31
3/23/2024 12:00,9.12
3/23/2024 12:15,8.93
3/23/2024 12:30,8.68
3/23/2024 12:45,8.56
3/23/2024 13:00,8.7
3/23/2024 13:15,8.97
3/23/2024 13:30,9.34
3/23/2024 13:45,9.62
3/23/2024 14:00,9.89
3/23/2024 14:15,10.09
3/23/2024 14:30,10.17
3/23/2024 14:45,9.97
3/23/2024 15:00,9.76
3/23/2024 15:15,9.91
3/23/2024 15:30,10.27
3/23/2024 15:45,10.6
3/23/2024 16:00,10.91
3/23/2024 16:15,10.92
3/23/2024 16:30,11.12
3/23/2024 16:45,11.13
3/23/2024 17:00,11.22
3/23/2024 17:15,11.2
3/23/2024 17:30,10.69
3/23/2024 17:45,9.82
3/23/2024 18:00,8.67
3/23/2024 18:15,7.439
3/23/2024 18:30,6.276
3/23/2024 18:45,5.323
3/23/2024 19:00,4.459
3/23/2024 19:15,3.728
3/23/2024 19:30,3.128
3/23/2024 19:45,2.731
3/23/2024 20:00,2.742
3/23/2024 20:15,2.857
3/23/2024 20:30,3.006
3/23/2024 20:45,3.046
3/23/2024 21:00,2.964
3/23/2024 21:15,2.842
3/23/2024 21:30,2.751
3/23/2024 21:45,2.659
3/23/2024 22:00,2.593
3/23/2024 22:15,2.674
3/23/2024 22:30,2.876
3/23/2024 22:45,3.166
3/23/2024 23:00,3.38
3/23/2024 23:15,3.557
3/23/2024 23:30,3.682
3/23/2024 23:45,3.815
3/24/2024 0:00,3.923
3/24/2024 0:15,3.972
3/24/2024 0:30,4.125
3/24/2024 0:45,4.163
3/24/2024 1:00,4.169
3/24/2024 1:15,4.14
3/24/2024 1:30,4.125
3/24/2024 1:45,4.144
3/24/2024 2:00,4.181
3/24/2024 2:15,4.223
3/24/2024 2:30,4.284
3/24/2024 2:45,4.275
3/24/2024 3:00,4.257
3/24/2024 3:15,4.215
3/24/2024 3:30,4.174
3/24/2024 3:45,4.12
3/24/2024 4:00,4.042
3/24/2024 4:15,3.995
3/24/2024 4:30,3.95
3/24/2024 4:45,3.919
3/24/2024 5:00,3.917
3/24/2024 5:15,3.942
3/24/2024 5:30,3.98
3/24/2024 5:45,4.418
3/24/2024 6:00,4.479
3/24/2024 6:15,4.418
3/24/2024 6:30,4.425
3/24/2024 6:45,4.411
3/24/2024 7:00,4.425
3/24/2024 7:15,4.404
3/24/2024 7:30,4.426
3/24/2024 7:45,4.471
3/24/2024 8:00,4.77
3/24/2024 8:15,5.047
3/24/2024 8:30,5.151
3/24/2024 8:45,5.213
3/24/2024 9:00,5.626
3/24/2024 9:15,5.758
3/24/2024 9:30,5.654
3/24/2024 9:45,5.589
3/24/2024 10:00,5.516
3/24/2024 10:15,5.458
3/24/2024 10:30,5.343
3/24/2024 10:45,5.384
3/24/2024 11:00,5.506
3/24/2024 11:15,5.533
3/24/2024 11:30,5.509
3/24/2024 11:45,5.664
3/24/2024 12:00,5.59
3/24/2024 12:15,5.412
3/24/2024 12:30,5.751
3/24/2024 12:45,6.02
3/24/2024 13:00,6.12
3/24/2024 13:15,6.397
3/24/2024 13:30,6.419
3/24/2024 13:45,6.182
3/24/2024 14:00,6.236
3/24/2024 14:15,6.6
3/24/2024 14:30,7.071
3/24/2024 14:45,7.179
3/24/2024 15:00,6.703
3/24/2024 15:15,6.186
3/24/2024 15:30,5.977
3/24/2024 15:45,5.992
3/24/2024 16:00,6.04
3/24/2024 16:15,6.013
3/24/2024 16:30,5.545
3/24/2024 16:45,5.235
3/24/2024 17:00,5.064
3/24/2024 17:15,4.918
3/24/2024 17:30,4.447
3/24/2024 17:45,4.059
3/24/2024 18:00,3.627
3/24/2024 18:15,3.101
3/24/2024 18:30,2.577
3/24/2024 18:45,2.049
3/24/2024 19:00,1.619
3/24/2024 19:15,1.277
3/24/2024 19:30,0.991
3/24/2024 19:45,0.755
3/24/2024 20:00,0.546
3/24/2024 20:15,0.298
3/24/2024 20:30,0.05
3/24/2024 20:45,-0.224
3/24/2024 21:00,-0.461
3/24/2024 21:15,-0.693
3/24/2024 21:30,-0.833
3/24/2024 21:45,-0.614
3/24/2024 22:00,-0.534
3/24/2024 22:15,-0.645
3/24/2024 22:30,-0.798
3/24/2024 22:45,-1.176
3/24/2024 23:00,-1.622
3/24/2024 23:15,-1.999
3/24/2024 23:30,-2.082
3/24/2024 23:45,-1.992
3/25/2024 0:00,-1.85
3/25/2024 0:15,-1.733
3/25/2024 0:30,-1.704
3/25/2024 0:45,-1.765
3/25/2024 1:00,-1.994
3/25/2024 1:15,-2.317
3/25/2024 1:30,-2.513
3/25/2024 1:45,-2.574
3/25/2024 2:00,-2.66
3/25/2024 2:15,-2.614
3/25/2024 2:30,-2.683
3/25/2024 2:45,-2.855
3/25/2024 3:00,-2.968
3/25/2024 3:15,-2.99
3/25/2024 3:30,-2.965
3/25/2024 3:45,-2.825
3/25/2024 4:00,-2.398
3/25/2024 4:15,-1.869
3/25/2024 4:30,-1.514
3/25/2024 4:45,-1.239
3/25/2024 5:00,-1.006
3/25/2024 5:15,-0.829
3/25/2024 5:30,-0.662
3/25/2024 5:45,-0.565
3/25/2024 6:00,-0.595
3/25/2024 6:15,-0.586
3/25/2024 6:30,-0.131
3/25/2024 6:45,-0.046
3/25/2024 7:00,0.089
3/25/2024 7:15,0.117
3/25/2024 7:30,0.206
3/25/2024 7:45,0.473
3/25/2024 8:00,1.14
3/25/2024 8:15,1.656
3/25/2024 8:30,1.904
3/25/2024 8:45,2.484
3/25/2024 9:00,3.299
3/25/2024 9:15,4.862
3/25/2024 9:30,5.103
3/25/2024 9:45,5.668
3/25/2024 10:00,7.348
3/25/2024 10:15,6.864
3/25/2024 10:30,6.245
3/25/2024 10:45,6.005
3/25/2024 11:00,6.134
3/25/2024 11:15,6.492
3/25/2024 11:30,7.468
3/25/2024 11:45,8.44
3/25/2024 12:00,8.82
3/25/2024 12:15,10.46
3/25/2024 12:30,10.58
3/25/2024 12:45,10.27
3/25/2024 13:00,9.15
3/25/2024 13:15,8.82
3/25/2024 13:30,9.78
3/25/2024 13:45,10.66
3/25/2024 14:00,11.34
3/25/2024 14:15,11.44
3/25/2024 14:30,11.33
3/25/2024 14:45,11.01
3/25/2024 15:00,10.88
3/25/2024 15:15,10.72
3/25/2024 15:30,10.35
3/25/2024 15:45,9.79
3/25/2024 16:00,9.36
3/25/2024 16:15,9
3/25/2024 16:30,8.6
3/25/2024 16:45,8.24
3/25/2024 17:00,7.891
3/25/2024 17:15,7.577
3/25/2024 17:30,7.32
3/25/2024 17:45,7.034
3/25/2024 18:00,6.667
3/25/2024 18:15,6.186
3/25/2024 18:30,5.524
3/25/2024 18:45,4.747
3/25/2024 19:00,4.278
3/25/2024 19:15,3.902
3/25/2024 19:30,3.523
3/25/2024 19:45,2.906
3/25/2024 20:00,2.322
3/25/2024 20:15,1.795
3/25/2024 20:30,1.323
3/25/2024 20:45,0.881
3/25/2024 21:00,0.535
3/25/2024 21:15,0.475
3/25/2024 21:30,0.738
3/25/2024 21:45,0.941
3/25/2024 22:00,1.077
3/25/2024 22:15,1.143
3/25/2024 22:30,1.205
3/25/2024 22:45,1.285
3/25/2024 23:00,1.358
3/25/2024 23:15,1.488
3/25/2024 23:30,1.652
3/25/2024 23:45,1.727
3/26/2024 0:00,1.759
3/26/2024 0:15,1.88
3/26/2024 0:30,1.943
3/26/2024 0:45,1.969
3/26/2024 1:00,1.994
3/26/2024 1:15,1.968
3/26/2024 1:30,1.858
3/26/2024 1:45,1.823
3/26/2024 2:00,1.643
3/26/2024 2:15,1.434
3/26/2024 2:30,1.267
3/26/2024 2:45,1.092
3/26/2024 3:00,0.96
3/26/2024 3:15,0.947
3/26/2024 3:30,0.915
3/26/2024 3:45,0.876
3/26/2024 4:00,0.875
3/26/2024 4:15,0.954
3/26/2024 4:30,1.054
3/26/2024 4:45,1.16
3/26/2024 5:00,1.377
3/26/2024 5:15,1.532
3/26/2024 5:30,1.65
3/26/2024 5:45,1.694
3/26/2024 6:00,1.761
3/26/2024 6:15,1.888
3/26/2024 6:30,2.138
3/26/2024 6:45,2.467
3/26/2024 7:00,2.757
3/26/2024 7:15,3.183
3/26/2024 7:30,3.715
3/26/2024 7:45,4.181
3/26/2024 8:00,4.613
3/26/2024 8:15,4.919
3/26/2024 8:30,5.144
3/26/2024 8:45,5.454
3/26/2024 9:00,5.729
3/26/2024 9:15,6.173
3/26/2024 9:30,6.558
3/26/2024 9:45,8.15
3/26/2024 10:00,9.95
3/26/2024 10:15,11.43
3/26/2024 10:30,13.79
3/26/2024 10:45,14.59
3/26/2024 11:00,14.48
3/26/2024 11:15,15.28
3/26/2024 11:30,14.45
3/26/2024 11:45,13.39
3/26/2024 12:00,13.14
3/26/2024 12:15,14.07
3/26/2024 12:30,14.89
3/26/2024 12:45,14.62
3/26/2024 13:00,13.87
3/26/2024 13:15,13.3
3/26/2024 13:30,11.87
3/26/2024 13:45,11.03
3/26/2024 14:00,11.23
3/26/2024 14:15,12.01
3/26/2024 14:30,12.58
3/26/2024 14:45,13.26
3/26/2024 15:00,13.59
3/26/2024 15:15,13.46
3/26/2024 15:30,13.19
3/26/2024 15:45,13.06
3/26/2024 16:00,12.84
3/26/2024 16:15,12.4
3/26/2024 16:30,11.71
3/26/2024 16:45,11.33
3/26/2024 17:00,10.77
3/26/2024 17:15,10.08
3/26/2024 17:30,9.46
3/26/2024 17:45,8.69
3/26/2024 18:00,7.868
3/26/2024 18:15,7.113
3/26/2024 18:30,6.41
3/26/2024 18:45,5.571
3/26/2024 19:00,4.628
3/26/2024 19:15,3.882
3/26/2024 19:30,3.226
3/26/2024 19:45,2.94
3/26/2024 20:00,2.807
3/26/2024 20:15,2.603
3/26/2024 20:30,2.466
3/26/2024 20:45,2.373
3/26/2024 21:00,2.284
3/26/2024 21:15,2.22
3/26/2024 21:30,2.285
3/26/2024 21:45,2.328
3/26/2024 22:00,2.32
3/26/2024 22:15,2.234
3/26/2024 22:30,2.159
3/26/2024 22:45,2.167
3/26/2024 23:00,2.187
3/26/2024 23:15,2.076
3/26/2024 23:30,1.81
3/26/2024 23:45,1.504
3/27/2024 0:00,1.206
3/27/2024 0:15,1.004
3/27/2024 0:30,0.748
3/27/2024 0:45,0.512
3/27/2024 1:00,0.387
3/27/2024 1:15,0.34
3/27/2024 1:30,0.268
3/27/2024 1:45,0.269
3/27/2024 2:00,0.306
3/27/2024 2:15,0.302
3/27/2024 2:30,0.33
3/27/2024 2:45,0.315
3/27/2024 3:00,0.275
3/27/2024 3:15,0.165
3/27/2024 3:30,0.054
3/27/2024 3:45,0.01
3/27/2024 4:00,-0.002
3/27/2024 4:15,-0.07
3/27/2024 4:30,-0.106
3/27/2024 4:45,-0.101
3/27/2024 5:00,-0.05
3/27/2024 5:15,-0.011
3/27/2024 5:30,0.094
3/27/2024 5:45,0.221
3/27/2024 6:00,0.381
3/27/2024 6:15,0.623
3/27/2024 6:30,0.911
3/27/2024 6:45,1.219
3/27/2024 7:00,1.651
3/27/2024 7:15,2.767
3/27/2024 7:30,3.718
3/27/2024 7:45,4.57
3/27/2024 8:00,5.312
3/27/2024 8:15,5.831
3/27/2024 8:30,6.026
3/27/2024 8:45,5.596
3/27/2024 9:00,5.134
3/27/2024 9:15,5.087
3/27/2024 9:30,5.345
3/27/2024 9:45,5.651
3/27/2024 10:00,6.178
3/27/2024 10:15,6.753
3/27/2024 10:30,7.154
3/27/2024 10:45,7.392
3/27/2024 11:00,7.319
3/27/2024 11:15,7.168
3/27/2024 11:30,6.979
3/27/2024 11:45,6.784
3/27/2024 12:00,6.608
3/27/2024 12:15,6.639
3/27/2024 12:30,6.938
3/27/2024 12:45,6.983
3/27/2024 13:00,7.18
3/27/2024 13:15,7.154
3/27/2024 13:30,7.026
3/27/2024 13:45,6.917
3/27/2024 14:00,6.856
3/27/2024 14:15,6.737
3/27/2024 14:30,6.601
3/27/2024 14:45,6.615
3/27/2024 15:00,7.047
3/27/2024 15:15,7.578
3/27/2024 15:30,7.651
3/27/2024 15:45,7.445
3/27/2024 16:00,7.211
3/27/2024 16:15,7.03
3/27/2024 16:30,6.92
3/27/2024 16:45,6.72
3/27/2024 17:00,6.444
3/27/2024 17:15,6.197
3/27/2024 17:30,6.01
3/27/2024 17:45,5.834
3/27/2024 18:00,5.746
3/27/2024 18:15,5.709
3/27/2024 18:30,5.406
3/27/2024 18:45,5.281
3/27/2024 19:00,5.159
3/27/2024 19:15,5.034
3/27/2024 19:30,4.94
3/27/2024 19:45,4.864
3/27/2024 20:00,4.741
3/27/2024 20:15,4.654
3/27/2024 20:30,4.521
3/27/2024 20:45,4.336
3/27/2024 21:00,4.116
3/27/2024 21:15,3.895
3/27/2024 21:30,3.691
3/27/2024 21:45,3.336
3/27/2024 22:00,2.965
3/27/2024 22:15,2.504
3/27/2024 22:30,1.958
3/27/2024 22:45,1.535
3/27/2024 23:00,1.315
3/27/2024 23:15,1.243
3/27/2024 23:30,1.151
3/27/2024 23:45,1.128
3/28/2024 0:00,1.222
3/28/2024 0:15,1.317
3/28/2024 0:30,1.354
3/28/2024 0:45,1.456
3/28/2024 1:00,1.589
3/28/2024 1:15,1.617
3/28/2024 1:30,1.668
3/28/2024 1:45,1.737
3/28/2024 2:00,1.771
3/28/2024 2:15,1.807
3/28/2024 2:30,1.884
3/28/2024 2:45,1.941
3/28/2024 3:00,1.95
3/28/2024 3:15,1.934
3/28/2024 3:30,1.924
3/28/2024 3:45,1.929
3/28/2024 4:00,1.856
3/28/2024 4:15,1.804
3/28/2024 4:30,1.731
3/28/2024 4:45,1.628
3/28/2024 5:00,1.484
3/28/2024 5:15,1.315
3/28/2024 5:30,1.093
3/28/2024 5:45,0.94
3/28/2024 6:00,0.911
3/28/2024 6:15,0.911
3/28/2024 6:30,0.957
3/28/2024 6:45,1.136
3/28/2024 7:00,1.515
3/28/2024 7:15,2.384
3/28/2024 7:30,3.176
3/28/2024 7:45,3.749
3/28/2024 8:00,4.103
3/28/2024 8:15,4.683
3/28/2024 8:30,5.522
3/28/2024 8:45,6.432
3/28/2024 9:00,7.408
3/28/2024 9:15,8.63
3/28/2024 9:30,10.55
3/28/2024 9:45,11.92
3/28/2024 10:00,14.43
3/28/2024 10:15,17.06
3/28/2024 10:30,19.1
3/28/2024 10:45,20.12
3/28/2024 11:00,21.83
3/28/2024 11:15,20.36
3/28/2024 11:30,19.53
3/28/2024 11:45,18.11
3/28/2024 12:00,16.49
3/28/2024 12:15,14.47
3/28/2024 12:30,12.99
3/28/2024 12:45,13.51
3/28/2024 13:00,13.69
3/28/2024 13:15,13.85
3/28/2024 13:30,14.26
3/28/2024 13:45,14.42
3/28/2024 14:00,13.84
3/28/2024 14:15,12.09
3/28/2024 14:30,10.86
3/28/2024 14:45,10.31
3/28/2024 15:00,10.04
3/28/2024 15:15,10.12
3/28/2024 15:30,10.86
3/28/2024 15:45,11.5
3/28/2024 16:00,11.87
3/28/2024 16:15,11.76
3/28/2024 16:30,11.15
3/28/2024 16:45,10.33
3/28/2024 17:00,9.62
3/28/2024 17:15,8.54
3/28/2024 17:30,7.224
3/28/2024 17:45,6.264
3/28/2024 18:00,5.73
3/28/2024 18:15,5.225
3/28/2024 18:30,4.753
3/28/2024 18:45,4.2
3/28/2024 19:00,3.613
3/28/2024 19:15,3.098
3/28/2024 19:30,2.755
3/28/2024 19:45,2.508
3/28/2024 20:00,2.257
3/28/2024 20:15,2.048
3/28/2024 20:30,1.866
3/28/2024 20:45,1.699
3/28/2024 21:00,1.502
3/28/2024 21:15,1.359
3/28/2024 21:30,1.308
3/28/2024 21:45,1.29
3/28/2024 22:00,1.359
3/28/2024 22:15,1.479
3/28/2024 22:30,1.515
3/28/2024 22:45,1.589
3/28/2024 23:00,1.755
3/28/2024 23:15,1.943
3/28/2024 23:30,2.143
3/28/2024 23:45,2.299
3/29/2024 0:00,2.286
3/29/2024 0:15,2.217
3/29/2024 0:30,2.105
3/29/2024 0:45,1.992
3/29/2024 1:00,1.803
3/29/2024 1:15,1.605
3/29/2024 1:30,1.414
3/29/2024 1:45,1.284
3/29/2024 2:00,1.246
3/29/2024 2:15,1.27
3/29/2024 2:30,1.295
3/29/2024 2:45,1.34
3/29/2024 3:00,1.347
3/29/2024 3:15,1.299
3/29/2024 3:30,1.263
3/29/2024 3:45,1.226
3/29/2024 4:00,1.168
3/29/2024 4:15,1.081
3/29/2024 4:30,0.975
3/29/2024 4:45,0.864
3/29/2024 5:00,0.779
3/29/2024 5:15,0.754
3/29/2024 5:30,0.763
3/29/2024 5:45,0.787
3/29/2024 6:00,0.823
3/29/2024 6:15,0.929
3/29/2024 6:30,1.11
3/29/2024 6:45,1.308
3/29/2024 7:00,1.651
3/29/2024 7:15,2.1
3/29/2024 7:30,3.078
3/29/2024 7:45,4.658
3/29/2024 8:00,6.291
3/29/2024 8:15,6.771
3/29/2024 8:30,7.071
3/29/2024 8:45,8.23
3/29/2024 9:00,9.45
3/29/2024 9:15,10.54
3/29/2024 9:30,12.72
3/29/2024 9:45,15.39
3/29/2024 10:00,17.98
3/29/2024 10:15,20.87
3/29/2024 10:30,22.79
3/29/2024 10:45,20.58
3/29/2024 11:00,19.08
3/29/2024 11:15,18.85
3/29/2024 11:30,18.47
3/29/2024 11:45,18.77
3/29/2024 12:00,17.6
3/29/2024 12:15,17.36
3/29/2024 12:30,17.62
3/29/2024 12:45,17.94
3/29/2024 13:00,17.79
3/29/2024 13:15,17.42
3/29/2024 13:30,17.11
3/29/2024 13:45,16.04
3/29/2024 14:00,15.42
3/29/2024 14:15,14.48
3/29/2024 14:30,13.6
3/29/2024 14:45,12.89
3/29/2024 15:00,12.28
3/29/2024 15:15,11.93
3/29/2024 15:30,11.63
3/29/2024 15:45,11.21
3/29/2024 16:00,10.77
3/29/2024 16:15,10.53
3/29/2024 16:30,10.64
3/29/2024 16:45,10.8
3/29/2024 17:00,10.84
3/29/2024 17:15,10.68
3/29/2024 17:30,10.27
3/29/2024 17:45,9.55
3/29/2024 18:00,8.66
3/29/2024 18:15,7.671
3/29/2024 18:30,6.786
3/29/2024 18:45,5.988
3/29/2024 19:00,5.283
3/29/2024 19:15,4.517
3/29/2024 19:30,3.735
3/29/2024 19:45,3.081
3/29/2024 20:00,2.511
3/29/2024 20:15,1.955
3/29/2024 20:30,1.469
3/29/2024 20:45,0.981
3/29/2024 21:00,0.603
3/29/2024 21:15,0.284
3/29/2024 21:30,-0.011
3/29/2024 21:45,-0.351
3/29/2024 22:00,-0.661
3/29/2024 22:15,-0.936
3/29/2024 22:30,-1.215
3/29/2024 22:45,-1.525
3/29/2024 23:00,-1.718
3/29/2024 23:15,-1.818
3/29/2024 23:30,-1.996
3/29/2024 23:45,-2.217
3/30/2024 0:00,-0.927
3/30/2024 0:15,-1.047
3/30/2024 0:30,-1.253
3/30/2024 0:45,-1.423
3/30/2024 1:00,-1.664
3/30/2024 1:15,-1.908
3/30/2024 1:30,-2.349
3/30/2024 1:45,-2.628
3/30/2024 2:00,-2.762
3/30/2024 2:15,-2.888
3/30/2024 2:30,-2.994
3/30/2024 2:45,-3.046
3/30/2024 3:00,-3.194
3/30/2024 3:15,-3.386
3/30/2024 3:30,-3.51
3/30/2024 3:45,-3.589
3/30/2024 4:00,-3.708
3/30/2024 4:15,-3.791
3/30/2024 4:30,-3.875
3/30/2024 4:45,-4.01
3/30/2024 5:00,-4.138
3/30/2024 5:15,-4.163
3/30/2024 5:30,-4.235
3/30/2024 5:45,-4.327
3/30/2024 6:00,-4.126
3/30/2024 6:15,-3.008
3/30/2024 6:30,-1.33
3/30/2024 6:45,0.066
3/30/2024 7:00,0.898
3/30/2024 7:15,2.13
3/30/2024 7:30,3.532
3/30/2024 7:45,5.686
3/30/2024 8:00,7.542
3/30/2024 8:15,8.94
3/30/2024 8:30,10.24
3/30/2024 8:45,11.41
3/30/2024 9:00,12.41
3/30/2024 9:15,13.59
3/30/2024 9:30,15.93
3/30/2024 9:45,18.55
3/30/2024 10:00,20.9
3/30/2024 10:15,23.93
3/30/2024 10:30,26.3
3/30/2024 10:45,27.69
3/30/2024 11:00,27.89
3/30/2024 11:15,27.17
3/30/2024 11:30,26.47
3/30/2024 11:45,24.23
3/30/2024 12:00,22.75
3/30/2024 12:15,20.7
3/30/2024 12:30,19.82
3/30/2024 12:45,19.58
3/30/2024 13:00,19.66
3/30/2024 13:15,19.83
3/30/2024 13:30,18.23
3/30/2024 13:45,17.44
3/30/2024 14:00,16.26
3/30/2024 14:15,15.63
3/30/2024 14:30,15.64
3/30/2024 14:45,15.82
3/30/2024 15:00,16.23
3/30/2024 15:15,16.08
3/30/2024 15:30,15.95
3/30/2024 15:45,15.61
3/30/2024 16:00,15.47
3/30/2024 16:15,15.27
3/30/2024 16:30,14.91
3/30/2024 16:45,14.6
3/30/2024 17:00,14.28
3/30/2024 17:15,13.57
3/30/2024 17:30,12.34
3/30/2024 17:45,10.97
3/30/2024 18:00,9.66
3/30/2024 18:15,8.41
3/30/2024 18:30,7.229
3/30/2024 18:45,6.273
3/30/2024 19:00,5.477
3/30/2024 19:15,4.843
3/30/2024 19:30,4.257
3/30/2024 19:45,3.695
3/30/2024 20:00,3.241
3/30/2024 20:15,2.887
3/30/2024 20:30,2.587
3/30/2024 20:45,2.347
3/30/2024 21:00,2.165
3/30/2024 21:15,1.982
3/30/2024 21:30,1.772
3/30/2024 21:45,1.557
3/30/2024 22:00,1.361
3/30/2024 22:15,1.142
3/30/2024 22:30,0.896
3/30/2024 22:45,0.681
3/30/2024 23:00,0.505
3/30/2024 23:15,0.295
3/30/2024 23:30,0.095
3/30/2024 23:45,-0.129
3/31/2024 0:00,-0.254
3/31/2024 0:15,-0.306
3/31/2024 0:30,-0.27
3/31/2024 0:45,-0.207
3/31/2024 1:00,-0.128
3/31/2024 1:15,-0.018
3/31/2024 1:30,0.04
3/31/2024 1:45,0.03
3/31/2024 2:00,-0.069
3/31/2024 2:15,-0.231
3/31/2024 2:30,-0.474
3/31/2024 2:45,-0.653
3/31/2024 3:00,-0.803
3/31/2024 3:15,-0.98
3/31/2024 3:30,-1.156
3/31/2024 3:45,-1.363
3/31/2024 4:00,-1.608
3/31/2024 4:15,-1.826
3/31/2024 4:30,-1.992
3/31/2024 4:45,-2.107
3/31/2024 5:00,-2.167
3/31/2024 5:15,-2.258
3/31/2024 5:30,-1.165
3/31/2024 5:45,-1.455
3/31/2024 6:00,-1.457
3/31/2024 6:15,-0.811
3/31/2024 6:30,-0.029
3/31/2024 6:45,0.771
3/31/2024 7:00,2.233
3/31/2024 7:15,4.006
3/31/2024 7:30,6.015
3/31/2024 7:45,7.416
3/31/2024 8:00,8.48
3/31/2024 8:15,9.36
3/31/2024 8:30,10.27
3/31/2024 8:45,11.2
3/31/2024 9:00,12.15
3/31/2024 9:15,13.44
3/31/2024 9:30,15.81
3/31/2024 9:45,18.29
3/31/2024 10:00,20.53
3/31/2024 10:15,23.51
3/31/2024 10:30,25.95
3/31/2024 10:45,27.12
3/31/2024 11:00,27.42
3/31/2024 11:15,26.52
3/31/2024 11:30,24.12
3/31/2024 11:45,22.98
3/31/2024 12:00,21.38
3/31/2024 12:15,19.66
3/31/2024 12:30,19.47
3/31/2024 12:45,17.7
3/31/2024 13:00,16.49
3/31/2024 13:15,16.93
3/31/2024 13:30,17.59
3/31/2024 13:45,18.14
3/31/2024 14:00,17.38
3/31/2024 14:15,16.31
3/31/2024 14:30,16.47
3/31/2024 14:45,16.86
3/31/2024 15:00,16.99
3/31/2024 15:15,16.98
3/31/2024 15:30,17.04
3/31/2024 15:45,16.95
3/31/2024 16:00,16.83
3/31/2024 16:15,16.57
3/31/2024 16:30,16.03
3/31/2024 16:45,15.35
3/31/2024 17:00,14.6
3/31/2024 17:15,13.88
3/31/2024 17:30,13.14
3/31/2024 17:45,11.87
3/31/2024 18:00,10.56
3/31/2024 18:15,9.39
3/31/2024 18:30,8.29
3/31/2024 18:45,7.018
3/31/2024 19:00,5.931
3/31/2024 19:15,5.134
3/31/2024 19:30,4.308
3/31/2024 19:45,3.503
3/31/2024 20:00,2.841
3/31/2024 20:15,2.226
3/31/2024 20:30,1.623
3/31/2024 20:45,1.1
3/31/2024 21:00,0.638
3/31/2024 21:15,0.321
3/31/2024 21:30,0.096
3/31/2024 21:45,-0.146
3/31/2024 22:00,-0.404
3/31/2024 22:15,-0.687
3/31/2024 22:30,-0.927
3/31/2024 22:45,-1.14
3/31/2024 23:00,-1.266
3/31/2024 23:15,-1.365
3/31/2024 23:30,-1.508
3/31/2024 23:45,-1.7
4/1/2024 0:00,-1.912
4/1/2024 0:15,-2.094
4/1/2024 0:30,-2.227
4/1/2024 0:45,-2.355
4/1/2024 1:00,-2.486
4/1/2024 1:15,-2.61
4/1/2024 1:30,-2.76
4/1/2024 1:45,-2.95
4/1/2024 2:00,-3.077
4/1/2024 2:15,-2.044
4/1/2024 2:30,-2.511
4/1/2024 2:45,-3.072
4/1/2024 3:00,-3.346
4/1/2024 3:15,-3.448
4/1/2024 3:30,-3.427
4/1/2024 3:45,-3.39
4/1/2024 4:00,-3.362
4/1/2024 4:15,-3.342
4/1/2024 4:30,-3.322
4/1/2024 4:45,-3.351
4/1/2024 5:00,-3.365
4/1/2024 5:15,-3.376
4/1/2024 5:30,-3.393
4/1/2024 5:45,-3.326
4/1/2024 6:00,-2.699
4/1/2024 6:15,-1.517
4/1/2024 6:30,-0.115
4/1/2024 6:45,1.126
4/1/2024 7:00,2.798
4/1/2024 7:15,4.551
4/1/2024 7:30,6.707
4/1/2024 7:45,8.36
4/1/2024 8:00,9.73
4/1/2024 8:15,11.04
4/1/2024 8:30,12.1
4/1/2024 8:45,13.05
4/1/2024 9:00,14.24
4/1/2024 9:15,15.83
4/1/2024 9:30,18.33
4/1/2024 9:45,21.06
4/1/2024 10:00,23.23
4/1/2024 10:15,26.11
4/1/2024 10:30,28.4
4/1/2024 10:45,29.44
4/1/2024 11:00,29.54
4/1/2024 11:15,28.9
4/1/2024 11:30,27.86
4/1/2024 11:45,25.53
4/1/2024 12:00,23.77
4/1/2024 12:15,22.46
4/1/2024 12:30,21.56
4/1/2024 12:45,21.02
4/1/2024 13:00,20.73
4/1/2024 13:15,20.62
4/1/2024 13:30,20.57
4/1/2024 13:45,20.5
4/1/2024 14:00,20.35
4/1/2024 14:15,20.15
4/1/2024 14:30,19.91
4/1/2024 14:45,19.56
4/1/2024 15:00,19.28
4/1/2024 15:15,19.07
4/1/2024 15:30,18.7
4/1/2024 15:45,18.35
4/1/2024 16:00,18.08
4/1/2024 16:15,17.85
4/1/2024 16:30,17.69
4/1/2024 16:45,17.36
4/1/2024 17:00,17.21
4/1/2024 17:15,17.11
4/1/2024 17:30,16.72
4/1/2024 17:45,15.74
4/1/2024 18:00,14.51
4/1/2024 18:15,13.32
4/1/2024 18:30,12.02
4/1/2024 18:45,10.72
4/1/2024 19:00,9.61
4/1/2024 19:15,8.43
4/1/2024 19:30,7.493
4/1/2024 19:45,6.779
4/1/2024 20:00,6.187
4/1/2024 20:15,5.613
4/1/2024 20:30,4.983
4/1/2024 20:45,4.419
4/1/2024 21:00,4.022
4/1/2024 21:15,3.653
4/1/2024 21:30,3.312
4/1/2024 21:45,3.023
4/1/2024 22:00,2.796
4/1/2024 22:15,2.592
4/1/2024 22:30,2.366
4/1/2024 22:45,2.116
4/1/2024 23:00,1.855
4/1/2024 23:15,1.632
4/1/2024 23:30,1.382
4/1/2024 23:45,1.213
4/2/2024 0:00,1.039
4/2/2024 0:15,0.988
4/2/2024 0:30,1.06
4/2/2024 0:45,1.273
4/2/2024 1:00,1.779
4/2/2024 1:15,2.293
4/2/2024 1:30,2.654
4/2/2024 1:45,2.93
4/2/2024 2:00,3.124
4/2/2024 2:15,3.225
4/2/2024 2:30,3.412
4/2/2024 2:45,3.601
4/2/2024 3:00,3.815
4/2/2024 3:15,3.974
4/2/2024 3:30,3.874
4/2/2024 3:45,3.655
4/2/2024 4:00,3.648
4/2/2024 4:15,3.711
4/2/2024 4:30,3.733
4/2/2024 4:45,3.77
4/2/2024 5:00,3.841
4/2/2024 5:15,3.935
4/2/2024 5:30,4.151
4/2/2024 5:45,4.304
4/2/2024 6:00,4.962
4/2/2024 6:15,6.204
4/2/2024 6:30,7.564
4/2/2024 6:45,8.85
4/2/2024 7:00,9.99
4/2/2024 7:15,10.93
4/2/2024 7:30,11.66
4/2/2024 7:45,12.39
4/2/2024 8:00,13.24
4/2/2024 8:15,13.99
4/2/2024 8:30,14.76
4/2/2024 8:45,15.56
4/2/2024 9:00,16.54
4/2/2024 9:15,17.93
4/2/2024 9:30,20.47
4/2/2024 9:45,22.94
4/2/2024 10:00,25.07
4/2/2024 10:15,27.71
4/2/2024 10:30,29.88
4/2/2024 10:45,30.9
4/2/2024 11:00,31.31
4/2/2024 11:15,30.92
4/2/2024 11:30,30.42
4/2/2024 11:45,28.48
4/2/2024 12:00,26.94
4/2/2024 12:15,26.27
4/2/2024 12:30,25.63
4/2/2024 12:45,25.07
4/2/2024 13:00,25.34
4/2/2024 13:15,25.82
4/2/2024 13:30,26.07
4/2/2024 13:45,26.29
4/2/2024 14:00,25.85
4/2/2024 14:15,25.63
4/2/2024 14:30,24.95
4/2/2024 14:45,24.82
4/2/2024 15:00,24.88
4/2/2024 15:15,24.48
4/2/2024 15:30,24.39
4/2/2024 15:45,24.45
4/2/2024 16:00,24.29
4/2/2024 16:15,23.95
4/2/2024 16:30,23.32
4/2/2024 16:45,22.47
4/2/2024 17:00,21.68
4/2/2024 17:15,21.12
4/2/2024 17:30,20.44
4/2/2024 17:45,19.27
4/2/2024 18:00,17.99
4/2/2024 18:15,16.78
4/2/2024 18:30,15.79
4/2/2024 18:45,14.85
4/2/2024 19:00,13.83
4/2/2024 19:15,12.86
4/2/2024 19:30,12.01
4/2/2024 19:45,11.36
4/2/2024 20:00,11
4/2/2024 20:15,10.69
4/2/2024 20:30,10.34
4/2/2024 20:45,10.18
4/2/2024 21:00,10.03
4/2/2024 21:15,9.88
4/2/2024 21:30,9.77
4/2/2024 21:45,9.66
4/2/2024 22:00,9.66
4/2/2024 22:15,9.63
4/2/2024 22:30,9.57
4/2/2024 22:45,9.6
4/2/2024 23:00,9.6
4/2/2024 23:15,9.45
4/2/2024 23:30,9.24
4/2/2024 23:45,9.09
4/3/2024 0:00,9.15
4/3/2024 0:15,9.47
4/3/2024 0:30,9.93
4/3/2024 0:45,10.25
4/3/2024 1:00,10.5
4/3/2024 1:15,10.63
4/3/2024 1:30,10.68
4/3/2024 1:45,10.67
4/3/2024 2:00,10.64
4/3/2024 2:15,10.76
4/3/2024 2:30,10.89
4/3/2024 2:45,10.96
4/3/2024 3:00,10.97
4/3/2024 3:15,10.95
4/3/2024 3:30,10.87
4/3/2024 3:45,10.7
4/3/2024 4:00,10.45
4/3/2024 4:15,10.08
4/3/2024 4:30,9.58
4/3/2024 4:45,9.13
4/3/2024 5:00,8.79
4/3/2024 5:15,8.46
4/3/2024 5:30,8.11
4/3/2024 5:45,7.759
4/3/2024 6:00,7.592
4/3/2024 6:15,7.579
4/3/2024 6:30,7.622
4/3/2024 6:45,7.673
4/3/2024 7:00,7.697
4/3/2024 7:15,7.697
4/3/2024 7:30,7.703
4/3/2024 7:45,7.793
4/3/2024 8:00,7.91
4/3/2024 8:15,8.04
4/3/2024 8:30,8.15
4/3/2024 8:45,8.29
4/3/2024 9:00,8.46
4/3/2024 9:15,8.64
4/3/2024 9:30,8.77
4/3/2024 9:45,8.86
4/3/2024 10:00,8.87
4/3/2024 10:15,8.74
4/3/2024 10:30,8.72
4/3/2024 10:45,8.82
4/3/2024 11:00,8.89
4/3/2024 11:15,8.94
4/3/2024 11:30,8.84
4/3/2024 11:45,8.66
4/3/2024 12:00,8.5
4/3/2024 12:15,8.5
4/3/2024 12:30,8.42
4/3/2024 12:45,8.41
4/3/2024 13:00,8.39
4/3/2024 13:15,8.3
4/3/2024 13:30,8.21
4/3/2024 13:45,8.24
4/3/2024 14:00,8.33
4/3/2024 14:15,8.41
4/3/2024 14:30,8.44
4/3/2024 14:45,8.36
4/3/2024 15:00,8.19
4/3/2024 15:15,7.861
4/3/2024 15:30,7.552
4/3/2024 15:45,7.426
4/3/2024 16:00,7.327
4/3/2024 16:15,7.174
4/3/2024 16:30,6.947
4/3/2024 16:45,6.689
4/3/2024 17:00,6.337
4/3/2024 17:15,6.013
4/3/2024 17:30,5.756
4/3/2024 17:45,5.54
4/3/2024 18:00,5.331
4/3/2024 18:15,5.143
4/3/2024 18:30,4.95
4/3/2024 18:45,4.771
4/3/2024 19:00,4.619
4/3/2024 19:15,4.452
4/3/2024 19:30,4.318
4/3/2024 19:45,4.258
4/3/2024 20:00,4.251
4/3/2024 20:15,4.279
4/3/2024 20:30,4.301
4/3/2024 20:45,4.294
4/3/2024 21:00,4.28
4/3/2024 21:15,4.268
4/3/2024 21:30,4.252
4/3/2024 21:45,4.212
4/3/2024 22:00,4.176
4/3/2024 22:15,4.221
4/3/2024 22:30,4.227
4/3/2024 22:45,4.214
4/3/2024 23:00,4.208
4/3/2024 23:15,4.211
4/3/2024 23:30,4.21
4/3/2024 23:45,4.199
4/4/2024 0:00,4.143
4/4/2024 0:15,4.027
4/4/2024 0:30,3.893
4/4/2024 0:45,3.806
4/4/2024 1:00,3.8
4/4/2024 1:15,3.853
4/4/2024 1:30,3.874
4/4/2024 1:45,3.836
4/4/2024 2:00,3.785
4/4/2024 2:15,3.763
4/4/2024 2:30,3.773
4/4/2024 2:45,3.734
4/4/2024 3:00,3.687
4/4/2024 3:15,3.628
4/4/2024 3:30,3.575
4/4/2024 3:45,3.51
4/4/2024 4:00,3.412
4/4/2024 4:15,3.329
4/4/2024 4:30,3.204
4/4/2024 4:45,3.079
4/4/2024 5:00,2.968
4/4/2024 5:15,2.943
4/4/2024 5:30,2.986
4/4/2024 5:45,3.077
4/4/2024 6:00,3.195
4/4/2024 6:15,3.495
4/4/2024 6:30,3.843
4/4/2024 6:45,4.271
4/4/2024 7:00,4.902
4/4/2024 7:15,5.865
4/4/2024 7:30,7.257
4/4/2024 7:45,8.23
4/4/2024 8:00,8.64
4/4/2024 8:15,8.76
4/4/2024 8:30,8.82
4/4/2024 8:45,9.01
4/4/2024 9:00,9.02
4/4/2024 9:15,8.78
4/4/2024 9:30,8.59
4/4/2024 9:45,8.5
4/4/2024 10:00,9.02
4/4/2024 10:15,9.64
4/4/2024 10:30,10
4/4/2024 10:45,10.29
4/4/2024 11:00,10.33
4/4/2024 11:15,10.28
4/4/2024 11:30,10.35
4/4/2024 11:45,10.52
4/4/2024 12:00,10.78
4/4/2024 12:15,11.13
4/4/2024 12:30,11.4
4/4/2024 12:45,11.73
4/4/2024 13:00,11.63
4/4/2024 13:15,11.38
4/4/2024 13:30,11.07
4/4/2024 13:45,10.38
4/4/2024 14:00,9.5
4/4/2024 14:15,8.68
4/4/2024 14:30,7.86
4/4/2024 14:45,7.131
4/4/2024 15:00,6.55
4/4/2024 15:15,6.066
4/4/2024 15:30,5.615
4/4/2024 15:45,5.196
4/4/2024 16:00,4.818
4/4/2024 16:15,4.45
4/4/2024 16:30,4.086
4/4/2024 16:45,3.828
4/4/2024 17:00,3.688
4/4/2024 17:15,3.58
4/4/2024 17:30,3.457
4/4/2024 17:45,3.325
4/4/2024 18:00,3.219
4/4/2024 18:15,3.128
4/4/2024 18:30,3.062
4/4/2024 18:45,3.024
4/4/2024 19:00,3.018
4/4/2024 19:15,3.019
4/4/2024 19:30,3.033
4/4/2024 19:45,3.02
4/4/2024 20:00,2.975
4/4/2024 20:15,2.908
4/4/2024 20:30,2.845
4/4/2024 20:45,2.772
4/4/2024 21:00,2.722
4/4/2024 21:15,2.657
4/4/2024 21:30,2.613
4/4/2024 21:45,2.577
4/4/2024 22:00,2.519
4/4/2024 22:15,2.419
4/4/2024 22:30,2.31
4/4/2024 22:45,2.244
4/4/2024 23:00,2.196
4/4/2024 23:15,2.138
4/4/2024 23:30,2.018
4/4/2024 23:45,1.844
4/5/2024 0:00,1.706
4/5/2024 0:15,1.548
4/5/2024 0:30,1.405
4/5/2024 0:45,1.261
4/5/2024 1:00,1.161
4/5/2024 1:15,1.073
4/5/2024 1:30,1.016
4/5/2024 1:45,0.996
4/5/2024 2:00,0.973
4/5/2024 2:15,0.966
4/5/2024 2:30,0.975
4/5/2024 2:45,1.028
4/5/2024 3:00,1.052
4/5/2024 3:15,1.045
4/5/2024 3:30,1.017
4/5/2024 3:45,0.992
4/5/2024 4:00,0.963
4/5/2024 4:15,0.929
4/5/2024 4:30,0.902
4/5/2024 4:45,0.892
4/5/2024 5:00,0.91
4/5/2024 5:15,0.942
4/5/2024 5:30,0.959
4/5/2024 5:45,0.992
4/5/2024 6:00,1.095
4/5/2024 6:15,1.19
4/5/2024 6:30,1.255
4/5/2024 6:45,1.417
4/5/2024 7:00,1.822
4/5/2024 7:15,2.273
4/5/2024 7:30,2.664
4/5/2024 7:45,2.984
4/5/2024 8:00,3.217
4/5/2024 8:15,3.37
4/5/2024 8:30,3.589
4/5/2024 8:45,4.031
4/5/2024 9:00,4.682
4/5/2024 9:15,5.217
4/5/2024 9:30,5.585
4/5/2024 9:45,2.878
4/5/2024 10:00,1.5
4/5/2024 10:15,1.144
4/5/2024 10:30,1.11
4/5/2024 10:45,1.657
4/5/2024 11:00,2.951
4/5/2024 11:15,4.045
4/5/2024 11:30,5.173
4/5/2024 11:45,6.614
4/5/2024 12:00,7.468
4/5/2024 12:15,8.63
4/5/2024 12:30,9.37
4/5/2024 12:45,10.11
4/5/2024 13:00,10.4
4/5/2024 13:15,10.5
4/5/2024 13:30,10.09
4/5/2024 13:45,9.72
4/5/2024 14:00,9.44
4/5/2024 14:15,9.33
4/5/2024 14:30,9.35
4/5/2024 14:45,9.03
4/5/2024 15:00,8.6
4/5/2024 15:15,8.36
4/5/2024 15:30,8.32
4/5/2024 15:45,7.968
4/5/2024 16:00,7.701
4/5/2024 16:15,7.632
4/5/2024 16:30,7.306
4/5/2024 16:45,7.148
4/5/2024 17:00,7.126
4/5/2024 17:15,6.898
4/5/2024 17:30,6.645
4/5/2024 17:45,6.401
4/5/2024 18:00,6.153
4/5/2024 18:15,5.986
4/5/2024 18:30,5.63
4/5/2024 18:45,5.3
4/5/2024 19:00,4.928
4/5/2024 19:15,4.488
4/5/2024 19:30,4.113
4/5/2024 19:45,3.692
4/5/2024 20:00,3.336
4/5/2024 20:15,3.038
4/5/2024 20:30,2.737
4/5/2024 20:45,2.462
4/5/2024 21:00,2.256
4/5/2024 21:15,2.017
4/5/2024 21:30,1.797
4/5/2024 21:45,1.654
4/5/2024 22:00,1.533
4/5/2024 22:15,1.411
4/5/2024 22:30,1.288
4/5/2024 22:45,1.243
4/5/2024 23:00,1.217
4/5/2024 23:15,1.17
4/5/2024 23:30,1.139
4/5/2024 23:45,1.095
4/6/2024 0:00,1.03
4/6/2024 0:15,0.979
4/6/2024 0:30,0.979
4/6/2024 0:45,1.037
4/6/2024 1:00,1.106
4/6/2024 1:15,1.138
4/6/2024 1:30,1.166
4/6/2024 1:45,1.164
4/6/2024 2:00,1.148
4/6/2024 2:15,1.162
4/6/2024 2:30,1.186
4/6/2024 2:45,1.259
4/6/2024 3:00,1.36
4/6/2024 3:15,1.467
4/6/2024 3:30,1.572
4/6/2024 3:45,1.62
4/6/2024 4:00,1.574
4/6/2024 4:15,1.497
4/6/2024 4:30,1.466
4/6/2024 4:45,1.498
4/6/2024 5:00,1.568
4/6/2024 5:15,1.649
4/6/2024 5:30,1.714
4/6/2024 5:45,1.749
4/6/2024 6:00,1.745
4/6/2024 6:15,1.747
4/6/2024 6:30,1.889
4/6/2024 6:45,2.033
4/6/2024 7:00,2.162
4/6/2024 7:15,2.266
4/6/2024 7:30,2.437
4/6/2024 7:45,2.758
4/6/2024 8:00,3.125
4/6/2024 8:15,3.314
4/6/2024 8:30,3.591
4/6/2024 8:45,3.984
4/6/2024 9:00,4.336
4/6/2024 9:15,4.517
4/6/2024 9:30,4.588
4/6/2024 9:45,4.757
4/6/2024 10:00,4.981
4/6/2024 10:15,5.006
4/6/2024 10:30,4.763
4/6/2024 10:45,4.761
4/6/2024 11:00,4.998
4/6/2024 11:15,5.139
4/6/2024 11:30,5.398
4/6/2024 11:45,5.571
4/6/2024 12:00,5.53
4/6/2024 12:15,5.671
4/6/2024 12:30,5.782
4/6/2024 12:45,5.866
4/6/2024 13:00,5.967
4/6/2024 13:15,6.097
4/6/2024 13:30,6.331
4/6/2024 13:45,6.656
4/6/2024 14:00,6.876
4/6/2024 14:15,7.203
4/6/2024 14:30,7.351
4/6/2024 14:45,7.453
4/6/2024 15:00,7.629
4/6/2024 15:15,7.678
4/6/2024 15:30,7.554
4/6/2024 15:45,7.35
4/6/2024 16:00,7.045
4/6/2024 16:15,6.852
4/6/2024 16:30,6.697
4/6/2024 16:45,6.501
4/6/2024 17:00,6.31
4/6/2024 17:15,6.075
4/6/2024 17:30,5.806
4/6/2024 17:45,5.607
4/6/2024 18:00,5.349
4/6/2024 18:15,5.13
4/6/2024 18:30,4.92
4/6/2024 18:45,4.74
4/6/2024 19:00,4.589
4/6/2024 19:15,4.469
4/6/2024 19:30,4.35
4/6/2024 19:45,4.175
4/6/2024 20:00,3.913
4/6/2024 20:15,3.688
4/6/2024 20:30,3.526
4/6/2024 20:45,3.426
4/6/2024 21:00,3.313
4/6/2024 21:15,3.157
4/6/2024 21:30,3.083
4/6/2024 21:45,2.927
4/6/2024 22:00,2.827
4/6/2024 22:15,2.776
4/6/2024 22:30,2.746
4/6/2024 22:45,2.702
4/6/2024 23:00,2.564
4/6/2024 23:15,2.393
4/6/2024 23:30,2.266
4/6/2024 23:45,2.264
4/7/2024 0:00,2.325
4/7/2024 0:15,2.41
4/7/2024 0:30,2.429
4/7/2024 0:45,2.421
4/7/2024 1:00,2.4
4/7/2024 1:15,2.434
4/7/2024 1:30,2.459
4/7/2024 1:45,2.448
4/7/2024 2:00,2.412
4/7/2024 2:15,2.376
4/7/2024 2:30,2.345
4/7/2024 2:45,2.308
4/7/2024 3:00,2.281
4/7/2024 3:15,2.09
4/7/2024 3:30,1.814
4/7/2024 3:45,1.539
4/7/2024 4:00,1.383
4/7/2024 4:15,1.272
4/7/2024 4:30,1.171
4/7/2024 4:45,0.98
4/7/2024 5:00,0.669
4/7/2024 5:15,0.347
4/7/2024 5:30,0.058
4/7/2024 5:45,-0.182
4/7/2024 6:00,-0.122
4/7/2024 6:15,0.663
4/7/2024 6:30,1.37
4/7/2024 6:45,1.954
4/7/2024 7:00,3.459
4/7/2024 7:15,4.638
4/7/2024 7:30,5.862
4/7/2024 7:45,7.056
4/7/2024 8:00,7.728
4/7/2024 8:15,8.08
4/7/2024 8:30,8.67
4/7/2024 8:45,9.1
4/7/2024 9:00,9.43
4/7/2024 9:15,10
4/7/2024 9:30,11.75
4/7/2024 9:45,13.01
4/7/2024 10:00,13.06
4/7/2024 10:15,15.43
4/7/2024 10:30,16.61
4/7/2024 10:45,19.28
4/7/2024 11:00,21.54
4/7/2024 11:15,22.08
4/7/2024 11:30,19.93
4/7/2024 11:45,18.66
4/7/2024 12:00,16.58
4/7/2024 12:15,15.79
4/7/2024 12:30,14.45
4/7/2024 12:45,14.51
4/7/2024 13:00,14.72
4/7/2024 13:15,14.7
4/7/2024 13:30,15.19
4/7/2024 13:45,15.79
4/7/2024 14:00,15.55
4/7/2024 14:15,14.43
4/7/2024 14:30,13.34
4/7/2024 14:45,12.48
4/7/2024 15:00,11.79
4/7/2024 15:15,11.49
4/7/2024 15:30,11.28
4/7/2024 15:45,11.09
4/7/2024 16:00,10.92
4/7/2024 16:15,10.73
4/7/2024 16:30,10.47
4/7/2024 16:45,10.17
4/7/2024 17:00,10.07
4/7/2024 17:15,10.48
4/7/2024 17:30,10.62
4/7/2024 17:45,10.23
4/7/2024 18:00,9.45
4/7/2024 18:15,8.51
4/7/2024 18:30,7.465
4/7/2024 18:45,6.422
4/7/2024 19:00,5.434
4/7/2024 19:15,4.57
4/7/2024 19:30,3.789
4/7/2024 19:45,3.089
4/7/2024 20:00,2.477
4/7/2024 20:15,1.982
4/7/2024 20:30,1.581
4/7/2024 20:45,1.24
4/7/2024 21:00,0.956
4/7/2024 21:15,0.764
4/7/2024 21:30,0.602
4/7/2024 21:45,0.487
4/7/2024 22:00,0.615
4/7/2024 22:15,0.789
4/7/2024 22:30,0.866
4/7/2024 22:45,0.938
4/7/2024 23:00,1.106
4/7/2024 23:15,1.18
4/7/2024 23:30,1.25
4/7/2024 23:45,1.32
4/8/2024 0:00,1.452
4/8/2024 0:15,1.627
4/8/2024 0:30,1.765
4/8/2024 0:45,1.729
4/8/2024 1:00,1.613
4/8/2024 1:15,1.312
4/8/2024 1:30,0.966
4/8/2024 1:45,0.623
4/8/2024 2:00,0.295
4/8/2024 2:15,-0.039
4/8/2024 2:30,-0.363
4/8/2024 2:45,-0.68
4/8/2024 3:00,-0.959
4/8/2024 3:15,-1.186
4/8/2024 3:30,-1.381
4/8/2024 3:45,-1.581
4/8/2024 4:00,-1.771
4/8/2024 4:15,-1.929
4/8/2024 4:30,-2.057
4/8/2024 4:45,-2.193
4/8/2024 5:00,-2.347
4/8/2024 5:15,-2.49
4/8/2024 5:30,-2.516
4/8/2024 5:45,-2.28
4/8/2024 6:00,-1.451
4/8/2024 6:15,-0.195
4/8/2024 6:30,1.298
4/8/2024 6:45,3.026
4/8/2024 7:00,4.911
4/8/2024 7:15,6.525
4/8/2024 7:30,7.8
4/8/2024 7:45,8.75
4/8/2024 8:00,9.52
4/8/2024 8:15,10.4
4/8/2024 8:30,11.18
4/8/2024 8:45,12.05
4/8/2024 9:00,12.98
4/8/2024 9:15,14.1
4/8/2024 9:30,14.76
4/8/2024 9:45,14.34
4/8/2024 10:00,13.97
4/8/2024 10:15,13.05
4/8/2024 10:30,13.6
4/8/2024 10:45,16.13
4/8/2024 11:00,17.27
4/8/2024 11:15,16.27
4/8/2024 11:30,15.44
4/8/2024 11:45,15.42
4/8/2024 12:00,15.67
4/8/2024 12:15,15.43
4/8/2024 12:30,15.17
4/8/2024 12:45,15.3
4/8/2024 13:00,15.68
4/8/2024 13:15,16.16
4/8/2024 13:30,16.15
4/8/2024 13:45,15.49
4/8/2024 14:00,14.53
4/8/2024 14:15,14.05
4/8/2024 14:30,13.33
4/8/2024 14:45,12.7
4/8/2024 15:00,12.43
4/8/2024 15:15,12.42
4/8/2024 15:30,12.32
4/8/2024 15:45,12.16
4/8/2024 16:00,12
4/8/2024 16:15,11.78
4/8/2024 16:30,11.65
4/8/2024 16:45,11.46
4/8/2024 17:00,11.08
4/8/2024 17:15,10.56
4/8/2024 17:30,10.1
4/8/2024 17:45,9.74
4/8/2024 18:00,9.42
4/8/2024 18:15,9.09
4/8/2024 18:30,8.77
4/8/2024 18:45,8.46
4/8/2024 19:00,8.18
4/8/2024 19:15,7.899
4/8/2024 19:30,7.636
4/8/2024 19:45,7.43
4/8/2024 20:00,7.222
4/8/2024 20:15,7.021
4/8/2024 20:30,6.828
4/8/2024 20:45,6.657
4/8/2024 21:00,6.563
4/8/2024 21:15,6.52
4/8/2024 21:30,6.472
4/8/2024 21:45,6.407
4/8/2024 22:00,6.336
4/8/2024 22:15,6.276
4/8/2024 22:30,6.26
4/8/2024 22:45,6.251
4/8/2024 23:00,6.226
4/8/2024 23:15,6.179
4/8/2024 23:30,6.124
4/8/2024 23:45,6.065
4/9/2024 0:00,6.001
4/9/2024 0:15,5.945
4/9/2024 0:30,5.909
4/9/2024 0:45,5.872
4/9/2024 1:00,5.852
4/9/2024 1:15,5.808
4/9/2024 1:30,5.795
4/9/2024 1:45,5.765
4/9/2024 2:00,5.724
4/9/2024 2:15,5.706
4/9/2024 2:30,5.727
4/9/2024 2:45,5.747
4/9/2024 3:00,5.736
4/9/2024 3:15,5.744
4/9/2024 3:30,5.758
4/9/2024 3:45,5.784
4/9/2024 4:00,5.818
4/9/2024 4:15,5.851
4/9/2024 4:30,5.878
4/9/2024 4:45,5.917
4/9/2024 5:00,5.952
4/9/2024 5:15,5.934
4/9/2024 5:30,5.882
4/9/2024 5:45,5.883
4/9/2024 6:00,5.944
4/9/2024 6:15,6.079
4/9/2024 6:30,6.235
4/9/2024 6:45,6.415
4/9/2024 7:00,6.717
4/9/2024 7:15,7.081
4/9/2024 7:30,7.329
4/9/2024 7:45,7.46
4/9/2024 8:00,7.639
4/9/2024 8:15,7.945
4/9/2024 8:30,8.21
4/9/2024 8:45,8.62
4/9/2024 9:00,8.86
4/9/2024 9:15,9.07
4/9/2024 9:30,9.4
4/9/2024 9:45,10.16
4/9/2024 10:00,11.18
4/9/2024 10:15,15.01
4/9/2024 10:30,17.27
4/9/2024 10:45,18.87
4/9/2024 11:00,19.6
4/9/2024 11:15,19.41
4/9/2024 11:30,19.16
4/9/2024 11:45,18.29
4/9/2024 12:00,17.33
4/9/2024 12:15,16.74
4/9/2024 12:30,16.11
4/9/2024 12:45,16.48
4/9/2024 13:00,16.02
4/9/2024 13:15,15.56
4/9/2024 13:30,15.88
4/9/2024 13:45,16.31
4/9/2024 14:00,16.28
4/9/2024 14:15,16.22
4/9/2024 14:30,15.73
4/9/2024 14:45,15.66
4/9/2024 15:00,15.71
4/9/2024 15:15,15.46
4/9/2024 15:30,15.06
4/9/2024 15:45,14.45
4/9/2024 16:00,14.04
4/9/2024 16:15,13.89
4/9/2024 16:30,13.35
4/9/2024 16:45,12.92
4/9/2024 17:00,12.55
4/9/2024 17:15,12.32
4/9/2024 17:30,12.44
4/9/2024 17:45,12.28
4/9/2024 18:00,11.91
4/9/2024 18:15,11.42
4/9/2024 18:30,10.84
4/9/2024 18:45,10.18
4/9/2024 19:00,9.56
4/9/2024 19:15,9
4/9/2024 19:30,8.47
4/9/2024 19:45,7.901
4/9/2024 20:00,7.467
4/9/2024 20:15,7.168
4/9/2024 20:30,6.978
4/9/2024 20:45,6.728
4/9/2024 21:00,6.432
4/9/2024 21:15,6.091
4/9/2024 21:30,5.694
4/9/2024 21:45,5.281
4/9/2024 22:00,4.842
4/9/2024 22:15,4.406
4/9/2024 22:30,4.002
4/9/2024 22:45,3.641
4/9/2024 23:00,3.437
4/9/2024 23:15,3.273
4/9/2024 23:30,3.125
4/9/2024 23:45,2.87
4/10/2024 0:00,2.614
4/10/2024 0:15,2.474
4/10/2024 0:30,2.444
4/10/2024 0:45,2.451
4/10/2024 1:00,2.512
4/10/2024 1:15,2.546
4/10/2024 1:30,2.529
4/10/2024 1:45,2.549
4/10/2024 2:00,2.482
4/10/2024 2:15,2.335
4/10/2024 2:30,2.12
4/10/2024 2:45,1.839
4/10/2024 3:00,1.494
4/10/2024 3:15,1.121
4/10/2024 3:30,0.749
4/10/2024 3:45,0.37
4/10/2024 4:00,0.024
4/10/2024 4:15,-0.325
4/10/2024 4:30,-0.6
4/10/2024 4:45,-0.852
4/10/2024 5:00,-1.112
4/10/2024 5:15,-1.325
4/10/2024 5:30,-1.447
4/10/2024 5:45,-1.257
4/10/2024 6:00,-0.364
4/10/2024 6:15,1.029
4/10/2024 6:30,2.573
4/10/2024 6:45,4.076
4/10/2024 7:00,5.369
4/10/2024 7:15,6.816
4/10/2024 7:30,8.31
4/10/2024 7:45,9.62
4/10/2024 8:00,10.64
4/10/2024 8:15,11.59
4/10/2024 8:30,12.52
4/10/2024 8:45,13.46
4/10/2024 9:00,14.46
4/10/2024 9:15,15.72
4/10/2024 9:30,18.31
4/10/2024 9:45,21.15
4/10/2024 10:00,22.61
4/10/2024 10:15,24.21
4/10/2024 10:30,26.22
4/10/2024 10:45,27.19
4/10/2024 11:00,27.27
4/10/2024 11:15,25.84
4/10/2024 11:30,24.1
4/10/2024 11:45,22.7
4/10/2024 12:00,22
4/10/2024 12:15,21.25
4/10/2024 12:30,20.79
4/10/2024 12:45,20.36
4/10/2024 13:00,20.32
4/10/2024 13:15,20.14
4/10/2024 13:30,20.24
4/10/2024 13:45,20.01
4/10/2024 14:00,19.83
4/10/2024 14:15,19.69
4/10/2024 14:30,19.69
4/10/2024 14:45,19.47
4/10/2024 15:00,19.28
4/10/2024 15:15,19.15
4/10/2024 15:30,19.09
4/10/2024 15:45,18.96
4/10/2024 16:00,18.71
4/10/2024 16:15,18.42
4/10/2024 16:30,18.11
4/10/2024 16:45,17.79
4/10/2024 17:00,17.33
4/10/2024 17:15,16.7
4/10/2024 17:30,15.94
4/10/2024 17:45,15.09
4/10/2024 18:00,13.95
4/10/2024 18:15,12.73
4/10/2024 18:30,11.58
4/10/2024 18:45,10.61
4/10/2024 19:00,9.84
4/10/2024 19:15,9.2
4/10/2024 19:30,8.65
4/10/2024 19:45,7.945
4/10/2024 20:00,7.561
4/10/2024 20:15,7.147
4/10/2024 20:30,6.773
4/10/2024 20:45,6.446
4/10/2024 21:00,6.098
4/10/2024 21:15,5.639
4/10/2024 21:30,5.117
4/10/2024 21:45,4.56
4/10/2024 22:00,4.02
4/10/2024 22:15,3.57
4/10/2024 22:30,3.253
4/10/2024 22:45,2.925
4/10/2024 23:00,2.591
4/10/2024 23:15,2.269
4/10/2024 23:30,1.955
4/10/2024 23:45,1.631
4/11/2024 0:00,1.318
4/11/2024 0:15,1.028
4/11/2024 0:30,0.795
4/11/2024 0:45,0.611
4/11/2024 1:00,0.481
4/11/2024 1:15,0.34
4/11/2024 1:30,0.203
4/11/2024 1:45,0.098
4/11/2024 2:00,0.046
4/11/2024 2:15,0.189
4/11/2024 2:30,0.599
4/11/2024 2:45,0.941
4/11/2024 3:00,1.047
4/11/2024 3:15,1.13
4/11/2024 3:30,1.31
4/11/2024 3:45,1.609
4/11/2024 4:00,1.911
4/11/2024 4:15,2.112
4/11/2024 4:30,2.24
4/11/2024 4:45,2.3
4/11/2024 5:00,2.355
4/11/2024 5:15,2.47
4/11/2024 5:30,2.663
4/11/2024 5:45,3.199
4/11/2024 6:00,4.108
4/11/2024 6:15,4.845
4/11/2024 6:30,5.575
4/11/2024 6:45,6.606
4/11/2024 7:00,7.62
4/11/2024 7:15,8.58
4/11/2024 7:30,9.39
4/11/2024 7:45,10.23
4/11/2024 8:00,10.5
4/11/2024 8:15,10.9
4/11/2024 8:30,11.23
4/11/2024 8:45,11.74
4/11/2024 9:00,11.9
4/11/2024 9:15,12.48
4/11/2024 9:30,14.22
4/11/2024 9:45,15.87
4/11/2024 10:00,16.98
4/11/2024 10:15,18.09
4/11/2024 10:30,19.15
4/11/2024 10:45,19.07
4/11/2024 11:00,19.11
4/11/2024 11:15,19.14
4/11/2024 11:30,19.23
4/11/2024 11:45,19.49
4/11/2024 12:00,19.75
4/11/2024 12:15,19.76
4/11/2024 12:30,19.95
4/11/2024 12:45,20.33
4/11/2024 13:00,20.77
4/11/2024 13:15,21.16
4/11/2024 13:30,21.64
4/11/2024 13:45,21.92
4/11/2024 14:00,21.28
4/11/2024 14:15,20.45
4/11/2024 14:30,20.04
4/11/2024 14:45,20.28
4/11/2024 15:00,20.43
4/11/2024 15:15,20.09
4/11/2024 15:30,19.66
4/11/2024 15:45,19.36
4/11/2024 16:00,19.03
4/11/2024 16:15,18.71
4/11/2024 16:30,18.4
4/11/2024 16:45,18.16
4/11/2024 17:00,17.86
4/11/2024 17:15,17.68
4/11/2024 17:30,17.54
4/11/2024 17:45,17.32
4/11/2024 18:00,16.78
4/11/2024 18:15,15.86
4/11/2024 18:30,14.77
4/11/2024 18:45,13.82
4/11/2024 19:00,13.03
4/11/2024 19:15,12.35
4/11/2024 19:30,11.81
4/11/2024 19:45,11.45
4/11/2024 20:00,11.2
4/11/2024 20:15,11.04
4/11/2024 20:30,10.97
4/11/2024 20:45,10.86
4/11/2024 21:00,10.61
4/11/2024 21:15,10.39
4/11/2024 21:30,10.16
4/11/2024 21:45,9.92
4/11/2024 22:00,9.7
4/11/2024 22:15,9.51
4/11/2024 22:30,9.34
4/11/2024 22:45,9.19
4/11/2024 23:00,9.05
4/11/2024 23:15,8.94
4/11/2024 23:30,8.84
4/11/2024 23:45,8.75
4/12/2024 0:00,8.68
4/12/2024 0:15,8.61
4/12/2024 0:30,8.55
4/12/2024 0:45,8.45
4/12/2024 1:00,8.3
4/12/2024 1:15,8.18
4/12/2024 1:30,8.09
4/12/2024 1:45,8.04
4/12/2024 2:00,7.979
4/12/2024 2:15,7.922
4/12/2024 2:30,7.873
4/12/2024 2:45,7.82
4/12/2024 3:00,7.759
4/12/2024 3:15,7.746
4/12/2024 3:30,7.744
4/12/2024 3:45,7.67
4/12/2024 4:00,7.613
4/12/2024 4:15,7.529
4/12/2024 4:30,7.438
4/12/2024 4:45,7.372
4/12/2024 5:00,7.293
4/12/2024 5:15,7.238
4/12/2024 5:30,7.211
4/12/2024 5:45,7.222
4/12/2024 6:00,7.342
4/12/2024 6:15,7.607
4/12/2024 6:30,7.947
4/12/2024 6:45,8.44
4/12/2024 7:00,9.54
4/12/2024 7:15,10.41
4/12/2024 7:30,11.13
4/12/2024 7:45,12.06
4/12/2024 8:00,12.96
4/12/2024 8:15,13.26
4/12/2024 8:30,13.88
4/12/2024 8:45,15.13
4/12/2024 9:00,16.73
4/12/2024 9:15,18.29
4/12/2024 9:30,18.64
4/12/2024 9:45,19.75
4/12/2024 10:00,22.08
4/12/2024 10:15,22.63
4/12/2024 10:30,23.21
4/12/2024 10:45,23.93
4/12/2024 11:00,24.74
4/12/2024 11:15,24.26
4/12/2024 11:30,24.17
4/12/2024 11:45,24.1
4/12/2024 12:00,24.02
4/12/2024 12:15,23.96
4/12/2024 12:30,24.15
4/12/2024 12:45,24.4
4/12/2024 13:00,24.49
4/12/2024 13:15,24.23
4/12/2024 13:30,23.98
4/12/2024 13:45,23.92
4/12/2024 14:00,23.96
4/12/2024 14:15,23.89
4/12/2024 14:30,23.79
4/12/2024 14:45,23.54
4/12/2024 15:00,23.4
4/12/2024 15:15,23.15
4/12/2024 15:30,22.61
4/12/2024 15:45,21.88
4/12/2024 16:00,21.12
4/12/2024 16:15,20.39
4/12/2024 16:30,19.68
4/12/2024 16:45,19.04
4/12/2024 17:00,18.41
4/12/2024 17:15,17.69
4/12/2024 17:30,16.96
4/12/2024 17:45,16.3
4/12/2024 18:00,15.7
4/12/2024 18:15,15.15
4/12/2024 18:30,14.69
4/12/2024 18:45,14.28
4/12/2024 19:00,13.91
4/12/2024 19:15,13.57
4/12/2024 19:30,13.24
4/12/2024 19:45,12.93
4/12/2024 20:00,12.66
4/12/2024 20:15,12.38
4/12/2024 20:30,12.1
4/12/2024 20:45,11.8
4/12/2024 21:00,11.47
4/12/2024 21:15,11.16
4/12/2024 21:30,10.79
4/12/2024 21:45,10.47
4/12/2024 22:00,10.18
4/12/2024 22:15,9.89
4/12/2024 22:30,9.59
4/12/2024 22:45,9.27
4/12/2024 23:00,9.03
4/12/2024 23:15,8.84
4/12/2024 23:30,8.68
4/12/2024 23:45,8.52
4/13/2024 0:00,8.28
4/13/2024 0:15,7.997
4/13/2024 0:30,7.693
4/13/2024 0:45,7.503
4/13/2024 1:00,7.348
4/13/2024 1:15,7.195
4/13/2024 1:30,7.077
4/13/2024 1:45,6.87
4/13/2024 2:00,6.673
4/13/2024 2:15,6.537
4/13/2024 2:30,6.462
4/13/2024 2:45,6.331
4/13/2024 3:00,6.145
4/13/2024 3:15,5.912
4/13/2024 3:30,5.641
4/13/2024 3:45,5.37
4/13/2024 4:00,5.109
4/13/2024 4:15,4.878
4/13/2024 4:30,4.658
4/13/2024 4:45,4.527
4/13/2024 5:00,4.61
4/13/2024 5:15,4.692
4/13/2024 5:30,4.912
4/13/2024 5:45,5.495
4/13/2024 6:00,6.631
4/13/2024 6:15,8.13
4/13/2024 6:30,9.8
4/13/2024 6:45,11.43
4/13/2024 7:00,13.11
4/13/2024 7:15,14.2
4/13/2024 7:30,14.86
4/13/2024 7:45,15.42
4/13/2024 8:00,15.73
4/13/2024 8:15,15.75
4/13/2024 8:30,15.94
4/13/2024 8:45,16.44
4/13/2024 9:00,17.42
4/13/2024 9:15,18.16
4/13/2024 9:30,19.76
4/13/2024 9:45,22.3
4/13/2024 10:00,23.97
4/13/2024 10:15,25.6
4/13/2024 10:30,27.95
4/13/2024 10:45,29.12
4/13/2024 11:00,29.19
4/13/2024 11:15,28.08
4/13/2024 11:30,26.64
4/13/2024 11:45,25.79
4/13/2024 12:00,25.22
4/13/2024 12:15,24.99
4/13/2024 12:30,25.05
4/13/2024 12:45,25.07
4/13/2024 13:00,25.33
4/13/2024 13:15,25.49
4/13/2024 13:30,25.64
4/13/2024 13:45,25.66
4/13/2024 14:00,25.73
4/13/2024 14:15,25.74
4/13/2024 14:30,25.6
4/13/2024 14:45,25.41
4/13/2024 15:00,25.37
4/13/2024 15:15,25.25
4/13/2024 15:30,25.19
4/13/2024 15:45,25.19
4/13/2024 16:00,25.14
4/13/2024 16:15,25.08
4/13/2024 16:30,24.97
4/13/2024 16:45,24.53
4/13/2024 17:00,23.83
4/13/2024 17:15,23.01
4/13/2024 17:30,22.36
4/13/2024 17:45,21.75
4/13/2024 18:00,20.86
4/13/2024 18:15,19.73
4/13/2024 18:30,18.49
4/13/2024 18:45,17.23
4/13/2024 19:00,16.06
4/13/2024 19:15,14.98
4/13/2024 19:30,14.01
4/13/2024 19:45,13.16
4/13/2024 20:00,12.38
4/13/2024 20:15,11.74
4/13/2024 20:30,11.16
4/13/2024 20:45,10.64
4/13/2024 21:00,10.15
4/13/2024 21:15,9.63
4/13/2024 21:30,9.16
4/13/2024 21:45,8.75
4/13/2024 22:00,8.33
4/13/2024 22:15,7.971
4/13/2024 22:30,7.65
4/13/2024 22:45,7.362
4/13/2024 23:00,7.077
4/13/2024 23:15,6.801
4/13/2024 23:30,6.555
4/13/2024 23:45,6.404
4/14/2024 0:00,6.307
4/14/2024 0:15,6.177
4/14/2024 0:30,6.034
4/14/2024 0:45,5.894
4/14/2024 1:00,5.82
4/14/2024 1:15,5.815
4/14/2024 1:30,5.723
4/14/2024 1:45,5.562
4/14/2024 2:00,5.368
4/14/2024 2:15,5.199
4/14/2024 2:30,5.028
4/14/2024 2:45,4.904
4/14/2024 3:00,4.809
4/14/2024 3:15,4.727
4/14/2024 3:30,4.648
4/14/2024 3:45,4.537
4/14/2024 4:00,4.413
4/14/2024 4:15,4.275
4/14/2024 4:30,4.112
4/14/2024 4:45,3.94
4/14/2024 5:00,3.771
4/14/2024 5:15,3.668
4/14/2024 5:30,3.704
4/14/2024 5:45,4.342
4/14/2024 6:00,5.663
4/14/2024 6:15,7.329
4/14/2024 6:30,9.19
4/14/2024 6:45,11.09
4/14/2024 7:00,12.78
4/14/2024 7:15,14.25
4/14/2024 7:30,15.56
4/14/2024 7:45,16.65
4/14/2024 8:00,17.78
4/14/2024 8:15,18.76
4/14/2024 8:30,19.72
4/14/2024 8:45,20.48
4/14/2024 9:00,21.42
4/14/2024 9:15,22.78
4/14/2024 9:30,25.18
4/14/2024 9:45,27.78
4/14/2024 10:00,29.25
4/14/2024 10:15,30.69
4/14/2024 10:30,33.12
4/14/2024 10:45,34.25
4/14/2024 11:00,34.01
4/14/2024 11:15,32.37
4/14/2024 11:30,30.58
4/14/2024 11:45,29.18
4/14/2024 12:00,28.25
4/14/2024 12:15,27.64
4/14/2024 12:30,27.33
4/14/2024 12:45,27.14
4/14/2024 13:00,26.92
4/14/2024 13:15,26.75
4/14/2024 13:30,26.6
4/14/2024 13:45,26.5
4/14/2024 14:00,26.37
4/14/2024 14:15,26.18
4/14/2024 14:30,26.03
4/14/2024 14:45,25.87
4/14/2024 15:00,25.59
4/14/2024 15:15,25.22
4/14/2024 15:30,24.91
4/14/2024 15:45,24.58
4/14/2024 16:00,24.28
4/14/2024 16:15,24
4/14/2024 16:30,23.71
4/14/2024 16:45,23.39
4/14/2024 17:00,23.06
4/14/2024 17:15,22.72
4/14/2024 17:30,22.3
4/14/2024 17:45,21.88
4/14/2024 18:00,21.23
4/14/2024 18:15,20.13
4/14/2024 18:30,18.99
4/14/2024 18:45,17.91
4/14/2024 19:00,16.95
4/14/2024 19:15,16.13
4/14/2024 19:30,15.55
4/14/2024 19:45,15.23
4/14/2024 20:00,15.04
4/14/2024 20:15,14.96
4/14/2024 20:30,14.88
4/14/2024 20:45,14.74
4/14/2024 21:00,14.54
4/14/2024 21:15,14.33
4/14/2024 21:30,14.13
4/14/2024 21:45,13.87
4/14/2024 22:00,13.65
4/14/2024 22:15,13.46
4/14/2024 22:30,13.21
4/14/2024 22:45,12.86
4/14/2024 23:00,12.48
4/14/2024 23:15,12.16
4/14/2024 23:30,11.84
4/14/2024 23:45,11.59
4/15/2024 0:00,11.42
4/15/2024 0:15,11.27
4/15/2024 0:30,11.08
4/15/2024 0:45,10.92
4/15/2024 1:00,10.78
4/15/2024 1:15,10.64
4/15/2024 1:30,10.48
4/15/2024 1:45,10.3
4/15/2024 2:00,10.05
4/15/2024 2:15,9.73
4/15/2024 2:30,9.34
4/15/2024 2:45,8.9
4/15/2024 3:00,8.47
4/15/2024 3:15,8.04
4/15/2024 3:30,7.604
4/15/2024 3:45,7.126
4/15/2024 4:00,6.756
4/15/2024 4:15,6.428
4/15/2024 4:30,6.074
4/15/2024 4:45,5.799
4/15/2024 5:00,5.675
4/15/2024 5:15,5.632
4/15/2024 5:30,5.782
4/15/2024 5:45,6.196
4/15/2024 6:00,6.892
4/15/2024 6:15,8.02
4/15/2024 6:30,8.76
4/15/2024 6:45,9.01
4/15/2024 7:00,8.99
4/15/2024 7:15,9.62
4/15/2024 7:30,9.86
4/15/2024 7:45,10.03
4/15/2024 8:00,10.04
4/15/2024 8:15,10.22
4/15/2024 8:30,10.6
4/15/2024 8:45,11.13
4/15/2024 9:00,12.26
4/15/2024 9:15,13.59
4/15/2024 9:30,15.83
4/15/2024 9:45,18.58
4/15/2024 10:00,20.2
4/15/2024 10:15,22.14
4/15/2024 10:30,23.67
4/15/2024 10:45,24
4/15/2024 11:00,23.62
4/15/2024 11:15,20.83
4/15/2024 11:30,19.72
4/15/2024 11:45,18.91
4/15/2024 12:00,18.34
4/15/2024 12:15,17.77
4/15/2024 12:30,17.9
4/15/2024 12:45,17.84
4/15/2024 13:00,17.71
4/15/2024 13:15,17.73
4/15/2024 13:30,17.74
4/15/2024 13:45,17.57
4/15/2024 14:00,17.52
4/15/2024 14:15,17.49
4/15/2024 14:30,17.49
4/15/2024 14:45,17.21
4/15/2024 15:00,17
4/15/2024 15:15,17.18
4/15/2024 15:30,16.85
4/15/2024 15:45,16.76
4/15/2024 16:00,16.52
4/15/2024 16:15,15.5
4/15/2024 16:30,15.02
4/15/2024 16:45,14.37
4/15/2024 17:00,13.8
4/15/2024 17:15,13.38
4/15/2024 17:30,13.01
4/15/2024 17:45,12.79
4/15/2024 18:00,12.24
4/15/2024 18:15,11.73
4/15/2024 18:30,11.17
4/15/2024 18:45,10.57
4/15/2024 19:00,10.03
4/15/2024 19:15,9.54
4/15/2024 19:30,9.1
4/15/2024 19:45,8.7
4/15/2024 20:00,8.32
4/15/2024 20:15,7.994
4/15/2024 20:30,7.734
4/15/2024 20:45,7.511
4/15/2024 21:00,7.261
4/15/2024 21:15,6.955
4/15/2024 21:30,6.647
4/15/2024 21:45,6.331
4/15/2024 22:00,6.015
4/15/2024 22:15,5.767
4/15/2024 22:30,5.574
4/15/2024 22:45,5.419
4/15/2024 23:00,5.311
4/15/2024 23:15,5.228
4/15/2024 23:30,5.149
4/15/2024 23:45,5.041
4/16/2024 0:00,4.928
4/16/2024 0:15,4.799
4/16/2024 0:30,4.678
4/16/2024 0:45,4.518
4/16/2024 1:00,4.305
4/16/2024 1:15,4.093
4/16/2024 1:30,3.991
4/16/2024 1:45,3.94
4/16/2024 2:00,3.886
4/16/2024 2:15,3.818
4/16/2024 2:30,3.784
4/16/2024 2:45,3.781
4/16/2024 3:00,3.733
4/16/2024 3:15,3.651
4/16/2024 3:30,3.575
4/16/2024 3:45,3.508
4/16/2024 4:00,3.449
4/16/2024 4:15,3.366
4/16/2024 4:30,3.265
4/16/2024 4:45,3.174
4/16/2024 5:00,3.082
4/16/2024 5:15,3.002
4/16/2024 5:30,2.915
4/16/2024 5:45,2.904
4/16/2024 6:00,3.019
4/16/2024 6:15,3.222
4/16/2024 6:30,3.474
4/16/2024 6:45,4.044
4/16/2024 7:00,5.387
4/16/2024 7:15,6.583
4/16/2024 7:30,7.373
4/16/2024 7:45,7.307
4/16/2024 8:00,7.012
4/16/2024 8:15,7.102
4/16/2024 8:30,7.347
4/16/2024 8:45,7.665
4/16/2024 9:00,8.53
4/16/2024 9:15,9.48
4/16/2024 9:30,11.19
4/16/2024 9:45,13.35
4/16/2024 10:00,15.62
4/16/2024 10:15,15.04
4/16/2024 10:30,15.81
4/16/2024 10:45,17.81
4/16/2024 11:00,17.95
4/16/2024 11:15,15.47
4/16/2024 11:30,18.41
4/16/2024 11:45,19.57
4/16/2024 12:00,16.17
4/16/2024 12:15,15.86
4/16/2024 12:30,16.46
4/16/2024 12:45,16.47
4/16/2024 13:00,16.57
4/16/2024 13:15,16.55
4/16/2024 13:30,15.9
4/16/2024 13:45,14.65
4/16/2024 14:00,14.41
4/16/2024 14:15,14.48
4/16/2024 14:30,14.33
4/16/2024 14:45,14.12
4/16/2024 15:00,13.38
4/16/2024 15:15,12.61
4/16/2024 15:30,12.45
4/16/2024 15:45,12.35
4/16/2024 16:00,11.97
4/16/2024 16:15,11.55
4/16/2024 16:30,11.53
4/16/2024 16:45,11.03
4/16/2024 17:00,10.37
4/16/2024 17:15,9.96
4/16/2024 17:30,9.6
4/16/2024 17:45,8.9
4/16/2024 18:00,8.12
4/16/2024 18:15,7.483
4/16/2024 18:30,6.927
4/16/2024 18:45,6.395
4/16/2024 19:00,5.974
4/16/2024 19:15,5.643
4/16/2024 19:30,5.104
4/16/2024 19:45,4.5
4/16/2024 20:00,3.993
4/16/2024 20:15,3.485
4/16/2024 20:30,3.155
4/16/2024 20:45,3.137
4/16/2024 21:00,3.202
4/16/2024 21:15,3.195
4/16/2024 21:30,3.356
4/16/2024 21:45,3.395
4/16/2024 22:00,3.073
4/16/2024 22:15,2.609
4/16/2024 22:30,2.157
4/16/2024 22:45,1.672
4/16/2024 23:00,1.07
4/16/2024 23:15,0.527
4/16/2024 23:30,-0.017
4/16/2024 23:45,-0.492
4/17/2024 0:00,-0.936
4/17/2024 0:15,-1.349
4/17/2024 0:30,-1.745
4/17/2024 0:45,-2.043
4/17/2024 1:00,-2.321
4/17/2024 1:15,-2.624
4/17/2024 1:30,-2.861
4/17/2024 1:45,-3.067
4/17/2024 2:00,-2.272
4/17/2024 2:15,-3.117
4/17/2024 2:30,-3.524
4/17/2024 2:45,-3.766
4/17/2024 3:00,-3.945
4/17/2024 3:15,-3.926
4/17/2024 3:30,-3.835
4/17/2024 3:45,-3.722
4/17/2024 4:00,-3.793
4/17/2024 4:15,-3.909
4/17/2024 4:30,-3.99
4/17/2024 4:45,-4.142
4/17/2024 5:00,-4.284
4/17/2024 5:15,-4.413
4/17/2024 5:30,-4.318
4/17/2024 5:45,-3.387
4/17/2024 6:00,-1.555
4/17/2024 6:15,0.091
4/17/2024 6:30,1.548
4/17/2024 6:45,3.717
4/17/2024 7:00,5.293
4/17/2024 7:15,6.628
4/17/2024 7:30,7.634
4/17/2024 7:45,8.46
4/17/2024 8:00,9.14
4/17/2024 8:15,9.79
4/17/2024 8:30,10.39
4/17/2024 8:45,10.95
4/17/2024 9:00,11.56
4/17/2024 9:15,12.31
4/17/2024 9:30,13.32
4/17/2024 9:45,14.74
4/17/2024 10:00,17.9
4/17/2024 10:15,21.12
4/17/2024 10:30,22.85
4/17/2024 10:45,24.85
4/17/2024 11:00,27.91
4/17/2024 11:15,27.48
4/17/2024 11:30,26.17
4/17/2024 11:45,20.44
4/17/2024 12:00,17.2
4/17/2024 12:15,18
4/17/2024 12:30,17.17
4/17/2024 12:45,15.62
4/17/2024 13:00,14.85
4/17/2024 13:15,15.21
4/17/2024 13:30,15.37
4/17/2024 13:45,14.33
4/17/2024 14:00,14.06
4/17/2024 14:15,14.73
4/17/2024 14:30,15.06
4/17/2024 14:45,15.17
4/17/2024 15:00,15.42
4/17/2024 15:15,15.37
4/17/2024 15:30,15.04
4/17/2024 15:45,14.13
4/17/2024 16:00,13.31
4/17/2024 16:15,13.51
4/17/2024 16:30,13.79
4/17/2024 16:45,14.12
4/17/2024 17:00,14.36
4/17/2024 17:15,14.09
4/17/2024 17:30,13.45
4/17/2024 17:45,12.47
4/17/2024 18:00,11.28
4/17/2024 18:15,9.94
4/17/2024 18:30,8.71
4/17/2024 18:45,7.55
4/17/2024 19:00,6.421
4/17/2024 19:15,5.607
4/17/2024 19:30,4.844
4/17/2024 19:45,4.326
4/17/2024 20:00,4.114
4/17/2024 20:15,4.047
4/17/2024 20:30,3.979
4/17/2024 20:45,3.951
4/17/2024 21:00,3.746
4/17/2024 21:15,3.426
4/17/2024 21:30,2.993
4/17/2024 21:45,2.86
4/17/2024 22:00,2.932
4/17/2024 22:15,3.051
4/17/2024 22:30,2.979
4/17/2024 22:45,2.662
4/17/2024 23:00,2.276
4/17/2024 23:15,1.875
4/17/2024 23:30,1.568
4/17/2024 23:45,1.376
4/18/2024 0:00,1.181
4/18/2024 0:15,0.979
4/18/2024 0:30,0.755
4/18/2024 0:45,0.633
4/18/2024 1:00,0.504
4/18/2024 1:15,0.391
4/18/2024 1:30,0.263
4/18/2024 1:45,0.142
4/18/2024 2:00,0.114
4/18/2024 2:15,0
4/18/2024 2:30,-0.145
4/18/2024 2:45,-0.414
4/18/2024 3:00,-0.536
4/18/2024 3:15,-0.619
4/18/2024 3:30,-0.686
4/18/2024 3:45,-0.793
4/18/2024 4:00,-0.863
4/18/2024 4:15,-0.854
4/18/2024 4:30,-0.861
4/18/2024 4:45,-0.893
4/18/2024 5:00,-0.793
4/18/2024 5:15,-0.599
4/18/2024 5:30,-0.066
4/18/2024 5:45,0.77
4/18/2024 6:00,1.97
4/18/2024 6:15,3.423
4/18/2024 6:30,4.562
4/18/2024 6:45,6.037
4/18/2024 7:00,7.152
4/18/2024 7:15,7.933
4/18/2024 7:30,8.5
4/18/2024 7:45,9.08
4/18/2024 8:00,9.37
4/18/2024 8:15,10.12
4/18/2024 8:30,10.96
4/18/2024 8:45,11.68
4/18/2024 9:00,12.32
4/18/2024 9:15,13.18
4/18/2024 9:30,14.25
4/18/2024 9:45,15.88
4/18/2024 10:00,19.22
4/18/2024 10:15,22.96
4/18/2024 10:30,25.07
4/18/2024 10:45,26.97
4/18/2024 11:00,28.43
4/18/2024 11:15,26.67
4/18/2024 11:30,24.91
4/18/2024 11:45,21.15
4/18/2024 12:00,18.45
4/18/2024 12:15,18.41
4/18/2024 12:30,19.46
4/18/2024 12:45,18.3
4/18/2024 13:00,15.69
4/18/2024 13:15,14.86
4/18/2024 13:30,14.61
4/18/2024 13:45,15.88
4/18/2024 14:00,16.35
4/18/2024 14:15,16.06
4/18/2024 14:30,15.85
4/18/2024 14:45,15.67
4/18/2024 15:00,15.01
4/18/2024 15:15,15
4/18/2024 15:30,14.69
4/18/2024 15:45,14.55
4/18/2024 16:00,14.85
4/18/2024 16:15,14.69
4/18/2024 16:30,13.98
4/18/2024 16:45,12.49
4/18/2024 17:00,11.7
4/18/2024 17:15,11.55
4/18/2024 17:30,11.48
4/18/2024 17:45,11.37
4/18/2024 18:00,11.11
4/18/2024 18:15,9.93
4/18/2024 18:30,8.77
4/18/2024 18:45,7.725
4/18/2024 19:00,6.744
4/18/2024 19:15,5.834
4/18/2024 19:30,5.021
4/18/2024 19:45,4.293
4/18/2024 20:00,3.576
4/18/2024 20:15,3.012
4/18/2024 20:30,2.5
4/18/2024 20:45,2.056
4/18/2024 21:00,1.626
4/18/2024 21:15,1.242
4/18/2024 21:30,0.944
4/18/2024 21:45,0.643
4/18/2024 22:00,0.315
4/18/2024 22:15,-0.044
4/18/2024 22:30,-0.436
4/18/2024 22:45,-0.752
4/18/2024 23:00,-0.935
4/18/2024 23:15,-1.185
4/18/2024 23:30,-1.447
4/18/2024 23:45,-1.653
4/19/2024 0:00,-1.89
4/19/2024 0:15,-2.157
4/19/2024 0:30,-2.399
4/19/2024 0:45,-2.609
4/19/2024 1:00,-2.844
4/19/2024 1:15,-3.033
4/19/2024 1:30,-3.212
4/19/2024 1:45,-3.335
4/19/2024 2:00,-3.37
4/19/2024 2:15,-3.412
4/19/2024 2:30,-3.522
4/19/2024 2:45,-3.683
4/19/2024 3:00,-3.844
4/19/2024 3:15,-3.929
4/19/2024 3:30,-4.063
4/19/2024 3:45,-4.154
4/19/2024 4:00,-4.271
4/19/2024 4:15,-4.388
4/19/2024 4:30,-4.421
4/19/2024 4:45,-4.314
4/19/2024 5:00,-4.236
4/19/2024 5:15,-4.084
4/19/2024 5:30,-3.545
4/19/2024 5:45,-2.068
4/19/2024 6:00,-0.019
4/19/2024 6:15,2.006
4/19/2024 6:30,4.018
4/19/2024 6:45,6.003
4/19/2024 7:00,7.926
4/19/2024 7:15,9.34
4/19/2024 7:30,10.33
4/19/2024 7:45,11.01
4/19/2024 8:00,11.55
4/19/2024 8:15,12.06
4/19/2024 8:30,12.66
4/19/2024 8:45,13.26
4/19/2024 9:00,13.91
4/19/2024 9:15,14.56
4/19/2024 9:30,15.49
4/19/2024 9:45,17.02
4/19/2024 10:00,20.06
4/19/2024 10:15,23.15
4/19/2024 10:30,24.32
4/19/2024 10:45,25.4
4/19/2024 11:00,27.66
4/19/2024 11:15,28.61
4/19/2024 11:30,28.42
4/19/2024 11:45,27.41
4/19/2024 12:00,25.21
4/19/2024 12:15,23.15
4/19/2024 12:30,22.23
4/19/2024 12:45,21.64
4/19/2024 13:00,21.36
4/19/2024 13:15,21.22
4/19/2024 13:30,20.99
4/19/2024 13:45,20.61
4/19/2024 14:00,20.25
4/19/2024 14:15,19.96
4/19/2024 14:30,19.62
4/19/2024 14:45,19.11
4/19/2024 15:00,18.86
4/19/2024 15:15,18.61
4/19/2024 15:30,18.3
4/19/2024 15:45,18.1
4/19/2024 16:00,17.85
4/19/2024 16:15,17.52
4/19/2024 16:30,17.29
4/19/2024 16:45,17.07
4/19/2024 17:00,16.66
4/19/2024 17:15,16.31
4/19/2024 17:30,16.04
4/19/2024 17:45,15.69
4/19/2024 18:00,15.3
4/19/2024 18:15,14.33
4/19/2024 18:30,12.92
4/19/2024 18:45,11.47
4/19/2024 19:00,10.04
4/19/2024 19:15,8.76
4/19/2024 19:30,7.743
4/19/2024 19:45,7.01
4/19/2024 20:00,6.546
4/19/2024 20:15,6.231
4/19/2024 20:30,5.933
4/19/2024 20:45,5.581
4/19/2024 21:00,5.222
4/19/2024 21:15,4.798
4/19/2024 21:30,4.245
4/19/2024 21:45,3.621
4/19/2024 22:00,3.013
4/19/2024 22:15,2.714
4/19/2024 22:30,3.111
4/19/2024 22:45,3.794
4/19/2024 23:00,4.256
4/19/2024 23:15,4.465
4/19/2024 23:30,4.524
4/19/2024 23:45,4.486
4/20/2024 0:00,4.438
4/20/2024 0:15,4.393
4/20/2024 0:30,4.328
4/20/2024 0:45,4.212
4/20/2024 1:00,4.128
4/20/2024 1:15,4.004
4/20/2024 1:30,3.788
4/20/2024 1:45,3.564
4/20/2024 2:00,3.361
4/20/2024 2:15,3.066
4/20/2024 2:30,2.632
4/20/2024 2:45,2.131
4/20/2024 3:00,1.594
4/20/2024 3:15,1.118
4/20/2024 3:30,0.932
4/20/2024 3:45,1.181
4/20/2024 4:00,1.575
4/20/2024 4:15,1.905
4/20/2024 4:30,2.145
4/20/2024 4:45,2.306
4/20/2024 5:00,2.457
4/20/2024 5:15,2.766
4/20/2024 5:30,3.393
4/20/2024 5:45,4.765
4/20/2024 6:00,6.206
4/20/2024 6:15,7.547
4/20/2024 6:30,8.79
4/20/2024 6:45,9.9
4/20/2024 7:00,10.74
4/20/2024 7:15,11.33
4/20/2024 7:30,11.96
4/20/2024 7:45,12.52
4/20/2024 8:00,13.16
4/20/2024 8:15,13.68
4/20/2024 8:30,14.23
4/20/2024 8:45,14.81
4/20/2024 9:00,15.41
4/20/2024 9:15,16.48
4/20/2024 9:30,17.56
4/20/2024 9:45,19.03
4/20/2024 10:00,22.24
4/20/2024 10:15,25.53
4/20/2024 10:30,26.74
4/20/2024 10:45,27.81
4/20/2024 11:00,30.2
4/20/2024 11:15,31.52
4/20/2024 11:30,31.26
4/20/2024 11:45,29.58
4/20/2024 12:00,27.51
4/20/2024 12:15,25.84
4/20/2024 12:30,25.01
4/20/2024 12:45,24.52
4/20/2024 13:00,24.37
4/20/2024 13:15,24.29
4/20/2024 13:30,24.12
4/20/2024 13:45,23.88
4/20/2024 14:00,23.63
4/20/2024 14:15,23.42
4/20/2024 14:30,23.19
4/20/2024 14:45,23.04
4/20/2024 15:00,22.89
4/20/2024 15:15,22.9
4/20/2024 15:30,22.8
4/20/2024 15:45,22.71
4/20/2024 16:00,22.61
4/20/2024 16:15,22.44
4/20/2024 16:30,22.18
4/20/2024 16:45,21.92
4/20/2024 17:00,21.61
4/20/2024 17:15,21.3
4/20/2024 17:30,20.87
4/20/2024 17:45,20.47
4/20/2024 18:00,20
4/20/2024 18:15,18.86
4/20/2024 18:30,17.48
4/20/2024 18:45,16.24
4/20/2024 19:00,14.96
4/20/2024 19:15,13.81
4/20/2024 19:30,12.95
4/20/2024 19:45,12.33
4/20/2024 20:00,11.86
4/20/2024 20:15,11.37
4/20/2024 20:30,10.95
4/20/2024 20:45,10.6
4/20/2024 21:00,10.53
4/20/2024 21:15,10.6
4/20/2024 21:30,10.97
4/20/2024 21:45,11.18
4/20/2024 22:00,11.26
4/20/2024 22:15,11.25
4/20/2024 22:30,11.19
4/20/2024 22:45,11.1
4/20/2024 23:00,11.06
4/20/2024 23:15,11.02
4/20/2024 23:30,10.89
4/20/2024 23:45,10.72
4/21/2024 0:00,10.49
4/21/2024 0:15,10.29
4/21/2024 0:30,10.09
4/21/2024 0:45,9.86
4/21/2024 1:00,9.49
4/21/2024 1:15,9.12
4/21/2024 1:30,8.68
4/21/2024 1:45,8.37
4/21/2024 2:00,8.03
4/21/2024 2:15,7.749
4/21/2024 2:30,7.426
4/21/2024 2:45,7.038
4/21/2024 3:00,6.632
4/21/2024 3:15,6.363
4/21/2024 3:30,6.083
4/21/2024 3:45,5.64
4/21/2024 4:00,5.18
4/21/2024 4:15,4.752
4/21/2024 4:30,4.379
4/21/2024 4:45,4.081
4/21/2024 5:00,3.851
4/21/2024 5:15,3.725
4/21/2024 5:30,3.683
4/21/2024 5:45,3.726
4/21/2024 6:00,3.874
4/21/2024 6:15,4.136
4/21/2024 6:30,4.473
4/21/2024 6:45,4.942
4/21/2024 7:00,5.448
4/21/2024 7:15,5.894
4/21/2024 7:30,6.306
4/21/2024 7:45,6.674
4/21/2024 8:00,6.91
4/21/2024 8:15,7.172
4/21/2024 8:30,7.552
4/21/2024 8:45,8.18
4/21/2024 9:00,9.15
4/21/2024 9:15,9.76
4/21/2024 9:30,10.12
4/21/2024 9:45,11.32
4/21/2024 10:00,13.18
4/21/2024 10:15,14.26
4/21/2024 10:30,15.02
4/21/2024 10:45,15.59
4/21/2024 11:00,16.72
4/21/2024 11:15,18.22
4/21/2024 11:30,18.9
4/21/2024 11:45,20.84
4/21/2024 12:00,20.15
4/21/2024 12:15,19.52
4/21/2024 12:30,18.85
4/21/2024 12:45,18.45
4/21/2024 13:00,17.98
4/21/2024 13:15,17.39
4/21/2024 13:30,17.21
4/21/2024 13:45,17.17
4/21/2024 14:00,17.42
4/21/2024 14:15,17.46
4/21/2024 14:30,17.31
4/21/2024 14:45,17.32
4/21/2024 15:00,17.05
4/21/2024 15:15,16.36
4/21/2024 15:30,15.7
4/21/2024 15:45,15.54
4/21/2024 16:00,15.94
4/21/2024 16:15,15.76
4/21/2024 16:30,15.48
4/21/2024 16:45,14.79
4/21/2024 17:00,14.26
4/21/2024 17:15,13.61
4/21/2024 17:30,13.06
4/21/2024 17:45,12.63
4/21/2024 18:00,12.17
4/21/2024 18:15,11.6
4/21/2024 18:30,10.98
4/21/2024 18:45,10.34
4/21/2024 19:00,9.57
4/21/2024 19:15,8.7
4/21/2024 19:30,7.85
4/21/2024 19:45,6.949
4/21/2024 20:00,6.079
4/21/2024 20:15,5.209
4/21/2024 20:30,4.393
4/21/2024 20:45,3.746
4/21/2024 21:00,3.464
4/21/2024 21:15,3.458
4/21/2024 21:30,3.653
4/21/2024 21:45,3.913
4/21/2024 22:00,4.088
4/21/2024 22:15,4.191
4/21/2024 22:30,4.242
4/21/2024 22:45,4.156
4/21/2024 23:00,4.089
4/21/2024 23:15,4
4/21/2024 23:30,3.752
4/21/2024 23:45,3.306
4/22/2024 0:00,2.831
4/22/2024 0:15,2.285
4/22/2024 0:30,1.778
4/22/2024 0:45,1.326
4/22/2024 1:00,0.912
4/22/2024 1:15,0.698
4/22/2024 1:30,0.696
4/22/2024 1:45,0.786
4/22/2024 2:00,0.911
4/22/2024 2:15,1.11
4/22/2024 2:30,1.371
4/22/2024 2:45,1.494
4/22/2024 3:00,1.593
4/22/2024 3:15,1.654
4/22/2024 3:30,1.551
4/22/2024 3:45,1.318
4/22/2024 4:00,1.022
4/22/2024 4:15,0.666
4/22/2024 4:30,0.311
4/22/2024 4:45,0.028
4/22/2024 5:00,-0.264
4/22/2024 5:15,-0.413
4/22/2024 5:30,0.1
4/22/2024 5:45,1.63
4/22/2024 6:00,3.594
4/22/2024 6:15,5.491
4/22/2024 6:30,6.848
4/22/2024 6:45,8.17
4/22/2024 7:00,9.5
4/22/2024 7:15,10.93
4/22/2024 7:30,12.24
4/22/2024 7:45,13.46
4/22/2024 8:00,14.29
4/22/2024 8:15,15
4/22/2024 8:30,15.66
4/22/2024 8:45,16.25
4/22/2024 9:00,17.07
4/22/2024 9:15,17.65
4/22/2024 9:30,18.51
4/22/2024 9:45,19.76
4/22/2024 10:00,22.75
4/22/2024 10:15,26.09
4/22/2024 10:30,27.35
4/22/2024 10:45,28.26
4/22/2024 11:00,30.48
4/22/2024 11:15,31.85
4/22/2024 11:30,31.09
4/22/2024 11:45,29.51
4/22/2024 12:00,27.12
4/22/2024 12:15,25.02
4/22/2024 12:30,23.69
4/22/2024 12:45,23.14
4/22/2024 13:00,22.63
4/22/2024 13:15,22.21
4/22/2024 13:30,21.75
4/22/2024 13:45,21.33
4/22/2024 14:00,21.35
4/22/2024 14:15,20.94
4/22/2024 14:30,20.64
4/22/2024 14:45,20.37
4/22/2024 15:00,20.12
4/22/2024 15:15,19.88
4/22/2024 15:30,19.78
4/22/2024 15:45,19.54
4/22/2024 16:00,19.36
4/22/2024 16:15,19.19
4/22/2024 16:30,19.01
4/22/2024 16:45,18.62
4/22/2024 17:00,18.25
4/22/2024 17:15,17.81
4/22/2024 17:30,17.37
4/22/2024 17:45,16.95
4/22/2024 18:00,16.6
4/22/2024 18:15,15.42
4/22/2024 18:30,13.73
4/22/2024 18:45,12.19
4/22/2024 19:00,10.89
4/22/2024 19:15,9.76
4/22/2024 19:30,8.49
4/22/2024 19:45,7.36
4/22/2024 20:00,6.451
4/22/2024 20:15,5.679
4/22/2024 20:30,4.931
4/22/2024 20:45,4.196
4/22/2024 21:00,3.479
4/22/2024 21:15,2.876
4/22/2024 21:30,2.332
4/22/2024 21:45,1.825
4/22/2024 22:00,1.361
4/22/2024 22:15,1.009
4/22/2024 22:30,0.603
4/22/2024 22:45,0.242
4/22/2024 23:00,-0.05
4/22/2024 23:15,-0.31
4/22/2024 23:30,-0.636
4/22/2024 23:45,-0.911
4/23/2024 0:00,-1.112
4/23/2024 0:15,-1.304
4/23/2024 0:30,-1.468
4/23/2024 0:45,-1.65
4/23/2024 1:00,-1.854
4/23/2024 1:15,-2.013
4/23/2024 1:30,-2.209
4/23/2024 1:45,-2.405
4/23/2024 2:00,-2.49
4/23/2024 2:15,-2.555
4/23/2024 2:30,-2.626
4/23/2024 2:45,-2.697
4/23/2024 3:00,-2.813
4/23/2024 3:15,-2.963
4/23/2024 3:30,-3.041
4/23/2024 3:45,-3.181
4/23/2024 4:00,-3.305
4/23/2024 4:15,-3.448
4/23/2024 4:30,-3.577
4/23/2024 4:45,-3.611
4/23/2024 5:00,-3.596
4/23/2024 5:15,-3.298
4/23/2024 5:30,-2.101
4/23/2024 5:45,-0.499
4/23/2024 6:00,1.025
4/23/2024 6:15,2.966
4/23/2024 6:30,5.251
4/23/2024 6:45,6.919
4/23/2024 7:00,8.08
4/23/2024 7:15,9.31
4/23/2024 7:30,10.66
4/23/2024 7:45,12.02
4/23/2024 8:00,13.13
4/23/2024 8:15,13.96
4/23/2024 8:30,14.99
4/23/2024 8:45,15.82
4/23/2024 9:00,16.57
4/23/2024 9:15,17.43
4/23/2024 9:30,18.38
4/23/2024 9:45,19.81
4/23/2024 10:00,22.76
4/23/2024 10:15,25.82
4/23/2024 10:30,27.14
4/23/2024 10:45,27.86
4/23/2024 11:00,28.75
4/23/2024 11:15,29.57
4/23/2024 11:30,29.22
4/23/2024 11:45,28.74
4/23/2024 12:00,27.29
4/23/2024 12:15,25.65
4/23/2024 12:30,25.01
4/23/2024 12:45,24.87
4/23/2024 13:00,24.86
4/23/2024 13:15,24.74
4/23/2024 13:30,24.78
4/23/2024 13:45,24.71
4/23/2024 14:00,24.92
4/23/2024 14:15,24.83
4/23/2024 14:30,24.71
4/23/2024 14:45,24.4
4/23/2024 15:00,24.29
4/23/2024 15:15,24.02
4/23/2024 15:30,23.85
4/23/2024 15:45,23.62
4/23/2024 16:00,23.28
4/23/2024 16:15,22.98
4/23/2024 16:30,22.67
4/23/2024 16:45,22.3
4/23/2024 17:00,22.05
4/23/2024 17:15,21.78
4/23/2024 17:30,21.12
4/23/2024 17:45,20.2
4/23/2024 18:00,19.03
4/23/2024 18:15,18.08
4/23/2024 18:30,16.95
4/23/2024 18:45,15.75
4/23/2024 19:00,14.4
4/23/2024 19:15,13.07
4/23/2024 19:30,11.88
4/23/2024 19:45,10.81
4/23/2024 20:00,9.7
4/23/2024 20:15,8.81
4/23/2024 20:30,8.19
4/23/2024 20:45,7.639
4/23/2024 21:00,7.07
4/23/2024 21:15,6.458
4/23/2024 21:30,5.911
4/23/2024 21:45,5.396
4/23/2024 22:00,4.904
4/23/2024 22:15,4.444
4/23/2024 22:30,3.986
4/23/2024 22:45,3.613
4/23/2024 23:00,3.243
4/23/2024 23:15,2.911
4/23/2024 23:30,2.603
4/23/2024 23:45,2.341
4/24/2024 0:00,2.114
4/24/2024 0:15,1.85
4/24/2024 0:30,1.597
4/24/2024 0:45,1.34
4/24/2024 1:00,1.115
4/24/2024 1:15,0.926
4/24/2024 1:30,0.744
4/24/2024 1:45,0.607
4/24/2024 2:00,0.406
4/24/2024 2:15,0.179
4/24/2024 2:30,-0.02
4/24/2024 2:45,-0.267
4/24/2024 3:00,-0.507
4/24/2024 3:15,-0.691
4/24/2024 3:30,-0.847
4/24/2024 3:45,-0.979
4/24/2024 4:00,-1.123
4/24/2024 4:15,-1.225
4/24/2024 4:30,-1.375
4/24/2024 4:45,-1.446
4/24/2024 5:00,-1.495
4/24/2024 5:15,-1.317
4/24/2024 5:30,-0.391
4/24/2024 5:45,1.365
4/24/2024 6:00,3.524
4/24/2024 6:15,5.745
4/24/2024 6:30,8.03
4/24/2024 6:45,10.27
4/24/2024 7:00,12.34
4/24/2024 7:15,14.05
4/24/2024 7:30,15.45
4/24/2024 7:45,16.02
4/24/2024 8:00,16.87
4/24/2024 8:15,17.89
4/24/2024 8:30,18.96
4/24/2024 8:45,19.89
4/24/2024 9:00,20.87
4/24/2024 9:15,21.85
4/24/2024 9:30,23
4/24/2024 9:45,24.11
4/24/2024 10:00,25.66
4/24/2024 10:15,28.1
4/24/2024 10:30,29.57
4/24/2024 10:45,30.85
4/24/2024 11:00,32.57
4/24/2024 11:15,33.55
4/24/2024 11:30,33.43
4/24/2024 11:45,30.79
4/24/2024 12:00,28.27
4/24/2024 12:15,26.59
4/24/2024 12:30,25.37
4/24/2024 12:45,24.05
4/24/2024 13:00,22.79
4/24/2024 13:15,22.1
4/24/2024 13:30,21.55
4/24/2024 13:45,21.93
4/24/2024 14:00,22.28
4/24/2024 14:15,22.42
4/24/2024 14:30,22.22
4/24/2024 14:45,21.51
4/24/2024 15:00,21.31
4/24/2024 15:15,20.9
4/24/2024 15:30,20.38
4/24/2024 15:45,19.72
4/24/2024 16:00,18.93
4/24/2024 16:15,18.19
4/24/2024 16:30,17.79
4/24/2024 16:45,17.43
4/24/2024 17:00,16.95
4/24/2024 17:15,16.46
4/24/2024 17:30,15.98
4/24/2024 17:45,15.49
4/24/2024 18:00,15.06
4/24/2024 18:15,14.91
4/24/2024 18:30,14.5
4/24/2024 18:45,14.01
4/24/2024 19:00,13.45
4/24/2024 19:15,12.81
4/24/2024 19:30,12.11
4/24/2024 19:45,11.37
4/24/2024 20:00,10.6
4/24/2024 20:15,9.87
4/24/2024 20:30,9.12
4/24/2024 20:45,8.35
4/24/2024 21:00,7.644
4/24/2024 21:15,6.942
4/24/2024 21:30,6.269
4/24/2024 21:45,5.657
4/24/2024 22:00,5.118
4/24/2024 22:15,4.798
4/24/2024 22:30,4.54
4/24/2024 22:45,4.243
4/24/2024 23:00,3.926
4/24/2024 23:15,3.764
4/24/2024 23:30,3.627
4/24/2024 23:45,3.5
4/25/2024 0:00,3.574
4/25/2024 0:15,3.84
4/25/2024 0:30,4.117
4/25/2024 0:45,4.335
4/25/2024 1:00,4.373
4/25/2024 1:15,4.299
4/25/2024 1:30,4.247
4/25/2024 1:45,4.221
4/25/2024 2:00,4.111
4/25/2024 2:15,4.008
4/25/2024 2:30,3.988
4/25/2024 2:45,4.036
4/25/2024 3:00,4.167
4/25/2024 3:15,4.373
4/25/2024 3:30,4.597
4/25/2024 3:45,4.855
4/25/2024 4:00,5.142
4/25/2024 4:15,5.334
4/25/2024 4:30,5.537
4/25/2024 4:45,5.719
4/25/2024 5:00,5.82
4/25/2024 5:15,5.99
4/25/2024 5:30,6.261
4/25/2024 5:45,6.648
4/25/2024 6:00,7.18
4/25/2024 6:15,7.784
4/25/2024 6:30,8.42
4/25/2024 6:45,9
4/25/2024 7:00,9.77
4/25/2024 7:15,10.95
4/25/2024 7:30,12.09
4/25/2024 7:45,13.52
4/25/2024 8:00,14.85
4/25/2024 8:15,15.31
4/25/2024 8:30,16.31
4/25/2024 8:45,17.79
4/25/2024 9:00,18.52
4/25/2024 9:15,19
4/25/2024 9:30,19.54
4/25/2024 9:45,19.57
4/25/2024 10:00,19.8
4/25/2024 10:15,20.34
4/25/2024 10:30,21.03
4/25/2024 10:45,24.55
4/25/2024 11:00,27.82
4/25/2024 11:15,26.05
4/25/2024 11:30,24.61
4/25/2024 11:45,24.42
4/25/2024 12:00,25.41
4/25/2024 12:15,25.04
4/25/2024 12:30,25.34
4/25/2024 12:45,25.09
4/25/2024 13:00,24.51
4/25/2024 13:15,24.19
4/25/2024 13:30,23.71
4/25/2024 13:45,23.35
4/25/2024 14:00,22.81
4/25/2024 14:15,22.35
4/25/2024 14:30,21.93
4/25/2024 14:45,21.47
4/25/2024 15:00,21
4/25/2024 15:15,20.45
4/25/2024 15:30,19.92
4/25/2024 15:45,19.27
4/25/2024 16:00,18.48
4/25/2024 16:15,17.63
4/25/2024 16:30,16.91
4/25/2024 16:45,16.11
4/25/2024 17:00,15.07
4/25/2024 17:15,13.99
4/25/2024 17:30,12.67
4/25/2024 17:45,11.67
4/25/2024 18:00,10.88
4/25/2024 18:15,10.14
4/25/2024 18:30,9.62
4/25/2024 18:45,9.22
4/25/2024 19:00,8.95
4/25/2024 19:15,8.81
4/25/2024 19:30,8.75
4/25/2024 19:45,8.69
4/25/2024 20:00,8.64
4/25/2024 20:15,8.6
4/25/2024 20:30,8.57
4/25/2024 20:45,8.54
4/25/2024 21:00,8.49
4/25/2024 21:15,8.36
4/25/2024 21:30,8.08
4/25/2024 21:45,7.739
4/25/2024 22:00,7.377
4/25/2024 22:15,7.014
4/25/2024 22:30,6.678
4/25/2024 22:45,6.371
4/25/2024 23:00,6.173
4/25/2024 23:15,6.098
4/25/2024 23:30,6.099
4/25/2024 23:45,6.143
4/26/2024 0:00,6.171
4/26/2024 0:15,6.238
4/26/2024 0:30,6.272
4/26/2024 0:45,6.293
4/26/2024 1:00,6.376
4/26/2024 1:15,6.51
4/26/2024 1:30,6.643
4/26/2024 1:45,6.777
4/26/2024 2:00,6.869
4/26/2024 2:15,6.954
4/26/2024 2:30,7.018
4/26/2024 2:45,7.021
4/26/2024 3:00,7.034
4/26/2024 3:15,7.09
4/26/2024 3:30,7.126
4/26/2024 3:45,7.169
4/26/2024 4:00,7.19
4/26/2024 4:15,7.179
4/26/2024 4:30,7.192
4/26/2024 4:45,7.212
4/26/2024 5:00,7.233
4/26/2024 5:15,7.18
4/26/2024 5:30,7.046
4/26/2024 5:45,6.953
4/26/2024 6:00,7.145
4/26/2024 6:15,7.657
4/26/2024 6:30,8.89
4/26/2024 6:45,9.61
4/26/2024 7:00,9.76
4/26/2024 7:15,10.15
4/26/2024 7:30,11.65
4/26/2024 7:45,13.26
4/26/2024 8:00,14.19
4/26/2024 8:15,15.52
4/26/2024 8:30,15.98
4/26/2024 8:45,15.74
4/26/2024 9:00,15.45
4/26/2024 9:15,15.99
4/26/2024 9:30,16.91
4/26/2024 9:45,17.7
4/26/2024 10:00,18.78
4/26/2024 10:15,18.8
4/26/2024 10:30,17.37
4/26/2024 10:45,17.39
4/26/2024 11:00,16.99
4/26/2024 11:15,16.48
4/26/2024 11:30,16.27
4/26/2024 11:45,17.07
4/26/2024 12:00,18.26
4/26/2024 12:15,18.96
4/26/2024 12:30,19.02
4/26/2024 12:45,18.77
4/26/2024 13:00,17.87
4/26/2024 13:15,17.23
4/26/2024 13:30,16.67
4/26/2024 13:45,16.66
4/26/2024 14:00,17.33
4/26/2024 14:15,17.58
4/26/2024 14:30,18.01
4/26/2024 14:45,18.72
4/26/2024 15:00,18.72
4/26/2024 15:15,18.26
4/26/2024 15:30,18.39
4/26/2024 15:45,18.43
4/26/2024 16:00,18.51
4/26/2024 16:15,18.22
4/26/2024 16:30,18.41
4/26/2024 16:45,18.83
4/26/2024 17:00,18.67
4/26/2024 17:15,18.45
4/26/2024 17:30,18.51
4/26/2024 17:45,18.79
4/26/2024 18:00,18.96
4/26/2024 18:15,18.53
4/26/2024 18:30,17.1
4/26/2024 18:45,15.83
4/26/2024 19:00,14.71
4/26/2024 19:15,13.62
4/26/2024 19:30,12.56
4/26/2024 19:45,11.62
4/26/2024 20:00,10.7
4/26/2024 20:15,9.9
4/26/2024 20:30,9.17
4/26/2024 20:45,8.51
4/26/2024 21:00,7.963
4/26/2024 21:15,7.437
4/26/2024 21:30,6.916
4/26/2024 21:45,6.387
4/26/2024 22:00,5.951
4/26/2024 22:15,5.614
4/26/2024 22:30,5.29
4/26/2024 22:45,5.069
4/26/2024 23:00,4.917
4/26/2024 23:15,4.774
4/26/2024 23:30,4.662
4/26/2024 23:45,4.552
4/27/2024 0:00,4.398
4/27/2024 0:15,4.284
4/27/2024 0:30,4.168
4/27/2024 0:45,4.086
4/27/2024 1:00,3.985
4/27/2024 1:15,4.002
4/27/2024 1:30,4.357
4/27/2024 1:45,4.886
4/27/2024 2:00,5.357
4/27/2024 2:15,5.66
4/27/2024 2:30,5.837
4/27/2024 2:45,5.969
4/27/2024 3:00,6.179
4/27/2024 3:15,6.374
4/27/2024 3:30,6.542
4/27/2024 3:45,6.555
4/27/2024 4:00,6.449
4/27/2024 4:15,6.234
4/27/2024 4:30,6.129
4/27/2024 4:45,6.141
4/27/2024 5:00,6.167
4/27/2024 5:15,6.139
4/27/2024 5:30,6.067
4/27/2024 5:45,6.071
4/27/2024 6:00,6.357
4/27/2024 6:15,7.342
4/27/2024 6:30,8.49
4/27/2024 6:45,9.37
4/27/2024 7:00,9.65
4/27/2024 7:15,9.86
4/27/2024 7:30,10.26
4/27/2024 7:45,11.24
4/27/2024 8:00,12.97
4/27/2024 8:15,13.96
4/27/2024 8:30,14.4
4/27/2024 8:45,15.09
4/27/2024 9:00,15.69
4/27/2024 9:15,16.11
4/27/2024 9:30,16.58
4/27/2024 9:45,16.91
4/27/2024 10:00,17.11
4/27/2024 10:15,17.45
4/27/2024 10:30,17.89
4/27/2024 10:45,17.52
4/27/2024 11:00,17.75
4/27/2024 11:15,17.18
4/27/2024 11:30,19.74
4/27/2024 11:45,20.61
4/27/2024 12:00,19.7
4/27/2024 12:15,18.44
4/27/2024 12:30,16.74
4/27/2024 12:45,15.19
4/27/2024 13:00,13.96
4/27/2024 13:15,12.97
4/27/2024 13:30,12.18
4/27/2024 13:45,11.71
4/27/2024 14:00,11.52
4/27/2024 14:15,11.3
4/27/2024 14:30,11.17
4/27/2024 14:45,11.14
4/27/2024 15:00,11.49
4/27/2024 15:15,12.09
4/27/2024 15:30,12.38
4/27/2024 15:45,12.63
4/27/2024 16:00,13.16
4/27/2024 16:15,13.53
4/27/2024 16:30,13.65
4/27/2024 16:45,14
4/27/2024 17:00,14.26
4/27/2024 17:15,13.55
4/27/2024 17:30,12.69
4/27/2024 17:45,11.92
4/27/2024 18:00,11.61
4/27/2024 18:15,11.25
4/27/2024 18:30,10.75
4/27/2024 18:45,10.17
4/27/2024 19:00,9.55
4/27/2024 19:15,9.05
4/27/2024 19:30,8.65
4/27/2024 19:45,8.28
4/27/2024 20:00,7.934
4/27/2024 20:15,7.6
4/27/2024 20:30,7.275
4/27/2024 20:45,6.89
4/27/2024 21:00,6.476
4/27/2024 21:15,6.08
4/27/2024 21:30,5.868
4/27/2024 21:45,5.811
4/27/2024 22:00,5.827
4/27/2024 22:15,5.859
4/27/2024 22:30,5.84
4/27/2024 22:45,5.832
4/27/2024 23:00,5.806
4/27/2024 23:15,5.817
4/27/2024 23:30,5.88
4/27/2024 23:45,5.951
4/28/2024 0:00,6.022
4/28/2024 0:15,6.025
4/28/2024 0:30,5.951
4/28/2024 0:45,5.825
4/28/2024 1:00,5.576
4/28/2024 1:15,5.312
4/28/2024 1:30,5.011
4/28/2024 1:45,4.976
4/28/2024 2:00,5.235
4/28/2024 2:15,5.495
4/28/2024 2:30,5.618
4/28/2024 2:45,5.716
4/28/2024 3:00,5.784
4/28/2024 3:15,5.834
4/28/2024 3:30,5.919
4/28/2024 3:45,5.945
4/28/2024 4:00,5.905
4/28/2024 4:15,5.894
4/28/2024 4:30,5.924
4/28/2024 4:45,6.025
4/28/2024 5:00,6.17
4/28/2024 5:15,6.321
4/28/2024 5:30,6.41
4/28/2024 5:45,6.596
4/28/2024 6:00,6.936
4/28/2024 6:15,7.255
4/28/2024 6:30,8.32
4/28/2024 6:45,10.45
4/28/2024 7:00,11.45
4/28/2024 7:15,11.63
4/28/2024 7:30,11.52
4/28/2024 7:45,11.48
4/28/2024 8:00,11.66
4/28/2024 8:15,11.92
4/28/2024 8:30,11.84
4/28/2024 8:45,11.82
4/28/2024 9:00,12.22
4/28/2024 9:15,13.43
4/28/2024 9:30,14.16
4/28/2024 9:45,14.41
4/28/2024 10:00,16.13
4/28/2024 10:15,16.86
4/28/2024 10:30,17.91
4/28/2024 10:45,18.85
4/28/2024 11:00,17.86
4/28/2024 11:15,16.73
4/28/2024 11:30,16.36
4/28/2024 11:45,16.26
4/28/2024 12:00,16.51
4/28/2024 12:15,16.87
4/28/2024 12:30,16.59
4/28/2024 12:45,16.54
4/28/2024 13:00,16.56
4/28/2024 13:15,17.09
4/28/2024 13:30,17.43
4/28/2024 13:45,17.72
4/28/2024 14:00,17.81
4/28/2024 14:15,17.91
4/28/2024 14:30,17.78
4/28/2024 14:45,17.77
4/28/2024 15:00,17.62
4/28/2024 15:15,17.08
4/28/2024 15:30,16.54
4/28/2024 15:45,16.05
4/28/2024 16:00,15.48
4/28/2024 16:15,14.91
4/28/2024 16:30,14.48
4/28/2024 16:45,14.21
4/28/2024 17:00,13.98
4/28/2024 17:15,13.71
4/28/2024 17:30,13.46
4/28/2024 17:45,13.95
4/28/2024 18:00,14.53
4/28/2024 18:15,14.57
4/28/2024 18:30,13.45
4/28/2024 18:45,12.37
4/28/2024 19:00,11.43
4/28/2024 19:15,10.63
4/28/2024 19:30,10.01
4/28/2024 19:45,9.51
4/28/2024 20:00,9.12
4/28/2024 20:15,8.86
4/28/2024 20:30,8.67
4/28/2024 20:45,8.55
4/28/2024 21:00,8.5
4/28/2024 21:15,8.48
4/28/2024 21:30,8.45
4/28/2024 21:45,8.4
4/28/2024 22:00,8.31
4/28/2024 22:15,8.19
4/28/2024 22:30,8.05
4/28/2024 22:45,7.896
4/28/2024 23:00,7.708
4/28/2024 23:15,7.512
4/28/2024 23:30,7.297
4/28/2024 23:45,7.075
4/29/2024 0:00,6.863
4/29/2024 0:15,6.65
4/29/2024 0:30,6.444
4/29/2024 0:45,6.25
4/29/2024 1:00,6.084
4/29/2024 1:15,5.945
4/29/2024 1:30,5.845
4/29/2024 1:45,5.728
4/29/2024 2:00,5.607
4/29/2024 2:15,5.47
4/29/2024 2:30,5.296
4/29/2024 2:45,5.131
4/29/2024 3:00,5.001
4/29/2024 3:15,4.889
4/29/2024 3:30,4.844
4/29/2024 3:45,4.837
4/29/2024 4:00,4.832
4/29/2024 4:15,4.807
4/29/2024 4:30,4.762
4/29/2024 4:45,4.74
4/29/2024 5:00,4.718
4/29/2024 5:15,4.681
4/29/2024 5:30,4.67
4/29/2024 5:45,4.712
4/29/2024 6:00,4.849
4/29/2024 6:15,5.12
4/29/2024 6:30,5.423
4/29/2024 6:45,5.906
4/29/2024 7:00,6.336
4/29/2024 7:15,6.991
4/29/2024 7:30,8.12
4/29/2024 7:45,10.2
4/29/2024 8:00,11.09
4/29/2024 8:15,10.94
4/29/2024 8:30,10.9
4/29/2024 8:45,10.94
4/29/2024 9:00,10.85
4/29/2024 9:15,10.83
4/29/2024 9:30,11.46
4/29/2024 9:45,12.62
4/29/2024 10:00,14.18
4/29/2024 10:15,14.52
4/29/2024 10:30,14.52
4/29/2024 10:45,15.12
4/29/2024 11:00,14.12
4/29/2024 11:15,11.86
4/29/2024 11:30,10.49
4/29/2024 11:45,8.86
4/29/2024 12:00,8.5
4/29/2024 12:15,9.1
4/29/2024 12:30,9.77
4/29/2024 12:45,10.7
4/29/2024 13:00,11.79
4/29/2024 13:15,12.17
4/29/2024 13:30,11.6
4/29/2024 13:45,11.18
4/29/2024 14:00,10.1
4/29/2024 14:15,10.31
4/29/2024 14:30,10.61
4/29/2024 14:45,10.83
4/29/2024 15:00,10.54
4/29/2024 15:15,10.22
4/29/2024 15:30,10.23
4/29/2024 15:45,10.6
4/29/2024 16:00,10.37
4/29/2024 16:15,9.73
4/29/2024 16:30,8.75
4/29/2024 16:45,8.2
4/29/2024 17:00,7.734
4/29/2024 17:15,7.258
4/29/2024 17:30,6.864
4/29/2024 17:45,6.681
4/29/2024 18:00,6.519
4/29/2024 18:15,6.143
4/29/2024 18:30,5.413
4/29/2024 18:45,4.817
4/29/2024 19:00,4.448
4/29/2024 19:15,4.244
4/29/2024 19:30,4.14
4/29/2024 19:45,3.95
4/29/2024 20:00,3.781
4/29/2024 20:15,3.501
4/29/2024 20:30,3.037
4/29/2024 20:45,2.549
4/29/2024 21:00,2.076
4/29/2024 21:15,1.651
4/29/2024 21:30,1.208
4/29/2024 21:45,0.808
4/29/2024 22:00,0.431
4/29/2024 22:15,0.039
4/29/2024 22:30,-0.297
4/29/2024 22:45,-0.483
4/29/2024 23:00,-0.63
4/29/2024 23:15,-0.782
4/29/2024 23:30,-0.851
4/29/2024 23:45,-0.886
4/30/2024 0:00,-0.929
4/30/2024 0:15,-1.025
4/30/2024 0:30,-1.137
4/30/2024 0:45,-1.274
4/30/2024 1:00,-1.5
4/30/2024 1:15,-1.683
4/30/2024 1:30,-1.836
4/30/2024 1:45,-2.015
4/30/2024 2:00,-2.224
4/30/2024 2:15,-2.337
4/30/2024 2:30,-2.211
4/30/2024 2:45,-1.989
4/30/2024 3:00,-1.889
4/30/2024 3:15,-1.854
4/30/2024 3:30,-1.672
4/30/2024 3:45,-1.451
4/30/2024 4:00,-1.261
4/30/2024 4:15,-1.098
4/30/2024 4:30,-1.012
4/30/2024 4:45,-0.776
4/30/2024 5:00,-0.362
4/30/2024 5:15,-0.045
4/30/2024 5:30,0.27
4/30/2024 5:45,0.646
4/30/2024 6:00,0.949
4/30/2024 6:15,1.349
4/30/2024 6:30,1.893
4/30/2024 6:45,2.513
4/30/2024 7:00,3.123
4/30/2024 7:15,3.646
4/30/2024 7:30,4.271
4/30/2024 7:45,5.203
4/30/2024 8:00,6.617
4/30/2024 8:15,8.29
4/30/2024 8:30,9.2
4/30/2024 8:45,9.97
4/30/2024 9:00,10.51
4/30/2024 9:15,10.39
4/30/2024 9:30,11.15
4/30/2024 9:45,11.8
4/30/2024 10:00,13.03
4/30/2024 10:15,13.77
4/30/2024 10:30,14.51
4/30/2024 10:45,14.21
4/30/2024 11:00,12.74
4/30/2024 11:15,13.91
4/30/2024 11:30,14.97
4/30/2024 11:45,15.16
4/30/2024 12:00,15.67
4/30/2024 12:15,16.03
4/30/2024 12:30,14.46
4/30/2024 12:45,14.06
4/30/2024 13:00,13.35
4/30/2024 13:15,12.77
4/30/2024 13:30,13.37
4/30/2024 13:45,13.18
4/30/2024 14:00,12.37
4/30/2024 14:15,12.26
4/30/2024 14:30,11.66
4/30/2024 14:45,11.28
4/30/2024 15:00,11.99
4/30/2024 15:15,12.76
4/30/2024 15:30,12.95
4/30/2024 15:45,13.18
4/30/2024 16:00,12.98
4/30/2024 16:15,12.58
4/30/2024 16:30,11.99
4/30/2024 16:45,11.98
4/30/2024 17:00,11.61
4/30/2024 17:15,11.21
4/30/2024 17:30,10.58
4/30/2024 17:45,9.99
4/30/2024 18:00,10.19
4/30/2024 18:15,9.61
4/30/2024 18:30,8.86
4/30/2024 18:45,8.04
4/30/2024 19:00,7.122
4/30/2024 19:15,6.107
4/30/2024 19:30,5.094
4/30/2024 19:45,4.284
4/30/2024 20:00,3.772
4/30/2024 20:15,3.429
4/30/2024 20:30,3.214
4/30/2024 20:45,3.091
4/30/2024 21:00,2.987
4/30/2024 21:15,2.843
4/30/2024 21:30,2.694
4/30/2024 21:45,2.679
4/30/2024 22:00,2.798
4/30/2024 22:15,2.954
4/30/2024 22:30,3.035
4/30/2024 22:45,2.896
4/30/2024 23:00,2.734
4/30/2024 23:15,2.609
4/30/2024 23:30,2.42
4/30/2024 23:45,2.146
5/1/2024 0:00,1.775
5/1/2024 0:15,1.277
5/1/2024 0:30,0.769
5/1/2024 0:45,0.325
5/1/2024 1:00,-0.065
5/1/2024 1:15,-0.332
5/1/2024 1:30,-0.696
5/1/2024 1:45,-1.084
5/1/2024 2:00,-1.4
5/1/2024 2:15,-1.458
5/1/2024 2:30,-1.402
5/1/2024 2:45,-1.361
5/1/2024 3:00,-1.372
5/1/2024 3:15,-1.435
5/1/2024 3:30,-1.226
5/1/2024 3:45,-0.908
5/1/2024 4:00,-0.736
5/1/2024 4:15,-0.719
5/1/2024 4:30,-0.86
5/1/2024 4:45,-1.169
5/1/2024 5:00,-1.464
5/1/2024 5:15,-1.584
5/1/2024 5:30,-1.365
5/1/2024 5:45,-0.77
5/1/2024 6:00,0.045
5/1/2024 6:15,0.859
5/1/2024 6:30,1.484
5/1/2024 6:45,1.996
5/1/2024 7:00,2.556
5/1/2024 7:15,3.356
5/1/2024 7:30,4.126
5/1/2024 7:45,4.909
5/1/2024 8:00,5.372
5/1/2024 8:15,5.952
5/1/2024 8:30,7.124
5/1/2024 8:45,8.64
5/1/2024 9:00,9.99
5/1/2024 9:15,10.67
5/1/2024 9:30,11.32
5/1/2024 9:45,13.09
5/1/2024 10:00,16.73
5/1/2024 10:15,20.21
5/1/2024 10:30,20.62
5/1/2024 10:45,20.94
5/1/2024 11:00,22.16
5/1/2024 11:15,23.46
5/1/2024 11:30,21.93
5/1/2024 11:45,19.92
5/1/2024 12:00,18.56
5/1/2024 12:15,18.5
5/1/2024 12:30,18.16
5/1/2024 12:45,18.14
5/1/2024 13:00,17.86
5/1/2024 13:15,18.05
5/1/2024 13:30,17.39
5/1/2024 13:45,17.33
5/1/2024 14:00,17.2
5/1/2024 14:15,16.89
5/1/2024 14:30,16.69
5/1/2024 14:45,16.48
5/1/2024 15:00,16.44
5/1/2024 15:15,16.46
5/1/2024 15:30,16.46
5/1/2024 15:45,16.46
5/1/2024 16:00,16.42
5/1/2024 16:15,16.29
5/1/2024 16:30,16.03
5/1/2024 16:45,15.64
5/1/2024 17:00,15.35
5/1/2024 17:15,15.1
5/1/2024 17:30,14.85
5/1/2024 17:45,14.59
5/1/2024 18:00,14.39
5/1/2024 18:15,14.19
5/1/2024 18:30,12.88
5/1/2024 18:45,11.47
5/1/2024 19:00,10.22
5/1/2024 19:15,8.99
5/1/2024 19:30,7.705
5/1/2024 19:45,6.508
5/1/2024 20:00,5.401
5/1/2024 20:15,4.392
5/1/2024 20:30,3.468
5/1/2024 20:45,2.757
5/1/2024 21:00,2.081
5/1/2024 21:15,1.456
5/1/2024 21:30,0.918
5/1/2024 21:45,0.447
5/1/2024 22:00,0.008
5/1/2024 22:15,-0.427
5/1/2024 22:30,-0.803
5/1/2024 22:45,-1.051
5/1/2024 23:00,-1.238
5/1/2024 23:15,-1.428
5/1/2024 23:30,-1.541
5/1/2024 23:45,-1.194
5/2/2024 0:00,-0.953
5/2/2024 0:15,-0.64
5/2/2024 0:30,-0.315
5/2/2024 0:45,-0.161
5/2/2024 1:00,-0.031
5/2/2024 1:15,0.143
5/2/2024 1:30,0.409
5/2/2024 1:45,0.607
5/2/2024 2:00,0.655
5/2/2024 2:15,0.65
5/2/2024 2:30,0.668
5/2/2024 2:45,0.583
5/2/2024 3:00,0.4
5/2/2024 3:15,0.274
5/2/2024 3:30,0.145
5/2/2024 3:45,0.051
5/2/2024 4:00,0.01
5/2/2024 4:15,0.004
5/2/2024 4:30,-0.021
5/2/2024 4:45,0.019
5/2/2024 5:00,0.192
5/2/2024 5:15,0.945
5/2/2024 5:30,2.415
5/2/2024 5:45,4.062
5/2/2024 6:00,5.561
5/2/2024 6:15,6.82
5/2/2024 6:30,7.847
5/2/2024 6:45,8.77
5/2/2024 7:00,9.67
5/2/2024 7:15,10.53
5/2/2024 7:30,11.32
5/2/2024 7:45,12.05
5/2/2024 8:00,12.81
5/2/2024 8:15,13.45
5/2/2024 8:30,14.16
5/2/2024 8:45,14.93
5/2/2024 9:00,15.78
5/2/2024 9:15,16.73
5/2/2024 9:30,17.83
5/2/2024 9:45,19.32
5/2/2024 10:00,22.5
5/2/2024 10:15,26.15
5/2/2024 10:30,27.04
5/2/2024 10:45,27.25
5/2/2024 11:00,28.2
5/2/2024 11:15,28.83
5/2/2024 11:30,28.15
5/2/2024 11:45,26.73
5/2/2024 12:00,25.37
5/2/2024 12:15,24.72
5/2/2024 12:30,24.23
5/2/2024 12:45,23.93
5/2/2024 13:00,23.78
5/2/2024 13:15,23.03
5/2/2024 13:30,23.08
5/2/2024 13:45,22.84
5/2/2024 14:00,23.01
5/2/2024 14:15,23.24
5/2/2024 14:30,22.93
5/2/2024 14:45,21.46
5/2/2024 15:00,20.06
5/2/2024 15:15,18.93
5/2/2024 15:30,18.78
5/2/2024 15:45,19.15
5/2/2024 16:00,19.82
5/2/2024 16:15,20.21
5/2/2024 16:30,19.07
5/2/2024 16:45,17.79
5/2/2024 17:00,17.31
5/2/2024 17:15,17.6
5/2/2024 17:30,18.01
5/2/2024 17:45,17.89
5/2/2024 18:00,16.81
5/2/2024 18:15,15.76
5/2/2024 18:30,14.87
5/2/2024 18:45,14.03
5/2/2024 19:00,13.08
5/2/2024 19:15,12.1
5/2/2024 19:30,11.12
5/2/2024 19:45,10.13
5/2/2024 20:00,9.14
5/2/2024 20:15,8.2
5/2/2024 20:30,7.358
5/2/2024 20:45,6.741
5/2/2024 21:00,6.298
5/2/2024 21:15,5.842
5/2/2024 21:30,5.318
5/2/2024 21:45,4.662
5/2/2024 22:00,4.111
5/2/2024 22:15,3.954
5/2/2024 22:30,3.885
5/2/2024 22:45,3.703
5/2/2024 23:00,3.435
5/2/2024 23:15,3.012
5/2/2024 23:30,2.603
5/2/2024 23:45,2.124
5/3/2024 0:00,1.731
5/3/2024 0:15,1.36
5/3/2024 0:30,1.132
5/3/2024 0:45,0.927
5/3/2024 1:00,0.742
5/3/2024 1:15,0.579
5/3/2024 1:30,0.435
5/3/2024 1:45,0.319
5/3/2024 2:00,0.258
5/3/2024 2:15,0.196
5/3/2024 2:30,0.126
5/3/2024 2:45,0.019
5/3/2024 3:00,-0.12
5/3/2024 3:15,-0.184
5/3/2024 3:30,-0.12
5/3/2024 3:45,0.077
5/3/2024 4:00,0.389
5/3/2024 4:15,0.591
5/3/2024 4:30,0.629
5/3/2024 4:45,0.597
5/3/2024 5:00,0.587
5/3/2024 5:15,1.117
5/3/2024 5:30,2.564
5/3/2024 5:45,4.457
5/3/2024 6:00,6.444
5/3/2024 6:15,8.31
5/3/2024 6:30,10.16
5/3/2024 6:45,11.93
5/3/2024 7:00,13.53
5/3/2024 7:15,14.83
5/3/2024 7:30,15.81
5/3/2024 7:45,16.62
5/3/2024 8:00,17.35
5/3/2024 8:15,17.98
5/3/2024 8:30,18.49
5/3/2024 8:45,19.3
5/3/2024 9:00,19.95
5/3/2024 9:15,20.6
5/3/2024 9:30,21.48
5/3/2024 9:45,22.74
5/3/2024 10:00,25.6
5/3/2024 10:15,28.98
5/3/2024 10:30,29.64
5/3/2024 10:45,29.61
5/3/2024 11:00,30.14
5/3/2024 11:15,30.63
5/3/2024 11:30,29.75
5/3/2024 11:45,28.17
5/3/2024 12:00,26.82
5/3/2024 12:15,25.76
5/3/2024 12:30,24.99
5/3/2024 12:45,24.73
5/3/2024 13:00,24.02
5/3/2024 13:15,23.87
5/3/2024 13:30,23.7
5/3/2024 13:45,23.35
5/3/2024 14:00,22.82
5/3/2024 14:15,22.38
5/3/2024 14:30,21.89
5/3/2024 14:45,21.63
5/3/2024 15:00,21.47
5/3/2024 15:15,21.3
5/3/2024 15:30,21.16
5/3/2024 15:45,20.74
5/3/2024 16:00,20.62
5/3/2024 16:15,20.62
5/3/2024 16:30,20.52
5/3/2024 16:45,20.3
5/3/2024 17:00,19.67
5/3/2024 17:15,19.04
5/3/2024 17:30,18.31
5/3/2024 17:45,18.2
5/3/2024 18:00,18.52
5/3/2024 18:15,17.96
5/3/2024 18:30,16.88
5/3/2024 18:45,15.64
5/3/2024 19:00,14.39
5/3/2024 19:15,13.15
5/3/2024 19:30,12.07
5/3/2024 19:45,11.13
5/3/2024 20:00,10.34
5/3/2024 20:15,9.7
5/3/2024 20:30,9.11
5/3/2024 20:45,8.46
5/3/2024 21:00,7.889
5/3/2024 21:15,7.511
5/3/2024 21:30,7.379
5/3/2024 21:45,7.349
5/3/2024 22:00,7.438
5/3/2024 22:15,7.573
5/3/2024 22:30,7.898
5/3/2024 22:45,8.18
5/3/2024 23:00,8.49
5/3/2024 23:15,8.76
5/3/2024 23:30,8.84
5/3/2024 23:45,8.79
5/4/2024 0:00,8.74
5/4/2024 0:15,8.72
5/4/2024 0:30,8.62
5/4/2024 0:45,8.51
5/4/2024 1:00,8.47
5/4/2024 1:15,8.47
5/4/2024 1:30,8.52
5/4/2024 1:45,8.69
5/4/2024 2:00,8.91
5/4/2024 2:15,9.08
5/4/2024 2:30,9.25
5/4/2024 2:45,9.43
5/4/2024 3:00,9.59
5/4/2024 3:15,9.64
5/4/2024 3:30,9.59
5/4/2024 3:45,9.4
5/4/2024 4:00,9.16
5/4/2024 4:15,8.98
5/4/2024 4:30,8.92
5/4/2024 4:45,8.98
5/4/2024 5:00,9.13
5/4/2024 5:15,9.27
5/4/2024 5:30,9.4
5/4/2024 5:45,9.71
5/4/2024 6:00,11.07
5/4/2024 6:15,11.87
5/4/2024 6:30,12.04
5/4/2024 6:45,12.34
5/4/2024 7:00,13.06
5/4/2024 7:15,13.17
5/4/2024 7:30,13.47
5/4/2024 7:45,13.81
5/4/2024 8:00,13.87
5/4/2024 8:15,13.75
5/4/2024 8:30,13.6
5/4/2024 8:45,13.17
5/4/2024 9:00,12.74
5/4/2024 9:15,12.54
5/4/2024 9:30,12.76
5/4/2024 9:45,13.48
5/4/2024 10:00,14.57
5/4/2024 10:15,15.67
5/4/2024 10:30,17.02
5/4/2024 10:45,18.04
5/4/2024 11:00,18.48
5/4/2024 11:15,19.12
5/4/2024 11:30,19.7
5/4/2024 11:45,19.92
5/4/2024 12:00,19.77
5/4/2024 12:15,19.62
5/4/2024 12:30,19.56
5/4/2024 12:45,19.81
5/4/2024 13:00,20.15
5/4/2024 13:15,20.05
5/4/2024 13:30,19.69
5/4/2024 13:45,19.43
5/4/2024 14:00,19.16
5/4/2024 14:15,18.86
5/4/2024 14:30,18.68
5/4/2024 14:45,18.75
5/4/2024 15:00,18.86
5/4/2024 15:15,18.94
5/4/2024 15:30,19.03
5/4/2024 15:45,19.11
5/4/2024 16:00,19.19
5/4/2024 16:15,19.23
5/4/2024 16:30,19.09
5/4/2024 16:45,18.79
5/4/2024 17:00,18.37
5/4/2024 17:15,18.03
5/4/2024 17:30,17.76
5/4/2024 17:45,17.49
5/4/2024 18:00,17.2
5/4/2024 18:15,16.77
5/4/2024 18:30,16.24
5/4/2024 18:45,15.65
5/4/2024 19:00,15.07
5/4/2024 19:15,14.55
5/4/2024 19:30,14.09
5/4/2024 19:45,13.63
5/4/2024 20:00,13.17
5/4/2024 20:15,12.64
5/4/2024 20:30,12.08
5/4/2024 20:45,11.62
5/4/2024 21:00,11.3
5/4/2024 21:15,11.02
5/4/2024 21:30,10.61
5/4/2024 21:45,10.2
5/4/2024 22:00,9.99
5/4/2024 22:15,10.02
5/4/2024 22:30,10.1
5/4/2024 22:45,10.22
5/4/2024 23:00,10.49
5/4/2024 23:15,10.8
5/4/2024 23:30,10.97
5/4/2024 23:45,11.01
5/5/2024 0:00,10.86
5/5/2024 0:15,10.22
5/5/2024 0:30,9.53
5/5/2024 0:45,8.99
5/5/2024 1:00,8.43
5/5/2024 1:15,8.03
5/5/2024 1:30,7.719
5/5/2024 1:45,7.465
5/5/2024 2:00,7.248
5/5/2024 2:15,7.066
5/5/2024 2:30,6.896
5/5/2024 2:45,6.789
5/5/2024 3:00,6.7
5/5/2024 3:15,6.587
5/5/2024 3:30,6.51
5/5/2024 3:45,6.442
5/5/2024 4:00,6.351
5/5/2024 4:15,6.241
5/5/2024 4:30,6.155
5/5/2024 4:45,6.126
5/5/2024 5:00,6.087
5/5/2024 5:15,6.063
5/5/2024 5:30,6.038
5/5/2024 5:45,6.034
5/5/2024 6:00,6.054
5/5/2024 6:15,6.081
5/5/2024 6:30,6.129
5/5/2024 6:45,6.218
5/5/2024 7:00,6.327
5/5/2024 7:15,6.409
5/5/2024 7:30,6.453
5/5/2024 7:45,6.465
5/5/2024 8:00,6.562
5/5/2024 8:15,6.803
5/5/2024 8:30,7.11
5/5/2024 8:45,7.355
5/5/2024 9:00,7.568
5/5/2024 9:15,7.682
5/5/2024 9:30,7.751
5/5/2024 9:45,8.02
5/5/2024 10:00,8.09
5/5/2024 10:15,8.21
5/5/2024 10:30,8.37
5/5/2024 10:45,8.52
5/5/2024 11:00,8.64
5/5/2024 11:15,8.77
5/5/2024 11:30,8.89
5/5/2024 11:45,9.07
5/5/2024 12:00,9.22
5/5/2024 12:15,9.17
5/5/2024 12:30,8.86
5/5/2024 12:45,8.73
5/5/2024 13:00,8.46
5/5/2024 13:15,8.19
5/5/2024 13:30,8.05
5/5/2024 13:45,7.946
5/5/2024 14:00,7.779
5/5/2024 14:15,7.605
5/5/2024 14:30,7.466
5/5/2024 14:45,7.312
5/5/2024 15:00,7.215
5/5/2024 15:15,7.227
5/5/2024 15:30,7.316
5/5/2024 15:45,7.324
5/5/2024 16:00,7.269
5/5/2024 16:15,7.202
5/5/2024 16:30,7.112
5/5/2024 16:45,6.978
5/5/2024 17:00,6.832
5/5/2024 17:15,6.695
5/5/2024 17:30,6.58
5/5/2024 17:45,6.47
5/5/2024 18:00,6.374
5/5/2024 18:15,6.313
5/5/2024 18:30,6.279
5/5/2024 18:45,6.268
5/5/2024 19:00,6.255
5/5/2024 19:15,6.236
5/5/2024 19:30,6.21
5/5/2024 19:45,6.181
5/5/2024 20:00,6.158
5/5/2024 20:15,6.137
5/5/2024 20:30,6.102
5/5/2024 20:45,6.061
5/5/2024 21:00,6.011
5/5/2024 21:15,5.965
5/5/2024 21:30,5.93
5/5/2024 21:45,5.905
5/5/2024 22:00,5.89
5/5/2024 22:15,5.854
5/5/2024 22:30,5.801
5/5/2024 22:45,5.747
5/5/2024 23:00,5.683
5/5/2024 23:15,5.61
5/5/2024 23:30,5.545
5/5/2024 23:45,5.481
5/6/2024 0:00,5.423
5/6/2024 0:15,5.325
5/6/2024 0:30,5.177
5/6/2024 0:45,5.044
5/6/2024 1:00,4.923
5/6/2024 1:15,4.798
5/6/2024 1:30,4.709
5/6/2024 1:45,4.63
5/6/2024 2:00,4.569
5/6/2024 2:15,4.535
5/6/2024 2:30,4.521
5/6/2024 2:45,4.509
5/6/2024 3:00,4.495
5/6/2024 3:15,4.467
5/6/2024 3:30,4.418
5/6/2024 3:45,4.361
5/6/2024 4:00,4.299
5/6/2024 4:15,4.2
5/6/2024 4:30,4.136
5/6/2024 4:45,4.117
5/6/2024 5:00,4.148
5/6/2024 5:15,4.187
5/6/2024 5:30,4.246
5/6/2024 5:45,4.354
5/6/2024 6:00,5.278
5/6/2024 6:15,6.677
5/6/2024 6:30,8.08
5/6/2024 6:45,9.08
5/6/2024 7:00,9.76
5/6/2024 7:15,10.52
5/6/2024 7:30,10.93
5/6/2024 7:45,11.39
5/6/2024 8:00,11.41
5/6/2024 8:15,11.57
5/6/2024 8:30,12.17
5/6/2024 8:45,12.73
5/6/2024 9:00,13.3
5/6/2024 9:15,14.09
5/6/2024 9:30,14.37
5/6/2024 9:45,15.38
5/6/2024 10:00,16.74
5/6/2024 10:15,18.76
5/6/2024 10:30,19.44
5/6/2024 10:45,20.4
5/6/2024 11:00,20.87
5/6/2024 11:15,21.59
5/6/2024 11:30,20.99
5/6/2024 11:45,19.9
5/6/2024 12:00,18.4
5/6/2024 12:15,18.07
5/6/2024 12:30,17.78
5/6/2024 12:45,17.99
5/6/2024 13:00,17.36
5/6/2024 13:15,17.35
5/6/2024 13:30,17.49
5/6/2024 13:45,17.38
5/6/2024 14:00,17.36
5/6/2024 14:15,17.22
5/6/2024 14:30,17.02
5/6/2024 14:45,16.92
5/6/2024 15:00,16.98
5/6/2024 15:15,17.15
5/6/2024 15:30,17.02
5/6/2024 15:45,16.81
5/6/2024 16:00,16.57
5/6/2024 16:15,15.91
5/6/2024 16:30,13.68
5/6/2024 16:45,12.47
5/6/2024 17:00,11.94
5/6/2024 17:15,11.42
5/6/2024 17:30,10.6
5/6/2024 17:45,10.64
5/6/2024 18:00,11.27
5/6/2024 18:15,11.82
5/6/2024 18:30,11.33
5/6/2024 18:45,10.06
5/6/2024 19:00,9.03
5/6/2024 19:15,8.22
5/6/2024 19:30,7.698
5/6/2024 19:45,7.326
5/6/2024 20:00,6.956
5/6/2024 20:15,6.633
5/6/2024 20:30,6.462
5/6/2024 20:45,6.375
5/6/2024 21:00,6.279
5/6/2024 21:15,6.178
5/6/2024 21:30,6.093
5/6/2024 21:45,6.003
5/6/2024 22:00,5.858
5/6/2024 22:15,5.609
5/6/2024 22:30,5.318
5/6/2024 22:45,5.049
5/6/2024 23:00,4.779
5/6/2024 23:15,4.523
5/6/2024 23:30,4.284
5/6/2024 23:45,4.062
5/7/2024 0:00,3.822
5/7/2024 0:15,3.605
5/7/2024 0:30,3.392
5/7/2024 0:45,3.188
5/7/2024 1:00,3.004
5/7/2024 1:15,2.866
5/7/2024 1:30,2.865
5/7/2024 1:45,2.833
5/7/2024 2:00,2.747
5/7/2024 2:15,2.685
5/7/2024 2:30,2.536
5/7/2024 2:45,2.322
5/7/2024 3:00,2.117
5/7/2024 3:15,2.02
5/7/2024 3:30,1.953
5/7/2024 3:45,1.874
5/7/2024 4:00,1.812
5/7/2024 4:15,1.762
5/7/2024 4:30,1.718
5/7/2024 4:45,1.687
5/7/2024 5:00,1.671
5/7/2024 5:15,1.706
5/7/2024 5:30,1.805
5/7/2024 5:45,2.217
5/7/2024 6:00,2.906
5/7/2024 6:15,3.25
5/7/2024 6:30,3.436
5/7/2024 6:45,3.724
5/7/2024 7:00,4.801
5/7/2024 7:15,6.393
5/7/2024 7:30,7.565
5/7/2024 7:45,8.26
5/7/2024 8:00,9.14
5/7/2024 8:15,9.66
5/7/2024 8:30,9.67
5/7/2024 8:45,10
5/7/2024 9:00,10.55
5/7/2024 9:15,11.14
5/7/2024 9:30,11.1
5/7/2024 9:45,11.79
5/7/2024 10:00,13.23
5/7/2024 10:15,13.83
5/7/2024 10:30,14.43
5/7/2024 10:45,14.25
5/7/2024 11:00,14.79
5/7/2024 11:15,15.13
5/7/2024 11:30,14.16
5/7/2024 11:45,14.32
5/7/2024 12:00,13.95
5/7/2024 12:15,14.7
5/7/2024 12:30,15.25
5/7/2024 12:45,15.11
5/7/2024 13:00,15.29
5/7/2024 13:15,15.81
5/7/2024 13:30,16.05
5/7/2024 13:45,16.15
5/7/2024 14:00,15.92
5/7/2024 14:15,15.98
5/7/2024 14:30,16.05
5/7/2024 14:45,16.08
5/7/2024 15:00,16.02
5/7/2024 15:15,16.19
5/7/2024 15:30,15.88
5/7/2024 15:45,15.56
5/7/2024 16:00,15.22
5/7/2024 16:15,14.92
5/7/2024 16:30,14.65
5/7/2024 16:45,14.87
5/7/2024 17:00,15.01
5/7/2024 17:15,14.62
5/7/2024 17:30,13.93
5/7/2024 17:45,13.42
5/7/2024 18:00,13.3
5/7/2024 18:15,12.44
5/7/2024 18:30,11.83
5/7/2024 18:45,11.18
5/7/2024 19:00,10.51
5/7/2024 19:15,9.81
5/7/2024 19:30,9.16
5/7/2024 19:45,8.55
5/7/2024 20:00,7.951
5/7/2024 20:15,7.464
5/7/2024 20:30,7.019
5/7/2024 20:45,6.647
5/7/2024 21:00,6.32
5/7/2024 21:15,6.094
5/7/2024 21:30,5.947
5/7/2024 21:45,5.816
5/7/2024 22:00,5.702
5/7/2024 22:15,5.582
5/7/2024 22:30,5.438
5/7/2024 22:45,5.301
5/7/2024 23:00,5.129
5/7/2024 23:15,4.927
5/7/2024 23:30,4.811
5/7/2024 23:45,4.74
5/8/2024 0:00,4.676
5/8/2024 0:15,4.623
5/8/2024 0:30,4.577
5/8/2024 0:45,4.552
5/8/2024 1:00,4.479
5/8/2024 1:15,4.35
5/8/2024 1:30,4.278
5/8/2024 1:45,4.226
5/8/2024 2:00,4.156
5/8/2024 2:15,4.082
5/8/2024 2:30,3.996
5/8/2024 2:45,3.918
5/8/2024 3:00,3.845
5/8/2024 3:15,3.779
5/8/2024 3:30,3.72
5/8/2024 3:45,3.67
5/8/2024 4:00,3.633
5/8/2024 4:15,3.613
5/8/2024 4:30,3.601
5/8/2024 4:45,3.594
5/8/2024 5:00,3.559
5/8/2024 5:15,3.609
5/8/2024 5:30,3.772
5/8/2024 5:45,3.964
5/8/2024 6:00,4.192
5/8/2024 6:15,4.418
5/8/2024 6:30,4.696
5/8/2024 6:45,5.013
5/8/2024 7:00,5.426
5/8/2024 7:15,6.063
5/8/2024 7:30,6.69
5/8/2024 7:45,7.251
5/8/2024 8:00,7.829
5/8/2024 8:15,8.58
5/8/2024 8:30,9.15
5/8/2024 8:45,9.53
5/8/2024 9:00,9.84
5/8/2024 9:15,10.54
5/8/2024 9:30,11.97
5/8/2024 9:45,12.93
5/8/2024 10:00,13.86
5/8/2024 10:15,15.05
5/8/2024 10:30,16.45
5/8/2024 10:45,18.03
5/8/2024 11:00,20.02
5/8/2024 11:15,21.06
5/8/2024 11:30,21.57
5/8/2024 11:45,21.03
5/8/2024 12:00,20.29
5/8/2024 12:15,19.88
5/8/2024 12:30,19.8
5/8/2024 12:45,20.74
5/8/2024 13:00,20.4
5/8/2024 13:15,19.55
5/8/2024 13:30,19.34
5/8/2024 13:45,19.67
5/8/2024 14:00,19.69
5/8/2024 14:15,19.15
5/8/2024 14:30,18.38
5/8/2024 14:45,17.79
5/8/2024 15:00,17.62
5/8/2024 15:15,17.73
5/8/2024 15:30,18.18
5/8/2024 15:45,18.43
5/8/2024 16:00,18.32
5/8/2024 16:15,18.25
5/8/2024 16:30,18.08
5/8/2024 16:45,17.91
5/8/2024 17:00,17.39
5/8/2024 17:15,16.74
5/8/2024 17:30,16.01
5/8/2024 17:45,15.71
5/8/2024 18:00,15.97
5/8/2024 18:15,16.04
5/8/2024 18:30,15.6
5/8/2024 18:45,14
5/8/2024 19:00,12.86
5/8/2024 19:15,11.79
5/8/2024 19:30,10.79
5/8/2024 19:45,9.83
5/8/2024 20:00,8.95
5/8/2024 20:15,8.15
5/8/2024 20:30,7.439
5/8/2024 20:45,6.721
5/8/2024 21:00,6.122
5/8/2024 21:15,5.628
5/8/2024 21:30,5.215
5/8/2024 21:45,4.835
5/8/2024 22:00,4.52
5/8/2024 22:15,4.35
5/8/2024 22:30,4.302
5/8/2024 22:45,4.24
5/8/2024 23:00,4.177
5/8/2024 23:15,4.087
5/8/2024 23:30,4.053
5/8/2024 23:45,4.075
5/9/2024 0:00,4.042
5/9/2024 0:15,4.042
5/9/2024 0:30,4.171
5/9/2024 0:45,4.236
5/9/2024 1:00,4.332
5/9/2024 1:15,4.384
5/9/2024 1:30,4.522
5/9/2024 1:45,4.695
5/9/2024 2:00,4.918
5/9/2024 2:15,5.158
5/9/2024 2:30,5.329
5/9/2024 2:45,5.43
5/9/2024 3:00,5.491
5/9/2024 3:15,5.559
5/9/2024 3:30,5.705
5/9/2024 3:45,5.799
5/9/2024 4:00,5.754
5/9/2024 4:15,5.596
5/9/2024 4:30,5.247
5/9/2024 4:45,4.992
5/9/2024 5:00,5.077
5/9/2024 5:15,5.543
5/9/2024 5:30,6.156
5/9/2024 5:45,6.878
5/9/2024 6:00,7.696
5/9/2024 6:15,8.45
5/9/2024 6:30,9.2
5/9/2024 6:45,10.02
5/9/2024 7:00,10.89
5/9/2024 7:15,11.9
5/9/2024 7:30,12.9
5/9/2024 7:45,13.64
5/9/2024 8:00,14.49
5/9/2024 8:15,15.29
5/9/2024 8:30,16.22
5/9/2024 8:45,17.32
5/9/2024 9:00,18.71
5/9/2024 9:15,20
5/9/2024 9:30,21.23
5/9/2024 9:45,22.88
5/9/2024 10:00,26.01
5/9/2024 10:15,30.04
5/9/2024 10:30,30.95
5/9/2024 10:45,31.19
5/9/2024 11:00,31.19
5/9/2024 11:15,31.23
5/9/2024 11:30,30.1
5/9/2024 11:45,28.89
5/9/2024 12:00,28.08
5/9/2024 12:15,27.54
5/9/2024 12:30,26.88
5/9/2024 12:45,26.63
5/9/2024 13:00,26.57
5/9/2024 13:15,26.62
5/9/2024 13:30,26.67
5/9/2024 13:45,26.72
5/9/2024 14:00,26.68
5/9/2024 14:15,26.68
5/9/2024 14:30,26.97
5/9/2024 14:45,26.94
5/9/2024 15:00,27.02
5/9/2024 15:15,27.2
5/9/2024 15:30,27.3
5/9/2024 15:45,27.09
5/9/2024 16:00,26.61
5/9/2024 16:15,25.95
5/9/2024 16:30,25.18
5/9/2024 16:45,25.14
5/9/2024 17:00,25.64
5/9/2024 17:15,25.87
5/9/2024 17:30,25.72
5/9/2024 17:45,25.4
5/9/2024 18:00,25.2
5/9/2024 18:15,25.08
5/9/2024 18:30,24.63
5/9/2024 18:45,22.88
5/9/2024 19:00,21.27
5/9/2024 19:15,19.8
5/9/2024 19:30,18.44
5/9/2024 19:45,17.22
5/9/2024 20:00,16.17
5/9/2024 20:15,15.29
5/9/2024 20:30,14.53
5/9/2024 20:45,13.78
5/9/2024 21:00,13.03
5/9/2024 21:15,12.36
5/9/2024 21:30,11.79
5/9/2024 21:45,11.4
5/9/2024 22:00,11.05
5/9/2024 22:15,10.69
5/9/2024 22:30,10.3
5/9/2024 22:45,10.12
5/9/2024 23:00,9.94
5/9/2024 23:15,9.71
5/9/2024 23:30,9.49
5/9/2024 23:45,9.25
5/10/2024 0:00,9
5/10/2024 0:15,8.69
5/10/2024 0:30,8.26
5/10/2024 0:45,7.848
5/10/2024 1:00,7.47
5/10/2024 1:15,7.07
5/10/2024 1:30,6.713
5/10/2024 1:45,6.4
5/10/2024 2:00,6.079
5/10/2024 2:15,5.758
5/10/2024 2:30,5.461
5/10/2024 2:45,5.188
5/10/2024 3:00,5.098
5/10/2024 3:15,5.4
5/10/2024 3:30,5.849
5/10/2024 3:45,6.195
5/10/2024 4:00,6.518
5/10/2024 4:15,6.619
5/10/2024 4:30,6.544
5/10/2024 4:45,6.375
5/10/2024 5:00,6.433
5/10/2024 5:15,7.704
5/10/2024 5:30,9.56
5/10/2024 5:45,11.38
5/10/2024 6:00,13.17
5/10/2024 6:15,14.87
5/10/2024 6:30,16.59
5/10/2024 6:45,18.23
5/10/2024 7:00,19.61
5/10/2024 7:15,20.5
5/10/2024 7:30,21.22
5/10/2024 7:45,21.66
5/10/2024 8:00,22.03
5/10/2024 8:15,22.51
5/10/2024 8:30,23.27
5/10/2024 8:45,23.76
5/10/2024 9:00,24.37
5/10/2024 9:15,25.01
5/10/2024 9:30,25.81
5/10/2024 9:45,27.16
5/10/2024 10:00,29.98
5/10/2024 10:15,33.68
5/10/2024 10:30,34.13
5/10/2024 10:45,33.66
5/10/2024 11:00,33.68
5/10/2024 11:15,33.82
5/10/2024 11:30,33.12
5/10/2024 11:45,32.17
5/10/2024 12:00,31.44
5/10/2024 12:15,30.87
5/10/2024 12:30,30.47
5/10/2024 12:45,30.26
5/10/2024 13:00,30.24
5/10/2024 13:15,30.26
5/10/2024 13:30,30.15
5/10/2024 13:45,30.14
5/10/2024 14:00,30.03
5/10/2024 14:15,29.84
5/10/2024 14:30,29.63
5/10/2024 14:45,29.48
5/10/2024 15:00,29.31
5/10/2024 15:15,29.09
5/10/2024 15:30,28.93
5/10/2024 15:45,28.91
5/10/2024 16:00,28.79
5/10/2024 16:15,28.8
5/10/2024 16:30,28.77
5/10/2024 16:45,28.7
5/10/2024 17:00,28.58
5/10/2024 17:15,28.33
5/10/2024 17:30,28
5/10/2024 17:45,27.86
5/10/2024 18:00,27.7
5/10/2024 18:15,27.61
5/10/2024 18:30,27.07
5/10/2024 18:45,25.03
5/10/2024 19:00,23.22
5/10/2024 19:15,21.59
5/10/2024 19:30,20.16
5/10/2024 19:45,18.7
5/10/2024 20:00,17.37
5/10/2024 20:15,16.24
5/10/2024 20:30,15.19
5/10/2024 20:45,14.25
5/10/2024 21:00,13.43
5/10/2024 21:15,12.69
5/10/2024 21:30,12.01
5/10/2024 21:45,11.37
5/10/2024 22:00,10.81
5/10/2024 22:15,10.31
5/10/2024 22:30,9.89
5/10/2024 22:45,9.5
5/10/2024 23:00,9.14
5/10/2024 23:15,8.8
5/10/2024 23:30,8.51
5/10/2024 23:45,8.24
5/11/2024 0:00,7.999
5/11/2024 0:15,7.736
5/11/2024 0:30,7.48
5/11/2024 0:45,7.247
5/11/2024 1:00,7.024
5/11/2024 1:15,6.806
5/11/2024 1:30,6.565
5/11/2024 1:45,6.308
5/11/2024 2:00,6.088
5/11/2024 2:15,5.92
5/11/2024 2:30,5.796
5/11/2024 2:45,5.755
5/11/2024 3:00,5.792
5/11/2024 3:15,5.852
5/11/2024 3:30,5.869
5/11/2024 3:45,5.807
5/11/2024 4:00,5.671
5/11/2024 4:15,5.511
5/11/2024 4:30,5.402
5/11/2024 4:45,5.348
5/11/2024 5:00,5.702
5/11/2024 5:15,7.132
5/11/2024 5:30,9.28
5/11/2024 5:45,11.43
5/11/2024 6:00,13.49
5/11/2024 6:15,15.45
5/11/2024 6:30,17.14
5/11/2024 6:45,18.51
5/11/2024 7:00,19.61
5/11/2024 7:15,20.56
5/11/2024 7:30,21.42
5/11/2024 7:45,22.26
5/11/2024 8:00,23.03
5/11/2024 8:15,23.76
5/11/2024 8:30,24.44
5/11/2024 8:45,25.12
5/11/2024 9:00,25.83
5/11/2024 9:15,26.63
5/11/2024 9:30,27.63
5/11/2024 9:45,29.05
5/11/2024 10:00,31.9
5/11/2024 10:15,36
5/11/2024 10:30,37.07
5/11/2024 10:45,36.82
5/11/2024 11:00,36.81
5/11/2024 11:15,36.69
5/11/2024 11:30,35.78
5/11/2024 11:45,34.43
5/11/2024 12:00,33.48
5/11/2024 12:15,33.35
5/11/2024 12:30,32.64
5/11/2024 12:45,32.38
5/11/2024 13:00,32.17
5/11/2024 13:15,32.24
5/11/2024 13:30,32.09
5/11/2024 13:45,32
5/11/2024 14:00,31.86
5/11/2024 14:15,31.62
5/11/2024 14:30,31.44
5/11/2024 14:45,31.27
5/11/2024 15:00,31.02
5/11/2024 15:15,30.74
5/11/2024 15:30,30.54
5/11/2024 15:45,30.37
5/11/2024 16:00,30.24
5/11/2024 16:15,30.1
5/11/2024 16:30,29.89
5/11/2024 16:45,29.47
5/11/2024 17:00,29.23
5/11/2024 17:15,29.02
5/11/2024 17:30,28.83
5/11/2024 17:45,28.57
5/11/2024 18:00,28.37
5/11/2024 18:15,28.22
5/11/2024 18:30,27.85
5/11/2024 18:45,25.85
5/11/2024 19:00,24.08
5/11/2024 19:15,22.37
5/11/2024 19:30,20.78
5/11/2024 19:45,19.29
5/11/2024 20:00,17.99
5/11/2024 20:15,16.88
5/11/2024 20:30,15.83
5/11/2024 20:45,14.95
5/11/2024 21:00,14.24
5/11/2024 21:15,13.57
5/11/2024 21:30,13.04
5/11/2024 21:45,12.57
5/11/2024 22:00,12.1
5/11/2024 22:15,11.67
5/11/2024 22:30,11.34
5/11/2024 22:45,11.05
5/11/2024 23:00,10.75
5/11/2024 23:15,10.57
5/11/2024 23:30,10.32
5/11/2024 23:45,10.06
5/12/2024 0:00,9.86
5/12/2024 0:15,9.71
5/12/2024 0:30,9.52
5/12/2024 0:45,9.5
5/12/2024 1:00,9.56
5/12/2024 1:15,9.8
5/12/2024 1:30,9.89
5/12/2024 1:45,9.92
5/12/2024 2:00,9.94
5/12/2024 2:15,9.84
5/12/2024 2:30,9.76
5/12/2024 2:45,9.65
5/12/2024 3:00,9.5
5/12/2024 3:15,9.39
5/12/2024 3:30,9.27
5/12/2024 3:45,9.17
5/12/2024 4:00,9.06
5/12/2024 4:15,8.88
5/12/2024 4:30,8.72
5/12/2024 4:45,8.79
5/12/2024 5:00,9.11
5/12/2024 5:15,10.25
5/12/2024 5:30,11.99
5/12/2024 5:45,13.79
5/12/2024 6:00,15.54
5/12/2024 6:15,17.19
5/12/2024 6:30,18.82
5/12/2024 6:45,20.35
5/12/2024 7:00,21.67
5/12/2024 7:15,22.74
5/12/2024 7:30,23.65
5/12/2024 7:45,24.51
5/12/2024 8:00,25.32
5/12/2024 8:15,26.13
5/12/2024 8:30,26.74
5/12/2024 8:45,27.34
5/12/2024 9:00,27.92
5/12/2024 9:15,28.6
5/12/2024 9:30,29.47
5/12/2024 9:45,30.64
5/12/2024 10:00,33.05
5/12/2024 10:15,36.51
5/12/2024 10:30,37.31
5/12/2024 10:45,36.82
5/12/2024 11:00,36.19
5/12/2024 11:15,35.91
5/12/2024 11:30,35.14
5/12/2024 11:45,34.07
5/12/2024 12:00,33.2
5/12/2024 12:15,32.63
5/12/2024 12:30,32.22
5/12/2024 12:45,31.95
5/12/2024 13:00,31.9
5/12/2024 13:15,31.76
5/12/2024 13:30,31.63
5/12/2024 13:45,31.47
5/12/2024 14:00,31.18
5/12/2024 14:15,30.83
5/12/2024 14:30,30.63
5/12/2024 14:45,30.45
5/12/2024 15:00,30.33
5/12/2024 15:15,30.15
5/12/2024 15:30,29.98
5/12/2024 15:45,29.85
5/12/2024 16:00,29.7
5/12/2024 16:15,29.56
5/12/2024 16:30,29.41
5/12/2024 16:45,29.15
5/12/2024 17:00,28.87
5/12/2024 17:15,28.57
5/12/2024 17:30,28.3
5/12/2024 17:45,28.12
5/12/2024 18:00,27.97
5/12/2024 18:15,27.86
5/12/2024 18:30,27.69
5/12/2024 18:45,25.75
5/12/2024 19:00,24.02
5/12/2024 19:15,22.35
5/12/2024 19:30,20.75
5/12/2024 19:45,19.26
5/12/2024 20:00,17.94
5/12/2024 20:15,16.8
5/12/2024 20:30,15.8
5/12/2024 20:45,14.87
5/12/2024 21:00,14.04
5/12/2024 21:15,13.35
5/12/2024 21:30,12.76
5/12/2024 21:45,12.27
5/12/2024 22:00,11.85
5/12/2024 22:15,11.43
5/12/2024 22:30,11
5/12/2024 22:45,10.68
5/12/2024 23:00,10.36
5/12/2024 23:15,10.13
5/12/2024 23:30,9.93
5/12/2024 23:45,9.75
5/13/2024 0:00,9.56
5/13/2024 0:15,9.28
5/13/2024 0:30,9.04
5/13/2024 0:45,8.94
5/13/2024 1:00,8.82
5/13/2024 1:15,8.68
5/13/2024 1:30,8.59
5/13/2024 1:45,8.53
5/13/2024 2:00,8.56
5/13/2024 2:15,8.65
5/13/2024 2:30,8.64
5/13/2024 2:45,8.56
5/13/2024 3:00,8.45
5/13/2024 3:15,8.35
5/13/2024 3:30,8.31
5/13/2024 3:45,8.25
5/13/2024 4:00,8.19
5/13/2024 4:15,8.07
5/13/2024 4:30,8.17
5/13/2024 4:45,8.37
5/13/2024 5:00,8.74
5/13/2024 5:15,9.49
5/13/2024 5:30,10.71
5/13/2024 5:45,12.33
5/13/2024 6:00,14.28
5/13/2024 6:15,15.21
5/13/2024 6:30,15.88
5/13/2024 6:45,17.08
5/13/2024 7:00,18.39
5/13/2024 7:15,19.94
5/13/2024 7:30,21.44
5/13/2024 7:45,21.89
5/13/2024 8:00,21.46
5/13/2024 8:15,21.33
5/13/2024 8:30,22.21
5/13/2024 8:45,23.08
5/13/2024 9:00,23.66
5/13/2024 9:15,24.38
5/13/2024 9:30,25.23
5/13/2024 9:45,26.6
5/13/2024 10:00,29.18
5/13/2024 10:15,32.69
5/13/2024 10:30,33.61
5/13/2024 10:45,33.17
5/13/2024 11:00,32.75
5/13/2024 11:15,32.21
5/13/2024 11:30,31.13
5/13/2024 11:45,30.04
5/13/2024 12:00,29.03
5/13/2024 12:15,28.41
5/13/2024 12:30,28.13
5/13/2024 12:45,28.02
5/13/2024 13:00,27.92
5/13/2024 13:15,27.88
5/13/2024 13:30,27.65
5/13/2024 13:45,27.35
5/13/2024 14:00,27.07
5/13/2024 14:15,26.96
5/13/2024 14:30,26.79
5/13/2024 14:45,26.69
5/13/2024 15:00,26.63
5/13/2024 15:15,26.52
5/13/2024 15:30,26.41
5/13/2024 15:45,26.28
5/13/2024 16:00,25.87
5/13/2024 16:15,25.09
5/13/2024 16:30,24.54
5/13/2024 16:45,24.01
5/13/2024 17:00,23.43
5/13/2024 17:15,22.94
5/13/2024 17:30,22.41
5/13/2024 17:45,21.72
5/13/2024 18:00,21.09
5/13/2024 18:15,20.45
5/13/2024 18:30,19.83
5/13/2024 18:45,19.22
5/13/2024 19:00,18.62
5/13/2024 19:15,18.04
5/13/2024 19:30,17.48
5/13/2024 19:45,16.97
5/13/2024 20:00,16.52
5/13/2024 20:15,16.15
5/13/2024 20:30,15.76
5/13/2024 20:45,15.43
5/13/2024 21:00,15.17
5/13/2024 21:15,14.94
5/13/2024 21:30,14.74
5/13/2024 21:45,14.67
5/13/2024 22:00,14.62
5/13/2024 22:15,14.51
5/13/2024 22:30,14.24
5/13/2024 22:45,13.72
5/13/2024 23:00,13.14
5/13/2024 23:15,12.5
5/13/2024 23:30,11.88
5/13/2024 23:45,11.25
5/14/2024 0:00,10.75
5/14/2024 0:15,10.29
5/14/2024 0:30,9.79
5/14/2024 0:45,9.28
5/14/2024 1:00,8.83
5/14/2024 1:15,8.45
5/14/2024 1:30,8.15
5/14/2024 1:45,7.82
5/14/2024 2:00,7.484
5/14/2024 2:15,7.221
5/14/2024 2:30,6.937
5/14/2024 2:45,6.651
5/14/2024 3:00,6.409
5/14/2024 3:15,6.258
5/14/2024 3:30,6.022
5/14/2024 3:45,5.776
5/14/2024 4:00,5.472
5/14/2024 4:15,5.222
5/14/2024 4:30,5.033
5/14/2024 4:45,4.994
5/14/2024 5:00,5.325
5/14/2024 5:15,6.376
5/14/2024 5:30,7.39
5/14/2024 5:45,8.62
5/14/2024 6:00,9.78
5/14/2024 6:15,11.56
5/14/2024 6:30,13.78
5/14/2024 6:45,15.54
5/14/2024 7:00,16.56
5/14/2024 7:15,17.11
5/14/2024 7:30,17.81
5/14/2024 7:45,18.18
5/14/2024 8:00,18.37
5/14/2024 8:15,18.92
5/14/2024 8:30,19.73
5/14/2024 8:45,20.59
5/14/2024 9:00,21.35
5/14/2024 9:15,22.1
5/14/2024 9:30,22.98
5/14/2024 9:45,24.37
5/14/2024 10:00,27.1
5/14/2024 10:15,30.9
5/14/2024 10:30,31.84
5/14/2024 10:45,31.36
5/14/2024 11:00,30.82
5/14/2024 11:15,30.49
5/14/2024 11:30,29.83
5/14/2024 11:45,28.81
5/14/2024 12:00,28.05
5/14/2024 12:15,27.54
5/14/2024 12:30,27.23
5/14/2024 12:45,27.06
5/14/2024 13:00,27.06
5/14/2024 13:15,27.13
5/14/2024 13:30,27.12
5/14/2024 13:45,26.94
5/14/2024 14:00,26.6
5/14/2024 14:15,26.36
5/14/2024 14:30,25.93
5/14/2024 14:45,25.82
5/14/2024 15:00,25.77
5/14/2024 15:15,25.93
5/14/2024 15:30,26
5/14/2024 15:45,25.97
5/14/2024 16:00,25.81
5/14/2024 16:15,25.62
5/14/2024 16:30,25.32
5/14/2024 16:45,25.1
5/14/2024 17:00,24.96
5/14/2024 17:15,24.79
5/14/2024 17:30,24.62
5/14/2024 17:45,24.4
5/14/2024 18:00,24.14
5/14/2024 18:15,24.07
5/14/2024 18:30,23.04
5/14/2024 18:45,21.4
5/14/2024 19:00,19.95
5/14/2024 19:15,18.65
5/14/2024 19:30,17.27
5/14/2024 19:45,16.03
5/14/2024 20:00,14.9
5/14/2024 20:15,13.9
5/14/2024 20:30,13.02
5/14/2024 20:45,12.24
5/14/2024 21:00,11.56
5/14/2024 21:15,10.93
5/14/2024 21:30,10.45
5/14/2024 21:45,10.09
5/14/2024 22:00,9.67
5/14/2024 22:15,9.32
5/14/2024 22:30,8.97
5/14/2024 22:45,8.62
5/14/2024 23:00,8.28
5/14/2024 23:15,7.942
5/14/2024 23:30,7.606
5/14/2024 23:45,7.27
5/15/2024 0:00,6.976
5/15/2024 0:15,6.789
5/15/2024 0:30,6.635
5/15/2024 0:45,6.45
5/15/2024 1:00,6.215
5/15/2024 1:15,6.013
5/15/2024 1:30,5.914
5/15/2024 1:45,5.841
5/15/2024 2:00,5.79
5/15/2024 2:15,5.761
5/15/2024 2:30,5.743
5/15/2024 2:45,5.704
5/15/2024 3:00,5.69
5/15/2024 3:15,5.694
5/15/2024 3:30,5.673
5/15/2024 3:45,5.635
5/15/2024 4:00,5.691
5/15/2024 4:15,5.693
5/15/2024 4:30,5.734
5/15/2024 4:45,5.896
5/15/2024 5:00,6.591
5/15/2024 5:15,7.746
5/15/2024 5:30,9.17
5/15/2024 5:45,11.07
5/15/2024 6:00,13.06
5/15/2024 6:15,14.62
5/15/2024 6:30,16.1
5/15/2024 6:45,17.08
5/15/2024 7:00,17.81
5/15/2024 7:15,18.45
5/15/2024 7:30,19.13
5/15/2024 7:45,19.93
5/15/2024 8:00,20.93
5/15/2024 8:15,21.99
5/15/2024 8:30,23.25
5/15/2024 8:45,24.31
5/15/2024 9:00,25.19
5/15/2024 9:15,25.98
5/15/2024 9:30,26.73
5/15/2024 9:45,27.74
5/15/2024 10:00,29.09
5/15/2024 10:15,31.29
5/15/2024 10:30,31.77
5/15/2024 10:45,31.82
5/15/2024 11:00,31.67
5/15/2024 11:15,31.63
5/15/2024 11:30,31.2
5/15/2024 11:45,30.67
5/15/2024 12:00,30.41
5/15/2024 12:15,30.45
5/15/2024 12:30,30.52
5/15/2024 12:45,30.44
5/15/2024 13:00,30.28
5/15/2024 13:15,29.89
5/15/2024 13:30,29.87
5/15/2024 13:45,29.81
5/15/2024 14:00,29.72
5/15/2024 14:15,29.55
5/15/2024 14:30,29.4
5/15/2024 14:45,29.35
5/15/2024 15:00,29.05
5/15/2024 15:15,28.79
5/15/2024 15:30,28.58
5/15/2024 15:45,28.56
5/15/2024 16:00,28.35
5/15/2024 16:15,27.97
5/15/2024 16:30,27.56
5/15/2024 16:45,27.36
5/15/2024 17:00,26.91
5/15/2024 17:15,26.1
5/15/2024 17:30,25.29
5/15/2024 17:45,24.61
5/15/2024 18:00,24.94
5/15/2024 18:15,25
5/15/2024 18:30,25.39
5/15/2024 18:45,24.09
5/15/2024 19:00,22.6
5/15/2024 19:15,21.16
5/15/2024 19:30,19.69
5/15/2024 19:45,18.45
5/15/2024 20:00,17.39
5/15/2024 20:15,16.51
5/15/2024 20:30,15.77
5/15/2024 20:45,15.18
5/15/2024 21:00,14.71
5/15/2024 21:15,14.34
5/15/2024 21:30,13.99
5/15/2024 21:45,13.64
5/15/2024 22:00,13.34
5/15/2024 22:15,13.03
5/15/2024 22:30,12.76
5/15/2024 22:45,12.59
5/15/2024 23:00,12.52
5/15/2024 23:15,12.51
5/15/2024 23:30,12.47
5/15/2024 23:45,12.45
5/16/2024 0:00,12.41
5/16/2024 0:15,12.28
5/16/2024 0:30,12.11
5/16/2024 0:45,12.02
5/16/2024 1:00,12.01
5/16/2024 1:15,11.96
5/16/2024 1:30,11.89
5/16/2024 1:45,11.81
5/16/2024 2:00,11.65
5/16/2024 2:15,11.36
5/16/2024 2:30,11.09
5/16/2024 2:45,10.8
5/16/2024 3:00,10.53
5/16/2024 3:15,10.3
5/16/2024 3:30,10.08
5/16/2024 3:45,9.89
5/16/2024 4:00,9.75
5/16/2024 4:15,9.7
5/16/2024 4:30,9.73
5/16/2024 4:45,9.77
5/16/2024 5:00,9.99
5/16/2024 5:15,10.97
5/16/2024 5:30,12.49
5/16/2024 5:45,14.5
5/16/2024 6:00,16.3
5/16/2024 6:15,17.73
5/16/2024 6:30,19.01
5/16/2024 6:45,20.08
5/16/2024 7:00,21.01
5/16/2024 7:15,21.93
5/16/2024 7:30,22.84
5/16/2024 7:45,23.17
5/16/2024 8:00,23.49
5/16/2024 8:15,23.76
5/16/2024 8:30,24.12
5/16/2024 8:45,24.64
5/16/2024 9:00,24.93
5/16/2024 9:15,25.43
5/16/2024 9:30,25.95
5/16/2024 9:45,26.89
5/16/2024 10:00,28.66
5/16/2024 10:15,28.74
5/16/2024 10:30,29.48
5/16/2024 10:45,29.56
5/16/2024 11:00,29.45
5/16/2024 11:15,28.86
5/16/2024 11:30,28.81
5/16/2024 11:45,28.96
5/16/2024 12:00,28.84
5/16/2024 12:15,28.73
5/16/2024 12:30,28.45
5/16/2024 12:45,28.23
5/16/2024 13:00,28.09
5/16/2024 13:15,28.11
5/16/2024 13:30,28.17
5/16/2024 13:45,28.05
5/16/2024 14:00,27.91
5/16/2024 14:15,27.72
5/16/2024 14:30,27.51
5/16/2024 14:45,27.3
5/16/2024 15:00,27.28
5/16/2024 15:15,27.21
5/16/2024 15:30,27.19
5/16/2024 15:45,27.23
5/16/2024 16:00,27.3
5/16/2024 16:15,27.22
5/16/2024 16:30,27.05
5/16/2024 16:45,26.85
5/16/2024 17:00,26.42
5/16/2024 17:15,26.38
5/16/2024 17:30,26.34
5/16/2024 17:45,26.02
5/16/2024 18:00,25.67
5/16/2024 18:15,24.86
5/16/2024 18:30,24.27
5/16/2024 18:45,22.98
5/16/2024 19:00,21.69
5/16/2024 19:15,20.6
5/16/2024 19:30,19.68
5/16/2024 19:45,18.87
5/16/2024 20:00,18.22
5/16/2024 20:15,17.76
5/16/2024 20:30,17.18
5/16/2024 20:45,16.64
5/16/2024 21:00,16.27
5/16/2024 21:15,16.01
5/16/2024 21:30,15.8
5/16/2024 21:45,15.64
5/16/2024 22:00,15.5
5/16/2024 22:15,15.27
5/16/2024 22:30,14.97
5/16/2024 22:45,14.56
5/16/2024 23:00,14.18
5/16/2024 23:15,13.86
5/16/2024 23:30,13.6
5/16/2024 23:45,13.36
5/17/2024 0:00,13.21
5/17/2024 0:15,13.11
5/17/2024 0:30,13.02
5/17/2024 0:45,12.63
5/17/2024 1:00,12.02
5/17/2024 1:15,11.18
5/17/2024 1:30,10.48
5/17/2024 1:45,10.01
5/17/2024 2:00,9.77
5/17/2024 2:15,9.65
5/17/2024 2:30,9.5
5/17/2024 2:45,9.4
5/17/2024 3:00,9.29
5/17/2024 3:15,9.19
5/17/2024 3:30,9.03
5/17/2024 3:45,8.78
5/17/2024 4:00,8.45
5/17/2024 4:15,8.15
5/17/2024 4:30,7.883
5/17/2024 4:45,7.589
5/17/2024 5:00,7.425
5/17/2024 5:15,7.897
5/17/2024 5:30,8.74
5/17/2024 5:45,9.62
5/17/2024 6:00,10.38
5/17/2024 6:15,11.01
5/17/2024 6:30,11.55
5/17/2024 6:45,11.95
5/17/2024 7:00,12.16
5/17/2024 7:15,12.67
5/17/2024 7:30,12.06
5/17/2024 7:45,12.28
5/17/2024 8:00,12.66
5/17/2024 8:15,13.12
5/17/2024 8:30,13.45
5/17/2024 8:45,13.72
5/17/2024 9:00,13.74
5/17/2024 9:15,13.61
5/17/2024 9:30,13.67
5/17/2024 9:45,15.3
5/17/2024 10:00,17.21
5/17/2024 10:15,18.88
5/17/2024 10:30,16.09
5/17/2024 10:45,14.56
5/17/2024 11:00,14.97
5/17/2024 11:15,13.91
5/17/2024 11:30,13.23
5/17/2024 11:45,13.07
5/17/2024 12:00,13.99
5/17/2024 12:15,14.25
5/17/2024 12:30,14.24
5/17/2024 12:45,14.5
5/17/2024 13:00,15.04
5/17/2024 13:15,14.72
5/17/2024 13:30,14.61
5/17/2024 13:45,15.78
5/17/2024 14:00,17.02
5/17/2024 14:15,16.76
5/17/2024 14:30,16.66
5/17/2024 14:45,16.63
5/17/2024 15:00,17.12
5/17/2024 15:15,17.54
5/17/2024 15:30,17.95
5/17/2024 15:45,18.31
5/17/2024 16:00,18.42
5/17/2024 16:15,18.35
5/17/2024 16:30,18.22
5/17/2024 16:45,18.03
5/17/2024 17:00,18.03
5/17/2024 17:15,17.68
5/17/2024 17:30,17.62
5/17/2024 17:45,17.68
5/17/2024 18:00,17.79
5/17/2024 18:15,17.96
5/17/2024 18:30,18.2
5/17/2024 18:45,16.86
5/17/2024 19:00,15.08
5/17/2024 19:15,13.64
5/17/2024 19:30,12.28
5/17/2024 19:45,10.97
5/17/2024 20:00,9.7
5/17/2024 20:15,8.59
5/17/2024 20:30,7.664
5/17/2024 20:45,6.82
5/17/2024 21:00,6.211
5/17/2024 21:15,5.896
5/17/2024 21:30,5.617
5/17/2024 21:45,5.448
5/17/2024 22:00,5.37
5/17/2024 22:15,5.291
5/17/2024 22:30,5.22
5/17/2024 22:45,5.175
5/17/2024 23:00,5.185
5/17/2024 23:15,5.081
5/17/2024 23:30,4.822
5/17/2024 23:45,4.483
5/18/2024 0:00,4.258
5/18/2024 0:15,4.107
5/18/2024 0:30,4.069
5/18/2024 0:45,4.076
5/18/2024 1:00,4.081
5/18/2024 1:15,4.007
5/18/2024 1:30,3.91
5/18/2024 1:45,3.718
5/18/2024 2:00,3.405
5/18/2024 2:15,3.036
5/18/2024 2:30,2.706
5/18/2024 2:45,2.371
5/18/2024 3:00,2.105
5/18/2024 3:15,1.878
5/18/2024 3:30,1.639
5/18/2024 3:45,1.409
5/18/2024 4:00,1.215
5/18/2024 4:15,1.032
5/18/2024 4:30,0.875
5/18/2024 4:45,0.888
5/18/2024 5:00,1.575
5/18/2024 5:15,2.984
5/18/2024 5:30,4.781
5/18/2024 5:45,6.7
5/18/2024 6:00,8.62
5/18/2024 6:15,10.24
5/18/2024 6:30,11.73
5/18/2024 6:45,13.14
5/18/2024 7:00,14.25
5/18/2024 7:15,15.46
5/18/2024 7:30,16.04
5/18/2024 7:45,16.64
5/18/2024 8:00,17.03
5/18/2024 8:15,17.04
5/18/2024 8:30,17.02
5/18/2024 8:45,16.81
5/18/2024 9:00,16.79
5/18/2024 9:15,17.56
5/18/2024 9:30,18.71
5/18/2024 9:45,20.19
5/18/2024 10:00,21.52
5/18/2024 10:15,22.26
5/18/2024 10:30,23.16
5/18/2024 10:45,22.82
5/18/2024 11:00,23.43
5/18/2024 11:15,24.34
5/18/2024 11:30,24.49
5/18/2024 11:45,23.13
5/18/2024 12:00,22.7
5/18/2024 12:15,22.77
5/18/2024 12:30,22.8
5/18/2024 12:45,22.75
5/18/2024 13:00,22.72
5/18/2024 13:15,22.76
5/18/2024 13:30,22.85
5/18/2024 13:45,22.8
5/18/2024 14:00,22.57
5/18/2024 14:15,22.25
5/18/2024 14:30,21.94
5/18/2024 14:45,21.66
5/18/2024 15:00,21.35
5/18/2024 15:15,21.29
5/18/2024 15:30,21.25
5/18/2024 15:45,21.27
5/18/2024 16:00,21.21
5/18/2024 16:15,20.88
5/18/2024 16:30,20.5
5/18/2024 16:45,20.56
5/18/2024 17:00,20.57
5/18/2024 17:15,20.12
5/18/2024 17:30,20
5/18/2024 17:45,19.91
5/18/2024 18:00,18.63
5/18/2024 18:15,18.48
5/18/2024 18:30,17.99
5/18/2024 18:45,16.29
5/18/2024 19:00,14.7
5/18/2024 19:15,13.41
5/18/2024 19:30,12.42
5/18/2024 19:45,11.79
5/18/2024 20:00,11.21
5/18/2024 20:15,10.81
5/18/2024 20:30,10.57
5/18/2024 20:45,10.36
5/18/2024 21:00,10
5/18/2024 21:15,9.57
5/18/2024 21:30,9.3
5/18/2024 21:45,9.02
5/18/2024 22:00,8.78
5/18/2024 22:15,8.59
5/18/2024 22:30,8.42
5/18/2024 22:45,8.25
5/18/2024 23:00,8.05
5/18/2024 23:15,7.873
5/18/2024 23:30,7.737
5/18/2024 23:45,7.591
5/19/2024 0:00,7.452
5/19/2024 0:15,7.309
5/19/2024 0:30,7.148
5/19/2024 0:45,6.956
5/19/2024 1:00,6.715
5/19/2024 1:15,6.487
5/19/2024 1:30,6.315
5/19/2024 1:45,6.185
5/19/2024 2:00,6.051
5/19/2024 2:15,5.92
5/19/2024 2:30,5.78
5/19/2024 2:45,5.605
5/19/2024 3:00,5.359
5/19/2024 3:15,5.098
5/19/2024 3:30,4.907
5/19/2024 3:45,4.81
5/19/2024 4:00,4.802
5/19/2024 4:15,4.759
5/19/2024 4:30,4.676
5/19/2024 4:45,4.631
5/19/2024 5:00,4.633
5/19/2024 5:15,4.656
5/19/2024 5:30,4.775
5/19/2024 5:45,5.023
5/19/2024 6:00,5.392
5/19/2024 6:15,5.997
5/19/2024 6:30,6.546
5/19/2024 6:45,7.061
5/19/2024 7:00,7.958
5/19/2024 7:15,8.83
5/19/2024 7:30,9.07
5/19/2024 7:45,9.23
5/19/2024 8:00,9.45
5/19/2024 8:15,9.97
5/19/2024 8:30,10.72
5/19/2024 8:45,11.26
5/19/2024 9:00,11.87
5/19/2024 9:15,13.11
5/19/2024 9:30,13.92
5/19/2024 9:45,16.05
5/19/2024 10:00,19.22
5/19/2024 10:15,23.61
5/19/2024 10:30,24.7
5/19/2024 10:45,22.77
5/19/2024 11:00,20.66
5/19/2024 11:15,20.3
5/19/2024 11:30,19.96
5/19/2024 11:45,20.12
5/19/2024 12:00,20.44
5/19/2024 12:15,20.73
5/19/2024 12:30,21.18
5/19/2024 12:45,21.13
5/19/2024 13:00,21.34
5/19/2024 13:15,21.07
5/19/2024 13:30,20.61
5/19/2024 13:45,20.46
5/19/2024 14:00,20.25
5/19/2024 14:15,19.71
5/19/2024 14:30,19.2
5/19/2024 14:45,19.16
5/19/2024 15:00,19.38
5/19/2024 15:15,19.14
5/19/2024 15:30,18.81
5/19/2024 15:45,18.9
5/19/2024 16:00,18.57
5/19/2024 16:15,18.73
5/19/2024 16:30,18.65
5/19/2024 16:45,18.96
5/19/2024 17:00,19.21
5/19/2024 17:15,18.68
5/19/2024 17:30,18.64
5/19/2024 17:45,18.06
5/19/2024 18:00,17.78
5/19/2024 18:15,16.8
5/19/2024 18:30,15.5
5/19/2024 18:45,14.56
5/19/2024 19:00,13.84
5/19/2024 19:15,13.21
5/19/2024 19:30,12.72
5/19/2024 19:45,12.21
5/19/2024 20:00,11.76
5/19/2024 20:15,11.37
5/19/2024 20:30,10.96
5/19/2024 20:45,10.33
5/19/2024 21:00,9.75
5/19/2024 21:15,9.22
5/19/2024 21:30,8.83
5/19/2024 21:45,8.45
5/19/2024 22:00,8.04
5/19/2024 22:15,7.562
5/19/2024 22:30,7.124
5/19/2024 22:45,6.786
5/19/2024 23:00,6.665
5/19/2024 23:15,6.527
5/19/2024 23:30,6.407
5/19/2024 23:45,6.311
5/20/2024 0:00,6.26
5/20/2024 0:15,6.24
5/20/2024 0:30,6.236
5/20/2024 0:45,6.336
5/20/2024 1:00,6.376
5/20/2024 1:15,6.358
5/20/2024 1:30,6.368
5/20/2024 1:45,6.27
5/20/2024 2:00,6.024
5/20/2024 2:15,5.781
5/20/2024 2:30,5.714
5/20/2024 2:45,5.767
5/20/2024 3:00,5.865
5/20/2024 3:15,5.82
5/20/2024 3:30,5.442
5/20/2024 3:45,5.103
5/20/2024 4:00,4.822
5/20/2024 4:15,4.542
5/20/2024 4:30,4.246
5/20/2024 4:45,4.016
5/20/2024 5:00,4.006
5/20/2024 5:15,4.74
5/20/2024 5:30,6.509
5/20/2024 5:45,8.42
5/20/2024 6:00,10.09
5/20/2024 6:15,11.32
5/20/2024 6:30,12.37
5/20/2024 6:45,13.23
5/20/2024 7:00,13.98
5/20/2024 7:15,14.57
5/20/2024 7:30,15.18
5/20/2024 7:45,15.77
5/20/2024 8:00,16.32
5/20/2024 8:15,16.86
5/20/2024 8:30,17.34
5/20/2024 8:45,17.96
5/20/2024 9:00,18.46
5/20/2024 9:15,19.08
5/20/2024 9:30,19.85
5/20/2024 9:45,20.92
5/20/2024 10:00,22.59
5/20/2024 10:15,25.74
5/20/2024 10:30,27.43
5/20/2024 10:45,26.47
5/20/2024 11:00,25.24
5/20/2024 11:15,25.03
5/20/2024 11:30,24.34
5/20/2024 11:45,23.88
5/20/2024 12:00,22.69
5/20/2024 12:15,22.38
5/20/2024 12:30,21.82
5/20/2024 12:45,21.3
5/20/2024 13:00,20.88
5/20/2024 13:15,20.95
5/20/2024 13:30,20.01
5/20/2024 13:45,19.53
5/20/2024 14:00,20.28
5/20/2024 14:15,21.12
5/20/2024 14:30,21.18
5/20/2024 14:45,21.09
5/20/2024 15:00,21.35
5/20/2024 15:15,21.65
5/20/2024 15:30,21.42
5/20/2024 15:45,20.94
5/20/2024 16:00,20.87
5/20/2024 16:15,20.88
5/20/2024 16:30,20.79
5/20/2024 16:45,20.58
5/20/2024 17:00,20.29
5/20/2024 17:15,19.84
5/20/2024 17:30,18.73
5/20/2024 17:45,16.55
5/20/2024 18:00,14.74
5/20/2024 18:15,13.45
5/20/2024 18:30,14.27
5/20/2024 18:45,13.31
5/20/2024 19:00,12.55
5/20/2024 19:15,11.85
5/20/2024 19:30,11.24
5/20/2024 19:45,10.69
5/20/2024 20:00,10.17
5/20/2024 20:15,9.82
5/20/2024 20:30,9.53
5/20/2024 20:45,9.26
5/20/2024 21:00,9.07
5/20/2024 21:15,8.96
5/20/2024 21:30,8.89
5/20/2024 21:45,8.67
5/20/2024 22:00,8.28
5/20/2024 22:15,7.818
5/20/2024 22:30,7.432
5/20/2024 22:45,7.172
5/20/2024 23:00,6.784
5/20/2024 23:15,6.399
5/20/2024 23:30,6.107
5/20/2024 23:45,5.85
5/21/2024 0:00,5.82
5/21/2024 0:15,5.926
5/21/2024 0:30,6.044
5/21/2024 0:45,6.077
5/21/2024 1:00,5.922
5/21/2024 1:15,5.702
5/21/2024 1:30,5.463
5/21/2024 1:45,5.259
5/21/2024 2:00,5.029
5/21/2024 2:15,4.718
5/21/2024 2:30,4.374
5/21/2024 2:45,4.024
5/21/2024 3:00,3.675
5/21/2024 3:15,3.4
5/21/2024 3:30,3.113
5/21/2024 3:45,2.854
5/21/2024 4:00,2.623
5/21/2024 4:15,2.378
5/21/2024 4:30,2.218
5/21/2024 4:45,2.258
5/21/2024 5:00,2.801
5/21/2024 5:15,4.163
5/21/2024 5:30,5.91
5/21/2024 5:45,7.779
5/21/2024 6:00,9.58
5/21/2024 6:15,11.18
5/21/2024 6:30,12.48
5/21/2024 6:45,13.59
5/21/2024 7:00,14.74
5/21/2024 7:15,15.37
5/21/2024 7:30,15.79
5/21/2024 7:45,16.48
5/21/2024 8:00,16.95
5/21/2024 8:15,17.76
5/21/2024 8:30,18.49
5/21/2024 8:45,19.21
5/21/2024 9:00,19.72
5/21/2024 9:15,20.43
5/21/2024 9:30,20.83
5/21/2024 9:45,21.28
5/21/2024 10:00,22.16
5/21/2024 10:15,24.36
5/21/2024 10:30,25.4
5/21/2024 10:45,25.74
5/21/2024 11:00,25.57
5/21/2024 11:15,24.89
5/21/2024 11:30,24.18
5/21/2024 11:45,23.83
5/21/2024 12:00,23.4
5/21/2024 12:15,23.1
5/21/2024 12:30,22.89
5/21/2024 12:45,22.89
5/21/2024 13:00,22.7
5/21/2024 13:15,22.25
5/21/2024 13:30,21.77
5/21/2024 13:45,21.2
5/21/2024 14:00,20.7
5/21/2024 14:15,20.08
5/21/2024 14:30,19.19
5/21/2024 14:45,17.96
5/21/2024 15:00,17
5/21/2024 15:15,16.44
5/21/2024 15:30,16.02
5/21/2024 15:45,15.7
5/21/2024 16:00,15.43
5/21/2024 16:15,14.98
5/21/2024 16:30,14.46
5/21/2024 16:45,13.89
5/21/2024 17:00,13.29
5/21/2024 17:15,12.6
5/21/2024 17:30,11.99
5/21/2024 17:45,11.5
5/21/2024 18:00,11.12
5/21/2024 18:15,10.8
5/21/2024 18:30,10.49
5/21/2024 18:45,10.25
5/21/2024 19:00,10.02
5/21/2024 19:15,9.84
5/21/2024 19:30,9.71
5/21/2024 19:45,9.61
5/21/2024 20:00,9.51
5/21/2024 20:15,9.4
5/21/2024 20:30,9.32
5/21/2024 20:45,9.27
5/21/2024 21:00,9.23
5/21/2024 21:15,9.21
5/21/2024 21:30,9.19
5/21/2024 21:45,9.14
5/21/2024 22:00,9.06
5/21/2024 22:15,9
5/21/2024 22:30,8.95
5/21/2024 22:45,8.9
5/21/2024 23:00,8.8
5/21/2024 23:15,8.69
5/21/2024 23:30,8.61
5/21/2024 23:45,8.57
5/22/2024 0:00,8.54
5/22/2024 0:15,8.49
5/22/2024 0:30,8.44
5/22/2024 0:45,8.39
5/22/2024 1:00,8.39
5/22/2024 1:15,8.37
5/22/2024 1:30,8.22
5/22/2024 1:45,8.07
5/22/2024 2:00,7.957
5/22/2024 2:15,7.847
5/22/2024 2:30,7.754
5/22/2024 2:45,7.723
5/22/2024 3:00,7.708
5/22/2024 3:15,7.682
5/22/2024 3:30,7.639
5/22/2024 3:45,7.593
5/22/2024 4:00,7.557
5/22/2024 4:15,7.577
5/22/2024 4:30,7.628
5/22/2024 4:45,7.723
5/22/2024 5:00,7.807
5/22/2024 5:15,7.858
5/22/2024 5:30,7.894
5/22/2024 5:45,7.939
5/22/2024 6:00,7.964
5/22/2024 6:15,8
5/22/2024 6:30,8.08
5/22/2024 6:45,8.25
5/22/2024 7:00,8.52
5/22/2024 7:15,8.86
5/22/2024 7:30,9.07
5/22/2024 7:45,10.37
5/22/2024 8:00,10.89
5/22/2024 8:15,9.34
5/22/2024 8:30,9.12
5/22/2024 8:45,9.71
5/22/2024 9:00,10.08
5/22/2024 9:15,10.45
5/22/2024 9:30,10.04
5/22/2024 9:45,10.23
5/22/2024 10:00,10.97
5/22/2024 10:15,10.98
5/22/2024 10:30,9.78
5/22/2024 10:45,9.52
5/22/2024 11:00,10.54
5/22/2024 11:15,12.59
5/22/2024 11:30,13.9
5/22/2024 11:45,14.24
5/22/2024 12:00,13.63
5/22/2024 12:15,13.81
5/22/2024 12:30,13.93
5/22/2024 12:45,14.2
5/22/2024 13:00,14.78
5/22/2024 13:15,14.53
5/22/2024 13:30,14.11
5/22/2024 13:45,13.97
5/22/2024 14:00,13.8
5/22/2024 14:15,13.55
5/22/2024 14:30,13.31
5/22/2024 14:45,13.18
5/22/2024 15:00,13.05
5/22/2024 15:15,13.03
5/22/2024 15:30,12.95
5/22/2024 15:45,12.68
5/22/2024 16:00,12.59
5/22/2024 16:15,12.42
5/22/2024 16:30,12.16
5/22/2024 16:45,11.9
5/22/2024 17:00,11.63
5/22/2024 17:15,11.57
5/22/2024 17:30,11.38
5/22/2024 17:45,10.91
5/22/2024 18:00,10.44
5/22/2024 18:15,10.12
5/22/2024 18:30,9.9
5/22/2024 18:45,9.71
5/22/2024 19:00,9.45
5/22/2024 19:15,9.16
5/22/2024 19:30,8.87
5/22/2024 19:45,8.6
5/22/2024 20:00,8.32
5/22/2024 20:15,8.04
5/22/2024 20:30,7.807
5/22/2024 20:45,7.584
5/22/2024 21:00,7.412
5/22/2024 21:15,7.229
5/22/2024 21:30,7.078
5/22/2024 21:45,6.942
5/22/2024 22:00,6.81
5/22/2024 22:15,6.684
5/22/2024 22:30,6.58
5/22/2024 22:45,6.466
5/22/2024 23:00,6.392
5/22/2024 23:15,6.319
5/22/2024 23:30,6.243
5/22/2024 23:45,6.164
5/23/2024 0:00,6.085
5/23/2024 0:15,5.986
5/23/2024 0:30,5.917
5/23/2024 0:45,5.881
5/23/2024 1:00,5.847
5/23/2024 1:15,5.822
5/23/2024 1:30,5.799
5/23/2024 1:45,5.803
5/23/2024 2:00,5.842
5/23/2024 2:15,5.854
5/23/2024 2:30,5.786
5/23/2024 2:45,5.608
5/23/2024 3:00,5.55
5/23/2024 3:15,5.565
5/23/2024 3:30,5.572
5/23/2024 3:45,5.567
5/23/2024 4:00,5.559
5/23/2024 4:15,5.498
5/23/2024 4:30,5.424
5/23/2024 4:45,5.442
5/23/2024 5:00,5.512
5/23/2024 5:15,5.644
5/23/2024 5:30,5.84
5/23/2024 5:45,6.071
5/23/2024 6:00,6.284
5/23/2024 6:15,6.559
5/23/2024 6:30,6.851
5/23/2024 6:45,7.176
5/23/2024 7:00,7.594
5/23/2024 7:15,8.07
5/23/2024 7:30,8.62
5/23/2024 7:45,9.09
5/23/2024 8:00,9.96
5/23/2024 8:15,10.81
5/23/2024 8:30,11.28
5/23/2024 8:45,11.47
5/23/2024 9:00,11.55
5/23/2024 9:15,11.63
5/23/2024 9:30,11.81
5/23/2024 9:45,12.01
5/23/2024 10:00,12.07
5/23/2024 10:15,12.39
5/23/2024 10:30,13
5/23/2024 10:45,14.13
5/23/2024 11:00,14.59
5/23/2024 11:15,15.13
5/23/2024 11:30,16.08
5/23/2024 11:45,16.6
5/23/2024 12:00,17.26
5/23/2024 12:15,17.87
5/23/2024 12:30,18.17
5/23/2024 12:45,17.88
5/23/2024 13:00,18.03
5/23/2024 13:15,18.97
5/23/2024 13:30,19.4
5/23/2024 13:45,19.16
5/23/2024 14:00,18.75
5/23/2024 14:15,18.66
5/23/2024 14:30,18.55
5/23/2024 14:45,18.26
5/23/2024 15:00,18.62
5/23/2024 15:15,19.18
5/23/2024 15:30,19.66
5/23/2024 15:45,19.25
5/23/2024 16:00,18.79
5/23/2024 16:15,17.97
5/23/2024 16:30,17.09
5/23/2024 16:45,16.25
5/23/2024 17:00,15.69
5/23/2024 17:15,15.53
5/23/2024 17:30,14.94
5/23/2024 17:45,14.6
5/23/2024 18:00,14.53
5/23/2024 18:15,15.23
5/23/2024 18:30,16.03
5/23/2024 18:45,16.2
5/23/2024 19:00,13.92
5/23/2024 19:15,12.62
5/23/2024 19:30,11.82
5/23/2024 19:45,11.22
5/23/2024 20:00,10.69
5/23/2024 20:15,10.32
5/23/2024 20:30,10.06
5/23/2024 20:45,9.9
5/23/2024 21:00,9.65
5/23/2024 21:15,9.25
5/23/2024 21:30,8.84
5/23/2024 21:45,8.44
5/23/2024 22:00,8.07
5/23/2024 22:15,7.774
5/23/2024 22:30,7.505
5/23/2024 22:45,7.307
5/23/2024 23:00,7.137
5/23/2024 23:15,6.998
5/23/2024 23:30,6.821
5/23/2024 23:45,6.654
5/24/2024 0:00,6.532
5/24/2024 0:15,6.425
5/24/2024 0:30,6.332
5/24/2024 0:45,6.241
5/24/2024 1:00,6.221
5/24/2024 1:15,6.197
5/24/2024 1:30,6.151
5/24/2024 1:45,6.1
5/24/2024 2:00,6.048
5/24/2024 2:15,6.009
5/24/2024 2:30,5.94
5/24/2024 2:45,5.886
5/24/2024 3:00,5.77
5/24/2024 3:15,5.687
5/24/2024 3:30,5.581
5/24/2024 3:45,5.439
5/24/2024 4:00,5.294
5/24/2024 4:15,5.257
5/24/2024 4:30,5.314
5/24/2024 4:45,5.538
5/24/2024 5:00,6.322
5/24/2024 5:15,7.502
5/24/2024 5:30,8.71
5/24/2024 5:45,9.86
5/24/2024 6:00,9.74
5/24/2024 6:15,9.48
5/24/2024 6:30,10.82
5/24/2024 6:45,12.44
5/24/2024 7:00,13.28
5/24/2024 7:15,14.21
5/24/2024 7:30,15.14
5/24/2024 7:45,15.88
5/24/2024 8:00,16.53
5/24/2024 8:15,17.3
5/24/2024 8:30,18.1
5/24/2024 8:45,18.89
5/24/2024 9:00,19.74
5/24/2024 9:15,20.75
5/24/2024 9:30,21.76
5/24/2024 9:45,23.33
5/24/2024 10:00,25.61
5/24/2024 10:15,29.19
5/24/2024 10:30,30.71
5/24/2024 10:45,28.8
5/24/2024 11:00,27.8
5/24/2024 11:15,27.43
5/24/2024 11:30,26.17
5/24/2024 11:45,25.11
5/24/2024 12:00,24.5
5/24/2024 12:15,24.7
5/24/2024 12:30,24.25
5/24/2024 12:45,24.81
5/24/2024 13:00,24.95
5/24/2024 13:15,25.22
5/24/2024 13:30,25.43
5/24/2024 13:45,25.43
5/24/2024 14:00,25.44
5/24/2024 14:15,25.43
5/24/2024 14:30,25.32
5/24/2024 14:45,24.29
5/24/2024 15:00,23.46
5/24/2024 15:15,23.08
5/24/2024 15:30,22.66
5/24/2024 15:45,22.26
5/24/2024 16:00,21.73
5/24/2024 16:15,21.1
5/24/2024 16:30,20.28
5/24/2024 16:45,19.43
5/24/2024 17:00,18.89
5/24/2024 17:15,18.35
5/24/2024 17:30,17.89
5/24/2024 17:45,17.38
5/24/2024 18:00,16.83
5/24/2024 18:15,16.34
5/24/2024 18:30,15.91
5/24/2024 18:45,15.41
5/24/2024 19:00,14.86
5/24/2024 19:15,14.41
5/24/2024 19:30,13.91
5/24/2024 19:45,13.45
5/24/2024 20:00,13.03
5/24/2024 20:15,12.65
5/24/2024 20:30,12.29
5/24/2024 20:45,12.02
5/24/2024 21:00,11.79
5/24/2024 21:15,11.64
5/24/2024 21:30,11.52
5/24/2024 21:45,11.41
5/24/2024 22:00,11.32
5/24/2024 22:15,11.22
5/24/2024 22:30,11.11
5/24/2024 22:45,10.96
5/24/2024 23:00,10.75
5/24/2024 23:15,10.45
5/24/2024 23:30,10.17
5/24/2024 23:45,9.99
5/25/2024 0:00,9.91
5/25/2024 0:15,9.8
5/25/2024 0:30,9.64
5/25/2024 0:45,9.57
5/25/2024 1:00,9.5
5/25/2024 1:15,9.44
5/25/2024 1:30,9.43
5/25/2024 1:45,9.44
5/25/2024 2:00,9.45
5/25/2024 2:15,9.47
5/25/2024 2:30,9.43
5/25/2024 2:45,9.42
5/25/2024 3:00,9.41
5/25/2024 3:15,9.45
5/25/2024 3:30,9.45
5/25/2024 3:45,9.43
5/25/2024 4:00,9.38
5/25/2024 4:15,9.32
5/25/2024 4:30,9.27
5/25/2024 4:45,9.24
5/25/2024 5:00,9.29
5/25/2024 5:15,9.39
5/25/2024 5:30,9.54
5/25/2024 5:45,9.66
5/25/2024 6:00,11.14
5/25/2024 6:15,12.59
5/25/2024 6:30,12.65
5/25/2024 6:45,13.21
5/25/2024 7:00,14.65
5/25/2024 7:15,15.78
5/25/2024 7:30,16.51
5/25/2024 7:45,15.81
5/25/2024 8:00,15.53
5/25/2024 8:15,15.92
5/25/2024 8:30,15.95
5/25/2024 8:45,16.42
5/25/2024 9:00,16.52
5/25/2024 9:15,16.34
5/25/2024 9:30,16.55
5/25/2024 9:45,17.64
5/25/2024 10:00,19.94
5/25/2024 10:15,23.8
5/25/2024 10:30,25.46
5/25/2024 10:45,25.26
5/25/2024 11:00,24.11
5/25/2024 11:15,23.3
5/25/2024 11:30,22.39
5/25/2024 11:45,21.66
5/25/2024 12:00,21.42
5/25/2024 12:15,21.09
5/25/2024 12:30,20.69
5/25/2024 12:45,20.3
5/25/2024 13:00,20.1
5/25/2024 13:15,20.24
5/25/2024 13:30,19.87
5/25/2024 13:45,19.72
5/25/2024 14:00,19.54
5/25/2024 14:15,19.14
5/25/2024 14:30,18.83
5/25/2024 14:45,18.6
5/25/2024 15:00,18.69
5/25/2024 15:15,19.03
5/25/2024 15:30,18.81
5/25/2024 15:45,18.59
5/25/2024 16:00,18.66
5/25/2024 16:15,18.61
5/25/2024 16:30,17.88
5/25/2024 16:45,17.05
5/25/2024 17:00,16.31
5/25/2024 17:15,15.65
5/25/2024 17:30,14.97
5/25/2024 17:45,14.36
5/25/2024 18:00,13.99
5/25/2024 18:15,14.07
5/25/2024 18:30,14.81
5/25/2024 18:45,14.02
5/25/2024 19:00,13.39
5/25/2024 19:15,12.91
5/25/2024 19:30,12.4
5/25/2024 19:45,11.79
5/25/2024 20:00,11.18
5/25/2024 20:15,10.64
5/25/2024 20:30,10.15
5/25/2024 20:45,9.69
5/25/2024 21:00,9.29
5/25/2024 21:15,8.91
5/25/2024 21:30,8.57
5/25/2024 21:45,8.27
5/25/2024 22:00,7.95
5/25/2024 22:15,7.641
5/25/2024 22:30,7.313
5/25/2024 22:45,6.992
5/25/2024 23:00,6.779
5/25/2024 23:15,6.603
5/25/2024 23:30,6.486
5/25/2024 23:45,6.399
5/26/2024 0:00,6.31
5/26/2024 0:15,6.067
5/26/2024 0:30,5.823
5/26/2024 0:45,5.609
5/26/2024 1:00,5.376
5/26/2024 1:15,5.161
5/26/2024 1:30,4.923
5/26/2024 1:45,4.722
5/26/2024 2:00,4.624
5/26/2024 2:15,4.617
5/26/2024 2:30,4.576
5/26/2024 2:45,4.444
5/26/2024 3:00,4.321
5/26/2024 3:15,4.453
5/26/2024 3:30,4.658
5/26/2024 3:45,4.909
5/26/2024 4:00,5.038
5/26/2024 4:15,4.999
5/26/2024 4:30,4.883
5/26/2024 4:45,5.028
5/26/2024 5:00,5.917
5/26/2024 5:15,7.378
5/26/2024 5:30,8.91
5/26/2024 5:45,10.23
5/26/2024 6:00,11.46
5/26/2024 6:15,12.59
5/26/2024 6:30,13.6
5/26/2024 6:45,14.56
5/26/2024 7:00,14.7
5/26/2024 7:15,14.19
5/26/2024 7:30,14.28
5/26/2024 7:45,15.41
5/26/2024 8:00,16.57
5/26/2024 8:15,17.5
5/26/2024 8:30,17.95
5/26/2024 8:45,18.19
5/26/2024 9:00,18.82
5/26/2024 9:15,19.42
5/26/2024 9:30,19.78
5/26/2024 9:45,19.98
5/26/2024 10:00,21.43
5/26/2024 10:15,21.03
5/26/2024 10:30,21.62
5/26/2024 10:45,21.95
5/26/2024 11:00,22.18
5/26/2024 11:15,22.84
5/26/2024 11:30,23.25
5/26/2024 11:45,23.59
5/26/2024 12:00,23.91
5/26/2024 12:15,23.86
5/26/2024 12:30,23.85
5/26/2024 12:45,23.9
5/26/2024 13:00,24.07
5/26/2024 13:15,24.23
5/26/2024 13:30,23.9
5/26/2024 13:45,23.88
5/26/2024 14:00,23.87
5/26/2024 14:15,24.06
5/26/2024 14:30,23.89
5/26/2024 14:45,23.86
5/26/2024 15:00,23.41
5/26/2024 15:15,22.96
5/26/2024 15:30,22.78
5/26/2024 15:45,22.32
5/26/2024 16:00,21.66
5/26/2024 16:15,21.05
5/26/2024 16:30,20.97
5/26/2024 16:45,21.11
5/26/2024 17:00,21.07
5/26/2024 17:15,21.16
5/26/2024 17:30,20.97
5/26/2024 17:45,20.87
5/26/2024 18:00,20.5
5/26/2024 18:15,20.86
5/26/2024 18:30,20.62
5/26/2024 18:45,19.51
5/26/2024 19:00,17.69
5/26/2024 19:15,16.41
5/26/2024 19:30,15.4
5/26/2024 19:45,14.47
5/26/2024 20:00,13.63
5/26/2024 20:15,13.1
5/26/2024 20:30,12.71
5/26/2024 20:45,12.33
5/26/2024 21:00,11.95
5/26/2024 21:15,11.43
5/26/2024 21:30,10.85
5/26/2024 21:45,10.36
5/26/2024 22:00,9.88
5/26/2024 22:15,9.34
5/26/2024 22:30,9
5/26/2024 22:45,8.67
5/26/2024 23:00,8.46
5/26/2024 23:15,8.34
5/26/2024 23:30,8.57
5/26/2024 23:45,8.74
5/27/2024 0:00,8.79
5/27/2024 0:15,8.8
5/27/2024 0:30,8.77
5/27/2024 0:45,8.69
5/27/2024 1:00,8.52
5/27/2024 1:15,8.26
5/27/2024 1:30,8.08
5/27/2024 1:45,8.18
5/27/2024 2:00,8.4
5/27/2024 2:15,8.48
5/27/2024 2:30,8.38
5/27/2024 2:45,8.25
5/27/2024 3:00,8.16
5/27/2024 3:15,8.09
5/27/2024 3:30,8.03
5/27/2024 3:45,7.859
5/27/2024 4:00,7.649
5/27/2024 4:15,7.542
5/27/2024 4:30,7.59
5/27/2024 4:45,7.913
5/27/2024 5:00,8.86
5/27/2024 5:15,10.12
5/27/2024 5:30,11.45
5/27/2024 5:45,12.74
5/27/2024 6:00,13.97
5/27/2024 6:15,15.06
5/27/2024 6:30,15.69
5/27/2024 6:45,16.41
5/27/2024 7:00,17.03
5/27/2024 7:15,17.74
5/27/2024 7:30,18.74
5/27/2024 7:45,19.73
5/27/2024 8:00,20.41
5/27/2024 8:15,20.91
5/27/2024 8:30,21.65
5/27/2024 8:45,22.32
5/27/2024 9:00,22.97
5/27/2024 9:15,23.71
5/27/2024 9:30,24.34
5/27/2024 9:45,25.43
5/27/2024 10:00,27.68
5/27/2024 10:15,30.27
5/27/2024 10:30,31.64
5/27/2024 10:45,31.41
5/27/2024 11:00,30.73
5/27/2024 11:15,30.54
5/27/2024 11:30,30.25
5/27/2024 11:45,30.11
5/27/2024 12:00,30.01
5/27/2024 12:15,29.99
5/27/2024 12:30,29.9
5/27/2024 12:45,29.71
5/27/2024 13:00,29.72
5/27/2024 13:15,29.51
5/27/2024 13:30,29.31
5/27/2024 13:45,29.18
5/27/2024 14:00,29.05
5/27/2024 14:15,28.98
5/27/2024 14:30,28.82
5/27/2024 14:45,28.58
5/27/2024 15:00,28.58
5/27/2024 15:15,28.47
5/27/2024 15:30,28.34
5/27/2024 15:45,27.95
5/27/2024 16:00,27.8
5/27/2024 16:15,27.85
5/27/2024 16:30,27.87
5/27/2024 16:45,28
5/27/2024 17:00,27.93
5/27/2024 17:15,27.57
5/27/2024 17:30,27.21
5/27/2024 17:45,26.82
5/27/2024 18:00,26.57
5/27/2024 18:15,25.82
5/27/2024 18:30,24.82
5/27/2024 18:45,23.87
5/27/2024 19:00,22.58
5/27/2024 19:15,21.36
5/27/2024 19:30,20.15
5/27/2024 19:45,19
5/27/2024 20:00,17.96
5/27/2024 20:15,17.02
5/27/2024 20:30,16.28
5/27/2024 20:45,15.66
5/27/2024 21:00,15.13
5/27/2024 21:15,14.68
5/27/2024 21:30,14.28
5/27/2024 21:45,13.87
5/27/2024 22:00,13.55
5/27/2024 22:15,13.08
5/27/2024 22:30,12.62
5/27/2024 22:45,12.14
5/27/2024 23:00,11.69
5/27/2024 23:15,11.3
5/27/2024 23:30,11
5/27/2024 23:45,10.81
5/28/2024 0:00,10.6
5/28/2024 0:15,10.41
5/28/2024 0:30,10.32
5/28/2024 0:45,10.37
5/28/2024 1:00,10.49
5/28/2024 1:15,10.61
5/28/2024 1:30,10.82
5/28/2024 1:45,11.1
5/28/2024 2:00,11.29
5/28/2024 2:15,11.31
5/28/2024 2:30,11.34
5/28/2024 2:45,11.4
5/28/2024 3:00,11.49
5/28/2024 3:15,11.49
5/28/2024 3:30,11.51
5/28/2024 3:45,11.48
5/28/2024 4:00,11.43
5/28/2024 4:15,11.47
5/28/2024 4:30,11.6
5/28/2024 4:45,11.66
5/28/2024 5:00,11.92
5/28/2024 5:15,12.2
5/28/2024 5:30,12.59
5/28/2024 5:45,12.96
5/28/2024 6:00,13.52
5/28/2024 6:15,14.3
5/28/2024 6:30,15.24
5/28/2024 6:45,16.75
5/28/2024 7:00,16.9
5/28/2024 7:15,17.61
5/28/2024 7:30,18.46
5/28/2024 7:45,19.83
5/28/2024 8:00,21.17
5/28/2024 8:15,21.86
5/28/2024 8:30,22.92
5/28/2024 8:45,23.84
5/28/2024 9:00,24.54
5/28/2024 9:15,25.14
5/28/2024 9:30,25.74
5/28/2024 9:45,26.34
5/28/2024 10:00,26.23
5/28/2024 10:15,27.09
5/28/2024 10:30,28.18
5/28/2024 10:45,29.62
5/28/2024 11:00,29.74
5/28/2024 11:15,29.97
5/28/2024 11:30,30.03
5/28/2024 11:45,30.01
5/28/2024 12:00,29.95
5/28/2024 12:15,30.09
5/28/2024 12:30,29.53
5/28/2024 12:45,29.01
5/28/2024 13:00,28.63
5/28/2024 13:15,28.03
5/28/2024 13:30,27.07
5/28/2024 13:45,26.43
5/28/2024 14:00,26.19
5/28/2024 14:15,25.77
5/28/2024 14:30,24.67
5/28/2024 14:45,23.92
5/28/2024 15:00,23.35
5/28/2024 15:15,22.79
5/28/2024 15:30,22.35
5/28/2024 15:45,22.07
5/28/2024 16:00,21.65
5/28/2024 16:15,21.53
5/28/2024 16:30,22.16
5/28/2024 16:45,22.47
5/28/2024 17:00,22.15
5/28/2024 17:15,21.46
5/28/2024 17:30,20.96
5/28/2024 17:45,20.78
5/28/2024 18:00,20.51
5/28/2024 18:15,19.98
5/28/2024 18:30,19.2
5/28/2024 18:45,18.62
5/28/2024 19:00,18.17
5/28/2024 19:15,17.39
5/28/2024 19:30,16.69
5/28/2024 19:45,16.14
5/28/2024 20:00,15.61
5/28/2024 20:15,15
5/28/2024 20:30,14.4
5/28/2024 20:45,13.83
5/28/2024 21:00,13.3
5/28/2024 21:15,12.88
5/28/2024 21:30,12.58
5/28/2024 21:45,12.38
5/28/2024 22:00,12.22
5/28/2024 22:15,12.09
5/28/2024 22:30,11.96
5/28/2024 22:45,11.78
5/28/2024 23:00,11.54
5/28/2024 23:15,11.28
5/28/2024 23:30,11.04
5/28/2024 23:45,10.84
5/29/2024 0:00,10.7
5/29/2024 0:15,10.59
5/29/2024 0:30,10.5
5/29/2024 0:45,10.38
5/29/2024 1:00,10.24
5/29/2024 1:15,10.07
5/29/2024 1:30,9.86
5/29/2024 1:45,9.55
5/29/2024 2:00,9.17
5/29/2024 2:15,8.77
5/29/2024 2:30,8.39
5/29/2024 2:45,8.03
5/29/2024 3:00,7.685
5/29/2024 3:15,7.355
5/29/2024 3:30,7.105
5/29/2024 3:45,6.934
5/29/2024 4:00,6.793
5/29/2024 4:15,6.683
5/29/2024 4:30,6.702
5/29/2024 4:45,6.962
5/29/2024 5:00,7.638
5/29/2024 5:15,8.53
5/29/2024 5:30,8.98
5/29/2024 5:45,9.4
5/29/2024 6:00,9.69
5/29/2024 6:15,10.06
5/29/2024 6:30,10.33
5/29/2024 6:45,10.47
5/29/2024 7:00,10.86
5/29/2024 7:15,11.38
5/29/2024 7:30,12.18
5/29/2024 7:45,13.51
5/29/2024 8:00,15.22
5/29/2024 8:15,16.26
5/29/2024 8:30,16.8
5/29/2024 8:45,16.97
5/29/2024 9:00,18.09
5/29/2024 9:15,19.24
5/29/2024 9:30,20
5/29/2024 9:45,20.06
5/29/2024 10:00,21.41
5/29/2024 10:15,23.93
5/29/2024 10:30,22.34
5/29/2024 10:45,21.03
5/29/2024 11:00,19.5
5/29/2024 11:15,19.3
5/29/2024 11:30,20.02
5/29/2024 11:45,20.1
5/29/2024 12:00,19.88
5/29/2024 12:15,19.26
5/29/2024 12:30,19.27
5/29/2024 12:45,19.58
5/29/2024 13:00,20.05
5/29/2024 13:15,20.91
5/29/2024 13:30,20.03
5/29/2024 13:45,18.44
5/29/2024 14:00,17
5/29/2024 14:15,15.18
5/29/2024 14:30,14.92
5/29/2024 14:45,14.57
5/29/2024 15:00,13.4
5/29/2024 15:15,12.63
5/29/2024 15:30,12.36
5/29/2024 15:45,12.99
5/29/2024 16:00,13.76
5/29/2024 16:15,14.63
5/29/2024 16:30,15.37
5/29/2024 16:45,15.3
5/29/2024 17:00,14.53
5/29/2024 17:15,13.08
5/29/2024 17:30,11.4
5/29/2024 17:45,10.93
5/29/2024 18:00,11.17
5/29/2024 18:15,10.91
5/29/2024 18:30,10.7
5/29/2024 18:45,10.06
5/29/2024 19:00,9.75
5/29/2024 19:15,9.59
5/29/2024 19:30,9.27
5/29/2024 19:45,8.97
5/29/2024 20:00,8.55
5/29/2024 20:15,8.07
5/29/2024 20:30,7.784
5/29/2024 20:45,7.529
5/29/2024 21:00,7.271
5/29/2024 21:15,6.859
5/29/2024 21:30,6.355
5/29/2024 21:45,5.989
5/29/2024 22:00,5.698
5/29/2024 22:15,5.482
5/29/2024 22:30,5.289
5/29/2024 22:45,5.076
5/29/2024 23:00,4.865
5/29/2024 23:15,4.637
5/29/2024 23:30,4.356
5/29/2024 23:45,4.131
5/30/2024 0:00,3.867
5/30/2024 0:15,3.608
5/30/2024 0:30,3.362
5/30/2024 0:45,3.117
5/30/2024 1:00,2.873
5/30/2024 1:15,2.812
5/30/2024 1:30,2.829
5/30/2024 1:45,2.882
5/30/2024 2:00,2.905
5/30/2024 2:15,2.897
5/30/2024 2:30,2.793
5/30/2024 2:45,2.648
5/30/2024 3:00,2.464
5/30/2024 3:15,2.259
5/30/2024 3:30,2.023
5/30/2024 3:45,1.841
5/30/2024 4:00,1.689
5/30/2024 4:15,1.505
5/30/2024 4:30,1.379
5/30/2024 4:45,1.628
5/30/2024 5:00,2.711
5/30/2024 5:15,4.389
5/30/2024 5:30,6.212
5/30/2024 5:45,7.971
5/30/2024 6:00,9.65
5/30/2024 6:15,11.08
5/30/2024 6:30,12.25
5/30/2024 6:45,13.24
5/30/2024 7:00,13.84
5/30/2024 7:15,14.37
5/30/2024 7:30,14.75
5/30/2024 7:45,14.79
5/30/2024 8:00,14.54
5/30/2024 8:15,14.67
5/30/2024 8:30,15.4
5/30/2024 8:45,16.22
5/30/2024 9:00,16.94
5/30/2024 9:15,17.69
5/30/2024 9:30,18.57
5/30/2024 9:45,19.71
5/30/2024 10:00,21.76
5/30/2024 10:15,25.46
5/30/2024 10:30,26.89
5/30/2024 10:45,26.4
5/30/2024 11:00,25.39
5/30/2024 11:15,22.67
5/30/2024 11:30,22.48
5/30/2024 11:45,21.87
5/30/2024 12:00,22.15
5/30/2024 12:15,22.46
5/30/2024 12:30,22.76
5/30/2024 12:45,23.06
5/30/2024 13:00,23.11
5/30/2024 13:15,22.99
5/30/2024 13:30,22.92
5/30/2024 13:45,22.48
5/30/2024 14:00,22.5
5/30/2024 14:15,22.47
5/30/2024 14:30,22.49
5/30/2024 14:45,22.34
5/30/2024 15:00,21.96
5/30/2024 15:15,22.06
5/30/2024 15:30,21.99
5/30/2024 15:45,21.49
5/30/2024 16:00,21.54
5/30/2024 16:15,21.6
5/30/2024 16:30,21.42
5/30/2024 16:45,21.42
5/30/2024 17:00,21.52
5/30/2024 17:15,21.32
5/30/2024 17:30,20.84
5/30/2024 17:45,20.71
5/30/2024 18:00,20.93
5/30/2024 18:15,21.37
5/30/2024 18:30,22.14
5/30/2024 18:45,23.63
5/30/2024 19:00,20.13
5/30/2024 19:15,17.56
5/30/2024 19:30,15.67
5/30/2024 19:45,14.11
5/30/2024 20:00,12.79
5/30/2024 20:15,11.57
5/30/2024 20:30,10.45
5/30/2024 20:45,9.49
5/30/2024 21:00,8.63
5/30/2024 21:15,7.913
5/30/2024 21:30,7.232
5/30/2024 21:45,6.676
5/30/2024 22:00,6.145
5/30/2024 22:15,5.658
5/30/2024 22:30,5.17
5/30/2024 22:45,4.747
5/30/2024 23:00,4.39
5/30/2024 23:15,4.077
5/30/2024 23:30,3.766
5/30/2024 23:45,3.386
5/31/2024 0:00,3.064
5/31/2024 0:15,2.768
5/31/2024 0:30,2.483
5/31/2024 0:45,2.255
5/31/2024 1:00,2.025
5/31/2024 1:15,1.762
5/31/2024 1:30,1.564
5/31/2024 1:45,1.383
5/31/2024 2:00,1.283
5/31/2024 2:15,1.158
5/31/2024 2:30,1.048
5/31/2024 2:45,0.92
5/31/2024 3:00,0.821
5/31/2024 3:15,0.716
5/31/2024 3:30,0.666
5/31/2024 3:45,0.543
5/31/2024 4:00,0.516
5/31/2024 4:15,0.562
5/31/2024 4:30,0.641
5/31/2024 4:45,1.104
5/31/2024 5:00,2.464
5/31/2024 5:15,4.426
5/31/2024 5:30,6.462
5/31/2024 5:45,8.26
5/31/2024 6:00,10.03
5/31/2024 6:15,11.78
5/31/2024 6:30,13.34
5/31/2024 6:45,14.65
5/31/2024 7:00,15.83
5/31/2024 7:15,16.87
5/31/2024 7:30,17.73
5/31/2024 7:45,18.41
5/31/2024 8:00,19.07
5/31/2024 8:15,19.79
5/31/2024 8:30,20.5
5/31/2024 8:45,21.23
5/31/2024 9:00,21.94
5/31/2024 9:15,22.65
5/31/2024 9:30,23.47
5/31/2024 9:45,24.51
5/31/2024 10:00,26.64
5/31/2024 10:15,30.06
5/31/2024 10:30,31.47
5/31/2024 10:45,30.38
5/31/2024 11:00,29.43
5/31/2024 11:15,28.62
5/31/2024 11:30,28.17
5/31/2024 11:45,27.46
5/31/2024 12:00,27.28
5/31/2024 12:15,26.87
5/31/2024 12:30,26.56
5/31/2024 12:45,26.75
5/31/2024 13:00,26.7
5/31/2024 13:15,26.43
5/31/2024 13:30,26.48
5/31/2024 13:45,26.35
5/31/2024 14:00,26.18
5/31/2024 14:15,26.22
5/31/2024 14:30,26.25
5/31/2024 14:45,26.19
5/31/2024 15:00,26.18
5/31/2024 15:15,26.16
5/31/2024 15:30,26.1
5/31/2024 15:45,25.99
5/31/2024 16:00,25.73
5/31/2024 16:15,25.57
5/31/2024 16:30,25.46
5/31/2024 16:45,25.41
5/31/2024 17:00,25.24
5/31/2024 17:15,25.06
5/31/2024 17:30,24.81
5/31/2024 17:45,24.6
5/31/2024 18:00,24.57
5/31/2024 18:15,24.89
5/31/2024 18:30,25.61
5/31/2024 18:45,26.86
5/31/2024 19:00,23.69
5/31/2024 19:15,21.02
5/31/2024 19:30,18.98
5/31/2024 19:45,17.29
5/31/2024 20:00,15.8
5/31/2024 20:15,14.45
5/31/2024 20:30,13.26
5/31/2024 20:45,12.17
5/31/2024 21:00,11.2
5/31/2024 21:15,10.4
5/31/2024 21:30,9.68
5/31/2024 21:45,8.97
5/31/2024 22:00,8.44
5/31/2024 22:15,7.937
5/31/2024 22:30,7.561
5/31/2024 22:45,7.216
5/31/2024 23:00,6.936
5/31/2024 23:15,6.649
5/31/2024 23:30,6.355
5/31/2024 23:45,6.107
6/1/2024 0:00,5.879
6/1/2024 0:15,5.705
6/1/2024 0:30,5.619
6/1/2024 0:45,5.524
6/1/2024 1:00,5.455
6/1/2024 1:15,5.408
6/1/2024 1:30,5.359
6/1/2024 1:45,5.307
6/1/2024 2:00,5.244
6/1/2024 2:15,5.163
6/1/2024 2:30,5.078
6/1/2024 2:45,5.033
6/1/2024 3:00,5.045
6/1/2024 3:15,5.116
6/1/2024 3:30,5.174
6/1/2024 3:45,5.359
6/1/2024 4:00,5.618
6/1/2024 4:15,5.977
6/1/2024 4:30,6.298
6/1/2024 4:45,6.668
6/1/2024 5:00,7.218
6/1/2024 5:15,7.903
6/1/2024 5:30,9.07
6/1/2024 5:45,10.14
6/1/2024 6:00,11.42
6/1/2024 6:15,12.53
6/1/2024 6:30,13.38
6/1/2024 6:45,13.8
6/1/2024 7:00,14.26
6/1/2024 7:15,14.9
6/1/2024 7:30,15.51
6/1/2024 7:45,16.04
6/1/2024 8:00,16.54
6/1/2024 8:15,17.05
6/1/2024 8:30,18.07
6/1/2024 8:45,19.25
6/1/2024 9:00,20.21
6/1/2024 9:15,21.02
6/1/2024 9:30,21.97
6/1/2024 9:45,22.95
6/1/2024 10:00,23.95
6/1/2024 10:15,24.68
6/1/2024 10:30,25.43
6/1/2024 10:45,25.71
6/1/2024 11:00,25.69
6/1/2024 11:15,25.43
6/1/2024 11:30,25.17
6/1/2024 11:45,24.78
6/1/2024 12:00,24.54
6/1/2024 12:15,24.76
6/1/2024 12:30,24.95
6/1/2024 12:45,25.47
6/1/2024 13:00,25.89
6/1/2024 13:15,26.4
6/1/2024 13:30,26.81
6/1/2024 13:45,27.18
6/1/2024 14:00,27.27
6/1/2024 14:15,27.11
6/1/2024 14:30,27
6/1/2024 14:45,27.19
6/1/2024 15:00,27.5
6/1/2024 15:15,27.5
6/1/2024 15:30,27.45
6/1/2024 15:45,27.37
6/1/2024 16:00,27.26
6/1/2024 16:15,27.06
6/1/2024 16:30,26.55
6/1/2024 16:45,25.99
6/1/2024 17:00,25.12
6/1/2024 17:15,24.29
6/1/2024 17:30,23.71
6/1/2024 17:45,23.8
6/1/2024 18:00,23.65
6/1/2024 18:15,23.97
6/1/2024 18:30,23.47
6/1/2024 18:45,22.17
6/1/2024 19:00,21.02
6/1/2024 19:15,20.02
6/1/2024 19:30,19.15
6/1/2024 19:45,18.41
6/1/2024 20:00,17.79
6/1/2024 20:15,17.28
6/1/2024 20:30,16.88
6/1/2024 20:45,16.51
6/1/2024 21:00,16.17
6/1/2024 21:15,15.87
6/1/2024 21:30,15.55
6/1/2024 21:45,15.17
6/1/2024 22:00,14.8
6/1/2024 22:15,14.42
6/1/2024 22:30,14
6/1/2024 22:45,13.51
6/1/2024 23:00,12.97
6/1/2024 23:15,12.44
6/1/2024 23:30,12.07
6/1/2024 23:45,11.7
6/2/2024 0:00,11.45
6/2/2024 0:15,11.25
6/2/2024 0:30,10.91
6/2/2024 0:45,10.62
6/2/2024 1:00,10.67
6/2/2024 1:15,10.82
6/2/2024 1:30,10.87
6/2/2024 1:45,10.77
6/2/2024 2:00,10.69
6/2/2024 2:15,10.58
6/2/2024 2:30,10.41
6/2/2024 2:45,10.22
6/2/2024 3:00,10.1
6/2/2024 3:15,10.06
6/2/2024 3:30,9.98
6/2/2024 3:45,9.83
6/2/2024 4:00,9.73
6/2/2024 4:15,9.6
6/2/2024 4:30,9.67
6/2/2024 4:45,9.98
6/2/2024 5:00,10.74
6/2/2024 5:15,11.4
6/2/2024 5:30,11.89
6/2/2024 5:45,12.44
6/2/2024 6:00,13.2
6/2/2024 6:15,14.99
6/2/2024 6:30,15.79
6/2/2024 6:45,15.76
6/2/2024 7:00,15.58
6/2/2024 7:15,15.53
6/2/2024 7:30,15.48
6/2/2024 7:45,15.52
6/2/2024 8:00,15.62
6/2/2024 8:15,16.01
6/2/2024 8:30,16.61
6/2/2024 8:45,17.14
6/2/2024 9:00,17.82
6/2/2024 9:15,19.6
6/2/2024 9:30,21.04
6/2/2024 9:45,22.12
6/2/2024 10:00,22.75
6/2/2024 10:15,23.36
6/2/2024 10:30,23.47
6/2/2024 10:45,23.94
6/2/2024 11:00,23.79
6/2/2024 11:15,23.19
6/2/2024 11:30,22.68
6/2/2024 11:45,22.07
6/2/2024 12:00,21.44
6/2/2024 12:15,20.79
6/2/2024 12:30,20.51
6/2/2024 12:45,20.64
6/2/2024 13:00,21.02
6/2/2024 13:15,21.52
6/2/2024 13:30,22.11
6/2/2024 13:45,22.16
6/2/2024 14:00,22.07
6/2/2024 14:15,21.8
6/2/2024 14:30,21.39
6/2/2024 14:45,20.94
6/2/2024 15:00,20.37
6/2/2024 15:15,19.84
6/2/2024 15:30,19.27
6/2/2024 15:45,18.69
6/2/2024 16:00,18.17
6/2/2024 16:15,17.64
6/2/2024 16:30,16.98
6/2/2024 16:45,16.33
6/2/2024 17:00,15.81
6/2/2024 17:15,15.45
6/2/2024 17:30,15.13
6/2/2024 17:45,14.82
6/2/2024 18:00,14.51
6/2/2024 18:15,14.21
6/2/2024 18:30,13.96
6/2/2024 18:45,13.76
6/2/2024 19:00,13.54
6/2/2024 19:15,13.39
6/2/2024 19:30,13.26
6/2/2024 19:45,13.1
6/2/2024 20:00,12.91
6/2/2024 20:15,12.74
6/2/2024 20:30,12.61
6/2/2024 20:45,12.53
6/2/2024 21:00,12.52
6/2/2024 21:15,12.54
6/2/2024 21:30,12.6
6/2/2024 21:45,12.63
6/2/2024 22:00,12.68
6/2/2024 22:15,12.72
6/2/2024 22:30,12.75
6/2/2024 22:45,12.78
6/2/2024 23:00,12.75
6/2/2024 23:15,12.68
6/2/2024 23:30,12.61
6/2/2024 23:45,12.54
6/3/2024 0:00,12.46
6/3/2024 0:15,12.39
6/3/2024 0:30,12.34
6/3/2024 0:45,12.29
6/3/2024 1:00,12.22
6/3/2024 1:15,12.17
6/3/2024 1:30,12.12
6/3/2024 1:45,12.07
6/3/2024 2:00,12.04
6/3/2024 2:15,12.01
6/3/2024 2:30,11.95
6/3/2024 2:45,11.89
6/3/2024 3:00,11.82
6/3/2024 3:15,11.78
6/3/2024 3:30,11.71
6/3/2024 3:45,11.64
6/3/2024 4:00,11.67
6/3/2024 4:15,11.69
6/3/2024 4:30,11.6
6/3/2024 4:45,11.41
6/3/2024 5:00,11.29
6/3/2024 5:15,11.24
6/3/2024 5:30,11.19
6/3/2024 5:45,11.16
6/3/2024 6:00,11.15
6/3/2024 6:15,11.18
6/3/2024 6:30,11.25
6/3/2024 6:45,11.33
6/3/2024 7:00,11.44
6/3/2024 7:15,11.53
6/3/2024 7:30,11.77
6/3/2024 7:45,12.1
6/3/2024 8:00,12.67
6/3/2024 8:15,13.2
6/3/2024 8:30,13.49
6/3/2024 8:45,13.71
6/3/2024 9:00,13.8
6/3/2024 9:15,13.78
6/3/2024 9:30,14.27
6/3/2024 9:45,14.49
6/3/2024 10:00,14.52
6/3/2024 10:15,15.45
6/3/2024 10:30,19.01
6/3/2024 10:45,19.63
6/3/2024 11:00,19.55
6/3/2024 11:15,19.31
6/3/2024 11:30,18.75
6/3/2024 11:45,16.52
6/3/2024 12:00,14.81
6/3/2024 12:15,15
6/3/2024 12:30,16.01
6/3/2024 12:45,15.8
6/3/2024 13:00,16.22
6/3/2024 13:15,16.76
6/3/2024 13:30,16.33
6/3/2024 13:45,16
6/3/2024 14:00,15.59
6/3/2024 14:15,15.33
6/3/2024 14:30,14.43
6/3/2024 14:45,13.89
6/3/2024 15:00,13.32
6/3/2024 15:15,12.69
6/3/2024 15:30,12.8
6/3/2024 15:45,12.99
6/3/2024 16:00,13.4
6/3/2024 16:15,13.61
6/3/2024 16:30,13.46
6/3/2024 16:45,13.96
6/3/2024 17:00,14.1
6/3/2024 17:15,14.7
6/3/2024 17:30,15.18
6/3/2024 17:45,14.51
6/3/2024 18:00,13.58
6/3/2024 18:15,12.93
6/3/2024 18:30,12.49
6/3/2024 18:45,11.84
6/3/2024 19:00,11.26
6/3/2024 19:15,10.77
6/3/2024 19:30,10.4
6/3/2024 19:45,10.07
6/3/2024 20:00,9.79
6/3/2024 20:15,9.52
6/3/2024 20:30,9.25
6/3/2024 20:45,8.96
6/3/2024 21:00,8.65
6/3/2024 21:15,8.35
6/3/2024 21:30,8.09
6/3/2024 21:45,7.872
6/3/2024 22:00,7.681
6/3/2024 22:15,7.469
6/3/2024 22:30,7.34
6/3/2024 22:45,7.259
6/3/2024 23:00,7.19
6/3/2024 23:15,7.06
6/3/2024 23:30,6.885
6/3/2024 23:45,6.682
6/4/2024 0:00,6.468
6/4/2024 0:15,6.344
6/4/2024 0:30,6.266
6/4/2024 0:45,6.205
6/4/2024 1:00,6.1
6/4/2024 1:15,5.91
6/4/2024 1:30,5.821
6/4/2024 1:45,6
6/4/2024 2:00,6.303
6/4/2024 2:15,6.648
6/4/2024 2:30,6.994
6/4/2024 2:45,7.297
6/4/2024 3:00,7.532
6/4/2024 3:15,7.693
6/4/2024 3:30,7.827
6/4/2024 3:45,7.902
6/4/2024 4:00,7.934
6/4/2024 4:15,7.977
6/4/2024 4:30,8.07
6/4/2024 4:45,8.24
6/4/2024 5:00,8.37
6/4/2024 5:15,8.47
6/4/2024 5:30,8.64
6/4/2024 5:45,8.9
6/4/2024 6:00,9.17
6/4/2024 6:15,9.46
6/4/2024 6:30,9.77
6/4/2024 6:45,10.03
6/4/2024 7:00,10.23
6/4/2024 7:15,10.53
6/4/2024 7:30,10.75
6/4/2024 7:45,10.89
6/4/2024 8:00,10.89
6/4/2024 8:15,10.93
6/4/2024 8:30,10.95
6/4/2024 8:45,10.8
6/4/2024 9:00,10.64
6/4/2024 9:15,10.45
6/4/2024 9:30,10.47
6/4/2024 9:45,10.61
6/4/2024 10:00,10.85
6/4/2024 10:15,11.02
6/4/2024 10:30,11.12
6/4/2024 10:45,11.28
6/4/2024 11:00,11.32
6/4/2024 11:15,11.47
6/4/2024 11:30,11.65
6/4/2024 11:45,11.92
6/4/2024 12:00,12.05
6/4/2024 12:15,12.43
6/4/2024 12:30,12.79
6/4/2024 12:45,12.83
6/4/2024 13:00,12.64
6/4/2024 13:15,12.47
6/4/2024 13:30,12.48
6/4/2024 13:45,12.57
6/4/2024 14:00,12.9
6/4/2024 14:15,13.13
6/4/2024 14:30,13.12
6/4/2024 14:45,13.24
6/4/2024 15:00,13.32
6/4/2024 15:15,13.44
6/4/2024 15:30,13.83
6/4/2024 15:45,14.79
6/4/2024 16:00,15.63
6/4/2024 16:15,16.62
6/4/2024 16:30,17.61
6/4/2024 16:45,18.27
6/4/2024 17:00,18.68
6/4/2024 17:15,18.99
6/4/2024 17:30,19.22
6/4/2024 17:45,19.33
6/4/2024 18:00,19.32
6/4/2024 18:15,19.88
6/4/2024 18:30,21.02
6/4/2024 18:45,22.79
6/4/2024 19:00,20.27
6/4/2024 19:15,17.77
6/4/2024 19:30,16.2
6/4/2024 19:45,15.11
6/4/2024 20:00,14.34
6/4/2024 20:15,13.71
6/4/2024 20:30,13.24
6/4/2024 20:45,12.87
6/4/2024 21:00,12.53
6/4/2024 21:15,12.23
6/4/2024 21:30,11.91
6/4/2024 21:45,11.67
6/4/2024 22:00,11.49
6/4/2024 22:15,11.28
6/4/2024 22:30,11.01
6/4/2024 22:45,10.79
6/4/2024 23:00,10.55
6/4/2024 23:15,10.37
6/4/2024 23:30,10.19
6/4/2024 23:45,9.99
6/5/2024 0:00,9.92
6/5/2024 0:15,10.06
6/5/2024 0:30,10.23
6/5/2024 0:45,10.37
6/5/2024 1:00,10.48
6/5/2024 1:15,10.57
6/5/2024 1:30,10.65
6/5/2024 1:45,10.66
6/5/2024 2:00,10.65
6/5/2024 2:15,10.61
6/5/2024 2:30,10.55
6/5/2024 2:45,10.48
6/5/2024 3:00,10.37
6/5/2024 3:15,10.26
6/5/2024 3:30,10.16
6/5/2024 3:45,10.01
6/5/2024 4:00,9.84
6/5/2024 4:15,9.63
6/5/2024 4:30,9.45
6/5/2024 4:45,9.48
6/5/2024 5:00,9.63
6/5/2024 5:15,10.06
6/5/2024 5:30,11.56
6/5/2024 5:45,13.39
6/5/2024 6:00,13.98
6/5/2024 6:15,14.61
6/5/2024 6:30,15.55
6/5/2024 6:45,16.56
6/5/2024 7:00,17.4
6/5/2024 7:15,18.04
6/5/2024 7:30,18.55
6/5/2024 7:45,18.98
6/5/2024 8:00,19.28
6/5/2024 8:15,19.59
6/5/2024 8:30,19.94
6/5/2024 8:45,19.7
6/5/2024 9:00,19.25
6/5/2024 9:15,19.26
6/5/2024 9:30,19.48
6/5/2024 9:45,20.6
6/5/2024 10:00,21.72
6/5/2024 10:15,23.73
6/5/2024 10:30,23.86
6/5/2024 10:45,24.49
6/5/2024 11:00,24.41
6/5/2024 11:15,24.23
6/5/2024 11:30,23.9
6/5/2024 11:45,23.68
6/5/2024 12:00,23.71
6/5/2024 12:15,23.86
6/5/2024 12:30,24.09
6/5/2024 12:45,24.24
6/5/2024 13:00,24.19
6/5/2024 13:15,24.07
6/5/2024 13:30,23.99
6/5/2024 13:45,23.95
6/5/2024 14:00,23.84
6/5/2024 14:15,23.7
6/5/2024 14:30,23.6
6/5/2024 14:45,23.55
6/5/2024 15:00,23.65
6/5/2024 15:15,23.78
6/5/2024 15:30,23.83
6/5/2024 15:45,23.83
6/5/2024 16:00,23.84
6/5/2024 16:15,23.86
6/5/2024 16:30,23.96
6/5/2024 16:45,23.9
6/5/2024 17:00,23.86
6/5/2024 17:15,23.83
6/5/2024 17:30,23.75
6/5/2024 17:45,23.71
6/5/2024 18:00,23.73
6/5/2024 18:15,24.11
6/5/2024 18:30,25.18
6/5/2024 18:45,26.98
6/5/2024 19:00,24.32
6/5/2024 19:15,21.2
6/5/2024 19:30,19.01
6/5/2024 19:45,17.36
6/5/2024 20:00,15.96
6/5/2024 20:15,14.74
6/5/2024 20:30,13.69
6/5/2024 20:45,12.84
6/5/2024 21:00,12.07
6/5/2024 21:15,11.33
6/5/2024 21:30,10.68
6/5/2024 21:45,10.11
6/5/2024 22:00,9.64
6/5/2024 22:15,9.26
6/5/2024 22:30,8.87
6/5/2024 22:45,8.51
6/5/2024 23:00,8.2
6/5/2024 23:15,7.949
6/5/2024 23:30,7.749
6/5/2024 23:45,7.493
6/6/2024 0:00,7.2
6/6/2024 0:15,6.868
6/6/2024 0:30,6.568
6/6/2024 0:45,6.302
6/6/2024 1:00,6.06
6/6/2024 1:15,5.83
6/6/2024 1:30,5.639
6/6/2024 1:45,5.53
6/6/2024 2:00,5.439
6/6/2024 2:15,5.317
6/6/2024 2:30,5.16
6/6/2024 2:45,5.006
6/6/2024 3:00,4.848
6/6/2024 3:15,4.737
6/6/2024 3:30,4.625
6/6/2024 3:45,4.558
6/6/2024 4:00,4.791
6/6/2024 4:15,5.129
6/6/2024 4:30,5.386
6/6/2024 4:45,5.976
6/6/2024 5:00,7.31
6/6/2024 5:15,9.04
6/6/2024 5:30,10.81
6/6/2024 5:45,12.61
6/6/2024 6:00,14.42
6/6/2024 6:15,15.99
6/6/2024 6:30,17.42
6/6/2024 6:45,18.66
6/6/2024 7:00,19.65
6/6/2024 7:15,20.39
6/6/2024 7:30,20.93
6/6/2024 7:45,21.46
6/6/2024 8:00,21.86
6/6/2024 8:15,22.41
6/6/2024 8:30,22.87
6/6/2024 8:45,23.42
6/6/2024 9:00,24.13
6/6/2024 9:15,24.91
6/6/2024 9:30,25.59
6/6/2024 9:45,26.48
6/6/2024 10:00,28.25
6/6/2024 10:15,31.58
6/6/2024 10:30,33.13
6/6/2024 10:45,32.7
6/6/2024 11:00,31.93
6/6/2024 11:15,31.18
6/6/2024 11:30,30.9
6/6/2024 11:45,30.71
6/6/2024 12:00,30.55
6/6/2024 12:15,30.47
6/6/2024 12:30,30.57
6/6/2024 12:45,30.42
6/6/2024 13:00,30.43
6/6/2024 13:15,30.51
6/6/2024 13:30,30.44
6/6/2024 13:45,30.49
6/6/2024 14:00,30.46
6/6/2024 14:15,30.47
6/6/2024 14:30,30.47
6/6/2024 14:45,30.3
6/6/2024 15:00,30.2
6/6/2024 15:15,30.11
6/6/2024 15:30,30.06
6/6/2024 15:45,29.99
6/6/2024 16:00,29.89
6/6/2024 16:15,29.79
6/6/2024 16:30,29.68
6/6/2024 16:45,29.49
6/6/2024 17:00,29.29
6/6/2024 17:15,29.11
6/6/2024 17:30,28.92
6/6/2024 17:45,28.75
6/6/2024 18:00,28.7
6/6/2024 18:15,29.01
6/6/2024 18:30,29.87
6/6/2024 18:45,31.29
6/6/2024 19:00,28.82
6/6/2024 19:15,25.6
6/6/2024 19:30,23.32
6/6/2024 19:45,21.58
6/6/2024 20:00,20.05
6/6/2024 20:15,18.75
6/6/2024 20:30,17.61
6/6/2024 20:45,16.67
6/6/2024 21:00,15.84
6/6/2024 21:15,15.03
6/6/2024 21:30,14.37
6/6/2024 21:45,13.81
6/6/2024 22:00,13.29
6/6/2024 22:15,12.79
6/6/2024 22:30,12.29
6/6/2024 22:45,11.88
6/6/2024 23:00,11.5
6/6/2024 23:15,11.13
6/6/2024 23:30,10.77
6/6/2024 23:45,10.47
6/7/2024 0:00,10.27
6/7/2024 0:15,10.09
6/7/2024 0:30,9.88
6/7/2024 0:45,9.67
6/7/2024 1:00,9.45
6/7/2024 1:15,9.27
6/7/2024 1:30,9.02
6/7/2024 1:45,8.8
6/7/2024 2:00,8.62
6/7/2024 2:15,8.42
6/7/2024 2:30,8.24
6/7/2024 2:45,8.04
6/7/2024 3:00,7.875
6/7/2024 3:15,7.71
6/7/2024 3:30,7.578
6/7/2024 3:45,7.508
6/7/2024 4:00,7.538
6/7/2024 4:15,7.528
6/7/2024 4:30,7.569
6/7/2024 4:45,7.982
6/7/2024 5:00,9.17
6/7/2024 5:15,11.08
6/7/2024 5:30,13.18
6/7/2024 5:45,15.18
6/7/2024 6:00,16.95
6/7/2024 6:15,18.58
6/7/2024 6:30,19.93
6/7/2024 6:45,21.03
6/7/2024 7:00,22.05
6/7/2024 7:15,23.11
6/7/2024 7:30,24.12
6/7/2024 7:45,24.74
6/7/2024 8:00,25.28
6/7/2024 8:15,25.91
6/7/2024 8:30,26.43
6/7/2024 8:45,26.81
6/7/2024 9:00,27.25
6/7/2024 9:15,27.68
6/7/2024 9:30,28.13
6/7/2024 9:45,28.85
6/7/2024 10:00,30.43
6/7/2024 10:15,33.55
6/7/2024 10:30,35.16
6/7/2024 10:45,34.44
6/7/2024 11:00,33.31
6/7/2024 11:15,32.49
6/7/2024 11:30,31.9
6/7/2024 11:45,31.54
6/7/2024 12:00,31.37
6/7/2024 12:15,31.27
6/7/2024 12:30,31.19
6/7/2024 12:45,31.2
6/7/2024 13:00,31.17
6/7/2024 13:15,31.11
6/7/2024 13:30,31.1
6/7/2024 13:45,31.04
6/7/2024 14:00,31
6/7/2024 14:15,30.9
6/7/2024 14:30,30.74
6/7/2024 14:45,30.61
6/7/2024 15:00,30.46
6/7/2024 15:15,30.31
6/7/2024 15:30,30.16
6/7/2024 15:45,30.05
6/7/2024 16:00,29.9
6/7/2024 16:15,29.8
6/7/2024 16:30,29.67
6/7/2024 16:45,29.49
6/7/2024 17:00,29.28
6/7/2024 17:15,29.05
6/7/2024 17:30,28.82
6/7/2024 17:45,28.65
6/7/2024 18:00,28.66
6/7/2024 18:15,29
6/7/2024 18:30,29.98
6/7/2024 18:45,31.7
6/7/2024 19:00,29.46
6/7/2024 19:15,26.15
6/7/2024 19:30,23.89
6/7/2024 19:45,22.1
6/7/2024 20:00,20.45
6/7/2024 20:15,19.03
6/7/2024 20:30,17.76
6/7/2024 20:45,16.65
6/7/2024 21:00,15.66
6/7/2024 21:15,14.8
6/7/2024 21:30,14.01
6/7/2024 21:45,13.34
6/7/2024 22:00,12.74
6/7/2024 22:15,12.18
6/7/2024 22:30,11.74
6/7/2024 22:45,11.26
6/7/2024 23:00,10.78
6/7/2024 23:15,10.38
6/7/2024 23:30,10
6/7/2024 23:45,9.63
6/8/2024 0:00,9.27
6/8/2024 0:15,8.93
6/8/2024 0:30,8.61
6/8/2024 0:45,8.37
6/8/2024 1:00,8.12
6/8/2024 1:15,7.902
6/8/2024 1:30,7.69
6/8/2024 1:45,7.47
6/8/2024 2:00,7.292
6/8/2024 2:15,7.058
6/8/2024 2:30,6.807
6/8/2024 2:45,6.606
6/8/2024 3:00,6.402
6/8/2024 3:15,6.252
6/8/2024 3:30,6.078
6/8/2024 3:45,5.919
6/8/2024 4:00,5.767
6/8/2024 4:15,5.604
6/8/2024 4:30,5.584
6/8/2024 4:45,6.054
6/8/2024 5:00,7.492
6/8/2024 5:15,9.44
6/8/2024 5:30,11.47
6/8/2024 5:45,13.45
6/8/2024 6:00,15.41
6/8/2024 6:15,17.39
6/8/2024 6:30,19.16
6/8/2024 6:45,20.61
6/8/2024 7:00,21.82
6/8/2024 7:15,23
6/8/2024 7:30,24.09
6/8/2024 7:45,25.07
6/8/2024 8:00,25.89
6/8/2024 8:15,26.67
6/8/2024 8:30,27.4
6/8/2024 8:45,28.08
6/8/2024 9:00,28.67
6/8/2024 9:15,29.22
6/8/2024 9:30,30.02
6/8/2024 9:45,31.07
6/8/2024 10:00,32.64
6/8/2024 10:15,35.77
6/8/2024 10:30,37.42
6/8/2024 10:45,36.66
6/8/2024 11:00,35.67
6/8/2024 11:15,34.91
6/8/2024 11:30,34.48
6/8/2024 11:45,34.12
6/8/2024 12:00,33.86
6/8/2024 12:15,33.66
6/8/2024 12:30,33.54
6/8/2024 12:45,33.42
6/8/2024 13:00,33.36
6/8/2024 13:15,33.25
6/8/2024 13:30,33.25
6/8/2024 13:45,33.22
6/8/2024 14:00,33.24
6/8/2024 14:15,33.19
6/8/2024 14:30,33.06
6/8/2024 14:45,32.96
6/8/2024 15:00,32.83
6/8/2024 15:15,32.66
6/8/2024 15:30,32.41
6/8/2024 15:45,32.19
6/8/2024 16:00,32.02
6/8/2024 16:15,31.75
6/8/2024 16:30,31.01
6/8/2024 16:45,30.06
6/8/2024 17:00,29.27
6/8/2024 17:15,28.49
6/8/2024 17:30,27.77
6/8/2024 17:45,27.02
6/8/2024 18:00,26.29
6/8/2024 18:15,25.68
6/8/2024 18:30,25.15
6/8/2024 18:45,24.64
6/8/2024 19:00,24.69
6/8/2024 19:15,23.7
6/8/2024 19:30,22.77
6/8/2024 19:45,21.82
6/8/2024 20:00,20.76
6/8/2024 20:15,19.71
6/8/2024 20:30,18.68
6/8/2024 20:45,17.77
6/8/2024 21:00,16.94
6/8/2024 21:15,16.15
6/8/2024 21:30,15.42
6/8/2024 21:45,14.79
6/8/2024 22:00,14.22
6/8/2024 22:15,13.69
6/8/2024 22:30,13.25
6/8/2024 22:45,12.86
6/8/2024 23:00,12.49
6/8/2024 23:15,12.2
6/8/2024 23:30,11.91
6/8/2024 23:45,11.61
6/9/2024 0:00,11.28
6/9/2024 0:15,11.04
6/9/2024 0:30,10.85
6/9/2024 0:45,10.7
6/9/2024 1:00,10.64
6/9/2024 1:15,10.54
6/9/2024 1:30,10.37
6/9/2024 1:45,10.15
6/9/2024 2:00,10.03
6/9/2024 2:15,9.94
6/9/2024 2:30,9.85
6/9/2024 2:45,9.73
6/9/2024 3:00,9.62
6/9/2024 3:15,9.56
6/9/2024 3:30,9.42
6/9/2024 3:45,9.32
6/9/2024 4:00,9.35
6/9/2024 4:15,9.38
6/9/2024 4:30,9.43
6/9/2024 4:45,9.62
6/9/2024 5:00,10.08
6/9/2024 5:15,11.44
6/9/2024 5:30,12.99
6/9/2024 5:45,14.92
6/9/2024 6:00,17
6/9/2024 6:15,19.1
6/9/2024 6:30,21
6/9/2024 6:45,21.95
6/9/2024 7:00,22.59
6/9/2024 7:15,24.09
6/9/2024 7:30,24.76
6/9/2024 7:45,25.62
6/9/2024 8:00,26.85
6/9/2024 8:15,27.46
6/9/2024 8:30,27.89
6/9/2024 8:45,28.31
6/9/2024 9:00,28.19
6/9/2024 9:15,28.56
6/9/2024 9:30,29.54
6/9/2024 9:45,30.72
6/9/2024 10:00,31.64
6/9/2024 10:15,31.7
6/9/2024 10:30,31.12
6/9/2024 10:45,30.76
6/9/2024 11:00,31.7
6/9/2024 11:15,31.86
6/9/2024 11:30,31.34
6/9/2024 11:45,30.77
6/9/2024 12:00,29.85
6/9/2024 12:15,29.47
6/9/2024 12:30,28.79
6/9/2024 12:45,27.86
6/9/2024 13:00,27.41
6/9/2024 13:15,27.65
6/9/2024 13:30,27.83
6/9/2024 13:45,28.22
6/9/2024 14:00,28.2
6/9/2024 14:15,28.05
6/9/2024 14:30,27.87
6/9/2024 14:45,26.99
6/9/2024 15:00,25.84
6/9/2024 15:15,24.95
6/9/2024 15:30,24.43
6/9/2024 15:45,24.3
6/9/2024 16:00,24.35
6/9/2024 16:15,24.59
6/9/2024 16:30,25
6/9/2024 16:45,25.31
6/9/2024 17:00,25.5
6/9/2024 17:15,25.24
6/9/2024 17:30,24.91
6/9/2024 17:45,24.55
6/9/2024 18:00,24.13
6/9/2024 18:15,24.29
6/9/2024 18:30,24.01
6/9/2024 18:45,26.03
6/9/2024 19:00,25.49
6/9/2024 19:15,23.39
6/9/2024 19:30,21.84
6/9/2024 19:45,20.57
6/9/2024 20:00,19.31
6/9/2024 20:15,18.14
6/9/2024 20:30,17.23
6/9/2024 20:45,16.56
6/9/2024 21:00,16.13
6/9/2024 21:15,15.84
6/9/2024 21:30,15.55
6/9/2024 21:45,15.17
6/9/2024 22:00,14.75
6/9/2024 22:15,14.27
6/9/2024 22:30,13.85
6/9/2024 22:45,13.41
6/9/2024 23:00,13.06
6/9/2024 23:15,12.7
6/9/2024 23:30,12.34
6/9/2024 23:45,11.98
6/10/2024 0:00,11.69
6/10/2024 0:15,11.39
6/10/2024 0:30,11.11
6/10/2024 0:45,10.89
6/10/2024 1:00,10.77
6/10/2024 1:15,10.75
6/10/2024 1:30,10.68
6/10/2024 1:45,10.55
6/10/2024 2:00,10.46
6/10/2024 2:15,10.36
6/10/2024 2:30,10.23
6/10/2024 2:45,10.08
6/10/2024 3:00,9.87
6/10/2024 3:15,9.75
6/10/2024 3:30,9.67
6/10/2024 3:45,9.64
6/10/2024 4:00,9.62
6/10/2024 4:15,9.6
6/10/2024 4:30,9.76
6/10/2024 4:45,10.18
6/10/2024 5:00,10.75
6/10/2024 5:15,11.06
6/10/2024 5:30,11.62
6/10/2024 5:45,12.61
6/10/2024 6:00,13.43
6/10/2024 6:15,14.53
6/10/2024 6:30,16.58
6/10/2024 6:45,17.71
6/10/2024 7:00,18.22
6/10/2024 7:15,18.56
6/10/2024 7:30,18.95
6/10/2024 7:45,19.73
6/10/2024 8:00,21.4
6/10/2024 8:15,22.99
6/10/2024 8:30,24.32
6/10/2024 8:45,25.24
6/10/2024 9:00,26.21
6/10/2024 9:15,26.57
6/10/2024 9:30,27.4
6/10/2024 9:45,28.15
6/10/2024 10:00,29.44
6/10/2024 10:15,32.32
6/10/2024 10:30,33.75
6/10/2024 10:45,32.72
6/10/2024 11:00,31.97
6/10/2024 11:15,31.39
6/10/2024 11:30,30.87
6/10/2024 11:45,30.44
6/10/2024 12:00,30.22
6/10/2024 12:15,30.2
6/10/2024 12:30,30.18
6/10/2024 12:45,30.36
6/10/2024 13:00,30.47
6/10/2024 13:15,30.66
6/10/2024 13:30,30.7
6/10/2024 13:45,30.77
6/10/2024 14:00,30.7
6/10/2024 14:15,30.52
6/10/2024 14:30,30.33
6/10/2024 14:45,30.21
6/10/2024 15:00,30.16
6/10/2024 15:15,30.1
6/10/2024 15:30,30.08
6/10/2024 15:45,30.01
6/10/2024 16:00,29.96
6/10/2024 16:15,29.81
6/10/2024 16:30,29.56
6/10/2024 16:45,29.1
6/10/2024 17:00,28.9
6/10/2024 17:15,28.87
6/10/2024 17:30,28.82
6/10/2024 17:45,28.7
6/10/2024 18:00,28.71
6/10/2024 18:15,29.07
6/10/2024 18:30,30.07
6/10/2024 18:45,31.89
6/10/2024 19:00,30.05
6/10/2024 19:15,26.34
6/10/2024 19:30,23.72
6/10/2024 19:45,21.67
6/10/2024 20:00,20.08
6/10/2024 20:15,18.71
6/10/2024 20:30,17.51
6/10/2024 20:45,16.47
6/10/2024 21:00,15.57
6/10/2024 21:15,14.82
6/10/2024 21:30,14.18
6/10/2024 21:45,13.66
6/10/2024 22:00,13.25
6/10/2024 22:15,12.89
6/10/2024 22:30,12.5
6/10/2024 22:45,12.17
6/10/2024 23:00,11.89
6/10/2024 23:15,11.62
6/10/2024 23:30,11.37
6/10/2024 23:45,11.11
6/11/2024 0:00,10.85
6/11/2024 0:15,10.6
6/11/2024 0:30,10.33
6/11/2024 0:45,10.19
6/11/2024 1:00,10.03
6/11/2024 1:15,9.89
6/11/2024 1:30,9.79
6/11/2024 1:45,9.77
6/11/2024 2:00,9.85
6/11/2024 2:15,9.98
6/11/2024 2:30,10.1
6/11/2024 2:45,10.35
6/11/2024 3:00,10.42
6/11/2024 3:15,10.38
6/11/2024 3:30,10.37
6/11/2024 3:45,10.39
6/11/2024 4:00,10.52
6/11/2024 4:15,10.96
6/11/2024 4:30,11.48
6/11/2024 4:45,11.94
6/11/2024 5:00,12.35
6/11/2024 5:15,12.83
6/11/2024 5:30,13.35
6/11/2024 5:45,13.84
6/11/2024 6:00,14.41
6/11/2024 6:15,15.1
6/11/2024 6:30,15.9
6/11/2024 6:45,16.98
6/11/2024 7:00,18.25
6/11/2024 7:15,19.56
6/11/2024 7:30,21.23
6/11/2024 7:45,22.77
6/11/2024 8:00,24.02
6/11/2024 8:15,25.07
6/11/2024 8:30,25.93
6/11/2024 8:45,27.14
6/11/2024 9:00,27.75
6/11/2024 9:15,28.71
6/11/2024 9:30,29.51
6/11/2024 9:45,29.79
6/11/2024 10:00,29.87
6/11/2024 10:15,31.09
6/11/2024 10:30,33.49
6/11/2024 10:45,33.12
6/11/2024 11:00,32.21
6/11/2024 11:15,31.56
6/11/2024 11:30,31.21
6/11/2024 11:45,31
6/11/2024 12:00,30.24
6/11/2024 12:15,29.78
6/11/2024 12:30,29.15
6/11/2024 12:45,29.34
6/11/2024 13:00,29.43
6/11/2024 13:15,29.77
6/11/2024 13:30,29.8
6/11/2024 13:45,29.81
6/11/2024 14:00,29.74
6/11/2024 14:15,29.65
6/11/2024 14:30,29.35
6/11/2024 14:45,28.84
6/11/2024 15:00,28.53
6/11/2024 15:15,28.38
6/11/2024 15:30,28.43
6/11/2024 15:45,28.36
6/11/2024 16:00,28.16
6/11/2024 16:15,28.04
6/11/2024 16:30,28
6/11/2024 16:45,27.92
6/11/2024 17:00,27.75
6/11/2024 17:15,27.53
6/11/2024 17:30,27.34
6/11/2024 17:45,27.29
6/11/2024 18:00,27.3
6/11/2024 18:15,27.69
6/11/2024 18:30,28.44
6/11/2024 18:45,29.79
6/11/2024 19:00,27.95
6/11/2024 19:15,24.63
6/11/2024 19:30,22.49
6/11/2024 19:45,20.88
6/11/2024 20:00,19.49
6/11/2024 20:15,18.27
6/11/2024 20:30,17.26
6/11/2024 20:45,16.36
6/11/2024 21:00,15.44
6/11/2024 21:15,14.54
6/11/2024 21:30,13.83
6/11/2024 21:45,13.21
6/11/2024 22:00,12.65
6/11/2024 22:15,12.08
6/11/2024 22:30,11.54
6/11/2024 22:45,11.03
6/11/2024 23:00,10.57
6/11/2024 23:15,10.11
6/11/2024 23:30,9.59
6/11/2024 23:45,9.15
6/12/2024 0:00,8.95
6/12/2024 0:15,8.68
6/12/2024 0:30,8.31
6/12/2024 0:45,7.836
6/12/2024 1:00,7.427
6/12/2024 1:15,6.922
6/12/2024 1:30,6.461
6/12/2024 1:45,6.062
6/12/2024 2:00,5.656
6/12/2024 2:15,5.312
6/12/2024 2:30,5.021
6/12/2024 2:45,4.796
6/12/2024 3:00,4.601
6/12/2024 3:15,4.434
6/12/2024 3:30,4.293
6/12/2024 3:45,4.227
6/12/2024 4:00,4.215
6/12/2024 4:15,4.488
6/12/2024 4:30,4.963
6/12/2024 4:45,5.67
6/12/2024 5:00,7.183
6/12/2024 5:15,9.1
6/12/2024 5:30,11.07
6/12/2024 5:45,13.02
6/12/2024 6:00,14.69
6/12/2024 6:15,16.11
6/12/2024 6:30,17.35
6/12/2024 6:45,18.28
6/12/2024 7:00,19.03
6/12/2024 7:15,19.63
6/12/2024 7:30,20.16
6/12/2024 7:45,20.55
6/12/2024 8:00,20.84
6/12/2024 8:15,21.08
6/12/2024 8:30,21.45
6/12/2024 8:45,21.72
6/12/2024 9:00,22.05
6/12/2024 9:15,22.6
6/12/2024 9:30,23.02
6/12/2024 9:45,23.81
6/12/2024 10:00,25.28
6/12/2024 10:15,28.21
6/12/2024 10:30,29.69
6/12/2024 10:45,29.3
6/12/2024 11:00,28.41
6/12/2024 11:15,27.84
6/12/2024 11:30,27.51
6/12/2024 11:45,27.17
6/12/2024 12:00,27.02
6/12/2024 12:15,26.88
6/12/2024 12:30,26.87
6/12/2024 12:45,26.88
6/12/2024 13:00,26.94
6/12/2024 13:15,27.01
6/12/2024 13:30,27.12
6/12/2024 13:45,27.26
6/12/2024 14:00,27.22
6/12/2024 14:15,27.14
6/12/2024 14:30,27.11
6/12/2024 14:45,27.04
6/12/2024 15:00,27.01
6/12/2024 15:15,26.9
6/12/2024 15:30,26.82
6/12/2024 15:45,26.84
6/12/2024 16:00,26.8
6/12/2024 16:15,26.77
6/12/2024 16:30,26.7
6/12/2024 16:45,26.61
6/12/2024 17:00,26.5
6/12/2024 17:15,26.37
6/12/2024 17:30,26.26
6/12/2024 17:45,26.17
6/12/2024 18:00,26.23
6/12/2024 18:15,26.76
6/12/2024 18:30,27.95
6/12/2024 18:45,29.85
6/12/2024 19:00,28.26
6/12/2024 19:15,24.08
6/12/2024 19:30,21.28
6/12/2024 19:45,19.05
6/12/2024 20:00,17.2
6/12/2024 20:15,15.63
6/12/2024 20:30,14.21
6/12/2024 20:45,12.99
6/12/2024 21:00,11.95
6/12/2024 21:15,11.04
6/12/2024 21:30,10.23
6/12/2024 21:45,9.5
6/12/2024 22:00,8.98
6/12/2024 22:15,8.41
6/12/2024 22:30,7.878
6/12/2024 22:45,7.392
6/12/2024 23:00,6.937
6/12/2024 23:15,6.546
6/12/2024 23:30,6.113
6/12/2024 23:45,5.728
6/13/2024 0:00,5.382
6/13/2024 0:15,5.089
6/13/2024 0:30,4.777
6/13/2024 0:45,4.513
6/13/2024 1:00,4.252
6/13/2024 1:15,4.036
6/13/2024 1:30,3.82
6/13/2024 1:45,3.564
6/13/2024 2:00,3.334
6/13/2024 2:15,3.098
6/13/2024 2:30,2.934
6/13/2024 2:45,2.813
6/13/2024 3:00,2.647
6/13/2024 3:15,2.46
6/13/2024 3:30,2.296
6/13/2024 3:45,2.135
6/13/2024 4:00,2.042
6/13/2024 4:15,2.031
6/13/2024 4:30,2.048
6/13/2024 4:45,2.57
6/13/2024 5:00,4.072
6/13/2024 5:15,6.14
6/13/2024 5:30,8.45
6/13/2024 5:45,10.99
6/13/2024 6:00,13.21
6/13/2024 6:15,14.97
6/13/2024 6:30,16.72
6/13/2024 6:45,18.36
6/13/2024 7:00,19.78
6/13/2024 7:15,21.02
6/13/2024 7:30,22.08
6/13/2024 7:45,22.89
6/13/2024 8:00,23.66
6/13/2024 8:15,24.37
6/13/2024 8:30,25.06
6/13/2024 8:45,25.74
6/13/2024 9:00,26.34
6/13/2024 9:15,27.01
6/13/2024 9:30,27.76
6/13/2024 9:45,28.71
6/13/2024 10:00,30.48
6/13/2024 10:15,33.3
6/13/2024 10:30,34.95
6/13/2024 10:45,34.69
6/13/2024 11:00,33.81
6/13/2024 11:15,33.04
6/13/2024 11:30,32.44
6/13/2024 11:45,32.12
6/13/2024 12:00,31.92
6/13/2024 12:15,31.72
6/13/2024 12:30,31.71
6/13/2024 12:45,31.59
6/13/2024 13:00,31.43
6/13/2024 13:15,31.29
6/13/2024 13:30,31.22
6/13/2024 13:45,31.24
6/13/2024 14:00,31.29
6/13/2024 14:15,31.27
6/13/2024 14:30,31.1
6/13/2024 14:45,30.93
6/13/2024 15:00,30.8
6/13/2024 15:15,30.89
6/13/2024 15:30,30.96
6/13/2024 15:45,31.01
6/13/2024 16:00,31.09
6/13/2024 16:15,31.2
6/13/2024 16:30,31.2
6/13/2024 16:45,31.12
6/13/2024 17:00,30.73
6/13/2024 17:15,29.94
6/13/2024 17:30,29.62
6/13/2024 17:45,29.53
6/13/2024 18:00,29.44
6/13/2024 18:15,29.64
6/13/2024 18:30,30.29
6/13/2024 18:45,31.52
6/13/2024 19:00,29.83
6/13/2024 19:15,26.43
6/13/2024 19:30,24.13
6/13/2024 19:45,22.31
6/13/2024 20:00,20.72
6/13/2024 20:15,19.31
6/13/2024 20:30,18.05
6/13/2024 20:45,16.91
6/13/2024 21:00,15.87
6/13/2024 21:15,14.89
6/13/2024 21:30,14.04
6/13/2024 21:45,13.32
6/13/2024 22:00,12.73
6/13/2024 22:15,12.29
6/13/2024 22:30,12.04
6/13/2024 22:45,12
6/13/2024 23:00,11.92
6/13/2024 23:15,11.87
6/13/2024 23:30,11.79
6/13/2024 23:45,11.66
6/14/2024 0:00,11.6
6/14/2024 0:15,11.58
6/14/2024 0:30,11.54
6/14/2024 0:45,11.58
6/14/2024 1:00,11.64
6/14/2024 1:15,11.76
6/14/2024 1:30,11.87
6/14/2024 1:45,12.01
6/14/2024 2:00,12.25
6/14/2024 2:15,12.49
6/14/2024 2:30,12.8
6/14/2024 2:45,13.07
6/14/2024 3:00,13.31
6/14/2024 3:15,13.42
6/14/2024 3:30,13.45
6/14/2024 3:45,13.38
6/14/2024 4:00,13.22
6/14/2024 4:15,12.93
6/14/2024 4:30,12.57
6/14/2024 4:45,12.3
6/14/2024 5:00,12.1
6/14/2024 5:15,12.51
6/14/2024 5:30,14
6/14/2024 5:45,15.63
6/14/2024 6:00,16.95
6/14/2024 6:15,18.04
6/14/2024 6:30,18.79
6/14/2024 6:45,19.42
6/14/2024 7:00,19.77
6/14/2024 7:15,19.9
6/14/2024 7:30,19.93
6/14/2024 7:45,19.82
6/14/2024 8:00,19.71
6/14/2024 8:15,19.8
6/14/2024 8:30,20.28
6/14/2024 8:45,20.7
6/14/2024 9:00,21.24
6/14/2024 9:15,21.75
6/14/2024 9:30,22.1
6/14/2024 9:45,22.93
6/14/2024 10:00,24.05
6/14/2024 10:15,26.02
6/14/2024 10:30,27.94
6/14/2024 10:45,28.12
6/14/2024 11:00,27.72
6/14/2024 11:15,27.28
6/14/2024 11:30,27.03
6/14/2024 11:45,27.04
6/14/2024 12:00,26.9
6/14/2024 12:15,26.81
6/14/2024 12:30,26.62
6/14/2024 12:45,26.49
6/14/2024 13:00,26.52
6/14/2024 13:15,26.68
6/14/2024 13:30,26.95
6/14/2024 13:45,26.96
6/14/2024 14:00,26.78
6/14/2024 14:15,26.61
6/14/2024 14:30,26.2
6/14/2024 14:45,25.87
6/14/2024 15:00,25.72
6/14/2024 15:15,25.43
6/14/2024 15:30,25.16
6/14/2024 15:45,25.05
6/14/2024 16:00,25.16
6/14/2024 16:15,25.21
6/14/2024 16:30,25.22
6/14/2024 16:45,24.99
6/14/2024 17:00,24.72
6/14/2024 17:15,24.19
6/14/2024 17:30,23.64
6/14/2024 17:45,23.02
6/14/2024 18:00,22.26
6/14/2024 18:15,21.44
6/14/2024 18:30,20.56
6/14/2024 18:45,19.71
6/14/2024 19:00,18.81
6/14/2024 19:15,18.01
6/14/2024 19:30,17.16
6/14/2024 19:45,16.2
6/14/2024 20:00,15.23
6/14/2024 20:15,14.25
6/14/2024 20:30,13.34
6/14/2024 20:45,12.52
6/14/2024 21:00,11.81
6/14/2024 21:15,11.07
6/14/2024 21:30,10.43
6/14/2024 21:45,9.81
6/14/2024 22:00,9.25
6/14/2024 22:15,8.75
6/14/2024 22:30,8.34
6/14/2024 22:45,7.908
6/14/2024 23:00,7.56
6/14/2024 23:15,7.248
6/14/2024 23:30,6.952
6/14/2024 23:45,6.711
6/15/2024 0:00,6.564
6/15/2024 0:15,6.351
6/15/2024 0:30,6.012
6/15/2024 0:45,5.7
6/15/2024 1:00,5.417
6/15/2024 1:15,5.165
6/15/2024 1:30,5.004
6/15/2024 1:45,4.993
6/15/2024 2:00,5.019
6/15/2024 2:15,4.878
6/15/2024 2:30,4.94
6/15/2024 2:45,4.995
6/15/2024 3:00,4.999
6/15/2024 3:15,4.977
6/15/2024 3:30,4.985
6/15/2024 3:45,5.081
6/15/2024 4:00,5.292
6/15/2024 4:15,5.6
6/15/2024 4:30,6.032
6/15/2024 4:45,6.513
6/15/2024 5:00,6.992
6/15/2024 5:15,7.556
6/15/2024 5:30,8.09
6/15/2024 5:45,8.7
6/15/2024 6:00,9.28
6/15/2024 6:15,9.78
6/15/2024 6:30,10.23
6/15/2024 6:45,10.53
6/15/2024 7:00,10.74
6/15/2024 7:15,10.72
6/15/2024 7:30,10.46
6/15/2024 7:45,10.09
6/15/2024 8:00,9.76
6/15/2024 8:15,9.77
6/15/2024 8:30,10.13
6/15/2024 8:45,10.66
6/15/2024 9:00,12.02
6/15/2024 9:15,12.85
6/15/2024 9:30,14.05
6/15/2024 9:45,15.94
6/15/2024 10:00,18.14
6/15/2024 10:15,20.27
6/15/2024 10:30,22.92
6/15/2024 10:45,22.3
6/15/2024 11:00,20.46
6/15/2024 11:15,18.66
6/15/2024 11:30,18.24
6/15/2024 11:45,18.37
6/15/2024 12:00,18.9
6/15/2024 12:15,18.95
6/15/2024 12:30,19.65
6/15/2024 12:45,20.27
6/15/2024 13:00,20.73
6/15/2024 13:15,20.31
6/15/2024 13:30,19.76
6/15/2024 13:45,19.48
6/15/2024 14:00,19.48
6/15/2024 14:15,19.43
6/15/2024 14:30,18.87
6/15/2024 14:45,18.44
6/15/2024 15:00,18.62
6/15/2024 15:15,18.64
6/15/2024 15:30,17.45
6/15/2024 15:45,16.27
6/15/2024 16:00,15.55
6/15/2024 16:15,14.99
6/15/2024 16:30,14.82
6/15/2024 16:45,15.61
6/15/2024 17:00,16.18
6/15/2024 17:15,16.53
6/15/2024 17:30,16
6/15/2024 17:45,14.57
6/15/2024 18:00,13.39
6/15/2024 18:15,12.18
6/15/2024 18:30,12.13
6/15/2024 18:45,13.27
6/15/2024 19:00,11.76
6/15/2024 19:15,10.73
6/15/2024 19:30,9.95
6/15/2024 19:45,9.26
6/15/2024 20:00,8.66
6/15/2024 20:15,8.24
6/15/2024 20:30,7.936
6/15/2024 20:45,7.568
6/15/2024 21:00,7.231
6/15/2024 21:15,6.987
6/15/2024 21:30,6.813
6/15/2024 21:45,6.652
6/15/2024 22:00,6.429
6/15/2024 22:15,6.183
6/15/2024 22:30,5.948
6/15/2024 22:45,5.837
6/15/2024 23:00,5.79
6/15/2024 23:15,5.78
6/15/2024 23:30,5.71
6/15/2024 23:45,5.591
6/16/2024 0:00,5.543
6/16/2024 0:15,5.637
6/16/2024 0:30,5.635
6/16/2024 0:45,5.509
6/16/2024 1:00,5.397
6/16/2024 1:15,5.239
6/16/2024 1:30,5.049
6/16/2024 1:45,4.978
6/16/2024 2:00,4.892
6/16/2024 2:15,4.739
6/16/2024 2:30,4.538
6/16/2024 2:45,4.27
6/16/2024 3:00,4
6/16/2024 3:15,3.654
6/16/2024 3:30,3.222
6/16/2024 3:45,2.757
6/16/2024 4:00,2.446
6/16/2024 4:15,2.191
6/16/2024 4:30,2.008
6/16/2024 4:45,2.24
6/16/2024 5:00,3.374
6/16/2024 5:15,5.078
6/16/2024 5:30,6.955
6/16/2024 5:45,8.86
6/16/2024 6:00,10.56
6/16/2024 6:15,12.03
6/16/2024 6:30,13.49
6/16/2024 6:45,14.54
6/16/2024 7:00,15.45
6/16/2024 7:15,16.53
6/16/2024 7:30,16.92
6/16/2024 7:45,17.01
6/16/2024 8:00,16.95
6/16/2024 8:15,17.54
6/16/2024 8:30,18.7
6/16/2024 8:45,19
6/16/2024 9:00,19.39
6/16/2024 9:15,19.66
6/16/2024 9:30,19.98
6/16/2024 9:45,20.18
6/16/2024 10:00,20.46
6/16/2024 10:15,20.64
6/16/2024 10:30,19.81
6/16/2024 10:45,19.92
6/16/2024 11:00,19.78
6/16/2024 11:15,21.3
6/16/2024 11:30,22.07
6/16/2024 11:45,22.9
6/16/2024 12:00,22.74
6/16/2024 12:15,23.51
6/16/2024 12:30,23.72
6/16/2024 12:45,23.81
6/16/2024 13:00,23.97
6/16/2024 13:15,24.42
6/16/2024 13:30,24.55
6/16/2024 13:45,24.61
6/16/2024 14:00,24.88
6/16/2024 14:15,24.89
6/16/2024 14:30,24.91
6/16/2024 14:45,24.89
6/16/2024 15:00,24.73
6/16/2024 15:15,24.67
6/16/2024 15:30,24.45
6/16/2024 15:45,24.24
6/16/2024 16:00,24.18
6/16/2024 16:15,23.57
6/16/2024 16:30,23.03
6/16/2024 16:45,22.72
6/16/2024 17:00,21.96
6/16/2024 17:15,20.79
6/16/2024 17:30,19.78
6/16/2024 17:45,18.8
6/16/2024 18:00,17.86
6/16/2024 18:15,17.11
6/16/2024 18:30,16.51
6/16/2024 18:45,16.24
6/16/2024 19:00,17.37
6/16/2024 19:15,15.99
6/16/2024 19:30,14.93
6/16/2024 19:45,14.03
6/16/2024 20:00,13.21
6/16/2024 20:15,12.41
6/16/2024 20:30,11.76
6/16/2024 20:45,11.24
6/16/2024 21:00,10.8
6/16/2024 21:15,10.44
6/16/2024 21:30,10.16
6/16/2024 21:45,9.93
6/16/2024 22:00,9.73
6/16/2024 22:15,9.56
6/16/2024 22:30,9.38
6/16/2024 22:45,9.26
6/16/2024 23:00,9.14
6/16/2024 23:15,8.94
6/16/2024 23:30,8.65
6/16/2024 23:45,8.26
6/17/2024 0:00,7.831
6/17/2024 0:15,7.447
6/17/2024 0:30,7.114
6/17/2024 0:45,6.771
6/17/2024 1:00,6.53
6/17/2024 1:15,6.495
6/17/2024 1:30,6.441
6/17/2024 1:45,6.436
6/17/2024 2:00,6.408
6/17/2024 2:15,6.525
6/17/2024 2:30,6.583
6/17/2024 2:45,6.72
6/17/2024 3:00,6.889
6/17/2024 3:15,7.007
6/17/2024 3:30,7.114
6/17/2024 3:45,7.209
6/17/2024 4:00,7.286
6/17/2024 4:15,7.328
6/17/2024 4:30,7.383
6/17/2024 4:45,7.396
6/17/2024 5:00,7.404
6/17/2024 5:15,7.438
6/17/2024 5:30,7.494
6/17/2024 5:45,7.565
6/17/2024 6:00,7.723
6/17/2024 6:15,7.936
6/17/2024 6:30,8.17
6/17/2024 6:45,8.76
6/17/2024 7:00,9.37
6/17/2024 7:15,10.01
6/17/2024 7:30,10.74
6/17/2024 7:45,11.87
6/17/2024 8:00,13.05
6/17/2024 8:15,14.73
6/17/2024 8:30,16.15
6/17/2024 8:45,17.23
6/17/2024 9:00,18.09
6/17/2024 9:15,18.84
6/17/2024 9:30,19.4
6/17/2024 9:45,20.28
6/17/2024 10:00,20.91
6/17/2024 10:15,22.09
6/17/2024 10:30,23.26
6/17/2024 10:45,21.83
6/17/2024 11:00,19.87
6/17/2024 11:15,18.22
6/17/2024 11:30,17.93
6/17/2024 11:45,17.97
6/17/2024 12:00,18.12
6/17/2024 12:15,17.14
6/17/2024 12:30,15.82
6/17/2024 12:45,16.4
6/17/2024 13:00,17.61
6/17/2024 13:15,18.67
6/17/2024 13:30,19.09
6/17/2024 13:45,19.47
6/17/2024 14:00,19.43
6/17/2024 14:15,19.42
6/17/2024 14:30,19.74
6/17/2024 14:45,20.03
6/17/2024 15:00,19.96
6/17/2024 15:15,19.52
6/17/2024 15:30,18.79
6/17/2024 15:45,18.23
6/17/2024 16:00,18.34
6/17/2024 16:15,18.02
6/17/2024 16:30,17.4
6/17/2024 16:45,16.39
6/17/2024 17:00,15.21
6/17/2024 17:15,13.92
6/17/2024 17:30,13.12
6/17/2024 17:45,12.58
6/17/2024 18:00,12.33
6/17/2024 18:15,12.21
6/17/2024 18:30,12.11
6/17/2024 18:45,12.19
6/17/2024 19:00,12.06
6/17/2024 19:15,11.66
6/17/2024 19:30,11.34
6/17/2024 19:45,11.09
6/17/2024 20:00,10.83
6/17/2024 20:15,10.67
6/17/2024 20:30,10.5
6/17/2024 20:45,10.34
6/17/2024 21:00,10.15
6/17/2024 21:15,9.95
6/17/2024 21:30,9.74
6/17/2024 21:45,9.54
6/17/2024 22:00,9.36
6/17/2024 22:15,9.21
6/17/2024 22:30,9
6/17/2024 22:45,8.8
6/17/2024 23:00,8.68
6/17/2024 23:15,8.56
6/17/2024 23:30,8.47
6/17/2024 23:45,8.41
6/18/2024 0:00,8.31
6/18/2024 0:15,8.21
6/18/2024 0:30,8.17
6/18/2024 0:45,8.13
6/18/2024 1:00,8.07
6/18/2024 1:15,8.03
6/18/2024 1:30,7.995
6/18/2024 1:45,7.99
6/18/2024 2:00,8.06
6/18/2024 2:15,8.03
6/18/2024 2:30,8.03
6/18/2024 2:45,8.05
6/18/2024 3:00,8.07
6/18/2024 3:15,8.03
6/18/2024 3:30,7.987
6/18/2024 3:45,7.972
6/18/2024 4:00,7.963
6/18/2024 4:15,7.96
6/18/2024 4:30,7.924
6/18/2024 4:45,7.949
6/18/2024 5:00,7.994
6/18/2024 5:15,8.17
6/18/2024 5:30,8.31
6/18/2024 5:45,8.58
6/18/2024 6:00,9.51
6/18/2024 6:15,11.48
6/18/2024 6:30,12.72
6/18/2024 6:45,13.34
6/18/2024 7:00,13.18
6/18/2024 7:15,12.84
6/18/2024 7:30,12.34
6/18/2024 7:45,11.92
6/18/2024 8:00,11.97
6/18/2024 8:15,12.32
6/18/2024 8:30,13.07
6/18/2024 8:45,14.23
6/18/2024 9:00,16.03
6/18/2024 9:15,17.66
6/18/2024 9:30,18.85
6/18/2024 9:45,20.05
6/18/2024 10:00,20.99
6/18/2024 10:15,22.19
6/18/2024 10:30,24.2
6/18/2024 10:45,24.04
6/18/2024 11:00,23.32
6/18/2024 11:15,23.5
6/18/2024 11:30,23.49
6/18/2024 11:45,23.42
6/18/2024 12:00,24.15
6/18/2024 12:15,23.64
6/18/2024 12:30,23.07
6/18/2024 12:45,23.12
6/18/2024 13:00,23.58
6/18/2024 13:15,23.8
6/18/2024 13:30,24.11
6/18/2024 13:45,24.62
6/18/2024 14:00,24.51
6/18/2024 14:15,24.2
6/18/2024 14:30,23.61
6/18/2024 14:45,23.34
6/18/2024 15:00,22.75
6/18/2024 15:15,22.54
6/18/2024 15:30,22.25
6/18/2024 15:45,22.43
6/18/2024 16:00,22.82
6/18/2024 16:15,23.03
6/18/2024 16:30,23.02
6/18/2024 16:45,22.65
6/18/2024 17:00,22.4
6/18/2024 17:15,22.32
6/18/2024 17:30,22.5
6/18/2024 17:45,22.71
6/18/2024 18:00,22.95
6/18/2024 18:15,23.14
6/18/2024 18:30,23.48
6/18/2024 18:45,25.13
6/18/2024 19:00,24.27
6/18/2024 19:15,20.97
6/18/2024 19:30,18.64
6/18/2024 19:45,16.76
6/18/2024 20:00,15.16
6/18/2024 20:15,13.91
6/18/2024 20:30,12.93
6/18/2024 20:45,12.12
6/18/2024 21:00,11.31
6/18/2024 21:15,10.55
6/18/2024 21:30,9.92
6/18/2024 21:45,9.23
6/18/2024 22:00,8.65
6/18/2024 22:15,8.08
6/18/2024 22:30,7.687
6/18/2024 22:45,7.484
6/18/2024 23:00,7.246
6/18/2024 23:15,7.026
6/18/2024 23:30,6.8
6/18/2024 23:45,6.615
6/19/2024 0:00,6.452
6/19/2024 0:15,6.404
6/19/2024 0:30,6.436
6/19/2024 0:45,6.285
6/19/2024 1:00,6.208
6/19/2024 1:15,6.071
6/19/2024 1:30,6.163
6/19/2024 1:45,6.177
6/19/2024 2:00,6.392
6/19/2024 2:15,6.753
6/19/2024 2:30,6.999
6/19/2024 2:45,7.18
6/19/2024 3:00,7.258
6/19/2024 3:15,7.149
6/19/2024 3:30,7.116
6/19/2024 3:45,7.118
6/19/2024 4:00,7.117
6/19/2024 4:15,7.069
6/19/2024 4:30,6.869
6/19/2024 4:45,7.117
6/19/2024 5:00,8.17
6/19/2024 5:15,9.58
6/19/2024 5:30,11.01
6/19/2024 5:45,12.54
6/19/2024 6:00,14.05
6/19/2024 6:15,15.34
6/19/2024 6:30,16.45
6/19/2024 6:45,17.35
6/19/2024 7:00,17.9
6/19/2024 7:15,18.5
6/19/2024 7:30,19.11
6/19/2024 7:45,19.69
6/19/2024 8:00,20.33
6/19/2024 8:15,20.94
6/19/2024 8:30,21.48
6/19/2024 8:45,21.87
6/19/2024 9:00,22.58
6/19/2024 9:15,23.34
6/19/2024 9:30,24.08
6/19/2024 9:45,24.96
6/19/2024 10:00,26.26
6/19/2024 10:15,28.9
6/19/2024 10:30,30.66
6/19/2024 10:45,30.29
6/19/2024 11:00,29.59
6/19/2024 11:15,29.13
6/19/2024 11:30,29.01
6/19/2024 11:45,28.88
6/19/2024 12:00,28.84
6/19/2024 12:15,28.86
6/19/2024 12:30,28.96
6/19/2024 12:45,28.93
6/19/2024 13:00,29.02
6/19/2024 13:15,29.19
6/19/2024 13:30,29.21
6/19/2024 13:45,29.08
6/19/2024 14:00,28.89
6/19/2024 14:15,28.82
6/19/2024 14:30,28.76
6/19/2024 14:45,28.66
6/19/2024 15:00,28.43
6/19/2024 15:15,28.38
6/19/2024 15:30,28.42
6/19/2024 15:45,28.41
6/19/2024 16:00,28.46
6/19/2024 16:15,28.48
6/19/2024 16:30,28.49
6/19/2024 16:45,28.42
6/19/2024 17:00,28.24
6/19/2024 17:15,28.01
6/19/2024 17:30,27.76
6/19/2024 17:45,27.53
6/19/2024 18:00,27.44
6/19/2024 18:15,27.6
6/19/2024 18:30,28.2
6/19/2024 18:45,29.65
6/19/2024 19:00,28.65
6/19/2024 19:15,24.54
6/19/2024 19:30,21.85
6/19/2024 19:45,19.91
6/19/2024 20:00,18.42
6/19/2024 20:15,17.27
6/19/2024 20:30,16.27
6/19/2024 20:45,15.37
6/19/2024 21:00,14.51
6/19/2024 21:15,13.8
6/19/2024 21:30,13.17
6/19/2024 21:45,12.67
6/19/2024 22:00,12.16
6/19/2024 22:15,11.59
6/19/2024 22:30,10.89
6/19/2024 22:45,10.27
6/19/2024 23:00,9.66
6/19/2024 23:15,9.1
6/19/2024 23:30,8.67
6/19/2024 23:45,8.2
6/20/2024 0:00,7.717
6/20/2024 0:15,7.378
6/20/2024 0:30,7.146
6/20/2024 0:45,6.996
6/20/2024 1:00,6.88
6/20/2024 1:15,6.709
6/20/2024 1:30,6.483
6/20/2024 1:45,6.258
6/20/2024 2:00,6.024
6/20/2024 2:15,5.814
6/20/2024 2:30,5.614
6/20/2024 2:45,5.422
6/20/2024 3:00,5.261
6/20/2024 3:15,5.123
6/20/2024 3:30,4.984
6/20/2024 3:45,4.809
6/20/2024 4:00,4.614
6/20/2024 4:15,4.53
6/20/2024 4:30,4.571
6/20/2024 4:45,4.86
6/20/2024 5:00,5.963
6/20/2024 5:15,7.243
6/20/2024 5:30,8.86
6/20/2024 5:45,11.01
6/20/2024 6:00,13.43
6/20/2024 6:15,15.54
6/20/2024 6:30,17.34
6/20/2024 6:45,18.93
6/20/2024 7:00,20.36
6/20/2024 7:15,21.63
6/20/2024 7:30,22.72
6/20/2024 7:45,23.61
6/20/2024 8:00,24.5
6/20/2024 8:15,25.31
6/20/2024 8:30,25.93
6/20/2024 8:45,26.66
6/20/2024 9:00,27.48
6/20/2024 9:15,28.31
6/20/2024 9:30,29.48
6/20/2024 9:45,30.43
6/20/2024 10:00,32
6/20/2024 10:15,34.64
6/20/2024 10:30,36.13
6/20/2024 10:45,35.9
6/20/2024 11:00,34.85
6/20/2024 11:15,34.52
6/20/2024 11:30,34.43
6/20/2024 11:45,34.34
6/20/2024 12:00,34.22
6/20/2024 12:15,34.35
6/20/2024 12:30,34.49
6/20/2024 12:45,34.84
6/20/2024 13:00,34.74
6/20/2024 13:15,34.77
6/20/2024 13:30,34.46
6/20/2024 13:45,34.34
6/20/2024 14:00,34.05
6/20/2024 14:15,34.05
6/20/2024 14:30,33.69
6/20/2024 14:45,33.09
6/20/2024 15:00,32.37
6/20/2024 15:15,31.88
6/20/2024 15:30,31.51
6/20/2024 15:45,31.23
6/20/2024 16:00,31.13
6/20/2024 16:15,30.45
6/20/2024 16:30,29.67
6/20/2024 16:45,28.84
6/20/2024 17:00,28.17
6/20/2024 17:15,27.52
6/20/2024 17:30,26.76
6/20/2024 17:45,26.03
6/20/2024 18:00,25.4
6/20/2024 18:15,24.81
6/20/2024 18:30,24.16
6/20/2024 18:45,23.93
6/20/2024 19:00,23.06
6/20/2024 19:15,22.08
6/20/2024 19:30,21.22
6/20/2024 19:45,20.54
6/20/2024 20:00,19.84
6/20/2024 20:15,19.14
6/20/2024 20:30,18.6
6/20/2024 20:45,18.24
6/20/2024 21:00,17.93
6/20/2024 21:15,17.65
6/20/2024 21:30,17.4
6/20/2024 21:45,17.14
6/20/2024 22:00,16.83
6/20/2024 22:15,16.51
6/20/2024 22:30,16.22
6/20/2024 22:45,15.9
6/20/2024 23:00,15.52
6/20/2024 23:15,15.14
6/20/2024 23:30,14.84
6/20/2024 23:45,14.58
6/21/2024 0:00,14.42
6/21/2024 0:15,14.2
6/21/2024 0:30,13.79
6/21/2024 0:45,13.29
6/21/2024 1:00,12.81
6/21/2024 1:15,12.4
6/21/2024 1:30,12.08
6/21/2024 1:45,11.81
6/21/2024 2:00,11.53
6/21/2024 2:15,11.25
6/21/2024 2:30,10.94
6/21/2024 2:45,10.61
6/21/2024 3:00,10.25
6/21/2024 3:15,9.9
6/21/2024 3:30,9.53
6/21/2024 3:45,9.11
6/21/2024 4:00,8.7
6/21/2024 4:15,8.37
6/21/2024 4:30,8.13
6/21/2024 4:45,8.17
6/21/2024 5:00,8.93
6/21/2024 5:15,10.41
6/21/2024 5:30,12.21
6/21/2024 5:45,14.16
6/21/2024 6:00,16.13
6/21/2024 6:15,17.96
6/21/2024 6:30,19.56
6/21/2024 6:45,20.89
6/21/2024 7:00,22.42
6/21/2024 7:15,23.91
6/21/2024 7:30,25.13
6/21/2024 7:45,26.2
6/21/2024 8:00,27.12
6/21/2024 8:15,28.1
6/21/2024 8:30,28.72
6/21/2024 8:45,29.38
6/21/2024 9:00,30.05
6/21/2024 9:15,30.72
6/21/2024 9:30,31.49
6/21/2024 9:45,32.3
6/21/2024 10:00,33.6
6/21/2024 10:15,36.1
6/21/2024 10:30,37.62
6/21/2024 10:45,37.03
6/21/2024 11:00,35.98
6/21/2024 11:15,35.39
6/21/2024 11:30,35
6/21/2024 11:45,34.69
6/21/2024 12:00,34.49
6/21/2024 12:15,34.28
6/21/2024 12:30,34.25
6/21/2024 12:45,34.2
6/21/2024 13:00,34.13
6/21/2024 13:15,33.93
6/21/2024 13:30,33.79
6/21/2024 13:45,33.65
6/21/2024 14:00,33.58
6/21/2024 14:15,33.41
6/21/2024 14:30,33.27
6/21/2024 14:45,33.12
6/21/2024 15:00,32.99
6/21/2024 15:15,32.77
6/21/2024 15:30,32.51
6/21/2024 15:45,32.39
6/21/2024 16:00,32.28
6/21/2024 16:15,32.18
6/21/2024 16:30,32.04
6/21/2024 16:45,31.85
6/21/2024 17:00,31.45
6/21/2024 17:15,31.26
6/21/2024 17:30,31.14
6/21/2024 17:45,31.03
6/21/2024 18:00,30.95
6/21/2024 18:15,30.97
6/21/2024 18:30,31.77
6/21/2024 18:45,33.32
6/21/2024 19:00,32.48
6/21/2024 19:15,28.67
6/21/2024 19:30,25.85
6/21/2024 19:45,23.55
6/21/2024 20:00,21.57
6/21/2024 20:15,19.91
6/21/2024 20:30,18.41
6/21/2024 20:45,17.16
6/21/2024 21:00,16.12
6/21/2024 21:15,15.19
6/21/2024 21:30,14.36
6/21/2024 21:45,13.63
6/21/2024 22:00,12.94
6/21/2024 22:15,12.39
6/21/2024 22:30,11.84
6/21/2024 22:45,11.36
6/21/2024 23:00,10.92
6/21/2024 23:15,10.5
6/21/2024 23:30,10.14
6/21/2024 23:45,9.81
6/22/2024 0:00,9.55
6/22/2024 0:15,9.29
6/22/2024 0:30,9.03
6/22/2024 0:45,8.81
6/22/2024 1:00,8.59
6/22/2024 1:15,8.43
6/22/2024 1:30,8.29
6/22/2024 1:45,8.16
6/22/2024 2:00,8.06
6/22/2024 2:15,7.973
6/22/2024 2:30,7.895
6/22/2024 2:45,7.846
6/22/2024 3:00,7.851
6/22/2024 3:15,7.956
6/22/2024 3:30,8.06
6/22/2024 3:45,8.18
6/22/2024 4:00,8.46
6/22/2024 4:15,9.04
6/22/2024 4:30,9.72
6/22/2024 4:45,10.39
6/22/2024 5:00,11.18
6/22/2024 5:15,12.49
6/22/2024 5:30,13.58
6/22/2024 5:45,14.8
6/22/2024 6:00,16.44
6/22/2024 6:15,17.62
6/22/2024 6:30,18.36
6/22/2024 6:45,19.48
6/22/2024 7:00,21.08
6/22/2024 7:15,22.45
6/22/2024 7:30,23.05
6/22/2024 7:45,23.59
6/22/2024 8:00,24.83
6/22/2024 8:15,26.09
6/22/2024 8:30,26.2
6/22/2024 8:45,25.7
6/22/2024 9:00,26
6/22/2024 9:15,26.06
6/22/2024 9:30,26.68
6/22/2024 9:45,28.6
6/22/2024 10:00,30.91
6/22/2024 10:15,33.32
6/22/2024 10:30,35.1
6/22/2024 10:45,35.86
6/22/2024 11:00,35.65
6/22/2024 11:15,35.39
6/22/2024 11:30,35.14
6/22/2024 11:45,34.94
6/22/2024 12:00,34.9
6/22/2024 12:15,34.91
6/22/2024 12:30,35.02
6/22/2024 12:45,35.28
6/22/2024 13:00,35.9
6/22/2024 13:15,36.12
6/22/2024 13:30,36.26
6/22/2024 13:45,36.05
6/22/2024 14:00,36.22
6/22/2024 14:15,36.2
6/22/2024 14:30,36.04
6/22/2024 14:45,35.76
6/22/2024 15:00,35.45
6/22/2024 15:15,35.27
6/22/2024 15:30,35.25
6/22/2024 15:45,35.24
6/22/2024 16:00,35.11
6/22/2024 16:15,34.97
6/22/2024 16:30,34.88
6/22/2024 16:45,34.67
6/22/2024 17:00,33.99
6/22/2024 17:15,33.67
6/22/2024 17:30,33.64
6/22/2024 17:45,33.65
6/22/2024 18:00,33.57
6/22/2024 18:15,33.66
6/22/2024 18:30,34.26
6/22/2024 18:45,35.41
6/22/2024 19:00,34.16
6/22/2024 19:15,30.48
6/22/2024 19:30,27.81
6/22/2024 19:45,25.69
6/22/2024 20:00,23.89
6/22/2024 20:15,22.32
6/22/2024 20:30,20.94
6/22/2024 20:45,19.77
6/22/2024 21:00,18.83
6/22/2024 21:15,18
6/22/2024 21:30,17.23
6/22/2024 21:45,16.43
6/22/2024 22:00,15.85
6/22/2024 22:15,15.29
6/22/2024 22:30,14.79
6/22/2024 22:45,14.41
6/22/2024 23:00,14.1
6/22/2024 23:15,13.77
6/22/2024 23:30,13.48
6/22/2024 23:45,13.22
6/23/2024 0:00,13.1
6/23/2024 0:15,13.45
6/23/2024 0:30,14.3
6/23/2024 0:45,15.41
6/23/2024 1:00,16.37
6/23/2024 1:15,17.03
6/23/2024 1:30,17.41
6/23/2024 1:45,17.43
6/23/2024 2:00,17.26
6/23/2024 2:15,17.06
6/23/2024 2:30,16.81
6/23/2024 2:45,16.51
6/23/2024 3:00,16.14
6/23/2024 3:15,15.67
6/23/2024 3:30,15.09
6/23/2024 3:45,14.55
6/23/2024 4:00,14.31
6/23/2024 4:15,14.34
6/23/2024 4:30,14.53
6/23/2024 4:45,14.95
6/23/2024 5:00,15.74
6/23/2024 5:15,17.07
6/23/2024 5:30,18.58
6/23/2024 5:45,20.13
6/23/2024 6:00,21.58
6/23/2024 6:15,22.83
6/23/2024 6:30,23.85
6/23/2024 6:45,24.72
6/23/2024 7:00,25.48
6/23/2024 7:15,26.18
6/23/2024 7:30,26.63
6/23/2024 7:45,27.05
6/23/2024 8:00,27.46
6/23/2024 8:15,27.88
6/23/2024 8:30,28.26
6/23/2024 8:45,28.45
6/23/2024 9:00,28.51
6/23/2024 9:15,28.72
6/23/2024 9:30,28.91
6/23/2024 9:45,29.05
6/23/2024 10:00,29.67
6/23/2024 10:15,31.97
6/23/2024 10:30,33.75
6/23/2024 10:45,33.14
6/23/2024 11:00,32.22
6/23/2024 11:15,31.44
6/23/2024 11:30,30.94
6/23/2024 11:45,30.76
6/23/2024 12:00,30.68
6/23/2024 12:15,30.69
6/23/2024 12:30,30.68
6/23/2024 12:45,30.57
6/23/2024 13:00,30.5
6/23/2024 13:15,30.48
6/23/2024 13:30,30.29
6/23/2024 13:45,30.2
6/23/2024 14:00,29.85
6/23/2024 14:15,29.68
6/23/2024 14:30,29.07
6/23/2024 14:45,28.98
6/23/2024 15:00,28.85
6/23/2024 15:15,28.81
6/23/2024 15:30,28.88
6/23/2024 15:45,28.71
6/23/2024 16:00,28.33
6/23/2024 16:15,27.97
6/23/2024 16:30,28.24
6/23/2024 16:45,28.64
6/23/2024 17:00,28.8
6/23/2024 17:15,28.87
6/23/2024 17:30,28.97
6/23/2024 17:45,28.8
6/23/2024 18:00,28.49
6/23/2024 18:15,28.41
6/23/2024 18:30,28.79
6/23/2024 18:45,30.07
6/23/2024 19:00,29.03
6/23/2024 19:15,25.4
6/23/2024 19:30,23.03
6/23/2024 19:45,21.33
6/23/2024 20:00,19.93
6/23/2024 20:15,18.65
6/23/2024 20:30,17.49
6/23/2024 20:45,16.59
6/23/2024 21:00,16.05
6/23/2024 21:15,15.68
6/23/2024 21:30,15.39
6/23/2024 21:45,15.03
6/23/2024 22:00,14.6
6/23/2024 22:15,14.09
6/23/2024 22:30,13.56
6/23/2024 22:45,13.17
6/23/2024 23:00,12.84
6/23/2024 23:15,12.52
6/23/2024 23:30,12.16
6/23/2024 23:45,11.67
6/24/2024 0:00,11.14
6/24/2024 0:15,10.61
6/24/2024 0:30,10.15
6/24/2024 0:45,9.86
6/24/2024 1:00,9.64
6/24/2024 1:15,9.37
6/24/2024 1:30,9.1
6/24/2024 1:45,8.82
6/24/2024 2:00,8.51
6/24/2024 2:15,8.23
6/24/2024 2:30,7.923
6/24/2024 2:45,7.566
6/24/2024 3:00,7.212
6/24/2024 3:15,6.851
6/24/2024 3:30,6.566
6/24/2024 3:45,6.302
6/24/2024 4:00,6.049
6/24/2024 4:15,5.826
6/24/2024 4:30,5.643
6/24/2024 4:45,5.625
6/24/2024 5:00,6.339
6/24/2024 5:15,8.02
6/24/2024 5:30,10.19
6/24/2024 5:45,12.48
6/24/2024 6:00,14.64
6/24/2024 6:15,16.46
6/24/2024 6:30,18.04
6/24/2024 6:45,19.36
6/24/2024 7:00,20.39
6/24/2024 7:15,21.26
6/24/2024 7:30,22.02
6/24/2024 7:45,22.66
6/24/2024 8:00,23.2
6/24/2024 8:15,23.68
6/24/2024 8:30,24.19
6/24/2024 8:45,24.66
6/24/2024 9:00,25.21
6/24/2024 9:15,25.7
6/24/2024 9:30,26.27
6/24/2024 9:45,26.98
6/24/2024 10:00,28.11
6/24/2024 10:15,30.48
6/24/2024 10:30,32.39
6/24/2024 10:45,31.96
6/24/2024 11:00,31.21
6/24/2024 11:15,30.6
6/24/2024 11:30,30.06
6/24/2024 11:45,29.86
6/24/2024 12:00,29.5
6/24/2024 12:15,29.3
6/24/2024 12:30,29.32
6/24/2024 12:45,29.3
6/24/2024 13:00,29.26
6/24/2024 13:15,29.3
6/24/2024 13:30,29.45
6/24/2024 13:45,29.49
6/24/2024 14:00,29.54
6/24/2024 14:15,29.52
6/24/2024 14:30,29.53
6/24/2024 14:45,29.34
6/24/2024 15:00,29.18
6/24/2024 15:15,29.1
6/24/2024 15:30,29.18
6/24/2024 15:45,29.21
6/24/2024 16:00,29.31
6/24/2024 16:15,29.37
6/24/2024 16:30,29.4
6/24/2024 16:45,29.33
6/24/2024 17:00,29.27
6/24/2024 17:15,29.21
6/24/2024 17:30,29.09
6/24/2024 17:45,29.06
6/24/2024 18:00,29.07
6/24/2024 18:15,29.39
6/24/2024 18:30,30.23
6/24/2024 18:45,31.57
6/24/2024 19:00,30.14
6/24/2024 19:15,26.1
6/24/2024 19:30,23.31
6/24/2024 19:45,21.08
6/24/2024 20:00,19.19
6/24/2024 20:15,17.54
6/24/2024 20:30,16.1
6/24/2024 20:45,14.85
6/24/2024 21:00,13.75
6/24/2024 21:15,12.82
6/24/2024 21:30,12.01
6/24/2024 21:45,11.29
6/24/2024 22:00,10.67
6/24/2024 22:15,10.06
6/24/2024 22:30,9.55
6/24/2024 22:45,9.07
6/24/2024 23:00,8.65
6/24/2024 23:15,8.29
6/24/2024 23:30,7.972
6/24/2024 23:45,7.647
6/25/2024 0:00,7.314
6/25/2024 0:15,6.985
6/25/2024 0:30,6.727
6/25/2024 0:45,6.514
6/25/2024 1:00,6.301
6/25/2024 1:15,6.102
6/25/2024 1:30,5.901
6/25/2024 1:45,5.715
6/25/2024 2:00,5.5
6/25/2024 2:15,5.326
6/25/2024 2:30,5.169
6/25/2024 2:45,5
6/25/2024 3:00,4.896
6/25/2024 3:15,4.778
6/25/2024 3:30,4.673
6/25/2024 3:45,4.559
6/25/2024 4:00,4.462
6/25/2024 4:15,4.406
6/25/2024 4:30,4.434
6/25/2024 4:45,4.591
6/25/2024 5:00,5.394
6/25/2024 5:15,7.065
6/25/2024 5:30,9.33
6/25/2024 5:45,11.8
6/25/2024 6:00,14.22
6/25/2024 6:15,16.4
6/25/2024 6:30,18.34
6/25/2024 6:45,20.09
6/25/2024 7:00,21.67
6/25/2024 7:15,23.06
6/25/2024 7:30,24.27
6/25/2024 7:45,25.3
6/25/2024 8:00,26.29
6/25/2024 8:15,27.21
6/25/2024 8:30,28.05
6/25/2024 8:45,28.9
6/25/2024 9:00,29.63
6/25/2024 9:15,30.31
6/25/2024 9:30,31.06
6/25/2024 9:45,31.83
6/25/2024 10:00,33.02
6/25/2024 10:15,35.37
6/25/2024 10:30,37.11
6/25/2024 10:45,36.64
6/25/2024 11:00,35.72
6/25/2024 11:15,35.09
6/25/2024 11:30,34.7
6/25/2024 11:45,34.65
6/25/2024 12:00,34.3
6/25/2024 12:15,34.04
6/25/2024 12:30,33.88
6/25/2024 12:45,33.96
6/25/2024 13:00,33.87
6/25/2024 13:15,33.8
6/25/2024 13:30,33.96
6/25/2024 13:45,33.76
6/25/2024 14:00,33.66
6/25/2024 14:15,33.52
6/25/2024 14:30,33.41
6/25/2024 14:45,33.39
6/25/2024 15:00,33.41
6/25/2024 15:15,33.31
6/25/2024 15:30,33.32
6/25/2024 15:45,33.33
6/25/2024 16:00,33.29
6/25/2024 16:15,33.24
6/25/2024 16:30,33.16
6/25/2024 16:45,33.08
6/25/2024 17:00,32.91
6/25/2024 17:15,32.69
6/25/2024 17:30,32.49
6/25/2024 17:45,32.31
6/25/2024 18:00,32.15
6/25/2024 18:15,32.22
6/25/2024 18:30,32.74
6/25/2024 18:45,33.76
6/25/2024 19:00,32.42
6/25/2024 19:15,29.09
6/25/2024 19:30,26.67
6/25/2024 19:45,24.7
6/25/2024 20:00,22.95
6/25/2024 20:15,21.36
6/25/2024 20:30,19.99
6/25/2024 20:45,18.75
6/25/2024 21:00,17.69
6/25/2024 21:15,16.77
6/25/2024 21:30,15.99
6/25/2024 21:45,15.25
6/25/2024 22:00,14.63
6/25/2024 22:15,14.07
6/25/2024 22:30,13.6
6/25/2024 22:45,13.21
6/25/2024 23:00,12.92
6/25/2024 23:15,12.66
6/25/2024 23:30,12.43
6/25/2024 23:45,12.38
6/26/2024 0:00,12.43
6/26/2024 0:15,12.51
6/26/2024 0:30,12.57
6/26/2024 0:45,12.67
6/26/2024 1:00,12.81
6/26/2024 1:15,12.96
6/26/2024 1:30,13.1
6/26/2024 1:45,13.21
6/26/2024 2:00,13.29
6/26/2024 2:15,13.34
6/26/2024 2:30,13.42
6/26/2024 2:45,13.57
6/26/2024 3:00,13.68
6/26/2024 3:15,13.84
6/26/2024 3:30,13.98
6/26/2024 3:45,14.11
6/26/2024 4:00,14.18
6/26/2024 4:15,14.27
6/26/2024 4:30,14.4
6/26/2024 4:45,14.57
6/26/2024 5:00,14.82
6/26/2024 5:15,15.21
6/26/2024 5:30,15.66
6/26/2024 5:45,16.3
6/26/2024 6:00,17.22
6/26/2024 6:15,18.04
6/26/2024 6:30,18.95
6/26/2024 6:45,20.91
6/26/2024 7:00,23.31
6/26/2024 7:15,24.24
6/26/2024 7:30,25.66
6/26/2024 7:45,26.19
6/26/2024 8:00,26.86
6/26/2024 8:15,26.99
6/26/2024 8:30,26.66
6/26/2024 8:45,26.38
6/26/2024 9:00,26.12
6/26/2024 9:15,25.68
6/26/2024 9:30,25.34
6/26/2024 9:45,25.22
6/26/2024 10:00,25.36
6/26/2024 10:15,25.21
6/26/2024 10:30,25.18
6/26/2024 10:45,25.67
6/26/2024 11:00,27.85
6/26/2024 11:15,29.58
6/26/2024 11:30,30.03
6/26/2024 11:45,30.18
6/26/2024 12:00,29.97
6/26/2024 12:15,29.47
6/26/2024 12:30,29.24
6/26/2024 12:45,29.65
6/26/2024 13:00,29.54
6/26/2024 13:15,29.15
6/26/2024 13:30,28.71
6/26/2024 13:45,28.65
6/26/2024 14:00,29.36
6/26/2024 14:15,29.97
6/26/2024 14:30,30.46
6/26/2024 14:45,30.63
6/26/2024 15:00,30.49
6/26/2024 15:15,30.75
6/26/2024 15:30,30.63
6/26/2024 15:45,30.6
6/26/2024 16:00,30.29
6/26/2024 16:15,30.15
6/26/2024 16:30,29.59
6/26/2024 16:45,28.96
6/26/2024 17:00,28.67
6/26/2024 17:15,28.14
6/26/2024 17:30,27.66
6/26/2024 17:45,27.04
6/26/2024 18:00,26.4
6/26/2024 18:15,25.49
6/26/2024 18:30,24.57
6/26/2024 18:45,23.67
6/26/2024 19:00,22.84
6/26/2024 19:15,22.03
6/26/2024 19:30,21.28
6/26/2024 19:45,20.6
6/26/2024 20:00,19.92
6/26/2024 20:15,19.34
6/26/2024 20:30,18.84
6/26/2024 20:45,18.43
6/26/2024 21:00,18.09
6/26/2024 21:15,17.82
6/26/2024 21:30,17.57
6/26/2024 21:45,17.35
6/26/2024 22:00,17.15
6/26/2024 22:15,16.97
6/26/2024 22:30,16.77
6/26/2024 22:45,16.52
6/26/2024 23:00,16.25
6/26/2024 23:15,16
6/26/2024 23:30,15.8
6/26/2024 23:45,15.62
6/27/2024 0:00,15.43
6/27/2024 0:15,15.24
6/27/2024 0:30,15.05
6/27/2024 0:45,14.88
6/27/2024 1:00,14.76
6/27/2024 1:15,14.61
6/27/2024 1:30,14.44
6/27/2024 1:45,14.26
6/27/2024 2:00,14.09
6/27/2024 2:15,13.93
6/27/2024 2:30,13.75
6/27/2024 2:45,13.55
6/27/2024 3:00,13.34
6/27/2024 3:15,13.1
6/27/2024 3:30,12.83
6/27/2024 3:45,12.57
6/27/2024 4:00,12.32
6/27/2024 4:15,12.06
6/27/2024 4:30,11.83
6/27/2024 4:45,11.7
6/27/2024 5:00,11.78
6/27/2024 5:15,12.19
6/27/2024 5:30,12.5
6/27/2024 5:45,13.1
6/27/2024 6:00,14.47
6/27/2024 6:15,15.73
6/27/2024 6:30,16.56
6/27/2024 6:45,16.48
6/27/2024 7:00,17.34
6/27/2024 7:15,18.79
6/27/2024 7:30,20.05
6/27/2024 7:45,20.68
6/27/2024 8:00,21.21
6/27/2024 8:15,21.46
6/27/2024 8:30,21.46
6/27/2024 8:45,21.95
6/27/2024 9:00,22.55
6/27/2024 9:15,23.02
6/27/2024 9:30,23.68
6/27/2024 9:45,24.33
6/27/2024 10:00,23.83
6/27/2024 10:15,24.61
6/27/2024 10:30,25.87
6/27/2024 10:45,26.06
6/27/2024 11:00,25.41
6/27/2024 11:15,25.57
6/27/2024 11:30,25.63
6/27/2024 11:45,24.99
6/27/2024 12:00,25.43
6/27/2024 12:15,25.85
6/27/2024 12:30,25.76
6/27/2024 12:45,25.7
6/27/2024 13:00,25.45
6/27/2024 13:15,25.3
6/27/2024 13:30,24.79
6/27/2024 13:45,24.76
6/27/2024 14:00,25.3
6/27/2024 14:15,25.69
6/27/2024 14:30,25.88
6/27/2024 14:45,25.91
6/27/2024 15:00,26.05
6/27/2024 15:15,26.07
6/27/2024 15:30,25.16
6/27/2024 15:45,24.65
6/27/2024 16:00,24.69
6/27/2024 16:15,24.72
6/27/2024 16:30,24.82
6/27/2024 16:45,24.89
6/27/2024 17:00,24.91
6/27/2024 17:15,24.72
6/27/2024 17:30,24.74
6/27/2024 17:45,24.57
6/27/2024 18:00,24.67
6/27/2024 18:15,24.55
6/27/2024 18:30,24.5
6/27/2024 18:45,23.52
6/27/2024 19:00,21.74
6/27/2024 19:15,20.25
6/27/2024 19:30,18.94
6/27/2024 19:45,17.74
6/27/2024 20:00,16.66
6/27/2024 20:15,15.77
6/27/2024 20:30,15.03
6/27/2024 20:45,14.42
6/27/2024 21:00,14.06
6/27/2024 21:15,13.91
6/27/2024 21:30,13.92
6/27/2024 21:45,14.03
6/27/2024 22:00,14.16
6/27/2024 22:15,14.28
6/27/2024 22:30,14.37
6/27/2024 22:45,14.44
6/27/2024 23:00,14.47
6/27/2024 23:15,14.48
6/27/2024 23:30,14.48
6/27/2024 23:45,14.46
6/28/2024 0:00,14.44
6/28/2024 0:15,14.41
6/28/2024 0:30,14.36
6/28/2024 0:45,14.3
6/28/2024 1:00,14.21
6/28/2024 1:15,14.1
6/28/2024 1:30,13.93
6/28/2024 1:45,13.78
6/28/2024 2:00,13.66
6/28/2024 2:15,13.51
6/28/2024 2:30,13.38
6/28/2024 2:45,13.29
6/28/2024 3:00,13.19
6/28/2024 3:15,13.09
6/28/2024 3:30,12.98
6/28/2024 3:45,12.86
6/28/2024 4:00,12.74
6/28/2024 4:15,12.65
6/28/2024 4:30,12.59
6/28/2024 4:45,12.43
6/28/2024 5:00,12.1
6/28/2024 5:15,12.41
6/28/2024 5:30,13.81
6/28/2024 5:45,15.55
6/28/2024 6:00,17.2
6/28/2024 6:15,18.61
6/28/2024 6:30,19.81
6/28/2024 6:45,20.88
6/28/2024 7:00,21.86
6/28/2024 7:15,22.72
6/28/2024 7:30,23.38
6/28/2024 7:45,23.13
6/28/2024 8:00,23.11
6/28/2024 8:15,23.21
6/28/2024 8:30,23.96
6/28/2024 8:45,23.93
6/28/2024 9:00,24.25
6/28/2024 9:15,24.55
6/28/2024 9:30,24.32
6/28/2024 9:45,24.68
6/28/2024 10:00,26.91
6/28/2024 10:15,28.76
6/28/2024 10:30,27.22
6/28/2024 10:45,27.47
6/28/2024 11:00,28.99
6/28/2024 11:15,29.79
6/28/2024 11:30,30.14
6/28/2024 11:45,29.91
6/28/2024 12:00,29.83
6/28/2024 12:15,29.61
6/28/2024 12:30,28.4
6/28/2024 12:45,28.31
6/28/2024 13:00,28.19
6/28/2024 13:15,28.28
6/28/2024 13:30,28.44
6/28/2024 13:45,28.21
6/28/2024 14:00,28.04
6/28/2024 14:15,27.43
6/28/2024 14:30,27.48
6/28/2024 14:45,27.6
6/28/2024 15:00,27.16
6/28/2024 15:15,26.74
6/28/2024 15:30,27.26
6/28/2024 15:45,27.87
6/28/2024 16:00,27.65
6/28/2024 16:15,27
6/28/2024 16:30,26.83
6/28/2024 16:45,26.91
6/28/2024 17:00,26.97
6/28/2024 17:15,26.95
6/28/2024 17:30,26.83
6/28/2024 17:45,26.44
6/28/2024 18:00,26.26
6/28/2024 18:15,25.71
6/28/2024 18:30,25.37
6/28/2024 18:45,25.88
6/28/2024 19:00,24.61
6/28/2024 19:15,23.09
6/28/2024 19:30,21.68
6/28/2024 19:45,20.38
6/28/2024 20:00,19.1
6/28/2024 20:15,17.81
6/28/2024 20:30,16.66
6/28/2024 20:45,15.59
6/28/2024 21:00,14.64
6/28/2024 21:15,13.81
6/28/2024 21:30,13.05
6/28/2024 21:45,12.4
6/28/2024 22:00,11.82
6/28/2024 22:15,11.3
6/28/2024 22:30,10.83
6/28/2024 22:45,10.39
6/28/2024 23:00,9.96
6/28/2024 23:15,9.55
6/28/2024 23:30,9.16
6/28/2024 23:45,8.81
6/29/2024 0:00,8.52
6/29/2024 0:15,8.21
6/29/2024 0:30,7.959
6/29/2024 0:45,7.753
6/29/2024 1:00,7.555
6/29/2024 1:15,7.366
6/29/2024 1:30,7.169
6/29/2024 1:45,6.994
6/29/2024 2:00,6.801
6/29/2024 2:15,6.615
6/29/2024 2:30,6.411
6/29/2024 2:45,6.242
6/29/2024 3:00,6.093
6/29/2024 3:15,5.953
6/29/2024 3:30,5.829
6/29/2024 3:45,5.723
6/29/2024 4:00,5.662
6/29/2024 4:15,5.658
6/29/2024 4:30,5.768
6/29/2024 4:45,5.991
6/29/2024 5:00,6.601
6/29/2024 5:15,8.01
6/29/2024 5:30,10.01
6/29/2024 5:45,12.19
6/29/2024 6:00,13.87
6/29/2024 6:15,14.79
6/29/2024 6:30,15.46
6/29/2024 6:45,16.29
6/29/2024 7:00,17.55
6/29/2024 7:15,19.31
6/29/2024 7:30,21.21
6/29/2024 7:45,22.99
6/29/2024 8:00,23.97
6/29/2024 8:15,24.23
6/29/2024 8:30,24.33
6/29/2024 8:45,24.55
6/29/2024 9:00,25.34
6/29/2024 9:15,26.23
6/29/2024 9:30,27.13
6/29/2024 9:45,28.19
6/29/2024 10:00,29.06
6/29/2024 10:15,30.67
6/29/2024 10:30,32.59
6/29/2024 10:45,33.46
6/29/2024 11:00,33.85
6/29/2024 11:15,34.02
6/29/2024 11:30,34.63
6/29/2024 11:45,34.63
6/29/2024 12:00,34.15
6/29/2024 12:15,33.84
6/29/2024 12:30,33.86
6/29/2024 12:45,34.07
6/29/2024 13:00,34.34
6/29/2024 13:15,34.52
6/29/2024 13:30,34.32
6/29/2024 13:45,34.22
6/29/2024 14:00,34.09
6/29/2024 14:15,34.07
6/29/2024 14:30,34.04
6/29/2024 14:45,33.83
6/29/2024 15:00,33.34
6/29/2024 15:15,32.76
6/29/2024 15:30,31.94
6/29/2024 15:45,30.96
6/29/2024 16:00,29.97
6/29/2024 16:15,29.1
6/29/2024 16:30,28.38
6/29/2024 16:45,27.7
6/29/2024 17:00,26.94
6/29/2024 17:15,26.05
6/29/2024 17:30,25.16
6/29/2024 17:45,24.45
6/29/2024 18:00,23.89
6/29/2024 18:15,23.42
6/29/2024 18:30,22.98
6/29/2024 18:45,22.56
6/29/2024 19:00,22.17
6/29/2024 19:15,21.74
6/29/2024 19:30,21.3
6/29/2024 19:45,20.82
6/29/2024 20:00,20.34
6/29/2024 20:15,19.91
6/29/2024 20:30,19.51
6/29/2024 20:45,19.15
6/29/2024 21:00,18.85
6/29/2024 21:15,18.58
6/29/2024 21:30,18.34
6/29/2024 21:45,18.12
6/29/2024 22:00,17.92
6/29/2024 22:15,17.78
6/29/2024 22:30,17.72
6/29/2024 22:45,17.66
6/29/2024 23:00,17.55
6/29/2024 23:15,17.44
6/29/2024 23:30,17.33
6/29/2024 23:45,17.26
6/30/2024 0:00,17.21
6/30/2024 0:15,17.17
6/30/2024 0:30,17.04
6/30/2024 0:45,16.83
6/30/2024 1:00,16.66
6/30/2024 1:15,16.48
6/30/2024 1:30,16.34
6/30/2024 1:45,16.22
6/30/2024 2:00,16.09
6/30/2024 2:15,15.91
6/30/2024 2:30,15.71
6/30/2024 2:45,15.56
6/30/2024 3:00,15.48
6/30/2024 3:15,15.46
6/30/2024 3:30,15.46
6/30/2024 3:45,15.44
6/30/2024 4:00,15.41
6/30/2024 4:15,15.39
6/30/2024 4:30,15.35
6/30/2024 4:45,15.33
6/30/2024 5:00,15.33
6/30/2024 5:15,15.37
6/30/2024 5:30,15.51
6/30/2024 5:45,15.73
6/30/2024 6:00,16.01
6/30/2024 6:15,16.65
6/30/2024 6:30,17.72
6/30/2024 6:45,18.66
6/30/2024 7:00,19.41
6/30/2024 7:15,19.96
6/30/2024 7:30,20.48
6/30/2024 7:45,21.06
6/30/2024 8:00,21.64
6/30/2024 8:15,21.96
6/30/2024 8:30,21.9
6/30/2024 8:45,21.9
6/30/2024 9:00,22.14
6/30/2024 9:15,22.64
6/30/2024 9:30,23.35
6/30/2024 9:45,23.97
6/30/2024 10:00,24.8
6/30/2024 10:15,25.67
6/30/2024 10:30,25.65
6/30/2024 10:45,25.77
6/30/2024 11:00,26.19
6/30/2024 11:15,26.59
6/30/2024 11:30,28.1
6/30/2024 11:45,28.3
6/30/2024 12:00,28.56
6/30/2024 12:15,28.55
6/30/2024 12:30,28.83
6/30/2024 12:45,29.35
6/30/2024 13:00,29.52
6/30/2024 13:15,29.26
6/30/2024 13:30,29.06
6/30/2024 13:45,28.83
6/30/2024 14:00,29.06
6/30/2024 14:15,28.91
6/30/2024 14:30,29.01
6/30/2024 14:45,28.93
6/30/2024 15:00,28.96
6/30/2024 15:15,29.1
6/30/2024 15:30,29.6
6/30/2024 15:45,30
6/30/2024 16:00,30.09
6/30/2024 16:15,29.97
6/30/2024 16:30,29.86
6/30/2024 16:45,29.74
6/30/2024 17:00,29.87
6/30/2024 17:15,29.9
6/30/2024 17:30,29.53
6/30/2024 17:45,29.17
6/30/2024 18:00,28.84
6/30/2024 18:15,28.8
6/30/2024 18:30,28.68
6/30/2024 18:45,28.59
6/30/2024 19:00,27.07
6/30/2024 19:15,25.02
6/30/2024 19:30,23.3
6/30/2024 19:45,21.77
6/30/2024 20:00,20.43
6/30/2024 20:15,19.34
6/30/2024 20:30,18.42
6/30/2024 20:45,17.59
6/30/2024 21:00,16.94
6/30/2024 21:15,16.52
6/30/2024 21:30,16.14
6/30/2024 21:45,15.64
6/30/2024 22:00,15.08
6/30/2024 22:15,14.5
6/30/2024 22:30,13.94
6/30/2024 22:45,13.42
6/30/2024 23:00,12.92
6/30/2024 23:15,12.58
6/30/2024 23:30,12.31
6/30/2024 23:45,11.99
7/1/2024 0:00,11.67
7/1/2024 0:15,11.32
7/1/2024 0:30,10.95
7/1/2024 0:45,10.57
7/1/2024 1:00,10.23
7/1/2024 1:15,9.93
7/1/2024 1:30,9.64
7/1/2024 1:45,9.36
7/1/2024 2:00,9.16
7/1/2024 2:15,9.1
7/1/2024 2:30,9.02
7/1/2024 2:45,8.9
7/1/2024 3:00,8.76
7/1/2024 3:15,8.58
7/1/2024 3:30,8.37
7/1/2024 3:45,8.17
7/1/2024 4:00,7.976
7/1/2024 4:15,7.823
7/1/2024 4:30,7.737
7/1/2024 4:45,7.834
7/1/2024 5:00,8.25
7/1/2024 5:15,9.24
7/1/2024 5:30,10.29
7/1/2024 5:45,11.71
7/1/2024 6:00,13.11
7/1/2024 6:15,15.35
7/1/2024 6:30,17.59
7/1/2024 6:45,19.46
7/1/2024 7:00,21.08
7/1/2024 7:15,22.54
7/1/2024 7:30,23.9
7/1/2024 7:45,24.95
7/1/2024 8:00,25.44
7/1/2024 8:15,25.77
7/1/2024 8:30,26.21
7/1/2024 8:45,26.52
7/1/2024 9:00,26.77
7/1/2024 9:15,27.21
7/1/2024 9:30,27.64
7/1/2024 9:45,28.14
7/1/2024 10:00,29.21
7/1/2024 10:15,31.6
7/1/2024 10:30,33.23
7/1/2024 10:45,32.95
7/1/2024 11:00,32.25
7/1/2024 11:15,31.1
7/1/2024 11:30,30.53
7/1/2024 11:45,30.3
7/1/2024 12:00,29.96
7/1/2024 12:15,29.65
7/1/2024 12:30,29.36
7/1/2024 12:45,29.21
7/1/2024 13:00,29.26
7/1/2024 13:15,29.17
7/1/2024 13:30,29.08
7/1/2024 13:45,29.39
7/1/2024 14:00,29.32
7/1/2024 14:15,28.96
7/1/2024 14:30,28.45
7/1/2024 14:45,28.29
7/1/2024 15:00,28.3
7/1/2024 15:15,28.28
7/1/2024 15:30,28.54
7/1/2024 15:45,28.59
7/1/2024 16:00,28.69
7/1/2024 16:15,28.69
7/1/2024 16:30,28.14
7/1/2024 16:45,28.02
7/1/2024 17:00,27.59
7/1/2024 17:15,26.79
7/1/2024 17:30,26.41
7/1/2024 17:45,25.9
7/1/2024 18:00,25.54
7/1/2024 18:15,25.94
7/1/2024 18:30,26.26
7/1/2024 18:45,24.96
7/1/2024 19:00,23.43
7/1/2024 19:15,21.96
7/1/2024 19:30,20.63
7/1/2024 19:45,19.36
7/1/2024 20:00,18.19
7/1/2024 20:15,17.22
7/1/2024 20:30,16.42
7/1/2024 20:45,15.78
7/1/2024 21:00,15.25
7/1/2024 21:15,14.8
7/1/2024 21:30,14.47
7/1/2024 21:45,14.22
7/1/2024 22:00,13.84
7/1/2024 22:15,13.38
7/1/2024 22:30,12.87
7/1/2024 22:45,12.33
7/1/2024 23:00,11.82
7/1/2024 23:15,11.35
7/1/2024 23:30,10.94
7/1/2024 23:45,10.68
7/2/2024 0:00,10.55
7/2/2024 0:15,10.33
7/2/2024 0:30,10.09
7/2/2024 0:45,9.82
7/2/2024 1:00,9.63
7/2/2024 1:15,9.47
7/2/2024 1:30,9.33
7/2/2024 1:45,9.34
7/2/2024 2:00,9.64
7/2/2024 2:15,9.93
7/2/2024 2:30,10.21
7/2/2024 2:45,10.63
7/2/2024 3:00,10.99
7/2/2024 3:15,11.24
7/2/2024 3:30,11.28
7/2/2024 3:45,11.16
7/2/2024 4:00,11.09
7/2/2024 4:15,11.09
7/2/2024 4:30,11.08
7/2/2024 4:45,11.18
7/2/2024 5:00,11.61
7/2/2024 5:15,12.56
7/2/2024 5:30,14.05
7/2/2024 5:45,15.81
7/2/2024 6:00,17.57
7/2/2024 6:15,19.2
7/2/2024 6:30,20.59
7/2/2024 6:45,21.81
7/2/2024 7:00,23.01
7/2/2024 7:15,23.84
7/2/2024 7:30,24.41
7/2/2024 7:45,24.84
7/2/2024 8:00,25.31
7/2/2024 8:15,25.67
7/2/2024 8:30,26.32
7/2/2024 8:45,26.87
7/2/2024 9:00,27.23
7/2/2024 9:15,27.46
7/2/2024 9:30,27.2
7/2/2024 9:45,27.53
7/2/2024 10:00,28.77
7/2/2024 10:15,31.19
7/2/2024 10:30,33.27
7/2/2024 10:45,33.15
7/2/2024 11:00,32.31
7/2/2024 11:15,31.66
7/2/2024 11:30,31.2
7/2/2024 11:45,30.87
7/2/2024 12:00,30.69
7/2/2024 12:15,30.57
7/2/2024 12:30,30.53
7/2/2024 12:45,30.59
7/2/2024 13:00,30.59
7/2/2024 13:15,30.37
7/2/2024 13:30,30.23
7/2/2024 13:45,30.32
7/2/2024 14:00,30.1
7/2/2024 14:15,29.58
7/2/2024 14:30,29.4
7/2/2024 14:45,29.34
7/2/2024 15:00,29.28
7/2/2024 15:15,29.14
7/2/2024 15:30,29.09
7/2/2024 15:45,29
7/2/2024 16:00,28.82
7/2/2024 16:15,28.66
7/2/2024 16:30,28.5
7/2/2024 16:45,28.31
7/2/2024 17:00,28.12
7/2/2024 17:15,27.98
7/2/2024 17:30,27.85
7/2/2024 17:45,27.54
7/2/2024 18:00,27.26
7/2/2024 18:15,26.83
7/2/2024 18:30,26.36
7/2/2024 18:45,26.16
7/2/2024 19:00,24.97
7/2/2024 19:15,23.1
7/2/2024 19:30,21.46
7/2/2024 19:45,19.95
7/2/2024 20:00,18.56
7/2/2024 20:15,17.26
7/2/2024 20:30,16.08
7/2/2024 20:45,15.04
7/2/2024 21:00,14.09
7/2/2024 21:15,13.23
7/2/2024 21:30,12.45
7/2/2024 21:45,11.79
7/2/2024 22:00,11.23
7/2/2024 22:15,10.76
7/2/2024 22:30,10.37
7/2/2024 22:45,10.04
7/2/2024 23:00,9.73
7/2/2024 23:15,9.43
7/2/2024 23:30,9.17
7/2/2024 23:45,8.9
7/3/2024 0:00,8.66
7/3/2024 0:15,8.39
7/3/2024 0:30,8.15
7/3/2024 0:45,7.916
7/3/2024 1:00,7.781
7/3/2024 1:15,7.942
7/3/2024 1:30,8.12
7/3/2024 1:45,8.09
7/3/2024 2:00,7.934
7/3/2024 2:15,7.71
7/3/2024 2:30,7.477
7/3/2024 2:45,7.203
7/3/2024 3:00,6.962
7/3/2024 3:15,6.666
7/3/2024 3:30,6.454
7/3/2024 3:45,6.357
7/3/2024 4:00,6.213
7/3/2024 4:15,6.077
7/3/2024 4:30,6.094
7/3/2024 4:45,6.303
7/3/2024 5:00,6.706
7/3/2024 5:15,7.593
7/3/2024 5:30,8.64
7/3/2024 5:45,9.61
7/3/2024 6:00,10.68
7/3/2024 6:15,12.76
7/3/2024 6:30,15.1
7/3/2024 6:45,17.15
7/3/2024 7:00,18.82
7/3/2024 7:15,20.15
7/3/2024 7:30,21.21
7/3/2024 7:45,22.12
7/3/2024 8:00,22.92
7/3/2024 8:15,23.63
7/3/2024 8:30,24.33
7/3/2024 8:45,25.04
7/3/2024 9:00,25.62
7/3/2024 9:15,26.17
7/3/2024 9:30,26.75
7/3/2024 9:45,27.52
7/3/2024 10:00,28.71
7/3/2024 10:15,31.03
7/3/2024 10:30,33.16
7/3/2024 10:45,33.22
7/3/2024 11:00,32.17
7/3/2024 11:15,31.01
7/3/2024 11:30,30.24
7/3/2024 11:45,30.07
7/3/2024 12:00,30.19
7/3/2024 12:15,30.48
7/3/2024 12:30,30.65
7/3/2024 12:45,30.91
7/3/2024 13:00,31.2
7/3/2024 13:15,31.31
7/3/2024 13:30,31.45
7/3/2024 13:45,31.48
7/3/2024 14:00,31.47
7/3/2024 14:15,31.46
7/3/2024 14:30,31.48
7/3/2024 14:45,31.35
7/3/2024 15:00,31.07
7/3/2024 15:15,30.74
7/3/2024 15:30,30.63
7/3/2024 15:45,30.6
7/3/2024 16:00,30.31
7/3/2024 16:15,29.78
7/3/2024 16:30,29.58
7/3/2024 16:45,29.35
7/3/2024 17:00,29.2
7/3/2024 17:15,29.11
7/3/2024 17:30,28.92
7/3/2024 17:45,28.56
7/3/2024 18:00,28.3
7/3/2024 18:15,28.13
7/3/2024 18:30,27.84
7/3/2024 18:45,27.34
7/3/2024 19:00,25.91
7/3/2024 19:15,24.18
7/3/2024 19:30,22.55
7/3/2024 19:45,21.02
7/3/2024 20:00,19.55
7/3/2024 20:15,18.23
7/3/2024 20:30,17.01
7/3/2024 20:45,15.92
7/3/2024 21:00,14.95
7/3/2024 21:15,14.08
7/3/2024 21:30,13.27
7/3/2024 21:45,12.53
7/3/2024 22:00,11.88
7/3/2024 22:15,11.38
7/3/2024 22:30,10.95
7/3/2024 22:45,10.52
7/3/2024 23:00,10.14
7/3/2024 23:15,9.79
7/3/2024 23:30,9.47
7/3/2024 23:45,9.16
7/4/2024 0:00,8.92
7/4/2024 0:15,8.66
7/4/2024 0:30,8.42
7/4/2024 0:45,8.15
7/4/2024 1:00,7.953
7/4/2024 1:15,7.765
7/4/2024 1:30,7.531
7/4/2024 1:45,7.369
7/4/2024 2:00,7.202
7/4/2024 2:15,7.07
7/4/2024 2:30,6.978
7/4/2024 2:45,6.849
7/4/2024 3:00,6.739
7/4/2024 3:15,6.573
7/4/2024 3:30,6.413
7/4/2024 3:45,6.259
7/4/2024 4:00,6.122
7/4/2024 4:15,6.018
7/4/2024 4:30,5.989
7/4/2024 4:45,6.004
7/4/2024 5:00,6.178
7/4/2024 5:15,7.034
7/4/2024 5:30,8.66
7/4/2024 5:45,10.88
7/4/2024 6:00,13.35
7/4/2024 6:15,15.78
7/4/2024 6:30,18.06
7/4/2024 6:45,20.21
7/4/2024 7:00,22.03
7/4/2024 7:15,23.48
7/4/2024 7:30,24.7
7/4/2024 7:45,25.87
7/4/2024 8:00,26.91
7/4/2024 8:15,27.79
7/4/2024 8:30,28.63
7/4/2024 8:45,29.41
7/4/2024 9:00,29.98
7/4/2024 9:15,30.85
7/4/2024 9:30,31.48
7/4/2024 9:45,32.07
7/4/2024 10:00,33.21
7/4/2024 10:15,35.71
7/4/2024 10:30,37.93
7/4/2024 10:45,37.79
7/4/2024 11:00,36.96
7/4/2024 11:15,36.24
7/4/2024 11:30,35.74
7/4/2024 11:45,35.35
7/4/2024 12:00,35
7/4/2024 12:15,34.92
7/4/2024 12:30,34.79
7/4/2024 12:45,34.58
7/4/2024 13:00,34.64
7/4/2024 13:15,34.27
7/4/2024 13:30,34.04
7/4/2024 13:45,34
7/4/2024 14:00,33.92
7/4/2024 14:15,33.75
7/4/2024 14:30,33.46
7/4/2024 14:45,33.23
7/4/2024 15:00,33.12
7/4/2024 15:15,32.99
7/4/2024 15:30,32.77
7/4/2024 15:45,32.57
7/4/2024 16:00,32.5
7/4/2024 16:15,32.51
7/4/2024 16:30,32.4
7/4/2024 16:45,32.18
7/4/2024 17:00,31.93
7/4/2024 17:15,31.64
7/4/2024 17:30,31.27
7/4/2024 17:45,30.83
7/4/2024 18:00,30.43
7/4/2024 18:15,30.15
7/4/2024 18:30,29.96
7/4/2024 18:45,29.44
7/4/2024 19:00,27.81
7/4/2024 19:15,25.6
7/4/2024 19:30,23.68
7/4/2024 19:45,21.94
7/4/2024 20:00,20.29
7/4/2024 20:15,18.86
7/4/2024 20:30,17.6
7/4/2024 20:45,16.48
7/4/2024 21:00,15.47
7/4/2024 21:15,14.59
7/4/2024 21:30,13.79
7/4/2024 21:45,13.12
7/4/2024 22:00,12.53
7/4/2024 22:15,12.01
7/4/2024 22:30,11.51
7/4/2024 22:45,11.08
7/4/2024 23:00,10.67
7/4/2024 23:15,10.29
7/4/2024 23:30,9.92
7/4/2024 23:45,9.6
7/5/2024 0:00,9.31
7/5/2024 0:15,9.02
7/5/2024 0:30,8.77
7/5/2024 0:45,8.55
7/5/2024 1:00,8.33
7/5/2024 1:15,8.07
7/5/2024 1:30,7.88
7/5/2024 1:45,7.679
7/5/2024 2:00,7.485
7/5/2024 2:15,7.311
7/5/2024 2:30,7.184
7/5/2024 2:45,7.174
7/5/2024 3:00,7.245
7/5/2024 3:15,7.238
7/5/2024 3:30,7.186
7/5/2024 3:45,7.134
7/5/2024 4:00,7.051
7/5/2024 4:15,7.021
7/5/2024 4:30,7.103
7/5/2024 4:45,7.265
7/5/2024 5:00,7.676
7/5/2024 5:15,8.9
7/5/2024 5:30,10.92
7/5/2024 5:45,13.24
7/5/2024 6:00,15.45
7/5/2024 6:15,17.46
7/5/2024 6:30,19.53
7/5/2024 6:45,21.44
7/5/2024 7:00,22.99
7/5/2024 7:15,24.22
7/5/2024 7:30,25.34
7/5/2024 7:45,26.41
7/5/2024 8:00,27.44
7/5/2024 8:15,28.37
7/5/2024 8:30,29.22
7/5/2024 8:45,30.03
7/5/2024 9:00,30.87
7/5/2024 9:15,31.64
7/5/2024 9:30,32.39
7/5/2024 9:45,33.29
7/5/2024 10:00,34.43
7/5/2024 10:15,36.75
7/5/2024 10:30,39.07
7/5/2024 10:45,39.13
7/5/2024 11:00,38.49
7/5/2024 11:15,37.76
7/5/2024 11:30,37.25
7/5/2024 11:45,36.85
7/5/2024 12:00,36.63
7/5/2024 12:15,36.43
7/5/2024 12:30,36.29
7/5/2024 12:45,36.13
7/5/2024 13:00,36.06
7/5/2024 13:15,36.09
7/5/2024 13:30,35.94
7/5/2024 13:45,35.83
7/5/2024 14:00,35.73
7/5/2024 14:15,35.59
7/5/2024 14:30,35.4
7/5/2024 14:45,35.24
7/5/2024 15:00,35.15
7/5/2024 15:15,35.09
7/5/2024 15:30,34.95
7/5/2024 15:45,34.85
7/5/2024 16:00,34.74
7/5/2024 16:15,34.53
7/5/2024 16:30,34.36
7/5/2024 16:45,34.16
7/5/2024 17:00,33.97
7/5/2024 17:15,33.71
7/5/2024 17:30,33.46
7/5/2024 17:45,33.16
7/5/2024 18:00,32.87
7/5/2024 18:15,32.59
7/5/2024 18:30,32.21
7/5/2024 18:45,31.19
7/5/2024 19:00,29.13
7/5/2024 19:15,26.91
7/5/2024 19:30,24.97
7/5/2024 19:45,23.26
7/5/2024 20:00,21.69
7/5/2024 20:15,20.28
7/5/2024 20:30,19.03
7/5/2024 20:45,17.91
7/5/2024 21:00,16.94
7/5/2024 21:15,16.1
7/5/2024 21:30,15.37
7/5/2024 21:45,14.72
7/5/2024 22:00,14.14
7/5/2024 22:15,13.63
7/5/2024 22:30,13.16
7/5/2024 22:45,12.77
7/5/2024 23:00,12.44
7/5/2024 23:15,12.11
7/5/2024 23:30,11.81
7/5/2024 23:45,11.49
7/6/2024 0:00,11.22
7/6/2024 0:15,10.94
7/6/2024 0:30,10.68
7/6/2024 0:45,10.46
7/6/2024 1:00,10.24
7/6/2024 1:15,10.08
7/6/2024 1:30,9.92
7/6/2024 1:45,9.81
7/6/2024 2:00,9.62
7/6/2024 2:15,9.42
7/6/2024 2:30,9.2
7/6/2024 2:45,8.96
7/6/2024 3:00,8.72
7/6/2024 3:15,8.49
7/6/2024 3:30,8.24
7/6/2024 3:45,8.04
7/6/2024 4:00,7.842
7/6/2024 4:15,7.702
7/6/2024 4:30,7.566
7/6/2024 4:45,7.489
7/6/2024 5:00,7.619
7/6/2024 5:15,8.42
7/6/2024 5:30,9.93
7/6/2024 5:45,12.01
7/6/2024 6:00,14.42
7/6/2024 6:15,16.88
7/6/2024 6:30,19.22
7/6/2024 6:45,21.3
7/6/2024 7:00,23.1
7/6/2024 7:15,24.64
7/6/2024 7:30,25.99
7/6/2024 7:45,27.04
7/6/2024 8:00,27.85
7/6/2024 8:15,28.56
7/6/2024 8:30,29.3
7/6/2024 8:45,30
7/6/2024 9:00,30.55
7/6/2024 9:15,31.14
7/6/2024 9:30,31.79
7/6/2024 9:45,32.57
7/6/2024 10:00,33.77
7/6/2024 10:15,36.01
7/6/2024 10:30,38.2
7/6/2024 10:45,38.28
7/6/2024 11:00,37.41
7/6/2024 11:15,36.77
7/6/2024 11:30,36.29
7/6/2024 11:45,36.05
7/6/2024 12:00,35.87
7/6/2024 12:15,35.76
7/6/2024 12:30,35.68
7/6/2024 12:45,35.66
7/6/2024 13:00,35.57
7/6/2024 13:15,35.53
7/6/2024 13:30,35.57
7/6/2024 13:45,35.38
7/6/2024 14:00,35.3
7/6/2024 14:15,35.26
7/6/2024 14:30,35.12
7/6/2024 14:45,35
7/6/2024 15:00,34.86
7/6/2024 15:15,34.71
7/6/2024 15:30,34.64
7/6/2024 15:45,34.53
7/6/2024 16:00,34.47
7/6/2024 16:15,34.47
7/6/2024 16:30,34.34
7/6/2024 16:45,34.15
7/6/2024 17:00,33.94
7/6/2024 17:15,33.78
7/6/2024 17:30,33.49
7/6/2024 17:45,33.13
7/6/2024 18:00,32.78
7/6/2024 18:15,32.45
7/6/2024 18:30,31.96
7/6/2024 18:45,30.95
7/6/2024 19:00,29.02
7/6/2024 19:15,26.97
7/6/2024 19:30,25.23
7/6/2024 19:45,23.61
7/6/2024 20:00,22.16
7/6/2024 20:15,20.81
7/6/2024 20:30,19.61
7/6/2024 20:45,18.52
7/6/2024 21:00,17.65
7/6/2024 21:15,16.82
7/6/2024 21:30,16.12
7/6/2024 21:45,15.47
7/6/2024 22:00,14.92
7/6/2024 22:15,14.37
7/6/2024 22:30,13.83
7/6/2024 22:45,13.39
7/6/2024 23:00,12.97
7/6/2024 23:15,12.58
7/6/2024 23:30,12.22
7/6/2024 23:45,11.86
7/7/2024 0:00,11.57
7/7/2024 0:15,11.28
7/7/2024 0:30,11.07
7/7/2024 0:45,10.83
7/7/2024 1:00,10.64
7/7/2024 1:15,10.48
7/7/2024 1:30,10.33
7/7/2024 1:45,10.14
7/7/2024 2:00,9.95
7/7/2024 2:15,9.79
7/7/2024 2:30,9.61
7/7/2024 2:45,9.44
7/7/2024 3:00,9.29
7/7/2024 3:15,9.13
7/7/2024 3:30,9.01
7/7/2024 3:45,8.95
7/7/2024 4:00,8.93
7/7/2024 4:15,8.97
7/7/2024 4:30,9.08
7/7/2024 4:45,9.24
7/7/2024 5:00,9.61
7/7/2024 5:15,10.52
7/7/2024 5:30,12.11
7/7/2024 5:45,14.27
7/7/2024 6:00,16.67
7/7/2024 6:15,18.99
7/7/2024 6:30,21.1
7/7/2024 6:45,23.01
7/7/2024 7:00,24.7
7/7/2024 7:15,26.15
7/7/2024 7:30,27.38
7/7/2024 7:45,28.29
7/7/2024 8:00,29.07
7/7/2024 8:15,29.8
7/7/2024 8:30,30.44
7/7/2024 8:45,31.14
7/7/2024 9:00,31.88
7/7/2024 9:15,32.69
7/7/2024 9:30,33.59
7/7/2024 9:45,34.55
7/7/2024 10:00,35.97
7/7/2024 10:15,38.51
7/7/2024 10:30,40.97
7/7/2024 10:45,41.13
7/7/2024 11:00,40.36
7/7/2024 11:15,39.95
7/7/2024 11:30,39.6
7/7/2024 11:45,39.01
7/7/2024 12:00,38.83
7/7/2024 12:15,38.68
7/7/2024 12:30,38.58
7/7/2024 12:45,38.85
7/7/2024 13:00,38.62
7/7/2024 13:15,38.59
7/7/2024 13:30,38.35
7/7/2024 13:45,38.14
7/7/2024 14:00,37.92
7/7/2024 14:15,37.72
7/7/2024 14:30,37.6
7/7/2024 14:45,37.51
7/7/2024 15:00,37.29
7/7/2024 15:15,37.23
7/7/2024 15:30,37.18
7/7/2024 15:45,37.04
7/7/2024 16:00,36.92
7/7/2024 16:15,36.79
7/7/2024 16:30,36.62
7/7/2024 16:45,36.42
7/7/2024 17:00,36.21
7/7/2024 17:15,35.91
7/7/2024 17:30,35.54
7/7/2024 17:45,35.12
7/7/2024 18:00,34.66
7/7/2024 18:15,34.18
7/7/2024 18:30,33.53
7/7/2024 18:45,32.38
7/7/2024 19:00,30.5
7/7/2024 19:15,28.41
7/7/2024 19:30,26.51
7/7/2024 19:45,24.82
7/7/2024 20:00,23.29
7/7/2024 20:15,21.91
7/7/2024 20:30,20.71
7/7/2024 20:45,19.62
7/7/2024 21:00,18.67
7/7/2024 21:15,17.84
7/7/2024 21:30,17.12
7/7/2024 21:45,16.49
7/7/2024 22:00,15.94
7/7/2024 22:15,15.44
7/7/2024 22:30,14.98
7/7/2024 22:45,14.53
7/7/2024 23:00,14.07
7/7/2024 23:15,13.53
7/7/2024 23:30,13.2
7/7/2024 23:45,12.83
7/8/2024 0:00,12.54
7/8/2024 0:15,12.24
7/8/2024 0:30,12
7/8/2024 0:45,11.75
7/8/2024 1:00,11.5
7/8/2024 1:15,11.24
7/8/2024 1:30,11.03
7/8/2024 1:45,10.88
7/8/2024 2:00,10.73
7/8/2024 2:15,10.56
7/8/2024 2:30,10.43
7/8/2024 2:45,10.36
7/8/2024 3:00,10.32
7/8/2024 3:15,10.3
7/8/2024 3:30,10.3
7/8/2024 3:45,10.36
7/8/2024 4:00,10.39
7/8/2024 4:15,10.44
7/8/2024 4:30,10.53
7/8/2024 4:45,10.68
7/8/2024 5:00,11.06
7/8/2024 5:15,12.11
7/8/2024 5:30,13.88
7/8/2024 5:45,16.05
7/8/2024 6:00,18.36
7/8/2024 6:15,20.59
7/8/2024 6:30,22.62
7/8/2024 6:45,24.43
7/8/2024 7:00,25.95
7/8/2024 7:15,27.16
7/8/2024 7:30,28.2
7/8/2024 7:45,29.12
7/8/2024 8:00,29.92
7/8/2024 8:15,30.66
7/8/2024 8:30,31.3
7/8/2024 8:45,31.9
7/8/2024 9:00,32.58
7/8/2024 9:15,33.38
7/8/2024 9:30,34.34
7/8/2024 9:45,35.4
7/8/2024 10:00,36.7
7/8/2024 10:15,39.06
7/8/2024 10:30,41.57
7/8/2024 10:45,42.05
7/8/2024 11:00,41.21
7/8/2024 11:15,40.76
7/8/2024 11:30,40.32
7/8/2024 11:45,40.25
7/8/2024 12:00,40.27
7/8/2024 12:15,40.12
7/8/2024 12:30,40
7/8/2024 12:45,39.75
7/8/2024 13:00,39.78
7/8/2024 13:15,39.67
7/8/2024 13:30,39.56
7/8/2024 13:45,39.36
7/8/2024 14:00,39.18
7/8/2024 14:15,39.14
7/8/2024 14:30,39.07
7/8/2024 14:45,38.88
7/8/2024 15:00,38.75
7/8/2024 15:15,38.68
7/8/2024 15:30,38.54
7/8/2024 15:45,38.46
7/8/2024 16:00,38.42
7/8/2024 16:15,38.32
7/8/2024 16:30,38.09
7/8/2024 16:45,37.71
7/8/2024 17:00,37.32
7/8/2024 17:15,36.91
7/8/2024 17:30,36.36
7/8/2024 17:45,35.76
7/8/2024 18:00,35.18
7/8/2024 18:15,34.6
7/8/2024 18:30,33.84
7/8/2024 18:45,32.61
7/8/2024 19:00,30.75
7/8/2024 19:15,28.72
7/8/2024 19:30,26.96
7/8/2024 19:45,25.35
7/8/2024 20:00,23.86
7/8/2024 20:15,22.59
7/8/2024 20:30,21.49
7/8/2024 20:45,20.48
7/8/2024 21:00,19.56
7/8/2024 21:15,18.71
7/8/2024 21:30,17.93
7/8/2024 21:45,17.23
7/8/2024 22:00,16.62
7/8/2024 22:15,16.05
7/8/2024 22:30,15.53
7/8/2024 22:45,15.05
7/8/2024 23:00,14.61
7/8/2024 23:15,14.22
7/8/2024 23:30,13.89
7/8/2024 23:45,13.57
7/9/2024 0:00,13.26
7/9/2024 0:15,12.97
7/9/2024 0:30,12.72
7/9/2024 0:45,12.49
7/9/2024 1:00,12.3
7/9/2024 1:15,12.11
7/9/2024 1:30,11.89
7/9/2024 1:45,11.71
7/9/2024 2:00,11.57
7/9/2024 2:15,11.44
7/9/2024 2:30,11.31
7/9/2024 2:45,11.17
7/9/2024 3:00,11.08
7/9/2024 3:15,11.01
7/9/2024 3:30,10.95
7/9/2024 3:45,10.85
7/9/2024 4:00,10.75
7/9/2024 4:15,10.65
7/9/2024 4:30,10.57
7/9/2024 4:45,10.59
7/9/2024 5:00,10.87
7/9/2024 5:15,11.88
7/9/2024 5:30,13.63
7/9/2024 5:45,15.97
7/9/2024 6:00,18.44
7/9/2024 6:15,20.8
7/9/2024 6:30,22.95
7/9/2024 6:45,24.87
7/9/2024 7:00,26.61
7/9/2024 7:15,28.05
7/9/2024 7:30,29.15
7/9/2024 7:45,30.01
7/9/2024 8:00,30.74
7/9/2024 8:15,31.47
7/9/2024 8:30,32.23
7/9/2024 8:45,32.89
7/9/2024 9:00,33.59
7/9/2024 9:15,34.29
7/9/2024 9:30,35.09
7/9/2024 9:45,36.09
7/9/2024 10:00,37.45
7/9/2024 10:15,39.92
7/9/2024 10:30,42.4
7/9/2024 10:45,42.95
7/9/2024 11:00,42.37
7/9/2024 11:15,41.7
7/9/2024 11:30,41.47
7/9/2024 11:45,41.14
7/9/2024 12:00,41.12
7/9/2024 12:15,40.88
7/9/2024 12:30,40.97
7/9/2024 12:45,41.12
7/9/2024 13:00,41.26
7/9/2024 13:15,41.45
7/9/2024 13:30,41.35
7/9/2024 13:45,41.17
7/9/2024 14:00,41.01
7/9/2024 14:15,40.78
7/9/2024 14:30,40.53
7/9/2024 14:45,40.4
7/9/2024 15:00,40.23
7/9/2024 15:15,40.1
7/9/2024 15:30,39.95
7/9/2024 15:45,39.81
7/9/2024 16:00,39.61
7/9/2024 16:15,39.48
7/9/2024 16:30,39.35
7/9/2024 16:45,39.17
7/9/2024 17:00,38.88
7/9/2024 17:15,38.51
7/9/2024 17:30,38.03
7/9/2024 17:45,37.35
7/9/2024 18:00,36.57
7/9/2024 18:15,35.72
7/9/2024 18:30,34.75
7/9/2024 18:45,33.38
7/9/2024 19:00,31.39
7/9/2024 19:15,29.4
7/9/2024 19:30,27.59
7/9/2024 19:45,25.91
7/9/2024 20:00,24.41
7/9/2024 20:15,23.04
7/9/2024 20:30,21.81
7/9/2024 20:45,20.71
7/9/2024 21:00,19.72
7/9/2024 21:15,18.85
7/9/2024 21:30,18.1
7/9/2024 21:45,17.44
7/9/2024 22:00,16.84
7/9/2024 22:15,16.26
7/9/2024 22:30,15.78
7/9/2024 22:45,15.37
7/9/2024 23:00,14.98
7/9/2024 23:15,14.6
7/9/2024 23:30,14.25
7/9/2024 23:45,13.93
7/10/2024 0:00,13.64
7/10/2024 0:15,13.39
7/10/2024 0:30,13.16
7/10/2024 0:45,12.97
7/10/2024 1:00,12.76
7/10/2024 1:15,12.61
7/10/2024 1:30,12.46
7/10/2024 1:45,12.33
7/10/2024 2:00,12.17
7/10/2024 2:15,12.04
7/10/2024 2:30,11.93
7/10/2024 2:45,11.83
7/10/2024 3:00,11.78
7/10/2024 3:15,11.74
7/10/2024 3:30,11.74
7/10/2024 3:45,11.76
7/10/2024 4:00,11.79
7/10/2024 4:15,11.84
7/10/2024 4:30,12
7/10/2024 4:45,12.19
7/10/2024 5:00,12.54
7/10/2024 5:15,13.29
7/10/2024 5:30,14.66
7/10/2024 5:45,16.57
7/10/2024 6:00,18.67
7/10/2024 6:15,20.8
7/10/2024 6:30,22.9
7/10/2024 6:45,24.84
