Row Labels,Sum of Temp_C
2022-10-07 09:45:00,11.73
2022-10-07 10:00:00,11.77
2022-10-07 10:15:00,11.81
2022-10-07 10:30:00,11.87
2022-10-07 10:45:00,11.91
2022-10-07 11:00:00,11.98
2022-10-07 11:15:00,12.02
2022-10-07 11:30:00,12.06
2022-10-07 11:45:00,12.11
2022-10-07 12:00:00,12.17
2022-10-07 12:15:00,12.22
2022-10-07 12:30:00,12.24
2022-10-07 12:45:00,12.31
2022-10-07 13:00:00,12.34
2022-10-07 13:15:00,12.41
2022-10-07 13:30:00,12.42
2022-10-07 13:45:00,12.48
2022-10-07 14:00:00,12.52
2022-10-07 14:15:00,12.52
2022-10-07 14:30:00,12.56
2022-10-07 14:45:00,12.61
2022-10-07 15:00:00,12.72
2022-10-07 15:15:00,12.57
2022-10-07 15:30:00,12.56
2022-10-07 15:45:00,12.55
2022-10-07 16:00:00,12.5
2022-10-07 16:15:00,12.49
2022-10-07 16:30:00,12.56
2022-10-07 16:45:00,12.47
2022-10-07 17:00:00,12.36
2022-10-07 17:15:00,12.24
2022-10-07 17:30:00,12.09
2022-10-07 17:45:00,11.96
2022-10-07 18:00:00,11.87
2022-10-07 18:15:00,11.79
2022-10-07 18:30:00,11.7
2022-10-07 18:45:00,11.65
2022-10-07 19:00:00,11.54
2022-10-07 19:15:00,11.53
2022-10-07 19:30:00,11.48
2022-10-07 19:45:00,11.45
2022-10-07 20:00:00,11.41
2022-10-07 20:15:00,11.37
2022-10-07 20:30:00,11.39
2022-10-07 20:45:00,11.35
2022-10-07 21:00:00,11.3
2022-10-07 21:15:00,11.23
2022-10-07 21:30:00,11.17
2022-10-07 21:45:00,11.1
2022-10-07 22:00:00,11.11
2022-10-07 22:15:00,11.05
2022-10-07 22:30:00,11.04
2022-10-07 22:45:00,10.99
2022-10-07 23:00:00,10.97
2022-10-07 23:15:00,10.94
2022-10-07 23:30:00,10.92
2022-10-07 23:45:00,10.9
2022-10-08 00:00:00,10.82
2022-10-08 00:15:00,10.8
2022-10-08 00:30:00,10.87
2022-10-08 00:45:00,10.8
2022-10-08 01:00:00,10.78
2022-10-08 01:15:00,10.76
2022-10-08 01:30:00,10.74
2022-10-08 01:45:00,10.77
2022-10-08 02:00:00,10.7
2022-10-08 02:15:00,10.62
2022-10-08 02:30:00,10.61
2022-10-08 02:45:00,10.65
2022-10-08 03:00:00,10.74
2022-10-08 03:15:00,10.78
2022-10-08 03:30:00,10.8
2022-10-08 03:45:00,10.81
2022-10-08 04:00:00,10.82
2022-10-08 04:15:00,10.8
2022-10-08 04:30:00,10.72
2022-10-08 04:45:00,10.77
2022-10-08 05:00:00,10.78
2022-10-08 05:15:00,10.75
2022-10-08 05:30:00,10.74
2022-10-08 05:45:00,10.78
2022-10-08 06:00:00,10.73
2022-10-08 06:15:00,10.72
2022-10-08 06:30:00,10.78
2022-10-08 06:45:00,10.83
2022-10-08 07:00:00,10.87
2022-10-08 07:15:00,11.03
2022-10-08 07:30:00,11.17
2022-10-08 07:45:00,11.29
2022-10-08 08:00:00,11.35
2022-10-08 08:15:00,11.37
2022-10-08 08:30:00,11.44
2022-10-08 08:45:00,11.51
2022-10-08 09:00:00,11.56
2022-10-08 09:15:00,11.61
2022-10-08 09:30:00,11.67
2022-10-08 09:45:00,11.85
2022-10-08 10:00:00,11.88
2022-10-08 10:15:00,11.91
2022-10-08 10:30:00,12.02
2022-10-08 10:45:00,12.08
2022-10-08 11:00:00,12.28
2022-10-08 11:15:00,12.36
2022-10-08 11:30:00,12.27
2022-10-08 11:45:00,12.31
2022-10-08 12:00:00,12.28
2022-10-08 12:15:00,12.35
2022-10-08 12:30:00,12.71
2022-10-08 12:45:00,12.73
2022-10-08 13:00:00,12.68
2022-10-08 13:15:00,12.49
2022-10-08 13:30:00,12.53
2022-10-08 13:45:00,12.49
2022-10-08 14:00:00,12.53
2022-10-08 14:15:00,12.77
2022-10-08 14:30:00,12.68
2022-10-08 14:45:00,12.65
2022-10-08 15:00:00,12.59
2022-10-08 15:15:00,12.68
2022-10-08 15:30:00,12.61
2022-10-08 15:45:00,12.54
2022-10-08 16:00:00,12.47
2022-10-08 16:15:00,12.41
2022-10-08 16:30:00,12.37
2022-10-08 16:45:00,12.33
2022-10-08 17:00:00,12.24
2022-10-08 17:15:00,12.12
2022-10-08 17:30:00,12.04
2022-10-08 17:45:00,11.91
2022-10-08 18:00:00,11.83
2022-10-08 18:15:00,11.72
2022-10-08 18:30:00,11.62
2022-10-08 18:45:00,11.56
2022-10-08 19:00:00,11.5
2022-10-08 19:15:00,11.42
2022-10-08 19:30:00,11.4
2022-10-08 19:45:00,11.34
2022-10-08 20:00:00,11.34
2022-10-08 20:15:00,11.26
2022-10-08 20:30:00,11.17
2022-10-08 20:45:00,11.14
2022-10-08 21:00:00,11.14
2022-10-08 21:15:00,11.1
2022-10-08 21:30:00,11.06
2022-10-08 21:45:00,11.03
2022-10-08 22:00:00,10.99
2022-10-08 22:15:00,10.97
2022-10-08 22:30:00,10.93
2022-10-08 22:45:00,10.89
2022-10-08 23:00:00,10.89
2022-10-08 23:15:00,10.86
2022-10-08 23:30:00,10.81
2022-10-08 23:45:00,10.8
2022-10-09 00:00:00,10.74
2022-10-09 00:15:00,10.74
2022-10-09 00:30:00,10.72
2022-10-09 00:45:00,10.69
2022-10-09 01:00:00,10.67
2022-10-09 01:15:00,10.67
2022-10-09 01:30:00,10.64
2022-10-09 01:45:00,10.6
2022-10-09 02:00:00,10.63
2022-10-09 02:15:00,10.6
2022-10-09 02:30:00,10.61
2022-10-09 02:45:00,10.65
2022-10-09 03:00:00,10.67
2022-10-09 03:15:00,10.67
2022-10-09 03:30:00,10.63
2022-10-09 03:45:00,10.7
2022-10-09 04:00:00,10.7
2022-10-09 04:15:00,10.67
2022-10-09 04:30:00,10.66
2022-10-09 04:45:00,10.67
2022-10-09 05:00:00,10.68
2022-10-09 05:15:00,10.69
2022-10-09 05:30:00,10.71
2022-10-09 05:45:00,10.71
2022-10-09 06:00:00,10.84
2022-10-09 06:15:00,10.9
2022-10-09 06:30:00,10.95
2022-10-09 06:45:00,11.03
2022-10-09 07:00:00,11.12
2022-10-09 07:15:00,11.2
2022-10-09 07:30:00,11.3
2022-10-09 07:45:00,11.32
2022-10-09 08:00:00,11.37
2022-10-09 08:15:00,11.41
2022-10-09 08:30:00,11.46
2022-10-09 08:45:00,11.49
2022-10-09 09:00:00,11.55
2022-10-09 09:15:00,11.58
2022-10-09 09:30:00,11.63
2022-10-09 09:45:00,11.63
2022-10-09 10:00:00,11.63
2022-10-09 10:15:00,11.65
2022-10-09 10:30:00,11.72
2022-10-09 10:45:00,11.78
2022-10-09 11:00:00,11.8
2022-10-09 11:15:00,11.85
2022-10-09 11:30:00,11.91
2022-10-09 11:45:00,11.99
2022-10-09 12:00:00,12.12
2022-10-09 12:15:00,12.13
2022-10-09 12:30:00,12.2
2022-10-09 12:45:00,12.33
2022-10-09 13:00:00,12.25
2022-10-09 13:15:00,12.48
2022-10-09 13:30:00,12.46
2022-10-09 13:45:00,12.71
2022-10-09 14:00:00,12.69
2022-10-09 14:15:00,12.57
2022-10-09 14:30:00,12.53
2022-10-09 14:45:00,12.75
2022-10-09 15:00:00,12.69
2022-10-09 15:15:00,12.62
2022-10-09 15:30:00,12.64
2022-10-09 15:45:00,12.57
2022-10-09 16:00:00,12.54
2022-10-09 16:15:00,12.39
2022-10-09 16:30:00,12.34
2022-10-09 16:45:00,12.24
2022-10-09 17:00:00,12.09
2022-10-09 17:15:00,11.93
2022-10-09 17:30:00,11.75
2022-10-09 17:45:00,11.62
2022-10-09 18:00:00,11.52
2022-10-09 18:15:00,11.47
2022-10-09 18:30:00,11.48
2022-10-09 18:45:00,11.38
2022-10-09 19:00:00,11.27
2022-10-09 19:15:00,11.22
2022-10-09 19:30:00,11.21
2022-10-09 19:45:00,11.18
2022-10-09 20:00:00,11.15
2022-10-09 20:15:00,11.1
2022-10-09 20:30:00,11.07
2022-10-09 20:45:00,11.04
2022-10-09 21:00:00,11
2022-10-09 21:15:00,10.96
2022-10-09 21:30:00,10.94
2022-10-09 21:45:00,10.9
2022-10-09 22:00:00,10.87
2022-10-09 22:15:00,10.83
2022-10-09 22:30:00,10.78
2022-10-09 22:45:00,10.76
2022-10-09 23:00:00,10.75
2022-10-09 23:15:00,10.7
2022-10-09 23:30:00,10.68
2022-10-09 23:45:00,10.67
2022-10-10 00:00:00,10.67
2022-10-10 00:15:00,10.67
2022-10-10 00:30:00,10.64
2022-10-10 00:45:00,10.63
2022-10-10 01:00:00,10.64
2022-10-10 01:15:00,10.68
2022-10-10 01:30:00,10.65
2022-10-10 01:45:00,10.65
2022-10-10 02:00:00,10.68
2022-10-10 02:15:00,10.69
2022-10-10 02:30:00,10.68
2022-10-10 02:45:00,10.67
2022-10-10 03:00:00,10.69
2022-10-10 03:15:00,10.76
2022-10-10 03:30:00,10.82
2022-10-10 03:45:00,10.88
2022-10-10 04:00:00,10.89
2022-10-10 04:15:00,10.93
2022-10-10 04:30:00,10.94
2022-10-10 04:45:00,10.89
2022-10-10 05:00:00,10.87
2022-10-10 05:15:00,10.85
2022-10-10 05:30:00,10.88
2022-10-10 05:45:00,10.88
2022-10-10 06:00:00,10.91
2022-10-10 06:15:00,10.9
2022-10-10 06:30:00,10.94
2022-10-10 06:45:00,10.99
2022-10-10 07:00:00,11.05
2022-10-10 07:15:00,11.12
2022-10-10 07:30:00,11.19
2022-10-10 07:45:00,11.27
2022-10-10 08:00:00,11.27
2022-10-10 08:15:00,11.31
2022-10-10 08:30:00,11.35
2022-10-10 08:45:00,11.4
2022-10-10 09:00:00,11.44
2022-10-10 09:15:00,11.45
2022-10-10 09:30:00,11.53
2022-10-10 09:45:00,11.56
2022-10-10 10:00:00,11.59
2022-10-10 10:15:00,11.67
2022-10-10 10:30:00,11.73
2022-10-10 10:45:00,11.77
2022-10-10 11:00:00,11.81
2022-10-10 11:15:00,11.88
2022-10-10 11:30:00,12.08
2022-10-10 11:45:00,12.25
2022-10-10 12:00:00,12.38
2022-10-10 12:15:00,12.53
2022-10-10 12:30:00,12.72
2022-10-10 12:45:00,13.01
2022-10-10 13:00:00,12.85
2022-10-10 13:15:00,12.88
2022-10-10 13:30:00,12.93
2022-10-10 13:45:00,13.03
2022-10-10 14:00:00,12.99
2022-10-10 14:15:00,13.37
2022-10-10 14:30:00,13.44
2022-10-10 14:45:00,13.01
2022-10-10 15:00:00,13.1
2022-10-10 15:15:00,12.85
2022-10-10 15:30:00,12.57
2022-10-10 15:45:00,12.59
2022-10-10 16:00:00,12.49
2022-10-10 16:15:00,12.36
2022-10-10 16:30:00,12.22
2022-10-10 16:45:00,12.14
2022-10-10 17:00:00,12.07
2022-10-10 17:15:00,12.01
2022-10-10 17:30:00,11.95
2022-10-10 17:45:00,11.91
2022-10-10 18:00:00,11.85
2022-10-10 18:15:00,11.72
2022-10-10 18:30:00,11.59
2022-10-10 18:45:00,11.56
2022-10-10 19:00:00,11.75
2022-10-10 19:15:00,11.79
2022-10-10 19:30:00,11.65
2022-10-10 19:45:00,11.51
2022-10-10 20:00:00,11.45
2022-10-10 20:15:00,11.34
2022-10-10 20:30:00,11.3
2022-10-10 20:45:00,11.33
2022-10-10 21:00:00,11.32
2022-10-10 21:15:00,11.28
2022-10-10 21:30:00,11.24
2022-10-10 21:45:00,11.2
2022-10-10 22:00:00,11.19
2022-10-10 22:15:00,11.37
2022-10-10 22:30:00,11.4
2022-10-10 22:45:00,11.39
2022-10-10 23:00:00,11.43
2022-10-10 23:15:00,11.46
2022-10-10 23:30:00,11.42
2022-10-10 23:45:00,11.34
2022-10-11 00:00:00,11.3
2022-10-11 00:15:00,11.29
2022-10-11 00:30:00,11.28
2022-10-11 00:45:00,11.21
2022-10-11 01:00:00,11.17
2022-10-11 01:15:00,11.14
2022-10-11 01:30:00,11.01
2022-10-11 01:45:00,10.93
2022-10-11 02:00:00,10.9
2022-10-11 02:15:00,10.92
2022-10-11 02:30:00,10.89
2022-10-11 02:45:00,10.92
2022-10-11 03:00:00,11.01
2022-10-11 03:15:00,10.98
2022-10-11 03:30:00,10.99
2022-10-11 03:45:00,11
2022-10-11 04:00:00,10.91
2022-10-11 04:15:00,10.82
2022-10-11 04:30:00,10.83
2022-10-11 04:45:00,10.83
2022-10-11 05:00:00,10.8
2022-10-11 05:15:00,10.73
2022-10-11 05:30:00,10.73
2022-10-11 05:45:00,10.7
2022-10-11 06:00:00,10.7
2022-10-11 06:15:00,10.74
2022-10-11 06:30:00,10.74
2022-10-11 06:45:00,10.69
2022-10-11 07:00:00,10.75
2022-10-11 07:15:00,10.87
2022-10-11 07:30:00,10.95
2022-10-11 07:45:00,11
2022-10-11 08:00:00,11.11
2022-10-11 08:15:00,11.26
2022-10-11 08:30:00,11.36
2022-10-11 08:45:00,11.48
2022-10-11 09:00:00,11.53
2022-10-11 09:15:00,11.57
2022-10-11 09:30:00,11.64
2022-10-11 09:45:00,12.03
2022-10-11 10:00:00,12.45
2022-10-11 10:15:00,12.61
2022-10-11 10:30:00,12.86
2022-10-11 10:45:00,13.04
2022-10-11 11:00:00,13.17
2022-10-11 11:15:00,13.36
2022-10-11 11:30:00,13.46
2022-10-11 11:45:00,13.56
2022-10-11 12:00:00,13.75
2022-10-11 12:15:00,13.87
2022-10-11 12:30:00,13.92
2022-10-11 12:45:00,13.95
2022-10-11 13:00:00,14.02
2022-10-11 13:15:00,14.05
2022-10-11 13:30:00,14.05
2022-10-11 13:45:00,14.17
2022-10-11 14:00:00,14.04
2022-10-11 14:15:00,13.8
2022-10-11 14:30:00,13.99
2022-10-11 14:45:00,14.02
2022-10-11 15:00:00,13.85
2022-10-11 15:15:00,13.56
2022-10-11 15:30:00,13.46
2022-10-11 15:45:00,13.29
2022-10-11 16:00:00,13.12
2022-10-11 16:15:00,12.84
2022-10-11 16:30:00,12.64
2022-10-11 16:45:00,12.3
2022-10-11 17:00:00,12.02
2022-10-11 17:15:00,11.41
2022-10-11 17:30:00,10.66
2022-10-11 17:45:00,10.31
2022-10-11 18:00:00,10.13
2022-10-11 18:15:00,9.75
2022-10-11 18:30:00,9.63
2022-10-11 18:45:00,9.75
2022-10-11 19:00:00,9.62
2022-10-11 19:15:00,9.42
2022-10-11 19:30:00,9.39
2022-10-11 19:45:00,9.25
2022-10-11 20:00:00,9.22
2022-10-11 20:15:00,9.25
2022-10-11 20:30:00,9.22
2022-10-11 20:45:00,9.1
2022-10-11 21:00:00,8.92
2022-10-11 21:15:00,8.92
2022-10-11 21:30:00,9
2022-10-11 21:45:00,9
2022-10-11 22:00:00,8.94
2022-10-11 22:15:00,8.98
2022-10-11 22:30:00,8.92
2022-10-11 22:45:00,8.92
2022-10-11 23:00:00,8.71
2022-10-11 23:15:00,8.54
2022-10-11 23:30:00,8.54
2022-10-11 23:45:00,8.51
2022-10-12 00:00:00,8.54
2022-10-12 00:15:00,8.74
2022-10-12 00:30:00,8.88
2022-10-12 00:45:00,8.91
2022-10-12 01:00:00,8.87
2022-10-12 01:15:00,8.88
2022-10-12 01:30:00,8.85
2022-10-12 01:45:00,8.74
2022-10-12 02:00:00,8.74
2022-10-12 02:15:00,9.11
2022-10-12 02:30:00,9.25
2022-10-12 02:45:00,9.29
2022-10-12 03:00:00,9.18
2022-10-12 03:15:00,9.21
2022-10-12 03:30:00,9.28
2022-10-12 03:45:00,9.3
2022-10-12 04:00:00,9.26
2022-10-12 04:15:00,9.31
2022-10-12 04:30:00,9.3
2022-10-12 04:45:00,9.25
2022-10-12 05:00:00,9.29
2022-10-12 05:15:00,9.3
2022-10-12 05:30:00,9.34
2022-10-12 05:45:00,9.34
2022-10-12 06:00:00,9.3
2022-10-12 06:15:00,9.38
2022-10-12 06:30:00,9.46
2022-10-12 06:45:00,9.53
2022-10-12 07:00:00,9.69
2022-10-12 07:15:00,9.85
2022-10-12 07:30:00,10.09
2022-10-12 07:45:00,10.33
2022-10-12 08:00:00,10.42
2022-10-12 08:15:00,10.53
2022-10-12 08:30:00,10.67
2022-10-12 08:45:00,10.78
2022-10-12 09:00:00,10.89
2022-10-12 09:15:00,10.97
2022-10-12 09:30:00,11.07
2022-10-12 09:45:00,11.15
2022-10-12 10:00:00,11.22
2022-10-12 10:15:00,11.28
2022-10-12 10:30:00,11.36
2022-10-12 10:45:00,11.46
2022-10-12 11:00:00,11.6
2022-10-12 11:15:00,11.67
2022-10-12 11:30:00,11.74
2022-10-12 11:45:00,11.83
2022-10-12 12:00:00,12.22
2022-10-12 12:15:00,12.36
2022-10-12 12:30:00,12.37
2022-10-12 12:45:00,12.29
2022-10-12 13:00:00,12.77
2022-10-12 13:15:00,12.93
2022-10-12 13:30:00,13.15
2022-10-12 13:45:00,12.98
2022-10-12 14:00:00,13.03
2022-10-12 14:15:00,13.47
2022-10-12 14:30:00,13.37
2022-10-12 14:45:00,13.33
2022-10-12 15:00:00,13.34
2022-10-12 15:15:00,13.33
2022-10-12 15:30:00,13.09
2022-10-12 15:45:00,12.74
2022-10-12 16:00:00,12.56
2022-10-12 16:15:00,12.41
2022-10-12 16:30:00,12.26
2022-10-12 16:45:00,12.05
2022-10-12 17:00:00,11.72
2022-10-12 17:15:00,11.25
2022-10-12 17:30:00,10.73
2022-10-12 17:45:00,10.45
2022-10-12 18:00:00,10.03
2022-10-12 18:15:00,9.95
2022-10-12 18:30:00,9.94
2022-10-12 18:45:00,9.81
2022-10-12 19:00:00,9.57
2022-10-12 19:15:00,9.29
2022-10-12 19:30:00,9.33
2022-10-12 19:45:00,9.3
2022-10-12 20:00:00,9.27
2022-10-12 20:15:00,9.09
2022-10-12 20:30:00,9.19
2022-10-12 20:45:00,9.04
2022-10-12 21:00:00,9.04
2022-10-12 21:15:00,9.01
2022-10-12 21:30:00,8.81
2022-10-12 21:45:00,8.83
2022-10-12 22:00:00,8.74
2022-10-12 22:15:00,8.74
2022-10-12 22:30:00,8.72
2022-10-12 22:45:00,8.63
2022-10-12 23:00:00,8.67
2022-10-12 23:15:00,8.53
2022-10-12 23:30:00,8.5
2022-10-12 23:45:00,8.52
2022-10-13 00:00:00,8.57
2022-10-13 00:15:00,8.35
2022-10-13 00:30:00,8.6
2022-10-13 00:45:00,8.72
2022-10-13 01:00:00,8.77
2022-10-13 01:15:00,8.79
2022-10-13 01:30:00,8.75
2022-10-13 01:45:00,8.75
2022-10-13 02:00:00,8.75
2022-10-13 02:15:00,8.72
2022-10-13 02:30:00,8.88
2022-10-13 02:45:00,9.14
2022-10-13 03:00:00,9.26
2022-10-13 03:15:00,9.25
2022-10-13 03:30:00,9.27
2022-10-13 03:45:00,9.31
2022-10-13 04:00:00,9.27
2022-10-13 04:15:00,9.35
2022-10-13 04:30:00,9.31
2022-10-13 04:45:00,9.37
2022-10-13 05:00:00,9.37
2022-10-13 05:15:00,9.4
2022-10-13 05:30:00,9.39
2022-10-13 05:45:00,9.41
2022-10-13 06:00:00,9.42
2022-10-13 06:15:00,9.43
2022-10-13 06:30:00,9.48
2022-10-13 06:45:00,9.55
2022-10-13 07:00:00,9.71
2022-10-13 07:15:00,9.92
2022-10-13 07:30:00,10.1
2022-10-13 07:45:00,10.31
2022-10-13 08:00:00,10.54
2022-10-13 08:15:00,10.64
2022-10-13 08:30:00,10.73
2022-10-13 08:45:00,10.84
2022-10-13 09:00:00,10.96
2022-10-13 09:15:00,11.06
2022-10-13 09:30:00,11.19
2022-10-13 09:45:00,11.37
2022-10-13 10:00:00,11.46
2022-10-13 10:15:00,11.56
2022-10-13 10:30:00,11.62
2022-10-13 10:45:00,11.7
2022-10-13 11:00:00,11.69
2022-10-13 11:15:00,11.76
2022-10-13 11:30:00,11.81
2022-10-13 11:45:00,11.76
2022-10-13 12:00:00,11.87
2022-10-13 12:15:00,11.96
2022-10-13 12:30:00,12.13
2022-10-13 12:45:00,12.47
2022-10-13 13:00:00,12.37
2022-10-13 13:15:00,12.32
2022-10-13 13:30:00,12.42
2022-10-13 13:45:00,12.48
2022-10-13 14:00:00,12.92
2022-10-13 14:15:00,13.25
2022-10-13 14:30:00,13
2022-10-13 14:45:00,12.83
2022-10-13 15:00:00,12.62
2022-10-13 15:15:00,12.59
2022-10-13 15:30:00,12.56
2022-10-13 15:45:00,12.45
2022-10-13 16:00:00,12.32
2022-10-13 16:15:00,12.2
2022-10-13 16:30:00,12.06
2022-10-13 16:45:00,11.78
2022-10-13 17:00:00,11.22
2022-10-13 17:15:00,10.92
2022-10-13 17:30:00,10.34
2022-10-13 17:45:00,9.84
2022-10-13 18:00:00,9.63
2022-10-13 18:15:00,9.63
2022-10-13 18:30:00,9.48
2022-10-13 18:45:00,9.3
2022-10-13 19:00:00,9.06
2022-10-13 19:15:00,9.38
2022-10-13 19:30:00,9.35
2022-10-13 19:45:00,9.28
2022-10-13 20:00:00,8.97
2022-10-13 20:15:00,8.97
2022-10-13 20:30:00,8.82
2022-10-13 20:45:00,8.94
2022-10-13 21:00:00,8.76
2022-10-13 21:15:00,8.71
2022-10-13 21:30:00,8.58
2022-10-13 21:45:00,8.33
2022-10-13 22:00:00,8.24
2022-10-13 22:15:00,8.31
2022-10-13 22:30:00,8.09
2022-10-13 22:45:00,7.96
2022-10-13 23:00:00,8.1
2022-10-13 23:15:00,8.16
2022-10-13 23:30:00,8.12
2022-10-13 23:45:00,7.98
2022-10-14 00:00:00,7.88
2022-10-14 00:15:00,7.97
2022-10-14 00:30:00,7.97
2022-10-14 00:45:00,7.89
2022-10-14 01:00:00,7.78
2022-10-14 01:15:00,7.89
2022-10-14 01:30:00,7.78
2022-10-14 01:45:00,7.84
2022-10-14 02:00:00,7.78
2022-10-14 02:15:00,7.58
2022-10-14 02:30:00,7.87
2022-10-14 02:45:00,7.97
2022-10-14 03:00:00,8.05
2022-10-14 03:15:00,8.12
2022-10-14 03:30:00,8.22
2022-10-14 03:45:00,8.24
2022-10-14 04:00:00,8.26
2022-10-14 04:15:00,8.41
2022-10-14 04:30:00,8.66
2022-10-14 04:45:00,8.99
2022-10-14 05:00:00,9.07
2022-10-14 05:15:00,9.09
2022-10-14 05:30:00,9.13
2022-10-14 05:45:00,9.1
2022-10-14 06:00:00,9.21
2022-10-14 06:15:00,9.23
2022-10-14 06:30:00,9.26
2022-10-14 06:45:00,9.42
2022-10-14 07:00:00,9.65
2022-10-14 07:15:00,9.81
2022-10-14 07:30:00,9.97
2022-10-14 07:45:00,10.13
2022-10-14 08:00:00,10.24
2022-10-14 08:15:00,10.29
2022-10-14 08:30:00,10.39
2022-10-14 08:45:00,10.51
2022-10-14 09:00:00,10.65
2022-10-14 09:15:00,10.7
2022-10-14 09:30:00,10.84
2022-10-14 09:45:00,10.91
2022-10-14 10:00:00,10.98
2022-10-14 10:15:00,11.02
2022-10-14 10:30:00,11.09
2022-10-14 10:45:00,11.22
2022-10-14 11:00:00,11.32
2022-10-14 11:15:00,11.41
2022-10-14 11:30:00,11.49
2022-10-14 11:45:00,11.53
2022-10-14 12:00:00,11.6
2022-10-14 12:15:00,11.87
2022-10-14 12:30:00,12.12
2022-10-14 12:45:00,12.11
2022-10-14 13:00:00,12.17
2022-10-14 13:15:00,12.15
2022-10-14 13:30:00,12.19
2022-10-14 13:45:00,12.26
2022-10-14 14:00:00,12.24
2022-10-14 14:15:00,12.45
2022-10-14 14:30:00,12.38
2022-10-14 14:45:00,12.29
2022-10-14 15:00:00,12.3
2022-10-14 15:15:00,12.25
2022-10-14 15:30:00,12.21
2022-10-14 15:45:00,12.17
2022-10-14 16:00:00,12.14
2022-10-14 16:15:00,12.09
2022-10-14 16:30:00,12.01
2022-10-14 16:45:00,11.7
2022-10-14 17:00:00,11.26
2022-10-14 17:15:00,10.87
2022-10-14 17:30:00,10.51
2022-10-14 17:45:00,10.25
2022-10-14 18:00:00,10.13
2022-10-14 18:15:00,9.93
2022-10-14 18:30:00,9.69
2022-10-14 18:45:00,9.78
2022-10-14 19:00:00,9.77
2022-10-14 19:15:00,9.94
2022-10-14 19:30:00,9.87
2022-10-14 19:45:00,9.78
2022-10-14 20:00:00,9.84
2022-10-14 20:15:00,9.81
2022-10-14 20:30:00,9.78
2022-10-14 20:45:00,9.64
2022-10-14 21:00:00,9.61
2022-10-14 21:15:00,9.46
2022-10-14 21:30:00,9.27
2022-10-14 21:45:00,9.12
2022-10-14 22:00:00,9.01
2022-10-14 22:15:00,8.92
2022-10-14 22:30:00,8.94
2022-10-14 22:45:00,8.95
2022-10-14 23:00:00,8.95
2022-10-14 23:15:00,9.03
2022-10-14 23:30:00,9.06
2022-10-14 23:45:00,8.96
2022-10-15 00:00:00,8.88
2022-10-15 00:15:00,8.76
2022-10-15 00:30:00,8.67
2022-10-15 00:45:00,8.62
2022-10-15 01:00:00,8.62
2022-10-15 01:15:00,8.53
2022-10-15 01:30:00,8.49
2022-10-15 01:45:00,8.44
2022-10-15 02:00:00,8.36
2022-10-15 02:15:00,8.3
2022-10-15 02:30:00,8.34
2022-10-15 02:45:00,8.41
2022-10-15 03:00:00,8.96
2022-10-15 03:15:00,9.26
2022-10-15 03:30:00,9.46
2022-10-15 03:45:00,9.38
2022-10-15 04:00:00,9.08
2022-10-15 04:15:00,8.94
2022-10-15 04:30:00,8.72
2022-10-15 04:45:00,8.78
2022-10-15 05:00:00,8.99
2022-10-15 05:15:00,9.01
2022-10-15 05:30:00,9.01
2022-10-15 05:45:00,8.97
2022-10-15 06:00:00,8.93
2022-10-15 06:15:00,8.81
2022-10-15 06:30:00,8.64
2022-10-15 06:45:00,8.58
2022-10-15 07:00:00,8.72
2022-10-15 07:15:00,9.02
2022-10-15 07:30:00,9.38
2022-10-15 07:45:00,9.79
2022-10-15 08:00:00,10.07
2022-10-15 08:15:00,10.19
2022-10-15 08:30:00,10.29
2022-10-15 08:45:00,10.43
2022-10-15 09:00:00,10.55
2022-10-15 09:15:00,10.75
2022-10-15 09:30:00,11.08
2022-10-15 09:45:00,11.41
2022-10-15 10:00:00,11.69
2022-10-15 10:15:00,11.85
2022-10-15 10:30:00,11.92
2022-10-15 10:45:00,12.07
2022-10-15 11:00:00,12.03
2022-10-15 11:15:00,12
2022-10-15 11:30:00,12.01
2022-10-15 11:45:00,12.11
2022-10-15 12:00:00,12.11
2022-10-15 12:15:00,12.19
2022-10-15 12:30:00,12.22
2022-10-15 12:45:00,12.21
2022-10-15 13:00:00,12.32
2022-10-15 13:15:00,12.41
2022-10-15 13:30:00,12.43
2022-10-15 13:45:00,12.51
2022-10-15 14:00:00,12.55
2022-10-15 14:15:00,12.56
2022-10-15 14:30:00,12.57
2022-10-15 14:45:00,12.53
2022-10-15 15:00:00,12.53
2022-10-15 15:15:00,12.44
2022-10-15 15:30:00,12.32
2022-10-15 15:45:00,12.19
2022-10-15 16:00:00,12.12
2022-10-15 16:15:00,12.04
2022-10-15 16:30:00,11.92
2022-10-15 16:45:00,11.67
2022-10-15 17:00:00,11.06
2022-10-15 17:15:00,10.51
2022-10-15 17:30:00,10.22
2022-10-15 17:45:00,10.11
2022-10-15 18:00:00,9.79
2022-10-15 18:15:00,9.61
2022-10-15 18:30:00,9.33
2022-10-15 18:45:00,9.3
2022-10-15 19:00:00,9.23
2022-10-15 19:15:00,9.01
2022-10-15 19:30:00,8.83
2022-10-15 19:45:00,8.71
2022-10-15 20:00:00,8.54
2022-10-15 20:15:00,8.51
2022-10-15 20:30:00,8.61
2022-10-15 20:45:00,8.55
2022-10-15 21:00:00,8.51
2022-10-15 21:15:00,8.53
2022-10-15 21:30:00,8.36
2022-10-15 21:45:00,8.33
2022-10-15 22:00:00,8.19
2022-10-15 22:15:00,8.16
2022-10-15 22:30:00,8.2
2022-10-15 22:45:00,8.19
2022-10-15 23:00:00,8.46
2022-10-15 23:15:00,8.65
2022-10-15 23:30:00,8.6
2022-10-15 23:45:00,8.75
2022-10-16 00:00:00,8.67
2022-10-16 00:15:00,8.49
2022-10-16 00:30:00,8.54
2022-10-16 00:45:00,8.47
2022-10-16 01:00:00,8.4
2022-10-16 01:15:00,8.18
2022-10-16 01:30:00,8.24
2022-10-16 01:45:00,8.66
2022-10-16 02:00:00,8.88
2022-10-16 02:15:00,9.08
2022-10-16 02:30:00,9.18
2022-10-16 02:45:00,9.13
2022-10-16 03:00:00,9.09
2022-10-16 03:15:00,9.08
2022-10-16 03:30:00,9.09
2022-10-16 03:45:00,9.12
2022-10-16 04:00:00,9.12
2022-10-16 04:15:00,9.19
2022-10-16 04:30:00,9.21
2022-10-16 04:45:00,9.19
2022-10-16 05:00:00,9.17
2022-10-16 05:15:00,9.21
2022-10-16 05:30:00,9.1
2022-10-16 05:45:00,9.1
2022-10-16 06:00:00,8.93
2022-10-16 06:15:00,9.05
2022-10-16 06:30:00,9.1
2022-10-16 06:45:00,9.14
2022-10-16 07:00:00,9.38
2022-10-16 07:15:00,9.66
2022-10-16 07:30:00,9.89
2022-10-16 07:45:00,10.04
2022-10-16 08:00:00,10.08
2022-10-16 08:15:00,10.18
2022-10-16 08:30:00,10.28
2022-10-16 08:45:00,10.5
2022-10-16 09:00:00,10.66
2022-10-16 09:15:00,10.85
2022-10-16 09:30:00,10.9
2022-10-16 09:45:00,11.15
2022-10-16 10:00:00,11.27
2022-10-16 10:15:00,11.38
2022-10-16 10:30:00,11.47
2022-10-16 10:45:00,11.59
2022-10-16 11:00:00,11.65
2022-10-16 11:15:00,11.73
2022-10-16 11:30:00,11.77
2022-10-16 11:45:00,11.73
2022-10-16 12:00:00,11.83
2022-10-16 12:15:00,11.88
2022-10-16 12:30:00,11.89
2022-10-16 12:45:00,11.95
2022-10-16 13:00:00,12.09
2022-10-16 13:15:00,12.14
2022-10-16 13:30:00,12.17
2022-10-16 13:45:00,12.22
2022-10-16 14:00:00,12.26
2022-10-16 14:15:00,12.33
2022-10-16 14:30:00,12.35
2022-10-16 14:45:00,12.33
2022-10-16 15:00:00,12.31
2022-10-16 15:15:00,12.26
2022-10-16 15:30:00,12.22
2022-10-16 15:45:00,12.16
2022-10-16 16:00:00,12.09
2022-10-16 16:15:00,12
2022-10-16 16:30:00,11.85
2022-10-16 16:45:00,11.48
2022-10-16 17:00:00,11.04
2022-10-16 17:15:00,10.52
2022-10-16 17:30:00,10.05
2022-10-16 17:45:00,9.78
2022-10-16 18:00:00,9.9
2022-10-16 18:15:00,9.66
2022-10-16 18:30:00,9.48
2022-10-16 18:45:00,9.2
2022-10-16 19:00:00,9.04
2022-10-16 19:15:00,9.21
2022-10-16 19:30:00,8.86
2022-10-16 19:45:00,8.74
2022-10-16 20:00:00,8.68
2022-10-16 20:15:00,8.67
2022-10-16 20:30:00,8.58
2022-10-16 20:45:00,8.8
2022-10-16 21:00:00,8.72
2022-10-16 21:15:00,8.75
2022-10-16 21:30:00,9.02
2022-10-16 21:45:00,9.44
2022-10-16 22:00:00,9.48
2022-10-16 22:15:00,9.65
2022-10-16 22:30:00,9.74
2022-10-16 22:45:00,9.67
2022-10-16 23:00:00,9.57
2022-10-16 23:15:00,9.6
2022-10-16 23:30:00,9.57
2022-10-16 23:45:00,9.42
2022-10-17 00:00:00,9.26
2022-10-17 00:15:00,9.02
2022-10-17 00:30:00,9.04
2022-10-17 00:45:00,8.89
2022-10-17 01:00:00,8.83
2022-10-17 01:15:00,8.78
2022-10-17 01:30:00,8.61
2022-10-17 01:45:00,8.58
2022-10-17 02:00:00,8.78
2022-10-17 02:15:00,8.67
2022-10-17 02:30:00,8.5
2022-10-17 02:45:00,8.34
2022-10-17 03:00:00,8.46
2022-10-17 03:15:00,8.82
2022-10-17 03:30:00,9.13
2022-10-17 03:45:00,9.31
2022-10-17 04:00:00,9.38
2022-10-17 04:15:00,9.41
2022-10-17 04:30:00,9.26
2022-10-17 04:45:00,9.27
2022-10-17 05:00:00,9.27
2022-10-17 05:15:00,9.13
2022-10-17 05:30:00,9.04
2022-10-17 05:45:00,8.93
2022-10-17 06:00:00,8.98
2022-10-17 06:15:00,9.02
2022-10-17 06:30:00,9.15
2022-10-17 06:45:00,9.35
2022-10-17 07:00:00,9.51
2022-10-17 07:15:00,9.68
2022-10-17 07:30:00,9.84
2022-10-17 07:45:00,10.02
2022-10-17 08:00:00,10.16
2022-10-17 08:15:00,10.2
2022-10-17 08:30:00,10.35
2022-10-17 08:45:00,10.52
2022-10-17 09:00:00,10.63
2022-10-17 09:15:00,10.73
2022-10-17 09:30:00,10.84
2022-10-17 09:45:00,10.96
2022-10-17 10:00:00,11.08
2022-10-17 10:15:00,11.14
2022-10-17 10:30:00,11.18
2022-10-17 10:45:00,11.3
2022-10-17 11:00:00,11.36
2022-10-17 11:15:00,11.45
2022-10-17 11:30:00,11.55
2022-10-17 11:45:00,11.58
2022-10-17 12:00:00,11.64
2022-10-17 12:15:00,11.71
2022-10-17 12:30:00,11.79
2022-10-17 12:45:00,11.84
2022-10-17 13:00:00,11.9
2022-10-17 13:15:00,11.96
2022-10-17 13:30:00,12.02
2022-10-17 13:45:00,12.09
2022-10-17 14:00:00,12.26
2022-10-17 14:15:00,12.28
2022-10-17 14:30:00,12.31
2022-10-17 14:45:00,12.25
2022-10-17 15:00:00,12.23
2022-10-17 15:15:00,12.2
2022-10-17 15:30:00,12.14
2022-10-17 15:45:00,12.11
2022-10-17 16:00:00,12.04
2022-10-17 16:15:00,11.94
2022-10-17 16:30:00,11.78
2022-10-17 16:45:00,11.35
2022-10-17 17:00:00,10.89
2022-10-17 17:15:00,10.29
2022-10-17 17:30:00,9.98
2022-10-17 17:45:00,9.71
2022-10-17 18:00:00,9.54
2022-10-17 18:15:00,9.15
2022-10-17 18:30:00,8.97
2022-10-17 18:45:00,8.96
2022-10-17 19:00:00,8.86
2022-10-17 19:15:00,8.84
2022-10-17 19:30:00,8.75
2022-10-17 19:45:00,8.55
2022-10-17 20:00:00,8.46
2022-10-17 20:15:00,8.44
2022-10-17 20:30:00,8.31
2022-10-17 20:45:00,8.3
2022-10-17 21:00:00,8.29
2022-10-17 21:15:00,8.11
2022-10-17 21:30:00,8.24
2022-10-17 21:45:00,8.19
2022-10-17 22:00:00,8.11
2022-10-17 22:15:00,8.28
2022-10-17 22:30:00,8.03
2022-10-17 22:45:00,8.01
2022-10-17 23:00:00,8.01
2022-10-17 23:15:00,7.93
2022-10-17 23:30:00,7.91
2022-10-17 23:45:00,7.8
2022-10-18 00:00:00,7.85
2022-10-18 00:15:00,7.95
2022-10-18 00:30:00,8.12
2022-10-18 00:45:00,8.37
2022-10-18 01:00:00,8.47
2022-10-18 01:15:00,8.31
2022-10-18 01:30:00,8.3
2022-10-18 01:45:00,8.35
2022-10-18 02:00:00,8.33
2022-10-18 02:15:00,8.35
2022-10-18 02:30:00,8.11
2022-10-18 02:45:00,8.05
2022-10-18 03:00:00,8.08
2022-10-18 03:15:00,8.15
2022-10-18 03:30:00,8.21
2022-10-18 03:45:00,8.54
2022-10-18 04:00:00,8.7
2022-10-18 04:15:00,8.68
2022-10-18 04:30:00,8.56
2022-10-18 04:45:00,8.44
2022-10-18 05:00:00,8.38
2022-10-18 05:15:00,8.39
2022-10-18 05:30:00,8.23
2022-10-18 05:45:00,8.16
2022-10-18 06:00:00,8.41
2022-10-18 06:15:00,8.62
2022-10-18 06:30:00,8.18
2022-10-18 06:45:00,8.36
2022-10-18 07:00:00,8.53
2022-10-18 07:15:00,8.59
2022-10-18 07:30:00,8.95
2022-10-18 07:45:00,9.23
2022-10-18 08:00:00,9.38
2022-10-18 08:15:00,9.56
2022-10-18 08:30:00,9.75
2022-10-18 08:45:00,9.96
2022-10-18 09:00:00,10.19
2022-10-18 09:15:00,10.37
2022-10-18 09:30:00,10.48
2022-10-18 09:45:00,10.54
2022-10-18 10:00:00,10.64
2022-10-18 10:15:00,10.68
2022-10-18 10:30:00,10.77
2022-10-18 10:45:00,10.89
2022-10-18 11:00:00,10.99
2022-10-18 11:15:00,11.06
2022-10-18 11:30:00,11.13
2022-10-18 11:45:00,11.23
2022-10-18 12:00:00,11.45
2022-10-18 12:15:00,11.7
2022-10-18 12:30:00,11.59
2022-10-18 12:45:00,11.55
2022-10-18 13:00:00,11.69
2022-10-18 13:15:00,12
2022-10-18 13:30:00,12.14
2022-10-18 13:45:00,12.06
2022-10-18 14:00:00,11.88
2022-10-18 14:15:00,11.89
2022-10-18 14:30:00,11.93
2022-10-18 14:45:00,11.88
2022-10-18 15:00:00,11.95
2022-10-18 15:15:00,12.13
2022-10-18 15:30:00,12.21
2022-10-18 15:45:00,12.26
2022-10-18 16:00:00,12.13
2022-10-18 16:15:00,11.92
2022-10-18 16:30:00,11.77
2022-10-18 16:45:00,11.53
2022-10-18 17:00:00,11.01
2022-10-18 17:15:00,10.51
2022-10-18 17:30:00,10.1
2022-10-18 17:45:00,9.79
2022-10-18 18:00:00,9.3
2022-10-18 18:15:00,9.05
2022-10-18 18:30:00,8.91
2022-10-18 18:45:00,8.75
2022-10-18 19:00:00,8.77
2022-10-18 19:15:00,8.5
2022-10-18 19:30:00,8.41
2022-10-18 19:45:00,8.46
2022-10-18 20:00:00,8.25
2022-10-18 20:15:00,8.47
2022-10-18 20:30:00,8.15
2022-10-18 20:45:00,8.15
2022-10-18 21:00:00,8.29
2022-10-18 21:15:00,8.2
2022-10-18 21:30:00,8.24
2022-10-18 21:45:00,8.18
2022-10-18 22:00:00,8.25
2022-10-18 22:15:00,8.14
2022-10-18 22:30:00,8.09
2022-10-18 22:45:00,8.02
2022-10-18 23:00:00,8.04
2022-10-18 23:15:00,8.09
2022-10-18 23:30:00,7.98
2022-10-18 23:45:00,8.07
2022-10-19 00:00:00,8.03
2022-10-19 00:15:00,7.92
2022-10-19 00:30:00,7.86
2022-10-19 00:45:00,7.68
2022-10-19 01:00:00,7.69
2022-10-19 01:15:00,7.69
2022-10-19 01:30:00,7.69
2022-10-19 01:45:00,7.68
2022-10-19 02:00:00,7.66
2022-10-19 02:15:00,7.55
2022-10-19 02:30:00,7.63
2022-10-19 02:45:00,7.6
2022-10-19 03:00:00,7.6
2022-10-19 03:15:00,7.61
2022-10-19 03:30:00,7.67
2022-10-19 03:45:00,7.86
2022-10-19 04:00:00,8.08
2022-10-19 04:15:00,8.02
2022-10-19 04:30:00,7.82
2022-10-19 04:45:00,7.73
2022-10-19 05:00:00,7.7
2022-10-19 05:15:00,7.82
2022-10-19 05:30:00,7.86
2022-10-19 05:45:00,7.76
2022-10-19 06:00:00,7.76
2022-10-19 06:15:00,7.64
2022-10-19 06:30:00,7.69
2022-10-19 06:45:00,7.79
2022-10-19 07:00:00,8
2022-10-19 07:15:00,8.29
2022-10-19 07:30:00,8.51
2022-10-19 07:45:00,8.94
2022-10-19 08:00:00,9.21
2022-10-19 08:15:00,9.34
2022-10-19 08:30:00,9.54
2022-10-19 08:45:00,9.74
2022-10-19 09:00:00,9.89
2022-10-19 09:15:00,10.04
2022-10-19 09:30:00,10.15
2022-10-19 09:45:00,10.24
2022-10-19 10:00:00,10.32
2022-10-19 10:15:00,11.56
2022-10-19 10:30:00,11.55
2022-10-19 10:45:00,11.56
2022-10-19 11:00:00,11.57
2022-10-19 11:15:00,11.56
2022-10-19 11:30:00,11.58
2022-10-19 11:45:00,11.57
2022-10-19 12:00:00,11.58
2022-10-19 12:15:00,11.58
2022-10-19 12:30:00,11.6
2022-10-19 12:45:00,11.59
2022-10-19 13:00:00,11.63
2022-10-19 13:15:00,11.63
2022-10-19 13:30:00,11.63
2022-10-19 13:45:00,11.63
2022-10-19 14:00:00,11.64
2022-10-19 14:15:00,11.66
2022-10-19 14:30:00,11.65
2022-10-19 14:45:00,11.65
2022-10-19 15:00:00,11.65
2022-10-19 15:15:00,11.64
2022-10-19 15:30:00,11.64
2022-10-19 15:45:00,11.63
2022-10-19 16:00:00,11.63
2022-10-19 16:15:00,11.61
2022-10-19 16:30:00,11.57
2022-10-19 16:45:00,11.54
2022-10-19 17:00:00,11.49
2022-10-19 17:15:00,11.45
2022-10-19 17:30:00,11.42
2022-10-19 17:45:00,11.39
2022-10-19 18:00:00,11.36
2022-10-19 18:15:00,11.33
2022-10-19 18:30:00,11.27
2022-10-19 18:45:00,11.21
2022-10-19 19:00:00,11.26
2022-10-19 19:15:00,11.28
2022-10-19 19:30:00,11.26
2022-10-19 19:45:00,11.28
2022-10-19 20:00:00,11.31
2022-10-19 20:15:00,11.3
2022-10-19 20:30:00,11.27
2022-10-19 20:45:00,11.25
2022-10-19 21:00:00,11.2
2022-10-19 21:15:00,11.17
2022-10-19 21:30:00,11.21
2022-10-19 21:45:00,11.18
2022-10-19 22:00:00,10.96
2022-10-19 22:15:00,10.88
2022-10-19 22:30:00,10.86
2022-10-19 22:45:00,11.02
2022-10-19 23:00:00,11.12
2022-10-19 23:15:00,11.04
2022-10-19 23:30:00,11
2022-10-19 23:45:00,11.11
2022-10-20 00:00:00,11.2
2022-10-20 00:15:00,11.11
2022-10-20 00:30:00,11.21
2022-10-20 00:45:00,11.24
2022-10-20 01:00:00,11.2
2022-10-20 01:15:00,11.2
2022-10-20 01:30:00,11.21
2022-10-20 01:45:00,11.22
2022-10-20 02:00:00,11.25
2022-10-20 02:15:00,11
2022-10-20 02:30:00,10.81
2022-10-20 02:45:00,10.98
2022-10-20 03:00:00,11.12
2022-10-20 03:15:00,11.07
2022-10-20 03:30:00,11.21
2022-10-20 03:45:00,11.2
2022-10-20 04:00:00,11.23
2022-10-20 04:15:00,11.26
2022-10-20 04:30:00,11.27
2022-10-20 04:45:00,11.3
2022-10-20 05:00:00,11.28
2022-10-20 05:15:00,11.27
2022-10-20 05:30:00,11.28
2022-10-20 05:45:00,11.23
2022-10-20 06:00:00,11.23
2022-10-20 06:15:00,11.24
2022-10-20 06:30:00,11.26
2022-10-20 06:45:00,11.3
2022-10-20 07:00:00,11.35
2022-10-20 07:15:00,11.4
2022-10-20 07:30:00,11.41
2022-10-20 07:45:00,11.42
2022-10-20 08:00:00,11.44
2022-10-20 08:15:00,11.44
2022-10-20 08:30:00,11.45
2022-10-20 08:45:00,11.43
2022-10-20 09:00:00,11.49
2022-10-20 09:15:00,11.47
2022-10-20 09:30:00,11.46
2022-10-20 09:45:00,11.47
2022-10-20 10:00:00,11.46
2022-10-20 10:15:00,11.48
2022-10-20 10:30:00,11.48
2022-10-20 10:45:00,11.52
2022-10-20 11:00:00,11.53
2022-10-20 11:15:00,11.54
2022-10-20 11:30:00,11.54
2022-10-20 11:45:00,11.54
2022-10-20 12:00:00,11.53
2022-10-20 12:15:00,11.53
2022-10-20 12:30:00,11.55
2022-10-20 12:45:00,11.57
2022-10-20 13:00:00,11.54
2022-10-20 13:15:00,11.54
2022-10-20 13:30:00,11.55
2022-10-20 13:45:00,11.57
2022-10-20 14:00:00,11.54
2022-10-20 14:15:00,11.55
2022-10-20 14:30:00,11.54
2022-10-20 14:45:00,11.52
2022-10-20 15:00:00,11.55
2022-10-20 15:15:00,11.56
2022-10-20 15:30:00,11.58
2022-10-20 15:45:00,11.58
2022-10-20 16:00:00,11.57
2022-10-20 16:15:00,11.56
2022-10-20 16:30:00,11.55
2022-10-20 16:45:00,11.54
2022-10-20 17:00:00,11.53
2022-10-20 17:15:00,11.52
2022-10-20 17:30:00,11.53
2022-10-20 17:45:00,11.51
2022-10-20 18:00:00,11.49
2022-10-20 18:15:00,11.48
2022-10-20 18:30:00,11.47
2022-10-20 18:45:00,11.48
2022-10-20 19:00:00,11.47
2022-10-20 19:15:00,11.42
2022-10-20 19:30:00,11.39
2022-10-20 19:45:00,11.4
2022-10-20 20:00:00,11.38
2022-10-20 20:15:00,11.37
2022-10-20 20:30:00,11.33
2022-10-20 20:45:00,11.36
2022-10-20 21:00:00,11.37
2022-10-20 21:15:00,11.34
2022-10-20 21:30:00,11.32
2022-10-20 21:45:00,11.33
2022-10-20 22:00:00,11.36
2022-10-20 22:15:00,11.35
2022-10-20 22:30:00,11.35
2022-10-20 22:45:00,11.31
2022-10-20 23:00:00,11.31
2022-10-20 23:15:00,11.29
2022-10-20 23:30:00,11.33
2022-10-20 23:45:00,11.33
2022-10-21 00:00:00,11.32
2022-10-21 00:15:00,11.31
2022-10-21 00:30:00,11.28
2022-10-21 00:45:00,11.26
2022-10-21 01:00:00,11.26
2022-10-21 01:15:00,11.33
2022-10-21 01:30:00,11.35
2022-10-21 01:45:00,11.34
2022-10-21 02:00:00,11.41
2022-10-21 02:15:00,11.45
2022-10-21 02:30:00,11.43
2022-10-21 02:45:00,11.41
2022-10-21 03:00:00,11.41
2022-10-21 03:15:00,11.43
2022-10-21 03:30:00,11.44
2022-10-21 03:45:00,11.42
2022-10-21 04:00:00,11.42
2022-10-21 04:15:00,11.39
2022-10-21 04:30:00,11.35
2022-10-21 04:45:00,11.3
2022-10-21 05:00:00,11.3
2022-10-21 05:15:00,11.29
2022-10-21 05:30:00,11.27
2022-10-21 05:45:00,11.31
2022-10-21 06:00:00,11.21
2022-10-21 06:15:00,11.18
2022-10-21 06:30:00,11.16
2022-10-21 06:45:00,11.22
2022-10-21 07:00:00,11.24
2022-10-21 07:15:00,11.27
2022-10-21 07:30:00,11.2
2022-10-21 07:45:00,11.23
2022-10-21 08:00:00,11.18
2022-10-21 08:15:00,11.2
2022-10-21 08:30:00,11.16
2022-10-21 08:45:00,11.15
2022-10-21 09:00:00,11.2
2022-10-21 09:15:00,11.16
2022-10-21 09:30:00,11.15
2022-10-21 09:45:00,11.14
2022-10-21 10:00:00,11.17
2022-10-21 10:15:00,11.2
2022-10-21 10:30:00,11.15
2022-10-21 10:45:00,11.13
2022-10-21 11:00:00,11.17
2022-10-21 11:15:00,11.13
2022-10-21 11:30:00,11.1
2022-10-21 11:45:00,11.15
2022-10-21 12:00:00,11.21
2022-10-21 12:15:00,11.25
2022-10-21 12:30:00,11.23
2022-10-21 12:45:00,11.19
2022-10-21 13:00:00,11.14
2022-10-21 13:15:00,11.17
2022-10-21 13:30:00,11.2
2022-10-21 13:45:00,11.2
2022-10-21 14:00:00,11.19
2022-10-21 14:15:00,11.09
2022-10-21 14:30:00,11.13
2022-10-21 14:45:00,11.07
2022-10-21 15:00:00,11.09
2022-10-21 15:15:00,11.08
2022-10-21 15:30:00,11.11
2022-10-21 15:45:00,11.09
2022-10-21 16:00:00,11.13
2022-10-21 16:15:00,11.17
2022-10-21 16:30:00,11.24
2022-10-21 16:45:00,11.24
2022-10-21 17:00:00,11.26
2022-10-21 17:15:00,11.25
2022-10-21 17:30:00,11.26
2022-10-21 17:45:00,11.22
2022-10-21 18:00:00,11.23
2022-10-21 18:15:00,11.21
2022-10-21 18:30:00,11.18
2022-10-21 18:45:00,11.19
2022-10-21 19:00:00,11.27
2022-10-21 19:15:00,11.28
2022-10-21 19:30:00,11.27
2022-10-21 19:45:00,11.27
2022-10-21 20:00:00,11.27
2022-10-21 20:15:00,11.26
2022-10-21 20:30:00,11.26
2022-10-21 20:45:00,11.25
2022-10-21 21:00:00,11.28
2022-10-21 21:15:00,11.29
2022-10-21 21:30:00,11.27
2022-10-21 21:45:00,11.27
2022-10-21 22:00:00,11.27
2022-10-21 22:15:00,11.26
2022-10-21 22:30:00,11.29
2022-10-21 22:45:00,11.28
2022-10-21 23:00:00,11.28
2022-10-21 23:15:00,11.3
2022-10-21 23:30:00,11.3
2022-10-21 23:45:00,11.29
2022-10-22 00:00:00,11.28
2022-10-22 00:15:00,11.29
2022-10-22 00:30:00,11.29
2022-10-22 00:45:00,11.28
2022-10-22 01:00:00,11.29
2022-10-22 01:15:00,11.3
2022-10-22 01:30:00,11.3
2022-10-22 01:45:00,11.3
2022-10-22 02:00:00,11.26
2022-10-22 02:15:00,11.25
2022-10-22 02:30:00,11.27
2022-10-22 02:45:00,11.27
2022-10-22 03:00:00,11.17
2022-10-22 03:15:00,11.14
2022-10-22 03:30:00,11.23
2022-10-22 03:45:00,11.03
2022-10-22 04:00:00,11.22
2022-10-22 04:15:00,11.3
2022-10-22 04:30:00,11.3
2022-10-22 04:45:00,11.34
2022-10-22 05:00:00,11.33
2022-10-22 05:15:00,11.31
2022-10-22 05:30:00,11.29
2022-10-22 05:45:00,11.31
2022-10-22 06:00:00,11.3
2022-10-22 06:15:00,11.28
2022-10-22 06:30:00,11.28
2022-10-22 06:45:00,11.27
2022-10-22 07:00:00,11.27
2022-10-22 07:15:00,11.25
2022-10-22 07:30:00,11.13
2022-10-22 07:45:00,11.23
2022-10-22 08:00:00,11.21
2022-10-22 08:15:00,11.21
2022-10-22 08:30:00,11.18
2022-10-22 08:45:00,11.17
2022-10-22 09:00:00,11.2
2022-10-22 09:15:00,11.13
2022-10-22 09:30:00,11.15
2022-10-22 09:45:00,10.92
2022-10-22 10:00:00,11.13
2022-10-22 10:15:00,11.15
2022-10-22 10:30:00,11.16
2022-10-22 10:45:00,11.06
2022-10-22 11:00:00,11.15
2022-10-22 11:15:00,11.18
2022-10-22 11:30:00,11.19
2022-10-22 11:45:00,11.17
2022-10-22 12:00:00,11.15
2022-10-22 12:15:00,11.24
2022-10-22 12:30:00,11.21
2022-10-22 12:45:00,11.23
2022-10-22 13:00:00,11.21
2022-10-22 13:15:00,11.26
2022-10-22 13:30:00,11.26
2022-10-22 13:45:00,11.23
2022-10-22 14:00:00,11.27
2022-10-22 14:15:00,11.27
2022-10-22 14:30:00,11.25
2022-10-22 14:45:00,11.22
2022-10-22 15:00:00,11.23
2022-10-22 15:15:00,11.29
2022-10-22 15:30:00,11.29
2022-10-22 15:45:00,11.3
2022-10-22 16:00:00,11.24
2022-10-22 16:15:00,11.26
2022-10-22 16:30:00,11.26
2022-10-22 16:45:00,11.28
2022-10-22 17:00:00,11.29
2022-10-22 17:15:00,11.27
2022-10-22 17:30:00,11.28
2022-10-22 17:45:00,11.27
2022-10-22 18:00:00,11.24
2022-10-22 18:15:00,11.23
2022-10-22 18:30:00,11.2
2022-10-22 18:45:00,11.19
2022-10-22 19:00:00,11.21
2022-10-22 19:15:00,11.23
2022-10-22 19:30:00,11.2
2022-10-22 19:45:00,11.16
2022-10-22 20:00:00,11.18
2022-10-22 20:15:00,11.21
2022-10-22 20:30:00,11.17
2022-10-22 20:45:00,11.16
2022-10-22 21:00:00,11.18
2022-10-22 21:15:00,11.18
2022-10-22 21:30:00,11.16
2022-10-22 21:45:00,11.14
2022-10-22 22:00:00,11.18
2022-10-22 22:15:00,11.21
2022-10-22 22:30:00,11.18
2022-10-22 22:45:00,11.18
2022-10-22 23:00:00,11.19
2022-10-22 23:15:00,11.01
2022-10-22 23:30:00,11.02
2022-10-22 23:45:00,10.84
2022-10-23 00:00:00,10.74
2022-10-23 00:15:00,10.65
2022-10-23 00:30:00,10.78
2022-10-23 00:45:00,10.78
2022-10-23 01:00:00,10.79
2022-10-23 01:15:00,10.8
2022-10-23 01:30:00,10.92
2022-10-23 01:45:00,10.87
2022-10-23 02:00:00,10.88
2022-10-23 02:15:00,10.87
2022-10-23 02:30:00,10.9
2022-10-23 02:45:00,10.76
2022-10-23 03:00:00,10.7
2022-10-23 03:15:00,10.79
2022-10-23 03:30:00,10.83
2022-10-23 03:45:00,10.8
2022-10-23 04:00:00,10.76
2022-10-23 04:15:00,10.8
2022-10-23 04:30:00,10.87
2022-10-23 04:45:00,10.96
2022-10-23 05:00:00,10.97
2022-10-23 05:15:00,10.98
2022-10-23 05:30:00,11.02
2022-10-23 05:45:00,11
2022-10-23 06:00:00,10.97
2022-10-23 06:15:00,10.97
2022-10-23 06:30:00,11.06
2022-10-23 06:45:00,11.06
2022-10-23 07:00:00,11.01
2022-10-23 07:15:00,10.96
2022-10-23 07:30:00,10.96
2022-10-23 07:45:00,10.94
2022-10-23 08:00:00,10.96
2022-10-23 08:15:00,11
2022-10-23 08:30:00,11
2022-10-23 08:45:00,11.02
2022-10-23 09:00:00,10.98
2022-10-23 09:15:00,10.98
2022-10-23 09:30:00,10.96
2022-10-23 09:45:00,11.02
2022-10-23 10:00:00,11.01
2022-10-23 10:15:00,11.05
2022-10-23 10:30:00,11
2022-10-23 10:45:00,11.02
2022-10-23 11:00:00,11.04
2022-10-23 11:15:00,10.99
2022-10-23 11:30:00,10.74
2022-10-23 11:45:00,10.66
2022-10-23 12:00:00,10.67
2022-10-23 12:15:00,10.56
2022-10-23 12:30:00,10.63
2022-10-23 12:45:00,10.57
2022-10-23 13:00:00,10.53
2022-10-23 13:15:00,10.63
2022-10-23 13:30:00,10.6
2022-10-23 13:45:00,10.63
2022-10-23 14:00:00,10.53
2022-10-23 14:15:00,10.47
2022-10-23 14:30:00,10.48
2022-10-23 14:45:00,10.48
2022-10-23 15:00:00,10.52
2022-10-23 15:15:00,10.48
2022-10-23 15:30:00,10.55
2022-10-23 15:45:00,10.55
2022-10-23 16:00:00,10.6
2022-10-23 16:15:00,10.56
2022-10-23 16:30:00,10.64
2022-10-23 16:45:00,10.6
2022-10-23 17:00:00,10.53
2022-10-23 17:15:00,10.41
2022-10-23 17:30:00,10.55
2022-10-23 17:45:00,10.49
2022-10-23 18:00:00,10.5
2022-10-23 18:15:00,10.46
2022-10-23 18:30:00,10.44
2022-10-23 18:45:00,10.39
2022-10-23 19:00:00,10.42
2022-10-23 19:15:00,10.41
2022-10-23 19:30:00,10.3
2022-10-23 19:45:00,10.35
2022-10-23 20:00:00,10.29
2022-10-23 20:15:00,10.34
2022-10-23 20:30:00,10.38
2022-10-23 20:45:00,10.44
2022-10-23 21:00:00,10.46
2022-10-23 21:15:00,10.45
2022-10-23 21:30:00,10.41
2022-10-23 21:45:00,10.38
2022-10-23 22:00:00,10.41
2022-10-23 22:15:00,10.37
2022-10-23 22:30:00,10.37
2022-10-23 22:45:00,10.41
2022-10-23 23:00:00,10.42
2022-10-23 23:15:00,10.42
2022-10-23 23:30:00,10.38
2022-10-23 23:45:00,10.39
2022-10-24 00:00:00,10.39
2022-10-24 00:15:00,10.36
2022-10-24 00:30:00,10.39
2022-10-24 00:45:00,10.38
2022-10-24 01:00:00,10.42
2022-10-24 01:15:00,10.43
2022-10-24 01:30:00,10.41
2022-10-24 01:45:00,10.4
2022-10-24 02:00:00,10.41
2022-10-24 02:15:00,10.46
2022-10-24 02:30:00,10.45
2022-10-24 02:45:00,10.45
2022-10-24 03:00:00,10.4
2022-10-24 03:15:00,10.39
2022-10-24 03:30:00,10.34
2022-10-24 03:45:00,10.34
2022-10-24 04:00:00,10.34
2022-10-24 04:15:00,10.37
2022-10-24 04:30:00,10.68
2022-10-24 04:45:00,10.68
2022-10-24 05:00:00,10.75
2022-10-24 05:15:00,10.73
2022-10-24 05:30:00,10.78
2022-10-24 05:45:00,10.76
2022-10-24 06:00:00,10.76
2022-10-24 06:15:00,10.73
2022-10-24 06:30:00,10.84
2022-10-24 06:45:00,10.83
2022-10-24 07:00:00,10.79
2022-10-24 07:15:00,10.78
2022-10-24 07:30:00,10.88
2022-10-24 07:45:00,10.76
2022-10-24 08:00:00,10.73
2022-10-24 08:15:00,10.71
2022-10-24 08:30:00,10.59
2022-10-24 08:45:00,10.49
2022-10-24 09:00:00,10.75
2022-10-24 09:15:00,10.76
2022-10-24 09:30:00,10.75
2022-10-24 09:45:00,10.79
2022-10-24 10:00:00,10.84
2022-10-24 10:15:00,10.76
2022-10-24 10:30:00,10.78
2022-10-24 10:45:00,10.94
2022-10-24 11:00:00,10.74
2022-10-24 11:15:00,10.31
2022-10-24 11:30:00,10.24
2022-10-24 11:45:00,10.23
2022-10-24 12:00:00,10.24
2022-10-24 12:15:00,10.22
2022-10-24 12:30:00,10.27
2022-10-24 12:45:00,10.32
2022-10-24 13:00:00,10.34
2022-10-24 13:15:00,10.35
2022-10-24 13:30:00,10.4
2022-10-24 13:45:00,10.37
2022-10-24 14:00:00,10.39
2022-10-24 14:15:00,10.4
2022-10-24 14:30:00,10.42
2022-10-24 14:45:00,10.41
2022-10-24 15:00:00,10.42
2022-10-24 15:15:00,10.43
2022-10-24 15:30:00,10.44
2022-10-24 15:45:00,10.43
2022-10-24 16:00:00,10.47
2022-10-24 16:15:00,10.52
2022-10-24 16:30:00,10.52
2022-10-24 16:45:00,10.45
2022-10-24 17:00:00,10.31
2022-10-24 17:15:00,10.41
2022-10-24 17:30:00,10.45
2022-10-24 17:45:00,10.48
2022-10-24 18:00:00,10.45
2022-10-24 18:15:00,10.48
2022-10-24 18:30:00,10.48
2022-10-24 18:45:00,10.35
2022-10-24 19:00:00,10.34
2022-10-24 19:15:00,10.36
2022-10-24 19:30:00,10.37
2022-10-24 19:45:00,10.33
2022-10-24 20:00:00,10.23
2022-10-24 20:15:00,10.23
2022-10-24 20:30:00,10.17
2022-10-24 20:45:00,10.19
2022-10-24 21:00:00,10.22
2022-10-24 21:15:00,10.27
2022-10-24 21:30:00,10.14
2022-10-24 21:45:00,10.1
2022-10-24 22:00:00,10.06
2022-10-24 22:15:00,10.08
2022-10-24 22:30:00,10.09
2022-10-24 22:45:00,10.16
2022-10-24 23:00:00,10.08
2022-10-24 23:15:00,10.06
2022-10-24 23:30:00,10.1
2022-10-24 23:45:00,10.09
2022-10-25 00:00:00,10.11
2022-10-25 00:15:00,10.02
2022-10-25 00:30:00,10.03
2022-10-25 00:45:00,9.97
2022-10-25 01:00:00,9.95
2022-10-25 01:15:00,10.01
2022-10-25 01:30:00,9.91
2022-10-25 01:45:00,10.02
2022-10-25 02:00:00,9.94
2022-10-25 02:15:00,9.9
2022-10-25 02:30:00,9.88
2022-10-25 02:45:00,9.81
2022-10-25 03:00:00,9.85
2022-10-25 03:15:00,9.88
2022-10-25 03:30:00,10.08
2022-10-25 03:45:00,10.25
2022-10-25 04:00:00,10.15
2022-10-25 04:15:00,10.11
2022-10-25 04:30:00,10.03
2022-10-25 04:45:00,9.99
2022-10-25 05:00:00,9.99
2022-10-25 05:15:00,9.9
2022-10-25 05:30:00,9.97
2022-10-25 05:45:00,10.04
2022-10-25 06:00:00,10.02
2022-10-25 06:15:00,10.06
2022-10-25 06:30:00,9.95
2022-10-25 06:45:00,10.16
2022-10-25 07:00:00,9.98
2022-10-25 07:15:00,9.92
2022-10-25 07:30:00,9.96
2022-10-25 07:45:00,10.04
2022-10-25 08:00:00,6.535
2022-10-25 08:15:00,5.311
2022-10-25 08:30:00,9.4
2022-10-25 08:45:00,9.26
2022-10-25 09:00:00,9.17
2022-10-25 09:15:00,9.07
2022-10-25 09:30:00,9.03
2022-10-25 09:45:00,9.09
2022-10-25 10:00:00,9.16
2022-10-25 10:15:00,9.24
2022-10-25 10:30:00,9.2
2022-10-25 10:45:00,9.24
2022-10-25 11:00:00,9.26
2022-10-25 11:15:00,9.39
2022-10-25 11:30:00,9.36
2022-10-25 11:45:00,9.43
2022-10-25 12:00:00,9.49
2022-10-25 12:15:00,9.65
2022-10-25 12:30:00,9.84
2022-10-25 12:45:00,9.62
2022-10-25 13:00:00,9.88
2022-10-25 13:15:00,9.75
2022-10-25 13:30:00,9.9
2022-10-25 13:45:00,9.71
2022-10-25 14:00:00,9.74
2022-10-25 14:15:00,9.79
2022-10-25 14:30:00,9.76
2022-10-25 14:45:00,9.84
2022-10-25 15:00:00,9.76
2022-10-25 15:15:00,10.08
2022-10-25 15:30:00,10.09
2022-10-25 15:45:00,10.17
2022-10-25 16:00:00,10.33
2022-10-25 16:15:00,10.28
2022-10-25 16:30:00,10.38
2022-10-25 16:45:00,10.33
2022-10-25 17:00:00,10.3
2022-10-25 17:15:00,10.3
2022-10-25 17:30:00,10.25
2022-10-25 17:45:00,10.23
2022-10-25 18:00:00,10.16
2022-10-25 18:15:00,10.16
2022-10-25 18:30:00,10.12
2022-10-25 18:45:00,10.12
2022-10-25 19:00:00,10.06
2022-10-25 19:15:00,9.95
2022-10-25 19:30:00,9.92
2022-10-25 19:45:00,9.88
2022-10-25 20:00:00,9.85
2022-10-25 20:15:00,9.85
2022-10-25 20:30:00,9.85
2022-10-25 20:45:00,9.81
2022-10-25 21:00:00,9.79
2022-10-25 21:15:00,9.75
2022-10-25 21:30:00,9.8
2022-10-25 21:45:00,9.69
2022-10-25 22:00:00,9.6
2022-10-25 22:15:00,9.6
2022-10-25 22:30:00,9.73
2022-10-25 22:45:00,9.78
2022-10-25 23:00:00,9.85
2022-10-25 23:15:00,9.8
2022-10-25 23:30:00,9.79
2022-10-25 23:45:00,9.82
2022-10-26 00:00:00,9.84
2022-10-26 00:15:00,9.85
2022-10-26 00:30:00,9.85
2022-10-26 00:45:00,9.89
2022-10-26 01:00:00,9.67
2022-10-26 01:15:00,9.85
2022-10-26 01:30:00,9.88
2022-10-26 01:45:00,9.36
2022-10-26 02:00:00,9.46
2022-10-26 02:15:00,9.73
2022-10-26 02:30:00,9.7
2022-10-26 02:45:00,9.64
2022-10-26 03:00:00,9.63
2022-10-26 03:15:00,9.39
2022-10-26 03:30:00,9.03
2022-10-26 03:45:00,8.9
2022-10-26 04:00:00,8.65
2022-10-26 04:15:00,8.47
2022-10-26 04:30:00,8.3
2022-10-26 04:45:00,8.43
2022-10-26 05:00:00,8.56
2022-10-26 05:15:00,8.59
2022-10-26 05:30:00,8.87
2022-10-26 05:45:00,8.79
2022-10-26 06:00:00,8.77
2022-10-26 06:15:00,8.65
2022-10-26 06:30:00,8.73
2022-10-26 06:45:00,8.6
2022-10-26 07:00:00,8.7
2022-10-26 07:15:00,8.95
2022-10-26 07:30:00,8.88
2022-10-26 07:45:00,8.85
2022-10-26 08:00:00,8.76
2022-10-26 08:15:00,8.7
2022-10-26 08:30:00,8.74
2022-10-26 08:45:00,8.68
2022-10-26 09:00:00,8.8
2022-10-26 09:15:00,8.77
2022-10-26 09:30:00,8.7
2022-10-26 09:45:00,8.68
2022-10-26 10:00:00,8.67
2022-10-26 10:15:00,8.79
2022-10-26 10:30:00,8.71
2022-10-26 10:45:00,8.94
2022-10-26 11:00:00,8.86
2022-10-26 11:15:00,9.05
2022-10-26 11:30:00,9.21
2022-10-26 11:45:00,9.37
2022-10-26 12:00:00,9.41
2022-10-26 12:15:00,9.6
2022-10-26 12:30:00,9.44
2022-10-26 12:45:00,9.17
2022-10-26 13:00:00,9.05
2022-10-26 13:15:00,9.01
2022-10-26 13:30:00,9.13
2022-10-26 13:45:00,9.16
2022-10-26 14:00:00,9.34
2022-10-26 14:15:00,9.4
2022-10-26 14:30:00,9.42
2022-10-26 14:45:00,9.41
2022-10-26 15:00:00,9.37
2022-10-26 15:15:00,9.59
2022-10-26 15:30:00,9.62
2022-10-26 15:45:00,9.42
2022-10-26 16:00:00,9.53
2022-10-26 16:15:00,9.91
2022-10-26 16:30:00,10.03
2022-10-26 16:45:00,10.06
2022-10-26 17:00:00,9.99
2022-10-26 17:15:00,10
2022-10-26 17:30:00,9.97
2022-10-26 17:45:00,10.01
2022-10-26 18:00:00,9.87
2022-10-26 18:15:00,9.74
2022-10-26 18:30:00,9.77
2022-10-26 18:45:00,9.8
2022-10-26 19:00:00,9.81
2022-10-26 19:15:00,9.69
2022-10-26 19:30:00,9.78
2022-10-26 19:45:00,9.81
2022-10-26 20:00:00,9.75
2022-10-26 20:15:00,9.77
2022-10-26 20:30:00,9.68
2022-10-26 20:45:00,9.62
2022-10-26 21:00:00,9.64
2022-10-26 21:15:00,9.61
2022-10-26 21:30:00,9.5
2022-10-26 21:45:00,9.44
2022-10-26 22:00:00,9.61
2022-10-26 22:15:00,9.46
2022-10-26 22:30:00,9.47
2022-10-26 22:45:00,9.4
2022-10-26 23:00:00,9.31
2022-10-26 23:15:00,9.36
2022-10-26 23:30:00,9.4
2022-10-26 23:45:00,9.44
2022-10-27 00:00:00,9.39
2022-10-27 00:15:00,9.38
2022-10-27 00:30:00,9.23
2022-10-27 00:45:00,9.27
2022-10-27 01:00:00,9.29
2022-10-27 01:15:00,9.25
2022-10-27 01:30:00,9.08
2022-10-27 01:45:00,9.1
2022-10-27 02:00:00,9.1
2022-10-27 02:15:00,9.1
2022-10-27 02:30:00,9
2022-10-27 02:45:00,8.97
2022-10-27 03:00:00,8.96
2022-10-27 03:15:00,9.04
2022-10-27 03:30:00,9.11
2022-10-27 03:45:00,9.1
2022-10-27 04:00:00,9.15
2022-10-27 04:15:00,9.13
2022-10-27 04:30:00,9.11
2022-10-27 04:45:00,9.06
2022-10-27 05:00:00,9.08
2022-10-27 05:15:00,9.09
2022-10-27 05:30:00,8.99
2022-10-27 05:45:00,9.01
2022-10-27 06:00:00,9.03
2022-10-27 06:15:00,8.97
2022-10-27 06:30:00,9.02
2022-10-27 06:45:00,8.97
2022-10-27 07:00:00,9.08
2022-10-27 07:15:00,9.09
2022-10-27 07:30:00,9.16
2022-10-27 07:45:00,9.2
2022-10-27 08:00:00,9.23
2022-10-27 08:15:00,9.31
2022-10-27 08:30:00,9.42
2022-10-27 08:45:00,9.52
2022-10-27 09:00:00,9.57
2022-10-27 09:15:00,9.59
2022-10-27 09:30:00,9.71
2022-10-27 09:45:00,9.82
2022-10-27 10:00:00,9.88
2022-10-27 10:15:00,9.97
2022-10-27 10:30:00,10.05
2022-10-27 10:45:00,10.16
2022-10-27 11:00:00,10.18
2022-10-27 11:15:00,10.23
2022-10-27 11:30:00,10.29
2022-10-27 11:45:00,10.36
2022-10-27 12:00:00,10.32
2022-10-27 12:15:00,10.36
2022-10-27 12:30:00,10.38
2022-10-27 12:45:00,10.41
2022-10-27 13:00:00,10.49
2022-10-27 13:15:00,10.48
2022-10-27 13:30:00,10.47
2022-10-27 13:45:00,10.43
2022-10-27 14:00:00,10.43
2022-10-27 14:15:00,10.44
2022-10-27 14:30:00,10.38
2022-10-27 14:45:00,10.4
2022-10-27 15:00:00,10.38
2022-10-27 15:15:00,10.3
2022-10-27 15:30:00,10.24
2022-10-27 15:45:00,10.22
2022-10-27 16:00:00,10.17
2022-10-27 16:15:00,10.15
2022-10-27 16:30:00,10.04
2022-10-27 16:45:00,9.87
2022-10-27 17:00:00,9.78
2022-10-27 17:15:00,9.68
2022-10-27 17:30:00,9.54
2022-10-27 17:45:00,9.51
2022-10-27 18:00:00,9.47
2022-10-27 18:15:00,9.5
2022-10-27 18:30:00,9.48
2022-10-27 18:45:00,9.53
2022-10-27 19:00:00,9.52
2022-10-27 19:15:00,9.47
2022-10-27 19:30:00,9.42
2022-10-27 19:45:00,9.42
2022-10-27 20:00:00,9.46
2022-10-27 20:15:00,9.48
2022-10-27 20:30:00,9.46
2022-10-27 20:45:00,9.43
2022-10-27 21:00:00,9.48
2022-10-27 21:15:00,9.52
2022-10-27 21:30:00,9.56
2022-10-27 21:45:00,9.55
2022-10-27 22:00:00,9.54
2022-10-27 22:15:00,9.48
2022-10-27 22:30:00,9.39
2022-10-27 22:45:00,9.37
2022-10-27 23:00:00,9.3
2022-10-27 23:15:00,9.34
2022-10-27 23:30:00,9.39
2022-10-27 23:45:00,9.44
2022-10-28 00:00:00,9.43
2022-10-28 00:15:00,9.44
2022-10-28 00:30:00,9.39
2022-10-28 00:45:00,9.41
2022-10-28 01:00:00,9.45
2022-10-28 01:15:00,9.47
2022-10-28 01:30:00,9.47
2022-10-28 01:45:00,9.43
2022-10-28 02:00:00,9.46
2022-10-28 02:15:00,9.47
2022-10-28 02:30:00,9.48
2022-10-28 02:45:00,9.48
2022-10-28 03:00:00,9.49
2022-10-28 03:15:00,9.45
2022-10-28 03:30:00,9.4
2022-10-28 03:45:00,9.34
2022-10-28 04:00:00,9.37
2022-10-28 04:15:00,9.37
2022-10-28 04:30:00,9.37
2022-10-28 04:45:00,9.38
2022-10-28 05:00:00,9.42
2022-10-28 05:15:00,9.43
2022-10-28 05:30:00,9.44
2022-10-28 05:45:00,9.45
2022-10-28 06:00:00,9.42
2022-10-28 06:15:00,9.38
2022-10-28 06:30:00,9.41
2022-10-28 06:45:00,9.43
2022-10-28 07:00:00,9.41
2022-10-28 07:15:00,9.44
2022-10-28 07:30:00,9.49
2022-10-28 07:45:00,9.5
2022-10-28 08:00:00,9.51
2022-10-28 08:15:00,9.61
2022-10-28 08:30:00,9.74
2022-10-28 08:45:00,9.83
2022-10-28 09:00:00,9.91
2022-10-28 09:15:00,9.99
2022-10-28 09:30:00,10.02
2022-10-28 09:45:00,10.08
2022-10-28 10:00:00,10.24
2022-10-28 10:15:00,10.24
2022-10-28 10:30:00,10.31
2022-10-28 10:45:00,10.39
2022-10-28 11:00:00,10.41
2022-10-28 11:15:00,10.41
2022-10-28 11:30:00,10.45
2022-10-28 11:45:00,10.53
2022-10-28 12:00:00,10.56
2022-10-28 12:15:00,10.61
2022-10-28 12:30:00,10.61
2022-10-28 12:45:00,10.6
2022-10-28 13:00:00,10.6
2022-10-28 13:15:00,10.64
2022-10-28 13:30:00,10.6
2022-10-28 13:45:00,10.57
2022-10-28 14:00:00,10.6
2022-10-28 14:15:00,10.62
2022-10-28 14:30:00,10.55
2022-10-28 14:45:00,10.54
2022-10-28 15:00:00,10.57
2022-10-28 15:15:00,10.62
2022-10-28 15:30:00,10.63
2022-10-28 15:45:00,10.61
2022-10-28 16:00:00,10.61
2022-10-28 16:15:00,10.58
2022-10-28 16:30:00,10.49
2022-10-28 16:45:00,10.41
2022-10-28 17:00:00,10.41
2022-10-28 17:15:00,10.36
2022-10-28 17:30:00,10.31
2022-10-28 17:45:00,10.29
2022-10-28 18:00:00,10.26
2022-10-28 18:15:00,10.25
2022-10-28 18:30:00,10.23
2022-10-28 18:45:00,10.21
2022-10-28 19:00:00,10.2
2022-10-28 19:15:00,10.03
2022-10-28 19:30:00,10.01
2022-10-28 19:45:00,9.86
2022-10-28 20:00:00,9.89
2022-10-28 20:15:00,9.96
2022-10-28 20:30:00,10.03
2022-10-28 20:45:00,10.06
2022-10-28 21:00:00,10.09
2022-10-28 21:15:00,10.11
2022-10-28 21:30:00,10.11
2022-10-28 21:45:00,10.08
2022-10-28 22:00:00,10.08
2022-10-28 22:15:00,10.09
2022-10-28 22:30:00,10.06
2022-10-28 22:45:00,10.07
2022-10-28 23:00:00,10.08
2022-10-28 23:15:00,10.07
2022-10-28 23:30:00,10.04
2022-10-28 23:45:00,10.1
2022-10-29 00:00:00,10.05
2022-10-29 00:15:00,9.99
2022-10-29 00:30:00,9.96
2022-10-29 00:45:00,9.94
2022-10-29 01:00:00,9.91
2022-10-29 01:15:00,9.91
2022-10-29 01:30:00,9.87
2022-10-29 01:45:00,9.74
2022-10-29 02:00:00,9.71
2022-10-29 02:15:00,9.72
2022-10-29 02:30:00,9.76
2022-10-29 02:45:00,9.79
2022-10-29 03:00:00,9.81
2022-10-29 03:15:00,9.8
2022-10-29 03:30:00,9.86
2022-10-29 03:45:00,9.86
2022-10-29 04:00:00,9.83
2022-10-29 04:15:00,9.82
2022-10-29 04:30:00,9.79
2022-10-29 04:45:00,9.76
2022-10-29 05:00:00,9.85
2022-10-29 05:15:00,9.85
2022-10-29 05:30:00,9.83
2022-10-29 05:45:00,9.84
2022-10-29 06:00:00,9.81
2022-10-29 06:15:00,9.87
2022-10-29 06:30:00,9.87
2022-10-29 06:45:00,9.89
2022-10-29 07:00:00,9.82
2022-10-29 07:15:00,9.86
2022-10-29 07:30:00,9.95
2022-10-29 07:45:00,10.02
2022-10-29 08:00:00,10.05
2022-10-29 08:15:00,10.07
2022-10-29 08:30:00,10.18
2022-10-29 08:45:00,10.27
2022-10-29 09:00:00,10.29
2022-10-29 09:15:00,10.29
2022-10-29 09:30:00,10.27
2022-10-29 09:45:00,10.34
2022-10-29 10:00:00,10.47
2022-10-29 10:15:00,10.53
2022-10-29 10:30:00,10.54
2022-10-29 10:45:00,10.59
2022-10-29 11:00:00,10.62
2022-10-29 11:15:00,10.65
2022-10-29 11:30:00,10.68
2022-10-29 11:45:00,10.74
2022-10-29 12:00:00,10.72
2022-10-29 12:15:00,10.72
2022-10-29 12:30:00,10.74
2022-10-29 12:45:00,10.8
2022-10-29 13:00:00,10.94
2022-10-29 13:15:00,10.89
2022-10-29 13:30:00,10.98
2022-10-29 13:45:00,10.95
2022-10-29 14:00:00,10.93
2022-10-29 14:15:00,11.06
2022-10-29 14:30:00,10.99
2022-10-29 14:45:00,11
2022-10-29 15:00:00,10.96
2022-10-29 15:15:00,10.93
2022-10-29 15:30:00,10.98
2022-10-29 15:45:00,10.82
2022-10-29 16:00:00,10.72
2022-10-29 16:15:00,10.51
2022-10-29 16:30:00,10.26
2022-10-29 16:45:00,10.16
2022-10-29 17:00:00,9.89
2022-10-29 17:15:00,9.78
2022-10-29 17:30:00,9.64
2022-10-29 17:45:00,9.59
2022-10-29 18:00:00,9.53
2022-10-29 18:15:00,9.58
2022-10-29 18:30:00,9.6
2022-10-29 18:45:00,9.57
2022-10-29 19:00:00,9.6
2022-10-29 19:15:00,9.63
2022-10-29 19:30:00,9.59
2022-10-29 19:45:00,9.56
2022-10-29 20:00:00,9.55
2022-10-29 20:15:00,9.49
2022-10-29 20:30:00,9.44
2022-10-29 20:45:00,9.55
2022-10-29 21:00:00,9.54
2022-10-29 21:15:00,9.49
2022-10-29 21:30:00,9.46
2022-10-29 21:45:00,9.42
2022-10-29 22:00:00,9.42
2022-10-29 22:15:00,9.48
2022-10-29 22:30:00,9.45
2022-10-29 22:45:00,9.43
2022-10-29 23:00:00,9.5
2022-10-29 23:15:00,9.59
2022-10-29 23:30:00,9.64
2022-10-29 23:45:00,9.69
2022-10-30 00:00:00,9.67
2022-10-30 00:15:00,9.67
2022-10-30 00:30:00,9.58
2022-10-30 00:45:00,9.55
2022-10-30 01:00:00,9.52
2022-10-30 01:15:00,9.56
2022-10-30 01:30:00,9.54
2022-10-30 01:45:00,9.56
2022-10-30 02:00:00,9.62
2022-10-30 02:15:00,9.63
2022-10-30 02:30:00,9.69
2022-10-30 02:45:00,9.68
2022-10-30 03:00:00,9.67
2022-10-30 03:15:00,9.74
2022-10-30 03:30:00,9.78
2022-10-30 03:45:00,9.78
2022-10-30 04:00:00,9.84
2022-10-30 04:15:00,9.86
2022-10-30 04:30:00,9.86
2022-10-30 04:45:00,9.88
2022-10-30 05:00:00,9.88
2022-10-30 05:15:00,9.89
2022-10-30 05:30:00,9.86
2022-10-30 05:45:00,9.86
2022-10-30 06:00:00,9.88
2022-10-30 06:15:00,9.87
2022-10-30 06:30:00,9.87
2022-10-30 06:45:00,9.89
2022-10-30 07:00:00,9.92
2022-10-30 07:15:00,9.92
2022-10-30 07:30:00,9.96
2022-10-30 07:45:00,9.98
2022-10-30 08:00:00,9.98
2022-10-30 08:15:00,10
2022-10-30 08:30:00,10.02
2022-10-30 08:45:00,10.09
2022-10-30 09:00:00,10.18
2022-10-30 09:15:00,10.25
2022-10-30 09:30:00,10.34
2022-10-30 09:45:00,10.39
2022-10-30 10:00:00,10.41
2022-10-30 10:15:00,10.44
2022-10-30 10:30:00,10.49
2022-10-30 10:45:00,10.55
2022-10-30 11:00:00,10.55
2022-10-30 11:15:00,10.56
2022-10-30 11:30:00,10.56
2022-10-30 11:45:00,10.58
2022-10-30 12:00:00,10.72
2022-10-30 12:15:00,10.71
2022-10-30 12:30:00,10.68
2022-10-30 12:45:00,10.71
2022-10-30 13:00:00,10.77
2022-10-30 13:15:00,10.73
2022-10-30 13:30:00,10.62
2022-10-30 13:45:00,10.62
2022-10-30 14:00:00,10.66
2022-10-30 14:15:00,10.68
2022-10-30 14:30:00,10.68
2022-10-30 14:45:00,10.64
2022-10-30 15:00:00,10.65
2022-10-30 15:15:00,10.61
2022-10-30 15:30:00,10.62
2022-10-30 15:45:00,10.61
2022-10-30 16:00:00,10.54
2022-10-30 16:15:00,10.52
2022-10-30 16:30:00,10.52
2022-10-30 16:45:00,10.48
2022-10-30 17:00:00,10.48
2022-10-30 17:15:00,10.44
2022-10-30 17:30:00,10.43
2022-10-30 17:45:00,10.4
2022-10-30 18:00:00,10.4
2022-10-30 18:15:00,10.39
2022-10-30 18:30:00,10.37
2022-10-30 18:45:00,10.34
2022-10-30 19:00:00,10.35
2022-10-30 19:15:00,10.35
2022-10-30 19:30:00,10.34
2022-10-30 19:45:00,10.31
2022-10-30 20:00:00,10.32
2022-10-30 20:15:00,10.32
2022-10-30 20:30:00,10.34
2022-10-30 20:45:00,10.31
2022-10-30 21:00:00,10.28
2022-10-30 21:15:00,10.3
2022-10-30 21:30:00,10.31
2022-10-30 21:45:00,10.3
2022-10-30 22:00:00,10.31
2022-10-30 22:15:00,10.29
2022-10-30 22:30:00,10.28
2022-10-30 22:45:00,10.25
2022-10-30 23:00:00,10.26
2022-10-30 23:15:00,10.26
2022-10-30 23:30:00,10.25
2022-10-30 23:45:00,10.25
2022-10-31 00:00:00,10.25
2022-10-31 00:15:00,10.24
2022-10-31 00:30:00,10.25
2022-10-31 00:45:00,10.24
2022-10-31 01:00:00,10.25
2022-10-31 01:15:00,10.22
2022-10-31 01:30:00,10.21
2022-10-31 01:45:00,10.19
2022-10-31 02:00:00,10.16
2022-10-31 02:15:00,10.16
2022-10-31 02:30:00,10.19
2022-10-31 02:45:00,10.18
2022-10-31 03:00:00,10.14
2022-10-31 03:15:00,10.14
2022-10-31 03:30:00,10.14
2022-10-31 03:45:00,10.16
2022-10-31 04:00:00,10.15
2022-10-31 04:15:00,10.17
2022-10-31 04:30:00,10.16
2022-10-31 04:45:00,10.15
2022-10-31 05:00:00,10.13
2022-10-31 05:15:00,10.12
2022-10-31 05:30:00,10.13
2022-10-31 05:45:00,10.11
2022-10-31 06:00:00,10.1
2022-10-31 06:15:00,10.11
2022-10-31 06:30:00,10.11
2022-10-31 06:45:00,10.11
2022-10-31 07:00:00,10.14
2022-10-31 07:15:00,10.2
2022-10-31 07:30:00,10.22
2022-10-31 07:45:00,10.25
2022-10-31 08:00:00,10.29
2022-10-31 08:15:00,10.25
2022-10-31 08:30:00,10.08
2022-10-31 08:45:00,9.99
2022-10-31 09:00:00,10.09
2022-10-31 09:15:00,10.23
2022-10-31 09:30:00,10.21
2022-10-31 09:45:00,10.31
2022-10-31 10:00:00,10.21
2022-10-31 10:15:00,10.13
2022-10-31 10:30:00,10.09
2022-10-31 10:45:00,10.21
2022-10-31 11:00:00,10.24
2022-10-31 11:15:00,10.23
2022-10-31 11:30:00,10.23
2022-10-31 11:45:00,10.25
2022-10-31 12:00:00,10.2
2022-10-31 12:15:00,10.2
2022-10-31 12:30:00,10.18
2022-10-31 12:45:00,10.27
2022-10-31 13:00:00,10.23
2022-10-31 13:15:00,10.22
2022-10-31 13:30:00,10.22
2022-10-31 13:45:00,10.25
2022-10-31 14:00:00,10.25
2022-10-31 14:15:00,10.19
2022-10-31 14:30:00,10.2
2022-10-31 14:45:00,10.21
2022-10-31 15:00:00,10.18
2022-10-31 15:15:00,10.23
2022-10-31 15:30:00,10.19
2022-10-31 15:45:00,10.25
2022-10-31 16:00:00,10.34
2022-10-31 16:15:00,10.32
2022-10-31 16:30:00,10.28
2022-10-31 16:45:00,10.29
2022-10-31 17:00:00,10.31
2022-10-31 17:15:00,10.26
2022-10-31 17:30:00,10.14
2022-10-31 17:45:00,10.13
2022-10-31 18:00:00,10.13
2022-10-31 18:15:00,10.06
2022-10-31 18:30:00,10.08
2022-10-31 18:45:00,10
2022-10-31 19:00:00,10.07
2022-10-31 19:15:00,10.16
2022-10-31 19:30:00,10.22
2022-10-31 19:45:00,10.15
2022-10-31 20:00:00,10.16
2022-10-31 20:15:00,10.19
2022-10-31 20:30:00,10.15
2022-10-31 20:45:00,10.12
2022-10-31 21:00:00,10.13
2022-10-31 21:15:00,10.14
2022-10-31 21:30:00,10.14
2022-10-31 21:45:00,10.13
2022-10-31 22:00:00,10.16
2022-10-31 22:15:00,10.14
2022-10-31 22:30:00,10.14
2022-10-31 22:45:00,10.13
2022-10-31 23:00:00,10.08
2022-10-31 23:15:00,10.03
2022-10-31 23:30:00,9.88
2022-10-31 23:45:00,9.6
2022-11-01 00:00:00,9.64
2022-11-01 00:15:00,9.79
2022-11-01 00:30:00,9.67
2022-11-01 00:45:00,9.93
2022-11-01 01:00:00,9.88
2022-11-01 01:15:00,9.97
2022-11-01 01:30:00,9.97
2022-11-01 01:45:00,9.96
2022-11-01 02:00:00,9.96
2022-11-01 02:15:00,9.92
2022-11-01 02:30:00,9.91
2022-11-01 02:45:00,9.93
2022-11-01 03:00:00,9.96
2022-11-01 03:15:00,9.92
2022-11-01 03:30:00,9.91
2022-11-01 03:45:00,9.88
2022-11-01 04:00:00,9.88
2022-11-01 04:15:00,9.84
2022-11-01 04:30:00,9.8
2022-11-01 04:45:00,9.78
2022-11-01 05:00:00,9.74
2022-11-01 05:15:00,9.74
2022-11-01 05:30:00,9.58
2022-11-01 05:45:00,9.57
2022-11-01 06:00:00,9.54
2022-11-01 06:15:00,9.49
2022-11-01 06:30:00,9.51
2022-11-01 06:45:00,9.52
2022-11-01 07:00:00,9.56
2022-11-01 07:15:00,9.67
2022-11-01 07:30:00,9.71
2022-11-01 07:45:00,9.77
2022-11-01 08:00:00,9.83
2022-11-01 08:15:00,9.82
2022-11-01 08:30:00,10.36
2022-11-01 08:45:00,10.18
2022-11-01 09:00:00,10.24
2022-11-01 09:15:00,10.26
2022-11-01 09:30:00,10.33
2022-11-01 09:45:00,10.34
2022-11-01 10:00:00,10.35
2022-11-01 10:15:00,10.34
2022-11-01 10:30:00,10.35
2022-11-01 10:45:00,10.47
2022-11-01 11:00:00,10.46
2022-11-01 11:15:00,10.49
2022-11-01 11:30:00,10.47
2022-11-01 11:45:00,10.46
2022-11-01 12:00:00,10.45
2022-11-01 12:15:00,10.21
2022-11-01 12:30:00,10.24
2022-11-01 12:45:00,10.25
2022-11-01 13:00:00,10.25
2022-11-01 13:15:00,10.24
2022-11-01 13:30:00,10.18
2022-11-01 13:45:00,10.13
2022-11-01 14:00:00,10.12
2022-11-01 14:15:00,10.07
2022-11-01 14:30:00,10.08
2022-11-01 14:45:00,10.19
2022-11-01 15:00:00,10.34
2022-11-01 15:15:00,10.33
2022-11-01 15:30:00,10.34
2022-11-01 15:45:00,10.36
2022-11-01 16:00:00,10.32
2022-11-01 16:15:00,10.3
2022-11-01 16:30:00,10.27
2022-11-01 16:45:00,10.22
2022-11-01 17:00:00,10.17
2022-11-01 17:15:00,10.24
2022-11-01 17:30:00,10.24
2022-11-01 17:45:00,10.19
2022-11-01 18:00:00,10.21
2022-11-01 18:15:00,10.2
2022-11-01 18:30:00,10.17
2022-11-01 18:45:00,10.06
2022-11-01 19:00:00,9.85
2022-11-01 19:15:00,9.8
2022-11-01 19:30:00,9.58
2022-11-01 19:45:00,9.43
2022-11-01 20:00:00,9.38
2022-11-01 20:15:00,9.46
2022-11-01 20:30:00,9.7
2022-11-01 20:45:00,9.29
2022-11-01 21:00:00,9.51
2022-11-01 21:15:00,9.44
2022-11-01 21:30:00,9.35
2022-11-01 21:45:00,9.39
2022-11-01 22:00:00,9.37
2022-11-01 22:15:00,9.31
2022-11-01 22:30:00,9.31
2022-11-01 22:45:00,9.4
2022-11-01 23:00:00,9.27
2022-11-01 23:15:00,9.3
2022-11-01 23:30:00,9.24
2022-11-01 23:45:00,9.27
2022-11-02 00:00:00,9.47
2022-11-02 00:15:00,9.4
2022-11-02 00:30:00,9.61
2022-11-02 00:45:00,9.48
2022-11-02 01:00:00,9.47
2022-11-02 01:15:00,9.33
2022-11-02 01:30:00,9.36
2022-11-02 01:45:00,9.18
2022-11-02 02:00:00,8.69
2022-11-02 02:15:00,8.82
2022-11-02 02:30:00,8.97
2022-11-02 02:45:00,9.01
2022-11-02 03:00:00,9.13
2022-11-02 03:15:00,9.03
2022-11-02 03:30:00,9.03
2022-11-02 03:45:00,9.13
2022-11-02 04:00:00,9.19
2022-11-02 04:15:00,8.99
2022-11-02 04:30:00,8.86
2022-11-02 04:45:00,8.92
2022-11-02 05:00:00,9.21
2022-11-02 05:15:00,9.28
2022-11-02 05:30:00,9.21
2022-11-02 05:45:00,9.25
2022-11-02 06:00:00,9.12
2022-11-02 06:15:00,8.99
2022-11-02 06:30:00,8.92
2022-11-02 06:45:00,8.83
2022-11-02 07:00:00,8.82
2022-11-02 07:15:00,8.94
2022-11-02 07:30:00,9.06
2022-11-02 07:45:00,9.16
2022-11-02 08:00:00,9.23
2022-11-02 08:15:00,9.22
2022-11-02 08:30:00,9.35
2022-11-02 08:45:00,9.06
2022-11-02 09:00:00,9.34
2022-11-02 09:15:00,9.66
2022-11-02 09:30:00,9.37
2022-11-02 09:45:00,9.39
2022-11-02 10:00:00,9.44
2022-11-02 10:15:00,9.44
2022-11-02 10:30:00,9.3
2022-11-02 10:45:00,9.28
2022-11-02 11:00:00,9.43
2022-11-02 11:15:00,9.38
2022-11-02 11:30:00,9.5
2022-11-02 11:45:00,9.61
2022-11-02 12:00:00,9.63
2022-11-02 12:15:00,9.75
2022-11-02 12:30:00,9.73
2022-11-02 12:45:00,9.92
2022-11-02 13:00:00,9.95
2022-11-02 13:15:00,9.94
2022-11-02 13:30:00,9.95
2022-11-02 13:45:00,9.86
2022-11-02 14:00:00,9.85
2022-11-02 14:15:00,10
2022-11-02 14:30:00,9.94
2022-11-02 14:45:00,9.99
2022-11-02 15:00:00,9.98
2022-11-02 15:15:00,10.03
2022-11-02 15:30:00,9.93
2022-11-02 15:45:00,9.93
2022-11-02 16:00:00,9.92
2022-11-02 16:15:00,10
2022-11-02 16:30:00,10.03
2022-11-02 16:45:00,10.01
2022-11-02 17:00:00,10.05
2022-11-02 17:15:00,10.07
2022-11-02 17:30:00,10.05
2022-11-02 17:45:00,10.03
2022-11-02 18:00:00,10.06
2022-11-02 18:15:00,10.04
2022-11-02 18:30:00,10.07
2022-11-02 18:45:00,10.07
2022-11-02 19:00:00,10.12
2022-11-02 19:15:00,10.15
2022-11-02 19:30:00,10.13
2022-11-02 19:45:00,10.03
2022-11-02 20:00:00,10.01
2022-11-02 20:15:00,10
2022-11-02 20:30:00,9.96
2022-11-02 20:45:00,10.04
2022-11-02 21:00:00,10.1
2022-11-02 21:15:00,10.1
2022-11-02 21:30:00,10.04
2022-11-02 21:45:00,10.1
2022-11-02 22:00:00,10.08
2022-11-02 22:15:00,10.03
2022-11-02 22:30:00,10.01
2022-11-02 22:45:00,10.03
2022-11-02 23:00:00,10.03
2022-11-02 23:15:00,10.03
2022-11-02 23:30:00,10.01
2022-11-02 23:45:00,10
2022-11-03 00:00:00,9.99
2022-11-03 00:15:00,9.96
2022-11-03 00:30:00,9.89
2022-11-03 00:45:00,9.92
2022-11-03 01:00:00,9.93
2022-11-03 01:15:00,9.95
2022-11-03 01:30:00,9.87
2022-11-03 01:45:00,9.88
2022-11-03 02:00:00,9.85
2022-11-03 02:15:00,9.86
2022-11-03 02:30:00,9.84
2022-11-03 02:45:00,9.82
2022-11-03 03:00:00,9.82
2022-11-03 03:15:00,9.79
2022-11-03 03:30:00,9.78
2022-11-03 03:45:00,9.76
2022-11-03 04:00:00,9.76
2022-11-03 04:15:00,9.75
2022-11-03 04:30:00,9.75
2022-11-03 04:45:00,9.75
2022-11-03 05:00:00,9.63
2022-11-03 05:15:00,9.65
2022-11-03 05:30:00,9.51
2022-11-03 05:45:00,9.45
2022-11-03 06:00:00,9.41
2022-11-03 06:15:00,9.54
2022-11-03 06:30:00,9.3
2022-11-03 06:45:00,9.62
2022-11-03 07:00:00,9.71
2022-11-03 07:15:00,9.66
2022-11-03 07:30:00,9.79
2022-11-03 07:45:00,9.78
2022-11-03 08:00:00,9.79
2022-11-03 08:15:00,9.72
2022-11-03 08:30:00,9.65
2022-11-03 08:45:00,9.69
2022-11-03 09:00:00,9.78
2022-11-03 09:15:00,9.94
2022-11-03 09:30:00,9.8
2022-11-03 09:45:00,9.89
2022-11-03 10:00:00,9.89
2022-11-03 10:15:00,9.87
2022-11-03 10:30:00,9.8
2022-11-03 10:45:00,9.81
2022-11-03 11:00:00,9.69
2022-11-03 11:15:00,9.43
2022-11-03 11:30:00,9.45
2022-11-03 11:45:00,9.35
2022-11-03 12:00:00,9.39
2022-11-03 12:15:00,9.39
2022-11-03 12:30:00,9.46
2022-11-03 12:45:00,9.45
2022-11-03 13:00:00,9.54
2022-11-03 13:15:00,9.41
2022-11-03 13:30:00,9.35
2022-11-03 13:45:00,9.25
2022-11-03 14:00:00,9.37
2022-11-03 14:15:00,9.43
2022-11-03 14:30:00,9.5
2022-11-03 14:45:00,9.46
2022-11-03 15:00:00,9.35
2022-11-03 15:15:00,9.47
2022-11-03 15:30:00,9.31
2022-11-03 15:45:00,9.4
2022-11-03 16:00:00,9.46
2022-11-03 16:15:00,9.56
2022-11-03 16:30:00,9.46
2022-11-03 16:45:00,9.61
2022-11-03 17:00:00,9.65
2022-11-03 17:15:00,9.7
2022-11-03 17:30:00,9.71
2022-11-03 17:45:00,9.71
2022-11-03 18:00:00,9.72
2022-11-03 18:15:00,9.71
2022-11-03 18:30:00,9.7
2022-11-03 18:45:00,9.66
2022-11-03 19:00:00,9.46
2022-11-03 19:15:00,9.33
2022-11-03 19:30:00,9.46
2022-11-03 19:45:00,9.64
2022-11-03 20:00:00,9.59
2022-11-03 20:15:00,9.6
2022-11-03 20:30:00,9.6
2022-11-03 20:45:00,9.47
2022-11-03 21:00:00,9.52
2022-11-03 21:15:00,9.56
2022-11-03 21:30:00,9.55
2022-11-03 21:45:00,9.56
2022-11-03 22:00:00,9.57
2022-11-03 22:15:00,9.58
2022-11-03 22:30:00,9.55
2022-11-03 22:45:00,9.58
2022-11-03 23:00:00,9.56
2022-11-03 23:15:00,9.53
2022-11-03 23:30:00,9.57
2022-11-03 23:45:00,9.6
2022-11-04 00:00:00,9.6
2022-11-04 00:15:00,9.6
2022-11-04 00:30:00,9.59
2022-11-04 00:45:00,9.58
2022-11-04 01:00:00,9.56
2022-11-04 01:15:00,9.55
2022-11-04 01:30:00,9.55
2022-11-04 01:45:00,9.51
2022-11-04 02:00:00,9.53
2022-11-04 02:15:00,9.52
2022-11-04 02:30:00,9.52
2022-11-04 02:45:00,9.5
2022-11-04 03:00:00,9.48
2022-11-04 03:15:00,9.42
2022-11-04 03:30:00,9.47
2022-11-04 03:45:00,9.5
2022-11-04 04:00:00,9.49
2022-11-04 04:15:00,9.46
2022-11-04 04:30:00,9.48
2022-11-04 04:45:00,9.45
2022-11-04 05:00:00,9.42
2022-11-04 05:15:00,9.4
2022-11-04 05:30:00,9.41
2022-11-04 05:45:00,9.4
2022-11-04 06:00:00,9.4
2022-11-04 06:15:00,9.38
2022-11-04 06:30:00,9.35
2022-11-04 06:45:00,9.35
2022-11-04 07:00:00,9.32
2022-11-04 07:15:00,9.29
2022-11-04 07:30:00,9.31
2022-11-04 07:45:00,9.28
2022-11-04 08:00:00,9.16
2022-11-04 08:15:00,9.6
2022-11-04 08:30:00,9.44
2022-11-04 08:45:00,9.57
2022-11-04 09:00:00,9.67
2022-11-04 09:15:00,9.62
2022-11-04 09:30:00,10.1
2022-11-04 09:45:00,10.18
2022-11-04 10:00:00,10.25
2022-11-04 10:15:00,10.3
2022-11-04 10:30:00,10.33
2022-11-04 10:45:00,10.36
2022-11-04 11:00:00,10.36
2022-11-04 11:15:00,10.31
2022-11-04 11:30:00,10.28
2022-11-04 11:45:00,10.21
2022-11-04 12:00:00,10.17
2022-11-04 12:15:00,10.14
2022-11-04 12:30:00,10.08
2022-11-04 12:45:00,10.04
2022-11-04 13:00:00,9.99
2022-11-04 13:15:00,9.92
2022-11-04 13:30:00,9.89
2022-11-04 13:45:00,9.88
2022-11-04 14:00:00,9.85
2022-11-04 14:15:00,9.84
2022-11-04 14:30:00,9.82
2022-11-04 14:45:00,9.8
2022-11-04 15:00:00,9.78
2022-11-04 15:15:00,9.76
2022-11-04 15:30:00,9.76
2022-11-04 15:45:00,9.73
2022-11-04 16:00:00,9.74
2022-11-04 16:15:00,9.75
2022-11-04 16:30:00,9.77
2022-11-04 16:45:00,9.77
2022-11-04 17:00:00,9.88
2022-11-04 17:15:00,9.78
2022-11-04 17:30:00,9.79
2022-11-04 17:45:00,9.85
2022-11-04 18:00:00,9.79
2022-11-04 18:15:00,9.78
2022-11-04 18:30:00,9.81
2022-11-04 18:45:00,9.93
2022-11-04 19:00:00,10.01
2022-11-04 19:15:00,9.8
2022-11-04 19:30:00,9.84
2022-11-04 19:45:00,9.88
2022-11-04 20:00:00,9.8
2022-11-04 20:15:00,9.8
2022-11-04 20:30:00,9.83
2022-11-04 20:45:00,9.83
2022-11-04 21:00:00,9.82
2022-11-04 21:15:00,9.85
2022-11-04 21:30:00,9.88
2022-11-04 21:45:00,9.93
2022-11-04 22:00:00,9.99
2022-11-04 22:15:00,10.1
2022-11-04 22:30:00,9.95
2022-11-04 22:45:00,9.96
2022-11-04 23:00:00,9.97
2022-11-04 23:15:00,10.05
2022-11-04 23:30:00,10.13
2022-11-04 23:45:00,10.36
2022-11-05 00:00:00,9.97
2022-11-05 00:15:00,10.26
2022-11-05 00:30:00,10.03
2022-11-05 00:45:00,11.09
2022-11-05 01:00:00,10.57
2022-11-05 01:15:00,10.07
2022-11-05 01:30:00,11.73
2022-11-05 01:45:00,10.25
2022-11-05 02:00:00,10.46
2022-11-05 02:15:00,10.48
2022-11-05 02:30:00,10.07
2022-11-05 02:45:00,10.73
2022-11-05 03:00:00,10.04
2022-11-05 03:15:00,10.04
2022-11-05 03:30:00,10.04
2022-11-05 03:45:00,10.04
2022-11-05 04:00:00,10.02
2022-11-05 04:15:00,10.02
2022-11-05 04:30:00,10.03
2022-11-05 04:45:00,10.04
2022-11-05 05:00:00,10.05
2022-11-05 05:15:00,10.04
2022-11-05 05:30:00,10.05
2022-11-05 05:45:00,10.05
2022-11-05 06:00:00,10.06
2022-11-05 06:15:00,10.05
2022-11-05 06:30:00,10.01
2022-11-05 06:45:00,10.01
2022-11-05 07:00:00,10.01
2022-11-05 07:15:00,10.03
2022-11-05 07:30:00,10.03
2022-11-05 07:45:00,10.03
2022-11-05 08:00:00,10.02
2022-11-05 08:15:00,10.01
2022-11-05 08:30:00,10.05
2022-11-05 08:45:00,10.03
2022-11-05 09:00:00,10.04
2022-11-05 09:15:00,10.04
2022-11-05 09:30:00,10.08
2022-11-05 09:45:00,10.07
2022-11-05 10:00:00,10.06
2022-11-05 10:15:00,10.05
2022-11-05 10:30:00,10.24
2022-11-05 10:45:00,10.07
2022-11-05 11:00:00,10.06
2022-11-05 11:15:00,10.07
2022-11-05 11:30:00,10.04
2022-11-05 11:45:00,10.09
2022-11-05 12:00:00,10.26
2022-11-05 12:15:00,10.28
2022-11-05 12:30:00,10.3
2022-11-05 12:45:00,10.31
2022-11-05 13:00:00,10.3
2022-11-05 13:15:00,10.29
2022-11-05 13:30:00,10.32
2022-11-05 13:45:00,10.34
2022-11-05 14:00:00,10.17
2022-11-05 14:15:00,10.09
2022-11-05 14:30:00,10.07
2022-11-05 14:45:00,10.14
2022-11-05 15:00:00,10.15
2022-11-05 15:15:00,11.12
2022-11-05 15:30:00,10.97
2022-11-05 15:45:00,11.02
2022-11-05 16:00:00,11
2022-11-05 16:15:00,11
2022-11-05 16:30:00,11.03
2022-11-05 16:45:00,11
2022-11-05 17:00:00,10.99
2022-11-05 17:15:00,10.97
2022-11-05 17:30:00,10.99
2022-11-05 17:45:00,10.99
2022-11-05 18:00:00,11.01
2022-11-05 18:15:00,10.99
2022-11-05 18:30:00,11.03
2022-11-05 18:45:00,11.05
2022-11-05 19:00:00,10.97
2022-11-05 19:15:00,11.04
2022-11-05 19:30:00,11.02
2022-11-05 19:45:00,11.01
2022-11-05 20:00:00,10.96
2022-11-05 20:15:00,10.99
2022-11-05 20:30:00,11.01
2022-11-05 20:45:00,11.01
2022-11-05 21:00:00,11.02
2022-11-05 21:15:00,10.99
2022-11-05 21:30:00,11.01
2022-11-05 21:45:00,11.03
2022-11-05 22:00:00,11.04
2022-11-05 22:15:00,10.98
2022-11-05 22:30:00,11
2022-11-05 22:45:00,11.02
2022-11-05 23:00:00,10.96
2022-11-05 23:15:00,11
2022-11-05 23:30:00,11
2022-11-05 23:45:00,11.04
2022-11-06 00:00:00,11.06
2022-11-06 00:15:00,10.99
2022-11-06 00:30:00,10.99
2022-11-06 00:45:00,10.98
2022-11-06 01:00:00,10.97
2022-11-06 01:15:00,11.02
2022-11-06 01:30:00,11.01
2022-11-06 01:45:00,10.97
2022-11-06 02:00:00,11.03
2022-11-06 02:15:00,10.98
2022-11-06 02:30:00,10.99
2022-11-06 02:45:00,10.95
2022-11-06 03:00:00,10.97
2022-11-06 03:15:00,11.02
2022-11-06 03:30:00,10.97
2022-11-06 03:45:00,11
2022-11-06 04:00:00,11
2022-11-06 04:15:00,10.99
2022-11-06 04:30:00,10.95
2022-11-06 04:45:00,10.98
2022-11-06 05:00:00,10.96
2022-11-06 05:15:00,10.98
2022-11-06 05:30:00,10.98
2022-11-06 05:45:00,10.96
2022-11-06 06:00:00,10.98
2022-11-06 06:15:00,10.99
2022-11-06 06:30:00,10.98
2022-11-06 06:45:00,11
2022-11-06 07:00:00,10.99
2022-11-06 07:15:00,10.95
2022-11-06 07:30:00,10.95
2022-11-06 07:45:00,10.95
2022-11-06 08:00:00,10.96
2022-11-06 08:15:00,10.99
2022-11-06 08:30:00,10.97
2022-11-06 08:45:00,10.96
2022-11-06 09:00:00,10.97
2022-11-06 09:15:00,10.98
2022-11-06 09:30:00,10.96
2022-11-06 09:45:00,11
2022-11-06 10:00:00,10.98
2022-11-06 10:15:00,11
2022-11-06 10:30:00,10.97
2022-11-06 10:45:00,11.01
2022-11-06 11:00:00,10.97
2022-11-06 11:15:00,10.99
2022-11-06 11:30:00,10.96
2022-11-06 11:45:00,10.96
2022-11-06 12:00:00,10.98
2022-11-06 12:15:00,10.96
2022-11-06 12:30:00,12.77
2022-11-06 12:45:00,12.72
2022-11-06 13:00:00,12.75
2022-11-06 13:15:00,12.72
2022-11-06 13:30:00,12.92
2022-11-06 13:45:00,12.96
2022-11-06 14:00:00,12.81
2022-11-06 14:15:00,13.04
2022-11-06 14:30:00,12.81
2022-11-06 14:45:00,13.01
2022-11-06 15:00:00,12.78
2022-11-06 15:15:00,12.98
2022-11-06 15:30:00,13
2022-11-06 15:45:00,13
2022-11-06 16:00:00,13.24
2022-11-06 16:15:00,13.34
2022-11-06 16:30:00,13.3
2022-11-06 16:45:00,13.45
2022-11-06 17:00:00,13.34
2022-11-06 17:15:00,13.4
2022-11-06 17:30:00,13.37
2022-11-06 17:45:00,13.37
2022-11-06 18:00:00,13.21
2022-11-06 18:15:00,13.42
2022-11-06 18:30:00,13.4
2022-11-06 18:45:00,13.17
2022-11-06 19:00:00,13.26
2022-11-06 19:15:00,13.25
2022-11-06 19:30:00,13.15
2022-11-06 19:45:00,13.32
2022-11-06 20:00:00,13.23
2022-11-06 20:15:00,13.22
2022-11-06 20:30:00,13.15
2022-11-06 20:45:00,13.38
2022-11-06 21:00:00,13.24
2022-11-06 21:15:00,13.37
2022-11-06 21:30:00,13.37
2022-11-06 21:45:00,13.35
2022-11-06 22:00:00,13.17
2022-11-06 22:15:00,13.38
2022-11-06 22:30:00,13.41
2022-11-06 22:45:00,13.18
2022-11-06 23:00:00,13.35
2022-11-06 23:15:00,13.35
2022-11-06 23:30:00,13.2
2022-11-06 23:45:00,13.39
2022-11-07 00:00:00,13.23
2022-11-07 00:15:00,13.27
2022-11-07 00:30:00,13.38
2022-11-07 00:45:00,13.21
2022-11-07 01:00:00,13.2
2022-11-07 01:15:00,13.41
2022-11-07 01:30:00,13.42
2022-11-07 01:45:00,13.3
2022-11-07 02:00:00,13.18
2022-11-07 02:15:00,13.18
2022-11-07 02:30:00,13.21
2022-11-07 02:45:00,13.21
2022-11-07 03:00:00,13.16
2022-11-07 03:15:00,13.2
2022-11-07 03:30:00,13.3
2022-11-07 03:45:00,13.24
2022-11-07 04:00:00,13.23
2022-11-07 04:15:00,13.3
2022-11-07 04:30:00,13.35
2022-11-07 04:45:00,13.33
2022-11-07 05:00:00,13.29
2022-11-07 05:15:00,13.15
2022-11-07 05:30:00,13.29
2022-11-07 05:45:00,13.27
2022-11-07 06:00:00,13.32
2022-11-07 06:15:00,13.3
2022-11-07 06:30:00,13.29
2022-11-07 06:45:00,13.21
2022-11-07 07:00:00,13.14
2022-11-07 07:15:00,13.26
2022-11-07 07:30:00,13.24
2022-11-07 07:45:00,13.12
2022-11-07 08:00:00,13.08
2022-11-07 08:15:00,13.11
2022-11-07 08:30:00,13.13
2022-11-07 08:45:00,13.22
2022-11-07 09:00:00,13.12
2022-11-07 09:15:00,13.09
2022-11-07 09:30:00,13.22
2022-11-07 09:45:00,13.13
2022-11-07 10:00:00,13.05
2022-11-07 10:15:00,13.1
2022-11-07 10:30:00,13.05
2022-11-07 10:45:00,13.22
2022-11-07 11:00:00,13.19
2022-11-07 11:15:00,13.09
2022-11-07 11:30:00,13.26
2022-11-07 11:45:00,13.17
2022-11-07 12:00:00,13.24
2022-11-07 12:15:00,13.31
2022-11-07 12:30:00,13.33
2022-11-07 12:45:00,13.34
2022-11-07 13:00:00,13.16
2022-11-07 13:15:00,13.32
2022-11-07 13:30:00,13.27
2022-11-07 13:45:00,13.45
2022-11-07 14:00:00,13.45
2022-11-07 14:15:00,35.13
2022-11-07 14:30:00,37.8
2022-11-07 14:45:00,11.14
2022-11-07 15:00:00,11.11
2022-11-07 15:15:00,11.1
2022-11-07 15:30:00,11.19
2022-11-07 15:45:00,11.18
2022-11-07 16:00:00,11.18
2022-11-07 16:15:00,11.14
2022-11-07 16:30:00,11.17
2022-11-07 16:45:00,11.19
2022-11-07 17:00:00,11.22
2022-11-07 17:15:00,11.2
2022-11-07 17:30:00,11.21
2022-11-07 17:45:00,11.22
2022-11-07 18:00:00,11.22
2022-11-07 18:15:00,11.14
2022-11-07 18:30:00,11.23
2022-11-07 18:45:00,11.15
2022-11-07 19:00:00,11.13
2022-11-07 19:15:00,11.21
2022-11-07 19:30:00,11.14
2022-11-07 19:45:00,11.15
2022-11-07 20:00:00,11.19
2022-11-07 20:15:00,11.23
2022-11-07 20:30:00,11.22
2022-11-07 20:45:00,11.23
2022-11-07 21:00:00,11.17
2022-11-07 21:15:00,11.2
2022-11-07 21:30:00,11.14
2022-11-07 21:45:00,11.18
2022-11-07 22:00:00,11.21
2022-11-07 22:15:00,11.18
2022-11-07 22:30:00,11.15
2022-11-07 22:45:00,11.17
2022-11-07 23:00:00,11.12
2022-11-07 23:15:00,11.19
2022-11-07 23:30:00,11.23
2022-11-07 23:45:00,11.18
2022-11-08 00:00:00,11.14
2022-11-08 00:15:00,11.09
2022-11-08 00:30:00,11.11
2022-11-08 00:45:00,11.07
2022-11-08 01:00:00,11.2
2022-11-08 01:15:00,11.21
2022-11-08 01:30:00,11.1
2022-11-08 01:45:00,11.16
2022-11-08 02:00:00,11.11
2022-11-08 02:15:00,11.07
2022-11-08 02:30:00,11.19
2022-11-08 02:45:00,11.08
2022-11-08 03:00:00,11.18
2022-11-08 03:15:00,11.06
2022-11-08 03:30:00,11.2
2022-11-08 03:45:00,11.16
2022-11-08 04:00:00,11.08
2022-11-08 04:15:00,11.08
2022-11-08 04:30:00,11.04
2022-11-08 04:45:00,11.16
2022-11-08 05:00:00,11.17
2022-11-08 05:15:00,11.12
2022-11-08 05:30:00,11.06
2022-11-08 05:45:00,11.08
2022-11-08 06:00:00,11.13
2022-11-08 06:15:00,11.06
2022-11-08 06:30:00,11.09
2022-11-08 06:45:00,11.06
2022-11-08 07:00:00,11.07
2022-11-08 07:15:00,11.17
2022-11-08 07:30:00,11.14
2022-11-08 07:45:00,11.07
2022-11-08 08:00:00,11.13
2022-11-08 08:15:00,11.07
2022-11-08 08:30:00,11.09
2022-11-08 08:45:00,11.04
2022-11-08 09:00:00,11.04
2022-11-08 09:15:00,11.2
2022-11-08 09:30:00,11.08
2022-11-08 09:45:00,11.08
2022-11-08 10:00:00,11.16
2022-11-08 10:15:00,11.22
2022-11-08 10:30:00,11.19
2022-11-08 10:45:00,11.22
2022-11-08 11:00:00,14.38
2022-11-08 11:15:00,14.32
2022-11-08 11:30:00,14.42
2022-11-08 11:45:00,14.73
2022-11-08 12:00:00,14.72
2022-11-08 12:15:00,14.52
2022-11-08 12:30:00,14.31
2022-11-08 12:45:00,14.69
2022-11-08 13:00:00,14.76
2022-11-08 13:15:00,14.33
2022-11-08 13:30:00,14.63
2022-11-08 13:45:00,14.72
2022-11-08 14:00:00,14.94
2022-11-08 14:15:00,14.78
2022-11-08 14:30:00,15.18
2022-11-08 14:45:00,14.97
2022-11-08 15:00:00,15.22
2022-11-08 15:15:00,14.74
2022-11-08 15:30:00,14.56
2022-11-08 15:45:00,14.73
2022-11-08 16:00:00,14.55
2022-11-08 16:15:00,14.61
2022-11-08 16:30:00,15.45
2022-11-08 16:45:00,15.36
2022-11-08 17:00:00,15.42
2022-11-08 17:15:00,14.98
2022-11-08 17:30:00,15.06
2022-11-08 17:45:00,15.04
2022-11-08 18:00:00,15.18
2022-11-08 18:15:00,15.18
2022-11-08 18:30:00,15.53
2022-11-08 18:45:00,15.46
2022-11-08 19:00:00,15.25
2022-11-08 19:15:00,15.21
2022-11-08 19:30:00,15.23
2022-11-08 19:45:00,15.42
2022-11-08 20:00:00,14.91
2022-11-08 20:15:00,15.21
2022-11-08 20:30:00,15.01
2022-11-08 20:45:00,15
2022-11-08 21:00:00,15.2
2022-11-08 21:15:00,14.93
2022-11-08 21:30:00,15.21
2022-11-08 21:45:00,15.12
2022-11-08 22:00:00,15.16
2022-11-08 22:15:00,14.74
2022-11-08 22:30:00,15.32
2022-11-08 22:45:00,14.83
2022-11-08 23:00:00,15.31
2022-11-08 23:15:00,15.17
2022-11-08 23:30:00,15.38
2022-11-08 23:45:00,15.31
2022-11-09 00:00:00,15.24
2022-11-09 00:15:00,14.75
2022-11-09 00:30:00,15.15
2022-11-09 00:45:00,14.9
2022-11-09 01:00:00,15.27
2022-11-09 01:15:00,15.13
2022-11-09 01:30:00,14.78
2022-11-09 01:45:00,15.27
2022-11-09 02:00:00,15.1
2022-11-09 02:15:00,14.84
2022-11-09 02:30:00,14.82
2022-11-09 02:45:00,15.07
2022-11-09 03:00:00,14.83
2022-11-09 03:15:00,14.69
2022-11-09 03:30:00,14.88
2022-11-09 03:45:00,15.02
2022-11-09 04:00:00,14.75
2022-11-09 04:15:00,15.05
2022-11-09 04:30:00,14.94
2022-11-09 04:45:00,14.63
2022-11-09 05:00:00,15.03
2022-11-09 05:15:00,14.99
2022-11-09 05:30:00,14.83
2022-11-09 05:45:00,14.37
2022-11-09 06:00:00,14.79
2022-11-09 06:15:00,14.63
2022-11-09 06:30:00,14.77
2022-11-09 06:45:00,14.62
2022-11-09 07:00:00,14.74
2022-11-09 07:15:00,14.27
2022-11-09 07:30:00,14.22
2022-11-09 07:45:00,14.73
2022-11-09 08:00:00,14.11
2022-11-09 08:15:00,14.33
2022-11-09 08:30:00,14.13
2022-11-09 08:45:00,14.35
2022-11-09 09:00:00,14.26
2022-11-09 09:15:00,14.46
2022-11-09 09:30:00,14.58
2022-11-09 09:45:00,14.22
2022-11-09 10:00:00,14.62
2022-11-09 10:15:00,14.71
2022-11-09 10:30:00,14.17
2022-11-09 10:45:00,14.37
2022-11-09 11:00:00,14.15
2022-11-09 11:15:00,14.02
2022-11-09 11:30:00,14.33
2022-11-09 11:45:00,14.44
2022-11-09 12:00:00,14.25
2022-11-09 12:15:00,14.55
2022-11-09 12:30:00,14.69
2022-11-09 12:45:00,14.31
2022-11-09 13:00:00,14.16
2022-11-09 13:15:00,14.82
2022-11-09 13:30:00,14.19
2022-11-09 13:45:00,14.45
2022-11-09 14:00:00,14.43
2022-11-09 14:15:00,14.74
2022-11-09 14:30:00,14.31
2022-11-09 14:45:00,14.86
2022-11-09 15:00:00,14.58
2022-11-09 15:15:00,14.74
2022-11-09 15:30:00,14.39
2022-11-09 15:45:00,14.66
2022-11-09 16:00:00,28
2022-11-09 16:15:00,28.58
2022-11-09 16:30:00,29.99
2022-11-09 16:45:00,27.4
2022-11-09 17:00:00,29.23
2022-11-09 17:15:00,29.27
2022-11-09 17:30:00,29.03
2022-11-09 17:45:00,27.42
2022-11-09 18:00:00,28.98
2022-11-09 18:15:00,26.08
2022-11-09 18:30:00,23.93
2022-11-09 18:45:00,22.52
2022-11-09 19:00:00,20.67
2022-11-09 19:15:00,20.54
2022-11-09 19:30:00,19.49
2022-11-09 19:45:00,18.51
2022-11-09 20:00:00,18
2022-11-09 20:15:00,18.48
2022-11-09 20:30:00,18.32
2022-11-09 20:45:00,19.02
2022-11-09 21:00:00,18.67
2022-11-09 21:15:00,17.82
2022-11-09 21:30:00,18.21
2022-11-09 21:45:00,18.65
2022-11-09 22:00:00,17.99
2022-11-09 22:15:00,18.77
2022-11-09 22:30:00,18.76
2022-11-09 22:45:00,18.46
2022-11-09 23:00:00,17.97
2022-11-09 23:15:00,18.57
2022-11-09 23:30:00,18.41
2022-11-09 23:45:00,18.2
2022-11-10 00:00:00,18.59
2022-11-10 00:15:00,18.12
2022-11-10 00:30:00,18.03
2022-11-10 00:45:00,18.22
2022-11-10 01:00:00,17.83
2022-11-10 01:15:00,18.66
2022-11-10 01:30:00,18.12
2022-11-10 01:45:00,18.43
2022-11-10 02:00:00,18.64
2022-11-10 02:15:00,18.01
2022-11-10 02:30:00,18.66
2022-11-10 02:45:00,18.03
2022-11-10 03:00:00,17.83
2022-11-10 03:15:00,18.44
2022-11-10 03:30:00,18.74
2022-11-10 03:45:00,18.71
2022-11-10 04:00:00,18.51
2022-11-10 04:15:00,18.42
2022-11-10 04:30:00,18.11
2022-11-10 04:45:00,18.15
2022-11-10 05:00:00,17.91
2022-11-10 05:15:00,18.34
2022-11-10 05:30:00,18.06
2022-11-10 05:45:00,18.49
2022-11-10 06:00:00,18.32
2022-11-10 06:15:00,18.02
2022-11-10 06:30:00,18.07
2022-11-10 06:45:00,18.05
2022-11-10 07:00:00,18.52
2022-11-10 07:15:00,17.79
2022-11-10 07:30:00,18.58
2022-11-10 07:45:00,17.92
2022-11-10 08:00:00,18.83
2022-11-10 08:15:00,18.63
2022-11-10 08:30:00,18.21
2022-11-10 08:45:00,18.22
2022-11-10 09:00:00,18.58
2022-11-10 09:15:00,18.84
2022-11-10 09:30:00,18.02
2022-11-10 09:45:00,18.35
2022-11-10 10:00:00,18.32
2022-11-10 10:15:00,18.26
2022-11-10 10:30:00,17.86
2022-11-10 10:45:00,17.77
2022-11-10 11:00:00,18.12
2022-11-10 11:15:00,18.42
2022-11-10 11:30:00,18.03
2022-11-10 11:45:00,18.03
2022-11-10 12:00:00,18.56
2022-11-10 12:15:00,18.37
2022-11-10 12:30:00,18.41
2022-11-10 12:45:00,18.7
2022-11-10 13:00:00,17.71
2022-11-10 13:15:00,17.75
2022-11-10 13:30:00,17.97
2022-11-10 13:45:00,17.7
2022-11-10 14:00:00,18.5
2022-11-10 14:15:00,17.62
2022-11-10 14:30:00,18.79
2022-11-10 14:45:00,18.06
2022-11-10 15:00:00,18.36
2022-11-10 15:15:00,17.82
2022-11-10 15:30:00,17.65
2022-11-10 15:45:00,18.4
2022-11-10 16:00:00,18.16
2022-11-10 16:15:00,18.62
2022-11-10 16:30:00,17.76
2022-11-10 16:45:00,18.51
2022-11-10 17:00:00,18.43
2022-11-10 17:15:00,18.05
2022-11-10 17:30:00,18.45
2022-11-10 17:45:00,18.1
2022-11-10 18:00:00,17.43
2022-11-10 18:15:00,18.12
2022-11-10 18:30:00,18.17
2022-11-10 18:45:00,18.12
2022-11-10 19:00:00,18.31
2022-11-10 19:15:00,18.09
2022-11-10 19:30:00,18.35
2022-11-10 19:45:00,18.08
2022-11-10 20:00:00,18.32
2022-11-10 20:15:00,18.46
2022-11-10 20:30:00,18.45
2022-11-10 20:45:00,18.1
2022-11-10 21:00:00,18.2
2022-11-10 21:15:00,17.48
2022-11-10 21:30:00,17.72
2022-11-10 21:45:00,18.38
2022-11-10 22:00:00,18.2
2022-11-10 22:15:00,18.07
2022-11-10 22:30:00,18.02
2022-11-10 22:45:00,18.04
2022-11-10 23:00:00,17.37
2022-11-10 23:15:00,18.07
2022-11-10 23:30:00,18.11
2022-11-10 23:45:00,17.43
2022-11-11 00:00:00,17.32
2022-11-11 00:15:00,17.38
2022-11-11 00:30:00,17.4
2022-11-11 00:45:00,18.08
2022-11-11 01:00:00,17.75
2022-11-11 01:15:00,17.51
2022-11-11 01:30:00,18.03
2022-11-11 01:45:00,18.26
2022-11-11 02:00:00,17.33
2022-11-11 02:15:00,17.96
2022-11-11 02:30:00,17.36
2022-11-11 02:45:00,18.34
2022-11-11 03:00:00,18.06
2022-11-11 03:15:00,17.89
2022-11-11 03:30:00,18.24
2022-11-11 03:45:00,17.72
2022-11-11 04:00:00,17.93
2022-11-11 04:15:00,17.26
2022-11-11 04:30:00,17.39
2022-11-11 04:45:00,18.31
2022-11-11 05:00:00,17.71
2022-11-11 05:15:00,18.25
2022-11-11 05:30:00,17.62
2022-11-11 05:45:00,17.61
2022-11-11 06:00:00,17.5
2022-11-11 06:15:00,17.46
2022-11-11 06:30:00,17.23
2022-11-11 06:45:00,17.53
2022-11-11 07:00:00,17.94
2022-11-11 07:15:00,17.33
2022-11-11 07:30:00,17.9
2022-11-11 07:45:00,17.22
2022-11-11 08:00:00,17.97
2022-11-11 08:15:00,18.23
2022-11-11 08:30:00,17.67
2022-11-11 08:45:00,17.87
2022-11-11 09:00:00,17.89
2022-11-11 09:15:00,17.8
2022-11-11 09:30:00,17.64
2022-11-11 09:45:00,17.56
2022-11-11 10:00:00,17.69
2022-11-11 10:15:00,17.55
2022-11-11 10:30:00,18.45
2022-11-11 10:45:00,18.46
2022-11-11 11:00:00,17.53
2022-11-11 11:15:00,17.91
2022-11-11 11:30:00,17.69
2022-11-11 11:45:00,18.28
2022-11-11 12:00:00,17.9
2022-11-11 12:15:00,17.45
2022-11-11 12:30:00,18.32
2022-11-11 12:45:00,18.59
2022-11-11 13:00:00,18.17
2022-11-11 13:15:00,17.42
2022-11-11 13:30:00,17.87
2022-11-11 13:45:00,17.76
2022-11-11 14:00:00,17.75
2022-11-11 14:15:00,18.52
2022-11-11 14:30:00,18.32
2022-11-11 14:45:00,18.47
2022-11-11 15:00:00,17.41
2022-11-11 15:15:00,18.56
2022-11-11 15:30:00,18.21
2022-11-11 15:45:00,17.38
2022-11-11 16:00:00,18.4
2022-11-11 16:15:00,18.19
2022-11-11 16:30:00,18.5
2022-11-11 16:45:00,17.67
2022-11-11 17:00:00,17.57
2022-11-11 17:15:00,17.64
2022-11-11 17:30:00,18.03
2022-11-11 17:45:00,18.26
2022-11-11 18:00:00,17.61
2022-11-11 18:15:00,18.15
2022-11-11 18:30:00,17.67
2022-11-11 18:45:00,18.27
2022-11-11 19:00:00,18.21
2022-11-11 19:15:00,17.96
2022-11-11 19:30:00,17.95
2022-11-11 19:45:00,18.23
2022-11-11 20:00:00,17.97
2022-11-11 20:15:00,17.57
2022-11-11 20:30:00,17.6
2022-11-11 20:45:00,18.24
2022-11-11 21:00:00,18
2022-11-11 21:15:00,17.57
2022-11-11 21:30:00,18.39
2022-11-11 21:45:00,18
2022-11-11 22:00:00,17.93
2022-11-11 22:15:00,17.32
2022-11-11 22:30:00,17.56
2022-11-11 22:45:00,18.22
2022-11-11 23:00:00,17.91
2022-11-11 23:15:00,18.28
2022-11-11 23:30:00,17.91
2022-11-11 23:45:00,17.37
2022-11-12 00:00:00,17.55
2022-11-12 00:15:00,18.03
2022-11-12 00:30:00,17.91
2022-11-12 00:45:00,17.23
2022-11-12 01:00:00,17.95
2022-11-12 01:15:00,17.7
2022-11-12 01:30:00,17.89
2022-11-12 01:45:00,17.91
2022-11-12 02:00:00,17.48
2022-11-12 02:15:00,17.91
2022-11-12 02:30:00,17.48
2022-11-12 02:45:00,17.67
2022-11-12 03:00:00,18.2
2022-11-12 03:15:00,18.17
2022-11-12 03:30:00,18.07
2022-11-12 03:45:00,18.03
2022-11-12 04:00:00,17.61
2022-11-12 04:15:00,18.05
2022-11-12 04:30:00,17.67
2022-11-12 04:45:00,17.61
2022-11-12 05:00:00,17.91
2022-11-12 05:15:00,17.57
2022-11-12 05:30:00,17.31
2022-11-12 05:45:00,17.55
2022-11-12 06:00:00,17.24
2022-11-12 06:15:00,18.31
2022-11-12 06:30:00,17.55
2022-11-12 06:45:00,18.03
2022-11-12 07:00:00,17.62
2022-11-12 07:15:00,17.21
2022-11-12 07:30:00,18.02
2022-11-12 07:45:00,17.65
2022-11-12 08:00:00,17.46
2022-11-12 08:15:00,17.92
2022-11-12 08:30:00,17.79
2022-11-12 08:45:00,18.15
2022-11-12 09:00:00,18.16
2022-11-12 09:15:00,17.61
2022-11-12 09:30:00,17.45
2022-11-12 09:45:00,17.23
2022-11-12 10:00:00,18.05
2022-11-12 10:15:00,17.36
2022-11-12 10:30:00,18.12
2022-11-12 10:45:00,17.63
2022-11-12 11:00:00,17.89
2022-11-12 11:15:00,17.77
2022-11-12 11:30:00,18
2022-11-12 11:45:00,17.92
2022-11-12 12:00:00,17.27
2022-11-12 12:15:00,17.96
2022-11-12 12:30:00,17.09
2022-11-12 12:45:00,17.61
2022-11-12 13:00:00,17.2
2022-11-12 13:15:00,17.18
2022-11-12 13:30:00,17.82
2022-11-12 13:45:00,17.02
2022-11-12 14:00:00,16.77
2022-11-12 14:15:00,16.58
2022-11-12 14:30:00,17.47
2022-11-12 14:45:00,17.44
2022-11-12 15:00:00,16.56
2022-11-12 15:15:00,16.9
2022-11-12 15:30:00,17.56
2022-11-12 15:45:00,16.92
2022-11-12 16:00:00,17.72
2022-11-12 16:15:00,16.98
2022-11-12 16:30:00,17.37
2022-11-12 16:45:00,17.37
2022-11-12 17:00:00,17.1
2022-11-12 17:15:00,17.6
2022-11-12 17:30:00,17.44
2022-11-12 17:45:00,16.91
2022-11-12 18:00:00,17.51
2022-11-12 18:15:00,17.66
2022-11-12 18:30:00,17.52
2022-11-12 18:45:00,17.67
2022-11-12 19:00:00,17.47
2022-11-12 19:15:00,17.12
2022-11-12 19:30:00,17.71
2022-11-12 19:45:00,17.37
2022-11-12 20:00:00,17.42
2022-11-12 20:15:00,17.53
2022-11-12 20:30:00,17.13
2022-11-12 20:45:00,17.08
2022-11-12 21:00:00,17.2
2022-11-12 21:15:00,17.08
2022-11-12 21:30:00,17.02
2022-11-12 21:45:00,17.04
2022-11-12 22:00:00,17.36
2022-11-12 22:15:00,16.79
2022-11-12 22:30:00,17.41
2022-11-12 22:45:00,17.26
2022-11-12 23:00:00,17.07
2022-11-12 23:15:00,16.92
2022-11-12 23:30:00,17.4
2022-11-12 23:45:00,17.7
2022-11-13 00:00:00,17.11
2022-11-13 00:15:00,17.49
2022-11-13 00:30:00,17.34
2022-11-13 00:45:00,17.13
2022-11-13 01:00:00,17.29
2022-11-13 01:15:00,16.89
2022-11-13 01:30:00,17.41
2022-11-13 01:45:00,17.51
2022-11-13 02:00:00,17.35
2022-11-13 02:15:00,17.76
2022-11-13 02:30:00,17.16
2022-11-13 02:45:00,17.64
2022-11-13 03:00:00,17.32
2022-11-13 03:15:00,17.04
2022-11-13 03:30:00,16.85
2022-11-13 03:45:00,17.13
2022-11-13 04:00:00,17.4
2022-11-13 04:15:00,17.05
2022-11-13 04:30:00,16.78
2022-11-13 04:45:00,17.04
2022-11-13 05:00:00,17.37
2022-11-13 05:15:00,17.56
2022-11-13 05:30:00,17.47
2022-11-13 05:45:00,16.84
2022-11-13 06:00:00,17.41
2022-11-13 06:15:00,17.04
2022-11-13 06:30:00,17.36
2022-11-13 06:45:00,17.4
2022-11-13 07:00:00,16.74
2022-11-13 07:15:00,17.2
2022-11-13 07:30:00,17.3
2022-11-13 07:45:00,16.86
2022-11-13 08:00:00,16.81
2022-11-13 08:15:00,17.46
2022-11-13 08:30:00,17.63
2022-11-13 08:45:00,17.13
2022-11-13 09:00:00,17.15
2022-11-13 09:15:00,17.13
2022-11-13 09:30:00,17.53
2022-11-13 09:45:00,17.65
2022-11-13 10:00:00,17.14
2022-11-13 10:15:00,17.09
2022-11-13 10:30:00,17.71
2022-11-13 10:45:00,17.01
2022-11-13 11:00:00,17.88
2022-11-13 11:15:00,17.62
2022-11-13 11:30:00,17.14
2022-11-13 11:45:00,17.61
2022-11-13 12:00:00,16.98
2022-11-13 12:15:00,17.48
2022-11-13 12:30:00,17.11
2022-11-13 12:45:00,17.1
2022-11-13 13:00:00,16.84
2022-11-13 13:15:00,16.76
2022-11-13 13:30:00,17.09
2022-11-13 13:45:00,17.56
2022-11-13 14:00:00,17.61
2022-11-13 14:15:00,17.19
2022-11-13 14:30:00,17.02
2022-11-13 14:45:00,17.79
2022-11-13 15:00:00,17.75
2022-11-13 15:15:00,16.98
2022-11-13 15:30:00,17.93
2022-11-13 15:45:00,17.19
2022-11-13 16:00:00,17.57
2022-11-13 16:15:00,16.81
2022-11-13 16:30:00,16.8
2022-11-13 16:45:00,16.98
2022-11-13 17:00:00,17.32
2022-11-13 17:15:00,17.67
2022-11-13 17:30:00,17.84
2022-11-13 17:45:00,17.69
2022-11-13 18:00:00,17.42
2022-11-13 18:15:00,16.66
2022-11-13 18:30:00,17.67
2022-11-13 18:45:00,17.76
2022-11-13 19:00:00,17.64
2022-11-13 19:15:00,16.86
2022-11-13 19:30:00,17.57
2022-11-13 19:45:00,17.74
2022-11-13 20:00:00,17.55
2022-11-13 20:15:00,16.71
2022-11-13 20:30:00,17.78
2022-11-13 20:45:00,17.09
2022-11-13 21:00:00,17.78
2022-11-13 21:15:00,17.41
2022-11-13 21:30:00,17.62
2022-11-13 21:45:00,17.19
2022-11-13 22:00:00,16.78
2022-11-13 22:15:00,17.53
2022-11-13 22:30:00,17.02
2022-11-13 22:45:00,17.37
2022-11-13 23:00:00,17.41
2022-11-13 23:15:00,17.03
2022-11-13 23:30:00,17.83
2022-11-13 23:45:00,17.06
2022-11-14 00:00:00,16.71
2022-11-14 00:15:00,17.79
2022-11-14 00:30:00,17.31
2022-11-14 00:45:00,16.68
2022-11-14 01:00:00,17.02
2022-11-14 01:15:00,17.75
2022-11-14 01:30:00,17.51
2022-11-14 01:45:00,16.79
2022-11-14 02:00:00,17.37
2022-11-14 02:15:00,17.42
2022-11-14 02:30:00,17.05
2022-11-14 02:45:00,17.54
2022-11-14 03:00:00,16.83
2022-11-14 03:15:00,16.93
2022-11-14 03:30:00,17.42
2022-11-14 03:45:00,17.67
2022-11-14 04:00:00,17.41
2022-11-14 04:15:00,17.05
2022-11-14 04:30:00,16.78
2022-11-14 04:45:00,17.01
2022-11-14 05:00:00,17.48
2022-11-14 05:15:00,17.41
2022-11-14 05:30:00,17.17
2022-11-14 05:45:00,17.39
2022-11-14 06:00:00,17.37
2022-11-14 06:15:00,17.01
2022-11-14 06:30:00,17.39
2022-11-14 06:45:00,17.75
2022-11-14 07:00:00,16.69
2022-11-14 07:15:00,17.55
2022-11-14 07:30:00,17.24
2022-11-14 07:45:00,17.36
2022-11-14 08:00:00,17.45
2022-11-14 08:15:00,17
2022-11-14 08:30:00,16.82
2022-11-14 08:45:00,16.97
2022-11-14 09:00:00,17.43
2022-11-14 09:15:00,17.43
2022-11-14 09:30:00,17.49
2022-11-14 09:45:00,17.03
2022-11-14 10:00:00,17.32
2022-11-14 10:15:00,16.66
2022-11-14 10:30:00,17.79
2022-11-14 10:45:00,17.45
2022-11-14 11:00:00,17.24
2022-11-14 11:15:00,17.6
2022-11-14 11:30:00,17.42
2022-11-14 11:45:00,17.75
2022-11-14 12:00:00,17.46
2022-11-14 12:15:00,17.51
2022-11-14 12:30:00,17.33
2022-11-14 12:45:00,16.64
2022-11-14 13:00:00,17.4
2022-11-14 13:15:00,17.52
2022-11-14 13:30:00,16.74
2022-11-14 13:45:00,17.29
2022-11-14 14:00:00,17.4
2022-11-14 14:15:00,17.13
2022-11-14 14:30:00,16.68
2022-11-14 14:45:00,17.35
2022-11-14 15:00:00,17.55
2022-11-14 15:15:00,17.04
2022-11-14 15:30:00,17.63
2022-11-14 15:45:00,17.06
2022-11-14 16:00:00,16.6
2022-11-14 16:15:00,17.01
2022-11-14 16:30:00,17.38
2022-11-14 16:45:00,16.68
2022-11-14 17:00:00,16.89
2022-11-14 17:15:00,16.71
2022-11-14 17:30:00,17.54
2022-11-14 17:45:00,16.68
2022-11-14 18:00:00,17.27
2022-11-14 18:15:00,16.85
2022-11-14 18:30:00,16.84
2022-11-14 18:45:00,16.87
2022-11-14 19:00:00,17.55
2022-11-14 19:15:00,16.49
2022-11-14 19:30:00,16.92
2022-11-14 19:45:00,17.09
2022-11-14 20:00:00,16.83
2022-11-14 20:15:00,16.8
2022-11-14 20:30:00,17.25
2022-11-14 20:45:00,17.42
2022-11-14 21:00:00,16.84
2022-11-14 21:15:00,16.44
2022-11-14 21:30:00,17.07
2022-11-14 21:45:00,16.84
2022-11-14 22:00:00,17.49
2022-11-14 22:15:00,16.45
2022-11-14 22:30:00,16.66
2022-11-14 22:45:00,17.33
2022-11-14 23:00:00,16.67
2022-11-14 23:15:00,17.08
2022-11-14 23:30:00,17.45
2022-11-14 23:45:00,16.43
2022-11-15 00:00:00,17.46
2022-11-15 00:15:00,17.05
2022-11-15 00:30:00,16.8
2022-11-15 00:45:00,16.68
2022-11-15 01:00:00,16.7
2022-11-15 01:15:00,16.77
2022-11-15 01:30:00,17.11
2022-11-15 01:45:00,17.14
2022-11-15 02:00:00,16.39
2022-11-15 02:15:00,17.04
2022-11-15 02:30:00,16.75
2022-11-15 02:45:00,16.46
2022-11-15 03:00:00,16.75
2022-11-15 03:15:00,16.8
2022-11-15 03:30:00,17.07
2022-11-15 03:45:00,16.43
2022-11-15 04:00:00,17.24
2022-11-15 04:15:00,17.3
2022-11-15 04:30:00,16.66
2022-11-15 04:45:00,16.74
2022-11-15 05:00:00,16.95
2022-11-15 05:15:00,16.36
2022-11-15 05:30:00,16.76
2022-11-15 05:45:00,17.02
2022-11-15 06:00:00,17.07
2022-11-15 06:15:00,17.17
2022-11-15 06:30:00,17.2
2022-11-15 06:45:00,16.63
2022-11-15 07:00:00,16.96
2022-11-15 07:15:00,15.81
2022-11-15 07:30:00,16.87
2022-11-15 07:45:00,17.1
2022-11-15 08:00:00,17
2022-11-15 08:15:00,16.98
2022-11-15 08:30:00,16.69
2022-11-15 08:45:00,16.91
2022-11-15 09:00:00,16.96
2022-11-15 09:15:00,17.25
2022-11-15 09:30:00,17.01
2022-11-15 09:45:00,17.05
2022-11-15 10:00:00,16.95
2022-11-15 10:15:00,16.99
2022-11-15 10:30:00,17.43
2022-11-15 10:45:00,17.12
2022-11-15 11:00:00,16.69
2022-11-15 11:15:00,16.78
2022-11-15 11:30:00,17.31
2022-11-15 11:45:00,17.38
2022-11-15 12:00:00,17.02
2022-11-15 12:15:00,17.7
2022-11-15 12:30:00,17.53
2022-11-15 12:45:00,16.96
2022-11-15 13:00:00,16.98
2022-11-15 13:15:00,16.85
2022-11-15 13:30:00,17.14
2022-11-15 13:45:00,16.99
2022-11-15 14:00:00,17.83
2022-11-15 14:15:00,17.39
2022-11-15 14:30:00,17.04
2022-11-15 14:45:00,16.77
2022-11-15 15:00:00,17.78
2022-11-15 15:15:00,16.87
2022-11-15 15:30:00,17.42
2022-11-15 15:45:00,17.13
2022-11-15 16:00:00,16.65
2022-11-15 16:15:00,17.29
2022-11-15 16:30:00,16.9
2022-11-15 16:45:00,16.51
2022-11-15 17:00:00,17.32
2022-11-15 17:15:00,16.53
2022-11-15 17:30:00,17.07
2022-11-15 17:45:00,16.57
2022-11-15 18:00:00,16.67
2022-11-15 18:15:00,16.66
2022-11-15 18:30:00,17.13
2022-11-15 18:45:00,16.84
2022-11-15 19:00:00,17.22
2022-11-15 19:15:00,17.1
2022-11-15 19:30:00,16.52
2022-11-15 19:45:00,16.74
2022-11-15 20:00:00,16.78
2022-11-15 20:15:00,16.6
2022-11-15 20:30:00,17.43
2022-11-15 20:45:00,17.41
2022-11-15 21:00:00,17.27
2022-11-15 21:15:00,16.64
2022-11-15 21:30:00,16.71
2022-11-15 21:45:00,16.99
2022-11-15 22:00:00,16.97
2022-11-15 22:15:00,17.28
2022-11-15 22:30:00,17.37
2022-11-15 22:45:00,16.66
2022-11-15 23:00:00,17.07
2022-11-15 23:15:00,16.4
2022-11-15 23:30:00,17.2
2022-11-15 23:45:00,16.42
2022-11-16 00:00:00,16.73
2022-11-16 00:15:00,17.38
2022-11-16 00:30:00,16.79
2022-11-16 00:45:00,17.41
2022-11-16 01:00:00,17.37
2022-11-16 01:15:00,17.04
2022-11-16 01:30:00,17.02
2022-11-16 01:45:00,16.68
2022-11-16 02:00:00,16.68
2022-11-16 02:15:00,16.71
2022-11-16 02:30:00,16.93
2022-11-16 02:45:00,16.97
2022-11-16 03:00:00,16.92
2022-11-16 03:15:00,16.42
2022-11-16 03:30:00,16.68
2022-11-16 03:45:00,16.99
2022-11-16 04:00:00,17.22
2022-11-16 04:15:00,17.03
2022-11-16 04:30:00,16.87
2022-11-16 04:45:00,16.38
2022-11-16 05:00:00,17.26
2022-11-16 05:15:00,16.97
2022-11-16 05:30:00,16.13
2022-11-16 05:45:00,16.13
2022-11-16 06:00:00,16.13
2022-11-16 06:15:00,16.37
2022-11-16 06:30:00,17.13
2022-11-16 06:45:00,16.91
2022-11-16 07:00:00,17.32
2022-11-16 07:15:00,16.75
2022-11-16 07:30:00,17.24
2022-11-16 07:45:00,17.12
2022-11-16 08:00:00,17.12
2022-11-16 08:15:00,17.18
2022-11-16 08:30:00,16.63
2022-11-16 08:45:00,17.3
2022-11-16 09:00:00,16.33
2022-11-16 09:15:00,17.17
2022-11-16 09:30:00,17.3
2022-11-16 09:45:00,16.45
2022-11-16 10:00:00,16.82
2022-11-16 10:15:00,16.9
2022-11-16 10:30:00,17.22
2022-11-16 10:45:00,17.04
2022-11-16 11:00:00,17.03
2022-11-16 11:15:00,17.22
2022-11-16 11:30:00,16.93
2022-11-16 11:45:00,16.62
2022-11-16 12:00:00,16.46
2022-11-16 12:15:00,17.01
2022-11-16 12:30:00,16.9
2022-11-16 12:45:00,16.87
2022-11-16 13:00:00,17.24
2022-11-16 13:15:00,16.76
2022-11-16 13:30:00,16.93
2022-11-16 13:45:00,16.93
2022-11-16 14:00:00,16.55
2022-11-16 14:15:00,17.24
2022-11-16 14:30:00,16.31
2022-11-16 14:45:00,17.36
2022-11-16 15:00:00,17.28
2022-11-16 15:15:00,17.31
2022-11-16 15:30:00,16.65
2022-11-16 15:45:00,17.02
2022-11-16 16:00:00,16.78
2022-11-16 16:15:00,17.23
2022-11-16 16:30:00,16.98
2022-11-16 16:45:00,16.5
2022-11-16 17:00:00,16.29
2022-11-16 17:15:00,17.16
2022-11-16 17:30:00,16.52
2022-11-16 17:45:00,16.56
2022-11-16 18:00:00,17.08
2022-11-16 18:15:00,17.06
2022-11-16 18:30:00,17.25
2022-11-16 18:45:00,16.96
2022-11-16 19:00:00,17
2022-11-16 19:15:00,16.48
2022-11-16 19:30:00,16.63
2022-11-16 19:45:00,17.09
2022-11-16 20:00:00,17.02
2022-11-16 20:15:00,17.17
2022-11-16 20:30:00,16.98
2022-11-16 20:45:00,16.94
2022-11-16 21:00:00,17.31
2022-11-16 21:15:00,16.46
2022-11-16 21:30:00,17.29
2022-11-16 21:45:00,16.29
2022-11-16 22:00:00,17.02
2022-11-16 22:15:00,17.06
2022-11-16 22:30:00,17.24
2022-11-16 22:45:00,16.29
2022-11-16 23:00:00,16.41
2022-11-16 23:15:00,16.33
2022-11-16 23:30:00,16.96
2022-11-16 23:45:00,16.49
2022-11-17 00:00:00,16.84
2022-11-17 00:15:00,16.15
2022-11-17 00:30:00,16.34
2022-11-17 00:45:00,16.9
2022-11-17 01:00:00,16.56
2022-11-17 01:15:00,16.9
2022-11-17 01:30:00,16.92
2022-11-17 01:45:00,16.22
2022-11-17 02:00:00,16.88
2022-11-17 02:15:00,16.83
2022-11-17 02:30:00,17
2022-11-17 02:45:00,16.63
2022-11-17 03:00:00,16.3
2022-11-17 03:15:00,16.78
2022-11-17 03:30:00,16.91
2022-11-17 03:45:00,17.17
2022-11-17 04:00:00,16.24
2022-11-17 04:15:00,16.89
2022-11-17 04:30:00,17.1
2022-11-17 04:45:00,16.9
2022-11-17 05:00:00,16.26
2022-11-17 05:15:00,17.03
2022-11-17 05:30:00,16.91
2022-11-17 05:45:00,16.56
2022-11-17 06:00:00,16.66
2022-11-17 06:15:00,16.79
2022-11-17 06:30:00,16.62
2022-11-17 06:45:00,16.35
2022-11-17 07:00:00,16.91
2022-11-17 07:15:00,16.85
2022-11-17 07:30:00,16.32
2022-11-17 07:45:00,16.88
2022-11-17 08:00:00,17.03
2022-11-17 08:15:00,16.56
2022-11-17 08:30:00,16.65
2022-11-17 08:45:00,16.84
2022-11-17 09:00:00,16.54
2022-11-17 09:15:00,17
2022-11-17 09:30:00,17.18
2022-11-17 09:45:00,17.06
2022-11-17 10:00:00,17.46
2022-11-17 10:15:00,16.59
2022-11-17 10:30:00,16.61
2022-11-17 10:45:00,16.71
2022-11-17 11:00:00,16.69
2022-11-17 11:15:00,16.98
2022-11-17 11:30:00,17.02
2022-11-17 11:45:00,16.86
2022-11-17 12:00:00,17.42
2022-11-17 12:15:00,17
2022-11-17 12:30:00,17.34
2022-11-17 12:45:00,18.01
2022-11-17 13:00:00,16.92
2022-11-17 13:15:00,16.92
2022-11-17 13:30:00,17.69
2022-11-17 13:45:00,17.83
2022-11-17 14:00:00,17.95
2022-11-17 14:15:00,17.82
2022-11-17 14:30:00,18.02
2022-11-17 14:45:00,16.74
2022-11-17 15:00:00,16.95
2022-11-17 15:15:00,16.55
2022-11-17 15:30:00,16.45
2022-11-17 15:45:00,16.77
2022-11-17 16:00:00,16.98
2022-11-17 16:15:00,16.84
2022-11-17 16:30:00,16.65
2022-11-17 16:45:00,17.41
2022-11-17 17:00:00,17.28
2022-11-17 17:15:00,17.42
2022-11-17 17:30:00,17.54
2022-11-17 17:45:00,17.8
2022-11-17 18:00:00,16.93
2022-11-17 18:15:00,16.77
2022-11-17 18:30:00,16.72
2022-11-17 18:45:00,16.9
2022-11-17 19:00:00,17.14
2022-11-17 19:15:00,16.75
2022-11-17 19:30:00,16.46
2022-11-17 19:45:00,16.57
2022-11-17 20:00:00,16.92
2022-11-17 20:15:00,16.34
2022-11-17 20:30:00,16.62
2022-11-17 20:45:00,17.16
2022-11-17 21:00:00,17.59
2022-11-17 21:15:00,16.58
2022-11-17 21:30:00,16.58
2022-11-17 21:45:00,16.81
2022-11-17 22:00:00,16.35
2022-11-17 22:15:00,17.52
2022-11-17 22:30:00,16.44
2022-11-17 22:45:00,16.78
2022-11-17 23:00:00,16.77
2022-11-17 23:15:00,17.54
2022-11-17 23:30:00,16.56
2022-11-17 23:45:00,17.54
2022-11-18 00:00:00,16.73
2022-11-18 00:15:00,17.13
2022-11-18 00:30:00,17.12
2022-11-18 00:45:00,16.45
2022-11-18 01:00:00,17.62
2022-11-18 01:15:00,16.77
2022-11-18 01:30:00,16.73
2022-11-18 01:45:00,17.93
2022-11-18 02:00:00,17.76
2022-11-18 02:15:00,17.13
2022-11-18 02:30:00,16.8
2022-11-18 02:45:00,17.66
2022-11-18 03:00:00,19.07
2022-11-18 03:15:00,23.98
2022-11-18 03:30:00,26.89
2022-11-18 03:45:00,28.52
2022-11-18 04:00:00,29.06
2022-11-18 04:15:00,25.91
2022-11-18 04:30:00,26.75
2022-11-18 04:45:00,26.84
2022-11-18 05:00:00,25.42
2022-11-18 05:15:00,28.37
2022-11-18 05:30:00,26.57
2022-11-18 05:45:00,29.16
2022-11-18 06:00:00,28.89
2022-11-18 06:15:00,26.52
2022-11-18 06:30:00,27.96
2022-11-18 06:45:00,27.78
2022-11-18 07:00:00,28
2022-11-18 07:15:00,28.56
2022-11-18 07:30:00,27.49
2022-11-18 07:45:00,27
2022-11-18 08:00:00,26.55
2022-11-18 08:15:00,26.19
2022-11-18 08:30:00,27.82
2022-11-18 08:45:00,25.71
2022-11-18 09:00:00,25.22
2022-11-18 09:15:00,25.4
2022-11-18 09:30:00,25.89
2022-11-18 09:45:00,26.87
2022-11-18 10:00:00,27.47
2022-11-18 10:15:00,27.45
2022-11-18 10:30:00,27.2
2022-11-18 10:45:00,25.81
2022-11-18 11:00:00,25.18
2022-11-18 11:15:00,25.6
2022-11-18 11:30:00,25.26
2022-11-18 11:45:00,26.56
2022-11-18 12:00:00,24.45
2022-11-18 12:15:00,26.44
2022-11-18 12:30:00,24.19
2022-11-18 12:45:00,22.51
2022-11-18 13:00:00,24.13
2022-11-18 13:15:00,24.47
2022-11-18 13:30:00,22.83
2022-11-18 13:45:00,24.22
2022-11-18 14:00:00,25.48
2022-11-18 14:15:00,24.7
2022-11-18 14:30:00,22.49
2022-11-18 14:45:00,23.05
2022-11-18 15:00:00,22.13
2022-11-18 15:15:00,22.85
2022-11-18 15:30:00,24.38
2022-11-18 15:45:00,24.4
2022-11-18 16:00:00,22.4
2022-11-18 16:15:00,22.08
2022-11-18 16:30:00,21.34
2022-11-18 16:45:00,21.69
2022-11-18 17:00:00,23.44
2022-11-18 17:15:00,22.52
2022-11-18 17:30:00,23.14
2022-11-18 17:45:00,22.01
2022-11-18 18:00:00,22.67
2022-11-18 18:15:00,21.97
2022-11-18 18:30:00,22.93
2022-11-18 18:45:00,21.8
2022-11-18 19:00:00,22.67
2022-11-18 19:15:00,22.49
2022-11-18 19:30:00,22.6
2022-11-18 19:45:00,21.25
2022-11-18 20:00:00,22.59
2022-11-18 20:15:00,23.32
2022-11-18 20:30:00,22.96
2022-11-18 20:45:00,21.16
2022-11-18 21:00:00,22.44
2022-11-18 21:15:00,22.33
2022-11-18 21:30:00,23.06
2022-11-18 21:45:00,22.09
2022-11-18 22:00:00,21.74
2022-11-18 22:15:00,22.78
2022-11-18 22:30:00,22.89
2022-11-18 22:45:00,22.13
2022-11-18 23:00:00,22.14
2022-11-18 23:15:00,22.48
2022-11-18 23:30:00,22.22
2022-11-18 23:45:00,21.89
2022-11-19 00:00:00,21.81
2022-11-19 00:15:00,21.53
2022-11-19 00:30:00,21.25
2022-11-19 00:45:00,22.69
2022-11-19 01:00:00,23.15
2022-11-19 01:15:00,22.85
2022-11-19 01:30:00,22.93
2022-11-19 01:45:00,21.88
2022-11-19 02:00:00,22.66
2022-11-19 02:15:00,22.01
2022-11-19 02:30:00,21.82
2022-11-19 02:45:00,22.73
2022-11-19 03:00:00,22.94
2022-11-19 03:15:00,21.39
2022-11-19 03:30:00,22.16
2022-11-19 03:45:00,21.53
2022-11-19 04:00:00,21.96
2022-11-19 04:15:00,21.96
2022-11-19 04:30:00,21.78
2022-11-19 04:45:00,22.08
2022-11-19 05:00:00,21.95
2022-11-19 05:15:00,22.13
2022-11-19 05:30:00,22.11
2022-11-19 05:45:00,21.52
2022-11-19 06:00:00,21.38
2022-11-19 06:15:00,22.99
2022-11-19 06:30:00,22.8
2022-11-19 06:45:00,22.18
2022-11-19 07:00:00,22.95
2022-11-19 07:15:00,22.25
2022-11-19 07:30:00,23.07
2022-11-19 07:45:00,22.03
2022-11-19 08:00:00,22.8
2022-11-19 08:15:00,22.34
2022-11-19 08:30:00,23.04
2022-11-19 08:45:00,21.35
2022-11-19 09:00:00,21.16
2022-11-19 09:15:00,22.01
2022-11-19 09:30:00,-6999
2022-11-19 09:45:00,-6999
2022-11-19 10:00:00,-6999
2022-11-19 10:15:00,-6999
2022-11-19 10:30:00,-6999
2022-11-19 10:45:00,-6999
2022-11-19 11:00:00,-6999
2022-11-19 11:15:00,-6999
2022-11-19 11:30:00,-6999
2022-11-19 11:45:00,-6999
2022-11-19 12:00:00,-6999
2022-11-19 12:15:00,-6999
2022-11-19 12:30:00,-6999
2022-11-19 12:45:00,-6999
2022-11-19 13:00:00,-6999
2022-11-19 13:15:00,-6999
2022-11-19 13:30:00,-6999
2022-11-19 13:45:00,-6999
2022-11-19 14:00:00,-6999
2022-11-19 14:15:00,-6999
2022-11-19 14:30:00,-6999
2022-11-19 14:45:00,-6999
2022-11-19 15:00:00,-6999
2022-11-19 15:15:00,-6999
2022-11-19 15:30:00,-6999
2022-11-19 15:45:00,-6999
2022-11-19 16:00:00,-6999
2022-11-19 16:15:00,-6999
2022-11-19 16:30:00,-6999
2022-11-19 16:45:00,-6999
2022-11-19 17:00:00,-6999
2022-11-19 17:15:00,-6999
2022-11-19 17:30:00,-6999
2022-11-19 17:45:00,-6999
2022-11-19 18:00:00,-6999
2022-11-19 18:15:00,-6999
2022-11-19 18:30:00,-6999
2022-11-19 18:45:00,-6999
2022-11-19 19:00:00,-6999
2022-11-19 19:15:00,-6999
2022-11-19 19:30:00,-6999
2022-11-19 19:45:00,-6999
2022-11-19 20:00:00,-6999
2022-11-19 20:15:00,-6999
2022-11-19 20:30:00,-6999
2022-11-19 20:45:00,-6999
2022-11-19 21:00:00,-6999
2022-11-19 21:15:00,-6999
2022-11-19 21:30:00,-6999
2022-11-19 21:45:00,-6999
2022-11-19 22:00:00,-6999
2022-11-19 22:15:00,-6999
2022-11-19 22:30:00,-6999
2022-11-19 22:45:00,-6999
2022-11-19 23:00:00,-6999
2022-11-19 23:15:00,-6999
2022-11-19 23:30:00,-6999
2022-11-19 23:45:00,-6999
2022-11-20 00:00:00,-6999
2022-11-20 00:15:00,-6999
2022-11-20 00:30:00,-6999
2022-11-20 00:45:00,-6999
2022-11-20 01:00:00,-6999
2022-11-20 01:15:00,-6999
2022-11-20 01:30:00,-6999
2022-11-20 01:45:00,-6999
2022-11-20 02:00:00,-6999
2022-11-20 02:15:00,-6999
2022-11-20 02:30:00,-6999
2022-11-20 02:45:00,-6999
2022-11-20 03:00:00,-6999
2022-11-20 03:15:00,-6999
2022-11-20 03:30:00,-6999
2022-11-20 03:45:00,-6999
2022-11-20 04:00:00,-6999
2022-11-20 04:15:00,-6999
2022-11-20 04:30:00,-6999
2022-11-20 04:45:00,-6999
2022-11-20 05:00:00,-6999
2022-11-20 05:15:00,-6999
2022-11-20 05:30:00,-6999
2022-11-20 05:45:00,-6999
2022-11-20 06:00:00,-6999
2022-11-20 06:15:00,-6999
2022-11-20 06:30:00,-6999
2022-11-20 06:45:00,-6999
2022-11-20 07:00:00,-6999
2022-11-20 07:15:00,-6999
2022-11-20 07:30:00,-6999
2022-11-20 07:45:00,-6999
2022-11-20 08:00:00,-6999
2022-11-20 08:15:00,-6999
2022-11-20 08:30:00,-6999
2022-11-20 08:45:00,-6999
2022-11-20 09:00:00,-6999
2022-11-20 09:15:00,-6999
2022-11-20 09:30:00,-6999
2022-11-20 09:45:00,-6999
2022-11-20 10:00:00,-6999
2022-11-20 10:15:00,-6999
2022-11-20 10:30:00,-6999
2022-11-20 10:45:00,-6999
2022-11-20 11:00:00,-6999
2022-11-20 11:15:00,-6999
2022-11-20 11:30:00,-6999
2022-11-20 11:45:00,-6999
2022-11-20 12:00:00,-6999
2022-11-20 12:15:00,-6999
2022-11-20 12:30:00,-6999
2022-11-20 12:45:00,-6999
2022-11-20 13:00:00,-6999
2022-11-20 13:15:00,-6999
2022-11-20 13:30:00,-6999
2022-11-20 13:45:00,-6999
2022-11-20 14:00:00,-6999
2022-11-20 14:15:00,-6999
2022-11-20 14:30:00,-6999
2022-11-20 14:45:00,-6999
2022-11-20 15:00:00,-6999
2022-11-20 15:15:00,-6999
2022-11-20 15:30:00,-6999
2022-11-20 15:45:00,-6999
2022-11-20 16:00:00,-6999
2022-11-20 16:15:00,-6999
2022-11-20 16:30:00,-6999
2022-11-20 16:45:00,-6999
2022-11-20 17:00:00,-6999
2022-11-20 17:15:00,-6999
2022-11-20 17:30:00,-6999
2022-11-20 17:45:00,-6999
2022-11-20 18:00:00,-6999
2022-11-20 18:15:00,-6999
2022-11-20 18:30:00,-6999
2022-11-20 18:45:00,-6999
2022-11-20 19:00:00,-6999
2022-11-20 19:15:00,-6999
2022-11-20 19:30:00,-6999
2022-11-20 19:45:00,-6999
2022-11-20 20:00:00,-6999
2022-11-20 20:15:00,-6999
2022-11-20 20:30:00,-6999
2022-11-20 20:45:00,-6999
2022-11-20 21:00:00,-6999
2022-11-20 21:15:00,-6999
2022-11-20 21:30:00,-6999
2022-11-20 21:45:00,-6999
2022-11-20 22:00:00,-6999
2022-11-20 22:15:00,-6999
2022-11-20 22:30:00,-6999
2022-11-20 22:45:00,-6999
2022-11-20 23:00:00,-6999
2022-11-20 23:15:00,-6999
2022-11-20 23:30:00,-6999
2022-11-20 23:45:00,-6999
2022-11-21 00:00:00,-6999
2022-11-21 00:15:00,-6999
2022-11-21 00:30:00,-6999
2022-11-21 00:45:00,-6999
2022-11-21 01:00:00,-6999
2022-11-21 01:15:00,-6999
2022-11-21 01:30:00,-6999
2022-11-21 01:45:00,-6999
2022-11-21 02:00:00,-6999
2022-11-21 02:15:00,-6999
2022-11-21 02:30:00,-6999
2022-11-21 02:45:00,-6999
2022-11-21 03:00:00,-6999
2022-11-21 03:15:00,-6999
2022-11-21 03:30:00,-6999
2022-11-21 03:45:00,-6999
2022-11-21 04:00:00,-6999
2022-11-21 04:15:00,-6999
2022-11-21 04:30:00,-6999
2022-11-21 04:45:00,-6999
2022-11-21 05:00:00,-6999
2022-11-21 05:15:00,-6999
2022-11-21 05:30:00,-6999
2022-11-21 05:45:00,-6999
2022-11-21 06:00:00,-6999
2022-11-21 06:15:00,-6999
2022-11-21 06:30:00,-6999
2022-11-21 06:45:00,-6999
2022-11-21 07:00:00,-6999
2022-11-21 07:15:00,-6999
2022-11-21 07:30:00,-6999
2022-11-21 07:45:00,-6999
2022-11-21 08:00:00,-6999
2022-11-21 08:15:00,-6999
2022-11-21 08:30:00,-6999
2022-11-21 08:45:00,-6999
2022-11-21 09:00:00,-6999
2022-11-21 09:15:00,-6999
2022-11-21 09:30:00,-6999
2022-11-21 09:45:00,7.61
2022-11-21 10:00:00,7.99
2022-11-21 10:15:00,7.9
2022-11-21 10:30:00,7.91
2022-11-21 10:45:00,7.93
2022-11-21 11:00:00,7.91
2022-11-21 11:15:00,7.9
2022-11-21 11:30:00,7.91
2022-11-21 11:45:00,7.93
2022-11-21 12:00:00,7.94
2022-11-21 12:15:00,7.94
2022-11-21 12:30:00,7.92
2022-11-21 12:45:00,7.94
2022-11-21 13:00:00,7.93
2022-11-21 13:15:00,7.94
2022-11-21 13:30:00,7.94
2022-11-21 13:45:00,7.95
2022-11-21 14:00:00,7.95
2022-11-21 14:15:00,7.94
2022-11-21 14:30:00,7.96
2022-11-21 14:45:00,7.94
2022-11-21 15:00:00,7.93
2022-11-21 15:15:00,7.91
2022-11-21 15:30:00,7.88
2022-11-21 15:45:00,7.88
2022-11-21 16:00:00,7.85
2022-11-21 16:15:00,7.86
2022-11-21 16:30:00,7.9
2022-11-21 16:45:00,7.89
2022-11-21 17:00:00,7.9
2022-11-21 17:15:00,7.88
2022-11-21 17:30:00,7.86
2022-11-21 17:45:00,7.87
2022-11-21 18:00:00,7.87
2022-11-21 18:15:00,7.86
2022-11-21 18:30:00,7.89
2022-11-21 18:45:00,7.89
2022-11-21 19:00:00,7.88
2022-11-21 19:15:00,7.89
2022-11-21 19:30:00,7.86
2022-11-21 19:45:00,7.85
2022-11-21 20:00:00,7.85
2022-11-21 20:15:00,7.86
2022-11-21 20:30:00,7.86
2022-11-21 20:45:00,7.89
2022-11-21 21:00:00,7.88
2022-11-21 21:15:00,7.86
2022-11-21 21:30:00,7.85
2022-11-21 21:45:00,7.86
2022-11-21 22:00:00,7.86
2022-11-21 22:15:00,7.86
2022-11-21 22:30:00,7.86
2022-11-21 22:45:00,7.85
2022-11-21 23:00:00,7.86
2022-11-21 23:15:00,7.86
2022-11-21 23:30:00,7.84
2022-11-21 23:45:00,7.88
2022-11-22 00:00:00,7.84
2022-11-22 00:15:00,7.82
2022-11-22 00:30:00,7.82
2022-11-22 00:45:00,7.84
2022-11-22 01:00:00,7.83
2022-11-22 01:15:00,7.84
2022-11-22 01:30:00,7.8
2022-11-22 01:45:00,7.84
2022-11-22 02:00:00,7.84
2022-11-22 02:15:00,7.83
2022-11-22 02:30:00,7.83
2022-11-22 02:45:00,7.84
2022-11-22 03:00:00,7.83
2022-11-22 03:15:00,7.83
2022-11-22 03:30:00,7.8
2022-11-22 03:45:00,7.81
2022-11-22 04:00:00,7.81
2022-11-22 04:15:00,7.81
2022-11-22 04:30:00,7.81
2022-11-22 04:45:00,7.8
2022-11-22 05:00:00,7.81
2022-11-22 05:15:00,7.81
2022-11-22 05:30:00,7.8
2022-11-22 05:45:00,7.81
2022-11-22 06:00:00,7.82
2022-11-22 06:15:00,7.82
2022-11-22 06:30:00,7.84
2022-11-22 06:45:00,7.82
2022-11-22 07:00:00,7.81
2022-11-22 07:15:00,7.79
2022-11-22 07:30:00,7.83
2022-11-22 07:45:00,7.83
2022-11-22 08:00:00,7.82
2022-11-22 08:15:00,7.82
2022-11-22 08:30:00,7.84
2022-11-22 08:45:00,7.84
2022-11-22 09:00:00,7.84
2022-11-22 09:15:00,7.86
2022-11-22 09:30:00,7.87
2022-11-22 09:45:00,7.87
2022-11-22 10:00:00,7.87
2022-11-22 10:15:00,7.82
2022-11-22 10:30:00,7.83
2022-11-22 10:45:00,7.84
2022-11-22 11:00:00,7.82
2022-11-22 11:15:00,7.83
2022-11-22 11:30:00,7.84
2022-11-22 11:45:00,7.83
2022-11-22 12:00:00,7.84
2022-11-22 12:15:00,7.82
2022-11-22 12:30:00,7.83
2022-11-22 12:45:00,7.84
2022-11-22 13:00:00,7.83
2022-11-22 13:15:00,7.81
2022-11-22 13:30:00,7.84
2022-11-22 13:45:00,7.82
2022-11-22 14:00:00,7.81
2022-11-22 14:15:00,7.8
2022-11-22 14:30:00,7.81
2022-11-22 14:45:00,7.82
2022-11-22 15:00:00,7.83
2022-11-22 15:15:00,7.84
2022-11-22 15:30:00,7.79
2022-11-22 15:45:00,7.79
2022-11-22 16:00:00,7.8
2022-11-22 16:15:00,7.8
2022-11-22 16:30:00,7.8
2022-11-22 16:45:00,7.81
2022-11-22 17:00:00,7.8
2022-11-22 17:15:00,7.78
2022-11-22 17:30:00,7.78
2022-11-22 17:45:00,7.79
2022-11-22 18:00:00,7.8
2022-11-22 18:15:00,7.78
2022-11-22 18:30:00,7.79
2022-11-22 18:45:00,7.79
2022-11-22 19:00:00,7.8
2022-11-22 19:15:00,7.79
2022-11-22 19:30:00,7.79
2022-11-22 19:45:00,7.8
2022-11-22 20:00:00,7.78
2022-11-22 20:15:00,7.72
2022-11-22 20:30:00,7.71
2022-11-22 20:45:00,7.66
2022-11-22 21:00:00,7.63
2022-11-22 21:15:00,7.69
2022-11-22 21:30:00,7.61
2022-11-22 21:45:00,7.58
2022-11-22 22:00:00,7.49
2022-11-22 22:15:00,7.46
2022-11-22 22:30:00,7.42
2022-11-22 22:45:00,7.39
2022-11-22 23:00:00,7.43
2022-11-22 23:15:00,7.51
2022-11-22 23:30:00,7.49
2022-11-22 23:45:00,7.55
2022-11-23 00:00:00,7.55
2022-11-23 00:15:00,7.54
2022-11-23 00:30:00,7.55
2022-11-23 00:45:00,7.47
2022-11-23 01:00:00,7.49
2022-11-23 01:15:00,7.59
2022-11-23 01:30:00,7.55
2022-11-23 01:45:00,7.49
2022-11-23 02:00:00,7.58
2022-11-23 02:15:00,7.65
2022-11-23 02:30:00,7.64
2022-11-23 02:45:00,7.64
2022-11-23 03:00:00,7.65
2022-11-23 03:15:00,7.64
2022-11-23 03:30:00,7.51
2022-11-23 03:45:00,7.57
2022-11-23 04:00:00,7.67
2022-11-23 04:15:00,7.64
2022-11-23 04:30:00,7.54
2022-11-23 04:45:00,7.66
2022-11-23 05:00:00,7.64
2022-11-23 05:15:00,7.65
2022-11-23 05:30:00,7.64
2022-11-23 05:45:00,7.66
2022-11-23 06:00:00,7.64
2022-11-23 06:15:00,7.64
2022-11-23 06:30:00,7.66
2022-11-23 06:45:00,7.64
2022-11-23 07:00:00,7.66
2022-11-23 07:15:00,7.65
2022-11-23 07:30:00,7.66
2022-11-23 07:45:00,7.67
2022-11-23 08:00:00,7.66
2022-11-23 08:15:00,7.66
2022-11-23 08:30:00,7.67
2022-11-23 08:45:00,7.67
2022-11-23 09:00:00,7.68
2022-11-23 09:15:00,7.69
2022-11-23 09:30:00,7.7
2022-11-23 09:45:00,7.7
2022-11-23 10:00:00,7.71
2022-11-23 10:15:00,7.72
2022-11-23 10:30:00,7.75
2022-11-23 10:45:00,7.74
2022-11-23 11:00:00,7.78
2022-11-23 11:15:00,7.79
2022-11-23 11:30:00,7.76
2022-11-23 11:45:00,7.74
2022-11-23 12:00:00,7.73
2022-11-23 12:15:00,7.76
2022-11-23 12:30:00,7.73
2022-11-23 12:45:00,7.75
2022-11-23 13:00:00,7.76
2022-11-23 13:15:00,7.76
2022-11-23 13:30:00,7.79
2022-11-23 13:45:00,7.79
2022-11-23 14:00:00,7.79
2022-11-23 14:15:00,7.77
2022-11-23 14:30:00,7.79
2022-11-23 14:45:00,7.78
2022-11-23 15:00:00,7.76
2022-11-23 15:15:00,7.73
2022-11-23 15:30:00,7.7
2022-11-23 15:45:00,7.7
2022-11-23 16:00:00,7.7
2022-11-23 16:15:00,7.68
2022-11-23 16:30:00,7.68
2022-11-23 16:45:00,7.69
2022-11-23 17:00:00,7.69
2022-11-23 17:15:00,7.68
2022-11-23 17:30:00,7.68
2022-11-23 17:45:00,7.68
2022-11-23 18:00:00,7.68
2022-11-23 18:15:00,7.66
2022-11-23 18:30:00,7.67
2022-11-23 18:45:00,7.66
2022-11-23 19:00:00,7.67
2022-11-23 19:15:00,7.66
2022-11-23 19:30:00,7.67
2022-11-23 19:45:00,7.68
2022-11-23 20:00:00,7.66
2022-11-23 20:15:00,7.66
2022-11-23 20:30:00,7.65
2022-11-23 20:45:00,7.67
2022-11-23 21:00:00,7.65
2022-11-23 21:15:00,7.66
2022-11-23 21:30:00,7.65
2022-11-23 21:45:00,7.65
2022-11-23 22:00:00,7.65
2022-11-23 22:15:00,7.65
2022-11-23 22:30:00,7.65
2022-11-23 22:45:00,7.64
2022-11-23 23:00:00,7.65
2022-11-23 23:15:00,7.65
2022-11-23 23:30:00,7.65
2022-11-23 23:45:00,7.64
2022-11-24 00:00:00,7.65
2022-11-24 00:15:00,7.66
2022-11-24 00:30:00,7.64
2022-11-24 00:45:00,7.64
2022-11-24 01:00:00,7.64
2022-11-24 01:15:00,7.64
2022-11-24 01:30:00,7.64
2022-11-24 01:45:00,7.64
2022-11-24 02:00:00,7.63
2022-11-24 02:15:00,7.64
2022-11-24 02:30:00,7.64
2022-11-24 02:45:00,7.62
2022-11-24 03:00:00,7.62
2022-11-24 03:15:00,7.63
2022-11-24 03:30:00,7.63
2022-11-24 03:45:00,7.63
2022-11-24 04:00:00,7.63
2022-11-24 04:15:00,7.62
2022-11-24 04:30:00,7.62
2022-11-24 04:45:00,7.62
2022-11-24 05:00:00,7.63
2022-11-24 05:15:00,7.62
2022-11-24 05:30:00,7.61
2022-11-24 05:45:00,7.62
2022-11-24 06:00:00,7.62
2022-11-24 06:15:00,7.61
2022-11-24 06:30:00,7.62
2022-11-24 06:45:00,7.62
2022-11-24 07:00:00,7.61
2022-11-24 07:15:00,7.61
2022-11-24 07:30:00,7.61
2022-11-24 07:45:00,7.6
2022-11-24 08:00:00,7.61
2022-11-24 08:15:00,7.61
2022-11-24 08:30:00,7.62
2022-11-24 08:45:00,7.61
2022-11-24 09:00:00,7.61
2022-11-24 09:15:00,7.63
2022-11-24 09:30:00,7.61
2022-11-24 09:45:00,7.63
2022-11-24 10:00:00,7.61
2022-11-24 10:15:00,7.62
2022-11-24 10:30:00,7.62
2022-11-24 10:45:00,7.63
2022-11-24 11:00:00,7.64
2022-11-24 11:15:00,7.63
2022-11-24 11:30:00,7.64
2022-11-24 11:45:00,7.66
2022-11-24 12:00:00,7.67
2022-11-24 12:15:00,7.66
2022-11-24 12:30:00,7.65
2022-11-24 12:45:00,7.67
2022-11-24 13:00:00,7.65
2022-11-24 13:15:00,7.68
2022-11-24 13:30:00,7.66
2022-11-24 13:45:00,7.66
2022-11-24 14:00:00,7.66
2022-11-24 14:15:00,7.67
2022-11-24 14:30:00,7.65
2022-11-24 14:45:00,7.67
2022-11-24 15:00:00,7.64
2022-11-24 15:15:00,7.64
2022-11-24 15:30:00,7.62
2022-11-24 15:45:00,7.62
2022-11-24 16:00:00,7.6
2022-11-24 16:15:00,7.6
2022-11-24 16:30:00,7.58
2022-11-24 16:45:00,7.61
2022-11-24 17:00:00,7.61
2022-11-24 17:15:00,7.59
2022-11-24 17:30:00,7.58
2022-11-24 17:45:00,7.6
2022-11-24 18:00:00,7.59
2022-11-24 18:15:00,7.58
2022-11-24 18:30:00,7.6
2022-11-24 18:45:00,7.59
2022-11-24 19:00:00,7.59
2022-11-24 19:15:00,7.6
2022-11-24 19:30:00,7.61
2022-11-24 19:45:00,7.6
2022-11-24 20:00:00,7.6
2022-11-24 20:15:00,7.6
2022-11-24 20:30:00,7.6
2022-11-24 20:45:00,7.59
2022-11-24 21:00:00,7.59
2022-11-24 21:15:00,7.6
2022-11-24 21:30:00,7.58
2022-11-24 21:45:00,7.59
2022-11-24 22:00:00,7.58
2022-11-24 22:15:00,7.58
2022-11-24 22:30:00,7.58
2022-11-24 22:45:00,7.59
2022-11-24 23:00:00,7.59
2022-11-24 23:15:00,7.59
2022-11-24 23:30:00,7.59
2022-11-24 23:45:00,7.58
2022-11-25 00:00:00,7.59
2022-11-25 00:15:00,7.58
2022-11-25 00:30:00,7.58
2022-11-25 00:45:00,7.58
2022-11-25 01:00:00,7.58
2022-11-25 01:15:00,7.58
2022-11-25 01:30:00,7.57
2022-11-25 01:45:00,7.59
2022-11-25 02:00:00,7.58
2022-11-25 02:15:00,7.59
2022-11-25 02:30:00,7.58
2022-11-25 02:45:00,7.58
2022-11-25 03:00:00,7.58
2022-11-25 03:15:00,7.58
2022-11-25 03:30:00,7.57
2022-11-25 03:45:00,7.57
2022-11-25 04:00:00,7.58
2022-11-25 04:15:00,7.57
2022-11-25 04:30:00,7.57
2022-11-25 04:45:00,7.57
2022-11-25 05:00:00,7.56
2022-11-25 05:15:00,7.57
2022-11-25 05:30:00,7.57
2022-11-25 05:45:00,7.57
2022-11-25 06:00:00,7.55
2022-11-25 06:15:00,7.55
2022-11-25 06:30:00,7.56
2022-11-25 06:45:00,7.57
2022-11-25 07:00:00,7.56
2022-11-25 07:15:00,7.57
2022-11-25 07:30:00,7.56
2022-11-25 07:45:00,7.56
2022-11-25 08:00:00,7.57
2022-11-25 08:15:00,7.56
2022-11-25 08:30:00,7.58
2022-11-25 08:45:00,7.57
2022-11-25 09:00:00,7.57
2022-11-25 09:15:00,7.57
2022-11-25 09:30:00,7.56
2022-11-25 09:45:00,7.58
2022-11-25 10:00:00,7.57
2022-11-25 10:15:00,7.58
2022-11-25 10:30:00,7.58
2022-11-25 10:45:00,7.59
2022-11-25 11:00:00,7.6
2022-11-25 11:15:00,7.61
2022-11-25 11:30:00,7.58
2022-11-25 11:45:00,7.59
2022-11-25 12:00:00,7.59
2022-11-25 12:15:00,7.58
2022-11-25 12:30:00,7.59
2022-11-25 12:45:00,7.6
2022-11-25 13:00:00,7.61
2022-11-25 13:15:00,7.59
2022-11-25 13:30:00,7.61
2022-11-25 13:45:00,7.6
2022-11-25 14:00:00,7.6
2022-11-25 14:15:00,7.58
2022-11-25 14:30:00,7.59
2022-11-25 14:45:00,7.58
2022-11-25 15:00:00,7.58
2022-11-25 15:15:00,7.58
2022-11-25 15:30:00,7.58
2022-11-25 15:45:00,7.57
2022-11-25 16:00:00,7.56
2022-11-25 16:15:00,7.56
2022-11-25 16:30:00,7.56
2022-11-25 16:45:00,7.55
2022-11-25 17:00:00,7.55
2022-11-25 17:15:00,7.57
2022-11-25 17:30:00,7.55
2022-11-25 17:45:00,7.54
2022-11-25 18:00:00,7.54
2022-11-25 18:15:00,7.53
2022-11-25 18:30:00,7.54
2022-11-25 18:45:00,7.53
2022-11-25 19:00:00,7.53
2022-11-25 19:15:00,7.56
2022-11-25 19:30:00,7.54
2022-11-25 19:45:00,7.55
2022-11-25 20:00:00,7.54
2022-11-25 20:15:00,7.55
2022-11-25 20:30:00,7.53
2022-11-25 20:45:00,7.52
2022-11-25 21:00:00,7.5
2022-11-25 21:15:00,7.49
2022-11-25 21:30:00,7.49
2022-11-25 21:45:00,7.49
2022-11-25 22:00:00,7.51
2022-11-25 22:15:00,7.47
2022-11-25 22:30:00,7.46
2022-11-25 22:45:00,7.47
2022-11-25 23:00:00,7.46
2022-11-25 23:15:00,7.43
2022-11-25 23:30:00,7.45
2022-11-25 23:45:00,7.43
2022-11-26 00:00:00,7.42
2022-11-26 00:15:00,7.44
2022-11-26 00:30:00,7.44
2022-11-26 00:45:00,7.49
2022-11-26 01:00:00,7.45
2022-11-26 01:15:00,7.48
2022-11-26 01:30:00,7.47
2022-11-26 01:45:00,7.44
2022-11-26 02:00:00,7.45
2022-11-26 02:15:00,7.46
2022-11-26 02:30:00,7.47
2022-11-26 02:45:00,7.45
2022-11-26 03:00:00,7.43
2022-11-26 03:15:00,7.44
2022-11-26 03:30:00,7.46
2022-11-26 03:45:00,7.45
2022-11-26 04:00:00,7.44
2022-11-26 04:15:00,7.43
2022-11-26 04:30:00,7.42
2022-11-26 04:45:00,7.37
2022-11-26 05:00:00,7.36
2022-11-26 05:15:00,7.35
2022-11-26 05:30:00,7.37
2022-11-26 05:45:00,7.37
2022-11-26 06:00:00,7.38
2022-11-26 06:15:00,7.37
2022-11-26 06:30:00,7.35
2022-11-26 06:45:00,7.35
2022-11-26 07:00:00,7.35
2022-11-26 07:15:00,7.37
2022-11-26 07:30:00,7.37
2022-11-26 07:45:00,7.35
2022-11-26 08:00:00,7.37
2022-11-26 08:15:00,7.36
2022-11-26 08:30:00,7.37
2022-11-26 08:45:00,7.35
2022-11-26 09:00:00,7.37
2022-11-26 09:15:00,7.36
2022-11-26 09:30:00,7.38
2022-11-26 09:45:00,7.4
2022-11-26 10:00:00,7.42
2022-11-26 10:15:00,7.42
2022-11-26 10:30:00,7.43
2022-11-26 10:45:00,7.42
2022-11-26 11:00:00,7.4
2022-11-26 11:15:00,7.41
2022-11-26 11:30:00,7.41
2022-11-26 11:45:00,7.41
2022-11-26 12:00:00,7.41
2022-11-26 12:15:00,7.43
2022-11-26 12:30:00,7.43
2022-11-26 12:45:00,7.44
2022-11-26 13:00:00,7.44
2022-11-26 13:15:00,7.45
2022-11-26 13:30:00,7.45
2022-11-26 13:45:00,7.48
2022-11-26 14:00:00,7.49
2022-11-26 14:15:00,7.46
2022-11-26 14:30:00,7.47
2022-11-26 14:45:00,7.47
2022-11-26 15:00:00,7.47
2022-11-26 15:15:00,7.46
2022-11-26 15:30:00,7.46
2022-11-26 15:45:00,7.48
2022-11-26 16:00:00,7.46
2022-11-26 16:15:00,7.46
2022-11-26 16:30:00,7.44
2022-11-26 16:45:00,7.46
2022-11-26 17:00:00,7.45
2022-11-26 17:15:00,7.45
2022-11-26 17:30:00,7.45
2022-11-26 17:45:00,7.46
2022-11-26 18:00:00,7.46
2022-11-26 18:15:00,7.46
2022-11-26 18:30:00,7.46
2022-11-26 18:45:00,7.45
2022-11-26 19:00:00,7.44
2022-11-26 19:15:00,7.44
2022-11-26 19:30:00,7.45
2022-11-26 19:45:00,7.45
2022-11-26 20:00:00,7.46
2022-11-26 20:15:00,7.46
2022-11-26 20:30:00,7.45
2022-11-26 20:45:00,7.45
2022-11-26 21:00:00,7.45
2022-11-26 21:15:00,7.44
2022-11-26 21:30:00,7.44
2022-11-26 21:45:00,7.44
2022-11-26 22:00:00,7.44
2022-11-26 22:15:00,7.45
2022-11-26 22:30:00,7.44
2022-11-26 22:45:00,7.43
2022-11-26 23:00:00,7.45
2022-11-26 23:15:00,7.44
2022-11-26 23:30:00,7.44
2022-11-26 23:45:00,7.44
2022-11-27 00:00:00,7.44
2022-11-27 00:15:00,7.44
2022-11-27 00:30:00,7.43
2022-11-27 00:45:00,7.44
2022-11-27 01:00:00,7.44
2022-11-27 01:15:00,7.44
2022-11-27 01:30:00,7.44
2022-11-27 01:45:00,7.44
2022-11-27 02:00:00,7.43
2022-11-27 02:15:00,7.43
2022-11-27 02:30:00,7.42
2022-11-27 02:45:00,7.42
2022-11-27 03:00:00,7.43
2022-11-27 03:15:00,7.45
2022-11-27 03:30:00,7.43
2022-11-27 03:45:00,7.42
2022-11-27 04:00:00,7.43
2022-11-27 04:15:00,7.44
2022-11-27 04:30:00,7.43
2022-11-27 04:45:00,7.44
2022-11-27 05:00:00,7.43
2022-11-27 05:15:00,7.43
2022-11-27 05:30:00,7.42
2022-11-27 05:45:00,7.42
2022-11-27 06:00:00,7.42
2022-11-27 06:15:00,7.43
2022-11-27 06:30:00,7.42
2022-11-27 06:45:00,7.42
2022-11-27 07:00:00,7.4
2022-11-27 07:15:00,7.4
2022-11-27 07:30:00,7.36
2022-11-27 07:45:00,7.38
2022-11-27 08:00:00,7.37
2022-11-27 08:15:00,7.38
2022-11-27 08:30:00,7.39
2022-11-27 08:45:00,7.4
2022-11-27 09:00:00,7.39
2022-11-27 09:15:00,7.4
2022-11-27 09:30:00,7.39
2022-11-27 09:45:00,7.39
2022-11-27 10:00:00,7.38
2022-11-27 10:15:00,7.39
2022-11-27 10:30:00,7.4
2022-11-27 10:45:00,7.41
2022-11-27 11:00:00,7.41
2022-11-27 11:15:00,7.4
2022-11-27 11:30:00,7.37
2022-11-27 11:45:00,7.37
2022-11-27 12:00:00,7.36
2022-11-27 12:15:00,7.36
2022-11-27 12:30:00,7.36
2022-11-27 12:45:00,7.36
2022-11-27 13:00:00,7.37
2022-11-27 13:15:00,7.36
2022-11-27 13:30:00,7.37
2022-11-27 13:45:00,7.37
2022-11-27 14:00:00,7.38
2022-11-27 14:15:00,7.37
2022-11-27 14:30:00,7.34
2022-11-27 14:45:00,7.36
2022-11-27 15:00:00,7.36
2022-11-27 15:15:00,7.36
2022-11-27 15:30:00,7.35
2022-11-27 15:45:00,7.35
2022-11-27 16:00:00,7.36
2022-11-27 16:15:00,7.34
2022-11-27 16:30:00,7.34
2022-11-27 16:45:00,7.34
2022-11-27 17:00:00,7.35
2022-11-27 17:15:00,7.35
2022-11-27 17:30:00,7.34
2022-11-27 17:45:00,7.34
2022-11-27 18:00:00,7.33
2022-11-27 18:15:00,7.33
2022-11-27 18:30:00,7.33
2022-11-27 18:45:00,7.36
2022-11-27 19:00:00,7.33
2022-11-27 19:15:00,7.34
2022-11-27 19:30:00,7.34
2022-11-27 19:45:00,7.34
2022-11-27 20:00:00,7.34
2022-11-27 20:15:00,7.33
2022-11-27 20:30:00,7.34
2022-11-27 20:45:00,7.33
2022-11-27 21:00:00,7.33
2022-11-27 21:15:00,7.32
2022-11-27 21:30:00,7.32
2022-11-27 21:45:00,7.32
2022-11-27 22:00:00,7.31
2022-11-27 22:15:00,7.32
2022-11-27 22:30:00,7.31
2022-11-27 22:45:00,7.31
2022-11-27 23:00:00,7.31
2022-11-27 23:15:00,7.31
2022-11-27 23:30:00,7.31
2022-11-27 23:45:00,7.33
2022-11-28 00:00:00,7.32
2022-11-28 00:15:00,7.31
2022-11-28 00:30:00,7.34
2022-11-28 00:45:00,7.34
2022-11-28 01:00:00,7.35
2022-11-28 01:15:00,7.34
2022-11-28 01:30:00,7.33
2022-11-28 01:45:00,7.32
2022-11-28 02:00:00,7.31
2022-11-28 02:15:00,7.3
2022-11-28 02:30:00,7.32
2022-11-28 02:45:00,7.35
2022-11-28 03:00:00,7.33
2022-11-28 03:15:00,7.34
2022-11-28 03:30:00,7.34
2022-11-28 03:45:00,7.32
2022-11-28 04:00:00,7.32
2022-11-28 04:15:00,7.31
2022-11-28 04:30:00,7.29
2022-11-28 04:45:00,7.31
2022-11-28 05:00:00,7.31
2022-11-28 05:15:00,7.31
2022-11-28 05:30:00,7.29
2022-11-28 05:45:00,7.3
2022-11-28 06:00:00,7.31
2022-11-28 06:15:00,7.32
2022-11-28 06:30:00,7.33
2022-11-28 06:45:00,7.31
2022-11-28 07:00:00,7.32
2022-11-28 07:15:00,7.33
2022-11-28 07:30:00,7.32
2022-11-28 07:45:00,7.32
2022-11-28 08:00:00,7.31
2022-11-28 08:15:00,7.31
2022-11-28 08:30:00,7.29
2022-11-28 08:45:00,7.29
2022-11-28 09:00:00,7.23
2022-11-28 09:15:00,7.23
2022-11-28 09:30:00,7.25
2022-11-28 09:45:00,7.25
2022-11-28 10:00:00,7.23
2022-11-28 10:15:00,7.23
2022-11-28 10:30:00,7.22
2022-11-28 10:45:00,7.24
2022-11-28 11:00:00,7.28
2022-11-28 11:15:00,7.28
2022-11-28 11:30:00,7.28
2022-11-28 11:45:00,7.27
2022-11-28 12:00:00,7.27
2022-11-28 12:15:00,7.28
2022-11-28 12:30:00,7.29
2022-11-28 12:45:00,7.29
2022-11-28 13:00:00,7.27
2022-11-28 13:15:00,7.24
2022-11-28 13:30:00,7.24
2022-11-28 13:45:00,7.27
2022-11-28 14:00:00,7.23
2022-11-28 14:15:00,7.23
2022-11-28 14:30:00,7.24
2022-11-28 14:45:00,7.23
2022-11-28 15:00:00,7.22
2022-11-28 15:15:00,7.19
2022-11-28 15:30:00,7.19
2022-11-28 15:45:00,7.24
2022-11-28 16:00:00,7.25
2022-11-28 16:15:00,7.27
2022-11-28 16:30:00,7.26
2022-11-28 16:45:00,7.27
2022-11-28 17:00:00,7.27
2022-11-28 17:15:00,7.28
2022-11-28 17:30:00,7.28
2022-11-28 17:45:00,7.29
2022-11-28 18:00:00,7.3
2022-11-28 18:15:00,7.31
2022-11-28 18:30:00,7.34
2022-11-28 18:45:00,7.32
2022-11-28 19:00:00,7.3
2022-11-28 19:15:00,7.3
2022-11-28 19:30:00,7.26
2022-11-28 19:45:00,7.27
2022-11-28 20:00:00,7.27
2022-11-28 20:15:00,7.3
2022-11-28 20:30:00,7.3
2022-11-28 20:45:00,7.3
2022-11-28 21:00:00,7.29
2022-11-28 21:15:00,7.31
2022-11-28 21:30:00,7.29
2022-11-28 21:45:00,7.27
2022-11-28 22:00:00,7.27
2022-11-28 22:15:00,7.29
2022-11-28 22:30:00,7.28
2022-11-28 22:45:00,7.29
2022-11-28 23:00:00,7.27
2022-11-28 23:15:00,7.27
2022-11-28 23:30:00,7.25
2022-11-28 23:45:00,7.22
2022-11-29 00:00:00,7.23
2022-11-29 00:15:00,7.21
2022-11-29 00:30:00,7.23
2022-11-29 00:45:00,7.22
2022-11-29 01:00:00,7.23
2022-11-29 01:15:00,7.25
2022-11-29 01:30:00,7.25
2022-11-29 01:45:00,7.23
2022-11-29 02:00:00,7.21
2022-11-29 02:15:00,7.21
2022-11-29 02:30:00,7.19
2022-11-29 02:45:00,7.18
2022-11-29 03:00:00,7.21
2022-11-29 03:15:00,7.2
2022-11-29 03:30:00,7.18
2022-11-29 03:45:00,7.19
2022-11-29 04:00:00,7.18
2022-11-29 04:15:00,7.18
2022-11-29 04:30:00,7.19
2022-11-29 04:45:00,7.19
2022-11-29 05:00:00,7.18
2022-11-29 05:15:00,7.17
2022-11-29 05:30:00,7.18
2022-11-29 05:45:00,7.19
2022-11-29 06:00:00,7.17
2022-11-29 06:15:00,7.17
2022-11-29 06:30:00,7.18
2022-11-29 06:45:00,7.18
2022-11-29 07:00:00,7.16
2022-11-29 07:15:00,7.17
2022-11-29 07:30:00,7.16
2022-11-29 07:45:00,7.17
2022-11-29 08:00:00,7.18
2022-11-29 08:15:00,7.16
2022-11-29 08:30:00,7.18
2022-11-29 08:45:00,7.18
2022-11-29 09:00:00,7.17
2022-11-29 09:15:00,7.16
2022-11-29 09:30:00,7.15
2022-11-29 09:45:00,7.14
2022-11-29 10:00:00,7.11
2022-11-29 10:15:00,7.13
2022-11-29 10:30:00,7.14
2022-11-29 10:45:00,7.17
2022-11-29 11:00:00,7.15
2022-11-29 11:15:00,7.15
2022-11-29 11:30:00,7.16
2022-11-29 11:45:00,7.13
2022-11-29 12:00:00,7.14
2022-11-29 12:15:00,7.14
2022-11-29 12:30:00,7.17
2022-11-29 12:45:00,7.17
2022-11-29 13:00:00,7.17
2022-11-29 13:15:00,7.17
2022-11-29 13:30:00,7.17
2022-11-29 13:45:00,7.17
2022-11-29 14:00:00,7.17
2022-11-29 14:15:00,7.17
2022-11-29 14:30:00,7.18
2022-11-29 14:45:00,7.19
2022-11-29 15:00:00,7.18
2022-11-29 15:15:00,7.17
2022-11-29 15:30:00,7.18
2022-11-29 15:45:00,7.17
2022-11-29 16:00:00,7.17
2022-11-29 16:15:00,7.17
2022-11-29 16:30:00,7.16
2022-11-29 16:45:00,7.16
2022-11-29 17:00:00,7.17
2022-11-29 17:15:00,7.16
2022-11-29 17:30:00,7.17
2022-11-29 17:45:00,7.16
2022-11-29 18:00:00,7.18
2022-11-29 18:15:00,7.16
2022-11-29 18:30:00,7.17
2022-11-29 18:45:00,7.16
2022-11-29 19:00:00,7.17
2022-11-29 19:15:00,7.15
2022-11-29 19:30:00,7.15
2022-11-29 19:45:00,7.15
2022-11-29 20:00:00,7.16
2022-11-29 20:15:00,7.16
2022-11-29 20:30:00,7.14
2022-11-29 20:45:00,7.16
2022-11-29 21:00:00,7.14
2022-11-29 21:15:00,7.16
2022-11-29 21:30:00,7.15
2022-11-29 21:45:00,7.15
2022-11-29 22:00:00,7.14
2022-11-29 22:15:00,7.16
2022-11-29 22:30:00,7.14
2022-11-29 22:45:00,7.15
2022-11-29 23:00:00,7.15
2022-11-29 23:15:00,7.15
2022-11-29 23:30:00,7.14
2022-11-29 23:45:00,7.16
2022-11-30 00:00:00,7.14
2022-11-30 00:15:00,7.15
2022-11-30 00:30:00,7.14
2022-11-30 00:45:00,7.14
2022-11-30 01:00:00,7.14
2022-11-30 01:15:00,7.13
2022-11-30 01:30:00,7.14
2022-11-30 01:45:00,7.14
2022-11-30 02:00:00,7.16
2022-11-30 02:15:00,7.14
2022-11-30 02:30:00,7.14
2022-11-30 02:45:00,7.14
2022-11-30 03:00:00,7.16
2022-11-30 03:15:00,7.15
2022-11-30 03:30:00,7.16
2022-11-30 03:45:00,7.16
2022-11-30 04:00:00,7.15
2022-11-30 04:15:00,7.15
2022-11-30 04:30:00,7.16
2022-11-30 04:45:00,7.15
2022-11-30 05:00:00,7.16
2022-11-30 05:15:00,7.15
2022-11-30 05:30:00,7.17
2022-11-30 05:45:00,7.17
2022-11-30 06:00:00,7.17
2022-11-30 06:15:00,7.14
2022-11-30 06:30:00,7.15
2022-11-30 06:45:00,7.16
2022-11-30 07:00:00,7.15
2022-11-30 07:15:00,7.16
2022-11-30 07:30:00,7.14
2022-11-30 07:45:00,7.14
2022-11-30 08:00:00,7.13
2022-11-30 08:15:00,7.13
2022-11-30 08:30:00,7.1
2022-11-30 08:45:00,7.1
2022-11-30 09:00:00,7.07
2022-11-30 09:15:00,7.07
2022-11-30 09:30:00,7.05
2022-11-30 09:45:00,7.05
2022-11-30 10:00:00,7.06
2022-11-30 10:15:00,7.07
2022-11-30 10:30:00,7.06
2022-11-30 10:45:00,7.07
2022-11-30 11:00:00,7.07
2022-11-30 11:15:00,7.09
2022-11-30 11:30:00,7.09
2022-11-30 11:45:00,7.1
2022-11-30 12:00:00,7.1
2022-11-30 12:15:00,7.09
2022-11-30 12:30:00,7.1
2022-11-30 12:45:00,7.11
2022-11-30 13:00:00,7.11
2022-11-30 13:15:00,7.1
2022-11-30 13:30:00,7.11
2022-11-30 13:45:00,7.1
2022-11-30 14:00:00,7.1
2022-11-30 14:15:00,7.09
2022-11-30 14:30:00,7.11
2022-11-30 14:45:00,7.11
2022-11-30 15:00:00,7.1
2022-11-30 15:15:00,7.11
2022-11-30 15:30:00,7.11
2022-11-30 15:45:00,7.11
2022-11-30 16:00:00,7.11
2022-11-30 16:15:00,7.09
2022-11-30 16:30:00,7.09
2022-11-30 16:45:00,7.09
2022-11-30 17:00:00,7.09
2022-11-30 17:15:00,7.09
2022-11-30 17:30:00,7.1
2022-11-30 17:45:00,7.09
2022-11-30 18:00:00,7.09
2022-11-30 18:15:00,7.09
2022-11-30 18:30:00,7.08
2022-11-30 18:45:00,7.09
2022-11-30 19:00:00,7.09
2022-11-30 19:15:00,7.09
2022-11-30 19:30:00,7.08
2022-11-30 19:45:00,7.07
2022-11-30 20:00:00,7.08
2022-11-30 20:15:00,7.08
2022-11-30 20:30:00,7.08
2022-11-30 20:45:00,7.08
2022-11-30 21:00:00,7.09
2022-11-30 21:15:00,7.07
2022-11-30 21:30:00,7.07
2022-11-30 21:45:00,7.05
2022-11-30 22:00:00,7.06
2022-11-30 22:15:00,7.05
2022-11-30 22:30:00,7.05
2022-11-30 22:45:00,7.04
2022-11-30 23:00:00,7.06
2022-11-30 23:15:00,7.06
2022-11-30 23:30:00,7.04
2022-11-30 23:45:00,7.04
2022-12-01 00:00:00,7.04
2022-12-01 00:15:00,7.05
2022-12-01 00:30:00,7.05
2022-12-01 00:45:00,7.04
2022-12-01 01:00:00,7.03
2022-12-01 01:15:00,7.03
2022-12-01 01:30:00,7.04
2022-12-01 01:45:00,7.02
2022-12-01 02:00:00,7.03
2022-12-01 02:15:00,7.03
2022-12-01 02:30:00,7.02
2022-12-01 02:45:00,7.02
2022-12-01 03:00:00,7.02
2022-12-01 03:15:00,7.01
2022-12-01 03:30:00,7.02
2022-12-01 03:45:00,7.02
2022-12-01 04:00:00,7.02
2022-12-01 04:15:00,7.02
2022-12-01 04:30:00,7.04
2022-12-01 04:45:00,7.03
2022-12-01 05:00:00,7.02
2022-12-01 05:15:00,7.02
2022-12-01 05:30:00,7.01
2022-12-01 05:45:00,7.02
2022-12-01 06:00:00,7.02
2022-12-01 06:15:00,7.03
2022-12-01 06:30:00,7.02
2022-12-01 06:45:00,7.01
2022-12-01 07:00:00,7.01
2022-12-01 07:15:00,6.997
2022-12-01 07:30:00,7.02
2022-12-01 07:45:00,7.03
2022-12-01 08:00:00,7.02
2022-12-01 08:15:00,7.02
2022-12-01 08:30:00,7.01
2022-12-01 08:45:00,7.02
2022-12-01 09:00:00,7.03
2022-12-01 09:15:00,7.02
2022-12-01 09:30:00,7.03
2022-12-01 09:45:00,7.01
2022-12-01 10:00:00,7.01
2022-12-01 10:15:00,7.01
2022-12-01 10:30:00,7
2022-12-01 10:45:00,7.01
2022-12-01 11:00:00,7
2022-12-01 11:15:00,6.995
2022-12-01 11:30:00,6.995
2022-12-01 11:45:00,6.976
2022-12-01 12:00:00,6.995
2022-12-01 12:15:00,6.995
2022-12-01 12:30:00,7
2022-12-01 12:45:00,6.985
2022-12-01 13:00:00,6.995
2022-12-01 13:15:00,6.985
2022-12-01 13:30:00,6.976
2022-12-01 13:45:00,6.985
2022-12-01 14:00:00,6.976
2022-12-01 14:15:00,6.957
2022-12-01 14:30:00,6.986
2022-12-01 14:45:00,6.986
2022-12-01 15:00:00,6.967
2022-12-01 15:15:00,6.967
2022-12-01 15:30:00,6.958
2022-12-01 15:45:00,6.978
2022-12-01 16:00:00,6.969
2022-12-01 16:15:00,6.988
2022-12-01 16:30:00,6.988
2022-12-01 16:45:00,7.02
2022-12-01 17:00:00,7.03
2022-12-01 17:15:00,7.04
2022-12-01 17:30:00,7.03
2022-12-01 17:45:00,7.05
2022-12-01 18:00:00,7.06
2022-12-01 18:15:00,7.03
2022-12-01 18:30:00,7.07
2022-12-01 18:45:00,7.05
2022-12-01 19:00:00,7.05
2022-12-01 19:15:00,7.05
2022-12-01 19:30:00,7.03
2022-12-01 19:45:00,7.05
2022-12-01 20:00:00,7.04
2022-12-01 20:15:00,7.03
2022-12-01 20:30:00,7.04
2022-12-01 20:45:00,7.05
2022-12-01 21:00:00,7.07
2022-12-01 21:15:00,7.06
2022-12-01 21:30:00,7.06
2022-12-01 21:45:00,7.03
2022-12-01 22:00:00,7.03
2022-12-01 22:15:00,7.02
2022-12-01 22:30:00,7
2022-12-01 22:45:00,7
2022-12-01 23:00:00,7.01
2022-12-01 23:15:00,7.01
2022-12-01 23:30:00,6.999
2022-12-01 23:45:00,6.98
2022-12-02 00:00:00,6.999
2022-12-02 00:15:00,6.999
2022-12-02 00:30:00,6.999
2022-12-02 00:45:00,6.999
2022-12-02 01:00:00,6.99
2022-12-02 01:15:00,6.999
2022-12-02 01:30:00,7
2022-12-02 01:45:00,7
2022-12-02 02:00:00,7
2022-12-02 02:15:00,7
2022-12-02 02:30:00,7.02
2022-12-02 02:45:00,6.981
2022-12-02 03:00:00,6.981
2022-12-02 03:15:00,6.981
2022-12-02 03:30:00,6.991
2022-12-02 03:45:00,6.972
2022-12-02 04:00:00,6.972
2022-12-02 04:15:00,6.981
2022-12-02 04:30:00,6.981
2022-12-02 04:45:00,6.991
2022-12-02 05:00:00,6.972
2022-12-02 05:15:00,6.982
2022-12-02 05:30:00,6.992
2022-12-02 05:45:00,6.982
2022-12-02 06:00:00,6.992
2022-12-02 06:15:00,6.992
2022-12-02 06:30:00,6.972
2022-12-02 06:45:00,6.972
2022-12-02 07:00:00,7.01
2022-12-02 07:15:00,6.991
2022-12-02 07:30:00,6.991
2022-12-02 07:45:00,6.982
2022-12-02 08:00:00,6.973
2022-12-02 08:15:00,6.982
2022-12-02 08:30:00,6.962
2022-12-02 08:45:00,6.972
2022-12-02 09:00:00,6.962
2022-12-02 09:15:00,6.886
2022-12-02 09:30:00,6.913
2022-12-02 09:45:00,6.903
2022-12-02 10:00:00,6.902
2022-12-02 10:15:00,6.901
2022-12-02 10:30:00,6.89
2022-12-02 10:45:00,6.899
2022-12-02 11:00:00,6.889
2022-12-02 11:15:00,6.889
2022-12-02 11:30:00,6.889
2022-12-02 11:45:00,6.88
2022-12-02 12:00:00,6.908
2022-12-02 12:15:00,6.889
2022-12-02 12:30:00,6.908
2022-12-02 12:45:00,6.879
2022-12-02 13:00:00,6.898
2022-12-02 13:15:00,6.888
2022-12-02 13:30:00,6.898
2022-12-02 13:45:00,6.879
2022-12-02 14:00:00,6.889
2022-12-02 14:15:00,6.879
2022-12-02 14:30:00,6.899
2022-12-02 14:45:00,6.87
2022-12-02 15:00:00,6.861
2022-12-02 15:15:00,6.852
2022-12-02 15:30:00,6.958
2022-12-02 15:45:00,6.959
2022-12-02 16:00:00,6.97
2022-12-02 16:15:00,6.98
2022-12-02 16:30:00,6.991
2022-12-02 16:45:00,6.991
2022-12-02 17:00:00,6.973
2022-12-02 17:15:00,6.974
2022-12-02 17:30:00,6.948
2022-12-02 17:45:00,6.951
2022-12-02 18:00:00,6.963
2022-12-02 18:15:00,6.977
2022-12-02 18:30:00,6.97
2022-12-02 18:45:00,6.952
2022-12-02 19:00:00,6.962
2022-12-02 19:15:00,6.953
2022-12-02 19:30:00,6.944
2022-12-02 19:45:00,6.953
2022-12-02 20:00:00,6.973
2022-12-02 20:15:00,6.973
2022-12-02 20:30:00,6.935
2022-12-02 20:45:00,6.954
2022-12-02 21:00:00,6.954
2022-12-02 21:15:00,6.944
2022-12-02 21:30:00,6.953
2022-12-02 21:45:00,6.954
2022-12-02 22:00:00,6.944
2022-12-02 22:15:00,6.944
2022-12-02 22:30:00,6.935
2022-12-02 22:45:00,6.925
2022-12-02 23:00:00,6.935
2022-12-02 23:15:00,6.925
2022-12-02 23:30:00,6.935
2022-12-02 23:45:00,6.944
2022-12-03 00:00:00,6.935
2022-12-03 00:15:00,6.935
2022-12-03 00:30:00,6.925
2022-12-03 00:45:00,6.916
2022-12-03 01:00:00,6.915
2022-12-03 01:15:00,6.925
2022-12-03 01:30:00,6.915
2022-12-03 01:45:00,6.887
2022-12-03 02:00:00,6.887
2022-12-03 02:15:00,6.886
2022-12-03 02:30:00,6.887
2022-12-03 02:45:00,6.915
2022-12-03 03:00:00,6.886
2022-12-03 03:15:00,6.886
2022-12-03 03:30:00,6.896
2022-12-03 03:45:00,6.877
2022-12-03 04:00:00,6.876
2022-12-03 04:15:00,6.886
2022-12-03 04:30:00,6.876
2022-12-03 04:45:00,6.895
2022-12-03 05:00:00,6.895
2022-12-03 05:15:00,6.885
2022-12-03 05:30:00,6.883
2022-12-03 05:45:00,6.893
2022-12-03 06:00:00,6.89
2022-12-03 06:15:00,6.887
2022-12-03 06:30:00,6.876
2022-12-03 06:45:00,6.883
2022-12-03 07:00:00,6.864
2022-12-03 07:15:00,6.874
2022-12-03 07:30:00,6.864
2022-12-03 07:45:00,6.865
2022-12-03 08:00:00,6.858
2022-12-03 08:15:00,6.878
2022-12-03 08:30:00,6.855
2022-12-03 08:45:00,6.847
2022-12-03 09:00:00,6.843
2022-12-03 09:15:00,6.794
2022-12-03 09:30:00,6.784
2022-12-03 09:45:00,6.783
2022-12-03 10:00:00,6.781
2022-12-03 10:15:00,6.771
2022-12-03 10:30:00,6.762
2022-12-03 10:45:00,6.751
2022-12-03 11:00:00,6.779
2022-12-03 11:15:00,6.759
2022-12-03 11:30:00,6.768
2022-12-03 11:45:00,6.758
2022-12-03 12:00:00,6.767
2022-12-03 12:15:00,6.767
2022-12-03 12:30:00,6.767
2022-12-03 12:45:00,6.777
2022-12-03 13:00:00,6.777
2022-12-03 13:15:00,6.796
2022-12-03 13:30:00,6.786
2022-12-03 13:45:00,6.795
2022-12-03 14:00:00,6.795
2022-12-03 14:15:00,6.803
2022-12-03 14:30:00,6.793
2022-12-03 14:45:00,6.783
2022-12-03 15:00:00,6.783
2022-12-03 15:15:00,6.782
2022-12-03 15:30:00,6.84
2022-12-03 15:45:00,6.784
2022-12-03 16:00:00,6.871
2022-12-03 16:15:00,6.844
2022-12-03 16:30:00,6.846
2022-12-03 16:45:00,6.847
2022-12-03 17:00:00,6.839
2022-12-03 17:15:00,6.849
2022-12-03 17:30:00,6.843
2022-12-03 17:45:00,6.844
2022-12-03 18:00:00,6.847
2022-12-03 18:15:00,6.852
2022-12-03 18:30:00,6.844
2022-12-03 18:45:00,6.836
2022-12-03 19:00:00,6.856
2022-12-03 19:15:00,6.846
2022-12-03 19:30:00,6.855
2022-12-03 19:45:00,6.854
2022-12-03 20:00:00,6.835
2022-12-03 20:15:00,6.864
2022-12-03 20:30:00,6.826
2022-12-03 20:45:00,6.825
2022-12-03 21:00:00,6.835
2022-12-03 21:15:00,6.846
2022-12-03 21:30:00,6.847
2022-12-03 21:45:00,6.835
2022-12-03 22:00:00,6.853
2022-12-03 22:15:00,6.853
2022-12-03 22:30:00,6.854
2022-12-03 22:45:00,6.827
2022-12-03 23:00:00,6.828
2022-12-03 23:15:00,6.828
2022-12-03 23:30:00,6.819
2022-12-03 23:45:00,6.828
2022-12-04 00:00:00,6.847
2022-12-04 00:15:00,6.838
2022-12-04 00:30:00,6.838
2022-12-04 00:45:00,6.867
2022-12-04 01:00:00,6.838
2022-12-04 01:15:00,6.838
2022-12-04 01:30:00,6.846
2022-12-04 01:45:00,6.837
2022-12-04 02:00:00,6.836
2022-12-04 02:15:00,6.836
2022-12-04 02:30:00,6.827
2022-12-04 02:45:00,6.847
2022-12-04 03:00:00,6.828
2022-12-04 03:15:00,6.809
2022-12-04 03:30:00,6.819
2022-12-04 03:45:00,6.828
2022-12-04 04:00:00,6.828
2022-12-04 04:15:00,6.846
2022-12-04 04:30:00,6.836
2022-12-04 04:45:00,6.827
2022-12-04 05:00:00,6.817
2022-12-04 05:15:00,6.825
2022-12-04 05:30:00,6.824
2022-12-04 05:45:00,6.833
2022-12-04 06:00:00,6.831
2022-12-04 06:15:00,6.848
2022-12-04 06:30:00,6.845
2022-12-04 06:45:00,6.846
2022-12-04 07:00:00,6.824
2022-12-04 07:15:00,6.816
2022-12-04 07:30:00,6.814
2022-12-04 07:45:00,6.823
2022-12-04 08:00:00,6.803
2022-12-04 08:15:00,6.802
2022-12-04 08:30:00,6.801
2022-12-04 08:45:00,6.801
2022-12-04 09:00:00,6.791
2022-12-04 09:15:00,6.781
2022-12-04 09:30:00,6.78
2022-12-04 09:45:00,6.78
2022-12-04 10:00:00,6.798
2022-12-04 10:15:00,6.788
2022-12-04 10:30:00,6.779
2022-12-04 10:45:00,6.769
2022-12-04 11:00:00,6.778
2022-12-04 11:15:00,6.759
2022-12-04 11:30:00,6.759
2022-12-04 11:45:00,6.758
2022-12-04 12:00:00,6.749
2022-12-04 12:15:00,6.767
2022-12-04 12:30:00,6.757
2022-12-04 12:45:00,6.758
2022-12-04 13:00:00,6.748
2022-12-04 13:15:00,6.748
2022-12-04 13:30:00,6.757
2022-12-04 13:45:00,6.757
2022-12-04 14:00:00,6.757
2022-12-04 14:15:00,6.757
2022-12-04 14:30:00,6.747
2022-12-04 14:45:00,6.747
2022-12-04 15:00:00,6.757
2022-12-04 15:15:00,6.776
2022-12-04 15:30:00,6.786
2022-12-04 15:45:00,6.805
2022-12-04 16:00:00,6.825
2022-12-04 16:15:00,6.807
2022-12-04 16:30:00,6.779
2022-12-04 16:45:00,6.77
2022-12-04 17:00:00,6.742
2022-12-04 17:15:00,6.753
2022-12-04 17:30:00,6.734
2022-12-04 17:45:00,6.734
2022-12-04 18:00:00,6.763
2022-12-04 18:15:00,6.754
2022-12-04 18:30:00,6.725
2022-12-04 18:45:00,6.773
2022-12-04 19:00:00,6.764
2022-12-04 19:15:00,6.773
2022-12-04 19:30:00,6.765
2022-12-04 19:45:00,6.745
2022-12-04 20:00:00,6.774
2022-12-04 20:15:00,6.783
2022-12-04 20:30:00,6.794
2022-12-04 20:45:00,6.803
2022-12-04 21:00:00,6.803
2022-12-04 21:15:00,6.822
2022-12-04 21:30:00,6.812
2022-12-04 21:45:00,6.822
2022-12-04 22:00:00,6.822
2022-12-04 22:15:00,6.822
2022-12-04 22:30:00,6.822
2022-12-04 22:45:00,6.822
2022-12-04 23:00:00,6.822
2022-12-04 23:15:00,6.822
2022-12-04 23:30:00,6.821
2022-12-04 23:45:00,6.831
2022-12-05 00:00:00,6.831
2022-12-05 00:15:00,6.821
2022-12-05 00:30:00,6.821
2022-12-05 00:45:00,6.831
2022-12-05 01:00:00,6.831
2022-12-05 01:15:00,6.822
2022-12-05 01:30:00,6.802
2022-12-05 01:45:00,6.821
2022-12-05 02:00:00,6.812
2022-12-05 02:15:00,6.831
2022-12-05 02:30:00,6.812
2022-12-05 02:45:00,6.813
2022-12-05 03:00:00,6.812
2022-12-05 03:15:00,6.821
2022-12-05 03:30:00,6.812
2022-12-05 03:45:00,6.821
2022-12-05 04:00:00,6.831
2022-12-05 04:15:00,6.821
2022-12-05 04:30:00,6.832
2022-12-05 04:45:00,6.831
2022-12-05 05:00:00,6.831
2022-12-05 05:15:00,6.831
2022-12-05 05:30:00,6.831
2022-12-05 05:45:00,6.812
2022-12-05 06:00:00,6.831
2022-12-05 06:15:00,6.822
2022-12-05 06:30:00,6.822
2022-12-05 06:45:00,6.821
2022-12-05 07:00:00,6.811
2022-12-05 07:15:00,6.821
2022-12-05 07:30:00,6.821
2022-12-05 07:45:00,6.821
2022-12-05 08:00:00,6.802
2022-12-05 08:15:00,6.792
2022-12-05 08:30:00,6.782
2022-12-05 08:45:00,6.772
2022-12-05 09:00:00,6.772
2022-12-05 09:15:00,6.734
2022-12-05 09:30:00,6.733
2022-12-05 09:45:00,6.751
2022-12-05 10:00:00,6.751
2022-12-05 10:15:00,6.76
2022-12-05 10:30:00,6.74
2022-12-05 10:45:00,6.74
2022-12-05 11:00:00,6.72
2022-12-05 11:15:00,6.739
2022-12-05 11:30:00,6.71
2022-12-05 11:45:00,6.7
2022-12-05 12:00:00,6.7
2022-12-05 12:15:00,6.709
2022-12-05 12:30:00,6.709
2022-12-05 12:45:00,6.7
2022-12-05 13:00:00,6.699
2022-12-05 13:15:00,6.699
2022-12-05 13:30:00,6.699
2022-12-05 13:45:00,6.698
2022-12-05 14:00:00,6.689
2022-12-05 14:15:00,6.689
2022-12-05 14:30:00,6.698
2022-12-05 14:45:00,6.699
2022-12-05 15:00:00,6.699
2022-12-05 15:15:00,6.738
2022-12-05 15:30:00,6.767
2022-12-05 15:45:00,6.767
2022-12-05 16:00:00,6.787
2022-12-05 16:15:00,6.778
2022-12-05 16:30:00,6.797
2022-12-05 16:45:00,6.807
2022-12-05 17:00:00,6.798
2022-12-05 17:15:00,6.789
2022-12-05 17:30:00,6.789
2022-12-05 17:45:00,6.789
2022-12-05 18:00:00,6.79
2022-12-05 18:15:00,6.809
2022-12-05 18:30:00,6.8
2022-12-05 18:45:00,6.799
2022-12-05 19:00:00,6.79
2022-12-05 19:15:00,6.781
2022-12-05 19:30:00,6.79
2022-12-05 19:45:00,6.781
2022-12-05 20:00:00,6.781
2022-12-05 20:15:00,6.781
2022-12-05 20:30:00,6.78
2022-12-05 20:45:00,6.752
2022-12-05 21:00:00,6.771
2022-12-05 21:15:00,6.771
2022-12-05 21:30:00,6.762
2022-12-05 21:45:00,6.752
2022-12-05 22:00:00,6.743
2022-12-05 22:15:00,6.771
2022-12-05 22:30:00,6.753
2022-12-05 22:45:00,6.752
2022-12-05 23:00:00,6.762
2022-12-05 23:15:00,6.753
2022-12-05 23:30:00,6.743
2022-12-05 23:45:00,6.743
2022-12-06 00:00:00,6.743
2022-12-06 00:15:00,6.763
2022-12-06 00:30:00,6.753
2022-12-06 00:45:00,6.744
2022-12-06 01:00:00,6.743
2022-12-06 01:15:00,6.734
2022-12-06 01:30:00,6.763
2022-12-06 01:45:00,6.753
2022-12-06 02:00:00,6.762
2022-12-06 02:15:00,6.753
2022-12-06 02:30:00,6.753
2022-12-06 02:45:00,6.753
2022-12-06 03:00:00,6.753
2022-12-06 03:15:00,6.763
2022-12-06 03:30:00,6.763
2022-12-06 03:45:00,6.762
2022-12-06 04:00:00,6.763
2022-12-06 04:15:00,6.762
2022-12-06 04:30:00,6.772
2022-12-06 04:45:00,6.762
2022-12-06 05:00:00,6.763
2022-12-06 05:15:00,6.772
2022-12-06 05:30:00,6.762
2022-12-06 05:45:00,6.743
2022-12-06 06:00:00,6.762
2022-12-06 06:15:00,6.753
2022-12-06 06:30:00,6.762
2022-12-06 06:45:00,6.772
2022-12-06 07:00:00,6.772
2022-12-06 07:15:00,6.753
2022-12-06 07:30:00,6.743
2022-12-06 07:45:00,6.752
2022-12-06 08:00:00,6.762
2022-12-06 08:15:00,6.743
2022-12-06 08:30:00,6.723
2022-12-06 08:45:00,6.704
2022-12-06 09:00:00,6.703
2022-12-06 09:15:00,6.694
2022-12-06 09:30:00,6.665
2022-12-06 09:45:00,6.664
2022-12-06 10:00:00,6.654
2022-12-06 10:15:00,6.654
2022-12-06 10:30:00,6.653
2022-12-06 10:45:00,6.653
2022-12-06 11:00:00,6.614
2022-12-06 11:15:00,6.613
2022-12-06 11:30:00,6.633
2022-12-06 11:45:00,6.633
2022-12-06 12:00:00,6.642
2022-12-06 12:15:00,6.632
2022-12-06 12:30:00,6.594
2022-12-06 12:45:00,6.622
2022-12-06 13:00:00,6.642
2022-12-06 13:15:00,6.622
2022-12-06 13:30:00,6.613
2022-12-06 13:45:00,6.623
2022-12-06 14:00:00,6.632
2022-12-06 14:15:00,6.632
2022-12-06 14:30:00,6.632
2022-12-06 14:45:00,6.633
2022-12-06 15:00:00,6.623
2022-12-06 15:15:00,6.624
2022-12-06 15:30:00,6.633
2022-12-06 15:45:00,6.643
2022-12-06 16:00:00,6.634
2022-12-06 16:15:00,6.624
2022-12-06 16:30:00,6.634
2022-12-06 16:45:00,6.625
2022-12-06 17:00:00,6.568
2022-12-06 17:15:00,6.596
2022-12-06 17:30:00,6.596
2022-12-06 17:45:00,6.606
2022-12-06 18:00:00,6.577
2022-12-06 18:15:00,6.577
2022-12-06 18:30:00,6.596
2022-12-06 18:45:00,6.587
2022-12-06 19:00:00,6.596
2022-12-06 19:15:00,6.578
2022-12-06 19:30:00,6.606
2022-12-06 19:45:00,6.606
2022-12-06 20:00:00,6.634
2022-12-06 20:15:00,6.635
2022-12-06 20:30:00,6.625
2022-12-06 20:45:00,6.635
2022-12-06 21:00:00,6.634
2022-12-06 21:15:00,6.644
2022-12-06 21:30:00,6.625
2022-12-06 21:45:00,6.644
2022-12-06 22:00:00,6.644
2022-12-06 22:15:00,6.644
2022-12-06 22:30:00,6.644
2022-12-06 22:45:00,6.644
2022-12-06 23:00:00,6.635
2022-12-06 23:15:00,6.635
2022-12-06 23:30:00,6.635
2022-12-06 23:45:00,6.654
2022-12-07 00:00:00,6.625
2022-12-07 00:15:00,6.634
2022-12-07 00:30:00,6.634
2022-12-07 00:45:00,6.653
2022-12-07 01:00:00,6.625
2022-12-07 01:15:00,6.625
2022-12-07 01:30:00,6.625
2022-12-07 01:45:00,6.635
2022-12-07 02:00:00,6.634
2022-12-07 02:15:00,6.625
2022-12-07 02:30:00,6.625
2022-12-07 02:45:00,6.634
2022-12-07 03:00:00,6.635
2022-12-07 03:15:00,6.635
2022-12-07 03:30:00,6.634
2022-12-07 03:45:00,6.634
2022-12-07 04:00:00,6.644
2022-12-07 04:15:00,6.635
2022-12-07 04:30:00,6.635
2022-12-07 04:45:00,6.635
2022-12-07 05:00:00,6.645
2022-12-07 05:15:00,6.635
2022-12-07 05:30:00,6.654
2022-12-07 05:45:00,6.645
2022-12-07 06:00:00,6.654
2022-12-07 06:15:00,6.654
2022-12-07 06:30:00,6.654
2022-12-07 06:45:00,6.645
2022-12-07 07:00:00,6.655
2022-12-07 07:15:00,6.645
2022-12-07 07:30:00,6.655
2022-12-07 07:45:00,6.636
2022-12-07 08:00:00,6.636
2022-12-07 08:15:00,6.626
2022-12-07 08:30:00,6.636
2022-12-07 08:45:00,6.607
2022-12-07 09:00:00,6.598
2022-12-07 09:15:00,6.597
2022-12-07 09:30:00,6.597
2022-12-07 09:45:00,6.606
2022-12-07 10:00:00,6.596
2022-12-07 10:15:00,6.586
2022-12-07 10:30:00,6.595
2022-12-07 10:45:00,6.593
2022-12-07 11:00:00,6.592
2022-12-07 11:15:00,6.61
2022-12-07 11:30:00,6.595
2022-12-07 11:45:00,6.613
2022-12-07 12:00:00,6.59
2022-12-07 12:15:00,6.579
2022-12-07 12:30:00,6.598
2022-12-07 12:45:00,6.601
2022-12-07 13:00:00,6.601
2022-12-07 13:15:00,6.6
2022-12-07 13:30:00,6.588
2022-12-07 13:45:00,6.578
2022-12-07 14:00:00,6.589
2022-12-07 14:15:00,6.595
2022-12-07 14:30:00,6.585
2022-12-07 14:45:00,6.566
2022-12-07 15:00:00,6.575
2022-12-07 15:15:00,6.55
2022-12-07 15:30:00,6.542
2022-12-07 15:45:00,6.553
2022-12-07 16:00:00,6.536
2022-12-07 16:15:00,6.529
2022-12-07 16:30:00,6.521
2022-12-07 16:45:00,6.542
2022-12-07 17:00:00,6.648
2022-12-07 17:15:00,6.639
2022-12-07 17:30:00,6.639
2022-12-07 17:45:00,6.64
2022-12-07 18:00:00,6.64
2022-12-07 18:15:00,6.65
2022-12-07 18:30:00,6.641
2022-12-07 18:45:00,6.651
2022-12-07 19:00:00,6.661
2022-12-07 19:15:00,6.652
2022-12-07 19:30:00,6.652
2022-12-07 19:45:00,6.651
2022-12-07 20:00:00,6.641
2022-12-07 20:15:00,6.642
2022-12-07 20:30:00,6.65
2022-12-07 20:45:00,6.65
2022-12-07 21:00:00,6.65
2022-12-07 21:15:00,6.65
2022-12-07 21:30:00,6.63
2022-12-07 21:45:00,6.64
2022-12-07 22:00:00,6.65
2022-12-07 22:15:00,6.65
2022-12-07 22:30:00,6.631
2022-12-07 22:45:00,6.631
2022-12-07 23:00:00,6.65
2022-12-07 23:15:00,6.642
2022-12-07 23:30:00,6.632
2022-12-07 23:45:00,6.641
2022-12-08 00:00:00,6.605
2022-12-08 00:15:00,6.645
2022-12-08 00:30:00,6.646
2022-12-08 00:45:00,6.645
2022-12-08 01:00:00,6.645
2022-12-08 01:15:00,6.646
2022-12-08 01:30:00,6.647
2022-12-08 01:45:00,6.647
2022-12-08 02:00:00,6.648
2022-12-08 02:15:00,6.639
2022-12-08 02:30:00,6.629
2022-12-08 02:45:00,6.64
2022-12-08 03:00:00,6.631
2022-12-08 03:15:00,6.62
2022-12-08 03:30:00,6.632
2022-12-08 03:45:00,6.601
2022-12-08 04:00:00,6.619
2022-12-08 04:15:00,6.618
2022-12-08 04:30:00,6.633
2022-12-08 04:45:00,6.634
2022-12-08 05:00:00,6.624
2022-12-08 05:15:00,6.623
2022-12-08 05:30:00,6.614
2022-12-08 05:45:00,6.614
2022-12-08 06:00:00,6.631
2022-12-08 06:15:00,6.612
2022-12-08 06:30:00,6.621
2022-12-08 06:45:00,6.612
2022-12-08 07:00:00,6.623
2022-12-08 07:15:00,6.604
2022-12-08 07:30:00,6.615
2022-12-08 07:45:00,6.613
2022-12-08 08:00:00,6.594
2022-12-08 08:15:00,6.593
2022-12-08 08:30:00,6.593
2022-12-08 08:45:00,6.584
2022-12-08 09:00:00,6.554
2022-12-08 09:15:00,6.553
2022-12-08 09:30:00,6.515
2022-12-08 09:45:00,6.524
2022-12-08 10:00:00,6.523
2022-12-08 10:15:00,6.512
2022-12-08 10:30:00,6.511
2022-12-08 10:45:00,6.52
2022-12-08 11:00:00,6.52
2022-12-08 11:15:00,6.529
2022-12-08 11:30:00,6.519
2022-12-08 11:45:00,6.509
2022-12-08 12:00:00,6.518
2022-12-08 12:15:00,6.537
2022-12-08 12:30:00,6.527
2022-12-08 12:45:00,6.527
2022-12-08 13:00:00,6.527
2022-12-08 13:15:00,6.527
2022-12-08 13:30:00,6.518
2022-12-08 13:45:00,6.527
2022-12-08 14:00:00,6.518
2022-12-08 14:15:00,6.518
2022-12-08 14:30:00,6.519
2022-12-08 14:45:00,6.528
2022-12-08 15:00:00,6.529
2022-12-08 15:15:00,6.529
2022-12-08 15:30:00,6.548
2022-12-08 15:45:00,6.548
2022-12-08 16:00:00,6.539
2022-12-08 16:15:00,6.53
2022-12-08 16:30:00,6.52
2022-12-08 16:45:00,6.539
2022-12-08 17:00:00,6.539
2022-12-08 17:15:00,6.53
2022-12-08 17:30:00,6.53
2022-12-08 17:45:00,6.54
2022-12-08 18:00:00,6.54
2022-12-08 18:15:00,6.549
2022-12-08 18:30:00,6.54
2022-12-08 18:45:00,6.54
2022-12-08 19:00:00,6.53
2022-12-08 19:15:00,6.549
2022-12-08 19:30:00,6.53
2022-12-08 19:45:00,6.53
2022-12-08 20:00:00,6.549
2022-12-08 20:15:00,6.559
2022-12-08 20:30:00,6.559
2022-12-08 20:45:00,6.568
2022-12-08 21:00:00,6.549
2022-12-08 21:15:00,6.549
2022-12-08 21:30:00,6.558
2022-12-08 21:45:00,6.559
2022-12-08 22:00:00,6.549
2022-12-08 22:15:00,6.558
2022-12-08 22:30:00,6.53
2022-12-08 22:45:00,6.539
2022-12-08 23:00:00,6.549
2022-12-08 23:15:00,6.539
2022-12-08 23:30:00,6.549
2022-12-08 23:45:00,6.568
2022-12-09 00:00:00,6.558
2022-12-09 00:15:00,6.558
2022-12-09 00:30:00,6.539
2022-12-09 00:45:00,6.558
2022-12-09 01:00:00,6.558
2022-12-09 01:15:00,6.559
2022-12-09 01:30:00,6.549
2022-12-09 01:45:00,6.53
2022-12-09 02:00:00,6.521
2022-12-09 02:15:00,6.521
2022-12-09 02:30:00,6.511
2022-12-09 02:45:00,6.54
2022-12-09 03:00:00,6.549
2022-12-09 03:15:00,6.54
2022-12-09 03:30:00,6.54
2022-12-09 03:45:00,6.549
2022-12-09 04:00:00,6.54
2022-12-09 04:15:00,6.54
2022-12-09 04:30:00,6.54
2022-12-09 04:45:00,6.55
2022-12-09 05:00:00,6.559
2022-12-09 05:15:00,6.54
2022-12-09 05:30:00,6.541
2022-12-09 05:45:00,6.569
2022-12-09 06:00:00,6.597
2022-12-09 06:15:00,6.579
2022-12-09 06:30:00,6.532
2022-12-09 06:45:00,6.541
2022-12-09 07:00:00,6.522
2022-12-09 07:15:00,6.541
2022-12-09 07:30:00,6.531
2022-12-09 07:45:00,6.531
2022-12-09 08:00:00,6.531
2022-12-09 08:15:00,6.512
2022-12-09 08:30:00,6.511
2022-12-09 08:45:00,6.511
2022-12-09 09:00:00,6.559
2022-12-09 09:15:00,6.501
2022-12-09 09:30:00,6.501
2022-12-09 09:45:00,6.491
2022-12-09 10:00:00,6.5
2022-12-09 10:15:00,6.499
2022-12-09 10:30:00,6.499
2022-12-09 10:45:00,6.498
2022-12-09 11:00:00,6.498
2022-12-09 11:15:00,6.516
2022-12-09 11:30:00,6.516
2022-12-09 11:45:00,6.525
2022-12-09 12:00:00,6.534
2022-12-09 12:15:00,6.519
2022-12-09 12:30:00,6.527
2022-12-09 12:45:00,6.525
2022-12-09 13:00:00,6.514
2022-12-09 13:15:00,6.514
2022-12-09 13:30:00,6.517
2022-12-09 13:45:00,6.502
2022-12-09 14:00:00,6.513
2022-12-09 14:15:00,6.505
2022-12-09 14:30:00,6.515
2022-12-09 14:45:00,6.497
2022-12-09 15:00:00,6.488
2022-12-09 15:15:00,6.488
2022-12-09 15:30:00,6.488
2022-12-09 15:45:00,6.461
2022-12-09 16:00:00,6.49
2022-12-09 16:15:00,6.491
2022-12-09 16:30:00,6.474
2022-12-09 16:45:00,6.484
2022-12-09 17:00:00,6.484
2022-12-09 17:15:00,6.485
2022-12-09 17:30:00,6.476
2022-12-09 17:45:00,6.476
2022-12-09 18:00:00,6.486
2022-12-09 18:15:00,6.534
2022-12-09 18:30:00,6.553
2022-12-09 18:45:00,6.572
2022-12-09 19:00:00,6.553
2022-12-09 19:15:00,6.553
2022-12-09 19:30:00,6.534
2022-12-09 19:45:00,6.544
2022-12-09 20:00:00,6.553
2022-12-09 20:15:00,6.553
2022-12-09 20:30:00,6.534
2022-12-09 20:45:00,6.544
2022-12-09 21:00:00,6.534
2022-12-09 21:15:00,6.543
2022-12-09 21:30:00,6.543
2022-12-09 21:45:00,6.524
2022-12-09 22:00:00,6.524
2022-12-09 22:15:00,6.514
2022-12-09 22:30:00,6.533
2022-12-09 22:45:00,6.504
2022-12-09 23:00:00,6.513
2022-12-09 23:15:00,6.523
2022-12-09 23:30:00,6.494
2022-12-09 23:45:00,6.493
2022-12-10 00:00:00,6.493
2022-12-10 00:15:00,6.503
2022-12-10 00:30:00,6.502
2022-12-10 00:45:00,6.512
2022-12-10 01:00:00,6.502
2022-12-10 01:15:00,6.502
2022-12-10 01:30:00,6.493
2022-12-10 01:45:00,6.511
2022-12-10 02:00:00,6.521
2022-12-10 02:15:00,6.502
2022-12-10 02:30:00,6.502
2022-12-10 02:45:00,6.502
2022-12-10 03:00:00,6.483
2022-12-10 03:15:00,6.483
2022-12-10 03:30:00,6.493
2022-12-10 03:45:00,6.492
2022-12-10 04:00:00,6.502
2022-12-10 04:15:00,6.521
2022-12-10 04:30:00,6.492
2022-12-10 04:45:00,6.492
2022-12-10 05:00:00,6.492
2022-12-10 05:15:00,6.511
2022-12-10 05:30:00,6.492
2022-12-10 05:45:00,6.492
2022-12-10 06:00:00,6.483
2022-12-10 06:15:00,6.492
2022-12-10 06:30:00,6.511
2022-12-10 06:45:00,6.501
2022-12-10 07:00:00,6.501
2022-12-10 07:15:00,6.492
2022-12-10 07:30:00,6.52
2022-12-10 07:45:00,6.491
2022-12-10 08:00:00,6.501
2022-12-10 08:15:00,6.491
2022-12-10 08:30:00,6.491
2022-12-10 08:45:00,6.491
2022-12-10 09:00:00,6.491
2022-12-10 09:15:00,6.481
2022-12-10 09:30:00,6.51
2022-12-10 09:45:00,6.481
2022-12-10 10:00:00,6.5
2022-12-10 10:15:00,6.49
2022-12-10 10:30:00,6.49
2022-12-10 10:45:00,6.489
2022-12-10 11:00:00,6.49
2022-12-10 11:15:00,6.499
2022-12-10 11:30:00,6.499
2022-12-10 11:45:00,6.49
2022-12-10 12:00:00,6.499
2022-12-10 12:15:00,6.499
2022-12-10 12:30:00,6.49
2022-12-10 12:45:00,6.499
2022-12-10 13:00:00,6.499
2022-12-10 13:15:00,6.509
2022-12-10 13:30:00,6.517
2022-12-10 13:45:00,6.518
2022-12-10 14:00:00,6.517
2022-12-10 14:15:00,6.537
2022-12-10 14:30:00,6.546
2022-12-10 14:45:00,6.546
2022-12-10 15:00:00,6.556
2022-12-10 15:15:00,6.546
2022-12-10 15:30:00,6.537
2022-12-10 15:45:00,6.537
2022-12-10 16:00:00,6.546
2022-12-10 16:15:00,6.565
2022-12-10 16:30:00,6.565
2022-12-10 16:45:00,6.547
2022-12-10 17:00:00,6.537
2022-12-10 17:15:00,6.546
2022-12-10 17:30:00,6.547
2022-12-10 17:45:00,6.547
2022-12-10 18:00:00,6.528
2022-12-10 18:15:00,6.547
2022-12-10 18:30:00,6.537
2022-12-10 18:45:00,6.547
2022-12-10 19:00:00,6.538
2022-12-10 19:15:00,6.547
2022-12-10 19:30:00,6.547
2022-12-10 19:45:00,6.547
2022-12-10 20:00:00,6.537
2022-12-10 20:15:00,6.538
2022-12-10 20:30:00,6.538
2022-12-10 20:45:00,6.528
2022-12-10 21:00:00,6.519
2022-12-10 21:15:00,6.519
2022-12-10 21:30:00,6.519
2022-12-10 21:45:00,6.51
2022-12-10 22:00:00,6.529
2022-12-10 22:15:00,6.5
2022-12-10 22:30:00,6.5
2022-12-10 22:45:00,6.52
2022-12-10 23:00:00,6.511
2022-12-10 23:15:00,6.511
2022-12-10 23:30:00,6.502
2022-12-10 23:45:00,6.511
2022-12-11 00:00:00,6.512
2022-12-11 00:15:00,6.502
2022-12-11 00:30:00,6.512
2022-12-11 00:45:00,6.493
2022-12-11 01:00:00,6.502
2022-12-11 01:15:00,6.502
2022-12-11 01:30:00,6.502
2022-12-11 01:45:00,6.502
2022-12-11 02:00:00,6.502
2022-12-11 02:15:00,6.492
2022-12-11 02:30:00,6.492
2022-12-11 02:45:00,6.493
2022-12-11 03:00:00,6.512
2022-12-11 03:15:00,6.502
2022-12-11 03:30:00,6.483
2022-12-11 03:45:00,6.493
2022-12-11 04:00:00,6.474
2022-12-11 04:15:00,6.493
2022-12-11 04:30:00,6.493
2022-12-11 04:45:00,6.493
2022-12-11 05:00:00,6.503
2022-12-11 05:15:00,6.483
2022-12-11 05:30:00,6.502
2022-12-11 05:45:00,6.483
2022-12-11 06:00:00,6.502
2022-12-11 06:15:00,6.483
2022-12-11 06:30:00,6.483
2022-12-11 06:45:00,6.492
2022-12-11 07:00:00,6.483
2022-12-11 07:15:00,6.483
2022-12-11 07:30:00,6.502
2022-12-11 07:45:00,6.492
2022-12-11 08:00:00,6.492
2022-12-11 08:15:00,6.501
2022-12-11 08:30:00,6.501
2022-12-11 08:45:00,6.5
2022-12-11 09:00:00,6.5
2022-12-11 09:15:00,6.499
2022-12-11 09:30:00,6.499
2022-12-11 09:45:00,6.508
2022-12-11 10:00:00,6.508
2022-12-11 10:15:00,6.507
2022-12-11 10:30:00,6.516
2022-12-11 10:45:00,6.516
2022-12-11 11:00:00,6.534
2022-12-11 11:15:00,6.512
2022-12-11 11:30:00,6.471
2022-12-11 11:45:00,6.477
2022-12-11 12:00:00,6.479
2022-12-11 12:15:00,6.481
2022-12-11 12:30:00,6.482
2022-12-11 12:45:00,6.482
2022-12-11 13:00:00,6.494
2022-12-11 13:15:00,6.494
2022-12-11 13:30:00,6.495
2022-12-11 13:45:00,6.486
2022-12-11 14:00:00,6.486
2022-12-11 14:15:00,6.486
2022-12-11 14:30:00,6.466
2022-12-11 14:45:00,6.477
2022-12-11 15:00:00,6.478
2022-12-11 15:15:00,6.469
2022-12-11 15:30:00,6.469
2022-12-11 15:45:00,6.469
2022-12-11 16:00:00,6.479
2022-12-11 16:15:00,6.46
2022-12-11 16:30:00,6.461
2022-12-11 16:45:00,6.461
2022-12-11 17:00:00,6.461
2022-12-11 17:15:00,6.443
2022-12-11 17:30:00,6.462
2022-12-11 17:45:00,6.434
2022-12-11 18:00:00,6.434
2022-12-11 18:15:00,6.434
2022-12-11 18:30:00,6.444
2022-12-11 18:45:00,6.444
2022-12-11 19:00:00,6.444
2022-12-11 19:15:00,6.444
2022-12-11 19:30:00,6.444
2022-12-11 19:45:00,6.435
2022-12-11 20:00:00,6.444
2022-12-11 20:15:00,6.425
2022-12-11 20:30:00,6.434
2022-12-11 20:45:00,6.434
2022-12-11 21:00:00,6.435
2022-12-11 21:15:00,6.444
2022-12-11 21:30:00,6.435
2022-12-11 21:45:00,6.435
2022-12-11 22:00:00,6.426
2022-12-11 22:15:00,6.435
2022-12-11 22:30:00,6.426
2022-12-11 22:45:00,6.426
2022-12-11 23:00:00,6.425
2022-12-11 23:15:00,6.426
2022-12-11 23:30:00,6.435
2022-12-11 23:45:00,6.425
2022-12-12 00:00:00,6.425
2022-12-12 00:15:00,6.435
2022-12-12 00:30:00,6.435
2022-12-12 00:45:00,6.416
2022-12-12 01:00:00,6.426
2022-12-12 01:15:00,6.426
2022-12-12 01:30:00,6.407
2022-12-12 01:45:00,6.426
2022-12-12 02:00:00,6.416
2022-12-12 02:15:00,6.407
2022-12-12 02:30:00,6.407
2022-12-12 02:45:00,6.407
2022-12-12 03:00:00,6.397
2022-12-12 03:15:00,6.407
2022-12-12 03:30:00,6.417
2022-12-12 03:45:00,6.407
2022-12-12 04:00:00,6.407
2022-12-12 04:15:00,6.407
2022-12-12 04:30:00,6.417
2022-12-12 04:45:00,6.407
2022-12-12 05:00:00,6.398
2022-12-12 05:15:00,6.398
2022-12-12 05:30:00,6.407
2022-12-12 05:45:00,6.397
2022-12-12 06:00:00,6.398
2022-12-12 06:15:00,6.407
2022-12-12 06:30:00,6.388
2022-12-12 06:45:00,6.407
2022-12-12 07:00:00,6.388
2022-12-12 07:15:00,6.388
2022-12-12 07:30:00,6.398
2022-12-12 07:45:00,6.407
2022-12-12 08:00:00,6.388
2022-12-12 08:15:00,6.407
2022-12-12 08:30:00,6.398
2022-12-12 08:45:00,6.398
2022-12-12 09:00:00,6.378
2022-12-12 09:15:00,6.388
2022-12-12 09:30:00,6.397
2022-12-12 09:45:00,6.397
2022-12-12 10:00:00,6.378
2022-12-12 10:15:00,6.388
2022-12-12 10:30:00,6.406
2022-12-12 10:45:00,6.387
2022-12-12 11:00:00,6.397
2022-12-12 11:15:00,6.397
2022-12-12 11:30:00,6.387
2022-12-12 11:45:00,6.396
2022-12-12 12:00:00,6.396
2022-12-12 12:15:00,6.386
2022-12-12 12:30:00,6.396
2022-12-12 12:45:00,6.377
2022-12-12 13:00:00,6.386
2022-12-12 13:15:00,6.386
2022-12-12 13:30:00,6.396
2022-12-12 13:45:00,6.396
2022-12-12 14:00:00,6.396
2022-12-12 14:15:00,6.406
2022-12-12 14:30:00,6.377
2022-12-12 14:45:00,6.387
2022-12-12 15:00:00,6.378
2022-12-12 15:15:00,6.397
2022-12-12 15:30:00,6.378
2022-12-12 15:45:00,6.397
2022-12-12 16:00:00,6.359
2022-12-12 16:15:00,6.388
2022-12-12 16:30:00,6.369
2022-12-12 16:45:00,6.388
2022-12-12 17:00:00,6.36
2022-12-12 17:15:00,6.388
2022-12-12 17:30:00,6.37
2022-12-12 17:45:00,6.379
2022-12-12 18:00:00,6.379
2022-12-12 18:15:00,6.369
2022-12-12 18:30:00,6.36
2022-12-12 18:45:00,6.379
2022-12-12 19:00:00,6.351
2022-12-12 19:15:00,6.37
2022-12-12 19:30:00,6.36
2022-12-12 19:45:00,6.36
2022-12-12 20:00:00,6.37
2022-12-12 20:15:00,6.351
2022-12-12 20:30:00,6.36
2022-12-12 20:45:00,6.36
2022-12-12 21:00:00,6.379
2022-12-12 21:15:00,6.351
2022-12-12 21:30:00,6.36
2022-12-12 21:45:00,6.36
2022-12-12 22:00:00,6.36
2022-12-12 22:15:00,6.351
2022-12-12 22:30:00,6.351
2022-12-12 22:45:00,6.351
2022-12-12 23:00:00,6.332
2022-12-12 23:15:00,6.332
2022-12-12 23:30:00,6.351
2022-12-12 23:45:00,6.361
2022-12-13 00:15:00,6.341
2022-12-13 00:30:00,6.351
2022-12-13 00:45:00,6.332
2022-12-13 01:00:00,6.342
2022-12-13 01:15:00,6.342
2022-12-13 01:30:00,6.342
2022-12-13 01:45:00,6.351
2022-12-13 02:00:00,6.351
2022-12-13 02:15:00,6.352
2022-12-13 02:30:00,6.361
2022-12-13 02:45:00,6.342
2022-12-13 03:00:00,6.361
2022-12-13 03:15:00,6.351
2022-12-13 03:30:00,6.352
2022-12-13 03:45:00,6.332
2022-12-13 04:00:00,6.447
2022-12-13 04:15:00,6.428
2022-12-13 04:30:00,6.4
2022-12-13 04:45:00,6.411
2022-12-13 05:00:00,6.421
2022-12-13 05:15:00,6.403
2022-12-13 05:30:00,6.403
2022-12-13 05:45:00,6.414
2022-12-13 06:00:00,6.403
2022-12-13 06:15:00,6.393
2022-12-13 06:30:00,6.401
2022-12-13 06:45:00,6.391
2022-12-13 07:00:00,6.4
2022-12-13 07:15:00,6.419
2022-12-13 07:30:00,6.409
2022-12-13 07:45:00,6.362
2022-12-13 08:00:00,6.352
2022-12-13 08:15:00,6.362
2022-12-13 08:30:00,6.362
2022-12-13 08:45:00,6.361
2022-12-13 09:00:00,6.361
2022-12-13 09:15:00,6.37
2022-12-13 09:30:00,6.342
2022-12-13 09:45:00,6.341
2022-12-13 10:00:00,6.293
2022-12-13 10:15:00,6.321
2022-12-13 10:30:00,6.301
2022-12-13 10:45:00,6.301
2022-12-13 11:00:00,6.311
2022-12-13 11:15:00,6.283
2022-12-13 11:30:00,6.292
2022-12-13 11:45:00,6.292
2022-12-13 12:00:00,6.272
2022-12-13 12:15:00,6.281
2022-12-13 12:30:00,6.291
2022-12-13 12:45:00,6.3
2022-12-13 13:00:00,6.29
2022-12-13 13:15:00,6.28
2022-12-13 13:30:00,6.28
2022-12-13 13:45:00,6.29
2022-12-13 14:00:00,6.281
2022-12-13 14:15:00,6.281
2022-12-13 14:30:00,6.281
2022-12-13 14:45:00,6.291
2022-12-13 15:00:00,6.301
2022-12-13 15:15:00,6.301
2022-12-13 15:30:00,6.292
2022-12-13 15:45:00,6.302
2022-12-13 16:00:00,6.293
2022-12-13 16:15:00,6.274
2022-12-13 16:30:00,6.303
2022-12-13 16:45:00,6.351
2022-12-13 17:00:00,6.342
2022-12-13 17:15:00,6.342
2022-12-13 17:30:00,6.351
2022-12-13 17:45:00,6.323
2022-12-13 18:00:00,6.332
2022-12-13 18:15:00,6.342
2022-12-13 18:30:00,6.351
2022-12-13 18:45:00,6.361
2022-12-13 19:00:00,6.323
2022-12-13 19:15:00,6.323
2022-12-13 19:30:00,6.332
2022-12-13 19:45:00,6.332
2022-12-13 20:00:00,6.341
2022-12-13 20:15:00,6.332
2022-12-13 20:30:00,6.322
2022-12-13 20:45:00,6.313
2022-12-13 21:00:00,6.332
2022-12-13 21:15:00,6.341
2022-12-13 21:30:00,6.322
2022-12-13 21:45:00,6.322
2022-12-13 22:00:00,6.332
2022-12-13 22:15:00,6.332
2022-12-13 22:30:00,6.322
2022-12-13 22:45:00,6.322
2022-12-13 23:00:00,6.332
2022-12-13 23:15:00,6.323
2022-12-13 23:30:00,6.323
2022-12-13 23:45:00,6.313
2022-12-14 00:00:00,6.332
2022-12-14 00:15:00,6.313
2022-12-14 00:30:00,6.323
2022-12-14 00:45:00,6.322
2022-12-14 01:00:00,6.313
2022-12-14 01:15:00,6.313
2022-12-14 01:30:00,6.313
2022-12-14 01:45:00,6.342
2022-12-14 02:00:00,6.332
2022-12-14 02:15:00,6.313
2022-12-14 02:30:00,6.323
2022-12-14 02:45:00,6.304
2022-12-14 03:00:00,6.304
2022-12-14 03:15:00,6.323
2022-12-14 03:30:00,6.332
2022-12-14 03:45:00,6.322
2022-12-14 04:00:00,6.323
2022-12-14 04:15:00,6.322
2022-12-14 04:30:00,6.303
2022-12-14 04:45:00,6.341
2022-12-14 05:00:00,6.313
2022-12-14 05:15:00,6.323
2022-12-14 05:30:00,6.323
2022-12-14 05:45:00,6.313
2022-12-14 06:00:00,6.304
2022-12-14 06:15:00,6.323
2022-12-14 06:30:00,6.304
2022-12-14 06:45:00,6.313
2022-12-14 07:00:00,6.313
2022-12-14 07:15:00,6.294
2022-12-14 07:30:00,6.294
2022-12-14 07:45:00,6.313
2022-12-14 08:00:00,6.313
2022-12-14 08:15:00,6.313
2022-12-14 08:30:00,6.294
2022-12-14 08:45:00,6.294
2022-12-14 09:00:00,6.274
2022-12-14 09:15:00,6.265
2022-12-14 09:30:00,6.274
2022-12-14 09:45:00,6.273
2022-12-14 10:00:00,6.282
2022-12-14 10:15:00,6.281
2022-12-14 10:30:00,6.243
2022-12-14 10:45:00,6.262
2022-12-14 11:00:00,6.262
2022-12-14 11:15:00,6.243
2022-12-14 11:30:00,6.233
2022-12-14 11:45:00,6.234
2022-12-14 12:00:00,6.234
2022-12-14 12:15:00,6.225
2022-12-14 12:30:00,6.244
2022-12-14 12:45:00,6.235
2022-12-14 13:00:00,6.235
2022-12-14 13:15:00,6.216
2022-12-14 13:30:00,6.216
2022-12-14 13:45:00,6.226
2022-12-14 14:00:00,6.226
2022-12-14 14:15:00,6.264
2022-12-14 14:30:00,6.283
2022-12-14 14:45:00,6.264
2022-12-14 15:00:00,6.265
2022-12-14 15:15:00,6.265
2022-12-14 15:30:00,6.265
2022-12-14 15:45:00,6.255
2022-12-14 16:00:00,6.265
2022-12-14 16:15:00,6.275
2022-12-14 16:30:00,6.246
2022-12-14 16:45:00,6.237
2022-12-14 17:00:00,6.247
2022-12-14 17:15:00,6.237
2022-12-14 17:30:00,6.247
2022-12-14 17:45:00,6.237
2022-12-14 18:00:00,6.257
2022-12-14 18:15:00,6.247
2022-12-14 18:30:00,6.247
2022-12-14 18:45:00,6.247
2022-12-14 19:00:00,6.257
2022-12-14 19:15:00,6.238
2022-12-14 19:30:00,6.238
2022-12-14 19:45:00,6.266
2022-12-14 20:00:00,6.21
2022-12-14 20:15:00,6.209
2022-12-14 20:30:00,6.219
2022-12-14 20:45:00,6.2
2022-12-14 21:00:00,6.209
2022-12-14 21:15:00,6.219
2022-12-14 21:30:00,6.219
2022-12-14 21:45:00,6.191
2022-12-14 22:00:00,6.219
2022-12-14 22:15:00,6.2
2022-12-14 22:30:00,6.219
2022-12-14 22:45:00,6.2
2022-12-14 23:00:00,6.19
2022-12-14 23:15:00,6.191
2022-12-14 23:30:00,6.21
2022-12-14 23:45:00,6.229
2022-12-15 00:00:00,6.2
2022-12-15 00:15:00,6.191
2022-12-15 00:30:00,6.21
2022-12-15 00:45:00,6.21
2022-12-15 01:00:00,6.21
2022-12-15 01:15:00,6.21
2022-12-15 01:30:00,6.2
2022-12-15 01:45:00,6.172
2022-12-15 02:00:00,6.21
2022-12-15 02:15:00,6.2
2022-12-15 02:30:00,6.248
2022-12-15 02:45:00,6.267
2022-12-15 03:00:00,6.258
2022-12-15 03:15:00,6.267
2022-12-15 03:30:00,6.277
2022-12-15 03:45:00,6.248
2022-12-15 04:00:00,6.277
2022-12-15 04:15:00,6.286
2022-12-15 04:30:00,6.277
2022-12-15 04:45:00,6.286
2022-12-15 05:00:00,6.286
2022-12-15 05:15:00,6.277
2022-12-15 05:30:00,6.276
2022-12-15 05:45:00,6.277
2022-12-15 06:00:00,6.267
2022-12-15 06:15:00,6.267
2022-12-15 06:30:00,6.276
2022-12-15 06:45:00,6.267
2022-12-15 07:00:00,6.277
2022-12-15 07:15:00,6.258
2022-12-15 07:30:00,6.267
2022-12-15 07:45:00,6.277
2022-12-15 08:00:00,6.277
2022-12-15 08:15:00,6.267
2022-12-15 08:30:00,6.276
2022-12-15 08:45:00,6.276
2022-12-15 09:00:00,6.276
2022-12-15 09:15:00,6.267
2022-12-15 09:30:00,6.266
2022-12-15 09:45:00,6.266
2022-12-15 10:00:00,6.257
2022-12-15 10:15:00,6.257
2022-12-15 10:30:00,6.238
2022-12-15 10:45:00,6.228
2022-12-15 11:00:00,6.236
2022-12-15 11:15:00,6.246
2022-12-15 11:30:00,6.255
2022-12-15 11:45:00,6.255
2022-12-15 12:00:00,6.207
2022-12-15 12:15:00,6.226
2022-12-15 12:30:00,6.226
2022-12-15 12:45:00,6.244
2022-12-15 13:00:00,6.254
2022-12-15 13:15:00,6.244
2022-12-15 13:30:00,6.254
2022-12-15 13:45:00,6.254
2022-12-15 14:00:00,6.254
2022-12-15 14:15:00,6.255
2022-12-15 14:30:00,6.264
2022-12-15 14:45:00,6.283
2022-12-15 15:00:00,6.283
2022-12-15 15:15:00,6.283
2022-12-15 15:30:00,6.293
2022-12-15 15:45:00,6.303
2022-12-15 16:00:00,6.284
2022-12-15 16:15:00,6.303
2022-12-15 16:30:00,6.294
2022-12-15 16:45:00,6.276
2022-12-15 17:00:00,6.286
2022-12-15 17:15:00,6.277
2022-12-15 17:30:00,6.297
2022-12-15 17:45:00,6.287
2022-12-15 18:00:00,6.298
2022-12-15 18:15:00,6.298
2022-12-15 18:30:00,6.289
2022-12-15 18:45:00,6.262
2022-12-15 19:00:00,6.284
2022-12-15 19:15:00,6.273
2022-12-15 19:30:00,6.266
2022-12-15 19:45:00,6.277
2022-12-15 20:00:00,6.269
2022-12-15 20:15:00,6.269
2022-12-15 20:30:00,6.261
2022-12-15 20:45:00,6.271
2022-12-15 21:00:00,6.271
2022-12-15 21:15:00,6.271
2022-12-15 21:30:00,6.27
2022-12-15 21:45:00,6.259
2022-12-15 22:00:00,6.268
2022-12-15 22:15:00,6.267
2022-12-15 22:30:00,6.257
2022-12-15 22:45:00,6.275
2022-12-15 23:00:00,6.256
2022-12-15 23:15:00,6.275
2022-12-15 23:30:00,6.255
2022-12-15 23:45:00,6.266
2022-12-16 00:00:00,6.257
2022-12-16 00:15:00,6.276
2022-12-16 00:30:00,6.266
2022-12-16 00:45:00,6.266
2022-12-16 01:00:00,6.264
2022-12-16 01:15:00,6.285
2022-12-16 01:30:00,6.262
2022-12-16 01:45:00,6.259
2022-12-16 02:00:00,6.267
2022-12-16 02:15:00,6.246
2022-12-16 02:30:00,6.253
2022-12-16 02:45:00,6.252
2022-12-16 03:00:00,6.261
2022-12-16 03:15:00,6.26
2022-12-16 03:30:00,6.25
2022-12-16 03:45:00,6.259
2022-12-16 04:00:00,6.259
2022-12-16 04:15:00,6.26
2022-12-16 04:30:00,6.269
2022-12-16 04:45:00,6.25
2022-12-16 05:00:00,6.278
2022-12-16 05:15:00,6.278
2022-12-16 05:30:00,6.269
2022-12-16 05:45:00,6.259
2022-12-16 06:00:00,6.25
2022-12-16 06:15:00,6.259
2022-12-16 06:30:00,6.25
2022-12-16 06:45:00,6.231
2022-12-16 07:00:00,6.25
2022-12-16 07:15:00,6.25
2022-12-16 07:30:00,6.259
2022-12-16 07:45:00,6.24
2022-12-16 08:00:00,6.24
2022-12-16 08:15:00,6.231
2022-12-16 08:30:00,6.24
2022-12-16 08:45:00,6.24
2022-12-16 09:00:00,6.239
2022-12-16 09:15:00,6.22
2022-12-16 09:30:00,6.21
2022-12-16 09:45:00,6.219
2022-12-16 10:00:00,6.19
2022-12-16 10:15:00,6.237
2022-12-16 10:30:00,6.227
2022-12-16 10:45:00,6.236
2022-12-16 11:00:00,6.198
2022-12-16 11:15:00,6.16
2022-12-16 11:30:00,6.14
2022-12-16 11:45:00,6.13
2022-12-16 12:00:00,6.149
2022-12-16 12:15:00,6.148
2022-12-16 12:30:00,6.129
2022-12-16 12:45:00,6.157
2022-12-16 13:00:00,6.148
2022-12-16 13:15:00,6.148
2022-12-16 13:30:00,6.157
2022-12-16 13:45:00,6.138
2022-12-16 14:00:00,6.158
2022-12-16 14:15:00,6.186
2022-12-16 14:30:00,6.177
2022-12-16 14:45:00,6.187
2022-12-16 15:00:00,6.178
2022-12-16 15:15:00,6.188
2022-12-16 15:30:00,6.246
2022-12-16 15:45:00,6.246
2022-12-16 16:00:00,6.246
2022-12-16 16:15:00,6.266
2022-12-16 16:30:00,6.275
2022-12-16 16:45:00,6.257
2022-12-16 17:00:00,6.258
2022-12-16 17:15:00,6.24
2022-12-16 17:30:00,6.241
2022-12-16 17:45:00,6.229
2022-12-16 18:00:00,6.263
2022-12-16 18:15:00,6.227
2022-12-16 18:30:00,6.238
2022-12-16 18:45:00,6.258
2022-12-16 19:00:00,6.239
2022-12-16 19:15:00,6.239
2022-12-16 19:30:00,6.239
2022-12-16 19:45:00,6.239
2022-12-16 20:00:00,6.23
2022-12-16 20:15:00,6.249
2022-12-16 20:30:00,6.239
2022-12-16 20:45:00,6.239
2022-12-16 21:00:00,6.249
2022-12-16 21:15:00,6.229
2022-12-16 21:30:00,6.248
2022-12-16 21:45:00,6.239
2022-12-16 22:00:00,6.248
2022-12-16 22:15:00,6.238
2022-12-16 22:30:00,6.238
2022-12-16 22:45:00,6.229
2022-12-16 23:00:00,6.238
2022-12-16 23:15:00,6.237
2022-12-16 23:30:00,6.234
2022-12-16 23:45:00,6.236
2022-12-17 00:00:00,6.246
2022-12-17 00:15:00,6.245
2022-12-17 00:30:00,6.243
2022-12-17 00:45:00,6.233
2022-12-17 01:00:00,6.231
2022-12-17 01:15:00,6.23
2022-12-17 01:30:00,6.229
2022-12-17 01:45:00,6.241
2022-12-17 02:00:00,6.241
2022-12-17 02:15:00,6.224
2022-12-17 02:30:00,6.234
2022-12-17 02:45:00,6.243
2022-12-17 03:00:00,6.244
2022-12-17 03:15:00,6.242
2022-12-17 03:30:00,6.223
2022-12-17 03:45:00,6.232
2022-12-17 04:00:00,6.24
2022-12-17 04:15:00,6.231
2022-12-17 04:30:00,6.23
2022-12-17 04:45:00,6.232
2022-12-17 05:00:00,6.214
2022-12-17 05:15:00,6.243
2022-12-17 05:30:00,6.245
2022-12-17 05:45:00,6.235
2022-12-17 06:00:00,6.236
2022-12-17 06:15:00,6.235
2022-12-17 06:30:00,6.226
2022-12-17 06:45:00,6.235
2022-12-17 07:00:00,6.236
2022-12-17 07:15:00,6.237
2022-12-17 07:30:00,6.246
2022-12-17 07:45:00,6.244
2022-12-17 08:00:00,6.232
2022-12-17 08:15:00,6.222
2022-12-17 08:30:00,6.239
2022-12-17 08:45:00,6.228
2022-12-17 09:00:00,6.225
2022-12-17 09:15:00,6.244
2022-12-17 09:30:00,6.234
2022-12-17 09:45:00,6.215
2022-12-17 10:00:00,6.204
2022-12-17 10:15:00,6.203
2022-12-17 10:30:00,6.183
2022-12-17 10:45:00,6.173
2022-12-17 11:00:00,6.172
2022-12-17 11:15:00,6.172
2022-12-17 11:30:00,6.18
2022-12-17 11:45:00,6.199
2022-12-17 12:00:00,6.199
2022-12-17 12:15:00,6.209
2022-12-17 12:30:00,6.209
2022-12-17 12:45:00,6.218
2022-12-17 13:00:00,6.19
2022-12-17 13:15:00,6.2
2022-12-17 13:30:00,6.219
2022-12-17 13:45:00,6.209
2022-12-17 14:00:00,6.209
2022-12-17 14:15:00,6.209
2022-12-17 14:30:00,6.2
2022-12-17 14:45:00,6.209
2022-12-17 15:00:00,6.21
2022-12-17 15:15:00,6.219
2022-12-17 15:30:00,6.219
2022-12-17 15:45:00,6.23
2022-12-17 16:00:00,6.211
2022-12-17 16:15:00,6.212
2022-12-17 16:30:00,6.221
2022-12-17 16:45:00,6.231
2022-12-17 17:00:00,6.222
2022-12-17 17:15:00,6.222
2022-12-17 17:30:00,6.232
2022-12-17 17:45:00,6.213
2022-12-17 18:00:00,6.222
2022-12-17 18:15:00,6.204
2022-12-17 18:30:00,6.223
2022-12-17 18:45:00,6.205
2022-12-17 19:00:00,6.217
2022-12-17 19:15:00,6.207
2022-12-17 19:30:00,6.197
2022-12-17 19:45:00,6.218
2022-12-17 20:00:00,6.203
2022-12-17 20:15:00,6.22
2022-12-17 20:30:00,6.22
2022-12-17 20:45:00,6.212
2022-12-17 21:00:00,6.212
2022-12-17 21:15:00,6.222
2022-12-17 21:30:00,6.205
2022-12-17 21:45:00,6.207
2022-12-17 22:00:00,6.207
2022-12-17 22:15:00,6.208
2022-12-17 22:30:00,6.206
2022-12-17 22:45:00,6.195
2022-12-17 23:00:00,6.201
2022-12-17 23:15:00,6.199
2022-12-17 23:30:00,6.196
2022-12-17 23:45:00,6.204
2022-12-18 00:00:00,6.194
2022-12-18 00:15:00,6.184
2022-12-18 00:30:00,6.203
2022-12-18 00:45:00,6.202
2022-12-18 01:00:00,6.202
2022-12-18 01:15:00,6.193
2022-12-18 01:30:00,6.202
2022-12-18 01:45:00,6.193
2022-12-18 02:00:00,6.202
2022-12-18 02:15:00,6.193
2022-12-18 02:30:00,6.202
2022-12-18 02:45:00,6.192
2022-12-18 03:00:00,6.202
2022-12-18 03:15:00,6.193
2022-12-18 03:30:00,6.183
2022-12-18 03:45:00,6.202
2022-12-18 04:00:00,6.183
2022-12-18 04:15:00,6.192
2022-12-18 04:30:00,6.192
2022-12-18 04:45:00,6.202
2022-12-18 05:00:00,6.193
2022-12-18 05:15:00,6.183
2022-12-18 05:30:00,6.193
2022-12-18 05:45:00,6.193
2022-12-18 06:00:00,6.183
2022-12-18 06:15:00,6.193
2022-12-18 06:30:00,6.193
2022-12-18 06:45:00,6.203
2022-12-18 07:00:00,6.193
2022-12-18 07:15:00,6.183
2022-12-18 07:30:00,6.192
2022-12-18 07:45:00,6.193
2022-12-18 08:00:00,6.183
2022-12-18 08:15:00,6.192
2022-12-18 08:30:00,6.183
2022-12-18 08:45:00,6.183
2022-12-18 09:00:00,6.183
2022-12-18 09:15:00,6.202
2022-12-18 09:30:00,6.182
2022-12-18 09:45:00,6.182
2022-12-18 10:00:00,6.172
2022-12-18 10:15:00,6.172
2022-12-18 10:30:00,6.182
2022-12-18 10:45:00,6.182
2022-12-18 11:00:00,6.172
2022-12-18 11:15:00,6.162
2022-12-18 11:30:00,6.162
2022-12-18 11:45:00,6.171
2022-12-18 12:00:00,6.171
2022-12-18 12:15:00,6.161
2022-12-18 12:30:00,6.171
2022-12-18 12:45:00,6.161
2022-12-18 13:00:00,6.151
2022-12-18 13:15:00,6.16
2022-12-18 13:30:00,6.151
2022-12-18 13:45:00,6.16
2022-12-18 14:00:00,6.16
2022-12-18 14:15:00,6.16
2022-12-18 14:30:00,6.16
2022-12-18 14:45:00,6.151
2022-12-18 15:00:00,6.17
2022-12-18 15:15:00,6.17
2022-12-18 15:30:00,6.161
2022-12-18 15:45:00,6.18
2022-12-18 16:00:00,6.18
2022-12-18 16:15:00,6.171
2022-12-18 16:30:00,6.181
2022-12-18 16:45:00,6.162
2022-12-18 17:00:00,6.162
2022-12-18 17:15:00,6.152
2022-12-18 17:30:00,6.143
2022-12-18 17:45:00,6.124
2022-12-18 18:00:00,6.133
2022-12-18 18:15:00,6.123
2022-12-18 18:30:00,6.114
2022-12-18 18:45:00,6.123
2022-12-18 19:00:00,6.123
2022-12-18 19:15:00,6.113
2022-12-18 19:30:00,6.113
2022-12-18 19:45:00,6.151
2022-12-18 20:00:00,6.142
2022-12-18 20:15:00,6.161
2022-12-18 20:30:00,6.124
2022-12-18 20:45:00,6.124
2022-12-18 21:00:00,6.133
2022-12-18 21:15:00,6.133
2022-12-18 21:30:00,6.134
2022-12-18 21:45:00,6.134
2022-12-18 22:00:00,6.134
2022-12-18 22:15:00,6.143
2022-12-18 22:30:00,6.143
2022-12-18 22:45:00,6.153
2022-12-18 23:00:00,6.134
2022-12-18 23:15:00,6.144
2022-12-18 23:30:00,6.163
2022-12-18 23:45:00,6.154
2022-12-19 00:00:00,6.164
2022-12-19 00:15:00,6.155
2022-12-19 00:30:00,6.164
2022-12-19 00:45:00,6.174
2022-12-19 01:00:00,6.174
2022-12-19 01:15:00,6.155
2022-12-19 01:30:00,6.155
2022-12-19 01:45:00,6.165
2022-12-19 02:00:00,6.165
2022-12-19 02:15:00,6.174
2022-12-19 02:30:00,6.175
2022-12-19 02:45:00,6.185
2022-12-19 03:00:00,6.175
2022-12-19 03:15:00,6.177
2022-12-19 03:30:00,6.186
2022-12-19 03:45:00,6.195
2022-12-19 04:00:00,6.176
2022-12-19 04:15:00,6.177
2022-12-19 04:30:00,6.186
2022-12-19 04:45:00,6.187
2022-12-19 05:00:00,6.197
2022-12-19 05:15:00,6.186
2022-12-19 05:30:00,6.157
2022-12-19 05:45:00,6.186
2022-12-19 06:00:00,6.186
2022-12-19 06:15:00,6.195
2022-12-19 06:30:00,6.185
2022-12-19 06:45:00,6.175
2022-12-19 07:00:00,6.195
2022-12-19 07:15:00,6.185
2022-12-19 07:30:00,6.184
2022-12-19 07:45:00,6.175
2022-12-19 08:00:00,6.175
2022-12-19 08:15:00,6.194
2022-12-19 08:30:00,6.184
2022-12-19 08:45:00,6.175
2022-12-19 09:00:00,6.165
2022-12-19 09:15:00,6.174
2022-12-19 09:30:00,6.183
2022-12-19 09:45:00,6.164
2022-12-19 10:00:00,6.173
2022-12-19 10:15:00,6.172
2022-12-19 10:30:00,6.181
2022-12-19 10:45:00,6.152
2022-12-19 11:00:00,6.143
2022-12-19 11:15:00,6.152
2022-12-19 11:30:00,6.161
2022-12-19 11:45:00,6.198
2022-12-19 12:00:00,6.141
2022-12-19 12:15:00,6.132
2022-12-19 12:30:00,6.122
2022-12-19 12:45:00,6.122
2022-12-19 13:00:00,6.15
2022-12-19 13:15:00,6.15
2022-12-19 13:30:00,6.188
2022-12-19 13:45:00,6.179
2022-12-19 14:00:00,6.179
2022-12-19 14:15:00,6.198
2022-12-19 14:30:00,6.189
2022-12-19 14:45:00,6.199
2022-12-19 15:00:00,6.18
2022-12-19 15:15:00,6.181
2022-12-19 15:30:00,6.2
2022-12-19 15:45:00,6.201
2022-12-19 16:00:00,6.173
2022-12-19 16:15:00,6.183
2022-12-19 16:30:00,6.183
2022-12-19 16:45:00,6.174
2022-12-19 17:00:00,6.174
2022-12-19 17:15:00,6.174
2022-12-19 17:30:00,6.174
2022-12-19 17:45:00,6.184
2022-12-19 18:00:00,6.165
2022-12-19 18:15:00,6.165
2022-12-19 18:30:00,6.174
2022-12-19 18:45:00,6.165
2022-12-19 19:00:00,6.175
2022-12-19 19:15:00,6.156
2022-12-19 19:30:00,6.194
2022-12-19 19:45:00,6.165
2022-12-19 20:00:00,6.175
2022-12-19 20:15:00,6.165
2022-12-19 20:30:00,6.175
2022-12-19 20:45:00,6.184
2022-12-19 21:00:00,6.165
2022-12-19 21:15:00,6.184
2022-12-19 21:30:00,6.146
2022-12-19 21:45:00,6.174
2022-12-19 22:00:00,6.184
2022-12-19 22:15:00,6.193
2022-12-19 22:30:00,6.184
2022-12-19 22:45:00,6.155
2022-12-19 23:00:00,6.165
2022-12-19 23:15:00,6.155
2022-12-19 23:30:00,6.155
2022-12-19 23:45:00,6.183
2022-12-20 00:00:00,6.164
2022-12-20 00:15:00,6.164
2022-12-20 00:30:00,6.164
2022-12-20 00:45:00,6.173
2022-12-20 01:00:00,6.155
2022-12-20 01:15:00,6.164
2022-12-20 01:30:00,6.164
2022-12-20 01:45:00,6.163
2022-12-20 02:00:00,6.163
2022-12-20 02:15:00,6.182
2022-12-20 02:30:00,6.154
2022-12-20 02:45:00,6.192
2022-12-20 03:00:00,6.182
2022-12-20 03:15:00,6.173
2022-12-20 03:30:00,6.154
2022-12-20 03:45:00,6.172
2022-12-20 04:00:00,6.183
2022-12-20 04:15:00,6.164
2022-12-20 04:30:00,6.165
2022-12-20 04:45:00,6.157
2022-12-20 05:00:00,6.157
2022-12-20 05:15:00,6.158
2022-12-20 05:30:00,6.181
2022-12-20 05:45:00,6.172
2022-12-20 06:00:00,6.174
2022-12-20 06:15:00,6.164
2022-12-20 06:30:00,6.185
2022-12-20 06:45:00,6.175
2022-12-20 07:00:00,6.176
2022-12-20 07:15:00,6.169
2022-12-20 07:30:00,6.179
2022-12-20 07:45:00,6.18
2022-12-20 08:00:00,6.17
2022-12-20 08:15:00,6.189
2022-12-20 08:30:00,6.179
2022-12-20 08:45:00,6.177
2022-12-20 09:00:00,6.171
2022-12-20 09:15:00,6.139
2022-12-20 09:30:00,6.147
2022-12-20 09:45:00,6.136
2022-12-20 10:00:00,6.125
2022-12-20 10:15:00,6.115
2022-12-20 10:30:00,6.067
2022-12-20 10:45:00,6.066
2022-12-20 11:00:00,6.046
2022-12-20 11:15:00,6.037
2022-12-20 11:30:00,6.046
2022-12-20 11:45:00,6.035
2022-12-20 12:00:00,6.054
2022-12-20 12:15:00,6.044
2022-12-20 12:30:00,6.053
2022-12-20 12:45:00,6.043
2022-12-20 13:00:00,6.043
2022-12-20 13:15:00,6.043
2022-12-20 13:30:00,6.043
2022-12-20 13:45:00,6.034
2022-12-20 14:00:00,6.043
2022-12-20 14:15:00,6.062
2022-12-20 14:30:00,6.129
2022-12-20 14:45:00,6.139
2022-12-20 15:00:00,6.14
2022-12-20 15:15:00,6.159
2022-12-20 15:30:00,6.159
2022-12-20 15:45:00,6.16
2022-12-20 16:00:00,6.151
2022-12-20 16:15:00,6.162
2022-12-20 16:30:00,6.172
2022-12-20 16:45:00,6.143
2022-12-20 17:00:00,6.181
2022-12-20 17:15:00,6.163
2022-12-20 17:30:00,6.173
2022-12-20 17:45:00,6.164
2022-12-20 18:00:00,6.164
2022-12-20 18:15:00,6.155
2022-12-20 18:30:00,6.155
2022-12-20 18:45:00,6.186
2022-12-20 19:00:00,6.158
2022-12-20 19:15:00,6.151
2022-12-20 19:30:00,6.162
2022-12-20 19:45:00,6.163
2022-12-20 20:00:00,6.174
2022-12-20 20:15:00,6.177
2022-12-20 20:30:00,6.158
2022-12-20 20:45:00,6.169
2022-12-20 21:00:00,6.169
2022-12-20 21:15:00,6.161
2022-12-20 21:30:00,6.152
2022-12-20 21:45:00,6.171
2022-12-20 22:00:00,6.171
2022-12-20 22:15:00,6.162
2022-12-20 22:30:00,6.162
2022-12-20 22:45:00,6.152
2022-12-20 23:00:00,6.162
2022-12-20 23:15:00,6.172
2022-12-20 23:30:00,6.153
2022-12-20 23:45:00,6.163
2022-12-21 00:00:00,6.163
2022-12-21 00:15:00,6.163
2022-12-21 00:30:00,6.153
2022-12-21 00:45:00,6.163
2022-12-21 01:00:00,6.154
2022-12-21 01:15:00,6.163
2022-12-21 01:30:00,6.163
2022-12-21 01:45:00,6.153
2022-12-21 02:00:00,6.153
2022-12-21 02:15:00,6.154
2022-12-21 02:30:00,6.163
2022-12-21 02:45:00,6.154
2022-12-21 03:00:00,6.144
2022-12-21 03:15:00,6.135
2022-12-21 03:30:00,6.145
2022-12-21 03:45:00,6.154
2022-12-21 04:00:00,6.135
2022-12-21 04:15:00,6.164
2022-12-21 04:30:00,6.164
2022-12-21 04:45:00,6.136
2022-12-21 05:00:00,6.146
2022-12-21 05:15:00,6.146
2022-12-21 05:30:00,6.136
2022-12-21 05:45:00,6.136
2022-12-21 06:00:00,6.127
2022-12-21 06:15:00,6.117
2022-12-21 06:30:00,6.127
2022-12-21 06:45:00,6.117
2022-12-21 07:00:00,6.127
2022-12-21 07:15:00,6.089
2022-12-21 07:30:00,6.089
2022-12-21 07:45:00,6.089
2022-12-21 08:00:00,6.08
2022-12-21 08:15:00,6.118
2022-12-21 08:30:00,6.099
2022-12-21 08:45:00,6.08
2022-12-21 09:00:00,6.099
2022-12-21 09:15:00,6.089
2022-12-21 09:30:00,5.69
2022-12-21 09:45:00,5.775
2022-12-21 10:00:00,5.784
2022-12-21 10:15:00,5.784
2022-12-21 10:30:00,5.794
2022-12-21 10:45:00,5.812
2022-12-21 11:00:00,5.774
2022-12-21 11:15:00,5.812
2022-12-21 11:30:00,5.792
2022-12-21 11:45:00,5.801
2022-12-21 12:00:00,5.772
2022-12-21 12:15:00,5.787
2022-12-21 12:30:00,5.805
2022-12-21 12:45:00,5.803
2022-12-21 13:00:00,5.768
2022-12-21 13:15:00,5.767
2022-12-21 13:30:00,5.749
2022-12-21 13:45:00,5.731
2022-12-21 14:00:00,5.752
2022-12-21 14:15:00,5.752
2022-12-21 14:30:00,5.801
2022-12-21 14:45:00,5.801
2022-12-21 15:00:00,5.688
2022-12-21 15:15:00,5.699
2022-12-21 15:30:00,5.785
2022-12-21 15:45:00,5.748
2022-12-21 16:00:00,5.749
2022-12-21 16:15:00,5.704
2022-12-21 16:30:00,5.701
2022-12-21 16:45:00,5.687
2022-12-21 17:00:00,5.681
2022-12-21 17:15:00,5.654
2022-12-21 17:30:00,5.656
2022-12-21 17:45:00,5.642
2022-12-21 18:00:00,5.636
2022-12-21 18:15:00,5.592
2022-12-21 18:30:00,5.576
2022-12-21 18:45:00,5.54
2022-12-21 19:00:00,5.569
2022-12-21 19:15:00,5.579
2022-12-21 19:30:00,5.61
2022-12-21 19:45:00,5.613
2022-12-21 20:00:00,5.652
2022-12-21 20:15:00,5.624
2022-12-21 20:30:00,5.644
2022-12-21 20:45:00,5.634
2022-12-21 21:00:00,5.644
2022-12-21 21:15:00,5.635
2022-12-21 21:30:00,5.647
2022-12-21 21:45:00,5.657
2022-12-21 22:00:00,5.668
2022-12-21 22:15:00,5.649
2022-12-21 22:30:00,5.66
2022-12-21 22:45:00,5.67
2022-12-21 23:00:00,5.689
2022-12-21 23:15:00,5.677
2022-12-21 23:30:00,5.694
2022-12-21 23:45:00,5.711
2022-12-22 00:00:00,5.701
2022-12-22 00:15:00,5.663
2022-12-22 00:30:00,5.654
2022-12-22 00:45:00,5.692
2022-12-22 01:00:00,5.711
2022-12-22 01:15:00,5.702
2022-12-22 01:30:00,5.72
2022-12-22 01:45:00,5.701
2022-12-22 02:00:00,5.699
2022-12-22 02:15:00,5.709
2022-12-22 02:30:00,5.661
2022-12-22 02:45:00,5.681
2022-12-22 03:00:00,5.7
2022-12-22 03:15:00,5.7
2022-12-22 03:30:00,5.701
2022-12-22 03:45:00,5.684
2022-12-22 04:00:00,5.687
2022-12-22 04:15:00,5.697
2022-12-22 04:30:00,5.708
2022-12-22 04:45:00,5.727
2022-12-22 05:00:00,5.718
2022-12-22 05:15:00,5.737
2022-12-22 05:30:00,5.709
2022-12-22 05:45:00,5.709
2022-12-22 06:00:00,5.728
2022-12-22 06:15:00,5.737
2022-12-22 06:30:00,5.737
2022-12-22 06:45:00,5.699
2022-12-22 07:00:00,5.755
2022-12-22 07:15:00,5.761
2022-12-22 07:30:00,5.722
2022-12-22 07:45:00,5.768
2022-12-22 08:00:00,5.725
2022-12-22 08:15:00,5.753
2022-12-22 08:30:00,5.741
2022-12-22 08:45:00,5.75
2022-12-22 09:00:00,5.759
2022-12-22 09:15:00,5.739
2022-12-22 09:30:00,5.762
2022-12-22 09:45:00,5.764
2022-12-22 10:00:00,5.77
2022-12-22 10:15:00,5.774
2022-12-22 10:30:00,5.757
2022-12-22 10:45:00,5.782
2022-12-22 11:00:00,5.77
2022-12-22 11:15:00,5.778
2022-12-22 11:30:00,5.823
2022-12-22 11:45:00,5.821
2022-12-22 12:00:00,5.799
2022-12-22 12:15:00,5.822
2022-12-22 12:30:00,5.833
2022-12-22 12:45:00,5.819
2022-12-22 13:00:00,5.792
2022-12-22 13:15:00,5.819
2022-12-22 13:30:00,5.812
2022-12-22 13:45:00,5.799
2022-12-22 14:00:00,5.778
2022-12-22 14:15:00,5.778
2022-12-22 14:30:00,5.797
2022-12-22 14:45:00,5.778
2022-12-22 15:00:00,5.806
2022-12-22 15:15:00,5.796
2022-12-22 15:30:00,5.807
2022-12-22 15:45:00,5.787
2022-12-22 16:00:00,5.765
2022-12-22 16:15:00,5.796
2022-12-22 16:30:00,5.802
2022-12-22 16:45:00,5.808
2022-12-22 17:00:00,5.813
2022-12-22 17:15:00,5.796
2022-12-22 17:30:00,5.787
2022-12-22 17:45:00,5.816
2022-12-22 18:00:00,5.835
2022-12-22 18:15:00,5.844
2022-12-22 18:30:00,5.891
2022-12-22 18:45:00,5.833
2022-12-22 19:00:00,5.87
2022-12-22 19:15:00,5.86
2022-12-22 19:30:00,5.858
2022-12-22 19:45:00,5.868
2022-12-22 20:00:00,5.835
2022-12-22 20:15:00,5.863
2022-12-22 20:30:00,5.832
2022-12-22 20:45:00,5.841
2022-12-22 21:00:00,5.819
2022-12-22 21:15:00,5.827
2022-12-22 21:30:00,5.827
2022-12-22 21:45:00,5.798
2022-12-22 22:00:00,5.798
2022-12-22 22:15:00,5.807
2022-12-22 22:30:00,5.807
2022-12-22 22:45:00,5.798
2022-12-22 23:00:00,5.797
2022-12-22 23:15:00,5.787
2022-12-22 23:30:00,5.778
2022-12-22 23:45:00,5.778
2022-12-23 00:00:00,5.797
2022-12-23 00:15:00,5.778
2022-12-23 00:30:00,5.806
2022-12-23 00:45:00,5.768
2022-12-23 01:00:00,5.787
2022-12-23 01:15:00,5.749
2022-12-23 01:30:00,5.777
2022-12-23 01:45:00,5.768
2022-12-23 02:00:00,5.767
2022-12-23 02:15:00,5.768
2022-12-23 02:30:00,5.796
2022-12-23 02:45:00,5.758
2022-12-23 03:00:00,5.767
2022-12-23 03:15:00,5.777
2022-12-23 03:30:00,5.758
2022-12-23 03:45:00,5.757
2022-12-23 04:00:00,5.776
2022-12-23 04:15:00,5.786
2022-12-23 04:30:00,5.767
2022-12-23 04:45:00,5.777
2022-12-23 05:00:00,5.795
2022-12-23 05:15:00,5.833
2022-12-23 05:30:00,5.824
2022-12-23 05:45:00,5.823
2022-12-23 06:00:00,5.843
2022-12-23 06:15:00,5.842
2022-12-23 06:30:00,5.843
2022-12-23 06:45:00,5.852
2022-12-23 07:00:00,5.842
2022-12-23 07:15:00,5.851
2022-12-23 07:30:00,5.842
2022-12-23 07:45:00,5.842
2022-12-23 08:00:00,5.851
2022-12-23 08:15:00,5.87
2022-12-23 08:30:00,5.86
2022-12-23 08:45:00,5.879
2022-12-23 09:00:00,5.879
2022-12-23 09:15:00,5.907
2022-12-23 09:30:00,5.933
2022-12-23 09:45:00,5.914
2022-12-23 10:00:00,5.908
2022-12-23 10:15:00,5.914
2022-12-23 10:30:00,5.911
2022-12-23 10:45:00,5.91
2022-12-23 11:00:00,5.91
2022-12-23 11:15:00,5.919
2022-12-23 11:30:00,5.824
2022-12-23 11:45:00,5.719
2022-12-23 12:00:00,5.748
2022-12-23 12:15:00,5.778
2022-12-23 12:30:00,5.725
2022-12-23 12:45:00,5.769
2022-12-23 13:00:00,5.797
2022-12-23 13:15:00,5.753
2022-12-23 13:30:00,5.802
2022-12-23 13:45:00,5.802
2022-12-23 14:00:00,5.822
2022-12-23 14:15:00,5.841
2022-12-23 14:30:00,5.85
2022-12-23 14:45:00,5.879
2022-12-23 15:00:00,5.888
2022-12-23 15:15:00,5.869
2022-12-23 15:30:00,5.879
2022-12-23 15:45:00,5.879
2022-12-23 16:00:00,5.898
2022-12-23 16:15:00,5.841
2022-12-23 16:30:00,5.87
2022-12-23 16:45:00,5.851
2022-12-23 17:00:00,5.842
2022-12-23 17:15:00,5.804
2022-12-23 17:30:00,5.833
2022-12-23 17:45:00,5.88
2022-12-23 18:00:00,5.824
2022-12-23 18:15:00,5.776
2022-12-23 18:30:00,5.814
2022-12-23 18:45:00,5.777
2022-12-23 19:00:00,5.767
2022-12-23 19:15:00,5.843
2022-12-23 19:30:00,5.871
2022-12-23 19:45:00,5.881
2022-12-23 20:00:00,5.871
2022-12-23 20:15:00,5.871
2022-12-23 20:30:00,5.748
2022-12-23 20:45:00,5.795
2022-12-23 21:00:00,5.814
2022-12-23 21:15:00,5.852
2022-12-23 21:30:00,5.861
2022-12-23 21:45:00,5.88
2022-12-23 22:00:00,5.899
2022-12-23 22:15:00,5.909
2022-12-23 22:30:00,5.918
2022-12-23 22:45:00,5.908
2022-12-23 23:00:00,5.927
2022-12-23 23:15:00,5.937
2022-12-23 23:30:00,5.917
2022-12-23 23:45:00,5.945
2022-12-24 00:00:00,5.941
2022-12-24 00:15:00,5.946
2022-12-24 00:30:00,5.932
2022-12-24 00:45:00,5.939
2022-12-24 01:00:00,5.938
2022-12-24 01:15:00,5.938
2022-12-24 01:30:00,5.938
2022-12-24 01:45:00,5.946
2022-12-24 02:00:00,5.956
2022-12-24 02:15:00,5.947
2022-12-24 02:30:00,5.946
2022-12-24 02:45:00,5.956
2022-12-24 03:00:00,5.946
2022-12-24 03:15:00,5.936
2022-12-24 03:30:00,5.936
2022-12-24 03:45:00,5.936
2022-12-24 04:00:00,5.936
2022-12-24 04:15:00,5.945
2022-12-24 04:30:00,5.945
2022-12-24 04:45:00,5.935
2022-12-24 05:00:00,5.944
2022-12-24 05:15:00,5.935
2022-12-24 05:30:00,5.935
2022-12-24 05:45:00,5.953
2022-12-24 06:00:00,5.934
2022-12-24 06:15:00,5.934
2022-12-24 06:30:00,5.953
2022-12-24 06:45:00,5.934
2022-12-24 07:00:00,5.915
2022-12-24 07:15:00,5.925
2022-12-24 07:30:00,5.944
2022-12-24 07:45:00,5.924
2022-12-24 08:00:00,5.915
2022-12-24 08:15:00,5.905
2022-12-24 08:30:00,5.895
2022-12-24 08:45:00,5.895
2022-12-24 09:00:00,5.895
2022-12-24 09:15:00,5.866
2022-12-24 09:30:00,5.866
2022-12-24 09:45:00,5.866
2022-12-24 10:00:00,5.865
2022-12-24 10:15:00,5.865
2022-12-24 10:30:00,5.884
2022-12-24 10:45:00,5.865
2022-12-24 11:00:00,5.874
2022-12-24 11:15:00,5.874
2022-12-24 11:30:00,5.892
2022-12-24 11:45:00,5.92
2022-12-24 12:00:00,5.911
2022-12-24 12:15:00,5.91
2022-12-24 12:30:00,5.939
2022-12-24 12:45:00,5.92
2022-12-24 13:00:00,5.92
2022-12-24 13:15:00,5.929
2022-12-24 13:30:00,5.929
2022-12-24 13:45:00,5.939
2022-12-24 14:00:00,5.938
2022-12-24 14:15:00,5.929
2022-12-24 14:30:00,5.948
2022-12-24 14:45:00,5.948
2022-12-24 15:00:00,5.967
2022-12-24 15:15:00,5.949
2022-12-24 15:30:00,5.959
2022-12-24 15:45:00,5.959
2022-12-24 16:00:00,5.959
2022-12-24 16:15:00,5.959
2022-12-24 16:30:00,5.949
2022-12-24 16:45:00,5.959
2022-12-24 17:00:00,5.959
2022-12-24 17:15:00,5.959
2022-12-24 17:30:00,5.969
2022-12-24 17:45:00,5.978
2022-12-24 18:00:00,5.978
2022-12-24 18:15:00,5.978
2022-12-24 18:30:00,6.016
2022-12-24 18:45:00,6.035
2022-12-24 19:00:00,6.054
2022-12-24 19:15:00,6.064
2022-12-24 19:30:00,6.092
2022-12-24 19:45:00,6.073
2022-12-24 20:00:00,6.073
2022-12-24 20:15:00,6.073
2022-12-24 20:30:00,6.073
2022-12-24 20:45:00,6.063
2022-12-24 21:00:00,6.054
2022-12-24 21:15:00,6.083
2022-12-24 21:30:00,6.054
2022-12-24 21:45:00,6.063
2022-12-24 22:00:00,6.054
2022-12-24 22:15:00,6.045
2022-12-24 22:30:00,6.044
2022-12-24 22:45:00,6.044
2022-12-24 23:00:00,6.026
2022-12-24 23:15:00,6.035
2022-12-24 23:30:00,6.015
2022-12-24 23:45:00,6.006
2022-12-25 00:00:00,6.016
2022-12-25 00:15:00,5.987
2022-12-25 00:30:00,5.997
2022-12-25 00:45:00,5.997
2022-12-25 01:00:00,5.987
2022-12-25 01:15:00,5.988
2022-12-25 01:30:00,5.988
2022-12-25 01:45:00,5.988
2022-12-25 02:00:00,5.988
2022-12-25 02:15:00,5.997
2022-12-25 02:30:00,5.997
2022-12-25 02:45:00,5.988
2022-12-25 03:00:00,5.978
2022-12-25 03:15:00,5.988
2022-12-25 03:30:00,5.969
2022-12-25 03:45:00,5.987
2022-12-25 04:00:00,5.978
2022-12-25 04:15:00,5.978
2022-12-25 04:30:00,5.978
2022-12-25 04:45:00,5.968
2022-12-25 05:00:00,5.968
2022-12-25 05:15:00,5.968
2022-12-25 05:30:00,5.968
2022-12-25 05:45:00,5.959
2022-12-25 06:00:00,5.949
2022-12-25 06:15:00,5.949
2022-12-25 06:30:00,5.93
2022-12-25 06:45:00,5.921
2022-12-25 07:00:00,5.911
2022-12-25 07:15:00,5.902
2022-12-25 07:30:00,5.892
2022-12-25 07:45:00,5.892
2022-12-25 08:00:00,5.883
2022-12-25 08:15:00,5.873
2022-12-25 08:30:00,5.873
2022-12-25 08:45:00,5.864
2022-12-25 09:00:00,5.864
2022-12-25 09:15:00,5.843
2022-12-25 09:30:00,5.834
2022-12-25 09:45:00,5.843
2022-12-25 10:00:00,5.824
2022-12-25 10:15:00,5.815
2022-12-25 10:30:00,5.805
2022-12-25 10:45:00,5.805
2022-12-25 11:00:00,5.796
2022-12-25 11:15:00,5.804
2022-12-25 11:30:00,5.786
2022-12-25 11:45:00,5.786
2022-12-25 12:00:00,5.757
2022-12-25 12:15:00,5.767
2022-12-25 12:30:00,5.738
2022-12-25 12:45:00,5.757
2022-12-25 13:00:00,5.738
2022-12-25 13:15:00,5.701
2022-12-25 13:30:00,5.701
2022-12-25 13:45:00,5.691
2022-12-25 14:00:00,5.682
2022-12-25 14:15:00,5.673
2022-12-25 14:30:00,5.673
2022-12-25 14:45:00,5.672
2022-12-25 15:00:00,5.663
2022-12-25 15:15:00,5.663
2022-12-25 15:30:00,5.663
2022-12-25 15:45:00,5.663
2022-12-25 16:00:00,5.663
2022-12-25 16:15:00,5.664
2022-12-25 16:30:00,5.664
2022-12-25 16:45:00,5.654
2022-12-25 17:00:00,5.664
2022-12-25 17:15:00,5.664
2022-12-25 17:30:00,5.674
2022-12-25 17:45:00,5.665
2022-12-25 18:00:00,5.683
2022-12-25 18:15:00,5.683
2022-12-25 18:30:00,5.692
2022-12-25 18:45:00,5.683
2022-12-25 19:00:00,5.673
2022-12-25 19:15:00,5.683
2022-12-25 19:30:00,5.683
2022-12-25 19:45:00,5.683
2022-12-25 20:00:00,5.692
2022-12-25 20:15:00,5.683
2022-12-25 20:30:00,5.673
2022-12-25 20:45:00,5.682
2022-12-25 21:00:00,5.682
2022-12-25 21:15:00,5.682
2022-12-25 21:30:00,5.673
2022-12-25 21:45:00,5.682
2022-12-25 22:00:00,5.654
2022-12-25 22:15:00,5.654
2022-12-25 22:30:00,5.654
2022-12-25 22:45:00,5.654
2022-12-25 23:00:00,5.645
2022-12-25 23:15:00,5.635
2022-12-25 23:30:00,5.635
2022-12-25 23:45:00,5.626
2022-12-26 00:00:00,5.616
2022-12-26 00:15:00,5.617
2022-12-26 00:30:00,5.616
2022-12-26 00:45:00,5.607
2022-12-26 01:00:00,5.607
2022-12-26 01:15:00,5.607
2022-12-26 01:30:00,5.607
2022-12-26 01:45:00,5.607
2022-12-26 02:00:00,5.607
2022-12-26 02:15:00,5.598
2022-12-26 02:30:00,5.597
2022-12-26 02:45:00,5.607
2022-12-26 03:00:00,5.588
2022-12-26 03:15:00,5.616
2022-12-26 03:30:00,5.616
2022-12-26 03:45:00,5.607
2022-12-26 04:00:00,5.617
2022-12-26 04:15:00,5.588
2022-12-26 04:30:00,5.588
2022-12-26 04:45:00,5.588
2022-12-26 05:00:00,5.626
2022-12-26 05:15:00,5.617
2022-12-26 05:30:00,5.607
2022-12-26 05:45:00,5.616
2022-12-26 06:00:00,5.588
2022-12-26 06:15:00,5.588
2022-12-26 06:30:00,5.569
2022-12-26 06:45:00,5.55
2022-12-26 07:00:00,5.531
2022-12-26 07:15:00,5.493
2022-12-26 07:30:00,5.464
2022-12-26 07:45:00,5.436
2022-12-26 08:00:00,5.407
2022-12-26 08:15:00,5.388
2022-12-26 08:30:00,5.36
2022-12-26 08:45:00,5.341
2022-12-26 09:00:00,5.332
2022-12-26 09:15:00,5.331
2022-12-26 09:30:00,5.312
2022-12-26 09:45:00,5.301
2022-12-26 10:00:00,5.264
2022-12-26 10:15:00,5.282
2022-12-26 10:30:00,5.273
2022-12-26 10:45:00,5.255
2022-12-26 11:00:00,5.244
2022-12-26 11:15:00,5.235
2022-12-26 11:30:00,5.214
2022-12-26 11:45:00,5.193
2022-12-26 12:00:00,5.185
2022-12-26 12:15:00,5.175
2022-12-26 12:30:00,5.165
2022-12-26 12:45:00,5.146
2022-12-26 13:00:00,5.135
2022-12-26 13:15:00,5.127
2022-12-26 13:30:00,5.1
2022-12-26 13:45:00,5.111
2022-12-26 14:00:00,5.092
2022-12-26 14:15:00,5.093
2022-12-26 14:30:00,5.081
2022-12-26 14:45:00,5.072
2022-12-26 15:00:00,5.054
2022-12-26 15:15:00,5.034
2022-12-26 15:30:00,5.017
2022-12-26 15:45:00,5.008
2022-12-26 16:00:00,5
2022-12-26 16:15:00,4.99
2022-12-26 16:30:00,4.981
2022-12-26 16:45:00,4.972
2022-12-26 17:00:00,4.961
2022-12-26 17:15:00,4.962
2022-12-26 17:30:00,4.953
2022-12-26 17:45:00,4.934
2022-12-26 18:00:00,4.934
2022-12-26 18:15:00,4.934
2022-12-26 18:30:00,4.944
2022-12-26 18:45:00,4.944
2022-12-26 19:00:00,4.925
2022-12-26 19:15:00,4.934
2022-12-26 19:30:00,4.906
2022-12-26 19:45:00,4.897
2022-12-26 20:00:00,4.886
2022-12-26 20:15:00,4.878
2022-12-26 20:30:00,4.869
2022-12-26 20:45:00,4.868
2022-12-26 21:00:00,4.859
2022-12-26 21:15:00,4.85
2022-12-26 21:30:00,4.868
2022-12-26 21:45:00,4.85
2022-12-26 22:00:00,4.849
2022-12-26 22:15:00,4.821
2022-12-26 22:30:00,4.801
2022-12-26 22:45:00,4.802
2022-12-26 23:00:00,4.784
2022-12-26 23:15:00,4.765
2022-12-26 23:30:00,4.746
2022-12-26 23:45:00,4.708
2022-12-27 00:00:00,4.68
2022-12-27 00:15:00,4.633
2022-12-27 00:30:00,4.557
2022-12-27 00:45:00,4.51
2022-12-27 01:00:00,4.463
2022-12-27 01:15:00,4.435
2022-12-27 01:30:00,4.369
2022-12-27 01:45:00,4.293
2022-12-27 02:00:00,4.208
2022-12-27 02:15:00,4.133
2022-12-27 02:30:00,4.094
2022-12-27 02:45:00,4.048
2022-12-27 03:00:00,4.01
2022-12-27 03:15:00,3.973
2022-12-27 03:30:00,3.973
2022-12-27 03:45:00,3.915
2022-12-27 04:00:00,3.879
2022-12-27 04:15:00,3.85
2022-12-27 04:30:00,3.785
2022-12-27 04:45:00,3.681
2022-12-27 05:00:00,3.586
2022-12-27 05:15:00,3.502
2022-12-27 05:30:00,3.36
2022-12-27 05:45:00,3.258
2022-12-27 06:00:00,3.174
2022-12-27 06:15:00,3.08
2022-12-27 06:30:00,3.043
2022-12-27 06:45:00,2.995
2022-12-27 07:00:00,2.976
2022-12-27 07:15:00,2.939
2022-12-27 07:30:00,2.948
2022-12-27 07:45:00,2.976
2022-12-27 08:00:00,2.967
2022-12-27 08:15:00,2.995
2022-12-27 08:30:00,3.005
2022-12-27 08:45:00,3.023
2022-12-27 09:00:00,3.052
2022-12-27 09:15:00,3.061
2022-12-27 09:30:00,3.07
2022-12-27 09:45:00,3.089
2022-12-27 10:00:00,3.098
2022-12-27 10:15:00,3.117
2022-12-27 10:30:00,3.089
2022-12-27 10:45:00,3.108
2022-12-27 11:00:00,3.135
2022-12-27 11:15:00,3.155
2022-12-27 11:30:00,3.192
2022-12-27 11:45:00,3.191
2022-12-27 12:00:00,3.237
2022-12-27 12:15:00,3.264
2022-12-27 12:30:00,3.292
2022-12-27 12:45:00,3.33
2022-12-27 13:00:00,3.328
2022-12-27 13:15:00,3.346
2022-12-27 13:30:00,3.377
2022-12-27 13:45:00,3.375
2022-12-27 14:00:00,3.384
2022-12-27 14:15:00,3.403
2022-12-27 14:30:00,3.581
2022-12-27 14:45:00,3.602
2022-12-27 15:00:00,3.594
2022-12-27 15:15:00,3.443
2022-12-27 15:30:00,3.415
2022-12-27 15:45:00,3.434
2022-12-27 16:00:00,3.443
2022-12-27 16:15:00,3.499
2022-12-27 16:30:00,3.519
2022-12-27 16:45:00,3.548
2022-12-27 17:00:00,3.568
2022-12-27 17:15:00,3.567
2022-12-27 17:30:00,3.54
2022-12-27 17:45:00,3.53
2022-12-27 18:00:00,3.465
2022-12-27 18:15:00,3.409
2022-12-27 18:30:00,3.325
2022-12-27 18:45:00,3.268
2022-12-27 19:00:00,3.221
2022-12-27 19:15:00,3.156
2022-12-27 19:30:00,3.203
2022-12-27 19:45:00,3.156
2022-12-27 20:00:00,3.091
2022-12-27 20:15:00,3.053
2022-12-27 20:30:00,3.025
2022-12-27 20:45:00,2.969
2022-12-27 21:00:00,2.95
2022-12-27 21:15:00,2.876
2022-12-27 21:30:00,2.876
2022-12-27 21:45:00,3.477
2022-12-27 22:00:00,3.402
2022-12-27 22:15:00,3.411
2022-12-27 22:30:00,3.374
2022-12-27 22:45:00,3.439
2022-12-27 23:00:00,3.364
2022-12-27 23:15:00,3.402
2022-12-27 23:30:00,3.392
2022-12-27 23:45:00,3.411
2022-12-28 00:00:00,3.421
2022-12-28 00:15:00,3.449
2022-12-28 00:30:00,3.468
2022-12-28 00:45:00,3.402
2022-12-28 01:00:00,3.411
2022-12-28 01:15:00,3.383
2022-12-28 01:30:00,3.439
2022-12-28 01:45:00,3.402
2022-12-28 02:00:00,3.448
2022-12-28 02:15:00,3.505
2022-12-28 02:30:00,3.552
2022-12-28 02:45:00,3.561
2022-12-28 03:00:00,3.495
2022-12-28 03:15:00,3.552
2022-12-28 03:30:00,3.636
2022-12-28 03:45:00,3.655
2022-12-28 04:00:00,3.702
2022-12-28 04:15:00,3.711
2022-12-28 04:30:00,3.721
2022-12-28 04:45:00,3.759
2022-12-28 05:00:00,3.712
2022-12-28 05:15:00,3.843
2022-12-28 05:30:00,3.824
2022-12-28 05:45:00,3.834
2022-12-28 06:00:00,3.815
2022-12-28 06:15:00,3.759
2022-12-28 06:30:00,3.862
2022-12-28 06:45:00,3.862
2022-12-28 07:00:00,3.843
2022-12-28 07:15:00,3.909
2022-12-28 07:30:00,3.872
2022-12-28 07:45:00,3.91
2022-12-28 08:00:00,4.013
2022-12-28 08:15:00,4.013
2022-12-28 08:30:00,3.957
2022-12-28 08:45:00,4.013
2022-12-28 09:00:00,4.022
2022-12-28 09:15:00,4.06
2022-12-28 09:30:00,4.06
2022-12-28 09:45:00,3.213
2022-12-28 10:00:00,3.222
2022-12-28 10:15:00,3.26
2022-12-28 10:30:00,3.269
2022-12-28 10:45:00,3.297
2022-12-28 11:00:00,3.316
2022-12-28 11:15:00,3.325
2022-12-28 11:30:00,3.353
2022-12-28 11:45:00,3.372
2022-12-28 12:00:00,3.39
2022-12-28 12:15:00,3.399
2022-12-28 12:30:00,3.437
2022-12-28 12:45:00,3.437
2022-12-28 13:00:00,3.456
2022-12-28 13:15:00,3.465
2022-12-28 13:30:00,3.493
2022-12-28 13:45:00,3.522
2022-12-28 14:00:00,3.522
2022-12-28 14:15:00,3.541
2022-12-28 14:30:00,3.559
2022-12-28 14:45:00,3.577
2022-12-28 15:00:00,3.587
2022-12-28 15:15:00,3.606
2022-12-28 15:30:00,3.616
2022-12-28 15:45:00,3.626
2022-12-28 16:00:00,3.645
2022-12-28 16:15:00,3.654
2022-12-28 16:30:00,3.673
2022-12-28 16:45:00,3.683
2022-12-28 17:00:00,3.702
2022-12-28 17:15:00,3.703
2022-12-28 17:30:00,3.722
2022-12-28 17:45:00,3.722
2022-12-28 18:00:00,3.751
2022-12-28 18:15:00,3.751
2022-12-28 18:30:00,3.752
2022-12-28 18:45:00,3.78
2022-12-28 19:00:00,3.789
2022-12-28 19:15:00,3.808
2022-12-28 19:30:00,3.818
2022-12-28 19:45:00,3.827
2022-12-28 20:00:00,3.827
2022-12-28 20:15:00,3.837
2022-12-28 20:30:00,3.846
2022-12-28 20:45:00,3.866
2022-12-28 21:00:00,3.875
2022-12-28 21:15:00,3.875
2022-12-28 21:30:00,3.894
2022-12-28 21:45:00,3.904
2022-12-28 22:00:00,3.932
2022-12-28 22:15:00,3.941
2022-12-28 22:30:00,3.95
2022-12-28 22:45:00,3.95
2022-12-28 23:00:00,3.968
2022-12-28 23:15:00,3.977
2022-12-28 23:30:00,3.987
2022-12-28 23:45:00,3.987
2022-12-29 00:00:00,4.005
2022-12-29 00:15:00,4.005
2022-12-29 00:30:00,3.996
2022-12-29 00:45:00,3.996
2022-12-29 01:00:00,4.025
2022-12-29 01:15:00,4.006
2022-12-29 01:30:00,4.015
2022-12-29 01:45:00,4.034
2022-12-29 02:00:00,4.044
2022-12-29 02:15:00,4.044
2022-12-29 02:30:00,4.054
2022-12-29 02:45:00,4.063
2022-12-29 03:00:00,4.072
2022-12-29 03:15:00,4.081
2022-12-29 03:30:00,4.072
2022-12-29 03:45:00,4.091
2022-12-29 04:00:00,4.091
2022-12-29 04:15:00,4.11
2022-12-29 04:30:00,4.111
2022-12-29 04:45:00,4.101
2022-12-29 05:00:00,4.12
2022-12-29 05:15:00,4.12
2022-12-29 05:30:00,4.139
2022-12-29 05:45:00,4.139
2022-12-29 06:00:00,4.148
2022-12-29 06:15:00,4.158
2022-12-29 06:30:00,4.167
2022-12-29 06:45:00,4.167
2022-12-29 07:00:00,4.167
2022-12-29 07:15:00,4.186
2022-12-29 07:30:00,4.195
2022-12-29 07:45:00,4.205
2022-12-29 08:00:00,4.205
2022-12-29 08:15:00,4.214
2022-12-29 08:30:00,4.224
2022-12-29 08:45:00,4.233
2022-12-29 09:00:00,4.232
2022-12-29 09:15:00,4.241
2022-12-29 09:30:00,4.25
2022-12-29 09:45:00,4.24
2022-12-29 10:00:00,4.258
2022-12-29 10:15:00,4.258
2022-12-29 10:30:00,4.267
2022-12-29 10:45:00,4.276
2022-12-29 11:00:00,4.285
2022-12-29 11:15:00,4.275
2022-12-29 11:30:00,4.274
2022-12-29 11:45:00,4.283
2022-12-29 12:00:00,4.293
2022-12-29 12:15:00,4.292
2022-12-29 12:30:00,4.282
2022-12-29 12:45:00,4.283
2022-12-29 13:00:00,4.293
2022-12-29 13:15:00,4.302
2022-12-29 13:30:00,4.284
2022-12-29 13:45:00,4.293
2022-12-29 14:00:00,4.303
2022-12-29 14:15:00,4.284
2022-12-29 14:30:00,4.302
2022-12-29 14:45:00,4.303
2022-12-29 15:00:00,4.302
2022-12-29 15:15:00,4.302
2022-12-29 15:30:00,4.302
2022-12-29 15:45:00,4.303
2022-12-29 16:00:00,4.294
2022-12-29 16:15:00,4.304
2022-12-29 16:30:00,4.304
2022-12-29 16:45:00,4.305
2022-12-29 17:00:00,4.314
2022-12-29 17:15:00,4.324
2022-12-29 17:30:00,4.305
2022-12-29 17:45:00,4.324
2022-12-29 18:00:00,4.324
2022-12-29 18:15:00,4.324
2022-12-29 18:30:00,4.333
2022-12-29 18:45:00,4.343
2022-12-29 19:00:00,4.324
2022-12-29 19:15:00,4.325
2022-12-29 19:30:00,4.334
2022-12-29 19:45:00,4.353
2022-12-29 20:00:00,4.353
2022-12-29 20:15:00,4.353
2022-12-29 20:30:00,4.353
2022-12-29 20:45:00,4.343
2022-12-29 21:00:00,4.352
2022-12-29 21:15:00,4.353
2022-12-29 21:30:00,4.353
2022-12-29 21:45:00,4.372
2022-12-29 22:00:00,4.363
2022-12-29 22:15:00,4.382
2022-12-29 22:30:00,4.372
2022-12-29 22:45:00,4.372
2022-12-29 23:00:00,4.39
2022-12-29 23:15:00,4.381
2022-12-29 23:30:00,4.381
2022-12-29 23:45:00,4.39
2022-12-30 00:00:00,4.371
2022-12-30 00:15:00,4.381
2022-12-30 00:30:00,4.39
2022-12-30 00:45:00,4.4
2022-12-30 01:00:00,4.409
2022-12-30 01:15:00,4.4
2022-12-30 01:30:00,4.4
2022-12-30 01:45:00,4.4
2022-12-30 02:00:00,4.4
2022-12-30 02:15:00,4.41
2022-12-30 02:30:00,4.409
2022-12-30 02:45:00,4.409
2022-12-30 03:00:00,4.419
2022-12-30 03:15:00,4.428
2022-12-30 03:30:00,4.419
2022-12-30 03:45:00,4.428
2022-12-30 04:00:00,4.428
2022-12-30 04:15:00,4.447
2022-12-30 04:30:00,4.437
2022-12-30 04:45:00,4.457
2022-12-30 05:00:00,4.456
2022-12-30 05:15:00,4.456
2022-12-30 05:30:00,4.466
2022-12-30 05:45:00,4.476
2022-12-30 06:00:00,4.457
2022-12-30 06:15:00,4.466
2022-12-30 06:30:00,4.485
2022-12-30 06:45:00,4.476
2022-12-30 07:00:00,4.476
2022-12-30 07:15:00,4.485
2022-12-30 07:30:00,4.485
2022-12-30 07:45:00,4.494
2022-12-30 08:00:00,4.494
2022-12-30 08:15:00,4.494
2022-12-30 08:30:00,4.485
2022-12-30 08:45:00,4.485
2022-12-30 09:00:00,4.494
2022-12-30 09:15:00,4.503
2022-12-30 09:30:00,4.503
2022-12-30 09:45:00,4.503
2022-12-30 10:00:00,4.493
2022-12-30 10:15:00,4.503
2022-12-30 10:30:00,4.502
2022-12-30 10:45:00,4.521
2022-12-30 11:00:00,4.512
2022-12-30 11:15:00,4.511
2022-12-30 11:30:00,4.509
2022-12-30 11:45:00,4.506
2022-12-30 12:00:00,4.524
2022-12-30 12:15:00,4.496
2022-12-30 12:30:00,4.504
2022-12-30 12:45:00,4.505
2022-12-30 13:00:00,4.506
2022-12-30 13:15:00,4.504
2022-12-30 13:30:00,4.513
2022-12-30 13:45:00,4.533
2022-12-30 14:00:00,4.525
2022-12-30 14:15:00,4.525
2022-12-30 14:30:00,4.507
2022-12-30 14:45:00,4.508
2022-12-30 15:00:00,4.498
2022-12-30 15:15:00,4.499
2022-12-30 15:30:00,4.51
2022-12-30 15:45:00,4.501
2022-12-30 16:00:00,4.502
2022-12-30 16:15:00,4.502
2022-12-30 16:30:00,4.512
2022-12-30 16:45:00,4.493
2022-12-30 17:00:00,4.512
2022-12-30 17:15:00,4.494
2022-12-30 17:30:00,4.503
2022-12-30 17:45:00,4.503
2022-12-30 18:00:00,4.513
2022-12-30 18:15:00,4.513
2022-12-30 18:30:00,4.494
2022-12-30 18:45:00,4.513
2022-12-30 19:00:00,4.513
2022-12-30 19:15:00,4.513
2022-12-30 19:30:00,4.504
2022-12-30 19:45:00,4.513
2022-12-30 20:00:00,4.504
2022-12-30 20:15:00,4.513
2022-12-30 20:30:00,4.532
2022-12-30 20:45:00,4.523
2022-12-30 21:00:00,4.513
2022-12-30 21:15:00,4.532
2022-12-30 21:30:00,4.523
2022-12-30 21:45:00,4.532
2022-12-30 22:00:00,4.532
2022-12-30 22:15:00,4.522
2022-12-30 22:30:00,4.541
2022-12-30 22:45:00,4.532
2022-12-30 23:00:00,4.532
2022-12-30 23:15:00,4.531
2022-12-30 23:30:00,4.55
2022-12-30 23:45:00,4.531
2022-12-31 00:00:00,4.531
2022-12-31 00:15:00,4.541
2022-12-31 00:30:00,4.541
2022-12-31 00:45:00,4.541
2022-12-31 01:00:00,4.55
2022-12-31 01:15:00,4.55
2022-12-31 01:30:00,4.56
2022-12-31 01:45:00,4.55
2022-12-31 02:00:00,4.541
2022-12-31 02:15:00,4.55
2022-12-31 02:30:00,4.55
2022-12-31 02:45:00,4.55
2022-12-31 03:00:00,4.55
2022-12-31 03:15:00,4.559
2022-12-31 03:30:00,4.54
2022-12-31 03:45:00,4.541
2022-12-31 04:00:00,4.541
2022-12-31 04:15:00,4.531
2022-12-31 04:30:00,4.531
2022-12-31 04:45:00,4.522
2022-12-31 05:00:00,4.522
2022-12-31 05:15:00,4.513
2022-12-31 05:30:00,4.503
2022-12-31 05:45:00,4.494
2022-12-31 06:00:00,4.503
2022-12-31 06:15:00,4.503
2022-12-31 06:30:00,4.484
2022-12-31 06:45:00,4.475
2022-12-31 07:00:00,4.465
2022-12-31 07:15:00,4.465
2022-12-31 07:30:00,4.456
2022-12-31 07:45:00,4.455
2022-12-31 08:00:00,4.446
2022-12-31 08:15:00,4.455
2022-12-31 08:30:00,4.437
2022-12-31 08:45:00,4.437
2022-12-31 09:00:00,4.437
2022-12-31 09:15:00,4.427
2022-12-31 09:30:00,4.436
2022-12-31 09:45:00,4.426
2022-12-31 10:00:00,4.407
2022-12-31 10:15:00,4.414
2022-12-31 10:30:00,4.396
2022-12-31 10:45:00,4.413
2022-12-31 11:00:00,4.423
2022-12-31 11:15:00,4.374
2022-12-31 11:30:00,4.365
2022-12-31 11:45:00,4.337
2022-12-31 12:00:00,4.326
2022-12-31 12:15:00,4.289
2022-12-31 12:30:00,4.261
2022-12-31 12:45:00,4.26
2022-12-31 13:00:00,4.222
2022-12-31 13:15:00,4.182
2022-12-31 13:30:00,4.182
2022-12-31 13:45:00,4.144
2022-12-31 14:00:00,4.135
2022-12-31 14:15:00,4.136
2022-12-31 14:30:00,4.117
2022-12-31 14:45:00,4.108
2022-12-31 15:00:00,4.117
2022-12-31 15:15:00,4.109
2022-12-31 15:30:00,4.11
2022-12-31 15:45:00,4.082
2022-12-31 16:00:00,4.082
2022-12-31 16:15:00,4.066
2022-12-31 16:30:00,4.067
2022-12-31 16:45:00,4.05
2022-12-31 17:00:00,4.032
2022-12-31 17:15:00,4.052
2022-12-31 17:30:00,3.968
2022-12-31 17:45:00,3.987
2022-12-31 18:00:00,3.988
2022-12-31 18:15:00,4.007
2022-12-31 18:30:00,4.007
2022-12-31 18:45:00,4.008
2022-12-31 19:00:00,4.027
2022-12-31 19:15:00,4.036
2022-12-31 19:30:00,4.074
2022-12-31 19:45:00,4.074
2022-12-31 20:00:00,4.093
2022-12-31 20:15:00,4.131
2022-12-31 20:30:00,4.159
2022-12-31 20:45:00,4.168
2022-12-31 21:00:00,4.187
2022-12-31 21:15:00,4.159
2022-12-31 21:30:00,4.187
2022-12-31 21:45:00,4.197
2022-12-31 22:00:00,4.178
2022-12-31 22:15:00,4.197
2022-12-31 22:30:00,4.243
2022-12-31 22:45:00,4.271
2022-12-31 23:00:00,4.299
2022-12-31 23:15:00,4.309
2022-12-31 23:30:00,4.309
2022-12-31 23:45:00,4.291
2023-01-01 00:00:00,4.263
2023-01-01 00:15:00,4.253
2023-01-01 00:30:00,4.272
2023-01-01 00:45:00,4.262
2023-01-01 01:00:00,4.271
2023-01-01 01:15:00,4.308
2023-01-01 01:30:00,4.307
2023-01-01 01:45:00,4.326
2023-01-01 02:00:00,4.326
2023-01-01 02:15:00,4.363
2023-01-01 02:30:00,4.363
2023-01-01 02:45:00,4.372
2023-01-01 03:00:00,4.344
2023-01-01 03:15:00,4.354
2023-01-01 03:30:00,4.363
2023-01-01 03:45:00,4.354
2023-01-01 04:00:00,4.372
2023-01-01 04:15:00,4.382
2023-01-01 04:30:00,4.401
2023-01-01 04:45:00,4.41
2023-01-01 05:00:00,4.429
2023-01-01 05:15:00,4.448
2023-01-01 05:30:00,4.466
2023-01-01 05:45:00,4.466
2023-01-01 06:00:00,4.466
2023-01-01 06:15:00,4.466
2023-01-01 06:30:00,4.466
2023-01-01 06:45:00,4.466
2023-01-01 07:00:00,4.485
2023-01-01 07:15:00,4.485
2023-01-01 07:30:00,4.485
2023-01-01 07:45:00,4.485
2023-01-01 08:00:00,4.485
2023-01-01 08:15:00,4.485
2023-01-01 08:30:00,4.494
2023-01-01 08:45:00,4.494
2023-01-01 09:00:00,4.504
2023-01-01 09:15:00,4.513
2023-01-01 09:30:00,4.513
2023-01-01 09:45:00,4.504
2023-01-01 10:00:00,4.513
2023-01-01 10:15:00,4.532
2023-01-01 10:30:00,4.523
2023-01-01 10:45:00,4.522
2023-01-01 11:00:00,4.522
2023-01-01 11:15:00,4.513
2023-01-01 11:30:00,4.522
2023-01-01 11:45:00,4.522
2023-01-01 12:00:00,4.522
2023-01-01 12:15:00,4.522
2023-01-01 12:30:00,4.522
2023-01-01 12:45:00,4.531
2023-01-01 13:00:00,4.531
2023-01-01 13:15:00,4.54
2023-01-01 13:30:00,4.54
2023-01-01 13:45:00,4.549
2023-01-01 14:00:00,4.521
2023-01-01 14:15:00,4.511
2023-01-01 14:30:00,4.512
2023-01-01 14:45:00,4.512
2023-01-01 15:00:00,4.521
2023-01-01 15:15:00,4.503
2023-01-01 15:30:00,4.532
2023-01-01 15:45:00,4.522
2023-01-01 16:00:00,4.503
2023-01-01 16:15:00,4.522
2023-01-01 16:30:00,4.513
2023-01-01 16:45:00,4.513
2023-01-01 17:00:00,4.513
2023-01-01 17:15:00,4.523
2023-01-01 17:30:00,4.504
2023-01-01 17:45:00,4.513
2023-01-01 18:00:00,4.523
2023-01-01 18:15:00,4.514
2023-01-01 18:30:00,4.514
2023-01-01 18:45:00,4.523
2023-01-01 19:00:00,4.523
2023-01-01 19:15:00,4.533
2023-01-01 19:30:00,4.523
2023-01-01 19:45:00,4.523
2023-01-01 20:00:00,4.523
2023-01-01 20:15:00,4.533
2023-01-01 20:30:00,4.533
2023-01-01 20:45:00,4.533
2023-01-01 21:00:00,4.533
2023-01-01 21:15:00,4.533
2023-01-01 21:30:00,4.524
2023-01-01 21:45:00,4.542
2023-01-01 22:00:00,4.524
2023-01-01 22:15:00,4.543
2023-01-01 22:30:00,4.552
2023-01-01 22:45:00,4.524
2023-01-01 23:00:00,4.543
2023-01-01 23:15:00,4.543
2023-01-01 23:30:00,4.534
2023-01-01 23:45:00,4.533
2023-01-02 00:00:00,4.553
2023-01-02 00:15:00,4.552
2023-01-02 00:30:00,4.562
2023-01-02 00:45:00,4.562
2023-01-02 01:00:00,4.553
2023-01-02 01:15:00,4.553
2023-01-02 01:30:00,4.572
2023-01-02 01:45:00,4.563
2023-01-02 02:00:00,4.563
2023-01-02 02:15:00,4.572
2023-01-02 02:30:00,4.563
2023-01-02 02:45:00,4.554
2023-01-02 03:00:00,4.544
2023-01-02 03:15:00,4.554
2023-01-02 03:30:00,4.554
2023-01-02 03:45:00,4.545
2023-01-02 04:00:00,4.554
2023-01-02 04:15:00,4.554
2023-01-02 04:30:00,4.582
2023-01-02 04:45:00,4.573
2023-01-02 05:00:00,4.582
2023-01-02 05:15:00,4.573
2023-01-02 05:30:00,4.611
2023-01-02 05:45:00,4.62
2023-01-02 06:00:00,4.62
2023-01-02 06:15:00,4.63
2023-01-02 06:30:00,4.63
2023-01-02 06:45:00,4.639
2023-01-02 07:00:00,4.677
2023-01-02 07:15:00,4.659
2023-01-02 07:30:00,4.659
2023-01-02 07:45:00,4.659
2023-01-02 08:00:00,4.669
2023-01-02 08:15:00,4.651
2023-01-02 08:30:00,4.613
2023-01-02 08:45:00,4.603
2023-01-02 09:00:00,4.583
2023-01-02 09:15:00,4.583
2023-01-02 09:30:00,4.591
2023-01-02 09:45:00,4.609
2023-01-02 10:00:00,4.645
2023-01-02 10:15:00,4.644
2023-01-02 10:30:00,4.671
2023-01-02 10:45:00,4.679
2023-01-02 11:00:00,4.686
2023-01-02 11:15:00,4.694
2023-01-02 11:30:00,4.701
2023-01-02 11:45:00,4.709
2023-01-02 12:00:00,4.7
2023-01-02 12:15:00,4.708
2023-01-02 12:30:00,4.699
2023-01-02 12:45:00,4.72
2023-01-02 13:00:00,4.72
2023-01-02 13:15:00,4.709
2023-01-02 13:30:00,4.71
2023-01-02 13:45:00,4.718
2023-01-02 14:00:00,4.718
2023-01-02 14:15:00,4.709
2023-01-02 14:30:00,4.708
2023-01-02 14:45:00,4.708
2023-01-02 15:00:00,4.698
2023-01-02 15:15:00,4.716
2023-01-02 15:30:00,4.706
2023-01-02 15:45:00,4.698
2023-01-02 16:00:00,4.698
2023-01-02 16:15:00,4.694
2023-01-02 16:30:00,4.679
2023-01-02 16:45:00,4.69
2023-01-02 17:00:00,4.674
2023-01-02 17:15:00,4.694
2023-01-02 17:30:00,4.629
2023-01-02 17:45:00,4.63
2023-01-02 18:00:00,4.649
2023-01-02 18:15:00,4.648
2023-01-02 18:30:00,4.658
2023-01-02 18:45:00,4.639
2023-01-02 19:00:00,4.657
2023-01-02 19:15:00,4.657
2023-01-02 19:30:00,4.667
2023-01-02 19:45:00,4.676
2023-01-02 20:00:00,4.686
2023-01-02 20:15:00,4.667
2023-01-02 20:30:00,4.685
2023-01-02 20:45:00,4.685
2023-01-02 21:00:00,4.685
2023-01-02 21:15:00,4.695
2023-01-02 21:30:00,4.695
2023-01-02 21:45:00,4.704
2023-01-02 22:00:00,4.714
2023-01-02 22:15:00,4.714
2023-01-02 22:30:00,4.704
2023-01-02 22:45:00,4.714
2023-01-02 23:00:00,4.714
2023-01-02 23:15:00,4.732
2023-01-02 23:30:00,4.733
2023-01-02 23:45:00,4.742
2023-01-03 00:00:00,11.103
2023-01-03 00:15:00,4.752
2023-01-03 00:30:00,4.771
2023-01-03 00:45:00,4.79
2023-01-03 01:00:00,4.781
2023-01-03 01:15:00,4.79
2023-01-03 01:30:00,4.79
2023-01-03 01:45:00,4.791
2023-01-03 02:00:00,4.791
2023-01-03 02:15:00,4.791
2023-01-03 02:30:00,4.791
2023-01-03 02:45:00,4.791
2023-01-03 03:00:00,4.79
2023-01-03 03:15:00,4.8
2023-01-03 03:30:00,4.781
2023-01-03 03:45:00,4.8
2023-01-03 04:00:00,4.79
2023-01-03 04:15:00,4.8
2023-01-03 04:30:00,4.809
2023-01-03 04:45:00,4.819
2023-01-03 05:00:00,4.819
2023-01-03 05:15:00,4.838
2023-01-03 05:30:00,4.848
2023-01-03 05:45:00,4.839
2023-01-03 06:00:00,4.839
2023-01-03 06:15:00,4.84
2023-01-03 06:30:00,4.84
2023-01-03 06:45:00,4.84
2023-01-03 07:00:00,4.831
2023-01-03 07:15:00,4.849
2023-01-03 07:30:00,4.839
2023-01-03 07:45:00,4.848
2023-01-03 08:00:00,4.829
2023-01-03 08:15:00,4.838
2023-01-03 08:30:00,4.857
2023-01-03 08:45:00,4.838
2023-01-03 09:00:00,4.829
2023-01-03 09:15:00,4.828
2023-01-03 09:30:00,4.828
2023-01-03 09:45:00,4.819
2023-01-03 10:00:00,4.837
2023-01-03 10:15:00,4.837
2023-01-03 10:30:00,4.828
2023-01-03 10:45:00,4.837
2023-01-03 11:00:00,4.827
2023-01-03 11:15:00,4.827
2023-01-03 11:30:00,4.837
2023-01-03 11:45:00,4.846
2023-01-03 12:00:00,4.818
2023-01-03 12:15:00,4.818
2023-01-03 12:30:00,4.827
2023-01-03 12:45:00,4.827
2023-01-03 13:00:00,4.826
2023-01-03 13:15:00,4.836
2023-01-03 13:30:00,4.826
2023-01-03 13:45:00,4.846
2023-01-03 14:00:00,5.176
2023-01-03 14:15:00,5.214
2023-01-03 14:30:00,5.204
2023-01-03 14:45:00,5.214
2023-01-03 15:00:00,5.214
2023-01-03 15:15:00,5.205
2023-01-03 15:30:00,5.185
2023-01-03 15:45:00,5.224
2023-01-03 16:00:00,5.233
2023-01-03 16:15:00,5.242
2023-01-03 16:30:00,5.262
2023-01-03 16:45:00,5.243
2023-01-03 17:00:00,5.243
2023-01-03 17:15:00,5.252
2023-01-03 17:30:00,5.271
2023-01-03 17:45:00,5.234
2023-01-03 18:00:00,5.252
2023-01-03 18:15:00,5.224
2023-01-03 18:30:00,5.215
2023-01-03 18:45:00,5.281
2023-01-03 19:00:00,5.281
2023-01-03 19:15:00,5.262
2023-01-03 19:30:00,5.272
2023-01-03 19:45:00,5.291
2023-01-03 20:00:00,5.282
2023-01-03 20:15:00,5.32
2023-01-03 20:30:00,5.273
2023-01-03 20:45:00,5.254
2023-01-03 21:00:00,5.282
2023-01-03 21:15:00,5.264
2023-01-03 21:30:00,5.302
2023-01-03 21:45:00,5.273
2023-01-03 22:00:00,5.301
2023-01-03 22:15:00,5.283
2023-01-03 22:30:00,5.311
2023-01-03 22:45:00,5.264
2023-01-03 23:00:00,5.321
2023-01-03 23:15:00,5.255
2023-01-03 23:30:00,5.265
2023-01-03 23:45:00,5.303
2023-01-04 00:00:00,5.274
2023-01-04 00:15:00,5.302
2023-01-04 00:30:00,5.274
2023-01-04 00:45:00,5.284
2023-01-04 01:00:00,5.302
2023-01-04 01:15:00,5.284
2023-01-04 01:30:00,5.283
2023-01-04 01:45:00,5.284
2023-01-04 02:00:00,5.312
2023-01-04 02:15:00,5.331
2023-01-04 02:30:00,5.331
2023-01-04 02:45:00,5.302
2023-01-04 03:00:00,5.34
2023-01-04 03:15:00,5.292
2023-01-04 03:30:00,5.274
2023-01-04 03:45:00,5.283
2023-01-04 04:00:00,5.33
2023-01-04 04:15:00,5.283
2023-01-04 04:30:00,5.293
2023-01-04 04:45:00,5.311
2023-01-04 05:00:00,5.34
2023-01-04 05:15:00,5.349
2023-01-04 05:30:00,5.293
2023-01-04 05:45:00,5.34
2023-01-04 06:00:00,5.293
2023-01-04 06:15:00,5.34
2023-01-04 06:30:00,5.312
2023-01-04 06:45:00,5.34
2023-01-04 07:00:00,5.302
2023-01-04 07:15:00,5.35
2023-01-04 07:30:00,5.293
2023-01-04 07:45:00,5.293
2023-01-04 08:00:00,5.35
2023-01-04 08:15:00,5.331
2023-01-04 08:30:00,5.283
2023-01-04 08:45:00,5.34
2023-01-04 09:00:00,5.264
2023-01-04 09:15:00,5.32
2023-01-04 09:30:00,5.244
2023-01-04 09:45:00,5.244
2023-01-04 10:00:00,5.328
2023-01-04 10:15:00,5.346
2023-01-04 10:30:00,5.298
2023-01-04 10:45:00,5.354
2023-01-04 11:00:00,5.334
2023-01-04 11:15:00,5.343
2023-01-04 11:30:00,5.361
2023-01-04 11:45:00,5.378
2023-01-04 12:00:00,5.359
2023-01-04 12:15:00,5.378
2023-01-04 12:30:00,5.403
2023-01-04 12:45:00,5.366
2023-01-04 13:00:00,5.385
2023-01-04 13:15:00,5.403
2023-01-04 13:30:00,5.395
2023-01-04 13:45:00,5.328
2023-01-04 14:00:00,5.356
2023-01-04 14:15:00,5.358
2023-01-04 14:30:00,5.366
2023-01-04 14:45:00,5.359
2023-01-04 15:00:00,5.379
2023-01-04 15:15:00,5.36
2023-01-04 15:30:00,5.38
2023-01-04 15:45:00,5.38
2023-01-04 16:00:00,5.342
2023-01-04 16:15:00,5.4
2023-01-04 16:30:00,5.381
2023-01-04 16:45:00,5.372
2023-01-04 17:00:00,5.363
2023-01-04 17:15:00,5.344
2023-01-04 17:30:00,5.344
2023-01-04 17:45:00,5.401
2023-01-04 18:00:00,5.411
2023-01-04 18:15:00,5.354
2023-01-04 18:30:00,5.401
2023-01-04 18:45:00,5.363
2023-01-04 19:00:00,5.401
2023-01-04 19:15:00,5.411
2023-01-04 19:30:00,5.411
2023-01-04 19:45:00,5.383
2023-01-04 20:00:00,5.402
2023-01-04 20:15:00,5.401
2023-01-04 20:30:00,5.354
2023-01-04 20:45:00,5.354
2023-01-04 21:00:00,5.391
2023-01-04 21:15:00,5.41
2023-01-04 21:30:00,5.372
2023-01-04 21:45:00,5.353
2023-01-04 22:00:00,5.343
2023-01-04 22:15:00,5.371
2023-01-04 22:30:00,5.399
2023-01-04 22:45:00,5.333
2023-01-04 23:00:00,5.353
2023-01-04 23:15:00,5.4
2023-01-04 23:30:00,5.372
2023-01-04 23:45:00,5.409
2023-01-05 00:00:00,5.371
2023-01-05 00:15:00,5.39
2023-01-05 00:30:00,5.419
2023-01-05 00:45:00,5.39
2023-01-05 01:00:00,5.4
2023-01-05 01:15:00,5.362
2023-01-05 01:30:00,5.39
2023-01-05 01:45:00,5.399
2023-01-05 02:00:00,5.39
2023-01-05 02:15:00,5.4
2023-01-05 02:30:00,5.352
2023-01-05 02:45:00,5.39
2023-01-05 03:00:00,5.409
2023-01-05 03:15:00,5.399
2023-01-05 03:30:00,5.418
2023-01-05 03:45:00,5.371
2023-01-05 04:00:00,5.371
2023-01-05 04:15:00,5.408
2023-01-05 04:30:00,5.399
2023-01-05 04:45:00,5.351
2023-01-05 05:00:00,5.361
2023-01-05 05:15:00,5.361
2023-01-05 05:30:00,5.361
2023-01-05 05:45:00,5.379
2023-01-05 06:00:00,5.417
2023-01-05 06:15:00,5.35
2023-01-05 06:30:00,5.351
2023-01-05 06:45:00,5.408
2023-01-05 07:00:00,5.427
2023-01-05 07:15:00,5.398
2023-01-05 07:30:00,5.36
2023-01-05 07:45:00,5.416
2023-01-05 08:00:00,5.388
2023-01-05 08:15:00,5.378
2023-01-05 08:30:00,5.369
2023-01-05 08:45:00,5.379
2023-01-05 09:00:00,5.434
2023-01-05 09:15:00,5.425
2023-01-05 09:30:00,5.367
2023-01-05 09:45:00,5.424
2023-01-05 10:00:00,5.386
2023-01-05 10:15:00,5.424
2023-01-05 10:30:00,5.392
2023-01-05 10:45:00,5.374
2023-01-05 11:00:00,5.382
2023-01-05 11:15:00,5.412
2023-01-05 11:30:00,5.44
2023-01-05 11:45:00,5.392
2023-01-05 12:00:00,5.383
2023-01-05 12:15:00,5.392
2023-01-05 12:30:00,5.391
2023-01-05 12:45:00,5.382
2023-01-05 13:00:00,5.412
2023-01-05 13:15:00,5.409
2023-01-05 13:30:00,5.436
2023-01-05 13:45:00,5.427
2023-01-05 14:00:00,5.389
2023-01-05 14:15:00,5.37
2023-01-05 14:30:00,5.398
2023-01-05 14:45:00,5.426
2023-01-05 15:00:00,5.408
2023-01-05 15:15:00,5.389
2023-01-05 15:30:00,5.408
2023-01-05 15:45:00,5.39
2023-01-05 16:00:00,5.42
2023-01-05 16:15:00,5.373
2023-01-05 16:30:00,5.404
2023-01-05 16:45:00,5.359
2023-01-05 17:00:00,5.398
2023-01-05 17:15:00,5.418
2023-01-05 17:30:00,5.39
2023-01-05 17:45:00,5.371
2023-01-05 18:00:00,5.391
2023-01-05 18:15:00,5.409
2023-01-05 18:30:00,5.4
2023-01-05 18:45:00,5.353
2023-01-05 19:00:00,5.409
2023-01-05 19:15:00,5.4
2023-01-05 19:30:00,5.362
2023-01-05 19:45:00,5.419
2023-01-05 20:00:00,5.41
2023-01-05 20:15:00,5.429
2023-01-05 20:30:00,5.382
2023-01-05 20:45:00,5.354
2023-01-05 21:00:00,5.364
2023-01-05 21:15:00,5.363
2023-01-05 21:30:00,5.439
2023-01-05 21:45:00,5.382
2023-01-05 22:00:00,5.411
2023-01-05 22:15:00,5.429
2023-01-05 22:30:00,5.41
2023-01-05 22:45:00,5.41
2023-01-05 23:00:00,5.381
2023-01-05 23:15:00,5.438
2023-01-05 23:30:00,5.38
2023-01-05 23:45:00,5.428
2023-01-06 00:00:00,5.447
2023-01-06 00:15:00,5.399
2023-01-06 00:30:00,5.427
2023-01-06 00:45:00,5.419
2023-01-06 01:00:00,5.399
2023-01-06 01:15:00,5.437
2023-01-06 01:30:00,5.418
2023-01-06 01:45:00,5.437
2023-01-06 02:00:00,5.409
2023-01-06 02:15:00,5.437
2023-01-06 02:30:00,5.428
2023-01-06 02:45:00,5.399
2023-01-06 03:00:00,5.418
2023-01-06 03:15:00,5.428
2023-01-06 03:30:00,5.437
2023-01-06 03:45:00,5.428
2023-01-06 04:00:00,5.409
2023-01-06 04:15:00,5.399
2023-01-06 04:30:00,5.39
2023-01-06 04:45:00,5.437
2023-01-06 05:00:00,5.409
2023-01-06 05:15:00,5.409
2023-01-06 05:30:00,5.4
2023-01-06 05:45:00,5.419
2023-01-06 06:00:00,5.372
2023-01-06 06:15:00,5.381
2023-01-06 06:30:00,5.391
2023-01-06 06:45:00,5.401
2023-01-06 07:00:00,5.411
2023-01-06 07:15:00,5.383
2023-01-06 07:30:00,5.392
2023-01-06 07:45:00,5.383
2023-01-06 08:00:00,5.383
2023-01-06 08:15:00,5.412
2023-01-06 08:30:00,5.374
2023-01-06 08:45:00,5.412
2023-01-06 09:00:00,5.383
2023-01-06 09:15:00,5.411
2023-01-06 09:30:00,5.429
2023-01-06 09:45:00,5.438
2023-01-06 10:00:00,5.447
2023-01-06 10:15:00,5.437
2023-01-06 10:30:00,5.452
2023-01-06 10:45:00,5.424
2023-01-06 11:00:00,5.429
2023-01-06 11:15:00,5.445
2023-01-06 11:30:00,5.452
2023-01-06 11:45:00,5.432
2023-01-06 12:00:00,5.431
2023-01-06 12:15:00,5.394
2023-01-06 12:30:00,5.383
2023-01-06 12:45:00,5.402
2023-01-06 13:00:00,5.391
2023-01-06 13:15:00,5.382
2023-01-06 13:30:00,5.436
2023-01-06 13:45:00,5.407
2023-01-06 14:00:00,5.349
2023-01-06 14:15:00,5.359
2023-01-06 14:30:00,5.399
2023-01-06 14:45:00,5.343
2023-01-06 15:00:00,5.316
2023-01-06 15:15:00,5.334
2023-01-06 15:30:00,5.325
2023-01-06 15:45:00,5.316
2023-01-06 16:00:00,5.289
2023-01-06 16:15:00,5.301
2023-01-06 16:30:00,5.276
2023-01-06 16:45:00,5.328
2023-01-06 17:00:00,5.332
2023-01-06 17:15:00,5.305
2023-01-06 17:30:00,5.343
2023-01-06 17:45:00,5.324
2023-01-06 18:00:00,5.334
2023-01-06 18:15:00,5.307
2023-01-06 18:30:00,5.354
2023-01-06 18:45:00,5.326
2023-01-06 19:00:00,5.345
2023-01-06 19:15:00,5.363
2023-01-06 19:30:00,5.363
2023-01-06 19:45:00,5.325
2023-01-06 20:00:00,5.363
2023-01-06 20:15:00,5.344
2023-01-06 20:30:00,5.363
2023-01-06 20:45:00,5.335
2023-01-06 21:00:00,5.344
2023-01-06 21:15:00,5.373
2023-01-06 21:30:00,5.382
2023-01-06 21:45:00,5.335
2023-01-06 22:00:00,5.354
2023-01-06 22:15:00,5.354
2023-01-06 22:30:00,5.363
2023-01-06 22:45:00,5.344
2023-01-06 23:00:00,5.382
2023-01-06 23:15:00,5.372
2023-01-06 23:30:00,5.353
2023-01-06 23:45:00,5.392
2023-01-07 00:00:00,5.42
2023-01-07 00:15:00,5.392
2023-01-07 00:30:00,5.354
2023-01-07 00:45:00,5.335
2023-01-07 01:00:00,5.354
2023-01-07 01:15:00,5.354
2023-01-07 01:30:00,5.391
2023-01-07 01:45:00,5.391
2023-01-07 02:00:00,5.372
2023-01-07 02:15:00,5.382
2023-01-07 02:30:00,5.391
2023-01-07 02:45:00,5.41
2023-01-07 03:00:00,5.382
2023-01-07 03:15:00,5.354
2023-01-07 03:30:00,5.401
2023-01-07 03:45:00,5.392
2023-01-07 04:00:00,5.382
2023-01-07 04:15:00,5.372
2023-01-07 04:30:00,5.373
2023-01-07 04:45:00,5.411
2023-01-07 05:00:00,5.364
2023-01-07 05:15:00,5.373
2023-01-07 05:30:00,5.345
2023-01-07 05:45:00,5.42
2023-01-07 06:00:00,5.42
2023-01-07 06:15:00,5.354
2023-01-07 06:30:00,5.383
2023-01-07 06:45:00,5.392
2023-01-07 07:00:00,5.42
2023-01-07 07:15:00,5.373
2023-01-07 07:30:00,5.382
2023-01-07 07:45:00,5.42
2023-01-07 08:00:00,5.382
2023-01-07 08:15:00,5.43
2023-01-07 08:30:00,5.392
2023-01-07 08:45:00,5.411
2023-01-07 09:00:00,5.439
2023-01-07 09:15:00,5.382
2023-01-07 09:30:00,5.437
2023-01-07 09:45:00,5.389
2023-01-07 10:00:00,5.418
2023-01-07 10:15:00,5.408
2023-01-07 10:30:00,5.38
2023-01-07 10:45:00,5.427
2023-01-07 11:00:00,5.37
2023-01-07 11:15:00,5.388
2023-01-07 11:30:00,5.388
2023-01-07 11:45:00,5.378
2023-01-07 12:00:00,5.405
2023-01-07 12:15:00,5.376
2023-01-07 12:30:00,5.414
2023-01-07 12:45:00,5.412
2023-01-07 13:00:00,5.413
2023-01-07 13:15:00,5.396
2023-01-07 13:30:00,5.403
2023-01-07 13:45:00,5.374
2023-01-07 14:00:00,5.421
2023-01-07 14:15:00,5.367
2023-01-07 14:30:00,5.366
2023-01-07 14:45:00,5.366
2023-01-07 15:00:00,5.415
2023-01-07 15:15:00,5.413
2023-01-07 15:30:00,5.386
2023-01-07 15:45:00,5.375
2023-01-07 16:00:00,5.395
2023-01-07 16:15:00,5.386
2023-01-07 16:30:00,5.378
2023-01-07 16:45:00,5.396
2023-01-07 17:00:00,5.368
2023-01-07 17:15:00,5.36
2023-01-07 17:30:00,5.408
2023-01-07 17:45:00,5.361
2023-01-07 18:00:00,5.399
2023-01-07 18:15:00,5.351
2023-01-07 18:30:00,5.38
2023-01-07 18:45:00,5.379
2023-01-07 19:00:00,5.351
2023-01-07 19:15:00,5.361
2023-01-07 19:30:00,5.418
2023-01-07 19:45:00,5.399
2023-01-07 20:00:00,5.389
2023-01-07 20:15:00,5.399
2023-01-07 20:30:00,5.361
2023-01-07 20:45:00,5.361
2023-01-07 21:00:00,5.361
2023-01-07 21:15:00,5.38
2023-01-07 21:30:00,5.409
2023-01-07 21:45:00,5.352
2023-01-07 22:00:00,5.409
2023-01-07 22:15:00,5.352
2023-01-07 22:30:00,5.399
2023-01-07 22:45:00,5.352
2023-01-07 23:00:00,5.37
2023-01-07 23:15:00,5.352
2023-01-07 23:30:00,5.389
2023-01-07 23:45:00,5.37
2023-01-08 00:00:00,5.408
2023-01-08 00:15:00,5.342
2023-01-08 00:30:00,5.397
2023-01-08 00:45:00,5.398
2023-01-08 01:00:00,5.408
2023-01-08 01:15:00,5.342
2023-01-08 01:30:00,5.389
2023-01-08 01:45:00,5.37
2023-01-08 02:00:00,5.407
2023-01-08 02:15:00,5.37
2023-01-08 02:30:00,5.379
2023-01-08 02:45:00,5.408
2023-01-08 03:00:00,5.426
2023-01-08 03:15:00,5.398
2023-01-08 03:30:00,5.36
2023-01-08 03:45:00,5.37
2023-01-08 04:00:00,5.389
2023-01-08 04:15:00,5.351
2023-01-08 04:30:00,5.417
2023-01-08 04:45:00,5.37
2023-01-08 05:00:00,5.417
2023-01-08 05:15:00,5.408
2023-01-08 05:30:00,5.408
2023-01-08 05:45:00,5.399
2023-01-08 06:00:00,5.417
2023-01-08 06:15:00,5.427
2023-01-08 06:30:00,5.389
2023-01-08 06:45:00,5.408
2023-01-08 07:00:00,5.408
2023-01-08 07:15:00,5.389
2023-01-08 07:30:00,5.38
2023-01-08 07:45:00,5.398
2023-01-08 08:00:00,5.38
2023-01-08 08:15:00,5.361
2023-01-08 08:30:00,5.408
2023-01-08 08:45:00,5.407
2023-01-08 09:00:00,5.36
2023-01-08 09:15:00,5.38
2023-01-08 09:30:00,5.408
2023-01-08 09:45:00,5.408
2023-01-08 10:00:00,5.408
2023-01-08 10:15:00,5.398
2023-01-08 10:30:00,5.388
2023-01-08 10:45:00,5.416
2023-01-08 11:00:00,5.406
2023-01-08 11:15:00,5.388
2023-01-08 11:30:00,5.397
2023-01-08 11:45:00,5.416
2023-01-08 12:00:00,5.417
2023-01-08 12:15:00,5.417
2023-01-08 12:30:00,5.416
2023-01-08 12:45:00,5.388
2023-01-08 13:00:00,5.416
2023-01-08 13:15:00,5.415
2023-01-08 13:30:00,5.397
2023-01-08 13:45:00,5.388
2023-01-08 14:00:00,5.406
2023-01-08 14:15:00,5.397
2023-01-08 14:30:00,5.397
2023-01-08 14:45:00,5.414
2023-01-08 15:00:00,5.424
2023-01-08 15:15:00,5.396
2023-01-08 15:30:00,5.425
2023-01-08 15:45:00,5.405
2023-01-08 16:00:00,5.416
2023-01-08 16:15:00,5.388
2023-01-08 16:30:00,5.397
2023-01-08 16:45:00,5.387
2023-01-08 17:00:00,5.379
2023-01-08 17:15:00,5.389
2023-01-08 17:30:00,5.389
2023-01-08 17:45:00,5.379
2023-01-08 18:00:00,5.37
2023-01-08 18:15:00,5.361
2023-01-08 18:30:00,5.371
2023-01-08 18:45:00,5.371
2023-01-08 19:00:00,5.38
2023-01-08 19:15:00,5.399
2023-01-08 19:30:00,5.37
2023-01-08 19:45:00,5.352
2023-01-08 20:00:00,5.361
2023-01-08 20:15:00,5.37
2023-01-08 20:30:00,5.38
2023-01-08 20:45:00,5.342
2023-01-08 21:00:00,5.304
2023-01-08 21:15:00,5.343
2023-01-08 21:30:00,5.372
2023-01-08 21:45:00,5.343
2023-01-08 22:00:00,5.344
2023-01-08 22:15:00,5.325
2023-01-08 22:30:00,5.297
2023-01-08 22:45:00,5.317
2023-01-08 23:00:00,5.317
2023-01-08 23:15:00,5.326
2023-01-08 23:30:00,5.336
2023-01-08 23:45:00,5.326
2023-01-09 00:00:00,5.336
2023-01-09 00:15:00,5.307
2023-01-09 00:30:00,5.326
2023-01-09 00:45:00,5.316
2023-01-09 01:00:00,5.335
2023-01-09 01:15:00,5.326
2023-01-09 01:30:00,5.336
2023-01-09 01:45:00,5.307
2023-01-09 02:00:00,5.345
2023-01-09 02:15:00,5.345
2023-01-09 02:30:00,5.335
2023-01-09 02:45:00,5.317
2023-01-09 03:00:00,5.335
2023-01-09 03:15:00,5.355
2023-01-09 03:30:00,5.345
2023-01-09 03:45:00,5.326
2023-01-09 04:00:00,5.335
2023-01-09 04:15:00,5.307
2023-01-09 04:30:00,5.279
2023-01-09 04:45:00,5.308
2023-01-09 05:00:00,5.383
2023-01-09 05:15:00,5.336
2023-01-09 05:30:00,5.335
2023-01-09 05:45:00,5.373
2023-01-09 06:00:00,5.336
2023-01-09 06:15:00,5.383
2023-01-09 06:30:00,5.335
2023-01-09 06:45:00,5.392
2023-01-09 07:00:00,5.354
2023-01-09 07:15:00,5.363
2023-01-09 07:30:00,5.373
2023-01-09 07:45:00,5.354
2023-01-09 08:00:00,5.335
2023-01-09 08:15:00,5.382
2023-01-09 08:30:00,5.372
2023-01-09 08:45:00,5.353
2023-01-09 09:00:00,5.363
2023-01-09 09:15:00,5.372
2023-01-09 09:30:00,5.362
2023-01-09 09:45:00,5.353
2023-01-09 10:00:00,5.419
2023-01-09 10:15:00,5.409
2023-01-09 10:30:00,5.371
2023-01-09 10:45:00,5.428
2023-01-09 11:00:00,5.428
2023-01-09 11:15:00,5.39
2023-01-09 11:30:00,5.427
2023-01-09 11:45:00,5.399
2023-01-09 12:00:00,5.37
2023-01-09 12:15:00,5.37
2023-01-09 12:30:00,5.37
2023-01-09 12:45:00,5.389
2023-01-09 13:00:00,5.389
2023-01-09 13:15:00,5.389
2023-01-09 13:30:00,5.389
2023-01-09 13:45:00,5.361
2023-01-09 14:00:00,5.38
2023-01-09 14:15:00,5.371
2023-01-09 14:30:00,5.352
2023-01-09 14:45:00,5.352
2023-01-09 15:00:00,5.304
2023-01-09 15:15:00,5.286
2023-01-09 15:30:00,5.296
2023-01-09 15:45:00,5.258
2023-01-09 16:00:00,5.267
2023-01-09 16:15:00,5.239
2023-01-09 16:30:00,5.248
2023-01-09 16:45:00,5.239
2023-01-09 17:00:00,5.239
2023-01-09 17:15:00,5.22
2023-01-09 17:30:00,5.201
2023-01-09 17:45:00,5.201
2023-01-09 18:00:00,5.22
2023-01-09 18:15:00,5.21
2023-01-09 18:30:00,5.182
2023-01-09 18:45:00,5.181
2023-01-09 19:00:00,5.191
2023-01-09 19:15:00,5.191
2023-01-09 19:30:00,5.173
2023-01-09 19:45:00,5.173
2023-01-09 20:00:00,5.163
2023-01-09 20:15:00,5.136
2023-01-09 20:30:00,5.164
2023-01-09 20:45:00,5.127
2023-01-09 21:00:00,5.146
2023-01-09 21:15:00,5.165
2023-01-09 21:30:00,5.127
2023-01-09 21:45:00,5.146
2023-01-09 22:00:00,5.108
2023-01-09 22:15:00,5.155
2023-01-09 22:30:00,5.127
2023-01-09 22:45:00,5.155
2023-01-09 23:00:00,5.137
2023-01-09 23:15:00,5.137
2023-01-09 23:30:00,5.128
2023-01-09 23:45:00,5.175
2023-01-10 00:00:00,5.184
2023-01-10 00:15:00,5.175
2023-01-10 00:30:00,5.137
2023-01-10 00:45:00,5.118
2023-01-10 01:00:00,5.1
2023-01-10 01:15:00,5.128
2023-01-10 01:30:00,5.147
2023-01-10 01:45:00,5.138
2023-01-10 02:00:00,5.157
2023-01-10 02:15:00,5.119
2023-01-10 02:30:00,5.128
2023-01-10 02:45:00,5.138
2023-01-10 03:00:00,5.157
2023-01-10 03:15:00,5.157
2023-01-10 03:30:00,5.158
2023-01-10 03:45:00,5.148
2023-01-10 04:00:00,5.148
2023-01-10 04:15:00,5.148
2023-01-10 04:30:00,5.166
2023-01-10 04:45:00,5.166
2023-01-10 05:00:00,5.185
2023-01-10 05:15:00,5.195
2023-01-10 05:30:00,5.176
2023-01-10 05:45:00,5.214
2023-01-10 06:00:00,5.166
2023-01-10 06:15:00,5.194
2023-01-10 06:30:00,5.195
2023-01-10 06:45:00,5.213
2023-01-10 07:00:00,5.194
2023-01-10 07:15:00,5.222
2023-01-10 07:30:00,5.194
2023-01-10 07:45:00,5.223
2023-01-10 08:00:00,5.223
2023-01-10 08:15:00,5.204
2023-01-10 08:30:00,5.223
2023-01-10 08:45:00,5.241
2023-01-10 09:00:00,5.241
2023-01-10 09:15:00,5.26
2023-01-10 09:30:00,5.241
2023-01-10 09:45:00,5.269
2023-01-10 10:00:00,5.296
2023-01-10 10:15:00,5.266
2023-01-10 10:30:00,5.303
2023-01-10 10:45:00,5.291
2023-01-10 11:00:00,5.287
2023-01-10 11:15:00,5.304
2023-01-10 11:30:00,5.312
2023-01-10 11:45:00,5.293
2023-01-10 12:00:00,5.292
2023-01-10 12:15:00,5.301
2023-01-10 12:30:00,5.282
2023-01-10 12:45:00,5.292
2023-01-10 13:00:00,5.282
2023-01-10 13:15:00,5.292
2023-01-10 13:30:00,5.291
2023-01-10 13:45:00,5.262
2023-01-10 14:00:00,5.272
2023-01-10 14:15:00,5.272
2023-01-10 14:30:00,5.224
2023-01-10 14:45:00,5.216
2023-01-10 15:00:00,5.265
2023-01-10 15:15:00,5.21
2023-01-10 15:30:00,5.248
2023-01-10 15:45:00,5.23
2023-01-10 16:00:00,5.261
2023-01-10 16:15:00,5.235
2023-01-10 16:30:00,5.247
2023-01-10 16:45:00,5.248
2023-01-10 17:00:00,5.211
2023-01-10 17:15:00,5.211
2023-01-10 17:30:00,5.221
2023-01-10 17:45:00,5.212
2023-01-10 18:00:00,5.232
2023-01-10 18:15:00,5.204
2023-01-10 18:30:00,5.251
2023-01-10 18:45:00,5.232
2023-01-10 19:00:00,5.242
2023-01-10 19:15:00,5.27
2023-01-10 19:30:00,5.194
2023-01-10 19:45:00,5.223
2023-01-10 20:00:00,5.214
2023-01-10 20:15:00,5.223
2023-01-10 20:30:00,5.223
2023-01-10 20:45:00,5.242
2023-01-10 21:00:00,5.223
2023-01-10 21:15:00,5.204
2023-01-10 21:30:00,5.213
2023-01-10 21:45:00,5.232
2023-01-10 22:00:00,5.241
2023-01-10 22:15:00,5.279
2023-01-10 22:30:00,5.213
2023-01-10 22:45:00,5.223
2023-01-10 23:00:00,5.251
2023-01-10 23:15:00,5.213
2023-01-10 23:30:00,5.27
2023-01-10 23:45:00,5.223
2023-01-11 00:00:00,5.242
2023-01-11 00:15:00,5.261
2023-01-11 00:30:00,5.261
2023-01-11 00:45:00,5.251
2023-01-11 01:00:00,5.26
2023-01-11 01:15:00,5.307
2023-01-11 01:30:00,5.269
2023-01-11 01:45:00,5.259
2023-01-11 02:00:00,5.259
2023-01-11 02:15:00,5.287
2023-01-11 02:30:00,5.269
2023-01-11 02:45:00,5.297
2023-01-11 03:00:00,5.287
2023-01-11 03:15:00,5.306
2023-01-11 03:30:00,5.268
2023-01-11 03:45:00,5.287
2023-01-11 04:00:00,5.277
2023-01-11 04:15:00,5.287
2023-01-11 04:30:00,5.278
2023-01-11 04:45:00,5.268
2023-01-11 05:00:00,5.278
2023-01-11 05:15:00,5.268
2023-01-11 05:30:00,5.268
2023-01-11 05:45:00,5.297
2023-01-11 06:00:00,5.287
2023-01-11 06:15:00,5.287
2023-01-11 06:30:00,5.296
2023-01-11 06:45:00,5.277
2023-01-11 07:00:00,5.287
2023-01-11 07:15:00,5.269
2023-01-11 07:30:00,5.259
2023-01-11 07:45:00,5.268
2023-01-11 08:00:00,5.259
2023-01-11 08:15:00,5.296
2023-01-11 08:30:00,5.268
2023-01-11 08:45:00,5.277
2023-01-11 09:00:00,5.296
2023-01-11 09:15:00,5.267
2023-01-11 09:30:00,5.305
2023-01-11 09:45:00,5.305
2023-01-11 10:00:00,5.579
2023-01-11 10:15:00,5.569
2023-01-11 10:30:00,5.625
2023-01-11 10:45:00,5.644
2023-01-11 11:00:00,5.604
2023-01-11 11:15:00,5.642
2023-01-11 11:30:00,5.622
2023-01-11 11:45:00,5.64
2023-01-11 12:00:00,5.582
2023-01-11 12:15:00,5.59
2023-01-11 12:30:00,5.628
2023-01-11 12:45:00,5.656
2023-01-11 13:00:00,5.638
2023-01-11 13:15:00,5.628
2023-01-11 13:30:00,5.674
2023-01-11 13:45:00,5.608
2023-01-11 14:00:00,5.607
2023-01-11 14:15:00,5.587
2023-01-11 14:30:00,5.616
2023-01-11 14:45:00,5.558
2023-01-11 15:00:00,5.548
2023-01-11 15:15:00,5.586
2023-01-11 15:30:00,5.614
2023-01-11 15:45:00,5.605
2023-01-11 16:00:00,5.501
2023-01-11 16:15:00,5.606
2023-01-11 16:30:00,5.504
2023-01-11 16:45:00,5.584
2023-01-11 17:00:00,5.615
2023-01-11 17:15:00,5.616
2023-01-11 17:30:00,5.579
2023-01-11 17:45:00,5.532
2023-01-11 18:00:00,5.532
2023-01-11 18:15:00,5.57
2023-01-11 18:30:00,5.561
2023-01-11 18:45:00,5.542
2023-01-11 19:00:00,5.59
2023-01-11 19:15:00,5.561
2023-01-11 19:30:00,5.59
2023-01-11 19:45:00,5.6
2023-01-11 20:00:00,5.552
2023-01-11 20:15:00,5.599
2023-01-11 20:30:00,5.562
2023-01-11 20:45:00,5.533
2023-01-11 21:00:00,5.562
2023-01-11 21:15:00,5.514
2023-01-11 21:30:00,5.524
2023-01-11 21:45:00,5.59
2023-01-11 22:00:00,5.561
2023-01-11 22:15:00,5.59
2023-01-11 22:30:00,5.589
2023-01-11 22:45:00,5.599
2023-01-11 23:00:00,5.589
2023-01-11 23:15:00,5.579
2023-01-11 23:30:00,5.646
2023-01-11 23:45:00,5.551
2023-01-12 00:00:00,5.617
2023-01-12 00:15:00,5.645
2023-01-12 00:30:00,5.665
2023-01-12 00:45:00,5.598
2023-01-12 01:00:00,5.617
2023-01-12 01:15:00,5.674
2023-01-12 01:30:00,5.56
2023-01-12 01:45:00,5.627
2023-01-12 02:00:00,5.551
2023-01-12 02:15:00,5.579
2023-01-12 02:30:00,5.598
2023-01-12 02:45:00,5.579
2023-01-12 03:00:00,5.636
2023-01-12 03:15:00,5.626
2023-01-12 03:30:00,5.569
2023-01-12 03:45:00,5.588
2023-01-12 04:00:00,5.626
2023-01-12 04:15:00,5.617
2023-01-12 04:30:00,5.635
2023-01-12 04:45:00,5.635
2023-01-12 05:00:00,5.645
2023-01-12 05:15:00,5.617
2023-01-12 05:30:00,5.57
2023-01-12 05:45:00,5.569
2023-01-12 06:00:00,5.607
2023-01-12 06:15:00,5.682
2023-01-12 06:30:00,5.625
2023-01-12 06:45:00,5.597
2023-01-12 07:00:00,5.597
2023-01-12 07:15:00,5.569
2023-01-12 07:30:00,5.635
2023-01-12 07:45:00,5.588
2023-01-12 08:00:00,5.597
2023-01-12 08:15:00,5.598
2023-01-12 08:30:00,5.607
2023-01-12 08:45:00,5.616
2023-01-12 09:00:00,5.578
2023-01-12 09:15:00,5.597
2023-01-12 09:30:00,5.597
2023-01-12 09:45:00,5.578
2023-01-12 10:00:00,5.585
2023-01-12 10:15:00,5.577
2023-01-12 10:30:00,5.633
2023-01-12 10:45:00,5.566
2023-01-12 11:00:00,5.623
2023-01-12 11:15:00,5.566
2023-01-12 11:30:00,5.539
2023-01-12 11:45:00,5.547
2023-01-12 12:00:00,5.51
2023-01-12 12:15:00,5.548
2023-01-12 12:30:00,5.519
2023-01-12 12:45:00,5.489
2023-01-12 13:00:00,5.517
2023-01-12 13:15:00,5.506
2023-01-12 13:30:00,5.489
2023-01-12 13:45:00,5.459
2023-01-12 14:00:00,5.497
2023-01-12 14:15:00,5.498
2023-01-12 14:30:00,5.451
2023-01-12 14:45:00,5.423
2023-01-12 15:00:00,5.461
2023-01-12 15:15:00,5.442
2023-01-12 15:30:00,5.472
2023-01-12 15:45:00,5.423
2023-01-12 16:00:00,5.396
2023-01-12 16:15:00,5.396
2023-01-12 16:30:00,5.368
2023-01-12 16:45:00,5.376
2023-01-12 17:00:00,5.421
2023-01-12 17:15:00,5.385
2023-01-12 17:30:00,5.357
2023-01-12 17:45:00,5.403
2023-01-12 18:00:00,5.404
2023-01-12 18:15:00,5.348
2023-01-12 18:30:00,5.34
2023-01-12 18:45:00,5.358
2023-01-12 19:00:00,5.32
2023-01-12 19:15:00,5.311
2023-01-12 19:30:00,5.292
2023-01-12 19:45:00,5.28
2023-01-12 20:00:00,5.272
2023-01-12 20:15:00,5.301
2023-01-12 20:30:00,5.301
2023-01-12 20:45:00,5.301
2023-01-12 21:00:00,5.33
2023-01-12 21:15:00,5.26
2023-01-12 21:30:00,5.31
2023-01-12 21:45:00,5.253
2023-01-12 22:00:00,5.291
2023-01-12 22:15:00,5.225
2023-01-12 22:30:00,5.216
2023-01-12 22:45:00,5.263
2023-01-12 23:00:00,5.236
2023-01-12 23:15:00,5.19
2023-01-12 23:30:00,5.171
2023-01-12 23:45:00,5.218
2023-01-13 00:00:00,5.227
2023-01-13 00:15:00,5.197
2023-01-13 00:30:00,5.217
2023-01-13 00:45:00,5.218
2023-01-13 01:00:00,5.208
2023-01-13 01:15:00,5.217
2023-01-13 01:30:00,5.246
2023-01-13 01:45:00,5.256
2023-01-13 02:00:00,5.246
2023-01-13 02:15:00,5.189
2023-01-13 02:30:00,5.256
2023-01-13 02:45:00,5.218
2023-01-13 03:00:00,5.199
2023-01-13 03:15:00,5.263
2023-01-13 03:30:00,5.265
2023-01-13 03:45:00,5.209
2023-01-13 04:00:00,5.236
2023-01-13 04:15:00,5.283
2023-01-13 04:30:00,5.217
2023-01-13 04:45:00,5.254
2023-01-13 05:00:00,5.226
2023-01-13 05:15:00,5.292
2023-01-13 05:30:00,5.283
2023-01-13 05:45:00,5.255
2023-01-13 06:00:00,5.265
2023-01-13 06:15:00,5.303
2023-01-13 06:30:00,5.273
2023-01-13 06:45:00,5.321
2023-01-13 07:00:00,5.329
2023-01-13 07:15:00,5.309
2023-01-13 07:30:00,5.318
2023-01-13 07:45:00,5.253
2023-01-13 08:00:00,5.3
2023-01-13 08:15:00,5.253
2023-01-13 08:30:00,5.299
2023-01-13 08:45:00,5.281
2023-01-13 09:00:00,5.309
2023-01-13 09:15:00,5.299
2023-01-13 09:30:00,5.318
2023-01-13 09:45:00,5.325
2023-01-13 10:00:00,5.286
2023-01-13 10:15:00,5.314
2023-01-13 10:30:00,5.305
2023-01-13 10:45:00,5.37
2023-01-13 11:00:00,5.342
2023-01-13 11:15:00,5.398
2023-01-13 11:30:00,5.331
2023-01-13 11:45:00,5.397
2023-01-13 12:00:00,5.369
2023-01-13 12:15:00,5.321
2023-01-13 12:30:00,5.283
2023-01-13 12:45:00,5.387
2023-01-13 13:00:00,5.292
2023-01-13 13:15:00,5.349
2023-01-13 13:30:00,5.34
2023-01-13 13:45:00,5.322
2023-01-13 14:00:00,5.34
2023-01-13 14:15:00,5.255
2023-01-13 14:30:00,5.312
2023-01-13 14:45:00,5.293
2023-01-13 15:00:00,5.265
2023-01-13 15:15:00,5.235
2023-01-13 15:30:00,5.207
2023-01-13 15:45:00,5.321
2023-01-13 16:00:00,5.218
2023-01-13 16:15:00,5.266
2023-01-13 16:30:00,5.219
2023-01-13 16:45:00,5.19
2023-01-13 17:00:00,5.19
2023-01-13 17:15:00,5.247
2023-01-13 17:30:00,5.258
2023-01-13 17:45:00,5.285
2023-01-13 18:00:00,5.201
2023-01-13 18:15:00,5.266
2023-01-13 18:30:00,5.181
2023-01-13 18:45:00,5.247
2023-01-13 19:00:00,5.257
2023-01-13 19:15:00,5.239
2023-01-13 19:30:00,5.249
2023-01-13 19:45:00,5.248
2023-01-13 20:00:00,5.315
2023-01-13 20:15:00,5.298
2023-01-13 20:30:00,5.231
2023-01-13 20:45:00,5.242
2023-01-13 21:00:00,5.233
2023-01-13 21:15:00,5.223
2023-01-13 21:30:00,5.241
2023-01-13 21:45:00,5.287
2023-01-13 22:00:00,5.23
2023-01-13 22:15:00,5.221
2023-01-13 22:30:00,5.305
2023-01-13 22:45:00,5.229
2023-01-13 23:00:00,5.231
2023-01-13 23:15:00,5.231
2023-01-13 23:30:00,5.242
2023-01-13 23:45:00,5.232
2023-01-14 00:00:00,5.232
2023-01-14 00:15:00,5.252
2023-01-14 00:30:00,5.261
2023-01-14 00:45:00,5.234
2023-01-14 01:00:00,5.232
2023-01-14 01:15:00,5.214
2023-01-14 01:30:00,5.31
2023-01-14 01:45:00,5.223
2023-01-14 02:00:00,5.225
2023-01-14 02:15:00,5.234
2023-01-14 02:30:00,5.292
2023-01-14 02:45:00,5.283
2023-01-14 03:00:00,5.292
2023-01-14 03:15:00,5.263
2023-01-14 03:30:00,5.32
2023-01-14 03:45:00,5.282
2023-01-14 04:00:00,5.292
2023-01-14 04:15:00,5.283
2023-01-14 04:30:00,5.293
2023-01-14 04:45:00,5.283
2023-01-14 05:00:00,5.302
2023-01-14 05:15:00,5.217
2023-01-14 05:30:00,5.311
2023-01-14 05:45:00,5.291
2023-01-14 06:00:00,5.292
2023-01-14 06:15:00,5.225
2023-01-14 06:30:00,5.3
2023-01-14 06:45:00,5.282
2023-01-14 07:00:00,5.264
2023-01-14 07:15:00,5.263
2023-01-14 07:30:00,5.292
2023-01-14 07:45:00,5.273
2023-01-14 08:00:00,5.273
2023-01-14 08:15:00,5.225
2023-01-14 08:30:00,5.244
2023-01-14 08:45:00,5.254
2023-01-14 09:00:00,5.262
2023-01-14 09:15:00,5.318
2023-01-14 09:30:00,5.318
2023-01-14 09:45:00,5.297
2023-01-14 10:00:00,5.345
2023-01-14 10:15:00,5.314
2023-01-14 10:30:00,5.247
2023-01-14 10:45:00,5.246
2023-01-14 11:00:00,5.35
2023-01-14 11:15:00,5.331
2023-01-14 11:30:00,5.368
2023-01-14 11:45:00,5.235
2023-01-14 12:00:00,5.234
2023-01-14 12:15:00,5.261
2023-01-14 12:30:00,5.232
2023-01-14 12:45:00,5.213
2023-01-14 13:00:00,5.211
2023-01-14 13:15:00,5.212
2023-01-14 13:30:00,5.25
2023-01-14 13:45:00,5.312
2023-01-14 14:00:00,5.282
2023-01-14 14:15:00,5.274
2023-01-14 14:30:00,5.37
2023-01-14 14:45:00,5.33
2023-01-14 15:00:00,5.367
2023-01-14 15:15:00,5.264
2023-01-14 15:30:00,5.264
2023-01-14 15:45:00,5.332
2023-01-14 16:00:00,5.323
2023-01-14 16:15:00,5.195
2023-01-14 16:30:00,5.272
2023-01-14 16:45:00,5.161
2023-01-14 17:00:00,5.267
2023-01-14 17:15:00,5.185
2023-01-14 17:30:00,5.29
2023-01-14 17:45:00,5.234
2023-01-14 18:00:00,5.253
2023-01-14 18:15:00,5.311
2023-01-14 18:30:00,5.331
2023-01-14 18:45:00,5.33
2023-01-14 19:00:00,5.349
2023-01-14 19:15:00,5.348
2023-01-14 19:30:00,5.317
2023-01-14 19:45:00,5.232
2023-01-14 20:00:00,5.29
2023-01-14 20:15:00,5.308
2023-01-14 20:30:00,5.307
2023-01-14 20:45:00,5.26
2023-01-14 21:00:00,5.28
2023-01-14 21:15:00,5.299
2023-01-14 21:30:00,5.317
2023-01-14 21:45:00,5.319
2023-01-14 22:00:00,5.337
2023-01-14 22:15:00,5.3
2023-01-14 22:30:00,5.338
2023-01-14 22:45:00,5.31
2023-01-14 23:00:00,5.27
2023-01-14 23:15:00,5.367
2023-01-14 23:30:00,5.301
2023-01-14 23:45:00,5.368
2023-01-15 00:00:00,5.31
2023-01-15 00:15:00,5.34
2023-01-15 00:30:00,5.283
2023-01-15 00:45:00,5.302
2023-01-15 01:00:00,5.293
2023-01-15 01:15:00,5.312
2023-01-15 01:30:00,5.36
2023-01-15 01:45:00,5.331
2023-01-15 02:00:00,5.376
2023-01-15 02:15:00,5.328
2023-01-15 02:30:00,5.347
2023-01-15 02:45:00,5.356
2023-01-15 03:00:00,5.302
2023-01-15 03:15:00,5.274
2023-01-15 03:30:00,5.339
2023-01-15 03:45:00,5.294
2023-01-15 04:00:00,5.304
2023-01-15 04:15:00,5.295
2023-01-15 04:30:00,5.342
2023-01-15 04:45:00,5.296
2023-01-15 05:00:00,5.371
2023-01-15 05:15:00,5.342
2023-01-15 05:30:00,5.343
2023-01-15 05:45:00,5.361
2023-01-15 06:00:00,5.362
2023-01-15 06:15:00,5.286
2023-01-15 06:30:00,5.315
2023-01-15 06:45:00,5.325
2023-01-15 07:00:00,5.315
2023-01-15 07:15:00,5.325
2023-01-15 07:30:00,5.353
2023-01-15 07:45:00,5.381
2023-01-15 08:00:00,5.343
2023-01-15 08:15:00,5.334
2023-01-15 08:30:00,5.381
2023-01-15 08:45:00,5.333
2023-01-15 09:00:00,5.305
2023-01-15 09:15:00,5.352
2023-01-15 09:30:00,5.389
2023-01-15 09:45:00,5.312
2023-01-15 10:00:00,5.329
2023-01-15 10:15:00,5.327
2023-01-15 10:30:00,5.381
2023-01-15 10:45:00,5.418
2023-01-15 11:00:00,5.323
2023-01-15 11:15:00,5.436
2023-01-15 11:30:00,5.331
2023-01-15 11:45:00,5.349
2023-01-15 12:00:00,5.377
2023-01-15 12:15:00,5.358
2023-01-15 12:30:00,5.385
2023-01-15 12:45:00,5.432
2023-01-15 13:00:00,5.422
2023-01-15 13:15:00,5.296
2023-01-15 13:30:00,5.314
2023-01-15 13:45:00,5.327
2023-01-15 14:00:00,5.309
2023-01-15 14:15:00,5.357
2023-01-15 14:30:00,5.358
2023-01-15 14:45:00,5.33
2023-01-15 15:00:00,5.265
2023-01-15 15:15:00,5.274
2023-01-15 15:30:00,5.379
2023-01-15 15:45:00,5.286
2023-01-15 16:00:00,5.325
2023-01-15 16:15:00,5.39
2023-01-15 16:30:00,5.334
2023-01-15 16:45:00,5.346
2023-01-15 17:00:00,5.347
2023-01-15 17:15:00,5.349
2023-01-15 17:30:00,5.339
2023-01-15 17:45:00,5.331
2023-01-15 18:00:00,5.341
2023-01-15 18:15:00,5.332
2023-01-15 18:30:00,5.37
2023-01-15 18:45:00,5.314
2023-01-15 19:00:00,5.333
2023-01-15 19:15:00,5.351
2023-01-15 19:30:00,5.333
2023-01-15 19:45:00,5.333
2023-01-15 20:00:00,5.314
2023-01-15 20:15:00,5.38
2023-01-15 20:30:00,5.323
2023-01-15 20:45:00,5.352
2023-01-15 21:00:00,5.371
2023-01-15 21:15:00,5.39
2023-01-15 21:30:00,5.361
2023-01-15 21:45:00,5.333
2023-01-15 22:00:00,5.352
2023-01-15 22:15:00,5.352
2023-01-15 22:30:00,5.333
2023-01-15 22:45:00,5.295
2023-01-15 23:00:00,5.333
2023-01-15 23:15:00,5.361
2023-01-15 23:30:00,5.323
2023-01-15 23:45:00,5.323
2023-01-16 00:00:00,5.352
2023-01-16 00:15:00,5.38
2023-01-16 00:30:00,5.38
2023-01-16 00:45:00,5.332
2023-01-16 01:00:00,5.389
2023-01-16 01:15:00,5.38
2023-01-16 01:30:00,5.38
2023-01-16 01:45:00,5.351
2023-01-16 02:00:00,5.389
2023-01-16 02:15:00,5.361
2023-01-16 02:30:00,5.314
2023-01-16 02:45:00,5.342
2023-01-16 03:00:00,5.324
2023-01-16 03:15:00,5.343
2023-01-16 03:30:00,5.353
2023-01-16 03:45:00,5.334
2023-01-16 04:00:00,5.4
2023-01-16 04:15:00,5.353
2023-01-16 04:30:00,5.343
2023-01-16 04:45:00,5.315
2023-01-16 05:00:00,5.381
2023-01-16 05:15:00,5.362
2023-01-16 05:30:00,5.391
2023-01-16 05:45:00,5.343
2023-01-16 06:00:00,5.353
2023-01-16 06:15:00,5.344
2023-01-16 06:30:00,5.353
2023-01-16 06:45:00,5.381
2023-01-16 07:00:00,5.372
2023-01-16 07:15:00,5.391
2023-01-16 07:30:00,5.334
2023-01-16 07:45:00,5.324
2023-01-16 08:00:00,5.306
2023-01-16 08:15:00,5.363
2023-01-16 08:30:00,5.401
2023-01-16 08:45:00,5.326
2023-01-16 09:00:00,5.326
2023-01-16 09:15:00,5.401
2023-01-16 09:30:00,5.373
2023-01-16 09:45:00,5.409
2023-01-16 10:00:00,5.399
2023-01-16 10:15:00,5.369
2023-01-16 10:30:00,5.412
2023-01-16 10:45:00,5.371
2023-01-16 11:00:00,5.454
2023-01-16 11:15:00,5.425
2023-01-16 11:30:00,5.442
2023-01-16 11:45:00,5.452
2023-01-16 12:00:00,5.386
2023-01-16 12:15:00,5.396
2023-01-16 12:30:00,5.433
2023-01-16 12:45:00,5.415
2023-01-16 13:00:00,5.434
2023-01-16 13:15:00,5.416
2023-01-16 13:30:00,5.445
2023-01-16 13:45:00,5.369
2023-01-16 14:00:00,5.454
2023-01-16 14:15:00,5.463
2023-01-16 14:30:00,5.396
2023-01-16 14:45:00,5.452
2023-01-16 15:00:00,5.386
2023-01-16 15:15:00,5.424
2023-01-16 15:30:00,5.347
2023-01-16 15:45:00,5.451
2023-01-16 16:00:00,5.48
2023-01-16 16:15:00,5.367
2023-01-16 16:30:00,5.349
2023-01-16 16:45:00,5.378
2023-01-16 17:00:00,5.352
2023-01-16 17:15:00,5.421
2023-01-16 17:30:00,5.443
2023-01-16 17:45:00,5.38
2023-01-16 18:00:00,5.428
2023-01-16 18:15:00,5.363
2023-01-16 18:30:00,5.43
2023-01-16 18:45:00,5.354
2023-01-16 19:00:00,5.421
2023-01-16 19:15:00,5.421
2023-01-16 19:30:00,5.479
2023-01-16 19:45:00,5.47
2023-01-16 20:00:00,5.451
2023-01-16 20:15:00,5.452
2023-01-16 20:30:00,5.49
2023-01-16 20:45:00,5.519
2023-01-16 21:00:00,5.538
2023-01-16 21:15:00,5.481
2023-01-16 21:30:00,5.557
2023-01-16 21:45:00,5.585
2023-01-16 22:00:00,5.528
2023-01-16 22:15:00,5.51
2023-01-16 22:30:00,5.5
2023-01-16 22:45:00,5.51
2023-01-16 23:00:00,5.539
2023-01-16 23:15:00,5.567
2023-01-16 23:30:00,5.481
2023-01-16 23:45:00,5.548
2023-01-17 00:00:00,5.577
2023-01-17 00:15:00,5.577
2023-01-17 00:30:00,5.597
2023-01-17 00:45:00,5.54
2023-01-17 01:00:00,5.578
2023-01-17 01:15:00,5.57
2023-01-17 01:30:00,5.532
2023-01-17 01:45:00,5.56
2023-01-17 02:00:00,5.505
2023-01-17 02:15:00,5.496
2023-01-17 02:30:00,5.466
2023-01-17 02:45:00,5.456
2023-01-17 03:00:00,5.476
2023-01-17 03:15:00,5.496
2023-01-17 03:30:00,5.506
2023-01-17 03:45:00,5.545
2023-01-17 04:00:00,5.537
2023-01-17 04:15:00,5.556
2023-01-17 04:30:00,5.498
2023-01-17 04:45:00,5.47
2023-01-17 05:00:00,5.499
2023-01-17 05:15:00,5.471
2023-01-17 05:30:00,5.555
2023-01-17 05:45:00,5.575
2023-01-17 06:00:00,5.519
2023-01-17 06:15:00,5.595
2023-01-17 06:30:00,5.547
2023-01-17 06:45:00,5.556
2023-01-17 07:00:00,5.544
2023-01-17 07:15:00,5.559
2023-01-17 07:30:00,5.501
2023-01-17 07:45:00,5.576
2023-01-17 08:00:00,5.537
2023-01-17 08:15:00,5.517
2023-01-17 08:30:00,5.507
2023-01-17 08:45:00,5.526
2023-01-17 09:00:00,5.554
2023-01-17 09:15:00,5.525
2023-01-17 09:30:00,5.553
2023-01-17 09:45:00,5.515
2023-01-17 10:00:00,5.515
2023-01-17 10:15:00,5.524
2023-01-17 10:30:00,5.571
2023-01-17 10:45:00,5.504
2023-01-17 11:00:00,5.494
2023-01-17 11:15:00,5.494
2023-01-17 11:30:00,5.522
2023-01-17 11:45:00,5.578
2023-01-17 12:00:00,5.567
2023-01-17 12:15:00,5.537
2023-01-17 12:30:00,5.544
2023-01-17 12:45:00,5.533
2023-01-17 13:00:00,5.572
2023-01-17 13:15:00,5.533
2023-01-17 13:30:00,5.555
2023-01-17 13:45:00,5.546
2023-01-17 14:00:00,5.471
2023-01-17 14:15:00,5.545
2023-01-17 14:30:00,5.538
2023-01-17 14:45:00,5.491
2023-01-17 15:00:00,5.517
2023-01-17 15:15:00,5.486
2023-01-17 15:30:00,5.457
2023-01-17 15:45:00,5.495
2023-01-17 16:00:00,5.552
2023-01-17 16:15:00,5.515
2023-01-17 16:30:00,5.479
2023-01-17 16:45:00,5.47
2023-01-17 17:00:00,5.472
2023-01-17 17:15:00,5.502
2023-01-17 17:30:00,5.494
2023-01-17 17:45:00,5.494
2023-01-17 18:00:00,5.532
2023-01-17 18:15:00,5.57
2023-01-17 18:30:00,5.551
2023-01-17 18:45:00,5.486
2023-01-17 19:00:00,5.505
2023-01-17 19:15:00,5.523
2023-01-17 19:30:00,5.448
2023-01-17 19:45:00,5.477
2023-01-17 20:00:00,5.486
2023-01-17 20:15:00,5.515
2023-01-17 20:30:00,5.524
2023-01-17 20:45:00,5.458
2023-01-17 21:00:00,5.459
2023-01-17 21:15:00,5.44
2023-01-17 21:30:00,5.507
2023-01-17 21:45:00,5.498
2023-01-17 22:00:00,5.423
2023-01-17 22:15:00,5.528
2023-01-17 22:30:00,5.49
2023-01-17 22:45:00,5.565
2023-01-17 23:00:00,5.594
2023-01-17 23:15:00,5.575
2023-01-17 23:30:00,5.575
2023-01-17 23:45:00,5.498
2023-01-18 00:00:00,5.536
2023-01-18 00:15:00,5.527
2023-01-18 00:30:00,5.565
2023-01-18 00:45:00,5.527
2023-01-18 01:00:00,5.518
2023-01-18 01:15:00,5.565
2023-01-18 01:30:00,5.603
2023-01-18 01:45:00,5.527
2023-01-18 02:00:00,5.536
2023-01-18 02:15:00,5.546
2023-01-18 02:30:00,5.508
2023-01-18 02:45:00,5.584
2023-01-18 03:00:00,5.622
2023-01-18 03:15:00,5.518
2023-01-18 03:30:00,5.527
2023-01-18 03:45:00,5.545
2023-01-18 04:00:00,5.555
2023-01-18 04:15:00,5.592
2023-01-18 04:30:00,5.592
2023-01-18 04:45:00,5.583
2023-01-18 05:00:00,5.573
2023-01-18 05:15:00,5.649
2023-01-18 05:30:00,5.573
2023-01-18 05:45:00,5.573
2023-01-18 06:00:00,5.554
2023-01-18 06:15:00,5.611
2023-01-18 06:30:00,5.593
2023-01-18 06:45:00,5.555
2023-01-18 07:00:00,5.573
2023-01-18 07:15:00,5.545
2023-01-18 07:30:00,5.63
2023-01-18 07:45:00,5.611
2023-01-18 08:00:00,5.526
2023-01-18 08:15:00,5.582
2023-01-18 08:30:00,5.611
2023-01-18 08:45:00,5.544
2023-01-18 09:00:00,5.516
2023-01-18 09:15:00,5.61
2023-01-18 09:30:00,5.563
2023-01-18 09:45:00,5.581
2023-01-18 10:00:00,5.628
2023-01-18 10:15:00,5.504
2023-01-18 10:30:00,5.519
2023-01-18 10:45:00,5.544
2023-01-18 11:00:00,5.583
2023-01-18 11:15:00,5.593
2023-01-18 11:30:00,5.584
2023-01-18 11:45:00,5.515
2023-01-18 12:00:00,5.6
2023-01-18 12:15:00,5.552
2023-01-18 12:30:00,5.522
2023-01-18 12:45:00,5.579
2023-01-18 13:00:00,5.578
2023-01-18 13:15:00,5.53
2023-01-18 13:30:00,5.483
2023-01-18 13:45:00,5.511
2023-01-18 14:00:00,5.492
2023-01-18 14:15:00,5.597
2023-01-18 14:30:00,5.476
2023-01-18 14:45:00,5.551
2023-01-18 15:00:00,5.469
2023-01-18 15:15:00,5.48
2023-01-18 15:30:00,5.507
2023-01-18 15:45:00,5.565
2023-01-18 16:00:00,5.482
2023-01-18 16:15:00,5.464
2023-01-18 16:30:00,5.483
2023-01-18 16:45:00,5.559
2023-01-18 17:00:00,5.598
2023-01-18 17:15:00,5.597
2023-01-18 17:30:00,5.551
2023-01-18 17:45:00,5.532
2023-01-18 18:00:00,5.541
2023-01-18 18:15:00,5.522
2023-01-18 18:30:00,5.598
2023-01-18 18:45:00,5.57
2023-01-18 19:00:00,5.561
2023-01-18 19:15:00,5.579
2023-01-18 19:30:00,5.514
2023-01-18 19:45:00,5.58
2023-01-18 20:00:00,5.533
2023-01-18 20:15:00,5.57
2023-01-18 20:30:00,5.504
2023-01-18 20:45:00,5.514
2023-01-18 21:00:00,5.533
2023-01-18 21:15:00,5.514
2023-01-18 21:30:00,5.571
2023-01-18 21:45:00,5.524
2023-01-18 22:00:00,5.562
2023-01-18 22:15:00,5.571
2023-01-18 22:30:00,5.59
2023-01-18 22:45:00,5.543
2023-01-18 23:00:00,5.533
2023-01-18 23:15:00,5.581
2023-01-18 23:30:00,5.6
2023-01-18 23:45:00,5.552
2023-01-19 00:00:00,5.552
2023-01-19 00:15:00,5.552
2023-01-19 00:30:00,5.571
2023-01-19 00:45:00,5.591
2023-01-19 01:00:00,5.609
2023-01-19 01:15:00,5.59
2023-01-19 01:30:00,5.524
2023-01-19 01:45:00,5.6
2023-01-19 02:00:00,5.572
2023-01-19 02:15:00,5.591
2023-01-19 02:30:00,5.59
2023-01-19 02:45:00,5.591
2023-01-19 03:00:00,5.581
2023-01-19 03:15:00,5.571
2023-01-19 03:30:00,5.533
2023-01-19 03:45:00,5.562
2023-01-19 04:00:00,5.581
2023-01-19 04:15:00,5.534
2023-01-19 04:30:00,5.544
2023-01-19 04:45:00,5.582
2023-01-19 05:00:00,5.534
2023-01-19 05:15:00,5.582
2023-01-19 05:30:00,5.61
2023-01-19 05:45:00,5.563
2023-01-19 06:00:00,5.591
2023-01-19 06:15:00,5.535
2023-01-19 06:30:00,5.611
2023-01-19 06:45:00,5.554
2023-01-19 07:00:00,5.525
2023-01-19 07:15:00,5.591
2023-01-19 07:30:00,5.582
2023-01-19 07:45:00,5.526
2023-01-19 08:00:00,5.601
2023-01-19 08:15:00,5.535
2023-01-19 08:30:00,5.592
2023-01-19 08:45:00,5.592
2023-01-19 09:00:00,5.601
2023-01-19 09:15:00,5.563
2023-01-19 09:30:00,5.591
2023-01-19 09:45:00,5.581
2023-01-19 10:00:00,5.571
2023-01-19 10:15:00,5.561
2023-01-19 10:30:00,5.588
2023-01-19 10:45:00,5.558
2023-01-19 11:00:00,5.567
2023-01-19 11:15:00,5.604
2023-01-19 11:30:00,5.537
2023-01-19 11:45:00,5.604
2023-01-19 12:00:00,5.624
2023-01-19 12:15:00,5.653
2023-01-19 12:30:00,5.644
2023-01-19 12:45:00,5.644
2023-01-19 13:00:00,5.612
2023-01-19 13:15:00,5.526
2023-01-19 13:30:00,5.59
2023-01-19 13:45:00,5.617
2023-01-19 14:00:00,5.523
2023-01-19 14:15:00,5.533
2023-01-19 14:30:00,5.518
2023-01-19 14:45:00,5.492
2023-01-19 15:00:00,5.54
2023-01-19 15:15:00,5.559
2023-01-19 15:30:00,5.55
2023-01-19 15:45:00,5.446
2023-01-19 16:00:00,5.484
2023-01-19 16:15:00,5.541
2023-01-19 16:30:00,5.513
2023-01-19 16:45:00,5.561
2023-01-19 17:00:00,5.467
2023-01-19 17:15:00,5.542
2023-01-19 17:30:00,5.495
2023-01-19 17:45:00,5.58
2023-01-19 18:00:00,5.581
2023-01-19 18:15:00,5.505
2023-01-19 18:30:00,5.59
2023-01-19 18:45:00,5.515
2023-01-19 19:00:00,5.552
2023-01-19 19:15:00,5.619
2023-01-19 19:30:00,5.534
2023-01-19 19:45:00,5.534
2023-01-19 20:00:00,5.581
2023-01-19 20:15:00,5.61
2023-01-19 20:30:00,5.572
2023-01-19 20:45:00,5.515
2023-01-19 21:00:00,5.572
2023-01-19 21:15:00,5.572
2023-01-19 21:30:00,5.506
2023-01-19 21:45:00,5.553
2023-01-19 22:00:00,5.573
2023-01-19 22:15:00,5.592
2023-01-19 22:30:00,5.564
2023-01-19 22:45:00,5.611
2023-01-19 23:00:00,5.517
2023-01-19 23:15:00,5.517
2023-01-19 23:30:00,5.555
2023-01-19 23:45:00,5.508
2023-01-20 00:00:00,5.641
2023-01-20 00:15:00,5.613
2023-01-20 00:30:00,5.614
2023-01-20 00:45:00,5.661
2023-01-20 01:00:00,5.653
2023-01-20 01:15:00,5.625
2023-01-20 01:30:00,5.596
2023-01-20 01:45:00,5.625
2023-01-20 02:00:00,5.682
2023-01-20 02:15:00,5.636
2023-01-20 02:30:00,5.685
2023-01-20 02:45:00,5.656
2023-01-20 03:00:00,5.609
2023-01-20 03:15:00,5.571
2023-01-20 03:30:00,5.638
2023-01-20 03:45:00,5.601
2023-01-20 04:00:00,5.668
2023-01-20 04:15:00,5.554
2023-01-20 04:30:00,5.601
2023-01-20 04:45:00,5.6
2023-01-20 05:00:00,5.65
2023-01-20 05:15:00,5.669
2023-01-20 05:30:00,5.669
2023-01-20 05:45:00,5.584
2023-01-20 06:00:00,5.584
2023-01-20 06:15:00,5.66
2023-01-20 06:30:00,5.647
2023-01-20 06:45:00,5.628
2023-01-20 07:00:00,5.589
2023-01-20 07:15:00,5.627
2023-01-20 07:30:00,5.597
2023-01-20 07:45:00,5.625
2023-01-20 08:00:00,5.672
2023-01-20 08:15:00,5.662
2023-01-20 08:30:00,5.71
2023-01-20 08:45:00,5.624
2023-01-20 09:00:00,5.652
2023-01-20 09:15:00,5.604
2023-01-20 09:30:00,5.556
2023-01-20 09:45:00,5.593
2023-01-20 10:00:00,5.563
2023-01-20 10:15:00,5.58
2023-01-20 10:30:00,5.634
2023-01-20 10:45:00,5.583
2023-01-20 11:00:00,5.665
2023-01-20 11:15:00,5.568
2023-01-20 11:30:00,5.652
2023-01-20 11:45:00,5.67
2023-01-20 12:00:00,5.612
2023-01-20 12:15:00,5.612
2023-01-20 12:30:00,5.668
2023-01-20 12:45:00,5.659
2023-01-20 13:00:00,5.697
2023-01-20 13:15:00,5.564
2023-01-20 13:30:00,5.668
2023-01-20 13:45:00,5.668
2023-01-20 14:00:00,5.583
2023-01-20 14:15:00,5.601
2023-01-20 14:30:00,5.554
2023-01-20 14:45:00,5.573
2023-01-20 15:00:00,5.668
2023-01-20 15:15:00,5.648
2023-01-20 15:30:00,5.659
2023-01-20 15:45:00,5.631
2023-01-20 16:00:00,5.614
2023-01-20 16:15:00,5.663
2023-01-20 16:30:00,5.58
2023-01-20 16:45:00,5.572
2023-01-20 17:00:00,5.5
2023-01-20 17:15:00,5.569
2023-01-20 17:30:00,5.534
2023-01-20 17:45:00,5.554
2023-01-20 18:00:00,5.508
2023-01-20 18:15:00,5.518
2023-01-20 18:30:00,5.594
2023-01-20 18:45:00,5.566
2023-01-20 19:00:00,5.519
2023-01-20 19:15:00,5.718
2023-01-20 19:30:00,5.709
2023-01-20 19:45:00,5.624
2023-01-20 20:00:00,5.671
2023-01-20 20:15:00,5.671
2023-01-20 20:30:00,5.624
2023-01-20 20:45:00,5.671
2023-01-20 21:00:00,5.662
2023-01-20 21:15:00,5.645
2023-01-20 21:30:00,5.596
2023-01-20 21:45:00,5.643
2023-01-20 22:00:00,5.558
2023-01-20 22:15:00,5.643
2023-01-20 22:30:00,5.607
2023-01-20 22:45:00,5.663
2023-01-20 23:00:00,5.643
2023-01-20 23:15:00,5.569
2023-01-20 23:30:00,5.645
2023-01-20 23:45:00,5.654
2023-01-21 00:00:00,5.683
2023-01-21 00:15:00,5.581
2023-01-21 00:30:00,5.591
2023-01-21 00:45:00,5.619
2023-01-21 01:00:00,5.684
2023-01-21 01:15:00,5.703
2023-01-21 01:30:00,5.713
2023-01-21 01:45:00,5.589
2023-01-21 02:00:00,5.673
2023-01-21 02:15:00,5.693
2023-01-21 02:30:00,5.589
2023-01-21 02:45:00,5.6
2023-01-21 03:00:00,5.607
2023-01-21 03:15:00,5.627
2023-01-21 03:30:00,5.635
2023-01-21 03:45:00,5.691
2023-01-21 04:00:00,5.691
2023-01-21 04:15:00,5.673
2023-01-21 04:30:00,5.71
2023-01-21 04:45:00,5.644
2023-01-21 05:00:00,5.624
2023-01-21 05:15:00,5.71
2023-01-21 05:30:00,5.692
2023-01-21 05:45:00,5.625
2023-01-21 06:00:00,5.719
2023-01-21 06:15:00,5.681
2023-01-21 06:30:00,5.642
2023-01-21 06:45:00,5.671
2023-01-21 07:00:00,5.643
2023-01-21 07:15:00,5.614
2023-01-21 07:30:00,5.699
2023-01-21 07:45:00,5.718
2023-01-21 08:00:00,5.633
2023-01-21 08:15:00,5.699
2023-01-21 08:30:00,5.595
2023-01-21 08:45:00,5.594
2023-01-21 09:00:00,5.697
2023-01-21 09:15:00,5.659
2023-01-21 09:30:00,5.659
2023-01-21 09:45:00,5.649
2023-01-21 10:00:00,5.591
2023-01-21 10:15:00,5.619
2023-01-21 10:30:00,5.627
2023-01-21 10:45:00,5.597
2023-01-21 11:00:00,5.607
2023-01-21 11:15:00,5.652
2023-01-21 11:30:00,5.652
2023-01-21 11:45:00,5.605
2023-01-21 12:00:00,5.631
2023-01-21 12:15:00,5.602
2023-01-21 12:30:00,5.571
2023-01-21 12:45:00,5.617
2023-01-21 13:00:00,5.703
2023-01-21 13:15:00,5.579
2023-01-21 13:30:00,5.569
2023-01-21 13:45:00,5.701
2023-01-21 14:00:00,5.711
2023-01-21 14:15:00,5.597
2023-01-21 14:30:00,5.673
2023-01-21 14:45:00,5.607
2023-01-21 15:00:00,5.644
2023-01-21 15:15:00,5.572
2023-01-21 15:30:00,5.716
2023-01-21 15:45:00,5.566
2023-01-21 16:00:00,5.69
2023-01-21 16:15:00,5.643
2023-01-21 16:30:00,5.617
2023-01-21 16:45:00,5.664
2023-01-21 17:00:00,5.589
2023-01-21 17:15:00,5.609
2023-01-21 17:30:00,5.59
2023-01-21 17:45:00,5.571
2023-01-21 18:00:00,5.647
2023-01-21 18:15:00,5.629
2023-01-21 18:30:00,5.667
2023-01-21 18:45:00,5.582
2023-01-21 19:00:00,5.667
2023-01-21 19:15:00,5.62
2023-01-21 19:30:00,5.667
2023-01-21 19:45:00,5.601
2023-01-21 20:00:00,5.676
2023-01-21 20:15:00,5.686
2023-01-21 20:30:00,5.61
2023-01-21 20:45:00,5.619
2023-01-21 21:00:00,5.61
2023-01-21 21:15:00,5.619
2023-01-21 21:30:00,5.61
2023-01-21 21:45:00,5.714
2023-01-21 22:00:00,5.676
2023-01-21 22:15:00,5.686
2023-01-21 22:30:00,5.676
2023-01-21 22:45:00,5.676
2023-01-21 23:00:00,5.666
2023-01-21 23:15:00,5.638
2023-01-21 23:30:00,5.704
2023-01-21 23:45:00,5.619
2023-01-22 00:00:00,5.619
2023-01-22 00:15:00,5.666
2023-01-22 00:30:00,5.628
2023-01-22 00:45:00,5.6
2023-01-22 01:00:00,5.61
2023-01-22 01:15:00,5.648
2023-01-22 01:30:00,5.676
2023-01-22 01:45:00,5.61
2023-01-22 02:00:00,5.619
2023-01-22 02:15:00,5.676
2023-01-22 02:30:00,5.676
2023-01-22 02:45:00,5.686
2023-01-22 03:00:00,5.658
2023-01-22 03:15:00,5.592
2023-01-22 03:30:00,5.639
2023-01-22 03:45:00,5.601
2023-01-22 04:00:00,5.582
2023-01-22 04:15:00,5.592
2023-01-22 04:30:00,5.62
2023-01-22 04:45:00,5.677
2023-01-22 05:00:00,5.677
2023-01-22 05:15:00,5.667
2023-01-22 05:30:00,5.677
2023-01-22 05:45:00,5.677
2023-01-22 06:00:00,5.639
2023-01-22 06:15:00,5.648
2023-01-22 06:30:00,5.63
2023-01-22 06:45:00,5.611
2023-01-22 07:00:00,5.583
2023-01-22 07:15:00,5.658
2023-01-22 07:30:00,5.649
2023-01-22 07:45:00,5.593
2023-01-22 08:00:00,5.574
2023-01-22 08:15:00,5.659
2023-01-22 08:30:00,5.64
2023-01-22 08:45:00,5.659
2023-01-22 09:00:00,5.564
2023-01-22 09:15:00,5.583
2023-01-22 09:30:00,5.583
2023-01-22 09:45:00,5.602
2023-01-22 10:00:00,5.669
2023-01-22 10:15:00,5.583
2023-01-22 10:30:00,5.687
2023-01-22 10:45:00,5.602
2023-01-22 11:00:00,5.621
2023-01-22 11:15:00,5.658
2023-01-22 11:30:00,5.648
2023-01-22 11:45:00,5.648
2023-01-22 12:00:00,5.61
2023-01-22 12:15:00,5.591
2023-01-22 12:30:00,5.629
2023-01-22 12:45:00,5.6
2023-01-22 13:00:00,5.647
2023-01-22 13:15:00,5.694
2023-01-22 13:30:00,5.666
2023-01-22 13:45:00,5.648
2023-01-22 14:00:00,5.61
2023-01-22 14:15:00,5.647
2023-01-22 14:30:00,5.714
2023-01-22 14:45:00,5.647
2023-01-22 15:00:00,5.638
2023-01-22 15:15:00,5.647
2023-01-22 15:30:00,5.647
2023-01-22 15:45:00,5.572
2023-01-22 16:00:00,5.572
2023-01-22 16:15:00,5.648
2023-01-22 16:30:00,5.658
2023-01-22 16:45:00,5.602
2023-01-22 17:00:00,5.592
2023-01-22 17:15:00,5.687
2023-01-22 17:30:00,5.63
2023-01-22 17:45:00,5.612
2023-01-22 18:00:00,5.669
2023-01-22 18:15:00,5.689
2023-01-22 18:30:00,5.651
2023-01-22 18:45:00,5.67
2023-01-22 19:00:00,5.576
2023-01-22 19:15:00,5.66
2023-01-22 19:30:00,5.67
2023-01-22 19:45:00,5.604
2023-01-22 20:00:00,5.632
2023-01-22 20:15:00,5.802
2023-01-22 20:30:00,5.821
2023-01-22 20:45:00,5.765
2023-01-22 21:00:00,5.775
2023-01-22 21:15:00,5.832
2023-01-22 21:30:00,5.709
2023-01-22 21:45:00,5.731
2023-01-22 22:00:00,5.752
2023-01-22 22:15:00,5.781
2023-01-22 22:30:00,5.763
2023-01-22 22:45:00,5.753
2023-01-22 23:00:00,5.741
2023-01-22 23:15:00,5.72
2023-01-22 23:30:00,5.691
2023-01-22 23:45:00,5.775
2023-01-23 00:00:00,5.785
2023-01-23 00:15:00,5.681
2023-01-23 00:30:00,5.699
2023-01-23 00:45:00,5.737
2023-01-23 01:00:00,5.69
2023-01-23 01:15:00,5.67
2023-01-23 01:30:00,5.699
2023-01-23 01:45:00,5.718
2023-01-23 02:00:00,5.699
2023-01-23 02:15:00,5.755
2023-01-23 02:30:00,5.67
2023-01-23 02:45:00,5.717
2023-01-23 03:00:00,5.698
2023-01-23 03:15:00,5.708
2023-01-23 03:30:00,5.708
2023-01-23 03:45:00,5.784
2023-01-23 04:00:00,5.755
2023-01-23 04:15:00,5.793
2023-01-23 04:30:00,5.765
2023-01-23 04:45:00,5.68
2023-01-23 05:00:00,5.785
2023-01-23 05:15:00,5.699
2023-01-23 05:30:00,5.737
2023-01-23 05:45:00,5.699
2023-01-23 06:00:00,5.69
2023-01-23 06:15:00,5.746
2023-01-23 06:30:00,5.784
2023-01-23 06:45:00,5.765
2023-01-23 07:00:00,5.699
2023-01-23 07:15:00,5.67
2023-01-23 07:30:00,5.765
2023-01-23 07:45:00,5.765
2023-01-23 08:00:00,5.67
2023-01-23 08:15:00,5.717
2023-01-23 08:30:00,5.66
2023-01-23 08:45:00,5.755
2023-01-23 09:00:00,5.746
2023-01-23 09:15:00,5.764
2023-01-23 09:30:00,5.698
2023-01-23 09:45:00,5.659
2023-01-23 10:00:00,5.725
2023-01-23 10:15:00,5.687
2023-01-23 10:30:00,5.668
2023-01-23 10:45:00,5.611
2023-01-23 11:00:00,5.611
2023-01-23 11:15:00,5.638
2023-01-23 11:30:00,5.686
2023-01-23 11:45:00,5.676
2023-01-23 12:00:00,5.656
2023-01-23 12:15:00,5.646
2023-01-23 12:30:00,5.609
2023-01-23 12:45:00,5.693
2023-01-23 13:00:00,5.655
2023-01-23 13:15:00,5.674
2023-01-23 13:30:00,5.606
2023-01-23 13:45:00,5.624
2023-01-23 14:00:00,5.602
2023-01-23 14:15:00,5.694
2023-01-23 14:30:00,5.666
2023-01-23 14:45:00,5.591
2023-01-23 15:00:00,5.693
2023-01-23 15:15:00,5.579
2023-01-23 15:30:00,5.673
2023-01-23 15:45:00,5.628
2023-01-23 16:00:00,5.61
2023-01-23 16:15:00,5.622
2023-01-23 16:30:00,5.597
2023-01-23 16:45:00,5.674
2023-01-23 17:00:00,5.637
2023-01-23 17:15:00,5.657
2023-01-23 17:30:00,5.667
2023-01-23 17:45:00,5.696
2023-01-23 18:00:00,5.696
2023-01-23 18:15:00,5.697
2023-01-23 18:30:00,5.593
2023-01-23 18:45:00,5.603
2023-01-23 19:00:00,5.632
2023-01-23 19:15:00,5.614
2023-01-23 19:30:00,5.595
2023-01-23 19:45:00,5.709
2023-01-23 20:00:00,5.738
2023-01-23 20:15:00,5.719
2023-01-23 20:30:00,5.674
2023-01-23 20:45:00,5.758
2023-01-23 21:00:00,5.722
2023-01-23 21:15:00,5.703
2023-01-23 21:30:00,5.694
2023-01-23 21:45:00,5.753
2023-01-23 22:00:00,5.725
2023-01-23 22:15:00,5.678
2023-01-23 22:30:00,5.679
2023-01-23 22:45:00,5.736
2023-01-23 23:00:00,5.736
2023-01-23 23:15:00,5.68
2023-01-23 23:30:00,5.728
2023-01-23 23:45:00,5.661
2023-01-24 00:00:00,5.669
2023-01-24 00:15:00,5.648
2023-01-24 00:30:00,5.745
2023-01-24 00:45:00,5.66
2023-01-24 01:00:00,5.668
2023-01-24 01:15:00,5.733
2023-01-24 01:30:00,5.667
2023-01-24 01:45:00,5.726
2023-01-24 02:00:00,5.698
2023-01-24 02:15:00,5.774
2023-01-24 02:30:00,5.715
2023-01-24 02:45:00,5.754
2023-01-24 03:00:00,5.713
2023-01-24 03:15:00,5.686
2023-01-24 03:30:00,5.668
2023-01-24 03:45:00,5.638
2023-01-24 04:00:00,5.706
2023-01-24 04:15:00,5.668
2023-01-24 04:30:00,5.715
2023-01-24 04:45:00,5.715
2023-01-24 05:00:00,5.675
2023-01-24 05:15:00,5.71
2023-01-24 05:30:00,5.681
2023-01-24 05:45:00,5.737
2023-01-24 06:00:00,5.746
2023-01-24 06:15:00,5.745
2023-01-24 06:30:00,5.736
2023-01-24 06:45:00,5.755
2023-01-24 07:00:00,5.698
2023-01-24 07:15:00,5.764
2023-01-24 07:30:00,5.755
2023-01-24 07:45:00,5.65
2023-01-24 08:00:00,5.67
2023-01-24 08:15:00,5.661
2023-01-24 08:30:00,5.737
2023-01-24 08:45:00,5.727
2023-01-24 09:00:00,5.66
2023-01-24 09:15:00,5.622
2023-01-24 09:30:00,5.574
2023-01-24 09:45:00,5.611
2023-01-24 10:00:00,5.572
2023-01-24 10:15:00,5.59
2023-01-24 10:30:00,5.654
2023-01-24 10:45:00,5.702
2023-01-24 11:00:00,5.701
2023-01-24 11:15:00,5.679
2023-01-24 11:30:00,5.723
2023-01-24 11:45:00,5.664
2023-01-24 12:00:00,5.596
2023-01-24 12:15:00,5.681
2023-01-24 12:30:00,5.605
2023-01-24 12:45:00,5.728
2023-01-24 13:00:00,5.624
2023-01-24 13:15:00,5.71
2023-01-24 13:30:00,5.672
2023-01-24 13:45:00,5.663
2023-01-24 14:00:00,5.702
2023-01-24 14:15:00,5.608
2023-01-24 14:30:00,5.589
2023-01-24 14:45:00,5.627
2023-01-24 15:00:00,5.676
2023-01-24 15:15:00,5.639
2023-01-24 15:30:00,5.622
2023-01-24 15:45:00,5.606
2023-01-24 16:00:00,5.682
2023-01-24 16:15:00,5.607
2023-01-24 16:30:00,5.617
2023-01-24 16:45:00,5.665
2023-01-24 17:00:00,5.617
2023-01-24 17:15:00,5.627
2023-01-24 17:30:00,5.599
2023-01-24 17:45:00,5.619
2023-01-24 18:00:00,5.591
2023-01-24 18:15:00,5.61
2023-01-24 18:30:00,5.61
2023-01-24 18:45:00,5.658
2023-01-24 19:00:00,5.677
2023-01-24 19:15:00,5.677
2023-01-24 19:30:00,5.573
2023-01-24 19:45:00,5.63
2023-01-24 20:00:00,5.63
2023-01-24 20:15:00,5.611
2023-01-24 20:30:00,5.63
2023-01-24 20:45:00,5.687
2023-01-24 21:00:00,5.687
2023-01-24 21:15:00,5.678
2023-01-24 21:30:00,5.611
2023-01-24 21:45:00,5.659
2023-01-24 22:00:00,5.593
2023-01-24 22:15:00,5.631
2023-01-24 22:30:00,5.583
2023-01-24 22:45:00,5.64
2023-01-24 23:00:00,5.659
2023-01-24 23:15:00,5.621
2023-01-24 23:30:00,5.649
2023-01-24 23:45:00,5.687
2023-01-25 00:00:00,5.677
2023-01-25 00:15:00,5.648
2023-01-25 00:30:00,5.611
2023-01-25 00:45:00,5.648
2023-01-25 01:00:00,5.592
2023-01-25 01:15:00,5.601
2023-01-25 01:30:00,5.649
2023-01-25 01:45:00,5.648
2023-01-25 02:00:00,5.591
2023-01-25 02:15:00,5.61
2023-01-25 02:30:00,5.582
2023-01-25 02:45:00,5.648
2023-01-25 03:00:00,5.61
2023-01-25 03:15:00,5.648
2023-01-25 03:30:00,5.601
2023-01-25 03:45:00,5.592
2023-01-25 04:00:00,5.657
2023-01-25 04:15:00,5.591
2023-01-25 04:30:00,5.657
2023-01-25 04:45:00,5.657
2023-01-25 05:00:00,5.667
2023-01-25 05:15:00,5.6
2023-01-25 05:30:00,5.6
2023-01-25 05:45:00,5.666
2023-01-25 06:00:00,5.61
2023-01-25 06:15:00,5.6
2023-01-25 06:30:00,5.657
2023-01-25 06:45:00,5.581
2023-01-25 07:00:00,5.591
2023-01-25 07:15:00,5.686
2023-01-25 07:30:00,5.62
2023-01-25 07:45:00,5.62
2023-01-25 08:00:00,5.563
2023-01-25 08:15:00,5.639
2023-01-25 08:30:00,5.648
2023-01-25 08:45:00,5.582
2023-01-25 09:00:00,5.667
2023-01-25 09:15:00,5.657
2023-01-25 09:30:00,5.638
2023-01-25 09:45:00,5.647
2023-01-25 10:00:00,5.619
2023-01-25 10:15:00,5.58
2023-01-25 10:30:00,5.628
2023-01-25 10:45:00,5.684
2023-01-25 11:00:00,5.599
2023-01-25 11:15:00,5.665
2023-01-25 11:30:00,5.617
2023-01-25 11:45:00,5.616
2023-01-25 12:00:00,5.673
2023-01-25 12:15:00,5.615
2023-01-25 12:30:00,5.624
2023-01-25 12:45:00,5.631
2023-01-25 13:00:00,5.576
2023-01-25 13:15:00,5.603
2023-01-25 13:30:00,5.584
2023-01-25 13:45:00,5.688
2023-01-25 14:00:00,5.64
2023-01-25 14:15:00,5.66
2023-01-25 14:30:00,5.611
2023-01-25 14:45:00,5.593
2023-01-25 15:00:00,5.679
2023-01-25 15:15:00,5.648
2023-01-25 15:30:00,5.676
2023-01-25 15:45:00,5.589
2023-01-25 16:00:00,5.618
2023-01-25 16:15:00,5.668
2023-01-25 16:30:00,5.566
2023-01-25 16:45:00,5.652
2023-01-25 17:00:00,5.568
2023-01-25 17:15:00,5.673
2023-01-25 17:30:00,5.56
2023-01-25 17:45:00,5.579
2023-01-25 18:00:00,5.589
2023-01-25 18:15:00,5.561
2023-01-25 18:30:00,5.618
2023-01-25 18:45:00,5.542
2023-01-25 19:00:00,5.637
2023-01-25 19:15:00,5.58
2023-01-25 19:30:00,5.618
2023-01-25 19:45:00,5.599
2023-01-25 20:00:00,5.58
2023-01-25 20:15:00,5.628
2023-01-25 20:30:00,5.59
2023-01-25 20:45:00,5.589
2023-01-25 21:00:00,5.571
2023-01-25 21:15:00,5.647
2023-01-25 21:30:00,5.637
2023-01-25 21:45:00,5.656
2023-01-25 22:00:00,5.637
2023-01-25 22:15:00,5.618
2023-01-25 22:30:00,5.59
2023-01-25 22:45:00,5.562
2023-01-25 23:00:00,5.638
2023-01-25 23:15:00,5.619
2023-01-25 23:30:00,5.61
2023-01-25 23:45:00,5.601
2023-01-26 00:00:00,5.629
2023-01-26 00:15:00,5.563
2023-01-26 00:30:00,5.62
2023-01-26 00:45:00,5.62
2023-01-26 01:00:00,5.582
2023-01-26 01:15:00,5.639
2023-01-26 01:30:00,5.62
2023-01-26 01:45:00,5.572
2023-01-26 02:00:00,5.582
2023-01-26 02:15:00,5.611
2023-01-26 02:30:00,5.648
2023-01-26 02:45:00,5.583
2023-01-26 03:00:00,5.611
2023-01-26 03:15:00,5.639
2023-01-26 03:30:00,5.582
2023-01-26 03:45:00,5.563
2023-01-26 04:00:00,5.658
2023-01-26 04:15:00,5.649
2023-01-26 04:30:00,5.639
2023-01-26 04:45:00,5.659
2023-01-26 05:00:00,5.677
2023-01-26 05:15:00,5.62
2023-01-26 05:30:00,5.639
2023-01-26 05:45:00,5.658
2023-01-26 06:00:00,5.639
2023-01-26 06:15:00,5.659
2023-01-26 06:30:00,5.649
2023-01-26 06:45:00,5.649
2023-01-26 07:00:00,5.63
2023-01-26 07:15:00,5.62
2023-01-26 07:30:00,5.582
2023-01-26 07:45:00,5.62
2023-01-26 08:00:00,5.563
2023-01-26 08:15:00,5.572
2023-01-26 08:30:00,5.581
2023-01-26 08:45:00,5.609
2023-01-26 09:00:00,5.628
2023-01-26 09:15:00,5.581
2023-01-26 09:30:00,5.561
2023-01-26 09:45:00,5.589
2023-01-26 10:00:00,5.646
2023-01-26 10:15:00,5.579
2023-01-26 10:30:00,5.664
2023-01-26 10:45:00,5.645
2023-01-26 11:00:00,5.645
2023-01-26 11:15:00,5.577
2023-01-26 11:30:00,4.876
2023-01-26 11:45:00,5.054
2023-01-26 12:00:00,5.042
2023-01-26 12:15:00,5.051
2023-01-26 12:30:00,5.05
2023-01-26 12:45:00,5.059
2023-01-26 13:00:00,5.059
2023-01-26 13:15:00,5.049
2023-01-26 13:30:00,5.067
2023-01-26 13:45:00,5.057
2023-01-26 14:00:00,5.056
2023-01-26 14:15:00,5.047
2023-01-26 14:30:00,5.037
2023-01-26 14:45:00,5.019
2023-01-26 15:00:00,5.038
2023-01-26 15:15:00,5.029
2023-01-26 15:30:00,5.02
2023-01-26 15:45:00,5.01
2023-01-26 16:00:00,5.011
2023-01-26 16:15:00,5.03
2023-01-26 16:30:00,5.021
2023-01-26 16:45:00,5.005
2023-01-26 17:00:00,5.005
2023-01-26 17:15:00,5.006
2023-01-26 17:30:00,4.99
2023-01-26 17:45:00,4.992
2023-01-26 18:00:00,4.992
2023-01-26 18:15:00,4.993
2023-01-26 18:30:00,4.993
2023-01-26 18:45:00,4.994
2023-01-26 19:00:00,5.013
2023-01-26 19:15:00,5.013
2023-01-26 19:30:00,4.994
2023-01-26 19:45:00,4.994
2023-01-26 20:00:00,5.003
2023-01-26 20:15:00,4.984
2023-01-26 20:30:00,5.012
2023-01-26 20:45:00,4.984
2023-01-26 21:00:00,4.994
2023-01-26 21:15:00,5.012
2023-01-26 21:30:00,4.993
2023-01-26 21:45:00,4.993
2023-01-26 22:00:00,5.012
2023-01-26 22:15:00,4.993
2023-01-26 22:30:00,4.993
2023-01-26 22:45:00,5.003
2023-01-26 23:00:00,5.003
2023-01-26 23:15:00,4.984
2023-01-26 23:30:00,5.003
2023-01-26 23:45:00,5.012
2023-01-27 00:00:00,4.984
2023-01-27 00:15:00,4.993
2023-01-27 00:30:00,4.994
2023-01-27 00:45:00,4.993
2023-01-27 01:00:00,4.993
2023-01-27 01:15:00,4.984
2023-01-27 01:30:00,4.994
2023-01-27 01:45:00,5.003
2023-01-27 02:00:00,4.993
2023-01-27 02:15:00,5.002
2023-01-27 02:30:00,5.012
2023-01-27 02:45:00,4.993
2023-01-27 03:00:00,5.012
2023-01-27 03:15:00,5.012
2023-01-27 03:30:00,5.002
2023-01-27 03:45:00,5.02
2023-01-27 04:00:00,5.002
2023-01-27 04:15:00,4.993
2023-01-27 04:30:00,4.983
2023-01-27 04:45:00,4.993
2023-01-27 05:00:00,5.002
2023-01-27 05:15:00,4.993
2023-01-27 05:30:00,4.974
2023-01-27 05:45:00,4.984
2023-01-27 06:00:00,4.984
2023-01-27 06:15:00,4.974
2023-01-27 06:30:00,4.984
2023-01-27 06:45:00,4.956
2023-01-27 07:00:00,4.975
2023-01-27 07:15:00,4.966
2023-01-27 07:30:00,4.957
2023-01-27 07:45:00,4.957
2023-01-27 08:00:00,4.928
2023-01-27 08:15:00,4.937
2023-01-27 08:30:00,4.947
2023-01-27 08:45:00,4.937
2023-01-27 09:00:00,4.937
2023-01-27 09:15:00,4.88
2023-01-27 09:30:00,4.833
2023-01-27 09:45:00,4.786
2023-01-27 10:00:00,4.701
2023-01-27 10:15:00,4.644
2023-01-27 10:30:00,4.615
2023-01-27 10:45:00,4.606
2023-01-27 11:00:00,4.615
2023-01-27 11:15:00,4.622
2023-01-27 11:30:00,4.642
2023-01-27 11:45:00,4.652
2023-01-27 12:00:00,4.662
2023-01-27 12:15:00,4.68
2023-01-27 12:30:00,4.688
2023-01-27 12:45:00,4.697
2023-01-27 13:00:00,4.705
2023-01-27 13:15:00,4.715
2023-01-27 13:30:00,4.715
2023-01-27 13:45:00,4.726
2023-01-27 14:00:00,4.736
2023-01-27 14:15:00,4.725
2023-01-27 14:30:00,4.732
2023-01-27 14:45:00,4.751
2023-01-27 15:00:00,4.733
2023-01-27 15:15:00,4.741
2023-01-27 15:30:00,4.742
2023-01-27 15:45:00,4.74
2023-01-27 16:00:00,4.76
2023-01-27 16:15:00,4.77
2023-01-27 16:30:00,4.77
2023-01-27 16:45:00,4.762
2023-01-27 17:00:00,4.752
2023-01-27 17:15:00,4.773
2023-01-27 17:30:00,4.772
2023-01-27 17:45:00,4.783
2023-01-27 18:00:00,4.763
2023-01-27 18:15:00,4.774
2023-01-27 18:30:00,4.785
2023-01-27 18:45:00,4.785
2023-01-27 19:00:00,4.785
2023-01-27 19:15:00,4.786
2023-01-27 19:30:00,4.767
2023-01-27 19:45:00,4.777
2023-01-27 20:00:00,4.806
2023-01-27 20:15:00,4.797
2023-01-27 20:30:00,4.797
2023-01-27 20:45:00,4.806
2023-01-27 21:00:00,4.797
2023-01-27 21:15:00,4.816
2023-01-27 21:30:00,4.807
2023-01-27 21:45:00,4.797
2023-01-27 22:00:00,4.826
2023-01-27 22:15:00,4.826
2023-01-27 22:30:00,4.835
2023-01-27 22:45:00,4.816
2023-01-27 23:00:00,4.834
2023-01-27 23:15:00,4.834
2023-01-27 23:30:00,4.825
2023-01-27 23:45:00,4.834
2023-01-28 00:00:00,4.834
2023-01-28 00:15:00,4.844
2023-01-28 00:30:00,4.825
2023-01-28 00:45:00,4.834
2023-01-28 01:00:00,4.862
2023-01-28 01:15:00,4.844
2023-01-28 01:30:00,4.853
2023-01-28 01:45:00,4.844
2023-01-28 02:00:00,4.844
2023-01-28 02:15:00,4.854
2023-01-28 02:30:00,4.835
2023-01-28 02:45:00,4.864
2023-01-28 03:00:00,4.855
2023-01-28 03:15:00,4.873
2023-01-28 03:30:00,4.864
2023-01-28 03:45:00,4.873
2023-01-28 04:00:00,4.854
2023-01-28 04:15:00,4.864
2023-01-28 04:30:00,4.864
2023-01-28 04:45:00,4.855
2023-01-28 05:00:00,4.874
2023-01-28 05:15:00,4.874
2023-01-28 05:30:00,4.874
2023-01-28 05:45:00,4.874
2023-01-28 06:00:00,4.873
2023-01-28 06:15:00,4.893
2023-01-28 06:30:00,4.892
2023-01-28 06:45:00,4.883
2023-01-28 07:00:00,4.873
2023-01-28 07:15:00,4.911
2023-01-28 07:30:00,4.874
2023-01-28 07:45:00,4.902
2023-01-28 08:00:00,4.892
2023-01-28 08:15:00,4.912
2023-01-28 08:30:00,4.911
2023-01-28 08:45:00,4.93
2023-01-28 09:00:00,4.912
2023-01-28 09:15:00,4.921
2023-01-28 09:30:00,4.921
2023-01-28 09:45:00,4.911
2023-01-28 10:00:00,4.892
2023-01-28 10:15:00,4.874
2023-01-28 10:30:00,4.911
2023-01-28 10:45:00,4.882
2023-01-28 11:00:00,4.92
2023-01-28 11:15:00,4.92
2023-01-28 11:30:00,4.901
2023-01-28 11:45:00,4.89
2023-01-28 12:00:00,4.9
2023-01-28 12:15:00,4.89
2023-01-28 12:30:00,4.88
2023-01-28 12:45:00,4.889
2023-01-28 13:00:00,4.889
2023-01-28 13:15:00,4.87
2023-01-28 13:30:00,4.879
2023-01-28 13:45:00,4.859
2023-01-28 14:00:00,4.866
2023-01-28 14:15:00,4.876
2023-01-28 14:30:00,4.856
2023-01-28 14:45:00,4.875
2023-01-28 15:00:00,4.867
2023-01-28 15:15:00,4.848
2023-01-28 15:30:00,4.848
2023-01-28 15:45:00,4.849
2023-01-28 16:00:00,4.85
2023-01-28 16:15:00,4.851
2023-01-28 16:30:00,4.842
2023-01-28 16:45:00,4.928
2023-01-28 17:00:00,4.948
2023-01-28 17:15:00,4.95
2023-01-28 17:30:00,4.942
2023-01-28 17:45:00,4.943
2023-01-28 18:00:00,4.947
2023-01-28 18:15:00,4.949
2023-01-28 18:30:00,4.969
2023-01-28 18:45:00,4.961
2023-01-28 19:00:00,4.973
2023-01-28 19:15:00,4.972
2023-01-28 19:30:00,4.953
2023-01-28 19:45:00,4.966
2023-01-28 20:00:00,4.959
2023-01-28 20:15:00,4.959
2023-01-28 20:30:00,4.979
2023-01-28 20:45:00,4.979
2023-01-28 21:00:00,4.97
2023-01-28 21:15:00,4.97
2023-01-28 21:30:00,4.99
2023-01-28 21:45:00,4.981
2023-01-28 22:00:00,4.971
2023-01-28 22:15:00,4.981
2023-01-28 22:30:00,4.962
2023-01-28 22:45:00,4.971
2023-01-28 23:00:00,4.99
2023-01-28 23:15:00,4.991
2023-01-28 23:30:00,4.991
2023-01-28 23:45:00,5
2023-01-29 00:00:00,5
2023-01-29 00:15:00,4.981
2023-01-29 00:30:00,4.991
2023-01-29 00:45:00,4.972
2023-01-29 01:00:00,5.001
2023-01-29 01:15:00,5.001
2023-01-29 01:30:00,4.991
2023-01-29 01:45:00,4.972
2023-01-29 02:00:00,4.982
2023-01-29 02:15:00,4.991
2023-01-29 02:30:00,5.001
2023-01-29 02:45:00,5.001
2023-01-29 03:00:00,5.02
2023-01-29 03:15:00,5.001
2023-01-29 03:30:00,5.002
2023-01-29 03:45:00,5.011
2023-01-29 04:00:00,5.002
2023-01-29 04:15:00,4.992
2023-01-29 04:30:00,5.021
2023-01-29 04:45:00,5.002
2023-01-29 05:00:00,4.985
2023-01-29 05:15:00,4.996
2023-01-29 05:30:00,5.017
2023-01-29 05:45:00,5.017
2023-01-29 06:00:00,5.009
2023-01-29 06:15:00,5.016
2023-01-29 06:30:00,5.006
2023-01-29 06:45:00,5.044
2023-01-29 07:00:00,5.003
2023-01-29 07:15:00,5.003
2023-01-29 07:30:00,5.005
2023-01-29 07:45:00,5.006
2023-01-29 08:00:00,5.026
2023-01-29 08:15:00,5.024
2023-01-29 08:30:00,5.011
2023-01-29 08:45:00,5.019
2023-01-29 09:00:00,5.018
2023-01-29 09:15:00,5.015
2023-01-29 09:30:00,5.013
2023-01-29 09:45:00,5.01
2023-01-29 10:00:00,4.977
2023-01-29 10:15:00,4.982
2023-01-29 10:30:00,4.951
2023-01-29 10:45:00,4.959
2023-01-29 11:00:00,4.959
2023-01-29 11:15:00,4.939
2023-01-29 11:30:00,4.92
2023-01-29 11:45:00,4.91
2023-01-29 12:00:00,4.911
2023-01-29 12:15:00,4.901
2023-01-29 12:30:00,4.891
2023-01-29 12:45:00,4.9
2023-01-29 13:00:00,4.9
2023-01-29 13:15:00,4.89
2023-01-29 13:30:00,4.899
2023-01-29 13:45:00,4.889
2023-01-29 14:00:00,4.927
2023-01-29 14:15:00,4.908
2023-01-29 14:30:00,4.926
2023-01-29 14:45:00,4.926
2023-01-29 15:00:00,4.917
2023-01-29 15:15:00,4.908
2023-01-29 15:30:00,4.888
2023-01-29 15:45:00,4.877
2023-01-29 16:00:00,4.85
2023-01-29 16:15:00,4.879
2023-01-29 16:30:00,4.852
2023-01-29 16:45:00,4.985
2023-01-29 17:00:00,4.996
2023-01-29 17:15:00,5.017
2023-01-29 17:30:00,5.002
2023-01-29 17:45:00,5.028
2023-01-29 18:00:00,5.024
2023-01-29 18:15:00,5.008
2023-01-29 18:30:00,5.019
2023-01-29 18:45:00,5.02
2023-01-29 19:00:00,5.021
2023-01-29 19:15:00,5.004
2023-01-29 19:30:00,5.026
2023-01-29 19:45:00,5.028
2023-01-29 20:00:00,5.019
2023-01-29 20:15:00,5.011
2023-01-29 20:30:00,5.02
2023-01-29 20:45:00,5.002
2023-01-29 21:00:00,5.03
2023-01-29 21:15:00,5.04
2023-01-29 21:30:00,5.041
2023-01-29 21:45:00,5.034
2023-01-29 22:00:00,5.024
2023-01-29 22:15:00,5.035
2023-01-29 22:30:00,5.043
2023-01-29 22:45:00,5.045
2023-01-29 23:00:00,5.053
2023-01-29 23:15:00,5.031
2023-01-29 23:30:00,5.059
2023-01-29 23:45:00,5.049
2023-01-30 00:00:00,5.039
2023-01-30 00:15:00,5.039
2023-01-30 00:30:00,5.058
2023-01-30 00:45:00,5.039
2023-01-30 01:00:00,5.048
2023-01-30 01:15:00,5.048
2023-01-30 01:30:00,5.03
2023-01-30 01:45:00,5.03
2023-01-30 02:00:00,5.059
2023-01-30 02:15:00,5.059
2023-01-30 02:30:00,5.049
2023-01-30 02:45:00,5.067
2023-01-30 03:00:00,5.058
2023-01-30 03:15:00,5.039
2023-01-30 03:30:00,5.048
2023-01-30 03:45:00,5.047
2023-01-30 04:00:00,5.074
2023-01-30 04:15:00,5.074
2023-01-30 04:30:00,5.063
2023-01-30 04:45:00,5.072
2023-01-30 05:00:00,5.053
2023-01-30 05:15:00,5.072
2023-01-30 05:30:00,5.063
2023-01-30 05:45:00,5.054
2023-01-30 06:00:00,5.08
2023-01-30 06:15:00,5.072
2023-01-30 06:30:00,5.072
2023-01-30 06:45:00,5.053
2023-01-30 07:00:00,5.082
2023-01-30 07:15:00,5.072
2023-01-30 07:30:00,5.045
2023-01-30 07:45:00,5.044
2023-01-30 08:00:00,5.055
2023-01-30 08:15:00,5.062
2023-01-30 08:30:00,5.088
2023-01-30 08:45:00,5.077
2023-01-30 09:00:00,5.066
2023-01-30 09:15:00,5.076
2023-01-30 09:30:00,5.066
2023-01-30 09:45:00,5.055
2023-01-30 10:00:00,5.052
2023-01-30 10:15:00,5.057
2023-01-30 10:30:00,5.025
2023-01-30 10:45:00,5.022
2023-01-30 11:00:00,5.02
2023-01-30 11:15:00,5.009
2023-01-30 11:30:00,4.97
2023-01-30 11:45:00,4.961
2023-01-30 12:00:00,4.941
2023-01-30 12:15:00,4.912
2023-01-30 12:30:00,4.911
2023-01-30 12:45:00,4.939
2023-01-30 13:00:00,4.939
2023-01-30 13:15:00,4.919
2023-01-30 13:30:00,4.947
2023-01-30 13:45:00,4.928
2023-01-30 14:00:00,4.946
2023-01-30 14:15:00,4.965
2023-01-30 14:30:00,4.927
2023-01-30 14:45:00,4.936
2023-01-30 15:00:00,4.955
2023-01-30 15:15:00,4.946
2023-01-30 15:30:00,4.936
2023-01-30 15:45:00,4.899
2023-01-30 16:00:00,4.881
2023-01-30 16:15:00,5.023
2023-01-30 16:30:00,5.015
2023-01-30 16:45:00,5.017
2023-01-30 17:00:00,5.028
2023-01-30 17:15:00,5.013
2023-01-30 17:30:00,5.026
2023-01-30 17:45:00,5.02
2023-01-30 18:00:00,5.039
2023-01-30 18:15:00,5.041
2023-01-30 18:30:00,5.042
2023-01-30 18:45:00,5.052
2023-01-30 19:00:00,5.033
2023-01-30 19:15:00,5.051
2023-01-30 19:30:00,5.042
2023-01-30 19:45:00,5.022
2023-01-30 20:00:00,5.041
2023-01-30 20:15:00,5.039
2023-01-30 20:30:00,5.038
2023-01-30 20:45:00,5.049
2023-01-30 21:00:00,5.048
2023-01-30 21:15:00,5.049
2023-01-30 21:30:00,5.048
2023-01-30 21:45:00,5.028
2023-01-30 22:00:00,5.037
2023-01-30 22:15:00,5.028
2023-01-30 22:30:00,5.037
2023-01-30 22:45:00,5.038
2023-01-30 23:00:00,5.038
2023-01-30 23:15:00,5.037
2023-01-30 23:30:00,5.047
2023-01-30 23:45:00,5.038
2023-01-31 00:00:00,5.057
2023-01-31 00:15:00,5.057
2023-01-31 00:30:00,5.039
2023-01-31 00:45:00,5.059
2023-01-31 01:00:00,5.067
2023-01-31 01:15:00,5.056
2023-01-31 01:30:00,5.056
2023-01-31 01:45:00,5.047
2023-01-31 02:00:00,5.037
2023-01-31 02:15:00,5.037
2023-01-31 02:30:00,5.046
2023-01-31 02:45:00,5.046
2023-01-31 03:00:00,5.075
2023-01-31 03:15:00,5.028
2023-01-31 03:30:00,5.056
2023-01-31 03:45:00,5.047
2023-01-31 04:00:00,5.056
2023-01-31 04:15:00,5.047
2023-01-31 04:30:00,5.046
2023-01-31 04:45:00,5.047
2023-01-31 05:00:00,5.046
2023-01-31 05:15:00,5.046
2023-01-31 05:30:00,5.046
2023-01-31 05:45:00,5.037
2023-01-31 06:00:00,5.046
2023-01-31 06:15:00,5.046
2023-01-31 06:30:00,5.026
2023-01-31 06:45:00,5.056
2023-01-31 07:00:00,5.056
2023-01-31 07:15:00,5.047
2023-01-31 07:30:00,5.046
2023-01-31 07:45:00,5.065
2023-01-31 08:00:00,5.056
2023-01-31 08:15:00,5.056
2023-01-31 08:30:00,5.046
2023-01-31 08:45:00,5.027
2023-01-31 09:00:00,5.053
2023-01-31 09:15:00,5.042
2023-01-31 09:30:00,5.04
2023-01-31 09:45:00,5.02
2023-01-31 10:00:00,5.009
2023-01-31 10:15:00,5
2023-01-31 10:30:00,4.999
2023-01-31 10:45:00,4.989
2023-01-31 11:00:00,4.951
2023-01-31 11:15:00,4.921
2023-01-31 11:30:00,4.929
2023-01-31 11:45:00,4.966
2023-01-31 12:00:00,4.983
2023-01-31 12:15:00,4.982
2023-01-31 12:30:00,5.019
2023-01-31 12:45:00,5.006
2023-01-31 13:00:00,5.005
2023-01-31 13:15:00,4.989
2023-01-31 13:30:00,4.992
2023-01-31 13:45:00,5.002
2023-01-31 14:00:00,4.956
2023-01-31 14:15:00,4.965
2023-01-31 14:30:00,4.957
2023-01-31 14:45:00,4.947
2023-01-31 15:00:00,4.966
2023-01-31 15:15:00,4.985
2023-01-31 15:30:00,4.986
2023-01-31 15:45:00,5.005
2023-01-31 16:00:00,4.996
2023-01-31 16:15:00,5.015
2023-01-31 16:30:00,5.006
2023-01-31 16:45:00,5.015
2023-01-31 17:00:00,5.007
2023-01-31 17:15:00,5.007
2023-01-31 17:30:00,5.026
2023-01-31 17:45:00,5.017
2023-01-31 18:00:00,5.017
2023-01-31 18:15:00,5.017
2023-01-31 18:30:00,5.018
2023-01-31 18:45:00,5.036
2023-01-31 19:00:00,5.037
2023-01-31 19:15:00,5.018
2023-01-31 19:30:00,5.028
2023-01-31 19:45:00,5.047
2023-01-31 20:00:00,5.028
2023-01-31 20:15:00,5.037
2023-01-31 20:30:00,5.028
2023-01-31 20:45:00,5.037
2023-01-31 21:00:00,5.047
2023-01-31 21:15:00,5.047
2023-01-31 21:30:00,5.037
2023-01-31 21:45:00,5.019
2023-01-31 22:00:00,5.018
2023-01-31 22:15:00,5.037
2023-01-31 22:30:00,5.037
2023-01-31 22:45:00,5.037
2023-01-31 23:00:00,5.019
2023-01-31 23:15:00,5.038
2023-01-31 23:30:00,5.028
2023-01-31 23:45:00,5.028
2023-02-01 00:00:00,5.028
2023-02-01 00:15:00,5.028
2023-02-01 00:30:00,5.008
2023-02-01 00:45:00,5.037
2023-02-01 01:00:00,5.028
2023-02-01 01:15:00,5.037
2023-02-01 01:30:00,5.009
2023-02-01 01:45:00,5.028
2023-02-01 02:00:00,5.037
2023-02-01 02:15:00,5.009
2023-02-01 02:30:00,5.018
2023-02-01 02:45:00,5.008
2023-02-01 03:00:00,5.027
2023-02-01 03:15:00,5.027
2023-02-01 03:30:00,5.008
2023-02-01 03:45:00,5.018
2023-02-01 04:00:00,5.017
2023-02-01 04:15:00,5.017
2023-02-01 04:30:00,5.018
2023-02-01 04:45:00,5.008
2023-02-01 05:00:00,4.999
2023-02-01 05:15:00,5.017
2023-02-01 05:30:00,5.017
2023-02-01 05:45:00,5.008
2023-02-01 06:00:00,5.027
2023-02-01 06:15:00,5.008
2023-02-01 06:30:00,5.026
2023-02-01 06:45:00,5.017
2023-02-01 07:00:00,5.017
2023-02-01 07:15:00,5.017
2023-02-01 07:30:00,4.998
2023-02-01 07:45:00,5.017
2023-02-01 08:00:00,5.007
2023-02-01 08:15:00,4.998
2023-02-01 08:30:00,4.979
2023-02-01 08:45:00,4.96
2023-02-01 09:00:00,4.959
2023-02-01 09:15:00,4.921
2023-02-01 09:30:00,4.921
2023-02-01 09:45:00,4.93
2023-02-01 10:00:00,4.929
2023-02-01 10:15:00,4.938
2023-02-01 10:30:00,4.966
2023-02-01 10:45:00,4.966
2023-02-01 11:00:00,4.975
2023-02-01 11:15:00,4.992
2023-02-01 11:30:00,4.991
2023-02-01 11:45:00,4.99
2023-02-01 12:00:00,4.988
2023-02-01 12:15:00,5.016
2023-02-01 12:30:00,5.007
2023-02-01 12:45:00,4.997
2023-02-01 13:00:00,4.981
2023-02-01 13:15:00,4.979
2023-02-01 13:30:00,5.007
2023-02-01 13:45:00,4.988
2023-02-01 14:00:00,4.987
2023-02-01 14:15:00,4.996
2023-02-01 14:30:00,4.979
2023-02-01 14:45:00,4.999
2023-02-01 15:00:00,4.991
2023-02-01 15:15:00,4.991
2023-02-01 15:30:00,4.981
2023-02-01 15:45:00,4.981
2023-02-01 16:00:00,5.001
2023-02-01 16:15:00,4.991
2023-02-01 16:30:00,5.002
2023-02-01 16:45:00,4.992
2023-02-01 17:00:00,4.975
2023-02-01 17:15:00,4.984
2023-02-01 17:30:00,4.966
2023-02-01 17:45:00,4.957
2023-02-01 18:00:00,4.948
2023-02-01 18:15:00,4.967
2023-02-01 18:30:00,4.978
2023-02-01 18:45:00,4.988
2023-02-01 19:00:00,4.988
2023-02-01 19:15:00,4.998
2023-02-01 19:30:00,4.979
2023-02-01 19:45:00,4.998
2023-02-01 20:00:00,4.989
2023-02-01 20:15:00,4.989
2023-02-01 20:30:00,4.989
2023-02-01 20:45:00,4.999
2023-02-01 21:00:00,4.989
2023-02-01 21:15:00,4.998
2023-02-01 21:30:00,4.998
2023-02-01 21:45:00,4.999
2023-02-01 22:00:00,5.008
2023-02-01 22:15:00,5.027
2023-02-01 22:30:00,5.008
2023-02-01 22:45:00,4.989
2023-02-01 23:00:00,4.999
2023-02-01 23:15:00,4.99
2023-02-01 23:30:00,5.008
2023-02-01 23:45:00,4.999
2023-02-02 00:00:00,4.999
2023-02-02 00:15:00,4.999
2023-02-02 00:30:00,4.98
2023-02-02 00:45:00,4.989
2023-02-02 01:00:00,5.018
2023-02-02 01:15:00,4.989
2023-02-02 01:30:00,5.018
2023-02-02 01:45:00,5.008
2023-02-02 02:00:00,4.999
2023-02-02 02:15:00,5.018
2023-02-02 02:30:00,4.989
2023-02-02 02:45:00,4.999
2023-02-02 03:00:00,4.999
2023-02-02 03:15:00,5.008
2023-02-02 03:30:00,4.99
2023-02-02 03:45:00,4.98
2023-02-02 04:00:00,4.998
2023-02-02 04:15:00,4.979
2023-02-02 04:30:00,4.979
2023-02-02 04:45:00,4.979
2023-02-02 05:00:00,4.969
2023-02-02 05:15:00,4.988
2023-02-02 05:30:00,5.007
2023-02-02 05:45:00,5.007
2023-02-02 06:00:00,4.988
2023-02-02 06:15:00,5.007
2023-02-02 06:30:00,5.007
2023-02-02 06:45:00,4.989
2023-02-02 07:00:00,4.989
2023-02-02 07:15:00,5.008
2023-02-02 07:30:00,4.999
2023-02-02 07:45:00,4.998
2023-02-02 08:00:00,4.998
2023-02-02 08:15:00,4.979
2023-02-02 08:30:00,4.96
2023-02-02 08:45:00,4.912
2023-02-02 09:00:00,4.883
2023-02-02 09:15:00,4.901
2023-02-02 09:30:00,4.938
2023-02-02 09:45:00,4.956
2023-02-02 10:00:00,4.962
2023-02-02 10:15:00,4.978
2023-02-02 10:30:00,4.976
2023-02-02 10:45:00,4.984
2023-02-02 11:00:00,4.983
2023-02-02 11:15:00,4.992
2023-02-02 11:30:00,4.982
2023-02-02 11:45:00,4.991
2023-02-02 12:00:00,4.991
2023-02-02 12:15:00,5.01
2023-02-02 12:30:00,5
2023-02-02 12:45:00,4.989
2023-02-02 13:00:00,5.008
2023-02-02 13:15:00,5.018
2023-02-02 13:30:00,4.988
2023-02-02 13:45:00,5.017
2023-02-02 14:00:00,4.979
2023-02-02 14:15:00,4.989
2023-02-02 14:30:00,5.016
2023-02-02 14:45:00,4.988
2023-02-02 15:00:00,5.008
2023-02-02 15:15:00,5.007
2023-02-02 15:30:00,4.98
2023-02-02 15:45:00,4.999
2023-02-02 16:00:00,4.971
2023-02-02 16:15:00,4.972
2023-02-02 16:30:00,4.982
2023-02-02 16:45:00,4.965
2023-02-02 17:00:00,4.985
2023-02-02 17:15:00,4.988
2023-02-02 17:30:00,4.999
2023-02-02 17:45:00,4.982
2023-02-02 18:00:00,4.984
2023-02-02 18:15:00,4.975
2023-02-02 18:30:00,4.975
2023-02-02 18:45:00,4.966
2023-02-02 19:00:00,4.966
2023-02-02 19:15:00,4.995
2023-02-02 19:30:00,4.947
2023-02-02 19:45:00,4.966
2023-02-02 20:00:00,4.976
2023-02-02 20:15:00,4.966
2023-02-02 20:30:00,4.985
2023-02-02 20:45:00,4.967
2023-02-02 21:00:00,4.957
2023-02-02 21:15:00,4.948
2023-02-02 21:30:00,4.976
2023-02-02 21:45:00,4.976
2023-02-02 22:00:00,4.976
2023-02-02 22:15:00,4.986
2023-02-02 22:30:00,4.976
2023-02-02 22:45:00,4.966
2023-02-02 23:00:00,4.976
2023-02-02 23:15:00,4.967
2023-02-02 23:30:00,4.958
2023-02-02 23:45:00,4.948
2023-02-03 00:00:00,4.967
2023-02-03 00:15:00,4.958
2023-02-03 00:30:00,4.967
2023-02-03 00:45:00,4.967
2023-02-03 01:00:00,4.977
2023-02-03 01:15:00,4.948
2023-02-03 01:30:00,4.967
2023-02-03 01:45:00,4.986
2023-02-03 02:00:00,4.966
2023-02-03 02:15:00,4.985
2023-02-03 02:30:00,4.966
2023-02-03 02:45:00,4.957
2023-02-03 03:00:00,4.966
2023-02-03 03:15:00,4.967
2023-02-03 03:30:00,4.948
2023-02-03 03:45:00,4.948
2023-02-03 04:00:00,4.977
2023-02-03 04:15:00,4.977
2023-02-03 04:30:00,4.939
2023-02-03 04:45:00,4.958
2023-02-03 05:00:00,4.949
2023-02-03 05:15:00,4.949
2023-02-03 05:30:00,4.958
2023-02-03 05:45:00,4.959
2023-02-03 06:00:00,4.968
2023-02-03 06:15:00,4.949
2023-02-03 06:30:00,4.958
2023-02-03 06:45:00,4.968
2023-02-03 07:00:00,4.977
2023-02-03 07:15:00,4.968
2023-02-03 07:30:00,4.968
2023-02-03 07:45:00,4.949
2023-02-03 08:00:00,4.968
2023-02-03 08:15:00,4.958
2023-02-03 08:30:00,4.976
2023-02-03 08:45:00,4.966
2023-02-03 09:00:00,4.956
2023-02-03 09:15:00,4.965
2023-02-03 09:30:00,4.982
2023-02-03 09:45:00,4.979
2023-02-03 10:00:00,4.949
2023-02-03 10:15:00,4.976
2023-02-03 10:30:00,4.957
2023-02-03 10:45:00,4.966
2023-02-03 11:00:00,4.956
2023-02-03 11:15:00,4.956
2023-02-03 11:30:00,4.984
2023-02-03 11:45:00,4.974
2023-02-03 12:00:00,4.973
2023-02-03 12:15:00,4.964
2023-02-03 12:30:00,4.974
2023-02-03 12:45:00,4.946
2023-02-03 13:00:00,4.974
2023-02-03 13:15:00,4.983
2023-02-03 13:30:00,4.974
2023-02-03 13:45:00,4.955
2023-02-03 14:00:00,4.945
2023-02-03 14:15:00,4.974
2023-02-03 14:30:00,4.955
2023-02-03 14:45:00,4.955
2023-02-03 15:00:00,4.955
2023-02-03 15:15:00,4.955
2023-02-03 15:30:00,4.955
2023-02-03 15:45:00,4.974
2023-02-03 16:00:00,4.964
2023-02-03 16:15:00,4.974
2023-02-03 16:30:00,4.974
2023-02-03 16:45:00,4.965
2023-02-03 17:00:00,4.965
2023-02-03 17:15:00,4.956
2023-02-03 17:30:00,4.956
2023-02-03 17:45:00,4.957
2023-02-03 18:00:00,4.977
2023-02-03 18:15:00,4.968
2023-02-03 18:30:00,4.959
2023-02-03 18:45:00,4.953
2023-02-03 19:00:00,4.954
2023-02-03 19:15:00,4.964
2023-02-03 19:30:00,4.973
2023-02-03 19:45:00,4.955
2023-02-03 20:00:00,4.956
2023-02-03 20:15:00,4.965
2023-02-03 20:30:00,4.956
2023-02-03 20:45:00,4.947
2023-02-03 21:00:00,4.956
2023-02-03 21:15:00,4.955
2023-02-03 21:30:00,4.973
2023-02-03 21:45:00,4.935
2023-02-03 22:00:00,4.971
2023-02-03 22:15:00,4.964
2023-02-03 22:30:00,4.965
2023-02-03 22:45:00,4.956
2023-02-03 23:00:00,4.937
2023-02-03 23:15:00,4.946
2023-02-03 23:30:00,4.945
2023-02-03 23:45:00,4.945
2023-02-04 00:00:00,4.955
2023-02-04 00:15:00,4.973
2023-02-04 00:30:00,4.927
2023-02-04 00:45:00,4.956
2023-02-04 01:00:00,4.947
2023-02-04 01:15:00,4.947
2023-02-04 01:30:00,4.966
2023-02-04 01:45:00,4.957
2023-02-04 02:00:00,4.956
2023-02-04 02:15:00,4.975
2023-02-04 02:30:00,4.937
2023-02-04 02:45:00,4.946
2023-02-04 03:00:00,4.965
2023-02-04 03:15:00,4.955
2023-02-04 03:30:00,4.965
2023-02-04 03:45:00,4.945
2023-02-04 04:00:00,4.936
2023-02-04 04:15:00,4.954
2023-02-04 04:30:00,4.971
2023-02-04 04:45:00,4.963
2023-02-04 05:00:00,4.954
2023-02-04 05:15:00,4.934
2023-02-04 05:30:00,4.954
2023-02-04 05:45:00,4.954
2023-02-04 06:00:00,4.955
2023-02-04 06:15:00,4.945
2023-02-04 06:30:00,4.935
2023-02-04 06:45:00,4.945
2023-02-04 07:00:00,4.955
2023-02-04 07:15:00,4.955
2023-02-04 07:30:00,4.955
2023-02-04 07:45:00,4.955
2023-02-04 08:00:00,4.937
2023-02-04 08:15:00,4.965
2023-02-04 08:30:00,4.937
2023-02-04 08:45:00,4.946
2023-02-04 09:00:00,4.955
2023-02-04 09:15:00,4.965
2023-02-04 09:30:00,4.954
2023-02-04 09:45:00,4.972
2023-02-04 10:00:00,4.941
2023-02-04 10:15:00,4.948
2023-02-04 10:30:00,4.958
2023-02-04 10:45:00,4.948
2023-02-04 11:00:00,4.937
2023-02-04 11:15:00,4.965
2023-02-04 11:30:00,4.945
2023-02-04 11:45:00,4.944
2023-02-04 12:00:00,4.963
2023-02-04 12:15:00,4.961
2023-02-04 12:30:00,4.961
2023-02-04 12:45:00,4.978
2023-02-04 13:00:00,4.949
2023-02-04 13:15:00,4.939
2023-02-04 13:30:00,4.969
2023-02-04 13:45:00,4.979
2023-02-04 14:00:00,4.959
2023-02-04 14:15:00,4.949
2023-02-04 14:30:00,4.941
2023-02-04 14:45:00,4.948
2023-02-04 15:00:00,4.976
2023-02-04 15:15:00,4.966
2023-02-04 15:30:00,4.957
2023-02-04 15:45:00,4.938
2023-02-04 16:00:00,4.93
2023-02-04 16:15:00,4.931
2023-02-04 16:30:00,4.923
2023-02-04 16:45:00,4.934
2023-02-04 17:00:00,4.936
2023-02-04 17:15:00,4.938
2023-02-04 17:30:00,4.94
2023-02-04 17:45:00,4.94
2023-02-04 18:00:00,4.942
2023-02-04 18:15:00,4.943
2023-02-04 18:30:00,4.952
2023-02-04 18:45:00,4.925
2023-02-04 19:00:00,4.924
2023-02-04 19:15:00,4.953
2023-02-04 19:30:00,4.942
2023-02-04 19:45:00,4.932
2023-02-04 20:00:00,4.932
2023-02-04 20:15:00,4.923
2023-02-04 20:30:00,4.943
2023-02-04 20:45:00,4.923
2023-02-04 21:00:00,4.933
2023-02-04 21:15:00,4.924
2023-02-04 21:30:00,4.925
2023-02-04 21:45:00,4.963
2023-02-04 22:00:00,4.943
2023-02-04 22:15:00,4.913
2023-02-04 22:30:00,4.944
2023-02-04 22:45:00,4.915
2023-02-04 23:00:00,4.944
2023-02-04 23:15:00,4.923
2023-02-04 23:30:00,4.944
2023-02-04 23:45:00,4.934
2023-02-05 00:00:00,4.926
2023-02-05 00:15:00,4.935
2023-02-05 00:30:00,4.927
2023-02-05 00:45:00,4.946
2023-02-05 01:00:00,4.927
2023-02-05 01:15:00,4.936
2023-02-05 01:30:00,4.916
2023-02-05 01:45:00,4.925
2023-02-05 02:00:00,4.923
2023-02-05 02:15:00,4.932
2023-02-05 02:30:00,4.932
2023-02-05 02:45:00,4.934
2023-02-05 03:00:00,4.943
2023-02-05 03:15:00,4.936
2023-02-05 03:30:00,4.926
2023-02-05 03:45:00,4.926
2023-02-05 04:00:00,4.927
2023-02-05 04:15:00,4.926
2023-02-05 04:30:00,4.934
2023-02-05 04:45:00,4.926
2023-02-05 05:00:00,4.926
2023-02-05 05:15:00,4.917
2023-02-05 05:30:00,4.917
2023-02-05 05:45:00,4.908
2023-02-05 06:00:00,4.918
2023-02-05 06:15:00,4.926
2023-02-05 06:30:00,4.944
2023-02-05 06:45:00,4.934
2023-02-05 07:00:00,4.935
2023-02-05 07:15:00,4.935
2023-02-05 07:30:00,4.906
2023-02-05 07:45:00,4.916
2023-02-05 08:00:00,4.926
2023-02-05 08:15:00,4.934
2023-02-05 08:30:00,4.914
2023-02-05 08:45:00,4.932
2023-02-05 09:00:00,4.942
2023-02-05 09:15:00,4.925
2023-02-05 09:30:00,4.934
2023-02-05 09:45:00,4.921
2023-02-05 10:00:00,4.921
2023-02-05 10:15:00,4.912
2023-02-05 10:30:00,4.92
2023-02-05 10:45:00,4.949
2023-02-05 11:00:00,4.948
2023-02-05 11:15:00,4.928
2023-02-05 11:30:00,4.947
2023-02-05 11:45:00,4.918
2023-02-05 12:00:00,4.928
2023-02-05 12:15:00,4.938
2023-02-05 12:30:00,4.938
2023-02-05 12:45:00,4.939
2023-02-05 13:00:00,4.921
2023-02-05 13:15:00,4.93
2023-02-05 13:30:00,4.922
2023-02-05 13:45:00,4.915
2023-02-05 14:00:00,4.917
2023-02-05 14:15:00,4.917
2023-02-05 14:30:00,4.926
2023-02-05 14:45:00,4.926
2023-02-05 15:00:00,4.917
2023-02-05 15:15:00,4.927
2023-02-05 15:30:00,4.916
2023-02-05 15:45:00,4.925
2023-02-05 16:00:00,4.898
2023-02-05 16:15:00,4.908
2023-02-05 16:30:00,4.918
2023-02-05 16:45:00,4.899
2023-02-05 17:00:00,4.909
2023-02-05 17:15:00,4.89
2023-02-05 17:30:00,4.899
2023-02-05 17:45:00,4.89
2023-02-05 18:00:00,4.881
2023-02-05 18:15:00,4.9
2023-02-05 18:30:00,4.9
2023-02-05 18:45:00,4.909
2023-02-05 19:00:00,4.928
2023-02-05 19:15:00,4.899
2023-02-05 19:30:00,4.918
2023-02-05 19:45:00,4.909
2023-02-05 20:00:00,4.899
2023-02-05 20:15:00,4.909
2023-02-05 20:30:00,4.889
2023-02-05 20:45:00,4.899
2023-02-05 21:00:00,4.918
2023-02-05 21:15:00,4.899
2023-02-05 21:30:00,4.899
2023-02-05 21:45:00,4.908
2023-02-05 22:00:00,4.899
2023-02-05 22:15:00,4.899
2023-02-05 22:30:00,4.917
2023-02-05 22:45:00,4.916
2023-02-05 23:00:00,4.916
2023-02-05 23:15:00,4.915
2023-02-05 23:30:00,4.926
2023-02-05 23:45:00,4.904
2023-02-06 00:00:00,4.904
2023-02-06 00:15:00,4.914
2023-02-06 00:30:00,4.896
2023-02-06 00:45:00,4.916
2023-02-06 01:00:00,4.897
2023-02-06 01:15:00,4.906
2023-02-06 01:30:00,4.904
2023-02-06 01:45:00,4.896
2023-02-06 02:00:00,4.926
2023-02-06 02:15:00,4.914
2023-02-06 02:30:00,4.907
2023-02-06 02:45:00,4.905
2023-02-06 03:00:00,4.925
2023-02-06 03:15:00,4.926
2023-02-06 03:30:00,4.897
2023-02-06 03:45:00,4.897
2023-02-06 04:00:00,4.925
2023-02-06 04:15:00,4.908
2023-02-06 04:30:00,4.918
2023-02-06 04:45:00,4.909
2023-02-06 05:00:00,4.918
2023-02-06 05:15:00,4.899
2023-02-06 05:30:00,4.899
2023-02-06 05:45:00,4.918
2023-02-06 06:00:00,4.9
2023-02-06 06:15:00,4.928
2023-02-06 06:30:00,4.9
2023-02-06 06:45:00,4.909
2023-02-06 07:00:00,4.928
2023-02-06 07:15:00,4.9
2023-02-06 07:30:00,4.9
2023-02-06 07:45:00,4.919
2023-02-06 08:00:00,4.91
2023-02-06 08:15:00,4.919
2023-02-06 08:30:00,4.919
2023-02-06 08:45:00,4.909
2023-02-06 09:00:00,4.909
2023-02-06 09:15:00,4.899
2023-02-06 09:30:00,4.899
2023-02-06 09:45:00,4.907
2023-02-06 10:00:00,4.885
2023-02-06 10:15:00,4.873
2023-02-06 10:30:00,4.89
2023-02-06 10:45:00,4.881
2023-02-06 11:00:00,4.872
2023-02-06 11:15:00,4.89
2023-02-06 11:30:00,4.891
2023-02-06 11:45:00,4.872
2023-02-06 12:00:00,4.88
2023-02-06 12:15:00,4.861
2023-02-06 12:30:00,4.88
2023-02-06 12:45:00,4.88
2023-02-06 13:00:00,4.917
2023-02-06 13:15:00,4.935
2023-02-06 13:30:00,4.925
2023-02-06 13:45:00,4.963
2023-02-06 14:00:00,4.944
2023-02-06 14:15:00,4.953
2023-02-06 14:30:00,4.953
2023-02-06 14:45:00,4.971
2023-02-06 15:00:00,4.933
2023-02-06 15:15:00,4.933
2023-02-06 15:30:00,4.943
2023-02-06 15:45:00,4.934
2023-02-06 16:00:00,4.926
2023-02-06 16:15:00,4.945
2023-02-06 16:30:00,4.945
2023-02-06 16:45:00,4.946
2023-02-06 17:00:00,4.975
2023-02-06 17:15:00,4.956
2023-02-06 17:30:00,4.947
2023-02-06 17:45:00,4.938
2023-02-06 18:00:00,4.959
2023-02-06 18:15:00,4.959
2023-02-06 18:30:00,4.95
2023-02-06 18:45:00,4.931
2023-02-06 19:00:00,4.953
2023-02-06 19:15:00,4.983
2023-02-06 19:30:00,4.955
2023-02-06 19:45:00,4.972
2023-02-06 20:00:00,4.983
2023-02-06 20:15:00,4.953
2023-02-06 20:30:00,4.991
2023-02-06 20:45:00,4.983
2023-02-06 21:00:00,4.982
2023-02-06 21:15:00,4.954
2023-02-06 21:30:00,4.965
2023-02-06 21:45:00,4.955
2023-02-06 22:00:00,4.955
2023-02-06 22:15:00,4.946
2023-02-06 22:30:00,4.937
2023-02-06 22:45:00,4.947
2023-02-06 23:00:00,4.937
2023-02-06 23:15:00,4.966
2023-02-06 23:30:00,4.966
2023-02-06 23:45:00,4.948
2023-02-07 00:00:00,4.938
2023-02-07 00:15:00,4.967
2023-02-07 00:30:00,4.977
2023-02-07 00:45:00,4.967
2023-02-07 01:00:00,4.93
2023-02-07 01:15:00,4.958
2023-02-07 01:30:00,4.93
2023-02-07 01:45:00,4.958
2023-02-07 02:00:00,4.996
2023-02-07 02:15:00,4.948
2023-02-07 02:30:00,4.977
2023-02-07 02:45:00,4.939
2023-02-07 03:00:00,4.976
2023-02-07 03:15:00,4.967
2023-02-07 03:30:00,4.929
2023-02-07 03:45:00,4.948
2023-02-07 04:00:00,4.967
2023-02-07 04:15:00,4.967
2023-02-07 04:30:00,4.967
2023-02-07 04:45:00,4.976
2023-02-07 05:00:00,4.967
2023-02-07 05:15:00,4.957
2023-02-07 05:30:00,4.948
2023-02-07 05:45:00,4.985
2023-02-07 06:00:00,4.957
2023-02-07 06:15:00,4.948
2023-02-07 06:30:00,4.929
2023-02-07 06:45:00,4.949
2023-02-07 07:00:00,4.986
2023-02-07 07:15:00,4.957
2023-02-07 07:30:00,4.957
2023-02-07 07:45:00,4.939
2023-02-07 08:00:00,4.986
2023-02-07 08:15:00,4.976
2023-02-07 08:30:00,4.976
2023-02-07 08:45:00,4.964
2023-02-07 09:00:00,4.955
2023-02-07 09:15:00,4.991
2023-02-07 09:30:00,4.961
2023-02-07 09:45:00,4.951
2023-02-07 10:00:00,4.988
2023-02-07 10:15:00,4.958
2023-02-07 10:30:00,4.949
2023-02-07 10:45:00,4.985
2023-02-07 11:00:00,4.966
2023-02-07 11:15:00,4.928
2023-02-07 11:30:00,4.975
2023-02-07 11:45:00,4.966
2023-02-07 12:00:00,4.956
2023-02-07 12:15:00,4.966
2023-02-07 12:30:00,4.965
2023-02-07 12:45:00,4.955
2023-02-07 13:00:00,4.964
2023-02-07 13:15:00,4.945
2023-02-07 13:30:00,4.992
2023-02-07 13:45:00,4.944
2023-02-07 14:00:00,4.934
2023-02-07 14:15:00,4.953
2023-02-07 14:30:00,4.944
2023-02-07 14:45:00,4.934
2023-02-07 15:00:00,4.934
2023-02-07 15:15:00,4.934
2023-02-07 15:30:00,4.954
2023-02-07 15:45:00,4.954
2023-02-07 16:00:00,4.974
2023-02-07 16:15:00,4.976
2023-02-07 16:30:00,4.976
2023-02-07 16:45:00,4.966
2023-02-07 17:00:00,4.966
2023-02-07 17:15:00,4.977
2023-02-07 17:30:00,4.968
2023-02-07 17:45:00,4.959
2023-02-07 18:00:00,4.95
2023-02-07 18:15:00,4.951
2023-02-07 18:30:00,4.979
2023-02-07 18:45:00,4.97
2023-02-07 19:00:00,4.95
2023-02-07 19:15:00,4.979
2023-02-07 19:30:00,4.971
2023-02-07 19:45:00,4.979
2023-02-07 20:00:00,4.941
2023-02-07 20:15:00,4.95
2023-02-07 20:30:00,4.93
2023-02-07 20:45:00,4.958
2023-02-07 21:00:00,4.94
2023-02-07 21:15:00,4.93
2023-02-07 21:30:00,4.941
2023-02-07 21:45:00,4.93
2023-02-07 22:00:00,4.93
2023-02-07 22:15:00,4.949
2023-02-07 22:30:00,4.911
2023-02-07 22:45:00,4.922
2023-02-07 23:00:00,4.904
2023-02-07 23:15:00,5.035
2023-02-07 23:30:00,5.039
2023-02-07 23:45:00,5.04
2023-02-08 00:00:00,5.031
2023-02-08 00:15:00,5.098
2023-02-08 00:30:00,5.202
2023-02-08 00:45:00,5.259
2023-02-08 01:00:00,5.278
2023-02-08 01:15:00,5.183
2023-02-08 01:30:00,5.25
2023-02-08 01:45:00,5.202
2023-02-08 02:00:00,5.203
2023-02-08 02:15:00,5.193
2023-02-08 02:30:00,5.222
2023-02-08 02:45:00,5.212
2023-02-08 03:00:00,5.174
2023-02-08 03:15:00,5.26
2023-02-08 03:30:00,5.193
2023-02-08 03:45:00,5.203
2023-02-08 04:00:00,5.259
2023-02-08 04:15:00,5.174
2023-02-08 04:30:00,5.202
2023-02-08 04:45:00,5.155
2023-02-08 05:00:00,5.231
2023-02-08 05:15:00,5.26
2023-02-08 05:30:00,5.25
2023-02-08 05:45:00,5.24
2023-02-08 06:00:00,5.193
2023-02-08 06:15:00,5.212
2023-02-08 06:30:00,5.184
2023-02-08 06:45:00,5.288
2023-02-08 07:00:00,5.203
2023-02-08 07:15:00,5.223
2023-02-08 07:30:00,5.241
2023-02-08 07:45:00,5.203
2023-02-08 08:00:00,5.251
2023-02-08 08:15:00,5.204
2023-02-08 08:30:00,5.25
2023-02-08 08:45:00,5.212
2023-02-08 09:00:00,5.239
2023-02-08 09:15:00,5.267
2023-02-08 09:30:00,5.274
2023-02-08 09:45:00,5.234
2023-02-08 10:00:00,5.297
2023-02-08 10:15:00,5.24
2023-02-08 10:30:00,5.286
2023-02-08 10:45:00,5.229
2023-02-08 11:00:00,5.266
2023-02-08 11:15:00,5.265
2023-02-08 11:30:00,5.303
2023-02-08 11:45:00,5.256
2023-02-08 12:00:00,5.256
2023-02-08 12:15:00,5.246
2023-02-08 12:30:00,5.246
2023-02-08 12:45:00,5.237
2023-02-08 13:00:00,5.255
2023-02-08 13:15:00,5.236
2023-02-08 13:30:00,5.265
2023-02-08 13:45:00,5.208
2023-02-08 14:00:00,5.226
2023-02-08 14:15:00,5.264
2023-02-08 14:30:00,5.207
2023-02-08 14:45:00,5.294
2023-02-08 15:00:00,5.218
2023-02-08 15:15:00,5.266
2023-02-08 15:30:00,5.218
2023-02-08 15:45:00,5.265
2023-02-08 16:00:00,5.18
2023-02-08 16:15:00,5.247
2023-02-08 16:30:00,5.191
2023-02-08 16:45:00,5.2
2023-02-08 17:00:00,5.182
2023-02-08 17:15:00,5.229
2023-02-08 17:30:00,5.155
2023-02-08 17:45:00,5.179
2023-02-08 18:00:00,5.192
2023-02-08 18:15:00,5.241
2023-02-08 18:30:00,5.337
2023-02-08 18:45:00,5.319
2023-02-08 19:00:00,5.292
2023-02-08 19:15:00,5.311
2023-02-08 19:30:00,5.322
2023-02-08 19:45:00,5.267
2023-02-08 20:00:00,5.219
2023-02-08 20:15:00,5.229
2023-02-08 20:30:00,5.266
2023-02-08 20:45:00,5.259
2023-02-08 21:00:00,5.211
2023-02-08 21:15:00,5.295
2023-02-08 21:30:00,5.274
2023-02-08 21:45:00,5.264
2023-02-08 22:00:00,5.236
2023-02-08 22:15:00,5.302
2023-02-08 22:30:00,5.207
2023-02-08 22:45:00,5.219
2023-02-08 23:00:00,5.276
2023-02-08 23:15:00,5.181
2023-02-08 23:30:00,5.276
2023-02-08 23:45:00,5.246
2023-02-09 00:00:00,5.277
2023-02-09 00:15:00,5.256
2023-02-09 00:30:00,5.304
2023-02-09 00:45:00,5.208
2023-02-09 01:00:00,5.227
2023-02-09 01:15:00,5.207
2023-02-09 01:30:00,5.263
2023-02-09 01:45:00,5.292
2023-02-09 02:00:00,5.301
2023-02-09 02:15:00,5.263
2023-02-09 02:30:00,5.301
2023-02-09 02:45:00,5.32
2023-02-09 03:00:00,5.245
2023-02-09 03:15:00,5.207
2023-02-09 03:30:00,5.236
2023-02-09 03:45:00,5.197
2023-02-09 04:00:00,5.282
2023-02-09 04:15:00,5.301
2023-02-09 04:30:00,5.282
2023-02-09 04:45:00,5.197
2023-02-09 05:00:00,5.216
2023-02-09 05:15:00,5.273
2023-02-09 05:30:00,5.254
2023-02-09 05:45:00,5.254
2023-02-09 06:00:00,5.225
2023-02-09 06:15:00,5.216
2023-02-09 06:30:00,5.273
2023-02-09 06:45:00,5.225
2023-02-09 07:00:00,5.235
2023-02-09 07:15:00,5.254
2023-02-09 07:30:00,5.226
2023-02-09 07:45:00,5.207
2023-02-09 08:00:00,5.282
2023-02-09 08:15:00,5.215
2023-02-09 08:30:00,5.214
2023-02-09 08:45:00,5.204
2023-02-09 09:00:00,5.156
2023-02-09 09:15:00,5.222
2023-02-09 09:30:00,5.239
2023-02-09 09:45:00,5.197
2023-02-09 10:00:00,5.214
2023-02-09 10:15:00,5.174
2023-02-09 10:30:00,5.22
2023-02-09 10:45:00,5.276
2023-02-09 11:00:00,5.228
2023-02-09 11:15:00,5.294
2023-02-09 11:30:00,5.312
2023-02-09 11:45:00,5.17
2023-02-09 12:00:00,5.264
2023-02-09 12:15:00,5.245
2023-02-09 12:30:00,5.198
2023-02-09 12:45:00,5.302
2023-02-09 13:00:00,5.292
2023-02-09 13:15:00,5.188
2023-02-09 13:30:00,5.198
2023-02-09 13:45:00,5.226
2023-02-09 14:00:00,5.217
2023-02-09 14:15:00,5.216
2023-02-09 14:30:00,5.226
2023-02-09 14:45:00,5.292
2023-02-09 15:00:00,5.255
2023-02-09 15:15:00,5.283
2023-02-09 15:30:00,5.226
2023-02-09 15:45:00,5.208
2023-02-09 16:00:00,5.292
2023-02-09 16:15:00,5.217
2023-02-09 16:30:00,5.17
2023-02-09 16:45:00,5.274
2023-02-09 17:00:00,5.256
2023-02-09 17:15:00,5.209
2023-02-09 17:30:00,5.201
2023-02-09 17:45:00,5.203
2023-02-09 18:00:00,5.159
2023-02-09 18:15:00,5.247
2023-02-09 18:30:00,5.267
2023-02-09 18:45:00,5.286
2023-02-09 19:00:00,5.21
2023-02-09 19:15:00,5.192
2023-02-09 19:30:00,5.155
2023-02-09 19:45:00,5.221
2023-02-09 20:00:00,5.241
2023-02-09 20:15:00,5.146
2023-02-09 20:30:00,5.25
2023-02-09 20:45:00,5.269
2023-02-09 21:00:00,5.156
2023-02-09 21:15:00,5.288
2023-02-09 21:30:00,5.146
2023-02-09 21:45:00,5.213
2023-02-09 22:00:00,5.241
2023-02-09 22:15:00,5.212
2023-02-09 22:30:00,5.213
2023-02-09 22:45:00,5.213
2023-02-09 23:00:00,5.269
2023-02-09 23:15:00,5.231
2023-02-09 23:30:00,5.212
2023-02-09 23:45:00,5.26
2023-02-10 00:00:00,5.146
2023-02-10 00:15:00,5.288
2023-02-10 00:30:00,5.251
2023-02-10 00:45:00,5.25
2023-02-10 01:00:00,5.194
2023-02-10 01:15:00,5.232
2023-02-10 01:30:00,5.213
2023-02-10 01:45:00,5.212
2023-02-10 02:00:00,5.184
2023-02-10 02:15:00,5.25
2023-02-10 02:30:00,5.222
2023-02-10 02:45:00,5.223
2023-02-10 03:00:00,5.26
2023-02-10 03:15:00,5.166
2023-02-10 03:30:00,5.185
2023-02-10 03:45:00,5.223
2023-02-10 04:00:00,5.261
2023-02-10 04:15:00,5.205
2023-02-10 04:30:00,5.299
2023-02-10 04:45:00,5.214
2023-02-10 05:00:00,5.308
2023-02-10 05:15:00,5.195
2023-02-10 05:30:00,5.27
2023-02-10 05:45:00,5.242
2023-02-10 06:00:00,5.223
2023-02-10 06:15:00,5.298
2023-02-10 06:30:00,5.27
2023-02-10 06:45:00,5.222
2023-02-10 07:00:00,5.232
2023-02-10 07:15:00,5.176
2023-02-10 07:30:00,5.194
2023-02-10 07:45:00,5.289
2023-02-10 08:00:00,5.27
2023-02-10 08:15:00,5.241
2023-02-10 08:30:00,5.298
2023-02-10 08:45:00,5.259
2023-02-10 09:00:00,5.174
2023-02-10 09:15:00,5.211
2023-02-10 09:30:00,5.181
2023-02-10 09:45:00,5.235
2023-02-10 10:00:00,5.308
2023-02-10 10:15:00,5.278
2023-02-10 10:30:00,5.23
2023-02-10 10:45:00,5.201
2023-02-10 11:00:00,5.228
2023-02-10 11:15:00,5.198
2023-02-10 11:30:00,5.225
2023-02-10 11:45:00,5.224
2023-02-10 12:00:00,5.289
2023-02-10 12:15:00,5.27
2023-02-10 12:30:00,5.269
2023-02-10 12:45:00,5.25
2023-02-10 13:00:00,5.251
2023-02-10 13:15:00,5.269
2023-02-10 13:30:00,5.213
2023-02-10 13:45:00,5.194
2023-02-10 14:00:00,5.298
2023-02-10 14:15:00,5.176
2023-02-10 14:30:00,5.166
2023-02-10 14:45:00,5.26
2023-02-10 15:00:00,5.326
2023-02-10 15:15:00,5.306
2023-02-10 15:30:00,5.269
2023-02-10 15:45:00,5.213
2023-02-10 16:00:00,5.308
2023-02-10 16:15:00,5.279
2023-02-10 16:30:00,5.271
2023-02-10 16:45:00,5.225
2023-02-10 17:00:00,5.321
2023-02-10 17:15:00,5.199
2023-02-10 17:30:00,5.286
2023-02-10 17:45:00,5.337
2023-02-10 18:00:00,5.246
2023-02-10 18:15:00,5.314
2023-02-10 18:30:00,5.287
2023-02-10 18:45:00,5.231
2023-02-10 19:00:00,5.298
2023-02-10 19:15:00,5.204
2023-02-10 19:30:00,5.27
2023-02-10 19:45:00,5.347
2023-02-10 20:00:00,5.233
2023-02-10 20:15:00,5.347
2023-02-10 20:30:00,5.328
2023-02-10 20:45:00,5.329
2023-02-10 21:00:00,5.319
2023-02-10 21:15:00,5.329
2023-02-10 21:30:00,5.348
2023-02-10 21:45:00,5.253
2023-02-10 22:00:00,5.272
2023-02-10 22:15:00,5.272
2023-02-10 22:30:00,5.253
2023-02-10 22:45:00,5.243
2023-02-10 23:00:00,5.281
2023-02-10 23:15:00,5.309
2023-02-10 23:30:00,5.3
2023-02-10 23:45:00,5.309
2023-02-11 00:00:00,5.3
2023-02-11 00:15:00,5.263
2023-02-11 00:30:00,5.349
2023-02-11 00:45:00,5.292
2023-02-11 01:00:00,5.282
2023-02-11 01:15:00,5.387
2023-02-11 01:30:00,5.312
2023-02-11 01:45:00,5.312
2023-02-11 02:00:00,5.265
2023-02-11 02:15:00,5.334
2023-02-11 02:30:00,5.372
2023-02-11 02:45:00,5.286
2023-02-11 03:00:00,5.325
2023-02-11 03:15:00,5.252
2023-02-11 03:30:00,5.299
2023-02-11 03:45:00,5.269
2023-02-11 04:00:00,5.337
2023-02-11 04:15:00,5.281
2023-02-11 04:30:00,5.281
2023-02-11 04:45:00,5.253
2023-02-11 05:00:00,5.367
2023-02-11 05:15:00,5.358
2023-02-11 05:30:00,5.461
2023-02-11 05:45:00,5.414
2023-02-11 06:00:00,5.376
2023-02-11 06:15:00,5.291
2023-02-11 06:30:00,5.442
2023-02-11 06:45:00,5.433
2023-02-11 07:00:00,5.301
2023-02-11 07:15:00,5.3
2023-02-11 07:30:00,5.338
2023-02-11 07:45:00,5.328
2023-02-11 08:00:00,5.385
2023-02-11 08:15:00,5.277
2023-02-11 08:30:00,5.264
2023-02-11 08:45:00,5.214
2023-02-11 09:00:00,5.315
2023-02-11 09:15:00,5.329
2023-02-11 09:30:00,5.289
2023-02-11 09:45:00,5.324
2023-02-11 10:00:00,5.369
2023-02-11 10:15:00,5.357
2023-02-11 10:30:00,5.384
2023-02-11 10:45:00,5.355
2023-02-11 11:00:00,5.324
2023-02-11 11:15:00,5.351
2023-02-11 11:30:00,5.285
2023-02-11 11:45:00,5.228
2023-02-11 12:00:00,5.36
2023-02-11 12:15:00,5.398
2023-02-11 12:30:00,5.2
2023-02-11 12:45:00,5.21
2023-02-11 13:00:00,5.296
2023-02-11 13:15:00,5.239
2023-02-11 13:30:00,5.229
2023-02-11 13:45:00,5.229
2023-02-11 14:00:00,5.221
2023-02-11 14:15:00,5.287
2023-02-11 14:30:00,5.325
2023-02-11 14:45:00,5.288
2023-02-11 15:00:00,5.288
2023-02-11 15:15:00,5.363
2023-02-11 15:30:00,5.279
2023-02-11 15:45:00,5.269
2023-02-11 16:00:00,5.327
2023-02-11 16:15:00,5.327
2023-02-11 16:30:00,5.281
2023-02-11 16:45:00,5.443
2023-02-11 17:00:00,5.33
2023-02-11 17:15:00,5.407
2023-02-11 17:30:00,5.409
2023-02-11 17:45:00,5.289
2023-02-11 18:00:00,5.369
2023-02-11 18:15:00,5.363
2023-02-11 18:30:00,5.365
2023-02-11 18:45:00,5.357
2023-02-11 19:00:00,5.367
2023-02-11 19:15:00,5.396
2023-02-11 19:30:00,5.349
2023-02-11 19:45:00,5.35
2023-02-11 20:00:00,5.437
2023-02-11 20:15:00,5.334
2023-02-11 20:30:00,5.373
2023-02-11 20:45:00,5.276
2023-02-11 21:00:00,5.4
2023-02-11 21:15:00,5.342
2023-02-11 21:30:00,5.267
2023-02-11 21:45:00,5.324
2023-02-11 22:00:00,5.284
2023-02-11 22:15:00,5.378
2023-02-11 22:30:00,5.37
2023-02-11 22:45:00,5.312
2023-02-11 23:00:00,5.293
2023-02-11 23:15:00,5.378
2023-02-11 23:30:00,5.368
2023-02-11 23:45:00,5.302
2023-02-12 00:00:00,5.331
2023-02-12 00:15:00,5.359
2023-02-12 00:30:00,5.331
2023-02-12 00:45:00,5.278
2023-02-12 01:00:00,5.325
2023-02-12 01:15:00,5.26
2023-02-12 01:30:00,5.356
2023-02-12 01:45:00,5.28
2023-02-12 02:00:00,5.414
2023-02-12 02:15:00,5.366
2023-02-12 02:30:00,5.291
2023-02-12 02:45:00,5.357
2023-02-12 03:00:00,5.385
2023-02-12 03:15:00,5.252
2023-02-12 03:30:00,5.344
2023-02-12 03:45:00,5.278
2023-02-12 04:00:00,5.333
2023-02-12 04:15:00,5.378
2023-02-12 04:30:00,5.311
2023-02-12 04:45:00,5.377
2023-02-12 05:00:00,5.291
2023-02-12 05:15:00,5.301
2023-02-12 05:30:00,5.31
2023-02-12 05:45:00,5.405
2023-02-12 06:00:00,5.329
2023-02-12 06:15:00,5.357
2023-02-12 06:30:00,5.357
2023-02-12 06:45:00,5.367
2023-02-12 07:00:00,5.281
2023-02-12 07:15:00,5.357
2023-02-12 07:30:00,5.281
2023-02-12 07:45:00,5.338
2023-02-12 08:00:00,5.243
2023-02-12 08:15:00,5.299
2023-02-12 08:30:00,5.364
2023-02-12 08:45:00,5.363
2023-02-12 09:00:00,5.34
2023-02-12 09:15:00,5.284
2023-02-12 09:30:00,5.328
2023-02-12 09:45:00,5.392
2023-02-12 10:00:00,5.314
2023-02-12 10:15:00,5.323
2023-02-12 10:30:00,5.321
2023-02-12 10:45:00,5.32
2023-02-12 11:00:00,5.329
2023-02-12 11:15:00,5.309
2023-02-12 11:30:00,5.431
2023-02-12 11:45:00,5.327
2023-02-12 12:00:00,5.458
2023-02-12 12:15:00,5.392
2023-02-12 12:30:00,5.297
2023-02-12 12:45:00,5.305
2023-02-12 13:00:00,5.372
2023-02-12 13:15:00,5.324
2023-02-12 13:30:00,5.4
2023-02-12 13:45:00,5.417
2023-02-12 14:00:00,5.302
2023-02-12 14:15:00,5.435
2023-02-12 14:30:00,5.435
2023-02-12 14:45:00,5.426
2023-02-12 15:00:00,5.36
2023-02-12 15:15:00,5.389
2023-02-12 15:30:00,5.399
2023-02-12 15:45:00,5.314
2023-02-12 16:00:00,5.325
2023-02-12 16:15:00,5.278
2023-02-12 16:30:00,5.25
2023-02-12 16:45:00,5.354
2023-02-12 17:00:00,5.299
2023-02-12 17:15:00,5.281
2023-02-12 17:30:00,5.283
2023-02-12 17:45:00,5.398
2023-02-12 18:00:00,5.392
2023-02-12 18:15:00,5.444
2023-02-12 18:30:00,5.362
2023-02-12 18:45:00,5.448
2023-02-12 19:00:00,5.363
2023-02-12 19:15:00,5.467
2023-02-12 19:30:00,5.288
2023-02-12 19:45:00,5.382
2023-02-12 20:00:00,5.335
2023-02-12 20:15:00,5.392
2023-02-12 20:30:00,5.486
2023-02-12 20:45:00,5.372
2023-02-12 21:00:00,5.439
2023-02-12 21:15:00,5.372
2023-02-12 21:30:00,5.325
2023-02-12 21:45:00,5.476
2023-02-12 22:00:00,5.315
2023-02-12 22:15:00,5.391
2023-02-12 22:30:00,5.428
2023-02-12 22:45:00,5.476
2023-02-12 23:00:00,5.429
2023-02-12 23:15:00,5.42
2023-02-12 23:30:00,5.381
2023-02-12 23:45:00,5.315
2023-02-13 00:00:00,5.297
2023-02-13 00:15:00,5.344
2023-02-13 00:30:00,5.438
2023-02-13 00:45:00,5.372
2023-02-13 01:00:00,5.466
2023-02-13 01:15:00,5.37
2023-02-13 01:30:00,5.426
2023-02-13 01:45:00,5.461
2023-02-13 02:00:00,5.31
2023-02-13 02:15:00,5.328
2023-02-13 02:30:00,5.339
2023-02-13 02:45:00,5.395
2023-02-13 03:00:00,5.347
2023-02-13 03:15:00,5.443
2023-02-13 03:30:00,5.452
2023-02-13 03:45:00,5.45
2023-02-13 04:00:00,5.289
2023-02-13 04:15:00,5.291
2023-02-13 04:30:00,5.454
2023-02-13 04:45:00,5.443
2023-02-13 05:00:00,5.396
2023-02-13 05:15:00,5.321
2023-02-13 05:30:00,5.331
2023-02-13 05:45:00,5.3
2023-02-13 06:00:00,5.291
2023-02-13 06:15:00,5.318
2023-02-13 06:30:00,5.336
2023-02-13 06:45:00,5.316
2023-02-13 07:00:00,5.477
2023-02-13 07:15:00,5.344
2023-02-13 07:30:00,5.354
2023-02-13 07:45:00,5.401
2023-02-13 08:00:00,5.363
2023-02-13 08:15:00,5.344
2023-02-13 08:30:00,5.335
2023-02-13 08:45:00,5.363
2023-02-13 09:00:00,5.401
2023-02-13 09:15:00,5.315
2023-02-13 09:30:00,5.401
2023-02-13 09:45:00,5.297
2023-02-13 10:00:00,5.438
2023-02-13 10:15:00,5.476
2023-02-13 10:30:00,5.419
2023-02-13 10:45:00,5.362
2023-02-13 11:00:00,5.334
2023-02-13 11:15:00,5.429
2023-02-13 11:30:00,5.296
2023-02-13 11:45:00,5.457
2023-02-13 12:00:00,5.437
2023-02-13 12:15:00,5.36
2023-02-13 12:30:00,5.332
2023-02-13 12:45:00,5.397
2023-02-13 13:00:00,5.36
2023-02-13 13:15:00,5.416
2023-02-13 13:30:00,5.275
2023-02-13 13:45:00,5.36
2023-02-13 14:00:00,5.456
2023-02-13 14:15:00,5.39
2023-02-13 14:30:00,5.475
2023-02-13 14:45:00,5.409
2023-02-13 15:00:00,5.39
2023-02-13 15:15:00,5.399
2023-02-13 15:30:00,5.381
2023-02-13 15:45:00,5.429
2023-02-13 16:00:00,5.384
2023-02-13 16:15:00,5.413
2023-02-13 16:30:00,5.358
2023-02-13 16:45:00,5.386
2023-02-13 17:00:00,5.406
2023-02-13 17:15:00,5.54
2023-02-13 17:30:00,5.389
2023-02-13 17:45:00,5.523
2023-02-13 18:00:00,5.485
2023-02-13 18:15:00,5.391
2023-02-13 18:30:00,5.391
2023-02-13 18:45:00,5.477
2023-02-13 19:00:00,5.344
2023-02-13 19:15:00,5.467
2023-02-13 19:30:00,5.477
2023-02-13 19:45:00,5.363
2023-02-13 20:00:00,5.42
2023-02-13 20:15:00,5.496
2023-02-13 20:30:00,5.345
2023-02-13 20:45:00,5.364
2023-02-13 21:00:00,5.421
2023-02-13 21:15:00,5.373
2023-02-13 21:30:00,5.544
2023-02-13 21:45:00,5.478
2023-02-13 22:00:00,5.506
2023-02-13 22:15:00,5.535
2023-02-13 22:30:00,5.469
2023-02-13 22:45:00,5.516
2023-02-13 23:00:00,5.478
2023-02-13 23:15:00,5.497
2023-02-13 23:30:00,5.393
2023-02-13 23:45:00,5.336
2023-02-14 00:00:00,5.365
2023-02-14 00:15:00,5.403
2023-02-14 00:30:00,5.384
2023-02-14 00:45:00,5.365
2023-02-14 01:00:00,5.535
2023-02-14 01:15:00,5.393
2023-02-14 01:30:00,5.345
2023-02-14 01:45:00,5.402
2023-02-14 02:00:00,5.488
2023-02-14 02:15:00,5.459
2023-02-14 02:30:00,5.327
2023-02-14 02:45:00,5.299
2023-02-14 03:00:00,5.374
2023-02-14 03:15:00,5.346
2023-02-14 03:30:00,5.375
2023-02-14 03:45:00,5.375
2023-02-14 04:00:00,5.365
2023-02-14 04:15:00,5.347
2023-02-14 04:30:00,5.423
2023-02-14 04:45:00,5.319
2023-02-14 05:00:00,5.47
2023-02-14 05:15:00,5.499
2023-02-14 05:30:00,5.489
2023-02-14 05:45:00,5.357
2023-02-14 06:00:00,5.49
2023-02-14 06:15:00,5.386
2023-02-14 06:30:00,5.49
2023-02-14 06:45:00,5.386
2023-02-14 07:00:00,5.518
2023-02-14 07:15:00,5.414
2023-02-14 07:30:00,5.338
2023-02-14 07:45:00,5.414
2023-02-14 08:00:00,5.357
2023-02-14 08:15:00,5.442
2023-02-14 08:30:00,5.385
2023-02-14 08:45:00,5.394
2023-02-14 09:00:00,5.347
2023-02-14 09:15:00,5.366
2023-02-14 09:30:00,5.394
2023-02-14 09:45:00,5.412
2023-02-14 10:00:00,5.469
2023-02-14 10:15:00,5.392
2023-02-14 10:30:00,4.759
2023-02-14 10:45:00,4.778
2023-02-14 11:00:00,4.786
2023-02-14 11:15:00,4.813
2023-02-14 11:30:00,4.804
2023-02-14 11:45:00,4.775
2023-02-14 12:00:00,4.784
2023-02-14 12:15:00,4.84
2023-02-14 12:30:00,4.849
2023-02-14 12:45:00,4.819
2023-02-14 13:00:00,4.781
2023-02-14 13:15:00,4.846
2023-02-14 13:30:00,4.79
2023-02-14 13:45:00,4.808
2023-02-14 14:00:00,4.856
2023-02-14 14:15:00,4.807
2023-02-14 14:30:00,4.853
2023-02-14 14:45:00,4.852
2023-02-14 15:00:00,4.815
2023-02-14 15:15:00,4.816
2023-02-14 15:30:00,4.835
2023-02-14 15:45:00,4.808
2023-02-14 16:00:00,4.867
2023-02-14 16:15:00,4.81
2023-02-14 16:30:00,4.828
2023-02-14 16:45:00,4.878
2023-02-14 17:00:00,4.868
2023-02-14 17:15:00,4.861
2023-02-14 17:30:00,4.89
2023-02-14 17:45:00,4.891
2023-02-14 18:00:00,4.873
2023-02-14 18:15:00,4.855
2023-02-14 18:30:00,4.893
2023-02-14 18:45:00,4.913
2023-02-14 19:00:00,4.942
2023-02-14 19:15:00,4.971
2023-02-14 19:30:00,4.981
2023-02-14 19:45:00,5.002
2023-02-14 20:00:00,4.965
2023-02-14 20:15:00,5.003
2023-02-14 20:30:00,5.063
2023-02-14 20:45:00,4.997
2023-02-14 21:00:00,5.063
2023-02-14 21:15:00,5.055
2023-02-14 21:30:00,5.045
2023-02-14 21:45:00,5.102
2023-02-14 22:00:00,5.008
2023-02-14 22:15:00,5.074
2023-02-14 22:30:00,5.036
2023-02-14 22:45:00,5.036
2023-02-14 23:00:00,5.11
2023-02-14 23:15:00,5.121
2023-02-14 23:30:00,5.131
2023-02-14 23:45:00,5.056
2023-02-15 00:00:00,5.085
2023-02-15 00:15:00,5.122
2023-02-15 00:30:00,5.179
2023-02-15 00:45:00,5.104
2023-02-15 01:00:00,5.104
2023-02-15 01:15:00,5.151
2023-02-15 01:30:00,5.084
2023-02-15 01:45:00,5.207
2023-02-15 02:00:00,5.188
2023-02-15 02:15:00,5.093
2023-02-15 02:30:00,5.084
2023-02-15 02:45:00,5.093
2023-02-15 03:00:00,5.197
2023-02-15 03:15:00,5.178
2023-02-15 03:30:00,5.159
2023-02-15 03:45:00,5.13
2023-02-15 04:00:00,5.207
2023-02-15 04:15:00,5.112
2023-02-15 04:30:00,5.198
2023-02-15 04:45:00,5.123
2023-02-15 05:00:00,5.199
2023-02-15 05:15:00,5.142
2023-02-15 05:30:00,5.094
2023-02-15 05:45:00,5.238
2023-02-15 06:00:00,5.198
2023-02-15 06:15:00,5.094
2023-02-15 06:30:00,5.216
2023-02-15 06:45:00,5.141
2023-02-15 07:00:00,5.198
2023-02-15 07:15:00,5.112
2023-02-15 07:30:00,5.16
2023-02-15 07:45:00,5.188
2023-02-15 08:00:00,5.112
2023-02-15 08:15:00,5.137
2023-02-15 08:30:00,5.189
2023-02-15 08:45:00,5.186
2023-02-15 09:00:00,5.174
2023-02-15 09:15:00,5.144
2023-02-15 09:30:00,5.132
2023-02-15 09:45:00,5.129
2023-02-15 10:00:00,5.127
2023-02-15 10:15:00,5.087
2023-02-15 10:30:00,5.086
2023-02-15 10:45:00,5.18
2023-02-15 11:00:00,5.143
2023-02-15 11:15:00,5.198
2023-02-15 11:30:00,5.207
2023-02-15 11:45:00,5.188
2023-02-15 12:00:00,5.254
2023-02-15 12:15:00,5.188
2023-02-15 12:30:00,5.14
2023-02-15 12:45:00,5.197
2023-02-15 13:00:00,5.149
2023-02-15 13:15:00,5.31
2023-02-15 13:30:00,5.159
2023-02-15 13:45:00,5.253
2023-02-15 14:00:00,5.158
2023-02-15 14:15:00,5.196
2023-02-15 14:30:00,5.309
2023-02-15 14:45:00,5.29
2023-02-15 15:00:00,5.177
2023-02-15 15:15:00,5.186
2023-02-15 15:30:00,5.319
2023-02-15 15:45:00,5.168
2023-02-15 16:00:00,5.177
2023-02-15 16:15:00,5.197
2023-02-15 16:30:00,5.197
2023-02-15 16:45:00,5.207
2023-02-15 17:00:00,5.236
2023-02-15 17:15:00,5.218
2023-02-15 17:30:00,5.21
2023-02-15 17:45:00,5.24
2023-02-15 18:00:00,5.207
2023-02-15 18:15:00,5.249
2023-02-15 18:30:00,5.213
2023-02-15 18:45:00,5.139
2023-02-15 19:00:00,5.244
2023-02-15 19:15:00,5.216
2023-02-15 19:30:00,5.15
2023-02-15 19:45:00,5.284
2023-02-15 20:00:00,5.302
2023-02-15 20:15:00,5.198
2023-02-15 20:30:00,5.331
2023-02-15 20:45:00,5.304
2023-02-15 21:00:00,5.219
2023-02-15 21:15:00,5.266
2023-02-15 21:30:00,5.247
2023-02-15 21:45:00,5.275
2023-02-15 22:00:00,5.304
2023-02-15 22:15:00,5.306
2023-02-15 22:30:00,5.258
2023-02-15 22:45:00,5.341
2023-02-15 23:00:00,5.275
2023-02-15 23:15:00,5.331
2023-02-15 23:30:00,5.274
2023-02-15 23:45:00,5.378
2023-02-16 00:00:00,5.34
2023-02-16 00:15:00,5.207
2023-02-16 00:30:00,5.274
2023-02-16 00:45:00,5.254
2023-02-16 01:00:00,5.217
2023-02-16 01:15:00,5.37
2023-02-16 01:30:00,5.378
2023-02-16 01:45:00,5.377
2023-02-16 02:00:00,5.388
2023-02-16 02:15:00,5.34
2023-02-16 02:30:00,5.33
2023-02-16 02:45:00,5.246
2023-02-16 03:00:00,5.236
2023-02-16 03:15:00,5.368
2023-02-16 03:30:00,5.274
2023-02-16 03:45:00,5.226
2023-02-16 04:00:00,5.415
2023-02-16 04:15:00,5.254
2023-02-16 04:30:00,5.349
2023-02-16 04:45:00,5.339
2023-02-16 05:00:00,5.396
2023-02-16 05:15:00,5.387
2023-02-16 05:30:00,5.227
2023-02-16 05:45:00,5.396
2023-02-16 06:00:00,5.283
2023-02-16 06:15:00,5.245
2023-02-16 06:30:00,5.311
2023-02-16 06:45:00,5.302
2023-02-16 07:00:00,5.359
2023-02-16 07:15:00,5.321
2023-02-16 07:30:00,5.311
2023-02-16 07:45:00,5.405
2023-02-16 08:00:00,5.339
2023-02-16 08:15:00,5.291
2023-02-16 08:30:00,5.262
2023-02-16 08:45:00,5.346
2023-02-16 09:00:00,5.231
2023-02-16 09:15:00,5.259
2023-02-16 09:30:00,5.237
2023-02-16 09:45:00,5.252
2023-02-16 10:00:00,5.316
2023-02-16 10:15:00,5.305
2023-02-16 10:30:00,5.38
2023-02-16 10:45:00,5.275
2023-02-16 11:00:00,5.36
2023-02-16 11:15:00,5.473
2023-02-16 11:30:00,5.453
2023-02-16 11:45:00,5.283
2023-02-16 12:00:00,5.339
2023-02-16 12:15:00,5.443
2023-02-16 12:30:00,5.424
2023-02-16 12:45:00,5.329
2023-02-16 13:00:00,5.3
2023-02-16 13:15:00,5.319
2023-02-16 13:30:00,5.338
2023-02-16 13:45:00,5.384
2023-02-16 14:00:00,5.422
2023-02-16 14:15:00,5.357
2023-02-16 14:30:00,5.489
2023-02-16 14:45:00,5.338
2023-02-16 15:00:00,5.424
2023-02-16 15:15:00,5.329
2023-02-16 15:30:00,5.292
2023-02-16 15:45:00,5.482
2023-02-16 16:00:00,5.285
2023-02-16 16:15:00,5.427
2023-02-16 16:30:00,5.502
2023-02-16 16:45:00,5.304
2023-02-16 17:00:00,5.39
2023-02-16 17:15:00,5.296
2023-02-16 17:30:00,5.354
2023-02-16 17:45:00,5.273
2023-02-16 18:00:00,5.305
2023-02-16 18:15:00,5.307
2023-02-16 18:30:00,5.308
2023-02-16 18:45:00,5.403
2023-02-16 19:00:00,5.47
2023-02-16 19:15:00,5.319
2023-02-16 19:30:00,5.281
2023-02-16 19:45:00,5.424
2023-02-16 20:00:00,5.282
2023-02-16 20:15:00,5.471
2023-02-16 20:30:00,5.395
2023-02-16 20:45:00,5.32
2023-02-16 21:00:00,5.329
2023-02-16 21:15:00,5.481
2023-02-16 21:30:00,5.49
2023-02-16 21:45:00,5.405
2023-02-16 22:00:00,5.329
2023-02-16 22:15:00,5.453
2023-02-16 22:30:00,5.433
2023-02-16 22:45:00,5.424
2023-02-16 23:00:00,5.424
2023-02-16 23:15:00,5.435
2023-02-16 23:30:00,5.273
2023-02-16 23:45:00,5.462
2023-02-17 00:00:00,5.414
2023-02-17 00:15:00,5.282
2023-02-17 00:30:00,5.263
2023-02-17 00:45:00,5.434
2023-02-17 01:00:00,5.377
2023-02-17 01:15:00,5.348
2023-02-17 01:30:00,5.282
2023-02-17 01:45:00,5.329
2023-02-17 02:00:00,5.405
2023-02-17 02:15:00,5.451
2023-02-17 02:30:00,5.432
2023-02-17 02:45:00,5.356
2023-02-17 03:00:00,5.346
2023-02-17 03:15:00,5.356
2023-02-17 03:30:00,5.308
2023-02-17 03:45:00,5.422
2023-02-17 04:00:00,5.336
2023-02-17 04:15:00,5.298
2023-02-17 04:30:00,5.421
2023-02-17 04:45:00,5.298
2023-02-17 05:00:00,5.364
2023-02-17 05:15:00,5.289
2023-02-17 05:30:00,5.336
2023-02-17 05:45:00,5.298
2023-02-17 06:00:00,5.478
2023-02-17 06:15:00,5.44
2023-02-17 06:30:00,5.421
2023-02-17 06:45:00,5.383
2023-02-17 07:00:00,5.27
2023-02-17 07:15:00,5.506
2023-02-17 07:30:00,5.298
2023-02-17 07:45:00,5.318
2023-02-17 08:00:00,5.497
2023-02-17 08:15:00,5.298
2023-02-17 08:30:00,5.324
2023-02-17 08:45:00,5.294
2023-02-17 09:00:00,5.329
2023-02-17 09:15:00,5.442
2023-02-17 09:30:00,5.402
2023-02-17 09:45:00,5.326
2023-02-17 10:00:00,5.373
2023-02-17 10:15:00,5.41
2023-02-17 10:30:00,5.372
2023-02-17 10:45:00,5.277
2023-02-17 11:00:00,5.333
2023-02-17 11:15:00,5.324
2023-02-17 11:30:00,5.371
2023-02-17 11:45:00,5.408
2023-02-17 12:00:00,5.351
2023-02-17 12:15:00,5.454
2023-02-17 12:30:00,5.313
2023-02-17 12:45:00,5.445
2023-02-17 13:00:00,5.426
2023-02-17 13:15:00,5.52
2023-02-17 13:30:00,5.491
2023-02-17 13:45:00,5.462
2023-02-17 14:00:00,5.462
2023-02-17 14:15:00,5.376
2023-02-17 14:30:00,5.519
2023-02-17 14:45:00,5.282
2023-02-17 15:00:00,5.311
2023-02-17 15:15:00,5.321
2023-02-17 15:30:00,5.35
2023-02-17 15:45:00,5.35
2023-02-17 16:00:00,5.426
2023-02-17 16:15:00,5.36
2023-02-17 16:30:00,5.304
2023-02-17 16:45:00,5.436
2023-02-17 17:00:00,5.295
2023-02-17 17:15:00,5.456
2023-02-17 17:30:00,5.362
2023-02-17 17:45:00,5.459
2023-02-17 18:00:00,5.449
2023-02-17 18:15:00,5.44
2023-02-17 18:30:00,5.461
2023-02-17 18:45:00,5.358
2023-02-17 19:00:00,5.351
2023-02-17 19:15:00,5.368
2023-02-17 19:30:00,5.511
2023-02-17 19:45:00,5.265
2023-02-17 20:00:00,5.331
2023-02-17 20:15:00,5.301
2023-02-17 20:30:00,5.416
2023-02-17 20:45:00,5.35
2023-02-17 21:00:00,5.436
2023-02-17 21:15:00,5.446
2023-02-17 21:30:00,5.276
2023-02-17 21:45:00,5.294
2023-02-17 22:00:00,5.35
2023-02-17 22:15:00,5.302
2023-02-17 22:30:00,5.405
2023-02-17 22:45:00,5.462
2023-02-17 23:00:00,5.359
2023-02-17 23:15:00,5.443
2023-02-17 23:30:00,5.33
2023-02-17 23:45:00,5.462
2023-02-18 00:00:00,5.508
2023-02-18 00:15:00,5.273
2023-02-18 00:30:00,5.48
2023-02-18 00:45:00,5.451
2023-02-18 01:00:00,5.497
2023-02-18 01:15:00,5.463
2023-02-18 01:30:00,5.313
2023-02-18 01:45:00,5.361
2023-02-18 02:00:00,5.332
2023-02-18 02:15:00,5.284
2023-02-18 02:30:00,5.312
2023-02-18 02:45:00,5.435
2023-02-18 03:00:00,5.465
2023-02-18 03:15:00,5.37
2023-02-18 03:30:00,5.501
2023-02-18 03:45:00,5.371
2023-02-18 04:00:00,5.438
2023-02-18 04:15:00,5.341
2023-02-18 04:30:00,5.454
2023-02-18 04:45:00,5.34
2023-02-18 05:00:00,5.407
2023-02-18 05:15:00,5.343
2023-02-18 05:30:00,5.428
2023-02-18 05:45:00,5.503
2023-02-18 06:00:00,5.457
2023-02-18 06:15:00,5.352
2023-02-18 06:30:00,5.493
2023-02-18 06:45:00,5.38
2023-02-18 07:00:00,5.342
2023-02-18 07:15:00,5.428
2023-02-18 07:30:00,5.428
2023-02-18 07:45:00,5.295
2023-02-18 08:00:00,5.409
2023-02-18 08:15:00,5.484
2023-02-18 08:30:00,5.332
2023-02-18 08:45:00,5.359
2023-02-18 09:00:00,5.481
2023-02-18 09:15:00,5.445
2023-02-18 09:30:00,5.417
2023-02-18 09:45:00,5.473
2023-02-18 10:00:00,5.482
2023-02-18 10:15:00,5.351
2023-02-18 10:30:00,5.519
2023-02-18 10:45:00,5.395
2023-02-18 11:00:00,5.431
2023-02-18 11:15:00,5.468
2023-02-18 11:30:00,5.439
2023-02-18 11:45:00,5.381
2023-02-18 12:00:00,5.456
2023-02-18 12:15:00,5.474
2023-02-18 12:30:00,5.351
2023-02-18 12:45:00,5.464
2023-02-18 13:00:00,5.36
2023-02-18 13:15:00,5.312
2023-02-18 13:30:00,5.406
2023-02-18 13:45:00,5.501
2023-02-18 14:00:00,5.472
2023-02-18 14:15:00,5.311
2023-02-18 14:30:00,5.51
2023-02-18 14:45:00,5.312
2023-02-18 15:00:00,5.463
2023-02-18 15:15:00,5.341
2023-02-18 15:30:00,5.54
2023-02-18 15:45:00,5.456
2023-02-18 16:00:00,5.475
2023-02-18 16:15:00,5.372
2023-02-18 16:30:00,5.353
2023-02-18 16:45:00,5.325
2023-02-18 17:00:00,5.315
2023-02-18 17:15:00,5.297
2023-02-18 17:30:00,5.317
2023-02-18 17:45:00,5.46
2023-02-18 18:00:00,5.454
2023-02-18 18:15:00,5.418
2023-02-18 18:30:00,5.334
2023-02-18 18:45:00,5.297
2023-02-18 19:00:00,5.44
2023-02-18 19:15:00,5.422
2023-02-18 19:30:00,5.366
2023-02-18 19:45:00,5.347
2023-02-18 20:00:00,5.356
2023-02-18 20:15:00,5.366
2023-02-18 20:30:00,5.441
2023-02-18 20:45:00,5.432
2023-02-18 21:00:00,5.337
2023-02-18 21:15:00,5.395
2023-02-18 21:30:00,5.424
2023-02-18 21:45:00,5.357
2023-02-18 22:00:00,5.32
2023-02-18 22:15:00,5.32
2023-02-18 22:30:00,5.377
2023-02-18 22:45:00,5.367
2023-02-18 23:00:00,5.339
2023-02-18 23:15:00,5.434
2023-02-18 23:30:00,5.433
2023-02-18 23:45:00,5.415
2023-02-19 00:00:00,5.405
2023-02-19 00:15:00,5.33
2023-02-19 00:30:00,5.453
2023-02-19 00:45:00,5.339
2023-02-19 01:00:00,5.424
2023-02-19 01:15:00,5.415
2023-02-19 01:30:00,5.424
2023-02-19 01:45:00,5.329
2023-02-19 02:00:00,5.367
2023-02-19 02:15:00,5.376
2023-02-19 02:30:00,5.442
2023-02-19 02:45:00,5.356
2023-02-19 03:00:00,5.45
2023-02-19 03:15:00,5.327
2023-02-19 03:30:00,5.45
2023-02-19 03:45:00,5.431
2023-02-19 04:00:00,5.488
2023-02-19 04:15:00,5.393
2023-02-19 04:30:00,5.384
2023-02-19 04:45:00,5.364
2023-02-19 05:00:00,5.468
2023-02-19 05:15:00,5.458
2023-02-19 05:30:00,5.373
2023-02-19 05:45:00,5.448
2023-02-19 06:00:00,5.486
2023-02-19 06:15:00,5.401
2023-02-19 06:30:00,5.485
2023-02-19 06:45:00,5.381
2023-02-19 07:00:00,5.361
2023-02-19 07:15:00,5.39
2023-02-19 07:30:00,5.494
2023-02-19 07:45:00,5.381
2023-02-19 08:00:00,5.361
2023-02-19 08:15:00,5.353
2023-02-19 08:30:00,5.369
2023-02-19 08:45:00,5.464
2023-02-19 09:00:00,5.502
2023-02-19 09:15:00,5.3
2023-02-19 09:30:00,5.507
2023-02-19 09:45:00,5.449
2023-02-19 10:00:00,5.325
2023-02-19 10:15:00,5.39
2023-02-19 10:30:00,5.314
2023-02-19 10:45:00,5.379
2023-02-19 11:00:00,5.313
2023-02-19 11:15:00,5.483
2023-02-19 11:30:00,5.323
2023-02-19 11:45:00,5.323
2023-02-19 12:00:00,5.455
2023-02-19 12:15:00,5.407
2023-02-19 12:30:00,5.464
2023-02-19 12:45:00,5.483
2023-02-19 13:00:00,5.37
2023-02-19 13:15:00,5.361
2023-02-19 13:30:00,5.351
2023-02-19 13:45:00,5.361
2023-02-19 14:00:00,5.455
2023-02-19 14:15:00,5.512
2023-02-19 14:30:00,5.351
2023-02-19 14:45:00,5.36
2023-02-19 15:00:00,5.502
2023-02-19 15:15:00,5.473
2023-02-19 15:30:00,5.445
2023-02-19 15:45:00,5.359
2023-02-19 16:00:00,5.35
2023-02-19 16:15:00,5.387
2023-02-19 16:30:00,5.539
2023-02-19 16:45:00,5.473
2023-02-19 17:00:00,5.37
2023-02-19 17:15:00,5.455
2023-02-19 17:30:00,5.56
2023-02-19 17:45:00,5.475
2023-02-19 18:00:00,5.333
2023-02-19 18:15:00,5.428
2023-02-19 18:30:00,5.353
2023-02-19 18:45:00,6.871
2023-02-19 19:00:00,6.795
2023-02-19 19:15:00,7.21
2023-02-19 19:30:00,6.862
2023-02-19 19:45:00,7.28
2023-02-19 20:00:00,6.833
2023-02-19 20:15:00,7.2
2023-02-19 20:30:00,7.07
2023-02-19 20:45:00,7.22
2023-02-19 21:00:00,7.1
2023-02-19 21:15:00,7.11
2023-02-19 21:30:00,7.24
2023-02-19 21:45:00,6.891
2023-02-19 22:00:00,7.19
2023-02-19 22:15:00,6.749
2023-02-19 22:30:00,7.16
2023-02-19 22:45:00,7.19
2023-02-19 23:00:00,7.17
2023-02-19 23:15:00,7.17
2023-02-19 23:30:00,7.12
2023-02-19 23:45:00,7.09
2023-02-20 00:00:00,7.1
2023-02-20 00:15:00,7.18
2023-02-20 00:30:00,6.987
2023-02-20 00:45:00,7.11
2023-02-20 01:00:00,6.921
2023-02-20 01:15:00,7.13
2023-02-20 01:30:00,7.16
2023-02-20 01:45:00,7.19
2023-02-20 02:00:00,6.996
2023-02-20 02:15:00,7.26
2023-02-20 02:30:00,6.987
2023-02-20 02:45:00,7.18
2023-02-20 03:00:00,6.825
2023-02-20 03:15:00,7.08
2023-02-20 03:30:00,6.863
2023-02-20 03:45:00,6.949
2023-02-20 04:00:00,6.777
2023-02-20 04:15:00,6.901
2023-02-20 04:30:00,6.825
2023-02-20 04:45:00,7.2
2023-02-20 05:00:00,6.92
2023-02-20 05:15:00,7.23
2023-02-20 05:30:00,6.939
2023-02-20 05:45:00,6.881
2023-02-20 06:00:00,6.958
2023-02-20 06:15:00,6.872
2023-02-20 06:30:00,6.986
2023-02-20 06:45:00,6.853
2023-02-20 07:00:00,7.18
2023-02-20 07:15:00,6.948
2023-02-20 07:30:00,6.881
2023-02-20 07:45:00,6.986
2023-02-20 08:00:00,7.1
2023-02-20 08:15:00,6.862
2023-02-20 08:30:00,6.9
2023-02-20 08:45:00,7.22
2023-02-20 09:00:00,6.824
2023-02-20 09:15:00,7.23
2023-02-20 09:30:00,7.14
2023-02-20 09:45:00,7.14
2023-02-20 10:00:00,7.24
2023-02-20 10:15:00,6.994
2023-02-20 10:30:00,7.22
2023-02-20 10:45:00,6.737
2023-02-20 11:00:00,7.15
2023-02-20 11:15:00,6.84
2023-02-20 11:30:00,6.745
2023-02-20 11:45:00,7.15
2023-02-20 12:00:00,7.14
2023-02-20 12:15:00,6.715
2023-02-20 12:30:00,6.952
2023-02-20 12:45:00,7.12
2023-02-20 13:00:00,6.942
2023-02-20 13:15:00,6.847
2023-02-20 13:30:00,6.961
2023-02-20 13:45:00,6.942
2023-02-20 14:00:00,6.856
2023-02-20 14:15:00,7.2
2023-02-20 14:30:00,6.979
2023-02-20 14:45:00,6.865
2023-02-20 15:00:00,7.2
2023-02-20 15:15:00,6.808
2023-02-20 15:30:00,7.31
2023-02-20 15:45:00,6.961
2023-02-20 16:00:00,7.21
2023-02-20 16:15:00,6.772
2023-02-20 16:30:00,6.914
2023-02-20 16:45:00,7.06
2023-02-20 17:00:00,6.716
2023-02-20 17:15:00,6.963
2023-02-20 17:30:00,7.25
2023-02-20 17:45:00,6.954
2023-02-20 18:00:00,7.13
2023-02-20 18:15:00,7.18
2023-02-20 18:30:00,7.5
2023-02-20 18:45:00,7.14
2023-02-20 19:00:00,7.44
2023-02-20 19:15:00,7.5
2023-02-20 19:30:00,7.51
2023-02-20 19:45:00,7.14
2023-02-20 20:00:00,7.54
2023-02-20 20:15:00,7.25
2023-02-20 20:30:00,7.06
2023-02-20 20:45:00,7.34
2023-02-20 21:00:00,6.878
2023-02-20 21:15:00,7.24
2023-02-20 21:30:00,7.33
2023-02-20 21:45:00,6.639
2023-02-20 22:00:00,17.41
2023-02-20 22:15:00,5.51
2023-02-20 22:30:00,4.528
2023-02-20 22:45:00,4.33
2023-02-20 23:00:00,4.34
2023-02-20 23:15:00,4.303
2023-02-20 23:30:00,4.322
2023-02-20 23:45:00,4.304
2023-02-21 00:00:00,4.332
2023-02-21 00:15:00,4.465
2023-02-21 00:30:00,4.653
2023-02-21 00:45:00,4.672
2023-02-21 01:00:00,14.46
2023-02-21 01:15:00,12.95
2023-02-21 01:30:00,13.02
2023-02-21 01:45:00,14.56
2023-02-21 02:00:00,14.34
2023-02-21 02:15:00,9.57
2023-02-21 02:30:00,13.88
2023-02-21 02:45:00,13.05
2023-02-21 03:00:00,4.494
2023-02-21 03:15:00,4.504
2023-02-21 03:30:00,4.429
2023-02-21 03:45:00,4.419
2023-02-21 04:00:00,4.41
2023-02-21 04:15:00,4.42
2023-02-21 04:30:00,4.411
2023-02-21 04:45:00,4.411
2023-02-21 05:00:00,4.421
2023-02-21 05:15:00,4.404
2023-02-21 05:30:00,4.406
2023-02-21 05:45:00,4.417
2023-02-21 06:00:00,4.408
2023-02-21 06:15:00,4.406
2023-02-21 06:30:00,4.407
2023-02-21 06:45:00,4.399
2023-02-21 07:00:00,4.409
2023-02-21 07:15:00,4.4
2023-02-21 07:30:00,4.4
2023-02-21 07:45:00,4.399
2023-02-21 08:00:00,4.39
2023-02-21 08:15:00,4.4
2023-02-21 08:30:00,4.409
2023-02-21 08:45:00,4.39
2023-02-21 09:00:00,4.407
2023-02-21 09:15:00,4.397
2023-02-21 09:30:00,4.395
2023-02-21 09:45:00,4.403
2023-02-21 10:00:00,4.405
2023-02-21 10:15:00,4.405
2023-02-21 10:30:00,4.385
2023-02-21 10:45:00,4.402
2023-02-21 11:00:00,4.402
2023-02-21 11:15:00,4.402
2023-02-21 11:30:00,4.411
2023-02-21 11:45:00,4.394
2023-02-21 12:00:00,4.405
2023-02-21 12:15:00,4.413
2023-02-21 12:30:00,4.404
2023-02-21 12:45:00,4.403
2023-02-21 13:00:00,4.395
2023-02-21 13:15:00,4.404
2023-02-21 13:30:00,4.403
2023-02-21 13:45:00,4.404
2023-02-21 14:00:00,4.406
2023-02-21 14:15:00,4.417
2023-02-21 14:30:00,4.407
2023-02-21 14:45:00,4.399
2023-02-21 15:00:00,4.416
2023-02-21 15:15:00,4.405
2023-02-21 15:30:00,4.406
2023-02-21 15:45:00,4.405
2023-02-21 16:00:00,4.415
2023-02-21 16:15:00,4.399
2023-02-21 16:30:00,4.399
2023-02-21 16:45:00,4.409
2023-02-21 17:00:00,4.41
2023-02-21 17:15:00,4.419
2023-02-21 17:30:00,4.419
2023-02-21 17:45:00,4.448
2023-02-21 18:00:00,4.448
2023-02-21 18:15:00,4.439
2023-02-21 18:30:00,4.439
2023-02-21 18:45:00,4.43
2023-02-21 19:00:00,4.449
2023-02-21 19:15:00,4.439
2023-02-21 19:30:00,4.449
2023-02-21 19:45:00,4.459
2023-02-21 20:00:00,4.459
2023-02-21 20:15:00,4.45
2023-02-21 20:30:00,4.46
2023-02-21 20:45:00,4.46
2023-02-21 21:00:00,4.441
2023-02-21 21:15:00,4.45
2023-02-21 21:30:00,4.44
2023-02-21 21:45:00,4.431
2023-02-21 22:00:00,4.431
2023-02-21 22:15:00,4.449
2023-02-21 22:30:00,4.449
2023-02-21 22:45:00,4.459
2023-02-21 23:00:00,4.459
2023-02-21 23:15:00,4.44
2023-02-21 23:30:00,4.449
2023-02-21 23:45:00,4.449
2023-02-22 00:00:00,4.449
2023-02-22 00:15:00,4.459
2023-02-22 00:30:00,4.45
2023-02-22 00:45:00,4.45
2023-02-22 01:00:00,4.459
2023-02-22 01:15:00,4.459
2023-02-22 01:30:00,4.45
2023-02-22 01:45:00,4.45
2023-02-22 02:00:00,4.45
2023-02-22 02:15:00,4.45
2023-02-22 02:30:00,4.469
2023-02-22 02:45:00,4.459
2023-02-22 03:00:00,4.46
2023-02-22 03:15:00,4.45
2023-02-22 03:30:00,4.45
2023-02-22 03:45:00,4.45
2023-02-22 04:00:00,4.469
2023-02-22 04:15:00,4.47
2023-02-22 04:30:00,4.46
2023-02-22 04:45:00,4.451
2023-02-22 05:00:00,4.451
2023-02-22 05:15:00,4.461
2023-02-22 05:30:00,4.462
2023-02-22 05:45:00,4.462
2023-02-22 06:00:00,4.453
2023-02-22 06:15:00,4.445
2023-02-22 06:30:00,4.445
2023-02-22 06:45:00,4.456
2023-02-22 07:00:00,4.458
2023-02-22 07:15:00,4.459
2023-02-22 07:30:00,4.45
2023-02-22 07:45:00,4.442
2023-02-22 08:00:00,4.442
2023-02-22 08:15:00,4.451
2023-02-22 08:30:00,4.404
2023-02-22 08:45:00,4.404
2023-02-22 09:00:00,4.413
2023-02-22 09:15:00,4.413
2023-02-22 09:30:00,4.413
2023-02-22 09:45:00,4.42
2023-02-22 10:00:00,4.427
2023-02-22 10:15:00,4.426
2023-02-22 10:30:00,4.414
2023-02-22 10:45:00,4.423
2023-02-22 11:00:00,4.423
2023-02-22 11:15:00,4.423
2023-02-22 11:30:00,4.422
2023-02-22 11:45:00,4.431
2023-02-22 12:00:00,4.421
2023-02-22 12:15:00,4.44
2023-02-22 12:30:00,4.431
2023-02-22 12:45:00,4.422
2023-02-22 13:00:00,4.422
2023-02-22 13:15:00,4.413
2023-02-22 13:30:00,4.422
2023-02-22 13:45:00,4.422
2023-02-22 14:00:00,4.431
2023-02-22 14:15:00,4.422
2023-02-22 14:30:00,4.422
2023-02-22 14:45:00,4.403
2023-02-22 15:00:00,4.422
2023-02-22 15:15:00,4.422
2023-02-22 15:30:00,4.431
2023-02-22 15:45:00,4.431
2023-02-22 16:00:00,4.441
2023-02-22 16:15:00,4.404
2023-02-22 16:30:00,4.414
2023-02-22 16:45:00,4.417
2023-02-22 17:00:00,4.411
2023-02-22 17:15:00,4.421
2023-02-22 17:30:00,4.413
2023-02-22 17:45:00,4.423
2023-02-22 18:00:00,4.424
2023-02-22 18:15:00,4.425
2023-02-22 18:30:00,4.435
2023-02-22 18:45:00,4.42
2023-02-22 19:00:00,4.44
2023-02-22 19:15:00,4.442
2023-02-22 19:30:00,4.434
2023-02-22 19:45:00,4.444
2023-02-22 20:00:00,4.444
2023-02-22 20:15:00,4.425
2023-02-22 20:30:00,4.435
2023-02-22 20:45:00,4.425
2023-02-22 21:00:00,4.425
2023-02-22 21:15:00,4.425
2023-02-22 21:30:00,4.434
2023-02-22 21:45:00,4.443
2023-02-22 22:00:00,4.443
2023-02-22 22:15:00,4.433
2023-02-22 22:30:00,4.443
2023-02-22 22:45:00,4.443
2023-02-22 23:00:00,4.442
2023-02-22 23:15:00,4.452
2023-02-22 23:30:00,4.442
2023-02-22 23:45:00,4.443
2023-02-23 00:00:00,4.443
2023-02-23 00:15:00,4.443
2023-02-23 00:30:00,4.462
2023-02-23 00:45:00,4.452
2023-02-23 01:00:00,4.453
2023-02-23 01:15:00,4.444
2023-02-23 01:30:00,4.453
2023-02-23 01:45:00,4.453
2023-02-23 02:00:00,4.453
2023-02-23 02:15:00,4.444
2023-02-23 02:30:00,4.444
2023-02-23 02:45:00,4.444
2023-02-23 03:00:00,4.463
2023-02-23 03:15:00,4.454
2023-02-23 03:30:00,4.453
2023-02-23 03:45:00,4.454
2023-02-23 04:00:00,4.463
2023-02-23 04:15:00,4.463
2023-02-23 04:30:00,4.463
2023-02-23 04:45:00,4.444
2023-02-23 05:00:00,4.454
2023-02-23 05:15:00,4.455
2023-02-23 05:30:00,4.456
2023-02-23 05:45:00,4.457
2023-02-23 06:00:00,4.45
2023-02-23 06:15:00,4.46
2023-02-23 06:30:00,4.461
2023-02-23 06:45:00,4.47
2023-02-23 07:00:00,4.471
2023-02-23 07:15:00,4.462
2023-02-23 07:30:00,4.462
2023-02-23 07:45:00,4.469
2023-02-23 08:00:00,4.438
2023-02-23 08:15:00,4.455
2023-02-23 08:30:00,4.453
2023-02-23 08:45:00,4.45
2023-02-23 09:00:00,4.446
2023-02-23 09:15:00,4.444
2023-02-23 09:30:00,4.442
2023-02-23 09:45:00,4.438
2023-02-23 10:00:00,4.436
2023-02-23 10:15:00,4.415
2023-02-23 10:30:00,4.432
2023-02-23 10:45:00,4.441
2023-02-23 11:00:00,4.309
2023-02-23 11:15:00,4.328
2023-02-23 11:30:00,4.318
2023-02-23 11:45:00,4.317
2023-02-23 12:00:00,4.251
2023-02-23 12:15:00,4.259
2023-02-23 12:30:00,4.266
2023-02-23 12:45:00,4.253
2023-02-23 13:00:00,4.261
2023-02-23 13:15:00,4.269
2023-02-23 13:30:00,4.277
2023-02-23 13:45:00,4.258
2023-02-23 14:00:00,4.277
2023-02-23 14:15:00,4.258
2023-02-23 14:30:00,4.258
2023-02-23 14:45:00,4.258
2023-02-23 15:00:00,4.258
2023-02-23 15:15:00,4.269
2023-02-23 15:30:00,4.269
2023-02-23 15:45:00,4.251
2023-02-23 16:00:00,4.27
2023-02-23 16:15:00,4.273
2023-02-23 16:30:00,4.247
2023-02-23 16:45:00,4.268
2023-02-23 17:00:00,4.25
2023-02-23 17:15:00,4.336
2023-02-23 17:30:00,4.309
2023-02-23 17:45:00,4.321
2023-02-23 18:00:00,4.304
2023-02-23 18:15:00,4.337
2023-02-23 18:30:00,4.338
2023-02-23 18:45:00,4.32
2023-02-23 19:00:00,4.331
2023-02-23 19:15:00,4.331
2023-02-23 19:30:00,4.322
2023-02-23 19:45:00,4.332
2023-02-23 20:00:00,4.322
2023-02-23 20:15:00,4.321
2023-02-23 20:30:00,4.312
2023-02-23 20:45:00,4.331
2023-02-23 21:00:00,4.312
2023-02-23 21:15:00,4.34
2023-02-23 21:30:00,4.34
2023-02-23 21:45:00,4.321
2023-02-23 22:00:00,4.321
2023-02-23 22:15:00,4.312
2023-02-23 22:30:00,4.322
2023-02-23 22:45:00,4.321
2023-02-23 23:00:00,4.331
2023-02-23 23:15:00,4.321
2023-02-23 23:30:00,4.312
2023-02-23 23:45:00,4.312
2023-02-24 00:00:00,4.321
2023-02-24 00:15:00,4.332
2023-02-24 00:30:00,4.332
2023-02-24 00:45:00,4.332
2023-02-24 01:00:00,4.341
2023-02-24 01:15:00,4.332
2023-02-24 01:30:00,4.36
2023-02-24 01:45:00,4.345
2023-02-24 02:00:00,4.336
2023-02-24 02:15:00,4.319
2023-02-24 02:30:00,4.329
2023-02-24 02:45:00,4.337
2023-02-24 03:00:00,4.336
2023-02-24 03:15:00,4.317
2023-02-24 03:30:00,4.337
2023-02-24 03:45:00,4.338
2023-02-24 04:00:00,4.349
2023-02-24 04:15:00,4.362
2023-02-24 04:30:00,4.366
2023-02-24 04:45:00,4.359
2023-02-24 05:00:00,4.369
2023-02-24 05:15:00,4.352
2023-02-24 05:30:00,4.361
2023-02-24 05:45:00,4.332
2023-02-24 06:00:00,4.35
2023-02-24 06:15:00,4.349
2023-02-24 06:30:00,4.328
2023-02-24 06:45:00,4.336
2023-02-24 07:00:00,4.353
2023-02-24 07:15:00,4.351
2023-02-24 07:30:00,4.363
2023-02-24 07:45:00,4.364
2023-02-24 08:00:00,4.355
2023-02-24 08:15:00,4.325
2023-02-24 08:30:00,4.341
2023-02-24 08:45:00,4.337
2023-02-24 09:00:00,4.342
2023-02-24 09:15:00,4.339
2023-02-24 09:30:00,4.344
2023-02-24 09:45:00,4.331
2023-02-24 10:00:00,4.32
2023-02-24 10:15:00,4.3
2023-02-24 10:30:00,4.337
2023-02-24 10:45:00,4.28
2023-02-24 11:00:00,4.279
2023-02-24 11:15:00,4.277
2023-02-24 11:30:00,4.283
2023-02-24 11:45:00,4.262
2023-02-24 12:00:00,4.27
2023-02-24 12:15:00,4.261
2023-02-24 12:30:00,4.279
2023-02-24 12:45:00,4.278
2023-02-24 13:00:00,4.287
2023-02-24 13:15:00,4.295
2023-02-24 13:30:00,4.294
2023-02-24 13:45:00,4.303
2023-02-24 14:00:00,4.284
2023-02-24 14:15:00,4.292
2023-02-24 14:30:00,4.301
2023-02-24 14:45:00,4.292
2023-02-24 15:00:00,4.3
2023-02-24 15:15:00,4.31
2023-02-24 15:30:00,4.31
2023-02-24 15:45:00,4.32
2023-02-24 16:00:00,4.32
2023-02-24 16:15:00,4.32
2023-02-24 16:30:00,4.311
2023-02-24 16:45:00,4.34
2023-02-24 17:00:00,4.313
2023-02-24 17:15:00,4.314
2023-02-24 17:30:00,4.382
2023-02-24 17:45:00,4.389
2023-02-24 18:00:00,4.326
2023-02-24 18:15:00,4.319
2023-02-24 18:30:00,4.33
2023-02-24 18:45:00,4.325
2023-02-24 19:00:00,4.337
2023-02-24 19:15:00,4.329
2023-02-24 19:30:00,4.349
2023-02-24 19:45:00,4.34
2023-02-24 20:00:00,4.33
2023-02-24 20:15:00,4.323
2023-02-24 20:30:00,4.353
2023-02-24 20:45:00,4.354
2023-02-24 21:00:00,4.337
2023-02-24 21:15:00,4.346
2023-02-24 21:30:00,4.338
2023-02-24 21:45:00,4.338
2023-02-24 22:00:00,4.357
2023-02-24 22:15:00,4.348
2023-02-24 22:30:00,4.339
2023-02-24 22:45:00,4.338
2023-02-24 23:00:00,4.365
2023-02-24 23:15:00,4.346
2023-02-24 23:30:00,4.347
2023-02-24 23:45:00,4.357
2023-02-25 00:00:00,4.357
2023-02-25 00:15:00,4.367
2023-02-25 00:30:00,4.359
2023-02-25 00:45:00,4.35
2023-02-25 01:00:00,4.359
2023-02-25 01:15:00,4.35
2023-02-25 01:30:00,4.359
2023-02-25 01:45:00,4.349
2023-02-25 02:00:00,4.358
2023-02-25 02:15:00,4.348
2023-02-25 02:30:00,4.347
2023-02-25 02:45:00,4.357
2023-02-25 03:00:00,4.356
2023-02-25 03:15:00,4.334
2023-02-25 03:30:00,4.353
2023-02-25 03:45:00,4.353
2023-02-25 04:00:00,4.355
2023-02-25 04:15:00,4.356
2023-02-25 04:30:00,4.358
2023-02-25 04:45:00,4.359
2023-02-25 05:00:00,4.369
2023-02-25 05:15:00,4.379
2023-02-25 05:30:00,4.371
2023-02-25 05:45:00,4.382
2023-02-25 06:00:00,4.365
2023-02-25 06:15:00,4.373
2023-02-25 06:30:00,4.366
2023-02-25 06:45:00,4.377
2023-02-25 07:00:00,4.368
2023-02-25 07:15:00,4.368
2023-02-25 07:30:00,4.367
2023-02-25 07:45:00,4.391
2023-02-25 08:00:00,4.366
2023-02-25 08:15:00,4.341
2023-02-25 08:30:00,4.333
2023-02-25 08:45:00,4.339
2023-02-25 09:00:00,4.336
2023-02-25 09:15:00,4.334
2023-02-25 09:30:00,4.33
2023-02-25 09:45:00,4.308
2023-02-25 10:00:00,4.288
2023-02-25 10:15:00,4.286
2023-02-25 10:30:00,4.295
2023-02-25 10:45:00,4.285
2023-02-25 11:00:00,4.285
2023-02-25 11:15:00,4.294
2023-02-25 11:30:00,4.313
2023-02-25 11:45:00,4.321
2023-02-25 12:00:00,4.33
2023-02-25 12:15:00,4.339
2023-02-25 12:30:00,4.349
2023-02-25 12:45:00,4.329
2023-02-25 13:00:00,4.348
2023-02-25 13:15:00,4.338
2023-02-25 13:30:00,4.355
2023-02-25 13:45:00,4.345
2023-02-25 14:00:00,4.354
2023-02-25 14:15:00,4.363
2023-02-25 14:30:00,4.363
2023-02-25 14:45:00,4.362
2023-02-25 15:00:00,4.362
2023-02-25 15:15:00,4.352
2023-02-25 15:30:00,4.37
2023-02-25 15:45:00,4.361
2023-02-25 16:00:00,4.361
2023-02-25 16:15:00,4.351
2023-02-25 16:30:00,4.362
2023-02-25 16:45:00,4.352
2023-02-25 17:00:00,4.335
2023-02-25 17:15:00,4.336
2023-02-25 17:30:00,4.328
2023-02-25 17:45:00,4.321
2023-02-25 18:00:00,4.323
2023-02-25 18:15:00,4.325
2023-02-25 18:30:00,4.312
2023-02-25 18:45:00,4.315
2023-02-25 19:00:00,4.364
2023-02-25 19:15:00,4.384
2023-02-25 19:30:00,4.375
2023-02-25 19:45:00,4.367
2023-02-25 20:00:00,4.348
2023-02-25 20:15:00,4.348
2023-02-25 20:30:00,4.376
2023-02-25 20:45:00,4.357
2023-02-25 21:00:00,4.366
2023-02-25 21:15:00,4.366
2023-02-25 21:30:00,4.365
2023-02-25 21:45:00,4.356
2023-02-25 22:00:00,4.356
2023-02-25 22:15:00,4.375
2023-02-25 22:30:00,4.365
2023-02-25 22:45:00,4.365
2023-02-25 23:00:00,4.356
2023-02-25 23:15:00,4.365
2023-02-25 23:30:00,4.365
2023-02-25 23:45:00,4.384
2023-02-26 00:00:00,4.365
2023-02-26 00:15:00,4.375
2023-02-26 00:30:00,4.384
2023-02-26 00:45:00,4.356
2023-02-26 01:00:00,4.365
2023-02-26 01:15:00,4.337
2023-02-26 01:30:00,4.356
2023-02-26 01:45:00,4.337
2023-02-26 02:00:00,4.327
2023-02-26 02:15:00,4.326
2023-02-26 02:30:00,4.326
2023-02-26 02:45:00,4.344
2023-02-26 03:00:00,4.335
2023-02-26 03:15:00,4.362
2023-02-26 03:30:00,4.344
2023-02-26 03:45:00,4.334
2023-02-26 04:00:00,4.344
2023-02-26 04:15:00,4.335
2023-02-26 04:30:00,4.345
2023-02-26 04:45:00,4.334
2023-02-26 05:00:00,4.335
2023-02-26 05:15:00,4.344
2023-02-26 05:30:00,4.335
2023-02-26 05:45:00,4.325
2023-02-26 06:00:00,4.325
2023-02-26 06:15:00,4.344
2023-02-26 06:30:00,4.344
2023-02-26 06:45:00,4.335
2023-02-26 07:00:00,4.335
2023-02-26 07:15:00,4.317
2023-02-26 07:30:00,4.326
2023-02-26 07:45:00,4.345
2023-02-26 08:00:00,4.336
2023-02-26 08:15:00,4.345
2023-02-26 08:30:00,4.335
2023-02-26 08:45:00,4.345
2023-02-26 09:00:00,4.344
2023-02-26 09:15:00,4.353
2023-02-26 09:30:00,4.341
2023-02-26 09:45:00,4.361
2023-02-26 10:00:00,4.36
2023-02-26 10:15:00,4.36
2023-02-26 10:30:00,4.361
2023-02-26 10:45:00,4.361
2023-02-26 11:00:00,4.367
2023-02-26 11:15:00,4.367
2023-02-26 11:30:00,4.368
2023-02-26 11:45:00,4.377
2023-02-26 12:00:00,4.369
2023-02-26 12:15:00,4.37
2023-02-26 12:30:00,4.389
2023-02-26 12:45:00,4.367
2023-02-26 13:00:00,4.376
2023-02-26 13:15:00,4.384
2023-02-26 13:30:00,4.384
2023-02-26 13:45:00,4.393
2023-02-26 14:00:00,4.393
2023-02-26 14:15:00,4.373
2023-02-26 14:30:00,4.373
2023-02-26 14:45:00,4.372
2023-02-26 15:00:00,4.372
2023-02-26 15:15:00,4.372
2023-02-26 15:30:00,4.373
2023-02-26 15:45:00,4.392
2023-02-26 16:00:00,4.383
2023-02-26 16:15:00,4.382
2023-02-26 16:30:00,4.373
2023-02-26 16:45:00,4.373
2023-02-26 17:00:00,4.364
2023-02-26 17:15:00,4.364
2023-02-26 17:30:00,4.384
2023-02-26 17:45:00,4.384
2023-02-26 18:00:00,4.369
2023-02-26 18:15:00,4.38
2023-02-26 18:30:00,4.353
2023-02-26 18:45:00,4.344
2023-02-26 19:00:00,4.326
2023-02-26 19:15:00,4.326
2023-02-26 19:30:00,4.345
2023-02-26 19:45:00,4.317
2023-02-26 20:00:00,4.326
2023-02-26 20:15:00,4.336
2023-02-26 20:30:00,4.336
2023-02-26 20:45:00,4.326
2023-02-26 21:00:00,4.345
2023-02-26 21:15:00,4.327
2023-02-26 21:30:00,4.336
2023-02-26 21:45:00,4.346
2023-02-26 22:00:00,4.346
2023-02-26 22:15:00,4.355
2023-02-26 22:30:00,4.336
2023-02-26 22:45:00,4.356
2023-02-26 23:00:00,4.355
2023-02-26 23:15:00,4.365
2023-02-26 23:30:00,4.356
2023-02-26 23:45:00,4.366
2023-02-27 00:00:00,4.366
2023-02-27 00:15:00,4.3
2023-02-27 00:30:00,4.292
2023-02-27 00:45:00,4.329
2023-02-27 01:00:00,4.303
2023-02-27 01:15:00,4.312
2023-02-27 01:30:00,4.321
2023-02-27 01:45:00,4.311
2023-02-27 02:00:00,4.321
2023-02-27 02:15:00,4.312
2023-02-27 02:30:00,4.303
2023-02-27 02:45:00,4.322
2023-02-27 03:00:00,4.311
2023-02-27 03:15:00,4.321
2023-02-27 03:30:00,4.312
2023-02-27 03:45:00,4.33
2023-02-27 04:00:00,4.311
2023-02-27 04:15:00,4.32
2023-02-27 04:30:00,4.321
2023-02-27 04:45:00,4.312
2023-02-27 05:00:00,4.311
2023-02-27 05:15:00,4.339
2023-02-27 05:30:00,4.32
2023-02-27 05:45:00,4.329
2023-02-27 06:00:00,4.33
2023-02-27 06:15:00,4.341
2023-02-27 06:30:00,4.343
2023-02-27 06:45:00,4.345
2023-02-27 07:00:00,4.337
2023-02-27 07:15:00,4.337
2023-02-27 07:30:00,4.305
2023-02-27 07:45:00,4.302
2023-02-27 08:00:00,4.3
2023-02-27 08:15:00,4.316
2023-02-27 08:30:00,4.303
2023-02-27 08:45:00,4.291
2023-02-27 09:00:00,4.326
2023-02-27 09:15:00,4.334
2023-02-27 09:30:00,4.342
2023-02-27 09:45:00,4.36
2023-02-27 10:00:00,4.359
2023-02-27 10:15:00,4.35
2023-02-27 10:30:00,4.35
2023-02-27 10:45:00,4.369
2023-02-27 11:00:00,4.378
2023-02-27 11:15:00,4.368
2023-02-27 11:30:00,4.377
2023-02-27 11:45:00,4.377
2023-02-27 12:00:00,4.368
2023-02-27 12:15:00,4.385
2023-02-27 12:30:00,4.385
2023-02-27 12:45:00,4.367
2023-02-27 13:00:00,4.385
2023-02-27 13:15:00,4.376
2023-02-27 13:30:00,4.376
2023-02-27 13:45:00,4.394
2023-02-27 14:00:00,4.376
2023-02-27 14:15:00,4.376
2023-02-27 14:30:00,4.385
2023-02-27 14:45:00,4.385
2023-02-27 15:00:00,4.367
2023-02-27 15:15:00,4.357
2023-02-27 15:30:00,4.376
2023-02-27 15:45:00,4.378
2023-02-27 16:00:00,4.35
2023-02-27 16:15:00,4.37
2023-02-27 16:30:00,4.352
2023-02-27 16:45:00,4.343
2023-02-27 17:00:00,4.335
2023-02-27 17:15:00,4.318
2023-02-27 17:30:00,4.329
2023-02-27 17:45:00,4.323
2023-02-27 18:00:00,4.324
2023-02-27 18:15:00,4.334
2023-02-27 18:30:00,4.325
2023-02-27 18:45:00,4.335
2023-02-27 19:00:00,4.344
2023-02-27 19:15:00,4.326
2023-02-27 19:30:00,4.335
2023-02-27 19:45:00,4.325
2023-02-27 20:00:00,4.316
2023-02-27 20:15:00,4.326
2023-02-27 20:30:00,4.335
2023-02-27 20:45:00,4.335
2023-02-27 21:00:00,4.316
2023-02-27 21:15:00,4.336
2023-02-27 21:30:00,4.326
2023-02-27 21:45:00,4.325
2023-02-27 22:00:00,4.316
2023-02-27 22:15:00,4.317
2023-02-27 22:30:00,4.335
2023-02-27 22:45:00,4.336
2023-02-27 23:00:00,4.336
2023-02-27 23:15:00,4.326
2023-02-27 23:30:00,4.335
2023-02-27 23:45:00,4.336
2023-02-28 00:00:00,4.317
2023-02-28 00:15:00,4.335
2023-02-28 00:30:00,4.335
2023-02-28 00:45:00,4.326
2023-02-28 01:00:00,4.354
2023-02-28 01:15:00,4.335
2023-02-28 01:30:00,4.354
2023-02-28 01:45:00,4.355
2023-02-28 02:00:00,4.327
2023-02-28 02:15:00,4.345
2023-02-28 02:30:00,4.327
2023-02-28 02:45:00,4.327
2023-02-28 03:00:00,4.336
2023-02-28 03:15:00,4.336
2023-02-28 03:30:00,4.336
2023-02-28 03:45:00,4.364
2023-02-28 04:00:00,4.346
2023-02-28 04:15:00,4.355
2023-02-28 04:30:00,4.337
2023-02-28 04:45:00,4.337
2023-02-28 05:00:00,4.347
2023-02-28 05:15:00,4.337
2023-02-28 05:30:00,4.337
2023-02-28 05:45:00,4.328
2023-02-28 06:00:00,4.346
2023-02-28 06:15:00,4.337
2023-02-28 06:30:00,4.327
2023-02-28 06:45:00,4.327
2023-02-28 07:00:00,4.317
2023-02-28 07:15:00,4.327
2023-02-28 07:30:00,4.318
2023-02-28 07:45:00,4.326
2023-02-28 08:00:00,4.345
2023-02-28 08:15:00,4.345
2023-02-28 08:30:00,4.335
2023-02-28 08:45:00,4.351
2023-02-28 09:00:00,4.351
2023-02-28 09:15:00,4.33
2023-02-28 09:30:00,4.337
2023-02-28 09:45:00,4.336
2023-02-28 10:00:00,4.335
2023-02-28 10:15:00,4.362
2023-02-28 10:30:00,4.359
2023-02-28 10:45:00,4.357
2023-02-28 11:00:00,4.373
2023-02-28 11:15:00,4.362
2023-02-28 11:30:00,4.362
2023-02-28 11:45:00,4.354
2023-02-28 12:00:00,4.355
2023-02-28 12:15:00,4.364
2023-02-28 12:30:00,4.363
2023-02-28 12:45:00,4.361
2023-02-28 13:00:00,4.342
2023-02-28 13:15:00,4.342
2023-02-28 13:30:00,4.353
2023-02-28 13:45:00,4.345
2023-02-28 14:00:00,4.354
2023-02-28 14:15:00,4.374
2023-02-28 14:30:00,4.374
2023-02-28 14:45:00,4.355
2023-02-28 15:00:00,4.365
2023-02-28 15:15:00,4.365
2023-02-28 15:30:00,4.346
2023-02-28 15:45:00,4.366
2023-02-28 16:00:00,4.357
2023-02-28 16:15:00,4.348
2023-02-28 16:30:00,4.33
2023-02-28 16:45:00,4.341
2023-02-28 17:00:00,4.342
2023-02-28 17:15:00,4.343
2023-02-28 17:30:00,4.344
2023-02-28 17:45:00,4.338
2023-02-28 18:00:00,4.33
2023-02-28 18:15:00,4.342
2023-02-28 18:30:00,4.352
2023-02-28 18:45:00,4.334
2023-02-28 19:00:00,4.307
2023-02-28 19:15:00,4.288
2023-02-28 19:30:00,4.307
2023-02-28 19:45:00,4.307
2023-02-28 20:00:00,4.307
2023-02-28 20:15:00,4.316
2023-02-28 20:30:00,4.297
2023-02-28 20:45:00,4.298
2023-02-28 21:00:00,4.298
2023-02-28 21:15:00,4.317
2023-02-28 21:30:00,4.364
2023-02-28 21:45:00,4.336
2023-02-28 22:00:00,4.346
2023-02-28 22:15:00,4.347
2023-02-28 22:30:00,4.338
2023-02-28 22:45:00,4.348
2023-02-28 23:00:00,4.334
2023-02-28 23:15:00,4.364
2023-02-28 23:30:00,4.365
2023-02-28 23:45:00,4.348
2023-03-01 00:00:00,4.358
2023-03-01 00:15:00,4.322
2023-03-01 00:30:00,4.343
2023-03-01 00:45:00,4.351
2023-03-01 01:00:00,4.351
2023-03-01 01:15:00,4.341
2023-03-01 01:30:00,4.34
2023-03-01 01:45:00,4.358
2023-03-01 02:00:00,4.368
2023-03-01 02:15:00,4.349
2023-03-01 02:30:00,4.339
2023-03-01 02:45:00,4.349
2023-03-01 03:00:00,4.34
2023-03-01 03:15:00,4.359
2023-03-01 03:30:00,4.35
2023-03-01 03:45:00,4.35
2023-03-01 04:00:00,4.35
2023-03-01 04:15:00,4.341
2023-03-01 04:30:00,4.346
2023-03-01 04:45:00,4.347
2023-03-01 05:00:00,4.348
2023-03-01 05:15:00,4.358
2023-03-01 05:30:00,4.33
2023-03-01 05:45:00,4.349
2023-03-01 06:00:00,4.339
2023-03-01 06:15:00,4.32
2023-03-01 06:30:00,4.33
2023-03-01 06:45:00,4.311
2023-03-01 07:00:00,4.32
2023-03-01 07:15:00,4.309
2023-03-01 07:30:00,4.316
2023-03-01 07:45:00,4.323
2023-03-01 08:00:00,4.293
2023-03-01 08:15:00,4.282
2023-03-01 08:30:00,4.242
2023-03-01 08:45:00,4.247
2023-03-01 09:00:00,4.263
2023-03-01 09:15:00,4.299
2023-03-01 09:30:00,4.298
2023-03-01 09:45:00,4.303
2023-03-01 10:00:00,4.31
2023-03-01 10:15:00,4.289
2023-03-01 10:30:00,4.297
2023-03-01 10:45:00,4.297
2023-03-01 11:00:00,4.297
2023-03-01 11:15:00,4.307
2023-03-01 11:30:00,4.297
2023-03-01 11:45:00,4.316
2023-03-01 12:00:00,4.315
2023-03-01 12:15:00,4.315
2023-03-01 12:30:00,4.333
2023-03-01 12:45:00,4.322
2023-03-01 13:00:00,4.313
2023-03-01 13:15:00,4.313
2023-03-01 13:30:00,4.313
2023-03-01 13:45:00,4.313
2023-03-01 14:00:00,4.305
2023-03-01 14:15:00,4.314
2023-03-01 14:30:00,4.314
2023-03-01 14:45:00,4.315
2023-03-01 15:00:00,4.296
2023-03-01 15:15:00,4.306
2023-03-01 15:30:00,4.306
2023-03-01 15:45:00,4.325
2023-03-01 16:00:00,4.297
2023-03-01 16:15:00,4.297
2023-03-01 16:30:00,4.307
2023-03-01 16:45:00,4.326
2023-03-01 17:00:00,4.308
2023-03-01 17:15:00,4.319
2023-03-01 17:30:00,4.31
2023-03-01 17:45:00,4.292
2023-03-01 18:00:00,4.304
2023-03-01 18:15:00,4.305
2023-03-01 18:30:00,4.297
2023-03-01 18:45:00,4.316
2023-03-01 19:00:00,4.307
2023-03-01 19:15:00,4.326
2023-03-01 19:30:00,4.289
2023-03-01 19:45:00,4.29
2023-03-01 20:00:00,4.309
2023-03-01 20:15:00,4.3
2023-03-01 20:30:00,4.282
2023-03-01 20:45:00,4.31
2023-03-01 21:00:00,4.273
2023-03-01 21:15:00,4.284
2023-03-01 21:30:00,4.303
2023-03-01 21:45:00,4.274
2023-03-01 22:00:00,4.283
2023-03-01 22:15:00,4.292
2023-03-01 22:30:00,4.282
2023-03-01 22:45:00,4.282
2023-03-01 23:00:00,4.291
2023-03-01 23:15:00,4.272
2023-03-01 23:30:00,4.282
2023-03-01 23:45:00,4.281
2023-03-02 00:00:00,4.281
2023-03-02 00:15:00,4.291
2023-03-02 00:30:00,4.29
2023-03-02 00:45:00,4.243
2023-03-02 01:00:00,4.271
2023-03-02 01:15:00,4.261
2023-03-02 01:30:00,4.242
2023-03-02 01:45:00,4.233
2023-03-02 02:00:00,4.261
2023-03-02 02:15:00,4.252
2023-03-02 02:30:00,4.252
2023-03-02 02:45:00,4.252
2023-03-02 03:00:00,4.252
2023-03-02 03:15:00,4.242
2023-03-02 03:30:00,4.205
2023-03-02 03:45:00,4.204
2023-03-02 04:00:00,4.204
2023-03-02 04:15:00,4.233
2023-03-02 04:30:00,4.232
2023-03-02 04:45:00,4.242
2023-03-02 05:00:00,4.251
2023-03-02 05:15:00,4.242
2023-03-02 05:30:00,4.261
2023-03-02 05:45:00,4.27
2023-03-02 06:00:00,4.261
2023-03-02 06:15:00,4.261
2023-03-02 06:30:00,4.261
2023-03-02 06:45:00,4.271
2023-03-02 07:00:00,4.271
2023-03-02 07:15:00,4.271
2023-03-02 07:30:00,4.261
2023-03-02 07:45:00,4.261
2023-03-02 08:00:00,4.252
2023-03-02 08:15:00,4.242
2023-03-02 08:30:00,4.223
2023-03-02 08:45:00,4.233
2023-03-02 09:00:00,4.223
2023-03-02 09:15:00,4.26
2023-03-02 09:30:00,4.278
2023-03-02 09:45:00,4.288
2023-03-02 10:00:00,4.295
2023-03-02 10:15:00,4.292
2023-03-02 10:30:00,4.29
2023-03-02 10:45:00,4.298
2023-03-02 11:00:00,4.288
2023-03-02 11:15:00,4.287
2023-03-02 11:30:00,4.297
2023-03-02 11:45:00,4.297
2023-03-02 12:00:00,4.306
2023-03-02 12:15:00,4.278
2023-03-02 12:30:00,4.287
2023-03-02 12:45:00,4.278
2023-03-02 13:00:00,4.278
2023-03-02 13:15:00,4.287
2023-03-02 13:30:00,4.287
2023-03-02 13:45:00,4.288
2023-03-02 14:00:00,4.288
2023-03-02 14:15:00,4.297
2023-03-02 14:30:00,4.278
2023-03-02 14:45:00,4.288
2023-03-02 15:00:00,4.288
2023-03-02 15:15:00,4.288
2023-03-02 15:30:00,4.298
2023-03-02 15:45:00,4.297
2023-03-02 16:00:00,4.288
2023-03-02 16:15:00,4.288
2023-03-02 16:30:00,4.288
2023-03-02 16:45:00,4.289
2023-03-02 17:00:00,4.29
2023-03-02 17:15:00,4.289
2023-03-02 17:30:00,4.289
2023-03-02 17:45:00,4.291
2023-03-02 18:00:00,4.29
2023-03-02 18:15:00,4.273
2023-03-02 18:30:00,4.292
2023-03-02 18:45:00,4.292
2023-03-02 19:00:00,4.302
2023-03-02 19:15:00,4.293
2023-03-02 19:30:00,4.274
2023-03-02 19:45:00,4.275
2023-03-02 20:00:00,4.287
2023-03-02 20:15:00,4.297
2023-03-02 20:30:00,4.288
2023-03-02 20:45:00,4.297
2023-03-02 21:00:00,4.288
2023-03-02 21:15:00,4.269
2023-03-02 21:30:00,4.25
2023-03-02 21:45:00,4.241
2023-03-02 22:00:00,4.242
2023-03-02 22:15:00,4.232
2023-03-02 22:30:00,4.232
2023-03-02 22:45:00,4.24
2023-03-02 23:00:00,4.241
2023-03-02 23:15:00,4.232
2023-03-02 23:30:00,4.213
2023-03-02 23:45:00,4.232
2023-03-03 00:00:00,4.241
2023-03-03 00:15:00,4.251
2023-03-03 00:30:00,4.232
2023-03-03 00:45:00,4.251
2023-03-03 01:00:00,4.232
2023-03-03 01:15:00,4.261
2023-03-03 01:30:00,4.242
2023-03-03 01:45:00,4.251
2023-03-03 02:00:00,4.27
2023-03-03 02:15:00,4.27
2023-03-03 02:30:00,4.27
2023-03-03 02:45:00,4.271
2023-03-03 03:00:00,4.252
2023-03-03 03:15:00,4.271
2023-03-03 03:30:00,4.271
2023-03-03 03:45:00,4.28
2023-03-03 04:00:00,4.29
2023-03-03 04:15:00,4.3
2023-03-03 04:30:00,4.291
2023-03-03 04:45:00,4.281
2023-03-03 05:00:00,4.291
2023-03-03 05:15:00,4.282
2023-03-03 05:30:00,4.272
2023-03-03 05:45:00,4.282
2023-03-03 06:00:00,4.281
2023-03-03 06:15:00,4.3
2023-03-03 06:30:00,4.282
2023-03-03 06:45:00,4.283
2023-03-03 07:00:00,4.282
2023-03-03 07:15:00,4.263
2023-03-03 07:30:00,4.253
2023-03-03 07:45:00,4.243
2023-03-03 08:00:00,4.224
2023-03-03 08:15:00,4.214
2023-03-03 08:30:00,4.204
2023-03-03 08:45:00,4.213
2023-03-03 09:00:00,4.231
2023-03-03 09:15:00,4.259
2023-03-03 09:30:00,4.257
2023-03-03 09:45:00,4.245
2023-03-03 10:00:00,4.234
2023-03-03 10:15:00,4.251
2023-03-03 10:30:00,4.25
2023-03-03 10:45:00,4.259
2023-03-03 11:00:00,4.259
2023-03-03 11:15:00,4.258
2023-03-03 11:30:00,4.258
2023-03-03 11:45:00,4.258
2023-03-03 12:00:00,4.248
2023-03-03 12:15:00,4.267
2023-03-03 12:30:00,4.267
2023-03-03 12:45:00,4.257
2023-03-03 13:00:00,4.258
2023-03-03 13:15:00,4.258
2023-03-03 13:30:00,4.268
2023-03-03 13:45:00,4.277
2023-03-03 14:00:00,4.267
2023-03-03 14:15:00,4.276
2023-03-03 14:30:00,4.257
2023-03-03 14:45:00,4.276
2023-03-03 15:00:00,4.248
2023-03-03 15:15:00,4.277
2023-03-03 15:30:00,4.258
2023-03-03 15:45:00,4.249
2023-03-03 16:00:00,4.267
2023-03-03 16:15:00,4.249
2023-03-03 16:30:00,4.258
2023-03-03 16:45:00,4.278
2023-03-03 17:00:00,4.25
2023-03-03 17:15:00,4.251
2023-03-03 17:30:00,4.243
2023-03-03 17:45:00,4.235
2023-03-03 18:00:00,4.238
2023-03-03 18:15:00,4.258
2023-03-03 18:30:00,4.24
2023-03-03 18:45:00,4.25
2023-03-03 19:00:00,4.25
2023-03-03 19:15:00,4.26
2023-03-03 19:30:00,4.232
2023-03-03 19:45:00,4.241
2023-03-03 20:00:00,4.241
2023-03-03 20:15:00,4.251
2023-03-03 20:30:00,4.232
2023-03-03 20:45:00,4.242
2023-03-03 21:00:00,4.242
2023-03-03 21:15:00,4.242
2023-03-03 21:30:00,4.251
2023-03-03 21:45:00,4.232
2023-03-03 22:00:00,4.241
2023-03-03 22:15:00,4.251
2023-03-03 22:30:00,4.232
2023-03-03 22:45:00,4.251
2023-03-03 23:00:00,4.233
2023-03-03 23:15:00,4.251
2023-03-03 23:30:00,4.251
2023-03-03 23:45:00,4.242
2023-03-04 00:00:00,4.233
2023-03-04 00:15:00,4.242
2023-03-04 00:30:00,4.223
2023-03-04 00:45:00,4.252
2023-03-04 01:00:00,4.224
2023-03-04 01:15:00,4.243
2023-03-04 01:30:00,4.233
2023-03-04 01:45:00,4.243
2023-03-04 02:00:00,4.234
2023-03-04 02:15:00,4.235
2023-03-04 02:30:00,4.235
2023-03-04 02:45:00,4.235
2023-03-04 03:00:00,4.235
2023-03-04 03:15:00,4.226
2023-03-04 03:30:00,4.217
2023-03-04 03:45:00,4.217
2023-03-04 04:00:00,4.217
2023-03-04 04:15:00,4.208
2023-03-04 04:30:00,4.189
2023-03-04 04:45:00,4.19
2023-03-04 05:00:00,4.179
2023-03-04 05:15:00,4.189
2023-03-04 05:30:00,4.198
2023-03-04 05:45:00,4.188
2023-03-04 06:00:00,4.188
2023-03-04 06:15:00,4.189
2023-03-04 06:30:00,4.179
2023-03-04 06:45:00,4.189
2023-03-04 07:00:00,4.18
2023-03-04 07:15:00,4.181
2023-03-04 07:30:00,4.189
2023-03-04 07:45:00,4.188
2023-03-04 08:00:00,4.207
2023-03-04 08:15:00,4.187
2023-03-04 08:30:00,4.176
2023-03-04 08:45:00,4.192
2023-03-04 09:00:00,4.196
2023-03-04 09:15:00,4.213
2023-03-04 09:30:00,4.202
2023-03-04 09:45:00,4.229
2023-03-04 10:00:00,4.238
2023-03-04 10:15:00,4.219
2023-03-04 10:30:00,4.237
2023-03-04 10:45:00,4.227
2023-03-04 11:00:00,4.245
2023-03-04 11:15:00,4.255
2023-03-04 11:30:00,4.245
2023-03-04 11:45:00,4.235
2023-03-04 12:00:00,4.235
2023-03-04 12:15:00,4.245
2023-03-04 12:30:00,4.254
2023-03-04 12:45:00,4.235
2023-03-04 13:00:00,4.263
2023-03-04 13:15:00,4.243
2023-03-04 13:30:00,4.262
2023-03-04 13:45:00,4.262
2023-03-04 14:00:00,4.262
2023-03-04 14:15:00,4.261
2023-03-04 14:30:00,4.252
2023-03-04 14:45:00,4.252
2023-03-04 15:00:00,4.243
2023-03-04 15:15:00,4.244
2023-03-04 15:30:00,4.254
2023-03-04 15:45:00,4.226
2023-03-04 16:00:00,4.236
2023-03-04 16:15:00,4.227
2023-03-04 16:30:00,4.247
2023-03-04 16:45:00,4.229
2023-03-04 17:00:00,4.229
2023-03-04 17:15:00,4.22
2023-03-04 17:30:00,4.211
2023-03-04 17:45:00,4.222
2023-03-04 18:00:00,4.214
2023-03-04 18:15:00,4.226
2023-03-04 18:30:00,4.217
2023-03-04 18:45:00,4.219
2023-03-04 19:00:00,4.21
2023-03-04 19:15:00,4.21
2023-03-04 19:30:00,4.202
2023-03-04 19:45:00,4.203
2023-03-04 20:00:00,4.203
2023-03-04 20:15:00,4.222
2023-03-04 20:30:00,4.213
2023-03-04 20:45:00,4.223
2023-03-04 21:00:00,4.205
2023-03-04 21:15:00,4.205
2023-03-04 21:30:00,4.205
2023-03-04 21:45:00,4.196
2023-03-04 22:00:00,4.205
2023-03-04 22:15:00,4.205
2023-03-04 22:30:00,4.215
2023-03-04 22:45:00,4.214
2023-03-04 23:00:00,4.205
2023-03-04 23:15:00,4.214
2023-03-04 23:30:00,4.204
2023-03-04 23:45:00,4.213
2023-03-05 00:00:00,4.222
2023-03-05 00:15:00,4.203
2023-03-05 00:30:00,4.185
2023-03-05 00:45:00,4.212
2023-03-05 01:00:00,4.213
2023-03-05 01:15:00,4.221
2023-03-05 01:30:00,4.212
2023-03-05 01:45:00,4.203
2023-03-05 02:00:00,4.165
2023-03-05 02:15:00,4.175
2023-03-05 02:30:00,4.175
2023-03-05 02:45:00,4.185
2023-03-05 03:00:00,4.203
2023-03-05 03:15:00,4.184
2023-03-05 03:30:00,4.204
2023-03-05 03:45:00,4.185
2023-03-05 04:00:00,4.203
2023-03-05 04:15:00,4.194
2023-03-05 04:30:00,4.204
2023-03-05 04:45:00,4.223
2023-03-05 05:00:00,4.213
2023-03-05 05:15:00,4.213
2023-03-05 05:30:00,4.214
2023-03-05 05:45:00,4.214
2023-03-05 06:00:00,4.214
2023-03-05 06:15:00,4.213
2023-03-05 06:30:00,4.204
2023-03-05 06:45:00,4.232
2023-03-05 07:00:00,4.214
2023-03-05 07:15:00,4.214
2023-03-05 07:30:00,4.185
2023-03-05 07:45:00,4.166
2023-03-05 08:00:00,4.176
2023-03-05 08:15:00,4.185
2023-03-05 08:30:00,4.185
2023-03-05 08:45:00,4.194
2023-03-05 09:00:00,4.203
2023-03-05 09:15:00,4.2
2023-03-05 09:30:00,4.216
2023-03-05 09:45:00,4.215
2023-03-05 10:00:00,4.204
2023-03-05 10:15:00,4.222
2023-03-05 10:30:00,4.202
2023-03-05 10:45:00,4.22
2023-03-05 11:00:00,4.21
2023-03-05 11:15:00,4.228
2023-03-05 11:30:00,4.199
2023-03-05 11:45:00,4.217
2023-03-05 12:00:00,4.217
2023-03-05 12:15:00,4.217
2023-03-05 12:30:00,4.207
2023-03-05 12:45:00,4.226
2023-03-05 13:00:00,4.216
2023-03-05 13:15:00,4.216
2023-03-05 13:30:00,4.234
2023-03-05 13:45:00,4.242
2023-03-05 14:00:00,4.24
2023-03-05 14:15:00,4.239
2023-03-05 14:30:00,4.227
2023-03-05 14:45:00,4.219
2023-03-05 15:00:00,4.218
2023-03-05 15:15:00,4.227
2023-03-05 15:30:00,4.218
2023-03-05 15:45:00,4.21
2023-03-05 16:00:00,4.22
2023-03-05 16:15:00,4.23
2023-03-05 16:30:00,4.221
2023-03-05 16:45:00,4.231
2023-03-05 17:00:00,4.213
2023-03-05 17:15:00,4.177
2023-03-05 17:30:00,4.179
2023-03-05 17:45:00,4.172
2023-03-05 18:00:00,4.174
2023-03-05 18:15:00,4.179
2023-03-05 18:30:00,4.192
2023-03-05 18:45:00,4.194
2023-03-05 19:00:00,4.195
2023-03-05 19:15:00,4.195
2023-03-05 19:30:00,4.186
2023-03-05 19:45:00,4.176
2023-03-05 20:00:00,4.195
2023-03-05 20:15:00,4.176
2023-03-05 20:30:00,4.185
2023-03-05 20:45:00,4.186
2023-03-05 21:00:00,4.186
2023-03-05 21:15:00,4.176
2023-03-05 21:30:00,4.186
2023-03-05 21:45:00,4.186
2023-03-05 22:00:00,4.187
2023-03-05 22:15:00,4.177
2023-03-05 22:30:00,4.177
2023-03-05 22:45:00,4.186
2023-03-05 23:00:00,4.177
2023-03-05 23:15:00,4.186
2023-03-05 23:30:00,4.177
2023-03-05 23:45:00,4.185
2023-03-06 00:00:00,4.194
2023-03-06 00:15:00,4.194
2023-03-06 00:30:00,4.166
2023-03-06 00:45:00,4.175
2023-03-06 01:00:00,4.175
2023-03-06 01:15:00,4.194
2023-03-06 01:30:00,4.175
2023-03-06 01:45:00,4.194
2023-03-06 02:00:00,4.175
2023-03-06 02:15:00,4.185
2023-03-06 02:30:00,4.176
2023-03-06 02:45:00,4.176
2023-03-06 03:00:00,4.166
2023-03-06 03:15:00,4.185
2023-03-06 03:30:00,4.185
2023-03-06 03:45:00,4.184
2023-03-06 04:00:00,4.194
2023-03-06 04:15:00,4.175
2023-03-06 04:30:00,4.185
2023-03-06 04:45:00,4.175
2023-03-06 05:00:00,4.175
2023-03-06 05:15:00,4.166
2023-03-06 05:30:00,4.185
2023-03-06 05:45:00,4.176
2023-03-06 06:00:00,4.185
2023-03-06 06:15:00,4.185
2023-03-06 06:30:00,4.176
2023-03-06 06:45:00,4.138
2023-03-06 07:00:00,4.147
2023-03-06 07:15:00,4.147
2023-03-06 07:30:00,4.129
2023-03-06 07:45:00,4.166
2023-03-06 08:00:00,4.163
2023-03-06 08:15:00,4.171
2023-03-06 08:30:00,4.169
2023-03-06 08:45:00,4.16
2023-03-06 09:00:00,4.177
2023-03-06 09:15:00,4.176
2023-03-06 09:30:00,4.186
2023-03-06 09:45:00,4.166
2023-03-06 10:00:00,4.193
2023-03-06 10:15:00,4.173
2023-03-06 10:30:00,4.191
2023-03-06 10:45:00,4.19
2023-03-06 11:00:00,4.18
2023-03-06 11:15:00,4.181
2023-03-06 11:30:00,4.182
2023-03-06 11:45:00,4.191
2023-03-06 12:00:00,4.182
2023-03-06 12:15:00,4.181
2023-03-06 12:30:00,4.18
2023-03-06 12:45:00,4.199
2023-03-06 13:00:00,4.189
2023-03-06 13:15:00,4.189
2023-03-06 13:30:00,4.208
2023-03-06 13:45:00,4.18
2023-03-06 14:00:00,4.19
2023-03-06 14:15:00,4.198
2023-03-06 14:30:00,4.197
2023-03-06 14:45:00,4.187
2023-03-06 15:00:00,4.215
2023-03-06 15:15:00,4.196
2023-03-06 15:30:00,4.178
2023-03-06 15:45:00,4.198
2023-03-06 16:00:00,4.189
2023-03-06 16:15:00,4.209
2023-03-06 16:30:00,4.209
2023-03-06 16:45:00,4.199
2023-03-06 17:00:00,4.161
2023-03-06 17:15:00,4.161
2023-03-06 17:30:00,4.181
2023-03-06 17:45:00,4.163
2023-03-06 18:00:00,4.146
2023-03-06 18:15:00,4.139
2023-03-06 18:30:00,4.153
2023-03-06 18:45:00,4.137
2023-03-06 19:00:00,4.138
2023-03-06 19:15:00,4.149
2023-03-06 19:30:00,4.131
2023-03-06 19:45:00,4.178
2023-03-06 20:00:00,4.199
2023-03-06 20:15:00,4.189
2023-03-06 20:30:00,4.182
2023-03-06 20:45:00,4.209
2023-03-06 21:00:00,4.2
2023-03-06 21:15:00,4.208
2023-03-06 21:30:00,4.198
2023-03-06 21:45:00,4.201
2023-03-06 22:00:00,4.21
2023-03-06 22:15:00,4.21
2023-03-06 22:30:00,4.193
2023-03-06 22:45:00,4.2
2023-03-06 23:00:00,4.2
2023-03-06 23:15:00,4.201
2023-03-06 23:30:00,4.191
2023-03-06 23:45:00,4.201
2023-03-07 00:00:00,4.171
2023-03-07 00:15:00,4.198
2023-03-07 00:30:00,4.189
2023-03-07 00:45:00,4.189
2023-03-07 01:00:00,4.207
2023-03-07 01:15:00,4.18
2023-03-07 01:30:00,4.198
2023-03-07 01:45:00,4.209
2023-03-07 02:00:00,4.181
2023-03-07 02:15:00,4.2
2023-03-07 02:30:00,4.201
2023-03-07 02:45:00,4.193
2023-03-07 03:00:00,4.183
2023-03-07 03:15:00,4.212
2023-03-07 03:30:00,4.202
2023-03-07 03:45:00,4.175
2023-03-07 04:00:00,4.174
2023-03-07 04:15:00,4.176
2023-03-07 04:30:00,4.157
2023-03-07 04:45:00,4.176
2023-03-07 05:00:00,4.173
2023-03-07 05:15:00,4.172
2023-03-07 05:30:00,4.165
2023-03-07 05:45:00,4.184
2023-03-07 06:00:00,4.165
2023-03-07 06:15:00,4.184
2023-03-07 06:30:00,4.164
2023-03-07 06:45:00,4.173
2023-03-07 07:00:00,4.162
2023-03-07 07:15:00,4.152
2023-03-07 07:30:00,4.131
2023-03-07 07:45:00,4.13
2023-03-07 08:00:00,4.11
2023-03-07 08:15:00,4.087
2023-03-07 08:30:00,4.074
2023-03-07 08:45:00,4.091
2023-03-07 09:00:00,4.09
2023-03-07 09:15:00,4.118
2023-03-07 09:30:00,4.126
2023-03-07 09:45:00,4.125
2023-03-07 10:00:00,4.124
2023-03-07 10:15:00,4.123
2023-03-07 10:30:00,4.123
2023-03-07 10:45:00,4.122
2023-03-07 11:00:00,4.132
2023-03-07 11:15:00,4.141
2023-03-07 11:30:00,4.14
2023-03-07 11:45:00,4.131
2023-03-07 12:00:00,4.141
2023-03-07 12:15:00,4.142
2023-03-07 12:30:00,4.141
2023-03-07 12:45:00,4.15
2023-03-07 13:00:00,4.168
2023-03-07 13:15:00,4.166
2023-03-07 13:30:00,4.156
2023-03-07 13:45:00,4.165
2023-03-07 14:00:00,4.145
2023-03-07 14:15:00,4.154
2023-03-07 14:30:00,4.163
2023-03-07 14:45:00,4.163
2023-03-07 15:00:00,4.143
2023-03-07 15:15:00,4.152
2023-03-07 15:30:00,4.172
2023-03-07 15:45:00,4.153
2023-03-07 16:00:00,4.145
2023-03-07 16:15:00,4.146
2023-03-07 16:30:00,4.129
2023-03-07 16:45:00,4.121
2023-03-07 17:00:00,4.141
2023-03-07 17:15:00,4.105
2023-03-07 17:30:00,4.097
2023-03-07 17:45:00,4.09
2023-03-07 18:00:00,4.112
2023-03-07 18:15:00,4.088
2023-03-07 18:30:00,4.099
2023-03-07 18:45:00,4.1
2023-03-07 19:00:00,4.091
2023-03-07 19:15:00,4.073
2023-03-07 19:30:00,4.092
2023-03-07 19:45:00,4.092
2023-03-07 20:00:00,4.092
2023-03-07 20:15:00,4.101
2023-03-07 20:30:00,4.092
2023-03-07 20:45:00,4.092
2023-03-07 21:00:00,4.083
2023-03-07 21:15:00,4.074
2023-03-07 21:30:00,4.057
2023-03-07 21:45:00,4.16
2023-03-07 22:00:00,4.161
2023-03-07 22:15:00,4.135
2023-03-07 22:30:00,4.157
2023-03-07 22:45:00,4.166
2023-03-07 23:00:00,4.157
2023-03-07 23:15:00,4.148
2023-03-07 23:30:00,4.138
2023-03-07 23:45:00,4.147
2023-03-08 00:00:00,4.128
2023-03-08 00:15:00,4.137
2023-03-08 00:30:00,4.117
2023-03-08 00:45:00,4.116
2023-03-08 01:00:00,4.124
2023-03-08 01:15:00,4.133
2023-03-08 01:30:00,4.131
2023-03-08 01:45:00,4.121
2023-03-08 02:00:00,4.123
2023-03-08 02:15:00,4.132
2023-03-08 02:30:00,4.094
2023-03-08 02:45:00,4.103
2023-03-08 03:00:00,4.084
2023-03-08 03:15:00,4.094
2023-03-08 03:30:00,4.094
2023-03-08 03:45:00,4.103
2023-03-08 04:00:00,4.094
2023-03-08 04:15:00,4.084
2023-03-08 04:30:00,4.093
2023-03-08 04:45:00,4.094
2023-03-08 05:00:00,4.103
2023-03-08 05:15:00,4.093
2023-03-08 05:30:00,4.112
2023-03-08 05:45:00,4.093
2023-03-08 06:00:00,4.092
2023-03-08 06:15:00,4.102
2023-03-08 06:30:00,4.112
2023-03-08 06:45:00,4.093
2023-03-08 07:00:00,4.093
2023-03-08 07:15:00,4.046
2023-03-08 07:30:00,4.045
2023-03-08 07:45:00,4.054
2023-03-08 08:00:00,4.057
2023-03-08 08:15:00,4.073
2023-03-08 08:30:00,4.052
2023-03-08 08:45:00,4.079
2023-03-08 09:00:00,4.087
2023-03-08 09:15:00,4.077
2023-03-08 09:30:00,4.095
2023-03-08 09:45:00,4.085
2023-03-08 10:00:00,4.085
2023-03-08 10:15:00,4.094
2023-03-08 10:30:00,4.084
2023-03-08 10:45:00,4.102
2023-03-08 11:00:00,4.111
2023-03-08 11:15:00,4.091
2023-03-08 11:30:00,4.11
2023-03-08 11:45:00,4.109
2023-03-08 12:00:00,4.118
2023-03-08 12:15:00,4.099
2023-03-08 12:30:00,4.108
2023-03-08 12:45:00,4.108
2023-03-08 13:00:00,4.098
2023-03-08 13:15:00,4.116
2023-03-08 13:30:00,4.126
2023-03-08 13:45:00,4.116
2023-03-08 14:00:00,4.116
2023-03-08 14:15:00,4.115
2023-03-08 14:30:00,4.124
2023-03-08 14:45:00,4.116
2023-03-08 15:00:00,4.099
2023-03-08 15:15:00,4.109
2023-03-08 15:30:00,4.091
2023-03-08 15:45:00,4.083
2023-03-08 16:00:00,4.083
2023-03-08 16:15:00,4.084
2023-03-08 16:30:00,4.085
2023-03-08 16:45:00,4.095
2023-03-08 17:00:00,4.077
2023-03-08 17:15:00,4.078
2023-03-08 17:30:00,4.06
2023-03-08 17:45:00,4.061
2023-03-08 18:00:00,4.062
2023-03-08 18:15:00,4.057
2023-03-08 18:30:00,4.058
2023-03-08 18:45:00,4.061
2023-03-08 19:00:00,4.044
2023-03-08 19:15:00,4.082
2023-03-08 19:30:00,4.081
2023-03-08 19:45:00,4.072
2023-03-08 20:00:00,4.062
2023-03-08 20:15:00,4.078
2023-03-08 20:30:00,4.069
2023-03-08 20:45:00,4.058
2023-03-08 21:00:00,4.067
2023-03-08 21:15:00,4.076
2023-03-08 21:30:00,4.077
2023-03-08 21:45:00,4.058
2023-03-08 22:00:00,4.077
2023-03-08 22:15:00,4.077
2023-03-08 22:30:00,4.069
2023-03-08 22:45:00,4.07
2023-03-08 23:00:00,4.061
2023-03-08 23:15:00,4.07
2023-03-08 23:30:00,4.07
2023-03-08 23:45:00,4.06
2023-03-09 00:00:00,4.052
2023-03-09 00:15:00,4.071
2023-03-09 00:30:00,4.062
2023-03-09 00:45:00,4.062
2023-03-09 01:00:00,4.052
2023-03-09 01:15:00,4.1
2023-03-09 01:30:00,4.081
2023-03-09 01:45:00,4.081
2023-03-09 02:00:00,4.1
2023-03-09 02:15:00,4.11
2023-03-09 02:30:00,4.101
2023-03-09 02:45:00,4.101
2023-03-09 03:00:00,4.092
2023-03-09 03:15:00,4.111
2023-03-09 03:30:00,4.092
2023-03-09 03:45:00,4.111
2023-03-09 04:00:00,4.111
2023-03-09 04:15:00,4.131
2023-03-09 04:30:00,4.122
2023-03-09 04:45:00,4.143
2023-03-09 05:00:00,4.124
2023-03-09 05:15:00,4.116
2023-03-09 05:30:00,4.118
2023-03-09 05:45:00,4.126
2023-03-09 06:00:00,4.116
2023-03-09 06:15:00,4.125
2023-03-09 06:30:00,4.116
2023-03-09 06:45:00,4.115
2023-03-09 07:00:00,4.135
2023-03-09 07:15:00,4.133
2023-03-09 07:30:00,4.094
2023-03-09 07:45:00,4.037
2023-03-09 08:00:00,4.026
2023-03-09 08:15:00,4.029
2023-03-09 08:30:00,4.055
2023-03-09 08:45:00,4.044
2023-03-09 09:00:00,4.052
2023-03-09 09:15:00,4.061
2023-03-09 09:30:00,4.051
2023-03-09 09:45:00,4.041
2023-03-09 10:00:00,4.05
2023-03-09 10:15:00,4.041
2023-03-09 10:30:00,4.051
2023-03-09 10:45:00,4.06
2023-03-09 11:00:00,4.05
2023-03-09 11:15:00,4.059
2023-03-09 11:30:00,4.068
2023-03-09 11:45:00,4.058
2023-03-09 12:00:00,4.057
2023-03-09 12:15:00,4.066
2023-03-09 12:30:00,4.075
2023-03-09 12:45:00,4.055
2023-03-09 13:00:00,4.074
2023-03-09 13:15:00,4.092
2023-03-09 13:30:00,4.082
2023-03-09 13:45:00,4.081
2023-03-09 14:00:00,4.071
2023-03-09 14:15:00,4.071
2023-03-09 14:30:00,4.061
2023-03-09 14:45:00,4.081
2023-03-09 15:00:00,4.08
2023-03-09 15:15:00,4.08
2023-03-09 15:30:00,4.079
2023-03-09 15:45:00,4.071
2023-03-09 16:00:00,4.081
2023-03-09 16:15:00,4.091
2023-03-09 16:30:00,4.044
2023-03-09 16:45:00,4.055
2023-03-09 17:00:00,4.047
2023-03-09 17:15:00,4.039
2023-03-09 17:30:00,4.04
2023-03-09 17:45:00,4.022
2023-03-09 18:00:00,4.014
2023-03-09 18:15:00,4.033
2023-03-09 18:30:00,4.017
2023-03-09 18:45:00,4.009
2023-03-09 19:00:00,4.011
2023-03-09 19:15:00,4.023
2023-03-09 19:30:00,4.014
2023-03-09 19:45:00,4.005
2023-03-09 20:00:00,4.005
2023-03-09 20:15:00,4.015
2023-03-09 20:30:00,4.025
2023-03-09 20:45:00,4.024
2023-03-09 21:00:00,4.024
2023-03-09 21:15:00,4.024
2023-03-09 21:30:00,4.005
2023-03-09 21:45:00,3.984
2023-03-09 22:00:00,4.001
2023-03-09 22:15:00,4.002
2023-03-09 22:30:00,4.004
2023-03-09 22:45:00,4.003
2023-03-09 23:00:00,3.983
2023-03-09 23:15:00,4.01
2023-03-09 23:30:00,4.021
2023-03-09 23:45:00,3.991
2023-03-10 00:00:00,3.999
2023-03-10 00:15:00,4.009
2023-03-10 00:30:00,3.989
2023-03-10 00:45:00,4.017
2023-03-10 01:00:00,3.989
2023-03-10 01:15:00,4.018
2023-03-10 01:30:00,3.998
2023-03-10 01:45:00,3.998
2023-03-10 02:00:00,3.99
2023-03-10 02:15:00,3.998
2023-03-10 02:30:00,4.007
2023-03-10 02:45:00,3.988
2023-03-10 03:00:00,3.998
2023-03-10 03:15:00,4.008
2023-03-10 03:30:00,4.018
2023-03-10 03:45:00,4.002
2023-03-10 04:00:00,3.991
2023-03-10 04:15:00,3.99
2023-03-10 04:30:00,3.991
2023-03-10 04:45:00,4.008
2023-03-10 05:00:00,4.009
2023-03-10 05:15:00,3.998
2023-03-10 05:30:00,4
2023-03-10 05:45:00,4.001
2023-03-10 06:00:00,4
2023-03-10 06:15:00,4.011
2023-03-10 06:30:00,4.012
2023-03-10 06:45:00,4.02
2023-03-10 07:00:00,4.01
2023-03-10 07:15:00,4.002
2023-03-10 07:30:00,4.004
2023-03-10 07:45:00,4.012
2023-03-10 08:00:00,4.011
2023-03-10 08:15:00,4.001
2023-03-10 08:30:00,4.01
2023-03-10 08:45:00,4
2023-03-10 09:00:00,4
2023-03-10 09:15:00,3.998
2023-03-10 09:30:00,4.026
2023-03-10 09:45:00,4.018
2023-03-10 10:00:00,4.01
2023-03-10 10:15:00,4.027
2023-03-10 10:30:00,4.028
2023-03-10 10:45:00,4.029
2023-03-10 11:00:00,4.031
2023-03-10 11:15:00,4.021
2023-03-10 11:30:00,4.029
2023-03-10 11:45:00,4.011
2023-03-10 12:00:00,4.029
2023-03-10 12:15:00,4.029
2023-03-10 12:30:00,4.021
2023-03-10 12:45:00,4.031
2023-03-10 13:00:00,4.029
2023-03-10 13:15:00,4.027
2023-03-10 13:30:00,4.027
2023-03-10 13:45:00,4.028
2023-03-10 14:00:00,4.018
2023-03-10 14:15:00,4.016
2023-03-10 14:30:00,4.015
2023-03-10 14:45:00,4.014
2023-03-10 15:00:00,4.014
2023-03-10 15:15:00,4.024
2023-03-10 15:30:00,4.014
2023-03-10 15:45:00,4.015
2023-03-10 16:00:00,4.024
2023-03-10 16:15:00,4.034
2023-03-10 16:30:00,4.025
2023-03-10 16:45:00,4.019
2023-03-10 17:00:00,4.019
2023-03-10 17:15:00,4.029
2023-03-10 17:30:00,4.011
2023-03-10 17:45:00,4.003
2023-03-10 18:00:00,3.992
2023-03-10 18:15:00,3.991
2023-03-10 18:30:00,4.011
2023-03-10 18:45:00,4.004
2023-03-10 19:00:00,4.005
2023-03-10 19:15:00,3.995
2023-03-10 19:30:00,3.984
2023-03-10 19:45:00,3.986
2023-03-10 20:00:00,3.985
2023-03-10 20:15:00,4.043
2023-03-10 20:30:00,4.006
2023-03-10 20:45:00,3.969
2023-03-10 21:00:00,3.969
2023-03-10 21:15:00,3.997
2023-03-10 21:30:00,3.997
2023-03-10 21:45:00,3.987
2023-03-10 22:00:00,3.997
2023-03-10 22:15:00,4.025
2023-03-10 22:30:00,4.015
2023-03-10 22:45:00,4.024
2023-03-10 23:00:00,3.996
2023-03-10 23:15:00,4.005
2023-03-10 23:30:00,4.025
2023-03-10 23:45:00,4.006
2023-03-11 00:00:00,3.997
2023-03-11 00:15:00,4.016
2023-03-11 00:30:00,3.988
2023-03-11 00:45:00,3.997
2023-03-11 01:00:00,4.035
2023-03-11 01:15:00,4.045
2023-03-11 01:30:00,4.036
2023-03-11 01:45:00,4.046
2023-03-11 02:00:00,4.037
2023-03-11 02:15:00,4.039
2023-03-11 02:30:00,4.039
2023-03-11 02:45:00,4.001
2023-03-11 03:00:00,4.028
2023-03-11 03:15:00,4.028
2023-03-11 03:30:00,3.999
2023-03-11 03:45:00,3.998
2023-03-11 04:00:00,3.998
2023-03-11 04:15:00,4.007
2023-03-11 04:30:00,3.997
2023-03-11 04:45:00,3.997
2023-03-11 05:00:00,3.997
2023-03-11 05:15:00,3.978
2023-03-11 05:30:00,3.997
2023-03-11 05:45:00,3.997
2023-03-11 06:00:00,3.987
2023-03-11 06:15:00,3.978
2023-03-11 06:30:00,3.987
2023-03-11 06:45:00,4.015
2023-03-11 07:00:00,4.006
2023-03-11 07:15:00,4.015
2023-03-11 07:30:00,3.987
2023-03-11 07:45:00,3.978
2023-03-11 08:00:00,3.994
2023-03-11 08:15:00,3.98
2023-03-11 08:30:00,3.977
2023-03-11 08:45:00,3.985
2023-03-11 09:00:00,3.993
2023-03-11 09:15:00,4.001
2023-03-11 09:30:00,4
2023-03-11 09:45:00,3.99
2023-03-11 10:00:00,3.989
2023-03-11 10:15:00,4.017
2023-03-11 10:30:00,4.006
2023-03-11 10:45:00,4.004
2023-03-11 11:00:00,4.014
2023-03-11 11:15:00,4.004
2023-03-11 11:30:00,4.004
2023-03-11 11:45:00,3.994
2023-03-11 12:00:00,4.004
2023-03-11 12:15:00,4.004
2023-03-11 12:30:00,3.986
2023-03-11 12:45:00,3.987
2023-03-11 13:00:00,3.998
2023-03-11 13:15:00,3.981
2023-03-11 13:30:00,4.009
2023-03-11 13:45:00,3.999
2023-03-11 14:00:00,3.971
2023-03-11 14:15:00,3.933
2023-03-11 14:30:00,3.923
2023-03-11 14:45:00,3.866
2023-03-11 15:00:00,3.828
2023-03-11 15:15:00,3.798
2023-03-11 15:30:00,3.779
2023-03-11 15:45:00,3.761
2023-03-11 16:00:00,3.734
2023-03-11 16:15:00,3.745
2023-03-11 16:30:00,3.727
2023-03-11 16:45:00,3.737
2023-03-11 17:00:00,3.729
2023-03-11 17:15:00,3.73
2023-03-11 17:30:00,3.74
2023-03-11 17:45:00,3.731
2023-03-11 18:00:00,3.741
2023-03-11 18:15:00,3.751
2023-03-11 18:30:00,3.724
2023-03-11 18:45:00,3.737
2023-03-11 19:00:00,3.745
2023-03-11 19:15:00,3.736
2023-03-11 19:30:00,3.737
2023-03-11 19:45:00,3.727
2023-03-11 20:00:00,3.737
2023-03-11 20:15:00,3.737
2023-03-11 20:30:00,3.728
2023-03-11 20:45:00,3.737
2023-03-11 21:00:00,3.747
2023-03-11 21:15:00,3.728
2023-03-11 21:30:00,3.747
2023-03-11 21:45:00,3.739
2023-03-11 22:00:00,3.767
2023-03-11 22:15:00,3.759
2023-03-11 22:30:00,3.749
2023-03-11 22:45:00,3.765
2023-03-11 23:00:00,3.756
2023-03-11 23:15:00,3.766
2023-03-11 23:30:00,3.775
2023-03-11 23:45:00,3.756
2023-03-12 00:00:00,3.776
2023-03-12 00:15:00,3.756
2023-03-12 00:30:00,3.777
2023-03-12 00:45:00,3.769
2023-03-12 01:00:00,3.787
2023-03-12 01:15:00,3.777
2023-03-12 01:30:00,3.778
2023-03-12 01:45:00,3.757
2023-03-12 02:00:00,3.76
2023-03-12 02:15:00,3.761
2023-03-12 02:30:00,3.77
2023-03-12 02:45:00,3.762
2023-03-12 03:00:00,3.781
2023-03-12 03:15:00,3.8
2023-03-12 03:30:00,3.781
2023-03-12 03:45:00,3.781
2023-03-12 04:00:00,3.782
2023-03-12 04:15:00,3.81
2023-03-12 04:30:00,3.791
2023-03-12 04:45:00,3.8
2023-03-12 05:00:00,3.819
2023-03-12 05:15:00,3.791
2023-03-12 05:30:00,3.791
2023-03-12 05:45:00,3.8
2023-03-12 06:00:00,3.8
2023-03-12 06:15:00,3.81
2023-03-12 06:30:00,3.809
2023-03-12 06:45:00,3.809
2023-03-12 07:00:00,3.818
2023-03-12 07:15:00,3.825
2023-03-12 07:30:00,3.821
2023-03-12 07:45:00,3.828
2023-03-12 08:00:00,3.826
2023-03-12 08:15:00,3.834
2023-03-12 08:30:00,3.852
2023-03-12 08:45:00,3.841
2023-03-12 09:00:00,3.831
2023-03-12 09:15:00,3.839
2023-03-12 09:30:00,3.848
2023-03-12 09:45:00,3.857
2023-03-12 10:00:00,3.847
2023-03-12 10:15:00,3.856
2023-03-12 10:30:00,3.856
2023-03-12 10:45:00,3.864
2023-03-12 11:00:00,3.864
2023-03-12 11:15:00,3.863
2023-03-12 11:30:00,3.863
2023-03-12 11:45:00,3.871
2023-03-12 12:00:00,3.861
2023-03-12 12:15:00,3.85
2023-03-12 12:30:00,3.859
2023-03-12 12:45:00,3.857
2023-03-12 13:00:00,3.841
2023-03-12 13:15:00,3.841
2023-03-12 13:30:00,3.84
2023-03-12 13:45:00,3.82
2023-03-12 14:00:00,3.819
2023-03-12 14:15:00,3.81
2023-03-12 14:30:00,3.813
2023-03-12 14:45:00,3.786
2023-03-12 15:00:00,3.806
2023-03-12 15:15:00,3.817
2023-03-12 15:30:00,3.797
2023-03-12 15:45:00,3.808
2023-03-12 16:00:00,3.79
2023-03-12 16:15:00,3.79
2023-03-12 16:30:00,3.781
2023-03-12 16:45:00,3.772
2023-03-12 17:00:00,3.754
2023-03-12 17:15:00,3.764
2023-03-12 17:30:00,3.764
2023-03-12 17:45:00,3.756
2023-03-12 18:00:00,3.747
2023-03-12 18:15:00,3.747
2023-03-12 18:30:00,3.748
2023-03-12 18:45:00,3.767
2023-03-12 19:00:00,3.758
2023-03-12 19:15:00,3.749
2023-03-12 19:30:00,3.749
2023-03-12 19:45:00,3.74
2023-03-12 20:00:00,3.759
2023-03-12 20:15:00,3.749
2023-03-12 20:30:00,3.74
2023-03-12 20:45:00,3.75
2023-03-12 21:00:00,3.731
2023-03-12 21:15:00,3.74
2023-03-12 21:30:00,3.731
2023-03-12 21:45:00,3.74
2023-03-12 22:00:00,3.759
2023-03-12 22:15:00,3.759
2023-03-12 22:30:00,3.74
2023-03-12 22:45:00,3.74
2023-03-12 23:00:00,3.75
2023-03-12 23:15:00,3.75
2023-03-12 23:30:00,3.741
2023-03-12 23:45:00,3.76
2023-03-13 00:00:00,3.75
2023-03-13 00:15:00,3.741
2023-03-13 00:30:00,3.732
2023-03-13 00:45:00,3.731
2023-03-13 01:00:00,3.723
2023-03-13 01:15:00,3.742
2023-03-13 01:30:00,3.732
2023-03-13 01:45:00,3.723
2023-03-13 02:00:00,3.723
2023-03-13 02:15:00,3.732
2023-03-13 02:30:00,3.733
2023-03-13 02:45:00,3.714
2023-03-13 03:00:00,3.732
2023-03-13 03:15:00,3.742
2023-03-13 03:30:00,3.732
2023-03-13 03:45:00,3.732
2023-03-13 04:00:00,3.732
2023-03-13 04:15:00,3.751
2023-03-13 04:30:00,3.732
2023-03-13 04:45:00,3.723
2023-03-13 05:00:00,3.742
2023-03-13 05:15:00,3.732
2023-03-13 05:30:00,3.742
2023-03-13 05:45:00,3.742
2023-03-13 06:00:00,3.732
2023-03-13 06:15:00,3.742
2023-03-13 06:30:00,3.732
2023-03-13 06:45:00,3.733
2023-03-13 07:00:00,3.751
2023-03-13 07:15:00,3.732
2023-03-13 07:30:00,3.75
2023-03-13 07:45:00,3.74
2023-03-13 08:00:00,3.74
2023-03-13 08:15:00,3.758
2023-03-13 08:30:00,3.749
2023-03-13 08:45:00,3.749
2023-03-13 09:00:00,3.758
2023-03-13 09:15:00,3.758
2023-03-13 09:30:00,3.758
2023-03-13 09:45:00,3.748
2023-03-13 10:00:00,3.767
2023-03-13 10:15:00,3.758
2023-03-13 10:30:00,3.758
2023-03-13 10:45:00,3.776
2023-03-13 11:00:00,3.757
2023-03-13 11:15:00,3.766
2023-03-13 11:30:00,3.775
2023-03-13 11:45:00,3.774
2023-03-13 12:00:00,3.774
2023-03-13 12:15:00,3.764
2023-03-13 12:30:00,3.754
2023-03-13 12:45:00,3.763
2023-03-13 13:00:00,3.754
2023-03-13 13:15:00,3.764
2023-03-13 13:30:00,3.774
2023-03-13 13:45:00,3.765
2023-03-13 14:00:00,3.765
2023-03-13 14:15:00,3.775
2023-03-13 14:30:00,3.784
2023-03-13 14:45:00,3.766
2023-03-13 15:00:00,3.756
2023-03-13 15:15:00,3.766
2023-03-13 15:30:00,3.775
2023-03-13 15:45:00,3.757
2023-03-13 16:00:00,3.766
2023-03-13 16:15:00,3.766
2023-03-13 16:30:00,3.757
2023-03-13 16:45:00,3.757
2023-03-13 17:00:00,3.757
2023-03-13 17:15:00,3.767
2023-03-13 17:30:00,3.757
2023-03-13 17:45:00,3.757
2023-03-13 18:00:00,3.757
2023-03-13 18:15:00,3.785
2023-03-13 18:30:00,3.766
2023-03-13 18:45:00,3.776
2023-03-13 19:00:00,3.777
2023-03-13 19:15:00,3.777
2023-03-13 19:30:00,3.749
2023-03-13 19:45:00,3.74
2023-03-13 20:00:00,3.712
2023-03-13 20:15:00,3.694
2023-03-13 20:30:00,3.657
2023-03-13 20:45:00,3.621
2023-03-13 21:00:00,3.536
2023-03-13 21:15:00,3.433
2023-03-13 21:30:00,3.351
2023-03-13 21:45:00,3.304
2023-03-13 22:00:00,3.248
2023-03-13 22:15:00,3.212
2023-03-13 22:30:00,3.194
2023-03-13 22:45:00,3.175
2023-03-13 23:00:00,3.165
2023-03-13 23:15:00,3.164
2023-03-13 23:30:00,3.145
2023-03-13 23:45:00,3.136
2023-03-14 00:00:00,3.145
2023-03-14 00:15:00,3.156
2023-03-14 00:30:00,3.157
2023-03-14 00:45:00,3.165
2023-03-14 01:00:00,3.164
2023-03-14 01:15:00,3.184
2023-03-14 01:30:00,3.176
2023-03-14 01:45:00,3.195
2023-03-14 02:00:00,3.205
2023-03-14 02:15:00,3.224
2023-03-14 02:30:00,3.215
2023-03-14 02:45:00,3.225
2023-03-14 03:00:00,3.235
2023-03-14 03:15:00,3.263
2023-03-14 03:30:00,3.282
2023-03-14 03:45:00,3.301
2023-03-14 04:00:00,3.32
2023-03-14 04:15:00,3.33
2023-03-14 04:30:00,3.358
2023-03-14 04:45:00,3.359
2023-03-14 05:00:00,3.378
2023-03-14 05:15:00,3.397
2023-03-14 05:30:00,3.426
2023-03-14 05:45:00,3.435
2023-03-14 06:00:00,3.437
2023-03-14 06:15:00,3.466
2023-03-14 06:30:00,3.468
2023-03-14 06:45:00,3.475
2023-03-14 07:00:00,3.491
2023-03-14 07:15:00,3.48
2023-03-14 07:30:00,3.505
2023-03-14 07:45:00,3.519
2023-03-14 08:00:00,3.536
2023-03-14 08:15:00,3.535
2023-03-14 08:30:00,3.563
2023-03-14 08:45:00,3.562
2023-03-14 09:00:00,3.571
2023-03-14 09:15:00,3.589
2023-03-14 09:30:00,3.588
2023-03-14 09:45:00,3.578
2023-03-14 10:00:00,3.587
2023-03-14 10:15:00,3.597
2023-03-14 10:30:00,3.596
2023-03-14 10:45:00,3.605
2023-03-14 11:00:00,3.604
2023-03-14 11:15:00,3.585
2023-03-14 11:30:00,3.584
2023-03-14 11:45:00,3.593
2023-03-14 12:00:00,3.602
2023-03-14 12:15:00,3.593
2023-03-14 12:30:00,3.602
2023-03-14 12:45:00,3.584
2023-03-14 13:00:00,3.594
2023-03-14 13:15:00,3.613
2023-03-14 13:30:00,3.595
2023-03-14 13:45:00,3.614
2023-03-14 14:00:00,3.615
2023-03-14 14:15:00,3.625
2023-03-14 14:30:00,3.616
2023-03-14 14:45:00,3.635
2023-03-14 15:00:00,3.625
2023-03-14 15:15:00,3.635
2023-03-14 15:30:00,3.635
2023-03-14 15:45:00,3.644
2023-03-14 16:00:00,3.635
2023-03-14 16:15:00,3.654
2023-03-14 16:30:00,3.654
2023-03-14 16:45:00,3.655
2023-03-14 17:00:00,3.636
2023-03-14 17:15:00,3.665
2023-03-14 17:30:00,3.656
2023-03-14 17:45:00,3.647
2023-03-14 18:00:00,3.656
2023-03-14 18:15:00,3.657
2023-03-14 18:30:00,3.657
2023-03-14 18:45:00,3.676
2023-03-14 19:00:00,3.677
2023-03-14 19:15:00,3.658
2023-03-14 19:30:00,3.668
2023-03-14 19:45:00,3.668
2023-03-14 20:00:00,3.677
2023-03-14 20:15:00,3.677
2023-03-14 20:30:00,3.687
2023-03-14 20:45:00,3.678
2023-03-14 21:00:00,3.678
2023-03-14 21:15:00,3.687
2023-03-14 21:30:00,3.688
2023-03-14 21:45:00,3.706
2023-03-14 22:00:00,3.689
2023-03-14 22:15:00,3.68
2023-03-14 22:30:00,3.699
2023-03-14 22:45:00,3.701
2023-03-14 23:00:00,3.702
2023-03-14 23:15:00,3.702
2023-03-14 23:30:00,3.703
2023-03-14 23:45:00,3.711
2023-03-15 00:00:00,3.72
2023-03-15 00:15:00,3.713
2023-03-15 00:30:00,3.722
2023-03-15 00:45:00,3.732
2023-03-15 01:00:00,3.713
2023-03-15 01:15:00,3.73
2023-03-15 01:30:00,3.732
2023-03-15 01:45:00,3.732
2023-03-15 02:00:00,3.721
2023-03-15 02:15:00,3.731
2023-03-15 02:30:00,3.711
2023-03-15 02:45:00,3.722
2023-03-15 03:00:00,3.742
2023-03-15 03:15:00,3.751
2023-03-15 03:30:00,3.724
2023-03-15 03:45:00,3.743
2023-03-15 04:00:00,3.743
2023-03-15 04:15:00,3.743
2023-03-15 04:30:00,3.744
2023-03-15 04:45:00,3.706
2023-03-15 05:00:00,3.744
2023-03-15 05:15:00,3.707
2023-03-15 05:30:00,3.707
2023-03-15 05:45:00,3.678
2023-03-15 06:00:00,3.678
2023-03-15 06:15:00,3.697
2023-03-15 06:30:00,3.696
2023-03-15 06:45:00,3.734
2023-03-15 07:00:00,3.771
2023-03-15 07:15:00,3.761
2023-03-15 07:30:00,3.779
2023-03-15 07:45:00,3.758
2023-03-15 08:00:00,3.765
2023-03-15 08:15:00,3.781
2023-03-15 08:30:00,3.752
2023-03-15 08:45:00,3.789
2023-03-15 09:00:00,3.768
2023-03-15 09:15:00,3.767
2023-03-15 09:30:00,3.776
2023-03-15 09:45:00,3.785
2023-03-15 10:00:00,3.794
2023-03-15 10:15:00,3.784
2023-03-15 10:30:00,3.784
2023-03-15 10:45:00,3.774
2023-03-15 11:00:00,3.783
2023-03-15 11:15:00,3.792
2023-03-15 11:30:00,3.802
2023-03-15 11:45:00,3.81
2023-03-15 12:00:00,3.81
2023-03-15 12:15:00,3.782
2023-03-15 12:30:00,3.801
2023-03-15 12:45:00,3.802
2023-03-15 13:00:00,3.801
2023-03-15 13:15:00,3.792
2023-03-15 13:30:00,3.81
2023-03-15 13:45:00,3.82
2023-03-15 14:00:00,3.801
2023-03-15 14:15:00,3.791
2023-03-15 14:30:00,3.801
2023-03-15 14:45:00,3.811
2023-03-15 15:00:00,3.801
2023-03-15 15:15:00,3.811
2023-03-15 15:30:00,3.801
2023-03-15 15:45:00,3.82
2023-03-15 16:00:00,3.821
2023-03-15 16:15:00,3.813
2023-03-15 16:30:00,3.813
2023-03-15 16:45:00,3.841
2023-03-15 17:00:00,3.842
2023-03-15 17:15:00,3.813
2023-03-15 17:30:00,3.823
2023-03-15 17:45:00,3.832
2023-03-15 18:00:00,3.814
2023-03-15 18:15:00,3.815
2023-03-15 18:30:00,3.816
2023-03-15 18:45:00,3.817
2023-03-15 19:00:00,3.83
2023-03-15 19:15:00,3.814
2023-03-15 19:30:00,3.815
2023-03-15 19:45:00,3.807
2023-03-15 20:00:00,3.817
2023-03-15 20:15:00,3.818
2023-03-15 20:30:00,3.819
2023-03-15 20:45:00,3.801
2023-03-15 21:00:00,3.792
2023-03-15 21:15:00,3.821
2023-03-15 21:30:00,3.85
2023-03-15 21:45:00,3.861
2023-03-15 22:00:00,3.864
2023-03-15 22:15:00,3.855
2023-03-15 22:30:00,3.855
2023-03-15 22:45:00,3.856
2023-03-15 23:00:00,3.866
2023-03-15 23:15:00,3.866
2023-03-15 23:30:00,3.876
2023-03-15 23:45:00,3.857
2023-03-16 00:00:00,3.839
2023-03-16 00:15:00,3.838
2023-03-16 00:30:00,3.857
2023-03-16 00:45:00,3.857
2023-03-16 01:00:00,3.866
2023-03-16 01:15:00,3.857
2023-03-16 01:30:00,3.838
2023-03-16 01:45:00,3.867
2023-03-16 02:00:00,3.857
2023-03-16 02:15:00,3.867
2023-03-16 02:30:00,3.848
2023-03-16 02:45:00,3.876
2023-03-16 03:00:00,3.867
2023-03-16 03:15:00,3.857
2023-03-16 03:30:00,3.867
2023-03-16 03:45:00,3.867
2023-03-16 04:00:00,3.867
2023-03-16 04:15:00,3.857
2023-03-16 04:30:00,3.876
2023-03-16 04:45:00,3.876
2023-03-16 05:00:00,3.867
2023-03-16 05:15:00,3.886
2023-03-16 05:30:00,3.876
2023-03-16 05:45:00,3.876
2023-03-16 06:00:00,3.866
2023-03-16 06:15:00,3.884
2023-03-16 06:30:00,3.846
2023-03-16 06:45:00,3.826
2023-03-16 07:00:00,3.804
2023-03-16 07:15:00,3.802
2023-03-16 07:30:00,3.819
2023-03-16 07:45:00,3.852
2023-03-16 08:00:00,3.858
2023-03-16 08:15:00,3.875
2023-03-16 08:30:00,3.864
2023-03-16 08:45:00,3.863
2023-03-16 09:00:00,3.88
2023-03-16 09:15:00,3.879
2023-03-16 09:30:00,3.878
2023-03-16 09:45:00,3.877
2023-03-16 10:00:00,3.886
2023-03-16 10:15:00,3.904
2023-03-16 10:30:00,3.893
2023-03-16 10:45:00,3.883
2023-03-16 11:00:00,3.874
2023-03-16 11:15:00,3.892
2023-03-16 11:30:00,3.891
2023-03-16 11:45:00,3.909
2023-03-16 12:00:00,3.89
2023-03-16 12:15:00,3.899
2023-03-16 12:30:00,3.898
2023-03-16 12:45:00,3.908
2023-03-16 13:00:00,3.899
2023-03-16 13:15:00,3.908
2023-03-16 13:30:00,3.907
2023-03-16 13:45:00,3.927
2023-03-16 14:00:00,3.907
2023-03-16 14:15:00,3.908
2023-03-16 14:30:00,3.906
2023-03-16 14:45:00,3.925
2023-03-16 15:00:00,3.926
2023-03-16 15:15:00,3.915
2023-03-16 15:30:00,3.914
2023-03-16 15:45:00,3.934
2023-03-16 16:00:00,3.916
2023-03-16 16:15:00,3.926
2023-03-16 16:30:00,3.907
2023-03-16 16:45:00,3.899
2023-03-16 17:00:00,3.91
2023-03-16 17:15:00,3.911
2023-03-16 17:30:00,3.912
2023-03-16 17:45:00,3.894
2023-03-16 18:00:00,3.886
2023-03-16 18:15:00,3.888
2023-03-16 18:30:00,3.9
2023-03-16 18:45:00,3.883
2023-03-16 19:00:00,3.894
2023-03-16 19:15:00,3.889
2023-03-16 19:30:00,3.909
2023-03-16 19:45:00,3.909
2023-03-16 20:00:00,3.892
2023-03-16 20:15:00,3.883
2023-03-16 20:30:00,3.893
2023-03-16 20:45:00,3.884
2023-03-16 21:00:00,3.913
2023-03-16 21:15:00,3.933
2023-03-16 21:30:00,3.927
2023-03-16 21:45:00,3.938
2023-03-16 22:00:00,3.94
2023-03-16 22:15:00,3.95
2023-03-16 22:30:00,3.941
2023-03-16 22:45:00,3.931
2023-03-16 23:00:00,3.941
2023-03-16 23:15:00,3.941
2023-03-16 23:30:00,3.931
2023-03-16 23:45:00,3.941
2023-03-17 00:00:00,3.911
2023-03-17 00:15:00,3.927
2023-03-17 00:30:00,3.918
2023-03-17 00:45:00,3.927
2023-03-17 01:00:00,3.928
2023-03-17 01:15:00,3.926
2023-03-17 01:30:00,3.925
2023-03-17 01:45:00,3.934
2023-03-17 02:00:00,3.916
2023-03-17 02:15:00,3.887
2023-03-17 02:30:00,3.917
2023-03-17 02:45:00,3.897
2023-03-17 03:00:00,3.915
2023-03-17 03:15:00,3.905
2023-03-17 03:30:00,3.924
2023-03-17 03:45:00,3.942
2023-03-17 04:00:00,3.962
2023-03-17 04:15:00,3.924
2023-03-17 04:30:00,3.905
2023-03-17 04:45:00,3.914
2023-03-17 05:00:00,3.905
2023-03-17 05:15:00,3.914
2023-03-17 05:30:00,3.895
2023-03-17 05:45:00,3.905
2023-03-17 06:00:00,3.914
2023-03-17 06:15:00,3.904
2023-03-17 06:30:00,3.895
2023-03-17 06:45:00,3.866
2023-03-17 07:00:00,3.894
2023-03-17 07:15:00,3.931
2023-03-17 07:30:00,3.949
2023-03-17 07:45:00,3.917
2023-03-17 08:00:00,3.923
2023-03-17 08:15:00,3.95
2023-03-17 08:30:00,3.939
2023-03-17 08:45:00,3.937
2023-03-17 09:00:00,3.955
2023-03-17 09:15:00,3.945
2023-03-17 09:30:00,3.943
2023-03-17 09:45:00,3.943
2023-03-17 10:00:00,3.942
2023-03-17 10:15:00,3.96
2023-03-17 10:30:00,3.959
2023-03-17 10:45:00,3.967
2023-03-17 11:00:00,3.957
2023-03-17 11:15:00,3.964
2023-03-17 11:30:00,3.982
2023-03-17 11:45:00,3.964
2023-03-17 12:00:00,3.983
2023-03-17 12:15:00,3.98
2023-03-17 12:30:00,3.968
2023-03-17 12:45:00,3.97
2023-03-17 13:00:00,3.978
2023-03-17 13:15:00,3.987
2023-03-17 13:30:00,3.966
2023-03-17 13:45:00,3.983
2023-03-17 14:00:00,3.963
2023-03-17 14:15:00,3.973
2023-03-17 14:30:00,3.993
2023-03-17 14:45:00,4.002
2023-03-17 15:00:00,3.993
2023-03-17 15:15:00,3.992
2023-03-17 15:30:00,3.992
2023-03-17 15:45:00,3.992
2023-03-17 16:00:00,4.003
2023-03-17 16:15:00,3.984
2023-03-17 16:30:00,3.993
2023-03-17 16:45:00,3.986
2023-03-17 17:00:00,3.997
2023-03-17 17:15:00,3.998
2023-03-17 17:30:00,3.982
2023-03-17 17:45:00,3.975
2023-03-17 18:00:00,3.959
2023-03-17 18:15:00,3.971
2023-03-17 18:30:00,3.973
2023-03-17 18:45:00,3.957
2023-03-17 19:00:00,3.958
2023-03-17 19:15:00,3.959
2023-03-17 19:30:00,3.983
2023-03-17 19:45:00,3.966
2023-03-17 20:00:00,3.967
2023-03-17 20:15:00,3.968
2023-03-17 20:30:00,3.959
2023-03-17 20:45:00,3.978
2023-03-17 21:00:00,3.978
2023-03-17 21:15:00,3.978
2023-03-17 21:30:00,3.978
2023-03-17 21:45:00,3.959
2023-03-17 22:00:00,3.959
2023-03-17 22:15:00,3.959
2023-03-17 22:30:00,3.969
2023-03-17 22:45:00,3.96
2023-03-17 23:00:00,3.979
2023-03-17 23:15:00,3.979
2023-03-17 23:30:00,3.988
2023-03-17 23:45:00,3.979
2023-03-18 00:00:00,3.96
2023-03-18 00:15:00,3.988
2023-03-18 00:30:00,3.979
2023-03-18 00:45:00,3.979
2023-03-18 01:00:00,3.97
2023-03-18 01:15:00,3.969
2023-03-18 01:30:00,3.988
2023-03-18 01:45:00,3.968
2023-03-18 02:00:00,3.996
2023-03-18 02:15:00,3.978
2023-03-18 02:30:00,3.978
2023-03-18 02:45:00,3.988
2023-03-18 03:00:00,3.969
2023-03-18 03:15:00,3.978
2023-03-18 03:30:00,3.978
2023-03-18 03:45:00,3.987
2023-03-18 04:00:00,3.978
2023-03-18 04:15:00,3.978
2023-03-18 04:30:00,3.988
2023-03-18 04:45:00,3.988
2023-03-18 05:00:00,3.997
2023-03-18 05:15:00,3.988
2023-03-18 05:30:00,3.978
2023-03-18 05:45:00,3.978
2023-03-18 06:00:00,3.988
2023-03-18 06:15:00,3.997
2023-03-18 06:30:00,3.997
2023-03-18 06:45:00,3.987
2023-03-18 07:00:00,3.987
2023-03-18 07:15:00,3.987
2023-03-18 07:30:00,4.012
2023-03-18 07:45:00,3.999
2023-03-18 08:00:00,4.006
2023-03-18 08:15:00,3.995
2023-03-18 08:30:00,4.022
2023-03-18 08:45:00,4.012
2023-03-18 09:00:00,4.02
2023-03-18 09:15:00,4.019
2023-03-18 09:30:00,4.018
2023-03-18 09:45:00,4.016
2023-03-18 10:00:00,4.034
2023-03-18 10:15:00,4.023
2023-03-18 10:30:00,4.021
2023-03-18 10:45:00,4.03
2023-03-18 11:00:00,4.038
2023-03-18 11:15:00,4.046
2023-03-18 11:30:00,4.055
2023-03-18 11:45:00,4.025
2023-03-18 12:00:00,4.042
2023-03-18 12:15:00,4.041
2023-03-18 12:30:00,4.041
2023-03-18 12:45:00,4.043
2023-03-18 13:00:00,4.033
2023-03-18 13:15:00,4.032
2023-03-18 13:30:00,4.06
2023-03-18 13:45:00,4.031
2023-03-18 14:00:00,4.04
2023-03-18 14:15:00,4.058
2023-03-18 14:30:00,4.048
2023-03-18 14:45:00,4.056
2023-03-18 15:00:00,4.075
2023-03-18 15:15:00,4.057
2023-03-18 15:30:00,4.065
2023-03-18 15:45:00,4.046
2023-03-18 16:00:00,4.075
2023-03-18 16:15:00,4.057
2023-03-18 16:30:00,4.048
2023-03-18 16:45:00,4.051
2023-03-18 17:00:00,4.062
2023-03-18 17:15:00,4.045
2023-03-18 17:30:00,4.056
2023-03-18 17:45:00,4.058
2023-03-18 18:00:00,4.05
2023-03-18 18:15:00,4.034
2023-03-18 18:30:00,4.036
2023-03-18 18:45:00,4.039
2023-03-18 19:00:00,4.04
2023-03-18 19:15:00,4.033
2023-03-18 19:30:00,4.034
2023-03-18 19:45:00,4.007
2023-03-18 20:00:00,4.029
2023-03-18 20:15:00,4.032
2023-03-18 20:30:00,4.033
2023-03-18 20:45:00,4.015
2023-03-18 21:00:00,4.034
2023-03-18 21:15:00,4.015
2023-03-18 21:30:00,4.034
2023-03-18 21:45:00,4.034
2023-03-18 22:00:00,4.035
2023-03-18 22:15:00,4.026
2023-03-18 22:30:00,4.035
2023-03-18 22:45:00,4.035
2023-03-18 23:00:00,4.026
2023-03-18 23:15:00,4.035
2023-03-18 23:30:00,4.025
2023-03-18 23:45:00,4.044
2023-03-19 00:00:00,4.016
2023-03-19 00:15:00,4.035
2023-03-19 00:30:00,4.035
2023-03-19 00:45:00,4.025
2023-03-19 01:00:00,4.035
2023-03-19 01:15:00,4.025
2023-03-19 01:30:00,4.016
2023-03-19 01:45:00,4.035
2023-03-19 02:00:00,4.034
2023-03-19 02:15:00,4.035
2023-03-19 02:30:00,4.035
2023-03-19 02:45:00,4.035
2023-03-19 03:00:00,4.044
2023-03-19 03:15:00,4.035
2023-03-19 03:30:00,4.025
2023-03-19 03:45:00,4.054
2023-03-19 04:00:00,4.035
2023-03-19 04:15:00,4.044
2023-03-19 04:30:00,4.043
2023-03-19 04:45:00,4.053
2023-03-19 05:00:00,4.044
2023-03-19 05:15:00,4.043
2023-03-19 05:30:00,4.053
2023-03-19 05:45:00,4.053
2023-03-19 06:00:00,4.033
2023-03-19 06:15:00,4.053
2023-03-19 06:30:00,4.042
2023-03-19 06:45:00,4.061
2023-03-19 07:00:00,4.048
2023-03-19 07:15:00,4.055
2023-03-19 07:30:00,4.072
2023-03-19 07:45:00,4.06
2023-03-19 08:00:00,4.069
2023-03-19 08:15:00,4.058
2023-03-19 08:30:00,4.075
2023-03-19 08:45:00,4.064
2023-03-19 09:00:00,4.082
2023-03-19 09:15:00,4.091
2023-03-19 09:30:00,4.071
2023-03-19 09:45:00,4.09
2023-03-19 10:00:00,4.089
2023-03-19 10:15:00,4.079
2023-03-19 10:30:00,4.097
2023-03-19 10:45:00,4.096
2023-03-19 11:00:00,4.086
2023-03-19 11:15:00,4.087
2023-03-19 11:30:00,4.077
2023-03-19 11:45:00,4.096
2023-03-19 12:00:00,4.093
2023-03-19 12:15:00,4.11
2023-03-19 12:30:00,4.083
2023-03-19 12:45:00,4.101
2023-03-19 13:00:00,4.09
2023-03-19 13:15:00,4.116
2023-03-19 13:30:00,4.107
2023-03-19 13:45:00,4.106
2023-03-19 14:00:00,4.115
2023-03-19 14:15:00,4.114
2023-03-19 14:30:00,4.113
2023-03-19 14:45:00,4.113
2023-03-19 15:00:00,4.113
2023-03-19 15:15:00,4.113
2023-03-19 15:30:00,4.104
2023-03-19 15:45:00,4.123
2023-03-19 16:00:00,4.123
2023-03-19 16:15:00,4.134
2023-03-19 16:30:00,4.118
2023-03-19 16:45:00,4.112
2023-03-19 17:00:00,4.1
2023-03-19 17:15:00,4.103
2023-03-19 17:30:00,4.115
2023-03-19 17:45:00,4.107
2023-03-19 18:00:00,4.091
2023-03-19 18:15:00,4.102
2023-03-19 18:30:00,4.085
2023-03-19 18:45:00,4.086
2023-03-19 19:00:00,4.078
2023-03-19 19:15:00,4.097
2023-03-19 19:30:00,4.088
2023-03-19 19:45:00,4.098
2023-03-19 20:00:00,4.089
2023-03-19 20:15:00,4.089
2023-03-19 20:30:00,4.089
2023-03-19 20:45:00,4.09
2023-03-19 21:00:00,4.099
2023-03-19 21:15:00,4.08
2023-03-19 21:30:00,4.09
2023-03-19 21:45:00,4.109
2023-03-19 22:00:00,4.09
2023-03-19 22:15:00,4.09
2023-03-19 22:30:00,4.09
2023-03-19 22:45:00,4.09
2023-03-19 23:00:00,4.109
2023-03-19 23:15:00,4.099
2023-03-19 23:30:00,4.09
2023-03-19 23:45:00,4.09
2023-03-20 00:00:00,4.108
2023-03-20 00:15:00,4.09
2023-03-20 00:30:00,4.108
2023-03-20 00:45:00,4.089
2023-03-20 01:00:00,4.108
2023-03-20 01:15:00,4.09
2023-03-20 01:30:00,4.109
2023-03-20 01:45:00,4.09
2023-03-20 02:00:00,4.1
2023-03-20 02:15:00,4.09
2023-03-20 02:30:00,4.109
2023-03-20 02:45:00,4.099
2023-03-20 03:00:00,4.118
2023-03-20 03:15:00,4.109
2023-03-20 03:30:00,4.099
2023-03-20 03:45:00,4.118
2023-03-20 04:00:00,4.118
2023-03-20 04:15:00,4.117
2023-03-20 04:30:00,4.127
2023-03-20 04:45:00,4.108
2023-03-20 05:00:00,4.108
2023-03-20 05:15:00,4.118
2023-03-20 05:30:00,4.108
2023-03-20 05:45:00,4.108
2023-03-20 06:00:00,4.108
2023-03-20 06:15:00,4.109
2023-03-20 06:30:00,4.118
2023-03-20 06:45:00,4.117
2023-03-20 07:00:00,4.108
2023-03-20 07:15:00,4.117
2023-03-20 07:30:00,4.126
2023-03-20 07:45:00,4.117
2023-03-20 08:00:00,4.126
2023-03-20 08:15:00,4.126
2023-03-20 08:30:00,4.135
2023-03-20 08:45:00,4.125
2023-03-20 09:00:00,4.143
2023-03-20 09:15:00,4.151
2023-03-20 09:30:00,4.131
2023-03-20 09:45:00,4.131
2023-03-20 10:00:00,4.121
2023-03-20 10:15:00,4.139
2023-03-20 10:30:00,4.13
2023-03-20 10:45:00,4.139
2023-03-20 11:00:00,4.148
2023-03-20 11:15:00,4.157
2023-03-20 11:30:00,4.138
2023-03-20 11:45:00,4.147
2023-03-20 12:00:00,4.148
2023-03-20 12:15:00,4.138
2023-03-20 12:30:00,4.138
2023-03-20 12:45:00,4.138
2023-03-20 13:00:00,4.138
2023-03-20 13:15:00,4.148
2023-03-20 13:30:00,4.148
2023-03-20 13:45:00,4.14
2023-03-20 14:00:00,4.141
2023-03-20 14:15:00,4.16
2023-03-20 14:30:00,4.161
2023-03-20 14:45:00,4.152
2023-03-20 15:00:00,4.171
2023-03-20 15:15:00,4.162
2023-03-20 15:30:00,4.172
2023-03-20 15:45:00,4.162
2023-03-20 16:00:00,4.163
2023-03-20 16:15:00,4.153
2023-03-20 16:30:00,4.163
2023-03-20 16:45:00,4.154
2023-03-20 17:00:00,4.163
2023-03-20 17:15:00,4.154
2023-03-20 17:30:00,4.144
2023-03-20 17:45:00,4.145
2023-03-20 18:00:00,4.145
2023-03-20 18:15:00,4.136
2023-03-20 18:30:00,4.145
2023-03-20 18:45:00,4.145
2023-03-20 19:00:00,4.136
2023-03-20 19:15:00,4.136
2023-03-20 19:30:00,4.127
2023-03-20 19:45:00,4.136
2023-03-20 20:00:00,4.127
2023-03-20 20:15:00,4.145
2023-03-20 20:30:00,4.136
2023-03-20 20:45:00,4.136
2023-03-20 21:00:00,4.155
2023-03-20 21:15:00,4.155
2023-03-20 21:30:00,4.155
2023-03-20 21:45:00,4.145
2023-03-20 22:00:00,4.155
2023-03-20 22:15:00,4.174
2023-03-20 22:30:00,4.145
2023-03-20 22:45:00,4.155
2023-03-20 23:00:00,4.155
2023-03-20 23:15:00,4.155
2023-03-20 23:30:00,4.155
2023-03-20 23:45:00,4.155
2023-03-21 00:00:00,4.165
2023-03-21 00:15:00,4.156
2023-03-21 00:30:00,4.155
2023-03-21 00:45:00,4.174
2023-03-21 01:00:00,4.155
2023-03-21 01:15:00,4.165
2023-03-21 01:30:00,4.156
2023-03-21 01:45:00,4.165
2023-03-21 02:00:00,4.175
2023-03-21 02:15:00,4.165
2023-03-21 02:30:00,4.165
2023-03-21 02:45:00,4.166
2023-03-21 03:00:00,4.166
2023-03-21 03:15:00,4.156
2023-03-21 03:30:00,4.166
2023-03-21 03:45:00,4.156
2023-03-21 04:00:00,4.166
2023-03-21 04:15:00,4.157
2023-03-21 04:30:00,4.166
2023-03-21 04:45:00,4.166
2023-03-21 05:00:00,4.166
2023-03-21 05:15:00,4.147
2023-03-21 05:30:00,4.157
2023-03-21 05:45:00,4.148
2023-03-21 06:00:00,4.148
2023-03-21 06:15:00,4.159
2023-03-21 06:30:00,4.15
2023-03-21 06:45:00,4.179
2023-03-21 07:00:00,4.177
2023-03-21 07:15:00,4.177
2023-03-21 07:30:00,4.175
2023-03-21 07:45:00,4.184
2023-03-21 08:00:00,4.174
2023-03-21 08:15:00,4.202
2023-03-21 08:30:00,4.183
2023-03-21 08:45:00,4.192
2023-03-21 09:00:00,4.201
2023-03-21 09:15:00,4.191
2023-03-21 09:30:00,4.2
2023-03-21 09:45:00,4.189
2023-03-21 10:00:00,4.198
2023-03-21 10:15:00,4.207
2023-03-21 10:30:00,4.197
2023-03-21 10:45:00,4.205
2023-03-21 11:00:00,4.194
2023-03-21 11:15:00,4.184
2023-03-21 11:30:00,4.203
2023-03-21 11:45:00,4.202
2023-03-21 12:00:00,4.22
2023-03-21 12:15:00,4.209
2023-03-21 12:30:00,4.205
2023-03-21 12:45:00,4.184
2023-03-21 13:00:00,4.202
2023-03-21 13:15:00,4.221
2023-03-21 13:30:00,4.202
2023-03-21 13:45:00,4.22
2023-03-21 14:00:00,4.193
2023-03-21 14:15:00,4.202
2023-03-21 14:30:00,4.215
2023-03-21 14:45:00,4.217
2023-03-21 15:00:00,4.233
2023-03-21 15:15:00,4.221
2023-03-21 15:30:00,4.238
2023-03-21 15:45:00,4.238
2023-03-21 16:00:00,4.247
2023-03-21 16:15:00,4.218
2023-03-21 16:30:00,4.219
2023-03-21 16:45:00,4.22
2023-03-21 17:00:00,4.224
2023-03-21 17:15:00,4.227
2023-03-21 17:30:00,4.228
2023-03-21 17:45:00,4.219
2023-03-21 18:00:00,4.211
2023-03-21 18:15:00,4.193
2023-03-21 18:30:00,4.186
2023-03-21 18:45:00,4.207
2023-03-21 19:00:00,4.2
2023-03-21 19:15:00,4.183
2023-03-21 19:30:00,4.213
2023-03-21 19:45:00,4.198
2023-03-21 20:00:00,4.201
2023-03-21 20:15:00,4.203
2023-03-21 20:30:00,4.194
2023-03-21 20:45:00,4.194
2023-03-21 21:00:00,4.195
2023-03-21 21:15:00,4.177
2023-03-21 21:30:00,4.205
2023-03-21 21:45:00,4.196
2023-03-21 22:00:00,4.205
2023-03-21 22:15:00,4.187
2023-03-21 22:30:00,4.196
2023-03-21 22:45:00,4.215
2023-03-21 23:00:00,4.196
2023-03-21 23:15:00,4.206
2023-03-21 23:30:00,4.206
2023-03-21 23:45:00,4.197
2023-03-22 00:00:00,4.217
2023-03-22 00:15:00,4.144
2023-03-22 00:30:00,4.239
2023-03-22 00:45:00,4.259
2023-03-22 01:00:00,4.259
2023-03-22 01:15:00,4.27
2023-03-22 01:30:00,4.271
2023-03-22 01:45:00,4.262
2023-03-22 02:00:00,4.262
2023-03-22 02:15:00,4.272
2023-03-22 02:30:00,4.281
2023-03-22 02:45:00,4.263
2023-03-22 03:00:00,4.263
2023-03-22 03:15:00,4.253
2023-03-22 03:30:00,4.272
2023-03-22 03:45:00,4.262
2023-03-22 04:00:00,4.281
2023-03-22 04:15:00,4.281
2023-03-22 04:30:00,4.262
2023-03-22 04:45:00,4.261
2023-03-22 05:00:00,4.271
2023-03-22 05:15:00,4.261
2023-03-22 05:30:00,4.271
2023-03-22 05:45:00,4.288
2023-03-22 06:00:00,4.269
2023-03-22 06:15:00,4.261
2023-03-22 06:30:00,4.223
2023-03-22 06:45:00,4.201
2023-03-22 07:00:00,4.216
2023-03-22 07:15:00,4.212
2023-03-22 07:30:00,4.225
2023-03-22 07:45:00,4.23
2023-03-22 08:00:00,4.237
2023-03-22 08:15:00,4.253
2023-03-22 08:30:00,4.249
2023-03-22 08:45:00,4.256
2023-03-22 09:00:00,4.244
2023-03-22 09:15:00,4.261
2023-03-22 09:30:00,4.261
2023-03-22 09:45:00,4.252
2023-03-22 10:00:00,4.26
2023-03-22 10:15:00,4.261
2023-03-22 10:30:00,4.261
2023-03-22 10:45:00,4.261
2023-03-22 11:00:00,4.244
2023-03-22 11:15:00,4.264
2023-03-22 11:30:00,4.261
2023-03-22 11:45:00,4.25
2023-03-22 12:00:00,4.267
2023-03-22 12:15:00,4.248
2023-03-22 12:30:00,4.266
2023-03-22 12:45:00,4.255
2023-03-22 13:00:00,4.255
2023-03-22 13:15:00,4.265
2023-03-22 13:30:00,4.273
2023-03-22 13:45:00,4.282
2023-03-22 14:00:00,4.263
2023-03-22 14:15:00,4.262
2023-03-22 14:30:00,4.272
2023-03-22 14:45:00,4.272
2023-03-22 15:00:00,4.281
2023-03-22 15:15:00,4.273
2023-03-22 15:30:00,4.283
2023-03-22 15:45:00,4.274
2023-03-22 16:00:00,4.292
2023-03-22 16:15:00,4.274
2023-03-22 16:30:00,4.275
2023-03-22 16:45:00,4.275
2023-03-22 17:00:00,4.269
2023-03-22 17:15:00,4.273
2023-03-22 17:30:00,4.256
2023-03-22 17:45:00,4.248
2023-03-22 18:00:00,4.249
2023-03-22 18:15:00,4.251
2023-03-22 18:30:00,4.262
2023-03-22 18:45:00,4.237
2023-03-22 19:00:00,4.238
2023-03-22 19:15:00,4.249
2023-03-22 19:30:00,4.232
2023-03-22 19:45:00,4.254
2023-03-22 20:00:00,4.257
2023-03-22 20:15:00,4.24
2023-03-22 20:30:00,4.242
2023-03-22 20:45:00,4.233
2023-03-22 21:00:00,4.243
2023-03-22 21:15:00,4.234
2023-03-22 21:30:00,4.234
2023-03-22 21:45:00,4.247
2023-03-22 22:00:00,4.256
2023-03-22 22:15:00,4.229
2023-03-22 22:30:00,4.269
2023-03-22 22:45:00,4.308
2023-03-22 23:00:00,4.298
2023-03-22 23:15:00,4.327
2023-03-22 23:30:00,4.317
2023-03-22 23:45:00,4.318
2023-03-23 00:00:00,4.318
2023-03-23 00:15:00,4.318
2023-03-23 00:30:00,4.308
2023-03-23 00:45:00,4.318
2023-03-23 01:00:00,4.308
2023-03-23 01:15:00,4.326
2023-03-23 01:30:00,4.298
2023-03-23 01:45:00,4.305
2023-03-23 02:00:00,4.296
2023-03-23 02:15:00,4.276
2023-03-23 02:30:00,4.295
2023-03-23 02:45:00,4.274
2023-03-23 03:00:00,4.282
2023-03-23 03:15:00,4.302
2023-03-23 03:30:00,4.311
2023-03-23 03:45:00,4.291
2023-03-23 04:00:00,4.291
2023-03-23 04:15:00,4.234
2023-03-23 04:30:00,4.234
2023-03-23 04:45:00,4.253
2023-03-23 05:00:00,4.243
2023-03-23 05:15:00,4.261
2023-03-23 05:30:00,4.261
2023-03-23 05:45:00,4.251
2023-03-23 06:00:00,4.258
2023-03-23 06:15:00,4.275
2023-03-23 06:30:00,4.265
2023-03-23 06:45:00,4.265
2023-03-23 07:00:00,4.282
2023-03-23 07:15:00,4.262
2023-03-23 07:30:00,4.262
2023-03-23 07:45:00,4.28
2023-03-23 08:00:00,4.28
2023-03-23 08:15:00,4.279
2023-03-23 08:30:00,4.298
2023-03-23 08:45:00,4.288
2023-03-23 09:00:00,4.279
2023-03-23 09:15:00,4.288
2023-03-23 09:30:00,4.288
2023-03-23 09:45:00,4.288
2023-03-23 10:00:00,4.288
2023-03-23 10:15:00,4.297
2023-03-23 10:30:00,4.288
2023-03-23 10:45:00,4.297
2023-03-23 11:00:00,4.288
2023-03-23 11:15:00,4.287
2023-03-23 11:30:00,4.297
2023-03-23 11:45:00,4.296
2023-03-23 12:00:00,4.296
2023-03-23 12:15:00,4.323
2023-03-23 12:30:00,4.294
2023-03-23 12:45:00,4.322
2023-03-23 13:00:00,4.303
2023-03-23 13:15:00,4.302
2023-03-23 13:30:00,4.302
2023-03-23 13:45:00,4.32
2023-03-23 14:00:00,4.319
2023-03-23 14:15:00,4.309
2023-03-23 14:30:00,4.309
2023-03-23 14:45:00,4.299
2023-03-23 15:00:00,4.318
2023-03-23 15:15:00,4.318
2023-03-23 15:30:00,4.328
2023-03-23 15:45:00,4.309
2023-03-23 16:00:00,4.346
2023-03-23 16:15:00,4.336
2023-03-23 16:30:00,4.336
2023-03-23 16:45:00,4.326
2023-03-23 17:00:00,4.345
2023-03-23 17:15:00,4.318
2023-03-23 17:30:00,4.328
2023-03-23 17:45:00,4.31
2023-03-23 18:00:00,4.321
2023-03-23 18:15:00,4.322
2023-03-23 18:30:00,4.313
2023-03-23 18:45:00,4.323
2023-03-23 19:00:00,4.304
2023-03-23 19:15:00,4.296
2023-03-23 19:30:00,4.316
2023-03-23 19:45:00,4.307
2023-03-23 20:00:00,4.307
2023-03-23 20:15:00,4.307
2023-03-23 20:30:00,4.326
2023-03-23 20:45:00,4.317
2023-03-23 21:00:00,4.317
2023-03-23 21:15:00,4.327
2023-03-23 21:30:00,4.32
2023-03-23 21:45:00,4.328
2023-03-23 22:00:00,4.329
2023-03-23 22:15:00,4.301
2023-03-23 22:30:00,4.272
2023-03-23 22:45:00,4.274
2023-03-23 23:00:00,4.265
2023-03-23 23:15:00,4.266
2023-03-23 23:30:00,4.268
2023-03-23 23:45:00,4.294
2023-03-24 00:00:00,4.296
2023-03-24 00:15:00,4.304
2023-03-24 00:30:00,4.314
2023-03-24 00:45:00,4.314
2023-03-24 01:00:00,4.306
2023-03-24 01:15:00,4.324
2023-03-24 01:30:00,4.335
2023-03-24 01:45:00,4.333
2023-03-24 02:00:00,4.333
2023-03-24 02:15:00,4.334
2023-03-24 02:30:00,4.334
2023-03-24 02:45:00,4.325
2023-03-24 03:00:00,4.325
2023-03-24 03:15:00,4.335
2023-03-24 03:30:00,4.317
2023-03-24 03:45:00,4.336
2023-03-24 04:00:00,4.345
2023-03-24 04:15:00,4.336
2023-03-24 04:30:00,4.345
2023-03-24 04:45:00,4.345
2023-03-24 05:00:00,4.364
2023-03-24 05:15:00,4.335
2023-03-24 05:30:00,4.354
2023-03-24 05:45:00,4.355
2023-03-24 06:00:00,4.355
2023-03-24 06:15:00,4.355
2023-03-24 06:30:00,4.345
2023-03-24 06:45:00,4.345
2023-03-24 07:00:00,4.326
2023-03-24 07:15:00,4.335
2023-03-24 07:30:00,4.335
2023-03-24 07:45:00,4.362
2023-03-24 08:00:00,4.36
2023-03-24 08:15:00,4.35
2023-03-24 08:30:00,4.347
2023-03-24 08:45:00,4.355
2023-03-24 09:00:00,4.336
2023-03-24 09:15:00,4.344
2023-03-24 09:30:00,4.353
2023-03-24 09:45:00,4.344
2023-03-24 10:00:00,4.362
2023-03-24 10:15:00,4.371
2023-03-24 10:30:00,4.38
2023-03-24 10:45:00,4.37
2023-03-24 11:00:00,4.36
2023-03-24 11:15:00,4.35
2023-03-24 11:30:00,4.37
2023-03-24 11:45:00,4.38
2023-03-24 12:00:00,4.361
2023-03-24 12:15:00,4.371
2023-03-24 12:30:00,4.352
2023-03-24 12:45:00,4.371
2023-03-24 13:00:00,4.37
2023-03-24 13:15:00,4.37
2023-03-24 13:30:00,4.379
2023-03-24 13:45:00,4.369
2023-03-24 14:00:00,4.35
2023-03-24 14:15:00,4.351
2023-03-24 14:30:00,4.371
2023-03-24 14:45:00,4.381
2023-03-24 15:00:00,4.38
2023-03-24 15:15:00,4.38
2023-03-24 15:30:00,4.37
2023-03-24 15:45:00,4.37
2023-03-24 16:00:00,4.379
2023-03-24 16:15:00,4.37
2023-03-24 16:30:00,4.352
2023-03-24 16:45:00,4.362
2023-03-24 17:00:00,4.382
2023-03-24 17:15:00,4.354
2023-03-24 17:30:00,4.364
2023-03-24 17:45:00,4.347
2023-03-24 18:00:00,4.356
2023-03-24 18:15:00,4.367
2023-03-24 18:30:00,4.358
2023-03-24 18:45:00,4.361
2023-03-24 19:00:00,4.371
2023-03-24 19:15:00,4.362
2023-03-24 19:30:00,4.354
2023-03-24 19:45:00,4.355
2023-03-24 20:00:00,4.383
2023-03-24 20:15:00,4.393
2023-03-24 20:30:00,4.402
2023-03-24 20:45:00,4.411
2023-03-24 21:00:00,4.422
2023-03-24 21:15:00,4.413
2023-03-24 21:30:00,4.45
2023-03-24 21:45:00,4.403
2023-03-24 22:00:00,4.405
2023-03-24 22:15:00,4.404
2023-03-24 22:30:00,4.385
2023-03-24 22:45:00,4.366
2023-03-24 23:00:00,4.375
2023-03-24 23:15:00,4.365
2023-03-24 23:30:00,4.374
2023-03-24 23:45:00,4.402
2023-03-25 00:00:00,4.431
2023-03-25 00:15:00,4.422
2023-03-25 00:30:00,4.422
2023-03-25 00:45:00,4.432
2023-03-25 01:00:00,4.403
2023-03-25 01:15:00,4.394
2023-03-25 01:30:00,4.404
2023-03-25 01:45:00,4.394
2023-03-25 02:00:00,4.404
2023-03-25 02:15:00,4.412
2023-03-25 02:30:00,4.431
2023-03-25 02:45:00,4.431
2023-03-25 03:00:00,4.45
2023-03-25 03:15:00,4.413
2023-03-25 03:30:00,4.431
2023-03-25 03:45:00,4.44
2023-03-25 04:00:00,4.44
2023-03-25 04:15:00,4.44
2023-03-25 04:30:00,4.45
2023-03-25 04:45:00,4.45
2023-03-25 05:00:00,4.45
2023-03-25 05:15:00,4.422
2023-03-25 05:30:00,4.431
2023-03-25 05:45:00,4.45
2023-03-25 06:00:00,4.45
2023-03-25 06:15:00,4.45
2023-03-25 06:30:00,4.45
2023-03-25 06:45:00,4.431
2023-03-25 07:00:00,4.441
2023-03-25 07:15:00,4.412
2023-03-25 07:30:00,4.374
2023-03-25 07:45:00,4.374
2023-03-25 08:00:00,4.382
2023-03-25 08:15:00,4.381
2023-03-25 08:30:00,4.396
2023-03-25 08:45:00,4.394
2023-03-25 09:00:00,4.412
2023-03-25 09:15:00,4.393
2023-03-25 09:30:00,4.411
2023-03-25 09:45:00,4.42
2023-03-25 10:00:00,4.391
2023-03-25 10:15:00,4.409
2023-03-25 10:30:00,4.437
2023-03-25 10:45:00,4.408
2023-03-25 11:00:00,4.418
2023-03-25 11:15:00,4.427
2023-03-25 11:30:00,4.417
2023-03-25 11:45:00,4.407
2023-03-25 12:00:00,4.425
2023-03-25 12:15:00,4.425
2023-03-25 12:30:00,4.406
2023-03-25 12:45:00,4.416
2023-03-25 13:00:00,4.407
2023-03-25 13:15:00,4.426
2023-03-25 13:30:00,4.426
2023-03-25 13:45:00,4.453
2023-03-25 14:00:00,4.415
2023-03-25 14:15:00,4.434
2023-03-25 14:30:00,4.416
2023-03-25 14:45:00,4.427
2023-03-25 15:00:00,4.427
2023-03-25 15:15:00,4.427
2023-03-25 15:30:00,4.436
2023-03-25 15:45:00,4.435
2023-03-25 16:00:00,4.425
2023-03-25 16:15:00,4.416
2023-03-25 16:30:00,4.444
2023-03-25 16:45:00,4.425
2023-03-25 17:00:00,4.444
2023-03-25 17:15:00,4.426
2023-03-25 17:30:00,4.416
2023-03-25 17:45:00,4.417
2023-03-25 18:00:00,4.418
2023-03-25 18:15:00,4.401
2023-03-25 18:30:00,4.421
2023-03-25 18:45:00,4.413
2023-03-25 19:00:00,4.414
2023-03-25 19:15:00,4.418
2023-03-25 19:30:00,4.43
2023-03-25 19:45:00,4.421
2023-03-25 20:00:00,4.43
2023-03-25 20:15:00,4.411
2023-03-25 20:30:00,4.421
2023-03-25 20:45:00,4.421
2023-03-25 21:00:00,4.431
2023-03-25 21:15:00,4.412
2023-03-25 21:30:00,4.431
2023-03-25 21:45:00,4.431
2023-03-25 22:00:00,4.413
2023-03-25 22:15:00,4.47
2023-03-25 22:30:00,4.498
2023-03-25 22:45:00,4.479
2023-03-25 23:00:00,4.499
2023-03-25 23:15:00,4.479
2023-03-25 23:30:00,4.488
2023-03-25 23:45:00,4.508
2023-03-26 00:00:00,4.489
2023-03-26 00:15:00,4.508
2023-03-26 00:30:00,4.507
2023-03-26 00:45:00,4.498
2023-03-26 01:00:00,4.508
2023-03-26 01:15:00,4.527
2023-03-26 01:30:00,4.518
2023-03-26 01:45:00,4.508
2023-03-26 02:00:00,4.519
2023-03-26 02:15:00,4.52
2023-03-26 02:30:00,4.529
2023-03-26 02:45:00,4.53
2023-03-26 03:00:00,4.532
2023-03-26 03:15:00,4.523
2023-03-26 03:30:00,4.512
2023-03-26 03:45:00,4.511
2023-03-26 04:00:00,4.51
2023-03-26 04:15:00,4.519
2023-03-26 04:30:00,4.539
2023-03-26 04:45:00,4.501
2023-03-26 05:00:00,4.51
2023-03-26 05:15:00,4.528
2023-03-26 05:30:00,4.508
2023-03-26 05:45:00,4.507
2023-03-26 06:00:00,4.488
2023-03-26 06:15:00,4.488
2023-03-26 06:30:00,4.488
2023-03-26 06:45:00,4.486
2023-03-26 07:00:00,4.476
2023-03-26 07:15:00,4.457
2023-03-26 07:30:00,4.447
2023-03-26 07:45:00,4.426
2023-03-26 08:00:00,4.447
2023-03-26 08:15:00,4.443
2023-03-26 08:30:00,4.434
2023-03-26 08:45:00,4.442
2023-03-26 09:00:00,4.452
2023-03-26 09:15:00,4.46
2023-03-26 09:30:00,4.459
2023-03-26 09:45:00,4.468
2023-03-26 10:00:00,4.457
2023-03-26 10:15:00,4.475
2023-03-26 10:30:00,4.456
2023-03-26 10:45:00,4.454
2023-03-26 11:00:00,4.473
2023-03-26 11:15:00,4.481
2023-03-26 11:30:00,4.481
2023-03-26 11:45:00,4.453
2023-03-26 12:00:00,4.472
2023-03-26 12:15:00,4.472
2023-03-26 12:30:00,4.444
2023-03-26 12:45:00,4.473
2023-03-26 13:00:00,4.473
2023-03-26 13:15:00,4.473
2023-03-26 13:30:00,4.473
2023-03-26 13:45:00,4.463
2023-03-26 14:00:00,4.482
2023-03-26 14:15:00,4.482
2023-03-26 14:30:00,4.481
2023-03-26 14:45:00,4.471
2023-03-26 15:00:00,4.471
2023-03-26 15:15:00,4.462
2023-03-26 15:30:00,4.463
2023-03-26 15:45:00,4.482
2023-03-26 16:00:00,4.482
2023-03-26 16:15:00,4.464
2023-03-26 16:30:00,4.492
2023-03-26 16:45:00,4.501
2023-03-26 17:00:00,4.482
2023-03-26 17:15:00,4.482
2023-03-26 17:30:00,4.482
2023-03-26 17:45:00,4.482
2023-03-26 18:00:00,4.483
2023-03-26 18:15:00,4.455
2023-03-26 18:30:00,4.457
2023-03-26 18:45:00,4.458
2023-03-26 19:00:00,4.449
2023-03-26 19:15:00,4.445
2023-03-26 19:30:00,4.438
2023-03-26 19:45:00,4.449
2023-03-26 20:00:00,4.441
2023-03-26 20:15:00,4.555
2023-03-26 20:30:00,4.555
2023-03-26 20:45:00,4.547
2023-03-26 21:00:00,4.557
2023-03-26 21:15:00,4.557
2023-03-26 21:30:00,4.578
2023-03-26 21:45:00,4.55
2023-03-26 22:00:00,4.558
2023-03-26 22:15:00,4.566
2023-03-26 22:30:00,4.559
2023-03-26 22:45:00,4.55
2023-03-26 23:00:00,4.579
2023-03-26 23:15:00,4.572
2023-03-26 23:30:00,4.573
2023-03-26 23:45:00,4.564
2023-03-27 00:00:00,4.563
2023-03-27 00:15:00,4.562
2023-03-27 00:30:00,4.572
2023-03-27 00:45:00,4.572
2023-03-27 01:00:00,4.573
2023-03-27 01:15:00,4.582
2023-03-27 01:30:00,4.552
2023-03-27 01:45:00,4.542
2023-03-27 02:00:00,4.54
2023-03-27 02:15:00,4.538
2023-03-27 02:30:00,4.555
2023-03-27 02:45:00,4.555
2023-03-27 03:00:00,4.535
2023-03-27 03:15:00,4.545
2023-03-27 03:30:00,4.526
2023-03-27 03:45:00,4.526
2023-03-27 04:00:00,4.506
2023-03-27 04:15:00,4.516
2023-03-27 04:30:00,4.535
2023-03-27 04:45:00,4.515
2023-03-27 05:00:00,4.525
2023-03-27 05:15:00,4.534
2023-03-27 05:30:00,4.533
2023-03-27 05:45:00,4.524
2023-03-27 06:00:00,4.524
2023-03-27 06:15:00,4.505
2023-03-27 06:30:00,4.495
2023-03-27 06:45:00,4.465
2023-03-27 07:00:00,4.473
2023-03-27 07:15:00,4.483
2023-03-27 07:30:00,4.471
2023-03-27 07:45:00,4.488
2023-03-27 08:00:00,4.478
2023-03-27 08:15:00,4.505
2023-03-27 08:30:00,4.494
2023-03-27 08:45:00,4.502
2023-03-27 09:00:00,4.509
2023-03-27 09:15:00,4.498
2023-03-27 09:30:00,4.515
2023-03-27 09:45:00,4.505
2023-03-27 10:00:00,4.513
2023-03-27 10:15:00,4.512
2023-03-27 10:30:00,4.512
2023-03-27 10:45:00,4.511
2023-03-27 11:00:00,4.502
2023-03-27 11:15:00,4.52
2023-03-27 11:30:00,4.518
2023-03-27 11:45:00,4.502
2023-03-27 12:00:00,4.512
2023-03-27 12:15:00,4.533
2023-03-27 12:30:00,4.524
2023-03-27 12:45:00,4.533
2023-03-27 13:00:00,4.523
2023-03-27 13:15:00,4.523
2023-03-27 13:30:00,4.549
2023-03-27 13:45:00,4.54
2023-03-27 14:00:00,4.521
2023-03-27 14:15:00,4.521
2023-03-27 14:30:00,4.522
2023-03-27 14:45:00,4.532
2023-03-27 15:00:00,4.522
2023-03-27 15:15:00,4.532
2023-03-27 15:30:00,4.514
2023-03-27 15:45:00,4.514
2023-03-27 16:00:00,4.543
2023-03-27 16:15:00,4.534
2023-03-27 16:30:00,4.533
2023-03-27 16:45:00,4.533
2023-03-27 17:00:00,4.532
2023-03-27 17:15:00,4.531
2023-03-27 17:30:00,4.533
2023-03-27 17:45:00,4.515
2023-03-27 18:00:00,4.526
2023-03-27 18:15:00,4.519
2023-03-27 18:30:00,4.521
2023-03-27 18:45:00,4.484
2023-03-27 19:00:00,4.505
2023-03-27 19:15:00,4.496
2023-03-27 19:30:00,4.516
2023-03-27 19:45:00,4.497
2023-03-27 20:00:00,4.508
2023-03-27 20:15:00,4.5
2023-03-27 20:30:00,4.5
2023-03-27 20:45:00,4.494
2023-03-27 21:00:00,4.494
2023-03-27 21:15:00,4.513
2023-03-27 21:30:00,4.514
2023-03-27 21:45:00,4.496
2023-03-27 22:00:00,4.496
2023-03-27 22:15:00,4.505
2023-03-27 22:30:00,4.516
2023-03-27 22:45:00,4.516
2023-03-27 23:00:00,4.497
2023-03-27 23:15:00,4.497
2023-03-27 23:30:00,4.506
2023-03-27 23:45:00,4.506
2023-03-28 00:00:00,4.524
2023-03-28 00:15:00,4.505
2023-03-28 00:30:00,4.512
2023-03-28 00:45:00,4.5
2023-03-28 01:00:00,4.528
2023-03-28 01:15:00,4.508
2023-03-28 01:30:00,4.518
2023-03-28 01:45:00,4.499
2023-03-28 02:00:00,4.507
2023-03-28 02:15:00,4.516
2023-03-28 02:30:00,4.516
2023-03-28 02:45:00,4.526
2023-03-28 03:00:00,4.507
2023-03-28 03:15:00,4.488
2023-03-28 03:30:00,4.507
2023-03-28 03:45:00,4.527
2023-03-28 04:00:00,4.518
2023-03-28 04:15:00,4.498
2023-03-28 04:30:00,4.527
2023-03-28 04:45:00,4.508
2023-03-28 05:00:00,4.509
2023-03-28 05:15:00,4.52
2023-03-28 05:30:00,4.509
2023-03-28 05:45:00,4.5
2023-03-28 06:00:00,4.509
2023-03-28 06:15:00,4.517
2023-03-28 06:30:00,4.518
2023-03-28 06:45:00,4.509
2023-03-28 07:00:00,4.517
2023-03-28 07:15:00,4.525
2023-03-28 07:30:00,4.544
2023-03-28 07:45:00,4.515
2023-03-28 08:00:00,4.533
2023-03-28 08:15:00,4.523
2023-03-28 08:30:00,4.531
2023-03-28 08:45:00,4.54
2023-03-28 09:00:00,4.53
2023-03-28 09:15:00,4.549
2023-03-28 09:30:00,4.529
2023-03-28 09:45:00,4.556
2023-03-28 10:00:00,4.556
2023-03-28 10:15:00,4.537
2023-03-28 10:30:00,4.546
2023-03-28 10:45:00,4.536
2023-03-28 11:00:00,4.545
2023-03-28 11:15:00,4.545
2023-03-28 11:30:00,4.535
2023-03-28 11:45:00,4.535
2023-03-28 12:00:00,4.554
2023-03-28 12:15:00,4.563
2023-03-28 12:30:00,4.554
2023-03-28 12:45:00,4.553
2023-03-28 13:00:00,4.552
2023-03-28 13:15:00,4.571
2023-03-28 13:30:00,4.561
2023-03-28 13:45:00,4.551
2023-03-28 14:00:00,4.56
2023-03-28 14:15:00,4.579
2023-03-28 14:30:00,4.561
2023-03-28 14:45:00,4.552
2023-03-28 15:00:00,4.553
2023-03-28 15:15:00,4.562
2023-03-28 15:30:00,4.563
2023-03-28 15:45:00,4.563
2023-03-28 16:00:00,4.564
2023-03-28 16:15:00,4.536
2023-03-28 16:30:00,4.555
2023-03-28 16:45:00,4.555
2023-03-28 17:00:00,4.546
2023-03-28 17:15:00,4.547
2023-03-28 17:30:00,4.566
2023-03-28 17:45:00,4.557
2023-03-28 18:00:00,4.539
2023-03-28 18:15:00,4.548
2023-03-28 18:30:00,4.549
2023-03-28 18:45:00,4.549
2023-03-28 19:00:00,4.539
2023-03-28 19:15:00,4.558
2023-03-28 19:30:00,4.53
2023-03-28 19:45:00,4.55
2023-03-28 20:00:00,4.531
2023-03-28 20:15:00,4.56
2023-03-28 20:30:00,4.561
2023-03-28 20:45:00,4.552
2023-03-28 21:00:00,4.542
2023-03-28 21:15:00,4.543
2023-03-28 21:30:00,4.543
2023-03-28 21:45:00,4.533
2023-03-28 22:00:00,4.552
2023-03-28 22:15:00,4.543
2023-03-28 22:30:00,4.524
2023-03-28 22:45:00,4.534
2023-03-28 23:00:00,4.543
2023-03-28 23:15:00,4.535
2023-03-28 23:30:00,4.525
2023-03-28 23:45:00,4.553
2023-03-29 00:00:00,4.534
2023-03-29 00:15:00,4.553
2023-03-29 00:30:00,4.534
2023-03-29 00:45:00,4.544
2023-03-29 01:00:00,4.535
2023-03-29 01:15:00,4.546
2023-03-29 01:30:00,4.537
2023-03-29 01:45:00,4.547
2023-03-29 02:00:00,4.539
2023-03-29 02:15:00,4.541
2023-03-29 02:30:00,4.551
2023-03-29 02:45:00,4.523
2023-03-29 03:00:00,4.542
2023-03-29 03:15:00,4.538
2023-03-29 03:30:00,4.536
2023-03-29 03:45:00,4.556
2023-03-29 04:00:00,4.545
2023-03-29 04:15:00,4.563
2023-03-29 04:30:00,4.554
2023-03-29 04:45:00,4.544
2023-03-29 05:00:00,4.544
2023-03-29 05:15:00,4.544
2023-03-29 05:30:00,4.543
2023-03-29 05:45:00,4.562
2023-03-29 06:00:00,4.553
2023-03-29 06:15:00,4.553
2023-03-29 06:30:00,4.543
2023-03-29 06:45:00,4.534
2023-03-29 07:00:00,4.552
2023-03-29 07:15:00,4.561
2023-03-29 07:30:00,4.542
2023-03-29 07:45:00,4.561
2023-03-29 08:00:00,4.541
2023-03-29 08:15:00,4.579
2023-03-29 08:30:00,4.55
2023-03-29 08:45:00,4.568
2023-03-29 09:00:00,4.568
2023-03-29 09:15:00,4.558
2023-03-29 09:30:00,4.567
2023-03-29 09:45:00,4.575
2023-03-29 10:00:00,4.575
2023-03-29 10:15:00,4.555
2023-03-29 10:30:00,4.574
2023-03-29 10:45:00,4.564
2023-03-29 11:00:00,4.583
2023-03-29 11:15:00,4.582
2023-03-29 11:30:00,4.591
2023-03-29 11:45:00,4.58
2023-03-29 12:00:00,4.569
2023-03-29 12:15:00,4.577
2023-03-29 12:30:00,4.578
2023-03-29 12:45:00,4.588
2023-03-29 13:00:00,4.58
2023-03-29 13:15:00,4.552
2023-03-29 13:30:00,4.563
2023-03-29 13:45:00,4.554
2023-03-29 14:00:00,4.583
2023-03-29 14:15:00,4.574
2023-03-29 14:30:00,4.574
2023-03-29 14:45:00,4.565
2023-03-29 15:00:00,4.565
2023-03-29 15:15:00,4.556
2023-03-29 15:30:00,4.566
2023-03-29 15:45:00,4.567
2023-03-29 16:00:00,4.558
2023-03-29 16:15:00,4.558
2023-03-29 16:30:00,4.577
2023-03-29 16:45:00,4.568
2023-03-29 17:00:00,4.559
2023-03-29 17:15:00,4.569
2023-03-29 17:30:00,4.569
2023-03-29 17:45:00,4.56
2023-03-29 18:00:00,4.579
2023-03-29 18:15:00,4.57
2023-03-29 18:30:00,4.57
2023-03-29 18:45:00,4.561
2023-03-29 19:00:00,4.561
2023-03-29 19:15:00,4.561
2023-03-29 19:30:00,4.561
2023-03-29 19:45:00,4.57
2023-03-29 20:00:00,4.57
2023-03-29 20:15:00,4.551
2023-03-29 20:30:00,4.552
2023-03-29 20:45:00,4.57
2023-03-29 21:00:00,4.561
2023-03-29 21:15:00,4.561
2023-03-29 21:30:00,4.561
2023-03-29 21:45:00,4.561
2023-03-29 22:00:00,4.562
2023-03-29 22:15:00,4.552
2023-03-29 22:30:00,4.561
2023-03-29 22:45:00,4.561
2023-03-29 23:00:00,4.571
2023-03-29 23:15:00,4.552
2023-03-29 23:30:00,4.552
2023-03-29 23:45:00,4.571
2023-03-30 00:00:00,4.562
2023-03-30 00:15:00,4.571
2023-03-30 00:30:00,4.571
2023-03-30 00:45:00,4.562
2023-03-30 01:00:00,4.571
2023-03-30 01:15:00,4.571
2023-03-30 01:30:00,4.571
2023-03-30 01:45:00,4.581
2023-03-30 02:00:00,4.581
2023-03-30 02:15:00,4.571
2023-03-30 02:30:00,4.571
2023-03-30 02:45:00,4.572
2023-03-30 03:00:00,4.562
2023-03-30 03:15:00,4.572
2023-03-30 03:30:00,4.581
2023-03-30 03:45:00,4.581
2023-03-30 04:00:00,4.581
2023-03-30 04:15:00,4.581
2023-03-30 04:30:00,4.581
2023-03-30 04:45:00,4.59
2023-03-30 05:00:00,4.581
2023-03-30 05:15:00,4.581
2023-03-30 05:30:00,4.581
2023-03-30 05:45:00,4.581
2023-03-30 06:00:00,4.59
2023-03-30 06:15:00,4.581
2023-03-30 06:30:00,4.59
2023-03-30 06:45:00,4.59
2023-03-30 07:00:00,4.591
2023-03-30 07:15:00,4.59
2023-03-30 07:30:00,4.599
2023-03-30 07:45:00,4.608
2023-03-30 08:00:00,4.598
2023-03-30 08:15:00,4.598
2023-03-30 08:30:00,4.598
2023-03-30 08:45:00,4.597
2023-03-30 09:00:00,4.597
2023-03-30 09:15:00,4.606
2023-03-30 09:30:00,4.606
2023-03-30 09:45:00,4.596
2023-03-30 10:00:00,4.605
2023-03-30 10:15:00,4.605
2023-03-30 10:30:00,4.595
2023-03-30 10:45:00,4.613
2023-03-30 11:00:00,4.603
2023-03-30 11:15:00,4.612
2023-03-30 11:30:00,4.611
2023-03-30 11:45:00,4.621
2023-03-30 12:00:00,4.612
2023-03-30 12:15:00,4.621
2023-03-30 12:30:00,4.602
2023-03-30 12:45:00,4.611
2023-03-30 13:00:00,4.611
2023-03-30 13:15:00,4.62
2023-03-30 13:30:00,4.61
2023-03-30 13:45:00,4.601
2023-03-30 14:00:00,4.62
2023-03-30 14:15:00,4.619
2023-03-30 14:30:00,4.61
2023-03-30 14:45:00,4.618
2023-03-30 15:00:00,4.618
2023-03-30 15:15:00,4.636
2023-03-30 15:30:00,4.617
2023-03-30 15:45:00,4.626
2023-03-30 16:00:00,4.625
2023-03-30 16:15:00,4.626
2023-03-30 16:30:00,4.608
2023-03-30 16:45:00,4.628
2023-03-30 17:00:00,4.619
2023-03-30 17:15:00,4.601
2023-03-30 17:30:00,4.62
2023-03-30 17:45:00,4.601
2023-03-30 18:00:00,4.602
2023-03-30 18:15:00,4.612
2023-03-30 18:30:00,4.613
2023-03-30 18:45:00,4.604
2023-03-30 19:00:00,4.624
2023-03-30 19:15:00,4.596
2023-03-30 19:30:00,4.606
2023-03-30 19:45:00,4.606
2023-03-30 20:00:00,4.616
2023-03-30 20:15:00,4.616
2023-03-30 20:30:00,4.625
2023-03-30 20:45:00,4.616
2023-03-30 21:00:00,4.607
2023-03-30 21:15:00,4.607
2023-03-30 21:30:00,4.607
2023-03-30 21:45:00,4.617
2023-03-30 22:00:00,4.626
2023-03-30 22:15:00,4.608
2023-03-30 22:30:00,4.617
2023-03-30 22:45:00,4.617
2023-03-30 23:00:00,4.617
2023-03-30 23:15:00,4.617
2023-03-30 23:30:00,4.608
2023-03-30 23:45:00,4.617
2023-03-31 00:00:00,4.617
2023-03-31 00:15:00,4.617
2023-03-31 00:30:00,4.598
2023-03-31 00:45:00,4.608
2023-03-31 01:00:00,4.617
2023-03-31 01:15:00,4.617
2023-03-31 01:30:00,4.599
2023-03-31 01:45:00,4.599
2023-03-31 02:00:00,4.609
2023-03-31 02:15:00,4.609
2023-03-31 02:30:00,4.609
2023-03-31 02:45:00,4.609
2023-03-31 03:00:00,4.61
2023-03-31 03:15:00,4.593
2023-03-31 03:30:00,4.611
2023-03-31 03:45:00,4.612
2023-03-31 04:00:00,4.603
2023-03-31 04:15:00,4.612
2023-03-31 04:30:00,4.611
2023-03-31 04:45:00,4.601
2023-03-31 05:00:00,4.61
2023-03-31 05:15:00,4.601
2023-03-31 05:30:00,4.6
2023-03-31 05:45:00,4.61
2023-03-31 06:00:00,4.619
2023-03-31 06:15:00,4.6
2023-03-31 06:30:00,4.619
2023-03-31 06:45:00,4.6
2023-03-31 07:00:00,4.6
2023-03-31 07:15:00,4.609
2023-03-31 07:30:00,4.618
2023-03-31 07:45:00,4.627
2023-03-31 08:00:00,4.627
2023-03-31 08:15:00,4.617
2023-03-31 08:30:00,4.617
2023-03-31 08:45:00,4.607
2023-03-31 09:00:00,4.607
2023-03-31 09:15:00,4.617
2023-03-31 09:30:00,4.617
2023-03-31 09:45:00,4.607
2023-03-31 10:00:00,4.635
2023-03-31 10:15:00,4.635
2023-03-31 10:30:00,4.624
2023-03-31 10:45:00,4.634
2023-03-31 11:00:00,4.614
2023-03-31 11:15:00,4.624
2023-03-31 11:30:00,4.623
2023-03-31 11:45:00,4.632
2023-03-31 12:00:00,4.622
2023-03-31 12:15:00,4.612
2023-03-31 12:30:00,4.631
2023-03-31 12:45:00,4.622
2023-03-31 13:00:00,4.632
2023-03-31 13:15:00,4.623
2023-03-31 13:30:00,4.632
2023-03-31 13:45:00,4.633
2023-03-31 14:00:00,4.623
2023-03-31 14:15:00,4.623
2023-03-31 14:30:00,4.633
2023-03-31 14:45:00,4.633
2023-03-31 15:00:00,4.623
2023-03-31 15:15:00,4.624
2023-03-31 15:30:00,4.623
2023-03-31 15:45:00,4.614
2023-03-31 16:00:00,4.624
2023-03-31 16:15:00,4.643
2023-03-31 16:30:00,4.624
2023-03-31 16:45:00,4.615
2023-03-31 17:00:00,4.634
2023-03-31 17:15:00,4.644
2023-03-31 17:30:00,4.625
2023-03-31 17:45:00,4.607
2023-03-31 18:00:00,4.616
2023-03-31 18:15:00,4.626
2023-03-31 18:30:00,4.626
2023-03-31 18:45:00,4.636
2023-03-31 19:00:00,4.618
2023-03-31 19:15:00,4.628
2023-03-31 19:30:00,4.637
2023-03-31 19:45:00,4.628
2023-03-31 20:00:00,4.628
2023-03-31 20:15:00,4.638
2023-03-31 20:30:00,4.628
2023-03-31 20:45:00,4.628
2023-03-31 21:00:00,4.628
2023-03-31 21:15:00,4.629
2023-03-31 21:30:00,4.629
2023-03-31 21:45:00,4.629
2023-03-31 22:00:00,4.619
2023-03-31 22:15:00,4.629
2023-03-31 22:30:00,4.632
2023-03-31 22:45:00,4.621
2023-03-31 23:00:00,4.63
2023-03-31 23:15:00,4.62
2023-03-31 23:30:00,4.629
2023-03-31 23:45:00,4.62
2023-04-01 00:00:00,4.639
2023-04-01 00:15:00,4.62
2023-04-01 00:30:00,4.629
2023-04-01 00:45:00,4.63
2023-04-01 01:00:00,4.639
2023-04-01 01:15:00,4.62
2023-04-01 01:30:00,4.629
2023-04-01 01:45:00,4.619
2023-04-01 02:00:00,4.63
2023-04-01 02:15:00,4.639
2023-04-01 02:30:00,4.619
2023-04-01 02:45:00,4.629
2023-04-01 03:00:00,4.62
2023-04-01 03:15:00,4.63
2023-04-01 03:30:00,4.649
2023-04-01 03:45:00,4.65
2023-04-01 04:00:00,4.649
2023-04-01 04:15:00,4.648
2023-04-01 04:30:00,4.638
2023-04-01 04:45:00,4.648
2023-04-01 05:00:00,4.648
2023-04-01 05:15:00,4.628
2023-04-01 05:30:00,4.637
2023-04-01 05:45:00,4.628
2023-04-01 06:00:00,4.647
2023-04-01 06:15:00,4.638
2023-04-01 06:30:00,4.638
2023-04-01 06:45:00,4.63
2023-04-01 07:00:00,4.63
2023-04-01 07:15:00,4.63
2023-04-01 07:30:00,4.639
2023-04-01 07:45:00,4.639
2023-04-01 08:00:00,4.638
2023-04-01 08:15:00,4.649
2023-04-01 08:30:00,4.63
2023-04-01 08:45:00,4.638
2023-04-01 09:00:00,4.647
2023-04-01 09:15:00,4.648
2023-04-01 09:30:00,4.676
2023-04-01 09:45:00,4.675
2023-04-01 10:00:00,4.656
2023-04-01 10:15:00,4.673
2023-04-01 10:30:00,4.682
2023-04-01 10:45:00,4.691
2023-04-01 11:00:00,4.691
2023-04-01 11:15:00,4.709
2023-04-01 11:30:00,4.671
2023-04-01 11:45:00,4.681
2023-04-01 12:00:00,4.681
2023-04-01 12:15:00,4.681
2023-04-01 12:30:00,4.682
2023-04-01 12:45:00,4.682
2023-04-01 13:00:00,4.673
2023-04-01 13:15:00,4.691
2023-04-01 13:30:00,4.682
2023-04-01 13:45:00,4.728
2023-04-01 14:00:00,4.738
2023-04-01 14:15:00,4.719
2023-04-01 14:30:00,4.719
2023-04-01 14:45:00,4.739
2023-04-01 15:00:00,4.721
2023-04-01 15:15:00,4.732
2023-04-01 15:30:00,4.713
2023-04-01 15:45:00,4.724
2023-04-01 16:00:00,4.724
2023-04-01 16:15:00,4.714
2023-04-01 16:30:00,4.724
2023-04-01 16:45:00,4.716
2023-04-01 17:00:00,4.725
2023-04-01 17:15:00,4.725
2023-04-01 17:30:00,4.724
2023-04-01 17:45:00,4.714
2023-04-01 18:00:00,4.733
2023-04-01 18:15:00,4.733
2023-04-01 18:30:00,4.744
2023-04-01 18:45:00,4.736
2023-04-01 19:00:00,4.726
2023-04-01 19:15:00,4.726
2023-04-01 19:30:00,4.729
2023-04-01 19:45:00,4.737
2023-04-01 20:00:00,4.718
2023-04-01 20:15:00,4.718
2023-04-01 20:30:00,4.727
2023-04-01 20:45:00,4.727
2023-04-01 21:00:00,4.716
2023-04-01 21:15:00,4.718
2023-04-01 21:30:00,4.727
2023-04-01 21:45:00,4.725
2023-04-01 22:00:00,4.725
2023-04-01 22:15:00,4.716
2023-04-01 22:30:00,4.717
2023-04-01 22:45:00,4.736
2023-04-01 23:00:00,4.74
2023-04-01 23:15:00,4.731
2023-04-01 23:30:00,4.721
2023-04-01 23:45:00,4.73
2023-04-02 00:00:00,4.731
2023-04-02 00:15:00,4.741
2023-04-02 00:30:00,4.723
2023-04-02 00:45:00,4.732
2023-04-02 01:00:00,4.742
2023-04-02 01:15:00,4.733
2023-04-02 01:30:00,4.742
2023-04-02 01:45:00,4.734
2023-04-02 02:00:00,4.724
2023-04-02 02:15:00,4.734
2023-04-02 02:30:00,4.734
2023-04-02 02:45:00,4.743
2023-04-02 03:00:00,4.743
2023-04-02 03:15:00,4.734
2023-04-02 03:30:00,4.734
2023-04-02 03:45:00,4.734
2023-04-02 04:00:00,4.734
2023-04-02 04:15:00,4.744
2023-04-02 04:30:00,4.737
2023-04-02 04:45:00,4.747
2023-04-02 05:00:00,4.765
2023-04-02 05:15:00,4.794
2023-04-02 05:30:00,4.794
2023-04-02 05:45:00,4.787
2023-04-02 06:00:00,4.78
2023-04-02 06:15:00,4.752
2023-04-02 06:30:00,4.734
2023-04-02 06:45:00,4.704
2023-04-02 07:00:00,4.728
2023-04-02 07:15:00,4.754
2023-04-02 07:30:00,4.752
2023-04-02 07:45:00,4.77
2023-04-02 08:00:00,4.755
2023-04-02 08:15:00,4.763
2023-04-02 08:30:00,4.762
2023-04-02 08:45:00,4.761
2023-04-02 09:00:00,4.769
2023-04-02 09:15:00,4.768
2023-04-02 09:30:00,4.768
2023-04-02 09:45:00,4.768
2023-04-02 10:00:00,4.758
2023-04-02 10:15:00,4.749
2023-04-02 10:30:00,4.759
2023-04-02 10:45:00,4.778
2023-04-02 11:00:00,4.796
2023-04-02 11:15:00,4.784
2023-04-02 11:30:00,4.782
2023-04-02 11:45:00,4.782
2023-04-02 12:00:00,4.772
2023-04-02 12:15:00,4.763
2023-04-02 12:30:00,4.783
2023-04-02 12:45:00,4.793
2023-04-02 13:00:00,4.783
2023-04-02 13:15:00,4.763
2023-04-02 13:30:00,4.79
2023-04-02 13:45:00,4.779
2023-04-02 14:00:00,4.768
2023-04-02 14:15:00,4.768
2023-04-02 14:30:00,4.749
2023-04-02 14:45:00,4.749
2023-04-02 15:00:00,4.729
2023-04-02 15:15:00,4.748
2023-04-02 15:30:00,4.739
2023-04-02 15:45:00,4.732
2023-04-02 16:00:00,4.743
2023-04-02 16:15:00,4.754
2023-04-02 16:30:00,4.754
2023-04-02 16:45:00,4.753
2023-04-02 17:00:00,4.743
2023-04-02 17:15:00,4.725
2023-04-02 17:30:00,4.726
2023-04-02 17:45:00,4.718
2023-04-02 18:00:00,4.729
2023-04-02 18:15:00,4.73
2023-04-02 18:30:00,4.722
2023-04-02 18:45:00,4.733
2023-04-02 19:00:00,4.724
2023-04-02 19:15:00,4.728
2023-04-02 19:30:00,4.702
2023-04-02 19:45:00,4.712
2023-04-02 20:00:00,4.741
2023-04-02 20:15:00,4.731
2023-04-02 20:30:00,4.75
2023-04-02 20:45:00,4.739
2023-04-02 21:00:00,4.728
2023-04-02 21:15:00,4.719
2023-04-02 21:30:00,4.73
2023-04-02 21:45:00,4.702
2023-04-02 22:00:00,4.692
2023-04-02 22:15:00,4.682
2023-04-02 22:30:00,4.671
2023-04-02 22:45:00,4.664
2023-04-02 23:00:00,4.672
2023-04-02 23:15:00,4.682
2023-04-02 23:30:00,4.683
2023-04-02 23:45:00,4.692
2023-04-03 00:00:00,4.674
2023-04-03 00:15:00,4.682
2023-04-03 00:30:00,4.691
2023-04-03 00:45:00,4.682
2023-04-03 01:00:00,4.691
2023-04-03 01:15:00,4.692
2023-04-03 01:30:00,4.702
2023-04-03 01:45:00,4.711
2023-04-03 02:00:00,4.712
2023-04-03 02:15:00,4.713
2023-04-03 02:30:00,4.713
2023-04-03 02:45:00,4.722
2023-04-03 03:00:00,4.723
2023-04-03 03:15:00,4.713
2023-04-03 03:30:00,4.723
2023-04-03 03:45:00,4.732
2023-04-03 04:00:00,4.722
2023-04-03 04:15:00,4.723
2023-04-03 04:30:00,4.722
2023-04-03 04:45:00,4.741
2023-04-03 05:00:00,4.723
2023-04-03 05:15:00,4.751
2023-04-03 05:30:00,4.741
2023-04-03 05:45:00,4.732
2023-04-03 06:00:00,4.741
2023-04-03 06:15:00,4.751
2023-04-03 06:30:00,4.742
2023-04-03 06:45:00,4.741
2023-04-03 07:00:00,4.723
2023-04-03 07:15:00,4.712
2023-04-03 07:30:00,4.722
2023-04-03 07:45:00,4.74
2023-04-03 08:00:00,4.757
2023-04-03 08:15:00,4.746
2023-04-03 08:30:00,4.744
2023-04-03 08:45:00,4.743
2023-04-03 09:00:00,4.753
2023-04-03 09:15:00,4.743
2023-04-03 09:30:00,4.752
2023-04-03 09:45:00,4.752
2023-04-03 10:00:00,4.763
2023-04-03 10:15:00,4.762
2023-04-03 10:30:00,4.752
2023-04-03 10:45:00,4.742
2023-04-03 11:00:00,4.752
2023-04-03 11:15:00,4.751
2023-04-03 11:30:00,4.751
2023-04-03 11:45:00,4.751
2023-04-03 12:00:00,4.761
2023-04-03 12:15:00,4.751
2023-04-03 12:30:00,4.742
2023-04-03 12:45:00,4.751
2023-04-03 13:00:00,4.751
2023-04-03 13:15:00,4.742
2023-04-03 13:30:00,4.751
2023-04-03 13:45:00,4.742
2023-04-03 14:00:00,4.742
2023-04-03 14:15:00,4.742
2023-04-03 14:30:00,4.751
2023-04-03 14:45:00,4.752
2023-04-03 15:00:00,4.742
2023-04-03 15:15:00,4.751
2023-04-03 15:30:00,4.732
2023-04-03 15:45:00,4.742
2023-04-03 16:00:00,4.742
2023-04-03 16:15:00,4.751
2023-04-03 16:30:00,4.742
2023-04-03 16:45:00,4.742
2023-04-03 17:00:00,4.742
2023-04-03 17:15:00,4.751
2023-04-03 17:30:00,4.742
2023-04-03 17:45:00,4.742
2023-04-03 18:00:00,4.733
2023-04-03 18:15:00,4.753
2023-04-03 18:30:00,4.734
2023-04-03 18:45:00,4.744
2023-04-03 19:00:00,4.735
2023-04-03 19:15:00,4.707
2023-04-03 19:30:00,4.687
2023-04-03 19:45:00,4.681
2023-04-03 20:00:00,4.673
2023-04-03 20:15:00,4.682
2023-04-03 20:30:00,4.672
2023-04-03 20:45:00,4.681
2023-04-03 21:00:00,4.68
2023-04-03 21:15:00,4.681
2023-04-03 21:30:00,4.692
2023-04-03 21:45:00,4.709
2023-04-03 22:00:00,4.692
2023-04-03 22:15:00,4.711
2023-04-03 22:30:00,4.702
2023-04-03 22:45:00,4.693
2023-04-03 23:00:00,4.693
2023-04-03 23:15:00,4.693
2023-04-03 23:30:00,4.702
2023-04-03 23:45:00,4.693
2023-04-04 00:00:00,4.712
2023-04-04 00:15:00,4.711
2023-04-04 00:30:00,4.703
2023-04-04 00:45:00,4.692
2023-04-04 01:00:00,4.711
2023-04-04 01:15:00,4.702
2023-04-04 01:30:00,4.711
2023-04-04 01:45:00,4.702
2023-04-04 02:00:00,4.722
2023-04-04 02:15:00,4.712
2023-04-04 02:30:00,4.741
2023-04-04 02:45:00,4.723
2023-04-04 03:00:00,4.741
2023-04-04 03:15:00,4.713
2023-04-04 03:30:00,4.732
2023-04-04 03:45:00,4.732
2023-04-04 04:00:00,4.732
2023-04-04 04:15:00,4.732
2023-04-04 04:30:00,4.723
2023-04-04 04:45:00,4.733
2023-04-04 05:00:00,4.733
2023-04-04 05:15:00,4.732
2023-04-04 05:30:00,4.732
2023-04-04 05:45:00,4.742
2023-04-04 06:00:00,4.751
2023-04-04 06:15:00,4.742
2023-04-04 06:30:00,4.732
2023-04-04 06:45:00,4.74
2023-04-04 07:00:00,4.74
2023-04-04 07:15:00,4.722
2023-04-04 07:30:00,4.693
2023-04-04 07:45:00,4.701
2023-04-04 08:00:00,4.737
2023-04-04 08:15:00,4.747
2023-04-04 08:30:00,4.746
2023-04-04 08:45:00,4.753
2023-04-04 09:00:00,4.753
2023-04-04 09:15:00,4.742
2023-04-04 09:30:00,4.76
2023-04-04 09:45:00,4.75
2023-04-04 10:00:00,4.75
2023-04-04 10:15:00,4.76
2023-04-04 10:30:00,4.76
2023-04-04 10:45:00,4.75
2023-04-04 11:00:00,4.75
2023-04-04 11:15:00,4.75
2023-04-04 11:30:00,4.75
2023-04-04 11:45:00,4.75
2023-04-04 12:00:00,4.759
2023-04-04 12:15:00,4.749
2023-04-04 12:30:00,4.768
2023-04-04 12:45:00,4.748
2023-04-04 13:00:00,4.767
2023-04-04 13:15:00,4.758
2023-04-04 13:30:00,4.757
2023-04-04 13:45:00,4.757
2023-04-04 14:00:00,4.756
2023-04-04 14:15:00,4.765
2023-04-04 14:30:00,4.764
2023-04-04 14:45:00,4.763
2023-04-04 15:00:00,4.781
2023-04-04 15:15:00,4.771
2023-04-04 15:30:00,4.761
2023-04-04 15:45:00,4.761
2023-04-04 16:00:00,4.771
2023-04-04 16:15:00,4.773
2023-04-04 16:30:00,4.764
2023-04-04 16:45:00,4.775
2023-04-04 17:00:00,4.756
2023-04-04 17:15:00,4.766
2023-04-04 17:30:00,4.766
2023-04-04 17:45:00,4.776
2023-04-04 18:00:00,4.757
2023-04-04 18:15:00,4.747
2023-04-04 18:30:00,4.749
2023-04-04 18:45:00,4.74
2023-04-04 19:00:00,4.751
2023-04-04 19:15:00,4.754
2023-04-04 19:30:00,4.738
2023-04-04 19:45:00,4.76
2023-04-04 20:00:00,4.761
2023-04-04 20:15:00,4.762
2023-04-04 20:30:00,4.773
2023-04-04 20:45:00,4.763
2023-04-04 21:00:00,4.764
2023-04-04 21:15:00,4.773
2023-04-04 21:30:00,4.764
2023-04-04 21:45:00,4.783
2023-04-04 22:00:00,4.793
2023-04-04 22:15:00,4.794
2023-04-04 22:30:00,4.802
2023-04-04 22:45:00,4.805
2023-04-04 23:00:00,4.796
2023-04-04 23:15:00,4.807
2023-04-04 23:30:00,4.799
2023-04-04 23:45:00,4.809
2023-04-05 00:00:00,4.781
2023-04-05 00:15:00,4.8
2023-04-05 00:30:00,4.808
2023-04-05 00:45:00,4.808
2023-04-05 01:00:00,4.818
2023-04-05 01:15:00,4.809
2023-04-05 01:30:00,4.8
2023-04-05 01:45:00,4.809
2023-04-05 02:00:00,4.791
2023-04-05 02:15:00,4.81
2023-04-05 02:30:00,4.82
2023-04-05 02:45:00,4.81
2023-04-05 03:00:00,4.801
2023-04-05 03:15:00,4.801
2023-04-05 03:30:00,4.811
2023-04-05 03:45:00,4.801
2023-04-05 04:00:00,4.802
2023-04-05 04:15:00,4.801
2023-04-05 04:30:00,4.801
2023-04-05 04:45:00,4.782
2023-04-05 05:00:00,4.79
2023-04-05 05:15:00,4.779
2023-04-05 05:30:00,4.777
2023-04-05 05:45:00,4.774
2023-04-05 06:00:00,4.763
2023-04-05 06:15:00,4.753
2023-04-05 06:30:00,4.724
2023-04-05 06:45:00,4.715
2023-04-05 07:00:00,4.714
2023-04-05 07:15:00,4.761
2023-04-05 07:30:00,4.76
2023-04-05 07:45:00,4.765
2023-04-05 08:00:00,4.781
2023-04-05 08:15:00,4.77
2023-04-05 08:30:00,4.768
2023-04-05 08:45:00,4.767
2023-04-05 09:00:00,4.766
2023-04-05 09:15:00,4.764
2023-04-05 09:30:00,4.772
2023-04-05 09:45:00,4.779
2023-04-05 10:00:00,4.777
2023-04-05 10:15:00,4.785
2023-04-05 10:30:00,4.786
2023-04-05 10:45:00,4.767
2023-04-05 11:00:00,4.758
2023-04-05 11:15:00,4.775
2023-04-05 11:30:00,4.765
2023-04-05 11:45:00,4.767
2023-04-05 12:00:00,4.787
2023-04-05 12:15:00,4.769
2023-04-05 12:30:00,4.779
2023-04-05 12:45:00,4.779
2023-04-05 13:00:00,4.77
2023-04-05 13:15:00,4.77
2023-04-05 13:30:00,4.789
2023-04-05 13:45:00,4.779
2023-04-05 14:00:00,4.779
2023-04-05 14:15:00,4.778
2023-04-05 14:30:00,4.767
2023-04-05 14:45:00,4.776
2023-04-05 15:00:00,4.785
2023-04-05 15:15:00,4.785
2023-04-05 15:30:00,4.785
2023-04-05 15:45:00,4.776
2023-04-05 16:00:00,4.784
2023-04-05 16:15:00,4.782
2023-04-05 16:30:00,4.793
2023-04-05 16:45:00,4.793
2023-04-05 17:00:00,4.775
2023-04-05 17:15:00,4.785
2023-04-05 17:30:00,4.776
2023-04-05 17:45:00,4.786
2023-04-05 18:00:00,4.778
2023-04-05 18:15:00,4.761
2023-04-05 18:30:00,4.781
2023-04-05 18:45:00,4.764
2023-04-05 19:00:00,4.767
2023-04-05 19:15:00,4.759
2023-04-05 19:30:00,4.754
2023-04-05 19:45:00,4.757
2023-04-05 20:00:00,4.75
2023-04-05 20:15:00,4.76
2023-04-05 20:30:00,4.761
2023-04-05 20:45:00,4.753
2023-04-05 21:00:00,4.744
2023-04-05 21:15:00,4.754
2023-04-05 21:30:00,4.737
2023-04-05 21:45:00,4.765
2023-04-05 22:00:00,4.754
2023-04-05 22:15:00,4.744
2023-04-05 22:30:00,4.753
2023-04-05 22:45:00,4.763
2023-04-05 23:00:00,4.762
2023-04-05 23:15:00,4.772
2023-04-05 23:30:00,4.772
2023-04-05 23:45:00,4.762
2023-04-06 00:00:00,4.763
2023-04-06 00:15:00,4.772
2023-04-06 00:30:00,4.772
2023-04-06 00:45:00,4.763
2023-04-06 01:00:00,4.781
2023-04-06 01:15:00,4.763
2023-04-06 01:30:00,4.753
2023-04-06 01:45:00,4.743
2023-04-06 02:00:00,4.762
2023-04-06 02:15:00,4.752
2023-04-06 02:30:00,4.743
2023-04-06 02:45:00,4.762
2023-04-06 03:00:00,4.753
2023-04-06 03:15:00,4.762
2023-04-06 03:30:00,4.762
2023-04-06 03:45:00,4.762
2023-04-06 04:00:00,4.762
2023-04-06 04:15:00,4.762
2023-04-06 04:30:00,4.762
2023-04-06 04:45:00,4.753
2023-04-06 05:00:00,4.752
2023-04-06 05:15:00,4.743
2023-04-06 05:30:00,4.752
2023-04-06 05:45:00,4.714
2023-04-06 06:00:00,4.752
2023-04-06 06:15:00,4.761
2023-04-06 06:30:00,4.757
2023-04-06 06:45:00,4.754
2023-04-06 07:00:00,4.753
2023-04-06 07:15:00,4.762
2023-04-06 07:30:00,4.761
2023-04-06 07:45:00,4.77
2023-04-06 08:00:00,4.768
2023-04-06 08:15:00,4.777
2023-04-06 08:30:00,4.766
2023-04-06 08:45:00,4.765
2023-04-06 09:00:00,4.756
2023-04-06 09:15:00,4.746
2023-04-06 09:30:00,4.754
2023-04-06 09:45:00,4.751
2023-04-06 10:00:00,4.76
2023-04-06 10:15:00,4.749
2023-04-06 10:30:00,4.758
2023-04-06 10:45:00,4.767
2023-04-06 11:00:00,4.746
2023-04-06 11:15:00,4.751
2023-04-06 11:30:00,4.759
2023-04-06 11:45:00,4.748
2023-04-06 12:00:00,4.748
2023-04-06 12:15:00,4.748
2023-04-06 12:30:00,4.757
2023-04-06 12:45:00,4.746
2023-04-06 13:00:00,4.755
2023-04-06 13:15:00,4.753
2023-04-06 13:30:00,4.753
2023-04-06 13:45:00,4.764
2023-04-06 14:00:00,4.754
2023-04-06 14:15:00,4.752
2023-04-06 14:30:00,4.762
2023-04-06 14:45:00,4.763
2023-04-06 15:00:00,4.754
2023-04-06 15:15:00,4.755
2023-04-06 15:30:00,4.754
2023-04-06 15:45:00,4.748
2023-04-06 16:00:00,4.768
2023-04-06 16:15:00,4.767
2023-04-06 16:30:00,4.758
2023-04-06 16:45:00,4.769
2023-04-06 17:00:00,4.768
2023-04-06 17:15:00,4.78
2023-04-06 17:30:00,4.772
2023-04-06 17:45:00,4.763
2023-04-06 18:00:00,4.765
2023-04-06 18:15:00,4.757
2023-04-06 18:30:00,4.768
2023-04-06 18:45:00,4.751
2023-04-06 19:00:00,4.761
2023-04-06 19:15:00,4.753
2023-04-06 19:30:00,4.763
2023-04-06 19:45:00,4.764
2023-04-06 20:00:00,4.755
2023-04-06 20:15:00,4.755
2023-04-06 20:30:00,4.756
2023-04-06 20:45:00,4.756
2023-04-06 21:00:00,4.757
2023-04-06 21:15:00,4.747
2023-04-06 21:30:00,4.757
2023-04-06 21:45:00,4.766
2023-04-06 22:00:00,4.747
2023-04-06 22:15:00,4.747
2023-04-06 22:30:00,4.757
2023-04-06 22:45:00,4.738
2023-04-06 23:00:00,4.757
2023-04-06 23:15:00,4.758
2023-04-06 23:30:00,4.767
2023-04-06 23:45:00,4.757
2023-04-07 00:00:00,4.747
2023-04-07 00:15:00,4.738
2023-04-07 00:30:00,4.757
2023-04-07 00:45:00,4.766
2023-04-07 01:00:00,4.747
2023-04-07 01:15:00,4.757
2023-04-07 01:30:00,4.766
2023-04-07 01:45:00,4.738
2023-04-07 02:00:00,4.747
2023-04-07 02:15:00,4.766
2023-04-07 02:30:00,4.756
2023-04-07 02:45:00,4.756
2023-04-07 03:00:00,4.747
2023-04-07 03:15:00,4.756
2023-04-07 03:30:00,4.756
2023-04-07 03:45:00,4.756
2023-04-07 04:00:00,4.747
2023-04-07 04:15:00,4.748
2023-04-07 04:30:00,4.757
2023-04-07 04:45:00,4.757
2023-04-07 05:00:00,4.747
2023-04-07 05:15:00,4.757
2023-04-07 05:30:00,4.767
2023-04-07 05:45:00,4.748
2023-04-07 06:00:00,4.758
2023-04-07 06:15:00,4.767
2023-04-07 06:30:00,4.767
2023-04-07 06:45:00,4.766
2023-04-07 07:00:00,4.757
2023-04-07 07:15:00,4.756
2023-04-07 07:30:00,4.756
2023-04-07 07:45:00,4.765
2023-04-07 08:00:00,4.764
2023-04-07 08:15:00,4.764
2023-04-07 08:30:00,4.754
2023-04-07 08:45:00,4.772
2023-04-07 09:00:00,4.763
2023-04-07 09:15:00,4.772
2023-04-07 09:30:00,4.78
2023-04-07 09:45:00,4.779
2023-04-07 10:00:00,4.787
2023-04-07 10:15:00,4.777
2023-04-07 10:30:00,4.796
2023-04-07 10:45:00,4.785
2023-04-07 11:00:00,4.786
2023-04-07 11:15:00,4.776
2023-04-07 11:30:00,4.776
2023-04-07 11:45:00,4.785
2023-04-07 12:00:00,4.776
2023-04-07 12:15:00,4.777
2023-04-07 12:30:00,4.786
2023-04-07 12:45:00,4.776
2023-04-07 13:00:00,4.786
2023-04-07 13:15:00,4.777
2023-04-07 13:30:00,4.778
2023-04-07 13:45:00,4.779
2023-04-07 14:00:00,4.779
2023-04-07 14:15:00,4.78
2023-04-07 14:30:00,4.771
2023-04-07 14:45:00,4.781
2023-04-07 15:00:00,4.781
2023-04-07 15:15:00,4.781
2023-04-07 15:30:00,4.772
2023-04-07 15:45:00,4.781
2023-04-07 16:00:00,4.772
2023-04-07 16:15:00,4.772
2023-04-07 16:30:00,4.762
2023-04-07 16:45:00,4.78
2023-04-07 17:00:00,4.78
2023-04-07 17:15:00,4.78
2023-04-07 17:30:00,4.78
2023-04-07 17:45:00,4.78
2023-04-07 18:00:00,4.78
2023-04-07 18:15:00,4.762
2023-04-07 18:30:00,4.772
2023-04-07 18:45:00,4.772
2023-04-07 19:00:00,4.772
2023-04-07 19:15:00,4.774
2023-04-07 19:30:00,4.755
2023-04-07 19:45:00,4.775
2023-04-07 20:00:00,4.775
2023-04-07 20:15:00,4.775
2023-04-07 20:30:00,4.775
2023-04-07 20:45:00,4.766
2023-04-07 21:00:00,4.757
2023-04-07 21:15:00,4.776
2023-04-07 21:30:00,4.776
2023-04-07 21:45:00,4.775
2023-04-07 22:00:00,4.766
2023-04-07 22:15:00,4.757
2023-04-07 22:30:00,4.776
2023-04-07 22:45:00,4.767
2023-04-07 23:00:00,4.757
2023-04-07 23:15:00,4.767
2023-04-07 23:30:00,4.758
2023-04-07 23:45:00,4.776
2023-04-08 00:00:00,4.767
2023-04-08 00:15:00,4.767
2023-04-08 00:30:00,4.767
2023-04-08 00:45:00,4.776
2023-04-08 01:00:00,4.776
2023-04-08 01:15:00,4.786
2023-04-08 01:30:00,4.767
2023-04-08 01:45:00,4.767
2023-04-08 02:00:00,4.767
2023-04-08 02:15:00,4.777
2023-04-08 02:30:00,4.758
2023-04-08 02:45:00,4.768
2023-04-08 03:00:00,4.769
2023-04-08 03:15:00,4.769
2023-04-08 03:30:00,4.76
2023-04-08 03:45:00,4.751
2023-04-08 04:00:00,4.763
2023-04-08 04:15:00,4.754
2023-04-08 04:30:00,4.758
2023-04-08 04:45:00,4.741
2023-04-08 05:00:00,4.761
2023-04-08 05:15:00,4.799
2023-04-08 05:30:00,4.79
2023-04-08 05:45:00,4.743
2023-04-08 06:00:00,4.734
2023-04-08 06:15:00,4.771
2023-04-08 06:30:00,4.766
2023-04-08 06:45:00,4.771
2023-04-08 07:00:00,4.777
2023-04-08 07:15:00,4.802
2023-04-08 07:30:00,4.79
2023-04-08 07:45:00,4.778
2023-04-08 08:00:00,4.793
2023-04-08 08:15:00,4.801
2023-04-08 08:30:00,4.78
2023-04-08 08:45:00,4.789
2023-04-08 09:00:00,4.796
2023-04-08 09:15:00,4.794
2023-04-08 09:30:00,4.802
2023-04-08 09:45:00,4.793
2023-04-08 10:00:00,4.792
2023-04-08 10:15:00,4.793
2023-04-08 10:30:00,4.794
2023-04-08 10:45:00,4.784
2023-04-08 11:00:00,4.802
2023-04-08 11:15:00,4.793
2023-04-08 11:30:00,4.784
2023-04-08 11:45:00,4.794
2023-04-08 12:00:00,4.794
2023-04-08 12:15:00,4.795
2023-04-08 12:30:00,4.806
2023-04-08 12:45:00,4.787
2023-04-08 13:00:00,4.799
2023-04-08 13:15:00,4.808
2023-04-08 13:30:00,4.789
2023-04-08 13:45:00,4.807
2023-04-08 14:00:00,4.805
2023-04-08 14:15:00,4.815
2023-04-08 14:30:00,4.813
2023-04-08 14:45:00,4.81
2023-04-08 15:00:00,4.809
2023-04-08 15:15:00,4.802
2023-04-08 15:30:00,4.793
2023-04-08 15:45:00,4.804
2023-04-08 16:00:00,4.799
2023-04-08 16:15:00,4.808
2023-04-08 16:30:00,4.8
2023-04-08 16:45:00,4.812
2023-04-08 17:00:00,4.812
2023-04-08 17:15:00,4.803
2023-04-08 17:30:00,4.794
2023-04-08 17:45:00,4.795
2023-04-08 18:00:00,4.806
2023-04-08 18:15:00,4.797
2023-04-08 18:30:00,4.797
2023-04-08 18:45:00,4.789
2023-04-08 19:00:00,4.799
2023-04-08 19:15:00,4.79
2023-04-08 19:30:00,4.79
2023-04-08 19:45:00,4.781
2023-04-08 20:00:00,4.782
2023-04-08 20:15:00,4.791
2023-04-08 20:30:00,4.773
2023-04-08 20:45:00,4.793
2023-04-08 21:00:00,4.774
2023-04-08 21:15:00,4.784
2023-04-08 21:30:00,4.775
2023-04-08 21:45:00,4.793
2023-04-08 22:00:00,4.785
2023-04-08 22:15:00,4.785
2023-04-08 22:30:00,4.775
2023-04-08 22:45:00,4.766
2023-04-08 23:00:00,4.785
2023-04-08 23:15:00,4.777
2023-04-08 23:30:00,4.777
2023-04-08 23:45:00,4.768
2023-04-09 00:00:00,4.778
2023-04-09 00:15:00,4.769
2023-04-09 00:30:00,4.769
2023-04-09 00:45:00,4.77
2023-04-09 01:00:00,4.76
2023-04-09 01:15:00,4.76
2023-04-09 01:30:00,4.77
2023-04-09 01:45:00,4.78
2023-04-09 02:00:00,4.77
2023-04-09 02:15:00,4.77
2023-04-09 02:30:00,4.779
2023-04-09 02:45:00,4.76
2023-04-09 03:00:00,4.77
2023-04-09 03:15:00,4.77
2023-04-09 03:30:00,4.77
2023-04-09 03:45:00,4.779
2023-04-09 04:00:00,4.779
2023-04-09 04:15:00,4.797
2023-04-09 04:30:00,4.778
2023-04-09 04:45:00,4.778
2023-04-09 05:00:00,4.777
2023-04-09 05:15:00,4.786
2023-04-09 05:30:00,4.786
2023-04-09 05:45:00,4.795
2023-04-09 06:00:00,4.785
2023-04-09 06:15:00,4.776
2023-04-09 06:30:00,4.785
2023-04-09 06:45:00,4.803
2023-04-09 07:00:00,4.793
2023-04-09 07:15:00,4.802
2023-04-09 07:30:00,4.811
2023-04-09 07:45:00,4.801
2023-04-09 08:00:00,4.801
2023-04-09 08:15:00,4.819
2023-04-09 08:30:00,4.827
2023-04-09 08:45:00,4.826
2023-04-09 09:00:00,4.824
2023-04-09 09:15:00,4.833
2023-04-09 09:30:00,4.823
2023-04-09 09:45:00,4.822
2023-04-09 10:00:00,4.821
2023-04-09 10:15:00,4.829
2023-04-09 10:30:00,4.827
2023-04-09 10:45:00,4.828
2023-04-09 11:00:00,4.82
2023-04-09 11:15:00,4.83
2023-04-09 11:30:00,4.848
2023-04-09 11:45:00,4.83
2023-04-09 12:00:00,4.829
2023-04-09 12:15:00,4.835
2023-04-09 12:30:00,4.841
2023-04-09 12:45:00,4.832
2023-04-09 13:00:00,4.841
2023-04-09 13:15:00,4.83
2023-04-09 13:30:00,4.839
2023-04-09 13:45:00,4.839
2023-04-09 14:00:00,4.821
2023-04-09 14:15:00,4.84
2023-04-09 14:30:00,4.831
2023-04-09 14:45:00,4.832
2023-04-09 15:00:00,4.84
2023-04-09 15:15:00,4.839
2023-04-09 15:30:00,4.82
2023-04-09 15:45:00,4.839
2023-04-09 16:00:00,4.839
2023-04-09 16:15:00,4.831
2023-04-09 16:30:00,4.83
2023-04-09 16:45:00,4.841
2023-04-09 17:00:00,4.843
2023-04-09 17:15:00,4.836
2023-04-09 17:30:00,4.839
2023-04-09 17:45:00,4.841
2023-04-09 18:00:00,4.824
2023-04-09 18:15:00,4.835
2023-04-09 18:30:00,4.835
2023-04-09 18:45:00,4.817
2023-04-09 19:00:00,4.818
2023-04-09 19:15:00,4.828
2023-04-09 19:30:00,4.828
2023-04-09 19:45:00,4.819
2023-04-09 20:00:00,4.829
2023-04-09 20:15:00,4.829
2023-04-09 20:30:00,4.839
2023-04-09 20:45:00,4.82
2023-04-09 21:00:00,4.829
2023-04-09 21:15:00,4.83
2023-04-09 21:30:00,4.821
2023-04-09 21:45:00,4.83
2023-04-09 22:00:00,4.82
2023-04-09 22:15:00,4.83
2023-04-09 22:30:00,4.83
2023-04-09 22:45:00,4.821
2023-04-09 23:00:00,4.83
2023-04-09 23:15:00,4.83
2023-04-09 23:30:00,4.83
2023-04-09 23:45:00,4.83
2023-04-10 00:00:00,4.82
2023-04-10 00:15:00,4.829
2023-04-10 00:30:00,4.829
2023-04-10 00:45:00,4.839
2023-04-10 01:00:00,4.838
2023-04-10 01:15:00,4.839
2023-04-10 01:30:00,4.838
2023-04-10 01:45:00,4.829
2023-04-10 02:00:00,4.829
2023-04-10 02:15:00,4.839
2023-04-10 02:30:00,4.848
2023-04-10 02:45:00,4.839
2023-04-10 03:00:00,4.838
2023-04-10 03:15:00,4.838
2023-04-10 03:30:00,4.838
2023-04-10 03:45:00,4.829
2023-04-10 04:00:00,4.839
2023-04-10 04:15:00,4.839
2023-04-10 04:30:00,4.838
2023-04-10 04:45:00,4.848
2023-04-10 05:00:00,4.838
2023-04-10 05:15:00,4.838
2023-04-10 05:30:00,4.839
2023-04-10 05:45:00,4.839
2023-04-10 06:00:00,4.848
2023-04-10 06:15:00,4.857
2023-04-10 06:30:00,4.867
2023-04-10 06:45:00,4.858
2023-04-10 07:00:00,4.857
2023-04-10 07:15:00,4.857
2023-04-10 07:30:00,4.875
2023-04-10 07:45:00,4.875
2023-04-10 08:00:00,4.874
2023-04-10 08:15:00,4.874
2023-04-10 08:30:00,4.883
2023-04-10 08:45:00,4.862
2023-04-10 09:00:00,4.871
2023-04-10 09:15:00,4.87
2023-04-10 09:30:00,4.87
2023-04-10 09:45:00,4.877
2023-04-10 10:00:00,4.866
2023-04-10 10:15:00,4.873
2023-04-10 10:30:00,4.873
2023-04-10 10:45:00,4.87
2023-04-10 11:00:00,4.868
2023-04-10 11:15:00,4.878
2023-04-10 11:30:00,4.885
2023-04-10 11:45:00,4.874
2023-04-10 12:00:00,4.873
2023-04-10 12:15:00,4.882
2023-04-10 12:30:00,4.891
2023-04-10 12:45:00,4.871
2023-04-10 13:00:00,4.88
2023-04-10 13:15:00,4.889
2023-04-10 13:30:00,4.888
2023-04-10 13:45:00,4.898
2023-04-10 14:00:00,4.888
2023-04-10 14:15:00,4.897
2023-04-10 14:30:00,4.887
2023-04-10 14:45:00,4.887
2023-04-10 15:00:00,4.906
2023-04-10 15:15:00,4.878
2023-04-10 15:30:00,4.898
2023-04-10 15:45:00,4.89
2023-04-10 16:00:00,4.872
2023-04-10 16:15:00,4.892
2023-04-10 16:30:00,4.894
2023-04-10 16:45:00,4.886
2023-04-10 17:00:00,4.879
2023-04-10 17:15:00,4.882
2023-04-10 17:30:00,4.882
2023-04-10 17:45:00,4.892
2023-04-10 18:00:00,4.886
2023-04-10 18:15:00,4.887
2023-04-10 18:30:00,4.888
2023-04-10 18:45:00,4.889
2023-04-10 19:00:00,4.89
2023-04-10 19:15:00,4.882
2023-04-10 19:30:00,4.892
2023-04-10 19:45:00,4.892
2023-04-10 20:00:00,4.893
2023-04-10 20:15:00,4.894
2023-04-10 20:30:00,4.894
2023-04-10 20:45:00,4.893
2023-04-10 21:00:00,4.903
2023-04-10 21:15:00,4.884
2023-04-10 21:30:00,4.894
2023-04-10 21:45:00,4.894
2023-04-10 22:00:00,4.894
2023-04-10 22:15:00,4.913
2023-04-10 22:30:00,4.894
2023-04-10 22:45:00,4.913
2023-04-10 23:00:00,4.903
2023-04-10 23:15:00,4.903
2023-04-10 23:30:00,4.903
2023-04-10 23:45:00,4.913
2023-04-11 00:00:00,4.904
2023-04-11 00:15:00,4.894
2023-04-11 00:30:00,4.885
2023-04-11 00:45:00,4.904
2023-04-11 01:00:00,4.905
2023-04-11 01:15:00,4.905
2023-04-11 01:30:00,4.924
2023-04-11 01:45:00,4.915
2023-04-11 02:00:00,4.925
2023-04-11 02:15:00,4.925
2023-04-11 02:30:00,4.925
2023-04-11 02:45:00,4.926
2023-04-11 03:00:00,4.935
2023-04-11 03:15:00,4.916
2023-04-11 03:30:00,4.936
2023-04-11 03:45:00,4.926
2023-04-11 04:00:00,4.936
2023-04-11 04:15:00,4.917
2023-04-11 04:30:00,4.917
2023-04-11 04:45:00,4.936
2023-04-11 05:00:00,4.946
2023-04-11 05:15:00,4.946
2023-04-11 05:30:00,4.937
2023-04-11 05:45:00,4.937
2023-04-11 06:00:00,4.947
2023-04-11 06:15:00,4.928
2023-04-11 06:30:00,4.937
2023-04-11 06:45:00,4.956
2023-04-11 07:00:00,4.947
2023-04-11 07:15:00,4.937
2023-04-11 07:30:00,4.937
2023-04-11 07:45:00,4.946
2023-04-11 08:00:00,4.946
2023-04-11 08:15:00,4.946
2023-04-11 08:30:00,4.937
2023-04-11 08:45:00,4.937
2023-04-11 09:00:00,4.946
2023-04-11 09:15:00,4.899
2023-04-11 09:30:00,4.908
2023-04-11 09:45:00,4.917
2023-04-11 10:00:00,4.908
2023-04-11 10:15:00,4.908
2023-04-11 10:30:00,4.917
2023-04-11 10:45:00,4.927
2023-04-11 11:00:00,4.917
2023-04-11 11:15:00,4.916
2023-04-11 11:30:00,4.944
2023-04-11 11:45:00,4.952
2023-04-11 12:00:00,4.942
2023-04-11 12:15:00,4.951
2023-04-11 12:30:00,4.951
2023-04-11 12:45:00,4.95
2023-04-11 13:00:00,5.053
2023-04-11 13:15:00,5.052
2023-04-11 13:30:00,5.051
2023-04-11 13:45:00,5.061
2023-04-11 14:00:00,5.061
2023-04-11 14:15:00,5.051
2023-04-11 14:30:00,5.07
2023-04-11 14:45:00,5.06
2023-04-11 15:00:00,5.07
2023-04-11 15:15:00,4.985
2023-04-11 15:30:00,4.995
2023-04-11 15:45:00,4.987
2023-04-11 16:00:00,4.987
2023-04-11 16:15:00,4.987
2023-04-11 16:30:00,4.987
2023-04-11 16:45:00,4.987
2023-04-11 17:00:00,4.988
2023-04-11 17:15:00,4.979
2023-04-11 17:30:00,4.998
2023-04-11 17:45:00,4.989
2023-04-11 18:00:00,5.008
2023-04-11 18:15:00,5
2023-04-11 18:30:00,5.001
2023-04-11 18:45:00,4.992
2023-04-11 19:00:00,4.992
2023-04-11 19:15:00,4.994
2023-04-11 19:30:00,4.994
2023-04-11 19:45:00,5.005
2023-04-11 20:00:00,4.986
2023-04-11 20:15:00,4.996
2023-04-11 20:30:00,4.996
2023-04-11 20:45:00,4.987
2023-04-11 21:00:00,4.997
2023-04-11 21:15:00,4.997
2023-04-11 21:30:00,4.997
2023-04-11 21:45:00,4.991
2023-04-11 22:00:00,5.003
2023-04-11 22:15:00,4.986
2023-04-11 22:30:00,5.005
2023-04-11 22:45:00,4.987
2023-04-11 23:00:00,4.997
2023-04-11 23:15:00,4.998
2023-04-11 23:30:00,4.989
2023-04-11 23:45:00,4.989
2023-04-12 00:00:00,4.99
2023-04-12 00:15:00,5
2023-04-12 00:30:00,5.001
2023-04-12 00:45:00,4.992
2023-04-12 01:00:00,4.991
2023-04-12 01:15:00,5.001
2023-04-12 01:30:00,5.012
2023-04-12 01:45:00,5.001
2023-04-12 02:00:00,4.993
2023-04-12 02:15:00,5.012
2023-04-12 02:30:00,5.013
2023-04-12 02:45:00,5.013
2023-04-12 03:00:00,4.994
2023-04-12 03:15:00,5.005
2023-04-12 03:30:00,5.012
2023-04-12 03:45:00,5.012
2023-04-12 04:00:00,5.014
2023-04-12 04:15:00,5.005
2023-04-12 04:30:00,5.023
2023-04-12 04:45:00,5.032
2023-04-12 05:00:00,5.021
2023-04-12 05:15:00,5.033
2023-04-12 05:30:00,5.031
2023-04-12 05:45:00,5.024
2023-04-12 06:00:00,4.984
2023-04-12 06:15:00,4.992
2023-04-12 06:30:00,5.009
2023-04-12 06:45:00,5.036
2023-04-12 07:00:00,5.049
2023-04-12 07:15:00,5.035
2023-04-12 07:30:00,5.049
2023-04-12 07:45:00,5.047
2023-04-12 08:00:00,5.055
2023-04-12 08:15:00,5.054
2023-04-12 08:30:00,5.061
2023-04-12 08:45:00,5.039
2023-04-12 09:00:00,5.047
2023-04-12 09:15:00,5.055
2023-04-12 09:30:00,5.045
2023-04-12 09:45:00,5.043
2023-04-12 10:00:00,5.045
2023-04-12 10:15:00,5.056
2023-04-12 10:30:00,5.065
2023-04-12 10:45:00,5.057
2023-04-12 11:00:00,5.048
2023-04-12 11:15:00,5.048
2023-04-12 11:30:00,5.04
2023-04-12 11:45:00,5.042
2023-04-12 12:00:00,5.053
2023-04-12 12:15:00,5.053
2023-04-12 12:30:00,5.036
2023-04-12 12:45:00,5.055
2023-04-12 13:00:00,5.066
2023-04-12 13:15:00,5.057
2023-04-12 13:30:00,5.057
2023-04-12 13:45:00,5.066
2023-04-12 14:00:00,5.066
2023-04-12 14:15:00,5.065
2023-04-12 14:30:00,5.075
2023-04-12 14:45:00,5.075
2023-04-12 15:00:00,5.065
2023-04-12 15:15:00,5.075
2023-04-12 15:30:00,5.075
2023-04-12 15:45:00,5.075
2023-04-12 16:00:00,5.066
2023-04-12 16:15:00,5.076
2023-04-12 16:30:00,5.076
2023-04-12 16:45:00,5.076
2023-04-12 17:00:00,5.077
2023-04-12 17:15:00,5.077
2023-04-12 17:30:00,5.086
2023-04-12 17:45:00,5.077
2023-04-12 18:00:00,5.077
2023-04-12 18:15:00,5.087
2023-04-12 18:30:00,5.078
2023-04-12 18:45:00,5.087
2023-04-12 19:00:00,5.078
2023-04-12 19:15:00,5.079
2023-04-12 19:30:00,5.07
2023-04-12 19:45:00,5.09
2023-04-12 20:00:00,5.081
2023-04-12 20:15:00,5.081
2023-04-12 20:30:00,5.082
2023-04-12 20:45:00,5.074
2023-04-12 21:00:00,5.085
2023-04-12 21:15:00,5.088
2023-04-12 21:30:00,5.09
2023-04-12 21:45:00,5.09
2023-04-12 22:00:00,5.11
2023-04-12 22:15:00,5.1
2023-04-12 22:30:00,5.108
2023-04-12 22:45:00,5.099
2023-04-12 23:00:00,5.109
2023-04-12 23:15:00,5.11
2023-04-12 23:30:00,5.11
2023-04-12 23:45:00,5.091
2023-04-13 00:00:00,5.091
2023-04-13 00:15:00,5.092
2023-04-13 00:30:00,5.102
2023-04-13 00:45:00,5.093
2023-04-13 01:00:00,5.084
2023-04-13 01:15:00,5.084
2023-04-13 01:30:00,5.103
2023-04-13 01:45:00,5.113
2023-04-13 02:00:00,5.105
2023-04-13 02:15:00,5.117
2023-04-13 02:30:00,5.128
2023-04-13 02:45:00,5.129
2023-04-13 03:00:00,5.119
2023-04-13 03:15:00,5.129
2023-04-13 03:30:00,5.111
2023-04-13 03:45:00,5.121
2023-04-13 04:00:00,5.11
2023-04-13 04:15:00,5.109
2023-04-13 04:30:00,5.126
2023-04-13 04:45:00,5.115
2023-04-13 05:00:00,5.115
2023-04-13 05:15:00,5.105
2023-04-13 05:30:00,5.106
2023-04-13 05:45:00,5.086
2023-04-13 06:00:00,5.095
2023-04-13 06:15:00,5.093
2023-04-13 06:30:00,5.099
2023-04-13 06:45:00,5.124
2023-04-13 07:00:00,5.121
2023-04-13 07:15:00,5.12
2023-04-13 07:30:00,5.13
2023-04-13 07:45:00,5.129
2023-04-13 08:00:00,5.128
2023-04-13 08:15:00,5.137
2023-04-13 08:30:00,5.146
2023-04-13 08:45:00,5.126
2023-04-13 09:00:00,5.143
2023-04-13 09:15:00,5.152
2023-04-13 09:30:00,5.15
2023-04-13 09:45:00,5.14
2023-04-13 10:00:00,5.158
2023-04-13 10:15:00,5.158
2023-04-13 10:30:00,5.148
2023-04-13 10:45:00,5.148
2023-04-13 11:00:00,5.158
2023-04-13 11:15:00,5.167
2023-04-13 11:30:00,5.158
2023-04-13 11:45:00,5.167
2023-04-13 12:00:00,5.167
2023-04-13 12:15:00,5.166
2023-04-13 12:30:00,5.166
2023-04-13 12:45:00,5.157
2023-04-13 13:00:00,5.157
2023-04-13 13:15:00,5.164
2023-04-13 13:30:00,5.166
2023-04-13 13:45:00,5.167
2023-04-13 14:00:00,5.177
2023-04-13 14:15:00,5.177
2023-04-13 14:30:00,5.178
2023-04-13 14:45:00,5.159
2023-04-13 15:00:00,5.168
2023-04-13 15:15:00,5.177
2023-04-13 15:30:00,5.166
2023-04-13 15:45:00,5.175
2023-04-13 16:00:00,5.175
2023-04-13 16:15:00,5.185
2023-04-13 16:30:00,5.185
2023-04-13 16:45:00,5.184
2023-04-13 17:00:00,5.185
2023-04-13 17:15:00,5.186
2023-04-13 17:30:00,5.177
2023-04-13 17:45:00,5.177
2023-04-13 18:00:00,5.196
2023-04-13 18:15:00,5.187
2023-04-13 18:30:00,5.179
2023-04-13 18:45:00,5.171
2023-04-13 19:00:00,5.172
2023-04-13 19:15:00,5.183
2023-04-13 19:30:00,5.174
2023-04-13 19:45:00,5.175
2023-04-13 20:00:00,5.176
2023-04-13 20:15:00,5.168
2023-04-13 20:30:00,5.168
2023-04-13 20:45:00,5.172
2023-04-13 21:00:00,5.174
2023-04-13 21:15:00,5.176
2023-04-13 21:30:00,5.186
2023-04-13 21:45:00,5.177
2023-04-13 22:00:00,5.186
2023-04-13 22:15:00,5.187
2023-04-13 22:30:00,5.196
2023-04-13 22:45:00,5.196
2023-04-13 23:00:00,5.187
2023-04-13 23:15:00,5.186
2023-04-13 23:30:00,5.196
2023-04-13 23:45:00,5.186
2023-04-14 00:00:00,5.196
2023-04-14 00:15:00,5.187
2023-04-14 00:30:00,5.196
2023-04-14 00:45:00,5.196
2023-04-14 01:00:00,5.205
2023-04-14 01:15:00,5.196
2023-04-14 01:30:00,5.205
2023-04-14 01:45:00,5.186
2023-04-14 02:00:00,5.196
2023-04-14 02:15:00,5.196
2023-04-14 02:30:00,5.196
2023-04-14 02:45:00,5.187
2023-04-14 03:00:00,5.187
2023-04-14 03:15:00,5.187
2023-04-14 03:30:00,5.197
2023-04-14 03:45:00,5.197
2023-04-14 04:00:00,5.197
2023-04-14 04:15:00,5.197
2023-04-14 04:30:00,5.207
2023-04-14 04:45:00,5.207
2023-04-14 05:00:00,5.189
2023-04-14 05:15:00,5.197
2023-04-14 05:30:00,5.207
2023-04-14 05:45:00,5.226
2023-04-14 06:00:00,5.197
2023-04-14 06:15:00,5.205
2023-04-14 06:30:00,5.211
2023-04-14 06:45:00,5.216
2023-04-14 07:00:00,5.232
2023-04-14 07:15:00,5.23
2023-04-14 07:30:00,5.237
2023-04-14 07:45:00,5.235
2023-04-14 08:00:00,5.233
2023-04-14 08:15:00,5.231
2023-04-14 08:30:00,5.239
2023-04-14 08:45:00,5.244
2023-04-14 09:00:00,5.243
2023-04-14 09:15:00,5.24
2023-04-14 09:30:00,5.229
2023-04-14 09:45:00,5.232
2023-04-14 10:00:00,5.245
2023-04-14 10:15:00,5.244
2023-04-14 10:30:00,5.244
2023-04-14 10:45:00,5.242
2023-04-14 11:00:00,5.248
2023-04-14 11:15:00,5.249
2023-04-14 11:30:00,5.249
2023-04-14 11:45:00,5.239
2023-04-14 12:00:00,5.249
2023-04-14 12:15:00,5.239
2023-04-14 12:30:00,5.258
2023-04-14 12:45:00,5.256
2023-04-14 13:00:00,5.244
2023-04-14 13:15:00,5.246
2023-04-14 13:30:00,5.257
2023-04-14 13:45:00,5.261
2023-04-14 14:00:00,5.262
2023-04-14 14:15:00,5.254
2023-04-14 14:30:00,5.245
2023-04-14 14:45:00,5.246
2023-04-14 15:00:00,5.263
2023-04-14 15:15:00,5.261
2023-04-14 15:30:00,5.261
2023-04-14 15:45:00,5.24
2023-04-14 16:00:00,5.262
2023-04-14 16:15:00,5.264
2023-04-14 16:30:00,5.256
2023-04-14 16:45:00,5.267
2023-04-14 17:00:00,5.268
2023-04-14 17:15:00,5.266
2023-04-14 17:30:00,5.266
2023-04-14 17:45:00,5.267
2023-04-14 18:00:00,5.268
2023-04-14 18:15:00,5.26
2023-04-14 18:30:00,5.252
2023-04-14 18:45:00,5.245
2023-04-14 19:00:00,5.246
2023-04-14 19:15:00,5.247
2023-04-14 19:30:00,5.24
2023-04-14 19:45:00,5.25
2023-04-14 20:00:00,5.252
2023-04-14 20:15:00,5.243
2023-04-14 20:30:00,5.245
2023-04-14 20:45:00,5.247
2023-04-14 21:00:00,5.259
2023-04-14 21:15:00,5.241
2023-04-14 21:30:00,5.242
2023-04-14 21:45:00,5.243
2023-04-14 22:00:00,5.243
2023-04-14 22:15:00,5.244
2023-04-14 22:30:00,5.253
2023-04-14 22:45:00,5.253
2023-04-14 23:00:00,5.262
2023-04-14 23:15:00,5.253
2023-04-14 23:30:00,5.234
2023-04-14 23:45:00,5.252
2023-04-15 00:00:00,5.253
2023-04-15 00:15:00,5.262
2023-04-15 00:30:00,5.262
2023-04-15 00:45:00,5.252
2023-04-15 01:00:00,5.262
2023-04-15 01:15:00,5.253
2023-04-15 01:30:00,5.262
2023-04-15 01:45:00,5.262
2023-04-15 02:00:00,5.262
2023-04-15 02:15:00,5.272
2023-04-15 02:30:00,5.271
2023-04-15 02:45:00,5.261
2023-04-15 03:00:00,5.279
2023-04-15 03:15:00,5.27
2023-04-15 03:30:00,5.261
2023-04-15 03:45:00,5.269
2023-04-15 04:00:00,5.277
2023-04-15 04:15:00,5.268
2023-04-15 04:30:00,5.277
2023-04-15 04:45:00,5.278
2023-04-15 05:00:00,5.276
2023-04-15 05:15:00,5.266
2023-04-15 05:30:00,5.285
2023-04-15 05:45:00,5.277
2023-04-15 06:00:00,5.257
2023-04-15 06:15:00,5.284
2023-04-15 06:30:00,5.282
2023-04-15 06:45:00,5.289
2023-04-15 07:00:00,5.287
2023-04-15 07:15:00,5.286
2023-04-15 07:30:00,5.294
2023-04-15 07:45:00,5.301
2023-04-15 08:00:00,5.282
2023-04-15 08:15:00,5.291
2023-04-15 08:30:00,5.299
2023-04-15 08:45:00,5.297
2023-04-15 09:00:00,5.307
2023-04-15 09:15:00,5.306
2023-04-15 09:30:00,5.315
2023-04-15 09:45:00,5.302
2023-04-15 10:00:00,5.297
2023-04-15 10:15:00,5.306
2023-04-15 10:30:00,5.303
2023-04-15 10:45:00,5.301
2023-04-15 11:00:00,5.312
2023-04-15 11:15:00,5.302
2023-04-15 11:30:00,5.309
2023-04-15 11:45:00,5.309
2023-04-15 12:00:00,5.31
2023-04-15 12:15:00,5.31
2023-04-15 12:30:00,5.321
2023-04-15 12:45:00,5.313
2023-04-15 13:00:00,5.321
2023-04-15 13:15:00,5.311
2023-04-15 13:30:00,5.318
2023-04-15 13:45:00,5.318
2023-04-15 14:00:00,5.31
2023-04-15 14:15:00,5.309
2023-04-15 14:30:00,5.32
2023-04-15 14:45:00,5.311
2023-04-15 15:00:00,5.33
2023-04-15 15:15:00,5.323
2023-04-15 15:30:00,5.314
2023-04-15 15:45:00,5.333
2023-04-15 16:00:00,5.315
2023-04-15 16:15:00,5.316
2023-04-15 16:30:00,5.327
2023-04-15 16:45:00,5.319
2023-04-15 17:00:00,5.33
2023-04-15 17:15:00,5.319
2023-04-15 17:30:00,5.32
2023-04-15 17:45:00,5.33
2023-04-15 18:00:00,5.322
2023-04-15 18:15:00,5.314
2023-04-15 18:30:00,5.324
2023-04-15 18:45:00,5.316
2023-04-15 19:00:00,5.317
2023-04-15 19:15:00,5.327
2023-04-15 19:30:00,5.318
2023-04-15 19:45:00,5.318
2023-04-15 20:00:00,5.319
2023-04-15 20:15:00,5.309
2023-04-15 20:30:00,5.319
2023-04-15 20:45:00,5.31
2023-04-15 21:00:00,5.32
2023-04-15 21:15:00,5.311
2023-04-15 21:30:00,5.302
2023-04-15 21:45:00,5.303
2023-04-15 22:00:00,5.295
2023-04-15 22:15:00,5.315
2023-04-15 22:30:00,5.296
2023-04-15 22:45:00,5.298
2023-04-15 23:00:00,5.289
2023-04-15 23:15:00,5.301
2023-04-15 23:30:00,5.291
2023-04-15 23:45:00,5.297
2023-04-16 00:00:00,5.297
2023-04-16 00:15:00,5.298
2023-04-16 00:30:00,5.298
2023-04-16 00:45:00,5.325
2023-04-16 01:00:00,5.315
2023-04-16 01:15:00,5.32
2023-04-16 01:30:00,5.318
2023-04-16 01:45:00,5.317
2023-04-16 02:00:00,5.307
2023-04-16 02:15:00,5.317
2023-04-16 02:30:00,5.317
2023-04-16 02:45:00,5.317
2023-04-16 03:00:00,5.326
2023-04-16 03:15:00,5.316
2023-04-16 03:30:00,5.316
2023-04-16 03:45:00,5.325
2023-04-16 04:00:00,5.325
2023-04-16 04:15:00,5.325
2023-04-16 04:30:00,5.325
2023-04-16 04:45:00,5.324
2023-04-16 05:00:00,5.324
2023-04-16 05:15:00,5.314
2023-04-16 05:30:00,5.333
2023-04-16 05:45:00,5.324
2023-04-16 06:00:00,5.333
2023-04-16 06:15:00,5.333
2023-04-16 06:30:00,5.342
2023-04-16 06:45:00,5.341
2023-04-16 07:00:00,5.331
2023-04-16 07:15:00,5.339
2023-04-16 07:30:00,5.338
2023-04-16 07:45:00,5.345
2023-04-16 08:00:00,5.335
2023-04-16 08:15:00,5.345
2023-04-16 08:30:00,5.353
2023-04-16 08:45:00,5.354
2023-04-16 09:00:00,5.344
2023-04-16 09:15:00,5.353
2023-04-16 09:30:00,5.352
2023-04-16 09:45:00,5.36
2023-04-16 10:00:00,5.365
2023-04-16 10:15:00,5.354
2023-04-16 10:30:00,5.372
2023-04-16 10:45:00,5.361
2023-04-16 11:00:00,5.368
2023-04-16 11:15:00,5.366
2023-04-16 11:30:00,5.364
2023-04-16 11:45:00,5.373
2023-04-16 12:00:00,5.382
2023-04-16 12:15:00,5.371
2023-04-16 12:30:00,5.372
2023-04-16 12:45:00,5.372
2023-04-16 13:00:00,5.363
2023-04-16 13:15:00,5.373
2023-04-16 13:30:00,5.373
2023-04-16 13:45:00,5.373
2023-04-16 14:00:00,5.364
2023-04-16 14:15:00,5.365
2023-04-16 14:30:00,5.379
2023-04-16 14:45:00,5.374
2023-04-16 15:00:00,5.367
2023-04-16 15:15:00,5.369
2023-04-16 15:30:00,5.361
2023-04-16 15:45:00,5.363
2023-04-16 16:00:00,5.374
2023-04-16 16:15:00,5.385
2023-04-16 16:30:00,5.405
2023-04-16 16:45:00,5.387
2023-04-16 17:00:00,5.397
2023-04-16 17:15:00,5.379
2023-04-16 17:30:00,5.38
2023-04-16 17:45:00,5.399
2023-04-16 18:00:00,5.38
2023-04-16 18:15:00,5.38
2023-04-16 18:30:00,5.39
2023-04-16 18:45:00,5.371
2023-04-16 19:00:00,5.362
2023-04-16 19:15:00,5.381
2023-04-16 19:30:00,5.372
2023-04-16 19:45:00,5.363
2023-04-16 20:00:00,5.373
2023-04-16 20:15:00,5.374
2023-04-16 20:30:00,5.374
2023-04-16 20:45:00,5.375
2023-04-16 21:00:00,5.365
2023-04-16 21:15:00,5.383
2023-04-16 21:30:00,5.393
2023-04-16 21:45:00,5.374
2023-04-16 22:00:00,5.374
2023-04-16 22:15:00,5.364
2023-04-16 22:30:00,5.374
2023-04-16 22:45:00,5.383
2023-04-16 23:00:00,5.383
2023-04-16 23:15:00,5.373
2023-04-16 23:30:00,5.382
2023-04-16 23:45:00,5.382
2023-04-17 00:00:00,5.382
2023-04-17 00:15:00,5.382
2023-04-17 00:30:00,5.382
2023-04-17 00:45:00,5.373
2023-04-17 01:00:00,5.392
2023-04-17 01:15:00,5.383
2023-04-17 01:30:00,5.383
2023-04-17 01:45:00,5.374
2023-04-17 02:00:00,5.383
2023-04-17 02:15:00,5.392
2023-04-17 02:30:00,5.384
2023-04-17 02:45:00,5.374
2023-04-17 03:00:00,5.383
2023-04-17 03:15:00,5.374
2023-04-17 03:30:00,5.374
2023-04-17 03:45:00,5.375
2023-04-17 04:00:00,5.384
2023-04-17 04:15:00,5.384
2023-04-17 04:30:00,5.365
2023-04-17 04:45:00,5.375
2023-04-17 05:00:00,5.375
2023-04-17 05:15:00,5.385
2023-04-17 05:30:00,5.376
2023-04-17 05:45:00,5.386
2023-04-17 06:00:00,5.378
2023-04-17 06:15:00,5.377
2023-04-17 06:30:00,5.376
2023-04-17 06:45:00,5.377
2023-04-17 07:00:00,5.366
2023-04-17 07:15:00,5.375
2023-04-17 07:30:00,5.394
2023-04-17 07:45:00,5.384
2023-04-17 08:00:00,5.393
2023-04-17 08:15:00,5.392
2023-04-17 08:30:00,5.41
2023-04-17 08:45:00,5.409
2023-04-17 09:00:00,5.399
2023-04-17 09:15:00,5.398
2023-04-17 09:30:00,5.415
2023-04-17 09:45:00,5.414
2023-04-17 10:00:00,5.41
2023-04-17 10:15:00,5.418
2023-04-17 10:30:00,5.406
2023-04-17 10:45:00,5.424
2023-04-17 11:00:00,5.424
2023-04-17 11:15:00,5.603
2023-04-17 11:30:00,5.624
2023-04-17 11:45:00,5.54
2023-04-17 12:00:00,5.521
2023-04-17 12:15:00,5.52
2023-04-17 12:30:00,5.493
2023-04-17 12:45:00,5.484
2023-04-17 13:00:00,5.494
2023-04-17 13:15:00,5.495
2023-04-17 13:30:00,5.504
2023-04-17 13:45:00,5.467
2023-04-17 14:00:00,5.477
2023-04-17 14:15:00,5.497
2023-04-17 14:30:00,5.489
2023-04-17 14:45:00,5.489
2023-04-17 15:00:00,5.499
2023-04-17 15:15:00,5.489
2023-04-17 15:30:00,5.49
2023-04-17 15:45:00,5.509
2023-04-17 16:00:00,5.518
2023-04-17 16:15:00,5.499
2023-04-17 16:30:00,5.517
2023-04-17 16:45:00,5.498
2023-04-17 17:00:00,5.516
2023-04-17 17:15:00,5.497
2023-04-17 17:30:00,5.487
2023-04-17 17:45:00,5.498
2023-04-17 18:00:00,5.49
2023-04-17 18:15:00,5.491
2023-04-17 18:30:00,5.492
2023-04-17 18:45:00,5.474
2023-04-17 19:00:00,5.494
2023-04-17 19:15:00,5.494
2023-04-17 19:30:00,5.466
2023-04-17 19:45:00,5.495
2023-04-17 20:00:00,5.467
2023-04-17 20:15:00,5.486
2023-04-17 20:30:00,5.477
2023-04-17 20:45:00,5.505
2023-04-17 21:00:00,5.476
2023-04-17 21:15:00,5.495
2023-04-17 21:30:00,5.496
2023-04-17 21:45:00,5.477
2023-04-17 22:00:00,5.476
2023-04-17 22:15:00,5.486
2023-04-17 22:30:00,5.487
2023-04-17 22:45:00,5.486
2023-04-17 23:00:00,5.477
2023-04-17 23:15:00,5.496
2023-04-17 23:30:00,5.477
2023-04-17 23:45:00,5.477
2023-04-18 00:00:00,5.487
2023-04-18 00:15:00,5.497
2023-04-18 00:30:00,5.487
2023-04-18 00:45:00,5.506
2023-04-18 01:00:00,5.506
2023-04-18 01:15:00,5.488
2023-04-18 01:30:00,5.488
2023-04-18 01:45:00,5.516
2023-04-18 02:00:00,5.497
2023-04-18 02:15:00,5.507
2023-04-18 02:30:00,5.507
2023-04-18 02:45:00,5.499
2023-04-18 03:00:00,5.491
2023-04-18 03:15:00,5.481
2023-04-18 03:30:00,5.511
2023-04-18 03:45:00,5.491
2023-04-18 04:00:00,5.51
2023-04-18 04:15:00,5.51
2023-04-18 04:30:00,5.5
2023-04-18 04:45:00,5.5
2023-04-18 05:00:00,5.52
2023-04-18 05:15:00,5.501
2023-04-18 05:30:00,5.511
2023-04-18 05:45:00,5.5
2023-04-18 06:00:00,5.491
2023-04-18 06:15:00,5.502
2023-04-18 06:30:00,5.513
2023-04-18 06:45:00,5.494
2023-04-18 07:00:00,5.502
2023-04-18 07:15:00,5.501
2023-04-18 07:30:00,5.492
2023-04-18 07:45:00,5.511
2023-04-18 08:00:00,5.5
2023-04-18 08:15:00,5.508
2023-04-18 08:30:00,5.507
2023-04-18 08:45:00,5.497
2023-04-18 09:00:00,5.515
2023-04-18 09:15:00,5.495
2023-04-18 09:30:00,5.504
2023-04-18 09:45:00,5.485
2023-04-18 10:00:00,5.484
2023-04-18 10:15:00,5.502
2023-04-18 10:30:00,5.502
2023-04-18 10:45:00,5.492
2023-04-18 11:00:00,5.483
2023-04-18 11:15:00,5.482
2023-04-18 11:30:00,5.472
2023-04-18 11:45:00,5.491
2023-04-18 12:00:00,5.491
2023-04-18 12:15:00,5.49
2023-04-18 12:30:00,5.49
2023-04-18 12:45:00,5.481
2023-04-18 13:00:00,5.481
2023-04-18 13:15:00,5.499
2023-04-18 13:30:00,5.49
2023-04-18 13:45:00,5.489
2023-04-18 14:00:00,5.48
2023-04-18 14:15:00,5.488
2023-04-18 14:30:00,5.488
2023-04-18 14:45:00,5.497
2023-04-18 15:00:00,5.497
2023-04-18 15:15:00,5.478
2023-04-18 15:30:00,5.488
2023-04-18 15:45:00,5.497
2023-04-18 16:00:00,5.48
2023-04-18 16:15:00,5.491
2023-04-18 16:30:00,5.492
2023-04-18 16:45:00,5.483
2023-04-18 17:00:00,5.502
2023-04-18 17:15:00,5.492
2023-04-18 17:30:00,5.493
2023-04-18 17:45:00,5.502
2023-04-18 18:00:00,5.502
2023-04-18 18:15:00,5.482
2023-04-18 18:30:00,5.473
2023-04-18 18:45:00,5.483
2023-04-18 19:00:00,5.456
2023-04-18 19:15:00,5.458
2023-04-18 19:30:00,5.459
2023-04-18 19:45:00,5.472
2023-04-18 20:00:00,5.467
2023-04-18 20:15:00,5.459
2023-04-18 20:30:00,5.469
2023-04-18 20:45:00,5.471
2023-04-18 21:00:00,5.461
2023-04-18 21:15:00,5.462
2023-04-18 21:30:00,5.462
2023-04-18 21:45:00,5.462
2023-04-18 22:00:00,5.453
2023-04-18 22:15:00,5.462
2023-04-18 22:30:00,5.462
2023-04-18 22:45:00,5.453
2023-04-18 23:00:00,5.472
2023-04-18 23:15:00,5.444
2023-04-18 23:30:00,5.453
2023-04-18 23:45:00,5.463
2023-04-19 00:00:00,5.465
2023-04-19 00:15:00,5.464
2023-04-19 00:30:00,5.454
2023-04-19 00:45:00,5.54
2023-04-19 01:00:00,5.549
2023-04-19 01:15:00,5.569
2023-04-19 01:30:00,5.572
2023-04-19 01:45:00,5.563
2023-04-19 02:00:00,5.563
2023-04-19 02:15:00,5.554
2023-04-19 02:30:00,5.545
2023-04-19 02:45:00,5.545
2023-04-19 03:00:00,5.553
2023-04-19 03:15:00,5.55
2023-04-19 03:30:00,5.559
2023-04-19 03:45:00,5.559
2023-04-19 04:00:00,5.559
2023-04-19 04:15:00,5.571
2023-04-19 04:30:00,5.569
2023-04-19 04:45:00,5.55
2023-04-19 05:00:00,5.559
2023-04-19 05:15:00,5.568
2023-04-19 05:30:00,5.52
2023-04-19 05:45:00,5.501
2023-04-19 06:00:00,5.462
2023-04-19 06:15:00,5.48
2023-04-19 06:30:00,5.478
2023-04-19 06:45:00,5.491
2023-04-19 07:00:00,5.497
2023-04-19 07:15:00,5.495
2023-04-19 07:30:00,5.492
2023-04-19 07:45:00,5.49
2023-04-19 08:00:00,5.489
2023-04-19 08:15:00,5.488
2023-04-19 08:30:00,5.504
2023-04-19 08:45:00,5.511
2023-04-19 09:00:00,5.492
2023-04-19 09:15:00,5.51
2023-04-19 09:30:00,5.516
2023-04-19 09:45:00,5.525
2023-04-19 10:00:00,5.522
2023-04-19 10:15:00,5.482
2023-04-19 10:30:00,5.481
2023-04-19 10:45:00,5.5
2023-04-19 11:00:00,5.489
2023-04-19 11:15:00,5.483
2023-04-19 11:30:00,5.491
2023-04-19 11:45:00,5.483
2023-04-19 12:00:00,5.494
2023-04-19 12:15:00,5.497
2023-04-19 12:30:00,5.489
2023-04-19 12:45:00,5.501
2023-04-19 13:00:00,5.491
2023-04-19 13:15:00,5.49
2023-04-19 13:30:00,5.49
2023-04-19 13:45:00,5.49
2023-04-19 14:00:00,5.493
2023-04-19 14:15:00,5.476
2023-04-19 14:30:00,5.487
2023-04-19 14:45:00,5.487
2023-04-19 15:00:00,5.487
2023-04-19 15:15:00,5.494
2023-04-19 15:30:00,5.486
2023-04-19 15:45:00,5.476
2023-04-19 16:00:00,5.496
2023-04-19 16:15:00,5.488
2023-04-19 16:30:00,5.479
2023-04-19 16:45:00,5.479
2023-04-19 17:00:00,5.498
2023-04-19 17:15:00,5.489
2023-04-19 17:30:00,5.489
2023-04-19 17:45:00,5.489
2023-04-19 18:00:00,5.49
2023-04-19 18:15:00,5.49
2023-04-19 18:30:00,5.491
2023-04-19 18:45:00,5.472
2023-04-19 19:00:00,5.474
2023-04-19 19:15:00,5.484
2023-04-19 19:30:00,5.495
2023-04-19 19:45:00,5.487
2023-04-19 20:00:00,5.49
2023-04-19 20:15:00,5.474
2023-04-19 20:30:00,5.486
2023-04-19 20:45:00,5.469
2023-04-19 21:00:00,5.47
2023-04-19 21:15:00,5.461
2023-04-19 21:30:00,5.472
2023-04-19 21:45:00,5.472
2023-04-19 22:00:00,5.472
2023-04-19 22:15:00,5.472
2023-04-19 22:30:00,5.472
2023-04-19 22:45:00,5.481
2023-04-19 23:00:00,5.49
2023-04-19 23:15:00,5.49
2023-04-19 23:30:00,5.48
2023-04-19 23:45:00,5.48
2023-04-20 00:00:00,5.489
2023-04-20 00:15:00,5.471
2023-04-20 00:30:00,5.471
2023-04-20 00:45:00,5.471
2023-04-20 01:00:00,5.576
2023-04-20 01:15:00,5.567
2023-04-20 01:30:00,5.569
2023-04-20 01:45:00,5.579
2023-04-20 02:00:00,5.599
2023-04-20 02:15:00,5.59
2023-04-20 02:30:00,5.589
2023-04-20 02:45:00,5.583
2023-04-20 03:00:00,5.593
2023-04-20 03:15:00,5.592
2023-04-20 03:30:00,5.594
2023-04-20 03:45:00,5.585
2023-04-20 04:00:00,5.595
2023-04-20 04:15:00,5.595
2023-04-20 04:30:00,5.585
2023-04-20 04:45:00,5.586
2023-04-20 05:00:00,5.595
2023-04-20 05:15:00,5.605
2023-04-20 05:30:00,5.586
2023-04-20 05:45:00,5.557
2023-04-20 06:00:00,5.519
2023-04-20 06:15:00,5.494
2023-04-20 06:30:00,5.5
2023-04-20 06:45:00,5.503
2023-04-20 07:00:00,5.498
2023-04-20 07:15:00,5.515
2023-04-20 07:30:00,5.494
2023-04-20 07:45:00,5.502
2023-04-20 08:00:00,5.51
2023-04-20 08:15:00,5.527
2023-04-20 08:30:00,5.534
2023-04-20 08:45:00,5.519
2023-04-20 09:00:00,5.551
2023-04-20 09:15:00,5.561
2023-04-20 09:30:00,5.532
2023-04-20 09:45:00,5.542
2023-04-20 10:00:00,5.533
2023-04-20 10:15:00,5.532
2023-04-20 10:30:00,5.537
2023-04-20 10:45:00,5.557
2023-04-20 11:00:00,5.546
2023-04-20 11:15:00,5.548
2023-04-20 11:30:00,5.554
2023-04-20 11:45:00,5.539
2023-04-20 12:00:00,5.558
2023-04-20 12:15:00,5.552
2023-04-20 12:30:00,5.536
2023-04-20 12:45:00,5.537
2023-04-20 13:00:00,5.536
2023-04-20 13:15:00,5.546
2023-04-20 13:30:00,5.555
2023-04-20 13:45:00,5.556
2023-04-20 14:00:00,5.537
2023-04-20 14:15:00,5.546
2023-04-20 14:30:00,5.549
2023-04-20 14:45:00,5.549
2023-04-20 15:00:00,5.549
2023-04-20 15:15:00,5.549
2023-04-20 15:30:00,5.547
2023-04-20 15:45:00,5.55
2023-04-20 16:00:00,5.539
2023-04-20 16:15:00,5.541
2023-04-20 16:30:00,5.534
2023-04-20 16:45:00,5.535
2023-04-20 17:00:00,5.545
2023-04-20 17:15:00,5.545
2023-04-20 17:30:00,5.536
2023-04-20 17:45:00,5.518
2023-04-20 18:00:00,5.528
2023-04-20 18:15:00,5.548
2023-04-20 18:30:00,5.52
2023-04-20 18:45:00,5.53
2023-04-20 19:00:00,5.53
2023-04-20 19:15:00,5.531
2023-04-20 19:30:00,5.512
2023-04-20 19:45:00,5.522
2023-04-20 20:00:00,5.531
2023-04-20 20:15:00,5.522
2023-04-20 20:30:00,5.522
2023-04-20 20:45:00,5.522
2023-04-20 21:00:00,5.522
2023-04-20 21:15:00,5.513
2023-04-20 21:30:00,5.523
2023-04-20 21:45:00,5.514
2023-04-20 22:00:00,5.524
2023-04-20 22:15:00,5.524
2023-04-20 22:30:00,5.524
2023-04-20 22:45:00,5.515
2023-04-20 23:00:00,5.515
2023-04-20 23:15:00,5.524
2023-04-20 23:30:00,5.515
2023-04-20 23:45:00,5.535
2023-04-21 00:00:00,5.507
2023-04-21 00:15:00,5.506
2023-04-21 00:30:00,5.525
2023-04-21 00:45:00,5.516
2023-04-21 01:00:00,5.526
2023-04-21 01:15:00,5.517
2023-04-21 01:30:00,5.507
2023-04-21 01:45:00,5.507
2023-04-21 02:00:00,5.509
2023-04-21 02:15:00,5.5
2023-04-21 02:30:00,5.509
2023-04-21 02:45:00,5.52
2023-04-21 03:00:00,5.518
2023-04-21 03:15:00,5.519
2023-04-21 03:30:00,5.52
2023-04-21 03:45:00,5.512
2023-04-21 04:00:00,5.529
2023-04-21 04:15:00,5.531
2023-04-21 04:30:00,5.519
2023-04-21 04:45:00,5.518
2023-04-21 05:00:00,5.527
2023-04-21 05:15:00,5.516
2023-04-21 05:30:00,5.516
2023-04-21 05:45:00,5.526
2023-04-21 06:00:00,5.525
2023-04-21 06:15:00,5.525
2023-04-21 06:30:00,5.544
2023-04-21 06:45:00,5.544
2023-04-21 07:00:00,5.544
2023-04-21 07:15:00,5.553
2023-04-21 07:30:00,5.534
2023-04-21 07:45:00,5.543
2023-04-21 08:00:00,5.553
2023-04-21 08:15:00,5.543
2023-04-21 08:30:00,5.522
2023-04-21 08:45:00,5.54
2023-04-21 09:00:00,5.539
2023-04-21 09:15:00,5.557
2023-04-21 09:30:00,5.548
2023-04-21 09:45:00,5.547
2023-04-21 10:00:00,5.556
2023-04-21 10:15:00,5.537
2023-04-21 10:30:00,5.538
2023-04-21 10:45:00,5.538
2023-04-21 11:00:00,5.548
2023-04-21 11:15:00,5.548
2023-04-21 11:30:00,5.538
2023-04-21 11:45:00,5.547
2023-04-21 12:00:00,5.547
2023-04-21 12:15:00,5.537
2023-04-21 12:30:00,5.537
2023-04-21 12:45:00,5.556
2023-04-21 13:00:00,5.545
2023-04-21 13:15:00,5.545
2023-04-21 13:30:00,5.544
2023-04-21 13:45:00,5.534
2023-04-21 14:00:00,5.544
2023-04-21 14:15:00,5.544
2023-04-21 14:30:00,5.535
2023-04-21 14:45:00,5.533
2023-04-21 15:00:00,5.553
2023-04-21 15:15:00,5.544
2023-04-21 15:30:00,5.544
2023-04-21 15:45:00,5.544
2023-04-21 16:00:00,5.535
2023-04-21 16:15:00,5.534
2023-04-21 16:30:00,5.545
2023-04-21 16:45:00,5.546
2023-04-21 17:00:00,5.536
2023-04-21 17:15:00,5.547
2023-04-21 17:30:00,5.538
2023-04-21 17:45:00,5.548
2023-04-21 18:00:00,5.539
2023-04-21 18:15:00,5.54
2023-04-21 18:30:00,5.54
2023-04-21 18:45:00,5.531
2023-04-21 19:00:00,5.532
2023-04-21 19:15:00,5.532
2023-04-21 19:30:00,5.533
2023-04-21 19:45:00,5.533
2023-04-21 20:00:00,5.534
2023-04-21 20:15:00,5.534
2023-04-21 20:30:00,5.525
2023-04-21 20:45:00,5.525
2023-04-21 21:00:00,5.535
2023-04-21 21:15:00,5.536
2023-04-21 21:30:00,5.535
2023-04-21 21:45:00,5.535
2023-04-21 22:00:00,5.537
2023-04-21 22:15:00,5.527
2023-04-21 22:30:00,5.526
2023-04-21 22:45:00,5.536
2023-04-21 23:00:00,5.528
2023-04-21 23:15:00,5.536
2023-04-21 23:30:00,5.527
2023-04-21 23:45:00,5.529
2023-04-22 00:00:00,5.538
2023-04-22 00:15:00,5.519
2023-04-22 00:30:00,5.528
2023-04-22 00:45:00,5.529
2023-04-22 01:00:00,5.53
2023-04-22 01:15:00,5.541
2023-04-22 01:30:00,5.53
2023-04-22 01:45:00,5.523
2023-04-22 02:00:00,5.531
2023-04-22 02:15:00,5.533
2023-04-22 02:30:00,5.533
2023-04-22 02:45:00,5.533
2023-04-22 03:00:00,5.531
2023-04-22 03:15:00,5.532
2023-04-22 03:30:00,5.552
2023-04-22 03:45:00,5.533
2023-04-22 04:00:00,5.514
2023-04-22 04:15:00,5.534
2023-04-22 04:30:00,5.524
2023-04-22 04:45:00,5.534
2023-04-22 05:00:00,5.544
2023-04-22 05:15:00,5.535
2023-04-22 05:30:00,5.535
2023-04-22 05:45:00,5.534
2023-04-22 06:00:00,5.551
2023-04-22 06:15:00,5.558
2023-04-22 06:30:00,5.536
2023-04-22 06:45:00,5.544
2023-04-22 07:00:00,5.571
2023-04-22 07:15:00,5.559
2023-04-22 07:30:00,5.557
2023-04-22 07:45:00,5.556
2023-04-22 08:00:00,5.562
2023-04-22 08:15:00,5.569
2023-04-22 08:30:00,5.567
2023-04-22 08:45:00,5.586
2023-04-22 09:00:00,5.583
2023-04-22 09:15:00,5.588
2023-04-22 09:30:00,5.577
2023-04-22 09:45:00,5.577
2023-04-22 10:00:00,5.587
2023-04-22 10:15:00,5.586
2023-04-22 10:30:00,5.582
2023-04-22 10:45:00,5.582
2023-04-22 11:00:00,5.582
2023-04-22 11:15:00,5.591
2023-04-22 11:30:00,5.573
2023-04-22 11:45:00,5.582
2023-04-22 12:00:00,5.582
2023-04-22 12:15:00,5.582
2023-04-22 12:30:00,5.582
2023-04-22 12:45:00,5.575
2023-04-22 13:00:00,5.574
2023-04-22 13:15:00,5.579
2023-04-22 13:30:00,5.59
2023-04-22 13:45:00,5.587
2023-04-22 14:00:00,5.575
2023-04-22 14:15:00,5.586
2023-04-22 14:30:00,5.583
2023-04-22 14:45:00,5.581
2023-04-22 15:00:00,5.563
2023-04-22 15:15:00,5.574
2023-04-22 15:30:00,5.574
2023-04-22 15:45:00,5.564
2023-04-22 16:00:00,5.595
2023-04-22 16:15:00,5.603
2023-04-22 16:30:00,5.583
2023-04-22 16:45:00,5.595
2023-04-22 17:00:00,5.576
2023-04-22 17:15:00,5.577
2023-04-22 17:30:00,5.577
2023-04-22 17:45:00,5.599
2023-04-22 18:00:00,5.574
2023-04-22 18:15:00,5.586
2023-04-22 18:30:00,5.569
2023-04-22 18:45:00,5.57
2023-04-22 19:00:00,5.571
2023-04-22 19:15:00,5.565
2023-04-22 19:30:00,5.576
2023-04-22 19:45:00,5.559
2023-04-22 20:00:00,5.56
2023-04-22 20:15:00,5.561
2023-04-22 20:30:00,5.571
2023-04-22 20:45:00,5.552
2023-04-22 21:00:00,5.562
2023-04-22 21:15:00,5.553
2023-04-22 21:30:00,5.563
2023-04-22 21:45:00,5.563
2023-04-22 22:00:00,5.554
2023-04-22 22:15:00,5.563
2023-04-22 22:30:00,5.572
2023-04-22 22:45:00,5.554
2023-04-22 23:00:00,5.553
2023-04-22 23:15:00,5.553
2023-04-22 23:30:00,5.562
2023-04-22 23:45:00,5.572
2023-04-23 00:00:00,5.562
2023-04-23 00:15:00,5.562
2023-04-23 00:30:00,5.572
2023-04-23 00:45:00,5.553
2023-04-23 01:00:00,5.572
2023-04-23 01:15:00,5.563
2023-04-23 01:30:00,5.562
2023-04-23 01:45:00,5.562
2023-04-23 02:00:00,5.572
2023-04-23 02:15:00,5.562
2023-04-23 02:30:00,5.553
2023-04-23 02:45:00,5.562
2023-04-23 03:00:00,5.562
2023-04-23 03:15:00,5.562
2023-04-23 03:30:00,5.562
2023-04-23 03:45:00,5.562
2023-04-23 04:00:00,5.572
2023-04-23 04:15:00,5.562
2023-04-23 04:30:00,5.572
2023-04-23 04:45:00,5.553
2023-04-23 05:00:00,5.562
2023-04-23 05:15:00,5.572
2023-04-23 05:30:00,5.562
2023-04-23 05:45:00,5.553
2023-04-23 06:00:00,5.571
2023-04-23 06:15:00,5.57
2023-04-23 06:30:00,5.578
2023-04-23 06:45:00,5.585
2023-04-23 07:00:00,5.575
2023-04-23 07:15:00,5.584
2023-04-23 07:30:00,5.584
2023-04-23 07:45:00,5.584
2023-04-23 08:00:00,5.583
2023-04-23 08:15:00,5.593
2023-04-23 08:30:00,5.583
2023-04-23 08:45:00,5.59
2023-04-23 09:00:00,5.589
2023-04-23 09:15:00,5.588
2023-04-23 09:30:00,5.587
2023-04-23 09:45:00,5.596
2023-04-23 10:00:00,5.584
2023-04-23 10:15:00,5.591
2023-04-23 10:30:00,5.583
2023-04-23 10:45:00,5.584
2023-04-23 11:00:00,5.591
2023-04-23 11:15:00,5.589
2023-04-23 11:30:00,5.587
2023-04-23 11:45:00,5.577
2023-04-23 12:00:00,5.567
2023-04-23 12:15:00,5.568
2023-04-23 12:30:00,5.573
2023-04-23 12:45:00,5.566
2023-04-23 13:00:00,5.569
2023-04-23 13:15:00,5.58
2023-04-23 13:30:00,5.57
2023-04-23 13:45:00,5.58
2023-04-23 14:00:00,5.59
2023-04-23 14:15:00,5.59
2023-04-23 14:30:00,5.589
2023-04-23 14:45:00,5.589
2023-04-23 15:00:00,5.578
2023-04-23 15:15:00,5.587
2023-04-23 15:30:00,5.568
2023-04-23 15:45:00,5.589
2023-04-23 16:00:00,5.578
2023-04-23 16:15:00,5.579
2023-04-23 16:30:00,5.579
2023-04-23 16:45:00,5.589
2023-04-23 17:00:00,5.571
2023-04-23 17:15:00,5.581
2023-04-23 17:30:00,5.591
2023-04-23 17:45:00,5.582
2023-04-23 18:00:00,5.581
2023-04-23 18:15:00,5.582
2023-04-23 18:30:00,5.581
2023-04-23 18:45:00,5.579
2023-04-23 19:00:00,5.591
2023-04-23 19:15:00,5.592
2023-04-23 19:30:00,5.584
2023-04-23 19:45:00,5.595
2023-04-23 20:00:00,5.576
2023-04-23 20:15:00,5.586
2023-04-23 20:30:00,5.586
2023-04-23 20:45:00,5.586
2023-04-23 21:00:00,5.577
2023-04-23 21:15:00,5.586
2023-04-23 21:30:00,5.605
2023-04-23 21:45:00,5.577
2023-04-23 22:00:00,5.595
2023-04-23 22:15:00,5.595
2023-04-23 22:30:00,5.595
2023-04-23 22:45:00,5.585
2023-04-23 23:00:00,5.585
2023-04-23 23:15:00,5.586
2023-04-23 23:30:00,5.585
2023-04-23 23:45:00,5.595
2023-04-24 00:00:00,5.586
2023-04-24 00:15:00,5.596
2023-04-24 00:30:00,5.587
2023-04-24 00:45:00,5.587
2023-04-24 01:00:00,5.588
2023-04-24 01:15:00,5.579
2023-04-24 01:30:00,5.598
2023-04-24 01:45:00,5.598
2023-04-24 02:00:00,5.588
2023-04-24 02:15:00,5.598
2023-04-24 02:30:00,5.589
2023-04-24 02:45:00,5.589
2023-04-24 03:00:00,5.598
2023-04-24 03:15:00,5.589
2023-04-24 03:30:00,5.598
2023-04-24 03:45:00,5.589
2023-04-24 04:00:00,5.589
2023-04-24 04:15:00,5.599
2023-04-24 04:30:00,5.58
2023-04-24 04:45:00,5.589
2023-04-24 05:00:00,5.59
2023-04-24 05:15:00,5.59
2023-04-24 05:30:00,5.59
2023-04-24 05:45:00,5.59
2023-04-24 06:00:00,5.599
2023-04-24 06:15:00,5.599
2023-04-24 06:30:00,5.58
2023-04-24 06:45:00,5.598
2023-04-24 07:00:00,5.588
2023-04-24 07:15:00,5.587
2023-04-24 07:30:00,5.595
2023-04-24 07:45:00,5.594
2023-04-24 08:00:00,5.576
2023-04-24 08:15:00,5.605
2023-04-24 08:30:00,5.595
2023-04-24 08:45:00,5.595
2023-04-24 09:00:00,5.596
2023-04-24 09:15:00,5.606
2023-04-24 09:30:00,5.606
2023-04-24 09:45:00,5.596
2023-04-24 10:00:00,5.596
2023-04-24 10:15:00,5.586
2023-04-24 10:30:00,5.604
2023-04-24 10:45:00,5.604
2023-04-24 11:00:00,5.594
2023-04-24 11:15:00,5.603
2023-04-24 11:30:00,5.594
2023-04-24 11:45:00,5.602
2023-04-24 12:00:00,5.602
2023-04-24 12:15:00,5.593
2023-04-24 12:30:00,5.602
2023-04-24 12:45:00,5.611
2023-04-24 13:00:00,5.61
2023-04-24 13:15:00,5.618
2023-04-24 13:30:00,5.598
2023-04-24 13:45:00,5.597
2023-04-24 14:00:00,5.606
2023-04-24 14:15:00,5.614
2023-04-24 14:30:00,5.604
2023-04-24 14:45:00,5.603
2023-04-24 15:00:00,5.621
2023-04-24 15:15:00,5.604
2023-04-24 15:30:00,5.625
2023-04-24 15:45:00,5.615
2023-04-24 16:00:00,5.615
2023-04-24 16:15:00,5.606
2023-04-24 16:30:00,5.605
2023-04-24 16:45:00,5.606
2023-04-24 17:00:00,5.617
2023-04-24 17:15:00,5.619
2023-04-24 17:30:00,5.608
2023-04-24 17:45:00,5.601
2023-04-24 18:00:00,5.611
2023-04-24 18:15:00,5.62
2023-04-24 18:30:00,5.61
2023-04-24 18:45:00,5.611
2023-04-24 19:00:00,5.602
2023-04-24 19:15:00,5.622
2023-04-24 19:30:00,5.622
2023-04-24 19:45:00,5.614
2023-04-24 20:00:00,5.613
2023-04-24 20:15:00,5.614
2023-04-24 20:30:00,5.614
2023-04-24 20:45:00,5.614
2023-04-24 21:00:00,5.605
2023-04-24 21:15:00,5.606
2023-04-24 21:30:00,5.625
2023-04-24 21:45:00,5.607
2023-04-24 22:00:00,5.626
2023-04-24 22:15:00,5.616
2023-04-24 22:30:00,5.607
2023-04-24 22:45:00,5.617
2023-04-24 23:00:00,5.617
2023-04-24 23:15:00,5.626
2023-04-24 23:30:00,5.617
2023-04-24 23:45:00,5.627
2023-04-25 00:00:00,5.617
2023-04-25 00:15:00,5.627
2023-04-25 00:30:00,5.617
2023-04-25 00:45:00,5.636
2023-04-25 01:00:00,5.626
2023-04-25 01:15:00,5.626
2023-04-25 01:30:00,5.617
2023-04-25 01:45:00,5.636
2023-04-25 02:00:00,5.626
2023-04-25 02:15:00,5.636
2023-04-25 02:30:00,5.617
2023-04-25 02:45:00,5.617
2023-04-25 03:00:00,5.636
2023-04-25 03:15:00,5.627
2023-04-25 03:30:00,5.627
2023-04-25 03:45:00,5.637
2023-04-25 04:00:00,5.637
2023-04-25 04:15:00,5.618
2023-04-25 04:30:00,5.628
2023-04-25 04:45:00,5.637
2023-04-25 05:00:00,5.628
2023-04-25 05:15:00,5.609
2023-04-25 05:30:00,5.628
2023-04-25 05:45:00,5.628
2023-04-25 06:00:00,5.618
2023-04-25 06:15:00,5.609
2023-04-25 06:30:00,5.617
2023-04-25 06:45:00,5.645
2023-04-25 07:00:00,5.642
2023-04-25 07:15:00,5.641
2023-04-25 07:30:00,5.649
2023-04-25 07:45:00,5.648
2023-04-25 08:00:00,5.645
2023-04-25 08:15:00,5.646
2023-04-25 08:30:00,5.657
2023-04-25 08:45:00,5.653
2023-04-25 09:00:00,5.65
2023-04-25 09:15:00,5.64
2023-04-25 09:30:00,5.65
2023-04-25 09:45:00,5.647
2023-04-25 10:00:00,5.655
2023-04-25 10:15:00,5.655
2023-04-25 10:30:00,5.656
2023-04-25 10:45:00,5.646
2023-04-25 11:00:00,5.657
2023-04-25 11:15:00,5.647
2023-04-25 11:30:00,5.666
2023-04-25 11:45:00,5.656
2023-04-25 12:00:00,5.647
2023-04-25 12:15:00,5.647
2023-04-25 12:30:00,5.646
2023-04-25 12:45:00,5.656
2023-04-25 13:00:00,5.674
2023-04-25 13:15:00,5.665
2023-04-25 13:30:00,5.666
2023-04-25 13:45:00,5.664
2023-04-25 14:00:00,5.666
2023-04-25 14:15:00,5.685
2023-04-25 14:30:00,5.675
2023-04-25 14:45:00,5.685
2023-04-25 15:00:00,5.674
2023-04-25 15:15:00,5.675
2023-04-25 15:30:00,5.676
2023-04-25 15:45:00,5.678
2023-04-25 16:00:00,5.698
2023-04-25 16:15:00,5.681
2023-04-25 16:30:00,5.69
2023-04-25 16:45:00,5.679
2023-04-25 17:00:00,5.671
2023-04-25 17:15:00,5.681
2023-04-25 17:30:00,5.683
2023-04-25 17:45:00,5.692
2023-04-25 18:00:00,5.696
2023-04-25 18:15:00,5.677
2023-04-25 18:30:00,5.697
2023-04-25 18:45:00,5.689
2023-04-25 19:00:00,5.69
2023-04-25 19:15:00,5.7
2023-04-25 19:30:00,5.693
2023-04-25 19:45:00,5.696
2023-04-25 20:00:00,5.698
2023-04-25 20:15:00,5.68
2023-04-25 20:30:00,5.691
2023-04-25 20:45:00,5.692
2023-04-25 21:00:00,5.693
2023-04-25 21:15:00,5.704
2023-04-25 21:30:00,5.676
2023-04-25 21:45:00,5.695
2023-04-25 22:00:00,5.687
2023-04-25 22:15:00,5.697
2023-04-25 22:30:00,5.698
2023-04-25 22:45:00,5.689
2023-04-25 23:00:00,5.688
2023-04-25 23:15:00,5.701
2023-04-25 23:30:00,5.693
2023-04-25 23:45:00,5.704
2023-04-26 00:00:00,5.714
2023-04-26 00:15:00,5.703
2023-04-26 00:30:00,5.702
2023-04-26 00:45:00,5.693
2023-04-26 01:00:00,5.694
2023-04-26 01:15:00,5.694
2023-04-26 01:30:00,5.695
2023-04-26 01:45:00,5.703
2023-04-26 02:00:00,5.704
2023-04-26 02:15:00,5.704
2023-04-26 02:30:00,5.714
2023-04-26 02:45:00,5.704
2023-04-26 03:00:00,5.714
2023-04-26 03:15:00,5.705
2023-04-26 03:30:00,5.712
2023-04-26 03:45:00,5.702
2023-04-26 04:00:00,5.701
2023-04-26 04:15:00,5.711
2023-04-26 04:30:00,5.7
2023-04-26 04:45:00,5.718
2023-04-26 05:00:00,5.699
2023-04-26 05:15:00,5.707
2023-04-26 05:30:00,5.716
2023-04-26 05:45:00,5.715
2023-04-26 06:00:00,5.714
2023-04-26 06:15:00,5.713
2023-04-26 06:30:00,5.712
2023-04-26 06:45:00,5.71
2023-04-26 07:00:00,5.717
2023-04-26 07:15:00,5.724
2023-04-26 07:30:00,5.714
2023-04-26 07:45:00,5.732
2023-04-26 08:00:00,5.709
2023-04-26 08:15:00,5.717
2023-04-26 08:30:00,5.725
2023-04-26 08:45:00,5.723
2023-04-26 09:00:00,5.702
2023-04-26 09:15:00,5.731
2023-04-26 09:30:00,5.738
2023-04-26 09:45:00,5.727
2023-04-26 10:00:00,5.715
2023-04-26 10:15:00,5.705
2023-04-26 10:30:00,5.723
2023-04-26 10:45:00,5.714
2023-04-26 11:00:00,5.733
2023-04-26 11:15:00,5.725
2023-04-26 11:30:00,5.714
2023-04-26 11:45:00,5.731
2023-04-26 12:00:00,5.74
2023-04-26 12:15:00,5.721
2023-04-26 12:30:00,5.73
2023-04-26 12:45:00,5.73
2023-04-26 13:00:00,5.729
2023-04-26 13:15:00,5.73
2023-04-26 13:30:00,5.749
2023-04-26 13:45:00,5.74
2023-04-26 14:00:00,5.749
2023-04-26 14:15:00,5.73
2023-04-26 14:30:00,5.741
2023-04-26 14:45:00,5.751
2023-04-26 15:00:00,5.748
2023-04-26 15:15:00,5.75
2023-04-26 15:30:00,5.74
2023-04-26 15:45:00,5.759
2023-04-26 16:00:00,5.751
2023-04-26 16:15:00,5.75
2023-04-26 16:30:00,5.75
2023-04-26 16:45:00,5.771
2023-04-26 17:00:00,5.762
2023-04-26 17:15:00,5.752
2023-04-26 17:30:00,5.762
2023-04-26 17:45:00,5.765
2023-04-26 18:00:00,5.767
2023-04-26 18:15:00,5.754
2023-04-26 18:30:00,5.769
2023-04-26 18:45:00,5.761
2023-04-26 19:00:00,5.772
2023-04-26 19:15:00,5.756
2023-04-26 19:30:00,5.777
2023-04-26 19:45:00,5.779
2023-04-26 20:00:00,5.77
2023-04-26 20:15:00,5.771
2023-04-26 20:30:00,5.772
2023-04-26 20:45:00,5.753
2023-04-26 21:00:00,5.783
2023-04-26 21:15:00,5.773
2023-04-26 21:30:00,5.774
2023-04-26 21:45:00,5.755
2023-04-26 22:00:00,5.784
2023-04-26 22:15:00,5.775
2023-04-26 22:30:00,5.775
2023-04-26 22:45:00,5.766
2023-04-26 23:00:00,5.775
2023-04-26 23:15:00,5.785
2023-04-26 23:30:00,5.776
2023-04-26 23:45:00,5.785
2023-04-27 00:00:00,5.767
2023-04-27 00:15:00,5.767
2023-04-27 00:30:00,5.777
2023-04-27 00:45:00,5.768
2023-04-27 01:00:00,5.779
2023-04-27 01:15:00,5.788
2023-04-27 01:30:00,5.77
2023-04-27 01:45:00,5.789
2023-04-27 02:00:00,5.78
2023-04-27 02:15:00,5.79
2023-04-27 02:30:00,5.78
2023-04-27 02:45:00,5.78
2023-04-27 03:00:00,5.781
2023-04-27 03:15:00,5.79
2023-04-27 03:30:00,5.781
2023-04-27 03:45:00,5.781
2023-04-27 04:00:00,5.79
2023-04-27 04:15:00,5.781
2023-04-27 04:30:00,5.79
2023-04-27 04:45:00,5.79
2023-04-27 05:00:00,5.791
2023-04-27 05:15:00,5.79
2023-04-27 05:30:00,5.789
2023-04-27 05:45:00,5.799
2023-04-27 06:00:00,5.808
2023-04-27 06:15:00,5.807
2023-04-27 06:30:00,5.796
2023-04-27 06:45:00,5.813
2023-04-27 07:00:00,5.792
2023-04-27 07:15:00,5.799
2023-04-27 07:30:00,5.806
2023-04-27 07:45:00,5.822
2023-04-27 08:00:00,5.81
2023-04-27 08:15:00,5.808
2023-04-27 08:30:00,5.815
2023-04-27 08:45:00,5.804
2023-04-27 09:00:00,5.811
2023-04-27 09:15:00,5.811
2023-04-27 09:30:00,5.817
2023-04-27 09:45:00,5.819
2023-04-27 10:00:00,5.809
2023-04-27 10:15:00,5.819
2023-04-27 10:30:00,5.827
2023-04-27 10:45:00,5.826
2023-04-27 11:00:00,5.825
2023-04-27 11:15:00,5.825
2023-04-27 11:30:00,5.813
2023-04-27 11:45:00,5.823
2023-04-27 12:00:00,5.844
2023-04-27 12:15:00,5.816
2023-04-27 12:30:00,5.825
2023-04-27 12:45:00,5.835
2023-04-27 13:00:00,5.824
2023-04-27 13:15:00,5.843
2023-04-27 13:30:00,5.84
2023-04-27 13:45:00,5.841
2023-04-27 14:00:00,5.832
2023-04-27 14:15:00,5.833
2023-04-27 14:30:00,5.834
2023-04-27 14:45:00,5.843
2023-04-27 15:00:00,5.853
2023-04-27 15:15:00,5.853
2023-04-27 15:30:00,5.854
2023-04-27 15:45:00,5.845
2023-04-27 16:00:00,5.854
2023-04-27 16:15:00,5.854
2023-04-27 16:30:00,5.853
2023-04-27 16:45:00,5.853
2023-04-27 17:00:00,5.855
2023-04-27 17:15:00,5.857
2023-04-27 17:30:00,5.856
2023-04-27 17:45:00,5.851
2023-04-27 18:00:00,5.861
2023-04-27 18:15:00,5.853
2023-04-27 18:30:00,5.864
2023-04-27 18:45:00,5.858
2023-04-27 19:00:00,5.841
2023-04-27 19:15:00,5.851
2023-04-27 19:30:00,5.852
2023-04-27 19:45:00,5.846
2023-04-27 20:00:00,5.839
2023-04-27 20:15:00,5.869
2023-04-27 20:30:00,5.852
2023-04-27 20:45:00,5.863
2023-04-27 21:00:00,5.874
2023-04-27 21:15:00,5.856
2023-04-27 21:30:00,5.867
2023-04-27 21:45:00,5.858
2023-04-27 22:00:00,5.859
2023-04-27 22:15:00,5.871
2023-04-27 22:30:00,5.873
2023-04-27 22:45:00,5.865
2023-04-27 23:00:00,5.865
2023-04-27 23:15:00,5.856
2023-04-27 23:30:00,5.865
2023-04-27 23:45:00,5.866
2023-04-28 00:00:00,5.876
2023-04-28 00:15:00,5.866
2023-04-28 00:30:00,5.867
2023-04-28 00:45:00,5.876
2023-04-28 01:00:00,5.867
2023-04-28 01:15:00,5.868
2023-04-28 01:30:00,5.877
2023-04-28 01:45:00,5.858
2023-04-28 02:00:00,5.876
2023-04-28 02:15:00,5.877
2023-04-28 02:30:00,5.876
2023-04-28 02:45:00,5.885
2023-04-28 03:00:00,5.884
2023-04-28 03:15:00,5.882
2023-04-28 03:30:00,5.879
2023-04-28 03:45:00,5.887
2023-04-28 04:00:00,5.868
2023-04-28 04:15:00,5.867
2023-04-28 04:30:00,5.886
2023-04-28 04:45:00,5.877
2023-04-28 05:00:00,5.877
2023-04-28 05:15:00,5.879
2023-04-28 05:30:00,5.887
2023-04-28 05:45:00,5.886
2023-04-28 06:00:00,5.884
2023-04-28 06:15:00,5.891
2023-04-28 06:30:00,5.898
2023-04-28 06:45:00,5.886
2023-04-28 07:00:00,5.902
2023-04-28 07:15:00,5.909
2023-04-28 07:30:00,5.901
2023-04-28 07:45:00,5.899
2023-04-28 08:00:00,5.898
2023-04-28 08:15:00,5.904
2023-04-28 08:30:00,5.892
2023-04-28 08:45:00,5.92
2023-04-28 09:00:00,5.912
2023-04-28 09:15:00,5.91
2023-04-28 09:30:00,5.919
2023-04-28 09:45:00,5.93
2023-04-28 10:00:00,5.92
2023-04-28 10:15:00,5.918
2023-04-28 10:30:00,5.918
2023-04-28 10:45:00,5.926
2023-04-28 11:00:00,5.917
2023-04-28 11:15:00,5.925
2023-04-28 11:30:00,5.916
2023-04-28 11:45:00,5.924
2023-04-28 12:00:00,5.925
2023-04-28 12:15:00,5.925
2023-04-28 12:30:00,5.944
2023-04-28 12:45:00,5.924
2023-04-28 13:00:00,5.933
2023-04-28 13:15:00,5.942
2023-04-28 13:30:00,5.931
2023-04-28 13:45:00,5.941
2023-04-28 14:00:00,5.94
2023-04-28 14:15:00,5.94
2023-04-28 14:30:00,5.94
2023-04-28 14:45:00,5.93
2023-04-28 15:00:00,5.95
2023-04-28 15:15:00,5.941
2023-04-28 15:30:00,5.96
2023-04-28 15:45:00,5.96
2023-04-28 16:00:00,5.951
2023-04-28 16:15:00,5.941
2023-04-28 16:30:00,5.961
2023-04-28 16:45:00,5.943
2023-04-28 17:00:00,5.962
2023-04-28 17:15:00,5.953
2023-04-28 17:30:00,5.964
2023-04-28 17:45:00,5.956
2023-04-28 18:00:00,5.967
2023-04-28 18:15:00,5.968
2023-04-28 18:30:00,5.978
2023-04-28 18:45:00,5.97
2023-04-28 19:00:00,5.975
2023-04-28 19:15:00,5.97
2023-04-28 19:30:00,5.972
2023-04-28 19:45:00,5.966
2023-04-28 20:00:00,5.977
2023-04-28 20:15:00,5.979
2023-04-28 20:30:00,5.97
2023-04-28 20:45:00,5.981
2023-04-28 21:00:00,5.981
2023-04-28 21:15:00,5.973
2023-04-28 21:30:00,5.983
2023-04-28 21:45:00,5.975
2023-04-28 22:00:00,5.976
2023-04-28 22:15:00,5.986
2023-04-28 22:30:00,5.986
2023-04-28 22:45:00,5.996
2023-04-28 23:00:00,5.997
2023-04-28 23:15:00,5.978
2023-04-28 23:30:00,5.98
2023-04-28 23:45:00,5.98
2023-04-29 00:00:00,5.99
2023-04-29 00:15:00,5.989
2023-04-29 00:30:00,5.981
2023-04-29 00:45:00,5.999
2023-04-29 01:00:00,5.998
2023-04-29 01:15:00,5.988
2023-04-29 01:30:00,6.006
2023-04-29 01:45:00,5.996
2023-04-29 02:00:00,6.005
2023-04-29 02:15:00,6.005
2023-04-29 02:30:00,5.986
2023-04-29 02:45:00,6.014
2023-04-29 03:00:00,6.004
2023-04-29 03:15:00,6.004
2023-04-29 03:30:00,5.995
2023-04-29 03:45:00,6.014
2023-04-29 04:00:00,6.004
2023-04-29 04:15:00,6.014
2023-04-29 04:30:00,6.014
2023-04-29 04:45:00,6.015
2023-04-29 05:00:00,6.014
2023-04-29 05:15:00,6.004
2023-04-29 05:30:00,6.023
2023-04-29 05:45:00,6.022
2023-04-29 06:00:00,6.03
2023-04-29 06:15:00,6.036
2023-04-29 06:30:00,6.024
2023-04-29 06:45:00,6.021
2023-04-29 07:00:00,6.029
2023-04-29 07:15:00,6.034
2023-04-29 07:30:00,6.032
2023-04-29 07:45:00,6.04
2023-04-29 08:00:00,6.027
2023-04-29 08:15:00,6.035
2023-04-29 08:30:00,6.032
2023-04-29 08:45:00,6.042
2023-04-29 09:00:00,6.032
2023-04-29 09:15:00,6.05
2023-04-29 09:30:00,6.031
2023-04-29 09:45:00,6.06
2023-04-29 10:00:00,6.049
2023-04-29 10:15:00,6.058
2023-04-29 10:30:00,6.047
2023-04-29 10:45:00,6.065
2023-04-29 11:00:00,6.066
2023-04-29 11:15:00,6.056
2023-04-29 11:30:00,6.065
2023-04-29 11:45:00,6.065
2023-04-29 12:00:00,6.055
2023-04-29 12:15:00,6.073
2023-04-29 12:30:00,6.082
2023-04-29 12:45:00,6.072
2023-04-29 13:00:00,6.062
2023-04-29 13:15:00,6.061
2023-04-29 13:30:00,6.071
2023-04-29 13:45:00,6.08
2023-04-29 14:00:00,6.079
2023-04-29 14:15:00,6.079
2023-04-29 14:30:00,6.088
2023-04-29 14:45:00,6.088
2023-04-29 15:00:00,6.089
2023-04-29 15:15:00,6.089
2023-04-29 15:30:00,6.08
2023-04-29 15:45:00,6.098
2023-04-29 16:00:00,6.098
2023-04-29 16:15:00,6.099
2023-04-29 16:30:00,6.09
2023-04-29 16:45:00,6.08
2023-04-29 17:00:00,6.099
2023-04-29 17:15:00,6.091
2023-04-29 17:30:00,6.092
2023-04-29 17:45:00,6.102
2023-04-29 18:00:00,6.093
2023-04-29 18:15:00,6.085
2023-04-29 18:30:00,6.105
2023-04-29 18:45:00,6.088
2023-04-29 19:00:00,6.1
2023-04-29 19:15:00,6.077
2023-04-29 19:30:00,6.091
2023-04-29 19:45:00,6.094
2023-04-29 20:00:00,6.096
2023-04-29 20:15:00,6.098
2023-04-29 20:30:00,6.119
2023-04-29 20:45:00,6.111
2023-04-29 21:00:00,6.093
2023-04-29 21:15:00,6.113
2023-04-29 21:30:00,6.104
2023-04-29 21:45:00,6.105
2023-04-29 22:00:00,6.105
2023-04-29 22:15:00,6.105
2023-04-29 22:30:00,6.096
2023-04-29 22:45:00,6.116
2023-04-29 23:00:00,6.107
2023-04-29 23:15:00,6.098
2023-04-29 23:30:00,6.098
2023-04-29 23:45:00,6.098
2023-04-30 00:00:00,6.117
2023-04-30 00:15:00,6.108
2023-04-30 00:30:00,6.108
2023-04-30 00:45:00,6.098
2023-04-30 01:00:00,6.117
2023-04-30 01:15:00,6.107
2023-04-30 01:30:00,6.116
2023-04-30 01:45:00,6.115
2023-04-30 02:00:00,6.123
2023-04-30 02:15:00,6.132
2023-04-30 02:30:00,6.132
2023-04-30 02:45:00,6.132
2023-04-30 03:00:00,6.122
2023-04-30 03:15:00,6.11
2023-04-30 03:30:00,6.13
2023-04-30 03:45:00,6.111
2023-04-30 04:00:00,6.13
2023-04-30 04:15:00,6.14
2023-04-30 04:30:00,6.131
2023-04-30 04:45:00,6.141
2023-04-30 05:00:00,6.131
2023-04-30 05:15:00,6.13
2023-04-30 05:30:00,6.14
2023-04-30 05:45:00,6.149
2023-04-30 06:00:00,6.137
2023-04-30 06:15:00,6.154
2023-04-30 06:30:00,6.152
2023-04-30 06:45:00,6.14
2023-04-30 07:00:00,6.156
2023-04-30 07:15:00,6.15
2023-04-30 07:30:00,6.148
2023-04-30 07:45:00,6.158
2023-04-30 08:00:00,6.156
2023-04-30 08:15:00,6.164
2023-04-30 08:30:00,6.163
2023-04-30 08:45:00,6.152
2023-04-30 09:00:00,6.153
2023-04-30 09:15:00,6.143
2023-04-30 09:30:00,6.17
2023-04-30 09:45:00,6.17
2023-04-30 10:00:00,6.169
2023-04-30 10:15:00,6.168
2023-04-30 10:30:00,6.187
2023-04-30 10:45:00,6.186
2023-04-30 11:00:00,6.176
2023-04-30 11:15:00,6.156
2023-04-30 11:30:00,6.175
2023-04-30 11:45:00,6.193
2023-04-30 12:00:00,6.193
2023-04-30 12:15:00,6.193
2023-04-30 12:30:00,6.192
2023-04-30 12:45:00,6.192
2023-04-30 13:00:00,6.192
2023-04-30 13:15:00,6.193
2023-04-30 13:30:00,6.193
2023-04-30 13:45:00,6.194
2023-04-30 14:00:00,6.204
2023-04-30 14:15:00,6.223
2023-04-30 14:30:00,6.195
2023-04-30 14:45:00,6.215
2023-04-30 15:00:00,6.215
2023-04-30 15:15:00,6.207
2023-04-30 15:30:00,6.208
2023-04-30 15:45:00,6.208
2023-04-30 16:00:00,6.201
2023-04-30 16:15:00,6.21
2023-04-30 16:30:00,6.21
2023-04-30 16:45:00,6.222
2023-04-30 17:00:00,6.222
2023-04-30 17:15:00,6.211
2023-04-30 17:30:00,6.203
2023-04-30 17:45:00,6.213
2023-04-30 18:00:00,6.204
2023-04-30 18:15:00,6.216
2023-04-30 18:30:00,6.216
2023-04-30 18:45:00,6.217
2023-04-30 19:00:00,6.221
2023-04-30 19:15:00,6.214
2023-04-30 19:30:00,6.216
2023-04-30 19:45:00,6.219
2023-04-30 20:00:00,6.218
2023-04-30 20:15:00,6.221
2023-04-30 20:30:00,6.214
2023-04-30 20:45:00,6.216
2023-04-30 21:00:00,6.217
2023-04-30 21:15:00,6.227
2023-04-30 21:30:00,6.226
2023-04-30 21:45:00,6.227
2023-04-30 22:00:00,6.237
2023-04-30 22:15:00,6.227
2023-04-30 22:30:00,6.236
2023-04-30 22:45:00,6.235
2023-04-30 23:00:00,6.225
2023-04-30 23:15:00,6.226
2023-04-30 23:30:00,6.235
2023-04-30 23:45:00,6.236
2023-05-01 00:00:00,6.237
2023-05-01 00:15:00,6.227
2023-05-01 00:30:00,6.237
2023-05-01 00:45:00,6.237
2023-05-01 01:00:00,6.229
2023-05-01 01:15:00,6.238
2023-05-01 01:30:00,6.248
2023-05-01 01:45:00,6.239
2023-05-01 02:00:00,6.239
2023-05-01 02:15:00,6.239
2023-05-01 02:30:00,6.258
2023-05-01 02:45:00,6.239
2023-05-01 03:00:00,6.248
2023-05-01 03:15:00,6.248
2023-05-01 03:30:00,6.248
2023-05-01 03:45:00,6.258
2023-05-01 04:00:00,6.258
2023-05-01 04:15:00,6.248
2023-05-01 04:30:00,6.248
2023-05-01 04:45:00,6.267
2023-05-01 05:00:00,6.258
2023-05-01 05:15:00,6.267
2023-05-01 05:30:00,6.258
2023-05-01 05:45:00,6.258
2023-05-01 06:00:00,6.258
2023-05-01 06:15:00,6.267
2023-05-01 06:30:00,6.257
2023-05-01 06:45:00,6.276
2023-05-01 07:00:00,6.274
2023-05-01 07:15:00,6.261
2023-05-01 07:30:00,6.287
2023-05-01 07:45:00,6.286
2023-05-01 08:00:00,6.286
2023-05-01 08:15:00,6.282
2023-05-01 08:30:00,6.292
2023-05-01 08:45:00,6.289
2023-05-01 09:00:00,6.277
2023-05-01 09:15:00,6.293
2023-05-01 09:30:00,6.282
2023-05-01 09:45:00,6.292
2023-05-01 10:00:00,6.29
2023-05-01 10:15:00,6.29
2023-05-01 10:30:00,6.291
2023-05-01 10:45:00,6.29
2023-05-01 11:00:00,6.3
2023-05-01 11:15:00,6.288
2023-05-01 11:30:00,6.309
2023-05-01 11:45:00,6.307
2023-05-01 12:00:00,6.32
2023-05-01 12:15:00,6.308
2023-05-01 12:30:00,6.315
2023-05-01 12:45:00,6.306
2023-05-01 13:00:00,6.297
2023-05-01 13:15:00,6.306
2023-05-01 13:30:00,6.314
2023-05-01 13:45:00,6.306
2023-05-01 14:00:00,6.316
2023-05-01 14:15:00,6.327
2023-05-01 14:30:00,6.318
2023-05-01 14:45:00,6.328
2023-05-01 15:00:00,6.327
2023-05-01 15:15:00,6.316
2023-05-01 15:30:00,6.338
2023-05-01 15:45:00,6.31
2023-05-01 16:00:00,6.341
2023-05-01 16:15:00,6.323
2023-05-01 16:30:00,6.336
2023-05-01 16:45:00,6.337
2023-05-01 17:00:00,6.347
2023-05-01 17:15:00,6.345
2023-05-01 17:30:00,6.325
2023-05-01 17:45:00,6.346
2023-05-01 18:00:00,6.338
2023-05-01 18:15:00,6.331
2023-05-01 18:30:00,6.341
2023-05-01 18:45:00,6.332
2023-05-01 19:00:00,6.35
2023-05-01 19:15:00,6.36
2023-05-01 19:30:00,6.352
2023-05-01 19:45:00,6.355
2023-05-01 20:00:00,6.346
2023-05-01 20:15:00,6.356
2023-05-01 20:30:00,6.358
2023-05-01 20:45:00,6.357
2023-05-01 21:00:00,6.358
2023-05-01 21:15:00,6.359
2023-05-01 21:30:00,6.35
2023-05-01 21:45:00,6.361
2023-05-01 22:00:00,6.352
2023-05-01 22:15:00,6.353
2023-05-01 22:30:00,6.372
2023-05-01 22:45:00,6.364
2023-05-01 23:00:00,6.364
2023-05-01 23:15:00,6.355
2023-05-01 23:30:00,6.375
2023-05-01 23:45:00,6.356
2023-05-02 00:00:00,6.366
2023-05-02 00:15:00,6.366
2023-05-02 00:30:00,6.376
2023-05-02 00:45:00,6.367
2023-05-02 01:00:00,6.376
2023-05-02 01:15:00,6.376
2023-05-02 01:30:00,6.376
2023-05-02 01:45:00,6.367
2023-05-02 02:00:00,6.377
2023-05-02 02:15:00,6.387
2023-05-02 02:30:00,6.387
2023-05-02 02:45:00,6.378
2023-05-02 03:00:00,6.379
2023-05-02 03:15:00,6.381
2023-05-02 03:30:00,6.382
2023-05-02 03:45:00,6.382
2023-05-02 04:00:00,6.381
2023-05-02 04:15:00,6.401
2023-05-02 04:30:00,6.392
2023-05-02 04:45:00,6.39
2023-05-02 05:00:00,6.4
2023-05-02 05:15:00,6.392
2023-05-02 05:30:00,6.401
2023-05-02 05:45:00,6.407
2023-05-02 06:00:00,6.405
2023-05-02 06:15:00,6.412
2023-05-02 06:30:00,6.429
2023-05-02 06:45:00,6.426
2023-05-02 07:00:00,6.423
2023-05-02 07:15:00,6.409
2023-05-02 07:30:00,6.415
2023-05-02 07:45:00,6.42
2023-05-02 08:00:00,6.425
2023-05-02 08:15:00,6.432
2023-05-02 08:30:00,6.439
2023-05-02 08:45:00,6.435
2023-05-02 09:00:00,6.426
2023-05-02 09:15:00,6.436
2023-05-02 09:30:00,6.426
2023-05-02 09:45:00,6.444
2023-05-02 10:00:00,6.443
2023-05-02 10:15:00,6.452
2023-05-02 10:30:00,6.442
2023-05-02 10:45:00,6.461
2023-05-02 11:00:00,6.451
2023-05-02 11:15:00,6.441
2023-05-02 11:30:00,6.451
2023-05-02 11:45:00,6.46
2023-05-02 12:00:00,6.46
2023-05-02 12:15:00,6.46
2023-05-02 12:30:00,6.46
2023-05-02 12:45:00,6.469
2023-05-02 13:00:00,6.489
2023-05-02 13:15:00,6.469
2023-05-02 13:30:00,6.488
2023-05-02 13:45:00,6.497
2023-05-02 14:00:00,6.488
2023-05-02 14:15:00,6.488
2023-05-02 14:30:00,6.499
2023-05-02 14:45:00,6.49
2023-05-02 15:00:00,6.5
2023-05-02 15:15:00,6.511
2023-05-02 15:30:00,6.502
2023-05-02 15:45:00,6.513
2023-05-02 16:00:00,6.496
2023-05-02 16:15:00,6.507
2023-05-02 16:30:00,6.505
2023-05-02 16:45:00,6.497
2023-05-02 17:00:00,6.499
2023-05-02 17:15:00,6.492
2023-05-02 17:30:00,6.502
2023-05-02 17:45:00,6.503
2023-05-02 18:00:00,6.506
2023-05-02 18:15:00,6.508
2023-05-02 18:30:00,6.499
2023-05-02 18:45:00,6.509
2023-05-02 19:00:00,6.499
2023-05-02 19:15:00,6.499
2023-05-02 19:30:00,6.52
2023-05-02 19:45:00,6.511
2023-05-02 20:00:00,6.514
2023-05-02 20:15:00,6.522
2023-05-02 20:30:00,6.521
2023-05-02 20:45:00,6.534
2023-05-02 21:00:00,6.525
2023-05-02 21:15:00,6.526
2023-05-02 21:30:00,6.527
2023-05-02 21:45:00,6.516
2023-05-02 22:00:00,6.527
2023-05-02 22:15:00,6.537
2023-05-02 22:30:00,6.528
2023-05-02 22:45:00,6.536
2023-05-02 23:00:00,6.537
2023-05-02 23:15:00,6.528
2023-05-02 23:30:00,6.527
2023-05-02 23:45:00,6.539
2023-05-03 00:00:00,6.538
2023-05-03 00:15:00,6.539
2023-05-03 00:30:00,6.549
2023-05-03 00:45:00,6.54
2023-05-03 01:00:00,6.54
2023-05-03 01:15:00,6.531
2023-05-03 01:30:00,6.532
2023-05-03 01:45:00,6.542
2023-05-03 02:00:00,6.552
2023-05-03 02:15:00,6.552
2023-05-03 02:30:00,6.543
2023-05-03 02:45:00,6.553
2023-05-03 03:00:00,6.544
2023-05-03 03:15:00,6.554
2023-05-03 03:30:00,6.554
2023-05-03 03:45:00,6.544
2023-05-03 04:00:00,6.554
2023-05-03 04:15:00,6.554
2023-05-03 04:30:00,6.563
2023-05-03 04:45:00,6.553
2023-05-03 05:00:00,6.553
2023-05-03 05:15:00,6.562
2023-05-03 05:30:00,6.572
2023-05-03 05:45:00,6.571
2023-05-03 06:00:00,6.579
2023-05-03 06:15:00,6.576
2023-05-03 06:30:00,6.585
2023-05-03 06:45:00,6.573
2023-05-03 07:00:00,6.587
2023-05-03 07:15:00,6.573
2023-05-03 07:30:00,6.581
2023-05-03 07:45:00,6.585
2023-05-03 08:00:00,6.566
2023-05-03 08:15:00,6.583
2023-05-03 08:30:00,6.599
2023-05-03 08:45:00,6.609
2023-05-03 09:00:00,6.599
2023-05-03 09:15:00,6.59
2023-05-03 09:30:00,6.59
2023-05-03 09:45:00,6.578
2023-05-03 10:00:00,6.579
2023-05-03 10:15:00,6.616
2023-05-03 10:30:00,6.607
2023-05-03 10:45:00,6.616
2023-05-03 11:00:00,6.596
2023-05-03 11:15:00,6.606
2023-05-03 11:30:00,6.624
2023-05-03 11:45:00,6.623
2023-05-03 12:00:00,6.642
2023-05-03 12:15:00,6.633
2023-05-03 12:30:00,6.631
2023-05-03 12:45:00,6.64
2023-05-03 13:00:00,6.649
2023-05-03 13:15:00,6.639
2023-05-03 13:30:00,6.629
2023-05-03 13:45:00,6.638
2023-05-03 14:00:00,6.666
2023-05-03 14:15:00,6.656
2023-05-03 14:30:00,6.656
2023-05-03 14:45:00,6.665
2023-05-03 15:00:00,6.647
2023-05-03 15:15:00,6.647
2023-05-03 15:30:00,6.647
2023-05-03 15:45:00,6.666
2023-05-03 16:00:00,6.657
2023-05-03 16:15:00,6.667
2023-05-03 16:30:00,6.668
2023-05-03 16:45:00,6.658
2023-05-03 17:00:00,6.658
2023-05-03 17:15:00,6.669
2023-05-03 17:30:00,6.662
2023-05-03 17:45:00,6.672
2023-05-03 18:00:00,6.674
2023-05-03 18:15:00,6.657
2023-05-03 18:30:00,6.66
2023-05-03 18:45:00,6.683
2023-05-03 19:00:00,6.668
2023-05-03 19:15:00,6.68
2023-05-03 19:30:00,6.671
2023-05-03 19:45:00,6.662
2023-05-03 20:00:00,6.682
2023-05-03 20:15:00,6.675
2023-05-03 20:30:00,6.674
2023-05-03 20:45:00,6.685
2023-05-03 21:00:00,6.685
2023-05-03 21:15:00,6.686
2023-05-03 21:30:00,6.687
2023-05-03 21:45:00,6.688
2023-05-03 22:00:00,6.687
2023-05-03 22:15:00,6.686
2023-05-03 22:30:00,6.688
2023-05-03 22:45:00,6.689
2023-05-03 23:00:00,6.689
2023-05-03 23:15:00,6.698
2023-05-03 23:30:00,6.699
2023-05-03 23:45:00,6.699
2023-05-04 00:00:00,6.7
2023-05-04 00:15:00,6.701
2023-05-04 00:30:00,6.692
2023-05-04 00:45:00,6.693
2023-05-04 01:00:00,6.703
2023-05-04 01:15:00,6.694
2023-05-04 01:30:00,6.694
2023-05-04 01:45:00,6.705
2023-05-04 02:00:00,6.695
2023-05-04 02:15:00,6.706
2023-05-04 02:30:00,6.715
2023-05-04 02:45:00,6.715
2023-05-04 03:00:00,6.706
2023-05-04 03:15:00,6.716
2023-05-04 03:30:00,6.715
2023-05-04 03:45:00,6.715
2023-05-04 04:00:00,6.716
2023-05-04 04:15:00,6.716
2023-05-04 04:30:00,6.716
2023-05-04 04:45:00,6.716
2023-05-04 05:00:00,6.726
2023-05-04 05:15:00,6.726
2023-05-04 05:30:00,6.726
2023-05-04 05:45:00,6.744
2023-05-04 06:00:00,6.752
2023-05-04 06:15:00,6.739
2023-05-04 06:30:00,6.745
2023-05-04 06:45:00,6.749
2023-05-04 07:00:00,6.746
2023-05-04 07:15:00,6.754
2023-05-04 07:30:00,6.74
2023-05-04 07:45:00,6.757
2023-05-04 08:00:00,6.756
2023-05-04 08:15:00,6.753
2023-05-04 08:30:00,6.763
2023-05-04 08:45:00,6.769
2023-05-04 09:00:00,6.757
2023-05-04 09:15:00,6.768
2023-05-04 09:30:00,6.768
2023-05-04 09:45:00,6.777
2023-05-04 10:00:00,6.768
2023-05-04 10:15:00,6.776
2023-05-04 10:30:00,6.776
2023-05-04 10:45:00,6.786
2023-05-04 11:00:00,6.786
2023-05-04 11:15:00,6.785
2023-05-04 11:30:00,6.785
2023-05-04 11:45:00,6.785
2023-05-04 12:00:00,6.784
2023-05-04 12:15:00,6.794
2023-05-04 12:30:00,6.795
2023-05-04 12:45:00,6.805
2023-05-04 13:00:00,6.796
2023-05-04 13:15:00,6.816
2023-05-04 13:30:00,6.816
2023-05-04 13:45:00,6.815
2023-05-04 14:00:00,6.815
2023-05-04 14:15:00,6.816
2023-05-04 14:30:00,6.824
2023-05-04 14:45:00,6.816
2023-05-04 15:00:00,6.816
2023-05-04 15:15:00,6.817
2023-05-04 15:30:00,6.819
2023-05-04 15:45:00,6.836
2023-05-04 16:00:00,6.828
2023-05-04 16:15:00,6.83
2023-05-04 16:30:00,6.822
2023-05-04 16:45:00,6.832
2023-05-04 17:00:00,6.834
2023-05-04 17:15:00,6.834
2023-05-04 17:30:00,6.844
2023-05-04 17:45:00,6.844
2023-05-04 18:00:00,6.839
2023-05-04 18:15:00,6.838
2023-05-04 18:30:00,6.838
2023-05-04 18:45:00,6.839
2023-05-04 19:00:00,6.851
2023-05-04 19:15:00,6.841
2023-05-04 19:30:00,6.852
2023-05-04 19:45:00,6.807
2023-05-04 20:00:00,6.835
2023-05-04 20:15:00,6.836
2023-05-04 20:30:00,6.827
2023-05-04 20:45:00,6.848
2023-05-04 21:00:00,6.847
2023-05-04 21:15:00,6.847
2023-05-04 21:30:00,6.858
2023-05-04 21:45:00,6.868
2023-05-04 22:00:00,6.84
2023-05-04 22:15:00,6.87
2023-05-04 22:30:00,6.851
2023-05-04 22:45:00,6.86
2023-05-04 23:00:00,6.86
2023-05-04 23:15:00,6.85
2023-05-04 23:30:00,6.85
2023-05-04 23:45:00,6.843
2023-05-05 00:00:00,6.853
2023-05-05 00:15:00,6.862
2023-05-05 00:30:00,6.853
2023-05-05 00:45:00,6.844
2023-05-05 01:00:00,6.853
2023-05-05 01:15:00,6.862
2023-05-05 01:30:00,6.873
2023-05-05 01:45:00,6.854
2023-05-05 02:00:00,6.864
2023-05-05 02:15:00,6.873
2023-05-05 02:30:00,6.864
2023-05-05 02:45:00,6.874
2023-05-05 03:00:00,6.874
2023-05-05 03:15:00,6.883
2023-05-05 03:30:00,6.873
2023-05-05 03:45:00,6.874
2023-05-05 04:00:00,6.893
2023-05-05 04:15:00,6.884
2023-05-05 04:30:00,6.884
2023-05-05 04:45:00,6.884
2023-05-05 05:00:00,6.894
2023-05-05 05:15:00,6.893
2023-05-05 05:30:00,6.893
2023-05-05 05:45:00,6.894
2023-05-05 06:00:00,6.894
2023-05-05 06:15:00,6.893
2023-05-05 06:30:00,6.894
2023-05-05 06:45:00,6.894
2023-05-05 07:00:00,6.894
2023-05-05 07:15:00,6.913
2023-05-05 07:30:00,6.913
2023-05-05 07:45:00,6.911
2023-05-05 08:00:00,6.902
2023-05-05 08:15:00,6.921
2023-05-05 08:30:00,6.912
2023-05-05 08:45:00,6.91
2023-05-05 09:00:00,6.892
2023-05-05 09:15:00,6.911
2023-05-05 09:30:00,6.911
2023-05-05 09:45:00,6.921
2023-05-05 10:00:00,6.939
2023-05-05 10:15:00,6.92
2023-05-05 10:30:00,6.911
2023-05-05 10:45:00,6.919
2023-05-05 11:00:00,6.907
2023-05-05 11:15:00,6.918
2023-05-05 11:30:00,6.937
2023-05-05 11:45:00,6.936
2023-05-05 12:00:00,6.916
2023-05-05 12:15:00,6.917
2023-05-05 12:30:00,6.947
2023-05-05 12:45:00,6.948
2023-05-05 13:00:00,6.938
2023-05-05 13:15:00,6.927
2023-05-05 13:30:00,6.947
2023-05-05 13:45:00,6.92
2023-05-05 14:00:00,6.94
2023-05-05 14:15:00,6.931
2023-05-05 14:30:00,6.932
2023-05-05 14:45:00,6.942
2023-05-05 15:00:00,6.96
2023-05-05 15:15:00,6.96
2023-05-05 15:30:00,6.959
2023-05-05 15:45:00,6.959
2023-05-05 16:00:00,6.95
2023-05-05 16:15:00,6.959
2023-05-05 16:30:00,6.958
2023-05-05 16:45:00,6.959
2023-05-05 17:00:00,6.977
2023-05-05 17:15:00,6.977
2023-05-05 17:30:00,6.986
2023-05-05 17:45:00,6.987
2023-05-05 18:00:00,6.959
2023-05-05 18:15:00,6.967
2023-05-05 18:30:00,6.959
2023-05-05 18:45:00,6.987
2023-05-05 19:00:00,6.989
2023-05-05 19:15:00,6.989
2023-05-05 19:30:00,6.989
2023-05-05 19:45:00,6.989
2023-05-05 20:00:00,6.99
2023-05-05 20:15:00,6.99
2023-05-05 20:30:00,7
2023-05-05 20:45:00,6.981
2023-05-05 21:00:00,7.01
2023-05-05 21:15:00,7.01
2023-05-05 21:30:00,7.01
2023-05-05 21:45:00,7.01
2023-05-05 22:00:00,7.01
2023-05-05 22:15:00,7.02
2023-05-05 22:30:00,7.01
2023-05-05 22:45:00,7.01
2023-05-05 23:00:00,7.01
2023-05-05 23:15:00,7
2023-05-05 23:30:00,7.02
2023-05-05 23:45:00,7.03
2023-05-06 00:00:00,7.02
2023-05-06 00:15:00,7.03
2023-05-06 00:30:00,7.03
2023-05-06 00:45:00,7.03
2023-05-06 01:00:00,7.02
2023-05-06 01:15:00,7.02
2023-05-06 01:30:00,7.03
2023-05-06 01:45:00,7.04
2023-05-06 02:00:00,7.03
2023-05-06 02:15:00,7.04
2023-05-06 02:30:00,7.03
2023-05-06 02:45:00,7.03
2023-05-06 03:00:00,7.04
2023-05-06 03:15:00,7.04
2023-05-06 03:30:00,7.04
2023-05-06 03:45:00,7.04
2023-05-06 04:00:00,7.04
2023-05-06 04:15:00,7.04
2023-05-06 04:30:00,7.06
2023-05-06 04:45:00,7.05
2023-05-06 05:00:00,7.06
2023-05-06 05:15:00,7.06
2023-05-06 05:30:00,7.06
2023-05-06 05:45:00,7.06
2023-05-06 06:00:00,7.06
2023-05-06 06:15:00,7.06
2023-05-06 06:30:00,7.09
2023-05-06 06:45:00,7.06
2023-05-06 07:00:00,7.08
2023-05-06 07:15:00,7.07
2023-05-06 07:30:00,7.07
2023-05-06 07:45:00,7.1
2023-05-06 08:00:00,7.07
2023-05-06 08:15:00,7.09
2023-05-06 08:30:00,7.07
2023-05-06 08:45:00,7.09
2023-05-06 09:00:00,7.07
2023-05-06 09:15:00,7.08
2023-05-06 09:30:00,7.09
2023-05-06 09:45:00,7.08
2023-05-06 10:00:00,7.1
2023-05-06 10:15:00,7.08
2023-05-06 10:30:00,7.1
2023-05-06 10:45:00,7.1
2023-05-06 11:00:00,7.1
2023-05-06 11:15:00,7.12
2023-05-06 11:30:00,7.09
2023-05-06 11:45:00,7.11
2023-05-06 12:00:00,7.11
2023-05-06 12:15:00,7.12
2023-05-06 12:30:00,7.11
2023-05-06 12:45:00,7.12
2023-05-06 13:00:00,7.09
2023-05-06 13:15:00,7.13
2023-05-06 13:30:00,7.12
2023-05-06 13:45:00,7.13
2023-05-06 14:00:00,7.13
2023-05-06 14:15:00,7.13
2023-05-06 14:30:00,7.13
2023-05-06 14:45:00,7.12
2023-05-06 15:00:00,7.12
2023-05-06 15:15:00,7.11
2023-05-06 15:30:00,7.13
2023-05-06 15:45:00,7.13
2023-05-06 16:00:00,7.13
2023-05-06 16:15:00,7.13
2023-05-06 16:30:00,7.15
2023-05-06 16:45:00,7.13
2023-05-06 17:00:00,7.13
2023-05-06 17:15:00,7.13
2023-05-06 17:30:00,7.13
2023-05-06 17:45:00,7.14
2023-05-06 18:00:00,7.13
2023-05-06 18:15:00,7.15
2023-05-06 18:30:00,7.13
2023-05-06 18:45:00,7.14
2023-05-06 19:00:00,7.15
2023-05-06 19:15:00,7.16
2023-05-06 19:30:00,7.16
2023-05-06 19:45:00,7.15
2023-05-06 20:00:00,7.15
2023-05-06 20:15:00,7.16
2023-05-06 20:30:00,7.16
2023-05-06 20:45:00,7.16
2023-05-06 21:00:00,7.17
2023-05-06 21:15:00,7.17
2023-05-06 21:30:00,7.17
2023-05-06 21:45:00,7.18
2023-05-06 22:00:00,7.18
2023-05-06 22:15:00,7.18
2023-05-06 22:30:00,7.2
2023-05-06 22:45:00,7.18
2023-05-06 23:00:00,7.2
2023-05-06 23:15:00,7.2
2023-05-06 23:30:00,7.19
2023-05-06 23:45:00,7.19
2023-05-07 00:00:00,7.18
2023-05-07 00:15:00,7.2
2023-05-07 00:30:00,7.19
2023-05-07 00:45:00,7.2
2023-05-07 01:00:00,7.2
2023-05-07 01:15:00,7.2
2023-05-07 01:30:00,7.2
2023-05-07 01:45:00,7.21
2023-05-07 02:00:00,7.2
2023-05-07 02:15:00,7.19
2023-05-07 02:30:00,7.21
2023-05-07 02:45:00,7.21
2023-05-07 03:00:00,7.21
2023-05-07 03:15:00,7.22
2023-05-07 03:30:00,7.21
2023-05-07 03:45:00,7.21
2023-05-07 04:00:00,7.23
2023-05-07 04:15:00,7.22
2023-05-07 04:30:00,7.23
2023-05-07 04:45:00,7.21
2023-05-07 05:00:00,7.22
2023-05-07 05:15:00,7.22
2023-05-07 05:30:00,7.22
2023-05-07 05:45:00,7.25
2023-05-07 06:00:00,7.22
2023-05-07 06:15:00,7.24
2023-05-07 06:30:00,7.25
2023-05-07 06:45:00,7.25
2023-05-07 07:00:00,7.24
2023-05-07 07:15:00,7.25
2023-05-07 07:30:00,7.25
2023-05-07 07:45:00,7.24
2023-05-07 08:00:00,7.26
2023-05-07 08:15:00,7.25
2023-05-07 08:30:00,7.25
2023-05-07 08:45:00,7.25
2023-05-07 09:00:00,7.25
2023-05-07 09:15:00,7.24
2023-05-07 09:30:00,7.24
2023-05-07 09:45:00,7.24
2023-05-07 10:00:00,7.26
2023-05-07 10:15:00,7.26
2023-05-07 10:30:00,7.28
2023-05-07 10:45:00,7.27
2023-05-07 11:00:00,7.27
2023-05-07 11:15:00,7.29
2023-05-07 11:30:00,7.29
2023-05-07 11:45:00,7.29
2023-05-07 12:00:00,7.29
2023-05-07 12:15:00,7.29
2023-05-07 12:30:00,7.3
2023-05-07 12:45:00,7.3
2023-05-07 13:00:00,7.29
2023-05-07 13:15:00,7.29
2023-05-07 13:30:00,7.3
2023-05-07 13:45:00,7.31
2023-05-07 14:00:00,7.3
2023-05-07 14:15:00,7.31
2023-05-07 14:30:00,7.31
2023-05-07 14:45:00,7.32
2023-05-07 15:00:00,7.32
2023-05-07 15:15:00,7.3
2023-05-07 15:30:00,7.31
2023-05-07 15:45:00,7.31
2023-05-07 16:00:00,7.3
2023-05-07 16:15:00,7.32
2023-05-07 16:30:00,7.31
2023-05-07 16:45:00,7.31
2023-05-07 17:00:00,7.32
2023-05-07 17:15:00,7.31
2023-05-07 17:30:00,7.3
2023-05-07 17:45:00,7.31
2023-05-07 18:00:00,7.3
2023-05-07 18:15:00,7.28
2023-05-07 18:30:00,7.29
2023-05-07 18:45:00,7.33
2023-05-07 19:00:00,7.33
2023-05-07 19:15:00,7.32
2023-05-07 19:30:00,7.32
2023-05-07 19:45:00,7.32
2023-05-07 20:00:00,7.32
2023-05-07 20:15:00,7.32
2023-05-07 20:30:00,7.32
2023-05-07 20:45:00,7.31
2023-05-07 21:00:00,7.33
2023-05-07 21:15:00,7.32
2023-05-07 21:30:00,7.33
2023-05-07 21:45:00,7.33
2023-05-07 22:00:00,7.34
2023-05-07 22:15:00,7.34
2023-05-07 22:30:00,7.33
2023-05-07 22:45:00,7.33
2023-05-07 23:00:00,7.33
2023-05-07 23:15:00,7.34
2023-05-07 23:30:00,7.33
2023-05-07 23:45:00,7.34
2023-05-08 00:00:00,7.34
2023-05-08 00:15:00,7.34
2023-05-08 00:30:00,7.36
2023-05-08 00:45:00,7.35
2023-05-08 01:00:00,7.35
2023-05-08 01:15:00,7.36
2023-05-08 01:30:00,7.36
2023-05-08 01:45:00,7.35
2023-05-08 02:00:00,7.36
2023-05-08 02:15:00,7.35
2023-05-08 02:30:00,7.36
2023-05-08 02:45:00,7.36
2023-05-08 03:00:00,7.37
2023-05-08 03:15:00,7.37
2023-05-08 03:30:00,7.37
2023-05-08 03:45:00,7.36
2023-05-08 04:00:00,7.37
2023-05-08 04:15:00,7.37
2023-05-08 04:30:00,7.38
2023-05-08 04:45:00,7.38
2023-05-08 05:00:00,7.37
2023-05-08 05:15:00,7.38
2023-05-08 05:30:00,7.38
2023-05-08 05:45:00,7.37
2023-05-08 06:00:00,7.38
2023-05-08 06:15:00,7.39
2023-05-08 06:30:00,7.39
2023-05-08 06:45:00,7.39
2023-05-08 07:00:00,7.4
2023-05-08 07:15:00,7.4
2023-05-08 07:30:00,7.4
2023-05-08 07:45:00,7.4
2023-05-08 08:00:00,7.4
2023-05-08 08:15:00,7.4
2023-05-08 08:30:00,7.4
2023-05-08 08:45:00,7.41
2023-05-08 09:00:00,7.41
2023-05-08 09:15:00,7.42
2023-05-08 09:30:00,7.42
2023-05-08 09:45:00,7.41
2023-05-08 10:00:00,7.41
2023-05-08 10:15:00,7.41
2023-05-08 10:30:00,7.42
2023-05-08 10:45:00,7.42
2023-05-08 11:00:00,7.42
2023-05-08 11:15:00,7.42
2023-05-08 11:30:00,7.42
2023-05-08 11:45:00,7.41
2023-05-08 12:00:00,7.41
2023-05-08 12:15:00,7.41
2023-05-08 12:30:00,7.42
2023-05-08 12:45:00,7.41
2023-05-08 13:00:00,7.42
2023-05-08 13:15:00,7.42
2023-05-08 13:30:00,7.42
2023-05-08 13:45:00,7.42
2023-05-08 14:00:00,7.43
2023-05-08 14:15:00,7.44
2023-05-08 14:30:00,7.45
2023-05-08 14:45:00,7.44
2023-05-08 15:00:00,7.45
2023-05-08 15:15:00,7.42
2023-05-08 15:30:00,7.45
2023-05-08 15:45:00,7.44
2023-05-08 16:00:00,7.45
2023-05-08 16:15:00,7.43
2023-05-08 16:30:00,7.45
2023-05-08 16:45:00,7.43
2023-05-08 17:00:00,7.42
2023-05-08 17:15:00,7.44
2023-05-08 17:30:00,7.45
2023-05-08 17:45:00,7.44
2023-05-08 18:00:00,7.46
2023-05-08 18:15:00,7.44
2023-05-08 18:30:00,7.45
2023-05-08 18:45:00,7.45
2023-05-08 19:00:00,7.45
2023-05-08 19:15:00,7.44
2023-05-08 19:30:00,7.46
2023-05-08 19:45:00,7.46
2023-05-08 20:00:00,7.45
2023-05-08 20:15:00,7.45
2023-05-08 20:30:00,7.44
2023-05-08 20:45:00,7.46
2023-05-08 21:00:00,7.46
2023-05-08 21:15:00,7.48
2023-05-08 21:30:00,7.47
2023-05-08 21:45:00,7.46
2023-05-08 22:00:00,7.46
2023-05-08 22:15:00,7.46
2023-05-08 22:30:00,7.47
2023-05-08 22:45:00,7.46
2023-05-08 23:00:00,7.46
2023-05-08 23:15:00,7.47
2023-05-08 23:30:00,7.47
2023-05-08 23:45:00,7.47
2023-05-09 00:00:00,7.48
2023-05-09 00:15:00,7.47
2023-05-09 00:30:00,7.47
2023-05-09 00:45:00,7.46
2023-05-09 01:00:00,7.47
2023-05-09 01:15:00,7.47
2023-05-09 01:30:00,7.47
2023-05-09 01:45:00,7.47
2023-05-09 02:00:00,7.47
2023-05-09 02:15:00,7.48
2023-05-09 02:30:00,7.48
2023-05-09 02:45:00,7.48
2023-05-09 03:00:00,7.48
2023-05-09 03:15:00,7.49
2023-05-09 03:30:00,7.48
2023-05-09 03:45:00,7.49
2023-05-09 04:00:00,7.49
2023-05-09 04:15:00,7.48
2023-05-09 04:30:00,7.49
2023-05-09 04:45:00,7.49
2023-05-09 05:00:00,7.5
2023-05-09 05:15:00,7.5
2023-05-09 05:30:00,7.5
2023-05-09 05:45:00,7.49
2023-05-09 06:00:00,7.52
2023-05-09 06:15:00,7.52
2023-05-09 06:30:00,7.52
2023-05-09 06:45:00,7.52
2023-05-09 07:00:00,7.52
2023-05-09 07:15:00,7.51
2023-05-09 07:30:00,7.52
2023-05-09 07:45:00,7.51
2023-05-09 08:00:00,7.52
2023-05-09 08:15:00,7.52
2023-05-09 08:30:00,7.53
2023-05-09 08:45:00,7.53
2023-05-09 09:00:00,7.52
2023-05-09 09:15:00,7.52
2023-05-09 09:30:00,7.52
2023-05-09 09:45:00,7.52
2023-05-09 10:00:00,7.53
2023-05-09 10:15:00,7.54
2023-05-09 10:30:00,7.54
2023-05-09 10:45:00,7.53
2023-05-09 11:00:00,7.54
2023-05-09 11:15:00,7.55
2023-05-09 11:30:00,7.55
2023-05-09 11:45:00,7.54
2023-05-09 12:00:00,7.54
2023-05-09 12:15:00,7.53
2023-05-09 12:30:00,7.54
2023-05-09 12:45:00,7.55
2023-05-09 13:00:00,7.54
2023-05-09 13:15:00,7.55
2023-05-09 13:30:00,7.54
2023-05-09 13:45:00,7.55
2023-05-09 14:00:00,7.55
2023-05-09 14:15:00,7.54
2023-05-09 14:30:00,7.53
2023-05-09 14:45:00,7.56
2023-05-09 15:00:00,7.58
2023-05-09 15:15:00,7.54
2023-05-09 15:30:00,7.54
2023-05-09 15:45:00,7.54
2023-05-09 16:00:00,7.52
2023-05-09 16:15:00,7.54
2023-05-09 16:30:00,7.54
2023-05-09 16:45:00,7.56
2023-05-09 17:00:00,7.55
2023-05-09 17:15:00,7.55
2023-05-09 17:30:00,7.54
2023-05-09 17:45:00,7.53
2023-05-09 18:00:00,7.55
2023-05-09 18:15:00,7.56
2023-05-09 18:30:00,7.56
2023-05-09 18:45:00,7.57
2023-05-09 19:00:00,7.54
2023-05-09 19:15:00,7.57
2023-05-09 19:30:00,7.58
2023-05-09 19:45:00,7.59
2023-05-09 20:00:00,7.65
2023-05-09 20:15:00,7.65
2023-05-09 20:30:00,7.63
2023-05-09 20:45:00,7.62
2023-05-09 21:00:00,7.61
2023-05-09 21:15:00,7.61
2023-05-09 21:30:00,7.61
2023-05-09 21:45:00,7.61
2023-05-09 22:00:00,7.61
2023-05-09 22:15:00,7.61
2023-05-09 22:30:00,7.6
2023-05-09 22:45:00,7.59
2023-05-09 23:00:00,7.6
2023-05-09 23:15:00,7.61
2023-05-09 23:30:00,7.59
2023-05-09 23:45:00,7.59
2023-05-10 00:00:00,7.6
2023-05-10 00:15:00,7.61
2023-05-10 00:30:00,7.6
2023-05-10 00:45:00,7.6
2023-05-10 01:00:00,7.6
2023-05-10 01:15:00,7.62
2023-05-10 01:30:00,7.6
2023-05-10 01:45:00,7.61
2023-05-10 02:00:00,7.6
2023-05-10 02:15:00,7.6
2023-05-10 02:30:00,7.61
2023-05-10 02:45:00,7.61
2023-05-10 03:00:00,7.62
2023-05-10 03:15:00,7.6
2023-05-10 03:30:00,7.6
2023-05-10 03:45:00,7.6
2023-05-10 04:00:00,7.6
2023-05-10 04:15:00,7.6
2023-05-10 04:30:00,7.6
2023-05-10 04:45:00,7.6
2023-05-10 05:00:00,7.61
2023-05-10 05:15:00,7.61
2023-05-10 05:30:00,7.6
2023-05-10 05:45:00,7.62
2023-05-10 06:00:00,7.61
2023-05-10 06:15:00,7.62
2023-05-10 06:30:00,7.61
2023-05-10 06:45:00,7.61
2023-05-10 07:00:00,7.62
2023-05-10 07:15:00,7.62
2023-05-10 07:30:00,7.61
2023-05-10 07:45:00,7.6
2023-05-10 08:00:00,7.59
2023-05-10 08:15:00,7.6
2023-05-10 08:30:00,7.61
2023-05-10 08:45:00,7.59
2023-05-10 09:00:00,7.61
2023-05-10 09:15:00,7.62
2023-05-10 09:30:00,7.61
2023-05-10 09:45:00,7.64
2023-05-10 10:00:00,7.61
2023-05-10 10:15:00,7.61
2023-05-10 10:30:00,7.62
2023-05-10 10:45:00,7.63
2023-05-10 11:00:00,7.61
2023-05-10 11:15:00,7.62
2023-05-10 11:30:00,7.63
2023-05-10 11:45:00,7.62
2023-05-10 12:00:00,7.64
2023-05-10 12:15:00,7.62
2023-05-10 12:30:00,7.61
2023-05-10 12:45:00,7.61
2023-05-10 13:00:00,7.64
2023-05-10 13:15:00,7.63
2023-05-10 13:30:00,7.63
2023-05-10 13:45:00,7.62
2023-05-10 14:00:00,7.62
2023-05-10 14:15:00,7.61
2023-05-10 14:30:00,7.62
2023-05-10 14:45:00,7.62
2023-05-10 15:00:00,7.63
2023-05-10 15:15:00,7.62
2023-05-10 15:30:00,7.62
2023-05-10 15:45:00,7.64
2023-05-10 16:00:00,7.65
2023-05-10 16:15:00,7.62
2023-05-10 16:30:00,7.64
2023-05-10 16:45:00,7.62
2023-05-10 17:00:00,7.62
2023-05-10 17:15:00,7.64
2023-05-10 17:30:00,7.64
2023-05-10 17:45:00,7.64
2023-05-10 18:00:00,7.63
2023-05-10 18:15:00,7.64
2023-05-10 18:30:00,7.64
2023-05-10 18:45:00,7.65
2023-05-10 19:00:00,7.64
2023-05-10 19:15:00,7.63
2023-05-10 19:30:00,7.65
2023-05-10 19:45:00,7.63
2023-05-10 20:00:00,7.64
2023-05-10 20:15:00,7.64
2023-05-10 20:30:00,7.66
2023-05-10 20:45:00,7.65
2023-05-10 21:00:00,7.64
2023-05-10 21:15:00,7.64
2023-05-10 21:30:00,7.64
2023-05-10 21:45:00,7.64
2023-05-10 22:00:00,7.64
2023-05-10 22:15:00,7.65
2023-05-10 22:30:00,7.65
2023-05-10 22:45:00,7.65
2023-05-10 23:00:00,7.64
2023-05-10 23:15:00,7.64
2023-05-10 23:30:00,7.62
2023-05-10 23:45:00,7.62
2023-05-11 00:00:00,7.64
2023-05-11 00:15:00,7.65
2023-05-11 00:30:00,7.64
2023-05-11 00:45:00,7.64
2023-05-11 01:00:00,7.64
2023-05-11 01:15:00,7.64
2023-05-11 01:30:00,7.65
2023-05-11 01:45:00,7.65
2023-05-11 02:00:00,7.64
2023-05-11 02:15:00,7.65
2023-05-11 02:30:00,7.65
2023-05-11 02:45:00,7.65
2023-05-11 03:00:00,7.65
2023-05-11 03:15:00,7.64
2023-05-11 03:30:00,7.65
2023-05-11 03:45:00,7.64
2023-05-11 04:00:00,7.64
2023-05-11 04:15:00,7.64
2023-05-11 04:30:00,7.64
2023-05-11 04:45:00,7.66
2023-05-11 05:00:00,7.64
2023-05-11 05:15:00,7.66
2023-05-11 05:30:00,7.67
2023-05-11 05:45:00,7.68
2023-05-11 06:00:00,7.66
2023-05-11 06:15:00,7.67
2023-05-11 06:30:00,7.68
2023-05-11 06:45:00,7.67
2023-05-11 07:00:00,7.67
2023-05-11 07:15:00,7.68
2023-05-11 07:30:00,7.68
2023-05-11 07:45:00,7.68
2023-05-11 08:00:00,7.67
2023-05-11 08:15:00,7.68
2023-05-11 08:30:00,7.69
2023-05-11 08:45:00,7.68
2023-05-11 09:00:00,7.68
2023-05-11 09:15:00,7.67
2023-05-11 09:30:00,7.67
2023-05-11 09:45:00,7.69
2023-05-11 10:00:00,7.7
2023-05-11 10:15:00,7.69
2023-05-11 10:30:00,7.68
2023-05-11 10:45:00,7.68
2023-05-11 11:00:00,7.68
2023-05-11 11:15:00,7.69
2023-05-11 11:30:00,7.69
2023-05-11 11:45:00,7.67
2023-05-11 12:00:00,7.7
2023-05-11 12:15:00,7.7
2023-05-11 12:30:00,7.69
2023-05-11 12:45:00,7.7
2023-05-11 13:00:00,7.69
2023-05-11 13:15:00,7.69
2023-05-11 13:30:00,7.69
2023-05-11 13:45:00,7.7
2023-05-11 14:00:00,7.7
2023-05-11 14:15:00,7.71
2023-05-11 14:30:00,7.69
2023-05-11 14:45:00,7.69
2023-05-11 15:00:00,7.7
2023-05-11 15:15:00,7.71
2023-05-11 15:30:00,7.7
2023-05-11 15:45:00,7.7
2023-05-11 16:00:00,7.71
2023-05-11 16:15:00,7.71
2023-05-11 16:30:00,7.72
2023-05-11 16:45:00,7.71
2023-05-11 17:00:00,7.71
2023-05-11 17:15:00,7.72
2023-05-11 17:30:00,7.71
2023-05-11 17:45:00,7.7
2023-05-11 18:00:00,7.71
2023-05-11 18:15:00,7.71
2023-05-11 18:30:00,7.72
2023-05-11 18:45:00,7.71
2023-05-11 19:00:00,7.71
2023-05-11 19:15:00,7.71
2023-05-11 19:30:00,7.7
2023-05-11 19:45:00,7.71
2023-05-11 20:00:00,7.71
2023-05-11 20:15:00,7.72
2023-05-11 20:30:00,7.72
2023-05-11 20:45:00,7.71
2023-05-11 21:00:00,7.72
2023-05-11 21:15:00,7.72
2023-05-11 21:30:00,7.73
2023-05-11 21:45:00,7.73
2023-05-11 22:00:00,7.72
2023-05-11 22:15:00,7.72
2023-05-11 22:30:00,7.72
2023-05-11 22:45:00,7.72
2023-05-11 23:00:00,7.72
2023-05-11 23:15:00,7.72
2023-05-11 23:30:00,7.71
2023-05-11 23:45:00,7.72
2023-05-12 00:00:00,7.71
2023-05-12 00:15:00,7.72
2023-05-12 00:30:00,7.73
2023-05-12 00:45:00,7.73
2023-05-12 01:00:00,7.72
2023-05-12 01:15:00,7.73
2023-05-12 01:30:00,7.74
2023-05-12 01:45:00,7.73
2023-05-12 02:00:00,7.72
2023-05-12 02:15:00,7.72
2023-05-12 02:30:00,7.73
2023-05-12 02:45:00,7.72
2023-05-12 03:00:00,7.73
2023-05-12 03:15:00,7.73
2023-05-12 03:30:00,7.72
2023-05-12 03:45:00,7.72
2023-05-12 04:00:00,7.72
2023-05-12 04:15:00,7.73
2023-05-12 04:30:00,7.73
2023-05-12 04:45:00,7.73
2023-05-12 05:00:00,7.74
2023-05-12 05:15:00,7.74
2023-05-12 05:30:00,7.75
2023-05-12 05:45:00,7.74
2023-05-12 06:00:00,7.75
2023-05-12 06:15:00,7.74
2023-05-12 06:30:00,7.75
2023-05-12 06:45:00,7.74
2023-05-12 07:00:00,7.75
2023-05-12 07:15:00,7.76
2023-05-12 07:30:00,7.75
2023-05-12 07:45:00,7.74
2023-05-12 08:00:00,7.74
2023-05-12 08:15:00,7.74
2023-05-12 08:30:00,7.72
2023-05-12 08:45:00,7.75
2023-05-12 09:00:00,7.75
2023-05-12 09:15:00,7.75
2023-05-12 09:30:00,7.75
2023-05-12 09:45:00,7.75
2023-05-12 10:00:00,7.75
2023-05-12 10:15:00,7.75
2023-05-12 10:30:00,7.77
2023-05-12 10:45:00,7.76
2023-05-12 11:00:00,7.76
2023-05-12 11:15:00,7.77
2023-05-12 11:30:00,7.79
2023-05-12 11:45:00,7.76
2023-05-12 12:00:00,7.75
2023-05-12 12:15:00,7.76
2023-05-12 12:30:00,7.76
2023-05-12 12:45:00,7.76
2023-05-12 13:00:00,7.77
2023-05-12 13:15:00,7.78
2023-05-12 13:30:00,7.77
2023-05-12 13:45:00,7.76
2023-05-12 14:00:00,7.77
2023-05-12 14:15:00,7.76
2023-05-12 14:30:00,7.77
2023-05-12 14:45:00,7.78
2023-05-12 15:00:00,7.76
2023-05-12 15:15:00,7.79
2023-05-12 15:30:00,7.79
2023-05-12 15:45:00,7.79
2023-05-12 16:00:00,7.79
2023-05-12 16:15:00,7.79
2023-05-12 16:30:00,7.8
2023-05-12 16:45:00,7.79
2023-05-12 17:00:00,7.78
2023-05-12 17:15:00,7.79
2023-05-12 17:30:00,7.79
2023-05-12 17:45:00,7.8
2023-05-12 18:00:00,7.79
2023-05-12 18:15:00,7.79
2023-05-12 18:30:00,7.79
2023-05-12 18:45:00,7.79
2023-05-12 19:00:00,7.8
2023-05-12 19:15:00,7.77
2023-05-12 19:30:00,7.78
2023-05-12 19:45:00,7.8
2023-05-12 20:00:00,7.79
2023-05-12 20:15:00,7.8
2023-05-12 20:30:00,7.78
2023-05-12 20:45:00,7.79
2023-05-12 21:00:00,7.8
2023-05-12 21:15:00,7.8
2023-05-12 21:30:00,7.79
2023-05-12 21:45:00,7.79
2023-05-12 22:00:00,7.8
2023-05-12 22:15:00,7.8
2023-05-12 22:30:00,7.79
2023-05-12 22:45:00,7.8
2023-05-12 23:00:00,7.79
2023-05-12 23:15:00,7.79
2023-05-12 23:30:00,7.79
2023-05-12 23:45:00,7.8
2023-05-13 00:00:00,7.79
2023-05-13 00:15:00,7.79
2023-05-13 00:30:00,7.79
2023-05-13 00:45:00,7.8
2023-05-13 01:00:00,7.81
2023-05-13 01:15:00,7.79
2023-05-13 01:30:00,7.8
2023-05-13 01:45:00,7.8
2023-05-13 02:00:00,7.8
2023-05-13 02:15:00,7.81
2023-05-13 02:30:00,7.81
2023-05-13 02:45:00,7.81
2023-05-13 03:00:00,7.81
2023-05-13 03:15:00,7.8
2023-05-13 03:30:00,7.81
2023-05-13 03:45:00,7.81
2023-05-13 04:00:00,7.79
2023-05-13 04:15:00,7.8
2023-05-13 04:30:00,7.81
2023-05-13 04:45:00,7.81
2023-05-13 05:00:00,7.81
2023-05-13 05:15:00,7.82
2023-05-13 05:30:00,7.82
2023-05-13 05:45:00,7.82
2023-05-13 06:00:00,7.84
2023-05-13 06:15:00,7.83
2023-05-13 06:30:00,7.83
2023-05-13 06:45:00,7.83
2023-05-13 07:00:00,7.82
2023-05-13 07:15:00,7.83
2023-05-13 07:30:00,7.81
2023-05-13 07:45:00,7.82
2023-05-13 08:00:00,7.82
2023-05-13 08:15:00,7.83
2023-05-13 08:30:00,7.82
2023-05-13 08:45:00,7.83
2023-05-13 09:00:00,7.83
2023-05-13 09:15:00,7.82
2023-05-13 09:30:00,7.83
2023-05-13 09:45:00,7.84
2023-05-13 10:00:00,7.83
2023-05-13 10:15:00,7.84
2023-05-13 10:30:00,7.84
2023-05-13 10:45:00,7.84
2023-05-13 11:00:00,7.83
2023-05-13 11:15:00,7.83
2023-05-13 11:30:00,7.82
2023-05-13 11:45:00,7.83
2023-05-13 12:00:00,7.83
2023-05-13 12:15:00,7.84
2023-05-13 12:30:00,7.86
2023-05-13 12:45:00,7.85
2023-05-13 13:00:00,7.85
2023-05-13 13:15:00,7.86
2023-05-13 13:30:00,7.86
2023-05-13 13:45:00,7.86
2023-05-13 14:00:00,7.86
2023-05-13 14:15:00,7.86
2023-05-13 14:30:00,7.86
2023-05-13 14:45:00,7.86
2023-05-13 15:00:00,7.87
2023-05-13 15:15:00,7.86
2023-05-13 15:30:00,7.88
2023-05-13 15:45:00,7.88
2023-05-13 16:00:00,7.87
2023-05-13 16:15:00,7.87
2023-05-13 16:30:00,7.88
2023-05-13 16:45:00,7.89
2023-05-13 17:00:00,7.9
2023-05-13 17:15:00,7.88
2023-05-13 17:30:00,7.86
2023-05-13 17:45:00,7.88
2023-05-13 18:00:00,7.88
2023-05-13 18:15:00,7.89
2023-05-13 18:30:00,7.88
2023-05-13 18:45:00,7.88
2023-05-13 19:00:00,7.87
2023-05-13 19:15:00,7.86
2023-05-13 19:30:00,7.88
2023-05-13 19:45:00,7.86
2023-05-13 20:00:00,7.87
2023-05-13 20:15:00,7.87
2023-05-13 20:30:00,7.87
2023-05-13 20:45:00,7.88
2023-05-13 21:00:00,7.86
2023-05-13 21:15:00,7.88
2023-05-13 21:30:00,7.86
2023-05-13 21:45:00,7.87
2023-05-13 22:00:00,7.88
2023-05-13 22:15:00,7.87
2023-05-13 22:30:00,7.85
2023-05-13 22:45:00,7.88
2023-05-13 23:00:00,7.87
2023-05-13 23:15:00,7.89
2023-05-13 23:30:00,7.87
2023-05-13 23:45:00,7.88
2023-05-14 00:00:00,7.87
2023-05-14 00:15:00,7.89
2023-05-14 00:30:00,7.88
2023-05-14 00:45:00,7.87
2023-05-14 01:00:00,7.88
2023-05-14 01:15:00,7.88
2023-05-14 01:30:00,7.87
2023-05-14 01:45:00,7.88
2023-05-14 02:00:00,7.9
2023-05-14 02:15:00,7.88
2023-05-14 02:30:00,7.89
2023-05-14 02:45:00,7.88
2023-05-14 03:00:00,7.89
2023-05-14 03:15:00,7.89
2023-05-14 03:30:00,7.9
2023-05-14 03:45:00,7.88
2023-05-14 04:00:00,7.88
2023-05-14 04:15:00,7.89
2023-05-14 04:30:00,7.9
2023-05-14 04:45:00,7.91
2023-05-14 05:00:00,7.9
2023-05-14 05:15:00,7.9
2023-05-14 05:30:00,7.91
2023-05-14 05:45:00,7.9
2023-05-14 06:00:00,7.89
2023-05-14 06:15:00,7.9
2023-05-14 06:30:00,7.91
2023-05-14 06:45:00,7.91
2023-05-14 07:00:00,7.91
2023-05-14 07:15:00,7.9
2023-05-14 07:30:00,7.92
2023-05-14 07:45:00,7.92
2023-05-14 08:00:00,7.92
2023-05-14 08:15:00,7.91
2023-05-14 08:30:00,7.91
2023-05-14 08:45:00,7.91
2023-05-14 09:00:00,7.91
2023-05-14 09:15:00,7.92
2023-05-14 09:30:00,7.92
2023-05-14 09:45:00,7.92
2023-05-14 10:00:00,7.91
2023-05-14 10:15:00,7.93
2023-05-14 10:30:00,7.94
2023-05-14 10:45:00,7.95
2023-05-14 11:00:00,7.95
2023-05-14 11:15:00,7.95
2023-05-14 11:30:00,7.94
2023-05-14 11:45:00,7.96
2023-05-14 12:00:00,7.97
2023-05-14 12:15:00,7.96
2023-05-14 12:30:00,7.97
2023-05-14 12:45:00,7.96
2023-05-14 13:00:00,7.97
2023-05-14 13:15:00,7.97
2023-05-14 13:30:00,7.97
2023-05-14 13:45:00,7.98
2023-05-14 14:00:00,7.97
2023-05-14 14:15:00,7.97
2023-05-14 14:30:00,7.98
2023-05-14 14:45:00,7.99
2023-05-14 15:00:00,7.98
2023-05-14 15:15:00,7.98
2023-05-14 15:30:00,8
2023-05-14 15:45:00,7.98
2023-05-14 16:00:00,7.99
2023-05-14 16:15:00,7.98
2023-05-14 16:30:00,7.99
2023-05-14 16:45:00,7.99
2023-05-14 17:00:00,7.99
2023-05-14 17:15:00,8
2023-05-14 17:30:00,7.99
2023-05-14 17:45:00,7.99
2023-05-14 18:00:00,7.99
2023-05-14 18:15:00,7.98
2023-05-14 18:30:00,8
2023-05-14 18:45:00,7.98
2023-05-14 19:00:00,7.98
2023-05-14 19:15:00,7.99
2023-05-14 19:30:00,7.99
2023-05-14 19:45:00,7.98
2023-05-14 20:00:00,7.98
2023-05-14 20:15:00,7.97
2023-05-14 20:30:00,7.99
2023-05-14 20:45:00,7.98
2023-05-14 21:00:00,7.99
2023-05-14 21:15:00,7.99
2023-05-14 21:30:00,7.98
2023-05-14 21:45:00,7.99
2023-05-14 22:00:00,7.98
2023-05-14 22:15:00,7.98
2023-05-14 22:30:00,8.01
2023-05-14 22:45:00,7.99
2023-05-14 23:00:00,8
2023-05-14 23:15:00,8
2023-05-14 23:30:00,8
2023-05-14 23:45:00,7.99
2023-05-15 00:00:00,7.99
2023-05-15 00:15:00,8.01
2023-05-15 00:30:00,8
2023-05-15 00:45:00,8
2023-05-15 01:00:00,8.01
2023-05-15 01:15:00,8.01
2023-05-15 01:30:00,8.01
2023-05-15 01:45:00,8
2023-05-15 02:00:00,8
2023-05-15 02:15:00,8.01
2023-05-15 02:30:00,8.01
2023-05-15 02:45:00,8.01
2023-05-15 03:00:00,8.02
2023-05-15 03:15:00,8.01
2023-05-15 03:30:00,8.02
2023-05-15 03:45:00,8.02
2023-05-15 04:00:00,8.03
2023-05-15 04:15:00,8.02
2023-05-15 04:30:00,8.02
2023-05-15 04:45:00,8.02
2023-05-15 05:00:00,8.02
2023-05-15 05:15:00,8.02
2023-05-15 05:30:00,8.04
2023-05-15 05:45:00,8.03
2023-05-15 06:00:00,8.04
2023-05-15 06:15:00,8.04
2023-05-15 06:30:00,8.02
2023-05-15 06:45:00,8.02
2023-05-15 07:00:00,8.04
2023-05-15 07:15:00,8.03
2023-05-15 07:30:00,8.03
2023-05-15 07:45:00,8.04
2023-05-15 08:00:00,8.03
2023-05-15 08:15:00,8.05
2023-05-15 08:30:00,8.05
2023-05-15 08:45:00,8.05
2023-05-15 09:00:00,8.07
2023-05-15 09:15:00,8.06
2023-05-15 09:30:00,8.06
2023-05-15 09:45:00,8.06
2023-05-15 10:00:00,8.06
2023-05-15 10:15:00,8.07
2023-05-15 10:30:00,8.07
2023-05-15 10:45:00,8.08
2023-05-15 11:00:00,8.08
2023-05-15 11:15:00,8.06
2023-05-15 11:30:00,8.06
2023-05-15 11:45:00,8.07
2023-05-15 12:00:00,8.08
2023-05-15 12:15:00,8.07
2023-05-15 12:30:00,8.07
2023-05-15 12:45:00,8.1
2023-05-15 13:00:00,8.08
2023-05-15 13:15:00,8.09
2023-05-15 13:30:00,8.09
2023-05-15 13:45:00,8.1
2023-05-15 14:00:00,8.11
2023-05-15 14:15:00,8.11
2023-05-15 14:30:00,8.1
2023-05-15 14:45:00,8.12
2023-05-15 15:00:00,8.13
2023-05-15 15:15:00,8.11
2023-05-15 15:30:00,8.1
2023-05-15 15:45:00,8.09
2023-05-15 16:00:00,8.12
2023-05-15 16:15:00,8.1
2023-05-15 16:30:00,8.11
2023-05-15 16:45:00,8.11
2023-05-15 17:00:00,8.1
2023-05-15 17:15:00,8.09
2023-05-15 17:30:00,8.09
2023-05-15 17:45:00,8.1
2023-05-15 18:00:00,8.11
2023-05-15 18:15:00,8.11
2023-05-15 18:30:00,8.11
2023-05-15 18:45:00,8.11
2023-05-15 19:00:00,8.1
2023-05-15 19:15:00,8.1
2023-05-15 19:30:00,8.1
2023-05-15 19:45:00,8.09
2023-05-15 20:00:00,8.11
2023-05-15 20:15:00,8.11
2023-05-15 20:30:00,8.11
2023-05-15 20:45:00,8.1
2023-05-15 21:00:00,8.11
2023-05-15 21:15:00,8.09
2023-05-15 21:30:00,8.11
2023-05-15 21:45:00,8.11
2023-05-15 22:00:00,8.12
2023-05-15 22:15:00,8.12
2023-05-15 22:30:00,8.12
2023-05-15 22:45:00,8.11
2023-05-15 23:00:00,8.11
2023-05-15 23:15:00,8.11
2023-05-15 23:30:00,8.11
2023-05-15 23:45:00,8.11
2023-05-16 00:00:00,8.11
2023-05-16 00:15:00,8.12
2023-05-16 00:30:00,8.12
2023-05-16 00:45:00,8.12
2023-05-16 01:00:00,8.12
2023-05-16 01:15:00,8.11
2023-05-16 01:30:00,8.13
2023-05-16 01:45:00,8.14
2023-05-16 02:00:00,8.13
2023-05-16 02:15:00,8.12
2023-05-16 02:30:00,8.14
2023-05-16 02:45:00,8.12
2023-05-16 03:00:00,8.13
2023-05-16 03:15:00,8.13
2023-05-16 03:30:00,8.14
2023-05-16 03:45:00,8.15
2023-05-16 04:00:00,8.13
2023-05-16 04:15:00,8.15
2023-05-16 04:30:00,8.13
2023-05-16 04:45:00,8.14
2023-05-16 05:00:00,8.14
2023-05-16 05:15:00,8.14
2023-05-16 05:30:00,8.13
2023-05-16 05:45:00,8.15
2023-05-16 06:00:00,8.14
2023-05-16 06:15:00,8.16
2023-05-16 06:30:00,8.14
2023-05-16 06:45:00,8.16
2023-05-16 07:00:00,8.15
2023-05-16 07:15:00,8.15
2023-05-16 07:30:00,8.17
2023-05-16 07:45:00,8.17
2023-05-16 08:00:00,8.16
2023-05-16 08:15:00,8.17
2023-05-16 08:30:00,8.16
2023-05-16 08:45:00,8.16
2023-05-16 09:00:00,8.16
2023-05-16 09:15:00,8.12
2023-05-16 09:30:00,8.15
2023-05-16 09:45:00,8.14
2023-05-16 10:00:00,8.14
2023-05-16 10:15:00,8.16
2023-05-16 10:30:00,8.15
2023-05-16 10:45:00,8.14
2023-05-16 11:00:00,8.14
2023-05-16 11:15:00,8.15
2023-05-16 11:30:00,8.14
2023-05-16 11:45:00,8.16
2023-05-16 12:00:00,8.16
2023-05-16 12:15:00,8.14
2023-05-16 12:30:00,8.14
2023-05-16 12:45:00,8.17
2023-05-16 13:00:00,8.15
2023-05-16 13:15:00,8.16
2023-05-16 13:30:00,8.15
2023-05-16 13:45:00,8.14
2023-05-16 14:00:00,8.14
2023-05-16 14:15:00,8.15
2023-05-16 14:30:00,8.16
2023-05-16 14:45:00,8.15
2023-05-16 15:00:00,8.15
2023-05-16 15:15:00,8.16
2023-05-16 15:30:00,8.17
2023-05-16 15:45:00,8.16
2023-05-16 16:00:00,8.17
2023-05-16 16:15:00,8.16
2023-05-16 16:30:00,8.16
2023-05-16 16:45:00,8.17
2023-05-16 17:00:00,8.17
2023-05-16 17:15:00,8.16
2023-05-16 17:30:00,8.16
2023-05-16 17:45:00,8.17
2023-05-16 18:00:00,8.19
2023-05-16 18:15:00,8.17
2023-05-16 18:30:00,8.16
2023-05-16 18:45:00,8.18
2023-05-16 19:00:00,8.17
2023-05-16 19:15:00,8.17
2023-05-16 19:30:00,8.18
2023-05-16 19:45:00,8.17
2023-05-16 20:00:00,8.19
2023-05-16 20:15:00,8.18
2023-05-16 20:30:00,8.19
2023-05-16 20:45:00,8.19
2023-05-16 21:00:00,8.19
2023-05-16 21:15:00,8.18
2023-05-16 21:30:00,8.19
2023-05-16 21:45:00,8.18
2023-05-16 22:00:00,8.18
2023-05-16 22:15:00,8.19
2023-05-16 22:30:00,8.2
2023-05-16 22:45:00,8.19
2023-05-16 23:00:00,8.2
2023-05-16 23:15:00,8.2
2023-05-16 23:30:00,8.18
2023-05-16 23:45:00,8.19
2023-05-17 00:00:00,8.19
2023-05-17 00:15:00,8.2
2023-05-17 00:30:00,8.2
2023-05-17 00:45:00,8.19
2023-05-17 01:00:00,8.21
2023-05-17 01:15:00,8.2
2023-05-17 01:30:00,8.2
2023-05-17 01:45:00,8.21
2023-05-17 02:00:00,8.21
2023-05-17 02:15:00,8.2
2023-05-17 02:30:00,8.21
2023-05-17 02:45:00,8.2
2023-05-17 03:00:00,8.2
2023-05-17 03:15:00,8.19
2023-05-17 03:30:00,8.22
2023-05-17 03:45:00,8.2
2023-05-17 04:00:00,8.2
2023-05-17 04:15:00,8.22
2023-05-17 04:30:00,8.21
2023-05-17 04:45:00,8.22
2023-05-17 05:00:00,8.24
2023-05-17 05:15:00,8.23
2023-05-17 05:30:00,8.23
2023-05-17 05:45:00,8.23
2023-05-17 06:00:00,8.24
2023-05-17 06:15:00,8.24
2023-05-17 06:30:00,8.24
2023-05-17 06:45:00,8.25
2023-05-17 07:00:00,8.25
2023-05-17 07:15:00,8.23
2023-05-17 07:30:00,8.26
2023-05-17 07:45:00,8.25
2023-05-17 08:00:00,8.25
2023-05-17 08:15:00,8.26
2023-05-17 08:30:00,8.26
2023-05-17 08:45:00,8.25
2023-05-17 09:00:00,8.26
2023-05-17 09:15:00,8.27
2023-05-17 09:30:00,8.25
2023-05-17 09:45:00,8.26
2023-05-17 10:00:00,8.27
2023-05-17 10:15:00,8.28
2023-05-17 10:30:00,8.27
2023-05-17 10:45:00,8.27
2023-05-17 11:00:00,8.27
2023-05-17 11:15:00,8.28
2023-05-17 11:30:00,8.28
2023-05-17 11:45:00,8.28
2023-05-17 12:00:00,8.29
2023-05-17 12:15:00,8.27
2023-05-17 12:30:00,8.29
2023-05-17 12:45:00,8.28
2023-05-17 13:00:00,8.28
2023-05-17 13:15:00,8.29
2023-05-17 13:30:00,8.3
2023-05-17 13:45:00,8.28
2023-05-17 14:00:00,8.29
2023-05-17 14:15:00,8.3
2023-05-17 14:30:00,8.29
2023-05-17 14:45:00,8.3
2023-05-17 15:00:00,8.31
2023-05-17 15:15:00,8.32
2023-05-17 15:30:00,8.32
2023-05-17 15:45:00,8.32
2023-05-17 16:00:00,8.32
2023-05-17 16:15:00,8.32
2023-05-17 16:30:00,8.32
2023-05-17 16:45:00,8.32
2023-05-17 17:00:00,8.3
2023-05-17 17:15:00,8.33
2023-05-17 17:30:00,8.33
2023-05-17 17:45:00,8.33
2023-05-17 18:00:00,8.34
2023-05-17 18:15:00,8.33
2023-05-17 18:30:00,8.34
2023-05-17 18:45:00,8.32
2023-05-17 19:00:00,8.33
2023-05-17 19:15:00,8.34
2023-05-17 19:30:00,8.32
2023-05-17 19:45:00,8.33
2023-05-17 20:00:00,8.34
2023-05-17 20:15:00,8.33
2023-05-17 20:30:00,8.34
2023-05-17 20:45:00,8.34
2023-05-17 21:00:00,8.34
2023-05-17 21:15:00,8.34
2023-05-17 21:30:00,8.35
2023-05-17 21:45:00,8.35
2023-05-17 22:00:00,8.34
2023-05-17 22:15:00,8.35
2023-05-17 22:30:00,8.37
2023-05-17 22:45:00,8.34
2023-05-17 23:00:00,8.34
2023-05-17 23:15:00,8.35
2023-05-17 23:30:00,8.36
2023-05-17 23:45:00,8.36
2023-05-18 00:00:00,8.37
2023-05-18 00:15:00,8.36
2023-05-18 00:30:00,8.37
2023-05-18 00:45:00,8.36
2023-05-18 01:00:00,8.36
2023-05-18 01:15:00,8.36
2023-05-18 01:30:00,8.36
2023-05-18 01:45:00,8.37
2023-05-18 02:00:00,8.37
2023-05-18 02:15:00,8.36
2023-05-18 02:30:00,8.37
2023-05-18 02:45:00,8.38
2023-05-18 03:00:00,8.38
2023-05-18 03:15:00,8.38
2023-05-18 03:30:00,8.39
2023-05-18 03:45:00,8.37
2023-05-18 04:00:00,8.38
2023-05-18 04:15:00,8.38
2023-05-18 04:30:00,8.39
2023-05-18 04:45:00,8.39
2023-05-18 05:00:00,8.4
2023-05-18 05:15:00,8.4
2023-05-18 05:30:00,8.41
2023-05-18 05:45:00,8.4
2023-05-18 06:00:00,8.4
2023-05-18 06:15:00,8.4
2023-05-18 06:30:00,8.38
2023-05-18 06:45:00,8.4
2023-05-18 07:00:00,8.42
2023-05-18 07:15:00,8.41
2023-05-18 07:30:00,8.41
2023-05-18 07:45:00,8.42
2023-05-18 08:00:00,8.43
2023-05-18 08:15:00,8.42
2023-05-18 08:30:00,8.42
2023-05-18 08:45:00,8.43
2023-05-18 09:00:00,8.44
2023-05-18 09:15:00,8.42
2023-05-18 09:30:00,8.43
2023-05-18 09:45:00,8.44
2023-05-18 10:00:00,8.43
2023-05-18 10:15:00,8.43
2023-05-18 10:30:00,8.45
2023-05-18 10:45:00,8.45
2023-05-18 11:00:00,8.44
2023-05-18 11:15:00,8.45
2023-05-18 11:30:00,8.45
2023-05-18 11:45:00,8.45
2023-05-18 12:00:00,8.46
2023-05-18 12:15:00,8.46
2023-05-18 12:30:00,8.46
2023-05-18 12:45:00,8.45
2023-05-18 13:00:00,8.47
2023-05-18 13:15:00,8.47
2023-05-18 13:30:00,8.45
2023-05-18 13:45:00,8.47
2023-05-18 14:00:00,8.45
2023-05-18 14:15:00,8.46
2023-05-18 14:30:00,8.47
2023-05-18 14:45:00,8.45
2023-05-18 15:00:00,8.46
2023-05-18 15:15:00,8.47
2023-05-18 15:30:00,8.48
2023-05-18 15:45:00,8.47
2023-05-18 16:00:00,8.48
2023-05-18 16:15:00,8.47
2023-05-18 16:30:00,8.48
2023-05-18 16:45:00,8.49
2023-05-18 17:00:00,8.47
2023-05-18 17:15:00,8.49
2023-05-18 17:30:00,8.49
2023-05-18 17:45:00,8.48
2023-05-18 18:00:00,8.5
2023-05-18 18:15:00,8.49
2023-05-18 18:30:00,8.48
2023-05-18 18:45:00,8.49
2023-05-18 19:00:00,8.5
2023-05-18 19:15:00,8.49
2023-05-18 19:30:00,8.49
2023-05-18 19:45:00,8.51
2023-05-18 20:00:00,8.47
2023-05-18 20:15:00,8.48
2023-05-18 20:30:00,8.49
2023-05-18 20:45:00,8.48
2023-05-18 21:00:00,8.49
2023-05-18 21:15:00,8.49
2023-05-18 21:30:00,8.48
2023-05-18 21:45:00,8.49
2023-05-18 22:00:00,8.51
2023-05-18 22:15:00,8.5
2023-05-18 22:30:00,8.49
2023-05-18 22:45:00,8.5
2023-05-18 23:00:00,8.5
2023-05-18 23:15:00,8.5
2023-05-18 23:30:00,8.52
2023-05-18 23:45:00,8.5
2023-05-19 00:00:00,8.52
2023-05-19 00:15:00,8.5
2023-05-19 00:30:00,8.5
2023-05-19 00:45:00,8.5
2023-05-19 01:00:00,8.52
2023-05-19 01:15:00,8.52
2023-05-19 01:30:00,8.52
2023-05-19 01:45:00,8.52
2023-05-19 02:00:00,8.52
2023-05-19 02:15:00,8.51
2023-05-19 02:30:00,8.52
2023-05-19 02:45:00,8.52
2023-05-19 03:00:00,8.52
2023-05-19 03:15:00,8.51
2023-05-19 03:30:00,8.52
2023-05-19 03:45:00,8.52
2023-05-19 04:00:00,8.53
2023-05-19 04:15:00,8.53
2023-05-19 04:30:00,8.53
2023-05-19 04:45:00,8.53
2023-05-19 05:00:00,8.53
2023-05-19 05:15:00,8.54
2023-05-19 05:30:00,8.54
2023-05-19 05:45:00,8.53
2023-05-19 06:00:00,8.55
2023-05-19 06:15:00,8.55
2023-05-19 06:30:00,8.54
2023-05-19 06:45:00,8.55
2023-05-19 07:00:00,8.55
2023-05-19 07:15:00,8.56
2023-05-19 07:30:00,8.56
2023-05-19 07:45:00,8.56
2023-05-19 08:00:00,8.54
2023-05-19 08:15:00,8.57
2023-05-19 08:30:00,8.57
2023-05-19 08:45:00,8.57
2023-05-19 09:00:00,8.56
2023-05-19 09:15:00,8.57
2023-05-19 09:30:00,8.57
2023-05-19 09:45:00,8.58
2023-05-19 10:00:00,8.59
2023-05-19 10:15:00,8.59
2023-05-19 10:30:00,8.61
2023-05-19 10:45:00,8.6
2023-05-19 11:00:00,8.62
2023-05-19 11:15:00,8.61
2023-05-19 11:30:00,8.63
2023-05-19 11:45:00,8.63
2023-05-19 12:00:00,8.62
2023-05-19 12:15:00,8.61
2023-05-19 12:30:00,8.61
2023-05-19 12:45:00,8.62
2023-05-19 13:00:00,8.62
2023-05-19 13:15:00,8.62
2023-05-19 13:30:00,8.64
2023-05-19 13:45:00,8.61
2023-05-19 14:00:00,8.63
2023-05-19 14:15:00,8.62
2023-05-19 14:30:00,8.65
2023-05-19 14:45:00,8.64
2023-05-19 15:00:00,8.63
2023-05-19 15:15:00,8.63
2023-05-19 15:30:00,8.64
2023-05-19 15:45:00,8.66
2023-05-19 16:00:00,8.65
2023-05-19 16:15:00,8.65
2023-05-19 16:30:00,8.66
2023-05-19 16:45:00,8.65
2023-05-19 17:00:00,8.66
2023-05-19 17:15:00,8.67
2023-05-19 17:30:00,8.65
2023-05-19 17:45:00,8.66
2023-05-19 18:00:00,8.66
2023-05-19 18:15:00,8.67
2023-05-19 18:30:00,8.66
2023-05-19 18:45:00,8.64
2023-05-19 19:00:00,8.68
2023-05-19 19:15:00,8.66
2023-05-19 19:30:00,8.66
2023-05-19 19:45:00,8.66
2023-05-19 20:00:00,8.65
2023-05-19 20:15:00,8.67
2023-05-19 20:30:00,8.66
2023-05-19 20:45:00,8.67
2023-05-19 21:00:00,8.66
2023-05-19 21:15:00,8.66
2023-05-19 21:30:00,8.68
2023-05-19 21:45:00,8.67
2023-05-19 22:00:00,8.67
2023-05-19 22:15:00,8.68
2023-05-19 22:30:00,8.66
2023-05-19 22:45:00,8.67
2023-05-19 23:00:00,8.68
2023-05-19 23:15:00,8.68
2023-05-19 23:30:00,8.67
2023-05-19 23:45:00,8.66
2023-05-20 00:00:00,8.68
2023-05-20 00:15:00,8.69
2023-05-20 00:30:00,8.69
2023-05-20 00:45:00,8.68
2023-05-20 01:00:00,8.69
2023-05-20 01:15:00,8.69
2023-05-20 01:30:00,8.68
2023-05-20 01:45:00,8.69
2023-05-20 02:00:00,8.69
2023-05-20 02:15:00,8.69
2023-05-20 02:30:00,8.68
2023-05-20 02:45:00,8.7
2023-05-20 03:00:00,8.69
2023-05-20 03:15:00,8.69
2023-05-20 03:30:00,8.7
2023-05-20 03:45:00,8.69
2023-05-20 04:00:00,8.69
2023-05-20 04:15:00,8.69
2023-05-20 04:30:00,8.7
2023-05-20 04:45:00,8.73
2023-05-20 05:00:00,8.74
2023-05-20 05:15:00,8.77
2023-05-20 05:30:00,8.77
2023-05-20 05:45:00,8.78
2023-05-20 06:00:00,8.78
2023-05-20 06:15:00,8.79
2023-05-20 06:30:00,8.82
2023-05-20 06:45:00,8.82
2023-05-20 07:00:00,8.83
2023-05-20 07:15:00,8.79
2023-05-20 07:30:00,8.77
2023-05-20 07:45:00,8.78
2023-05-20 08:00:00,8.78
2023-05-20 08:15:00,8.8
2023-05-20 08:30:00,8.78
2023-05-20 08:45:00,8.8
2023-05-20 09:00:00,8.82
2023-05-20 09:15:00,8.83
2023-05-20 09:30:00,8.85
2023-05-20 09:45:00,8.86
2023-05-20 10:00:00,8.87
2023-05-20 10:15:00,8.89
2023-05-20 10:30:00,8.91
2023-05-20 10:45:00,8.92
2023-05-20 11:00:00,8.94
2023-05-20 11:15:00,8.95
2023-05-20 11:30:00,8.99
2023-05-20 11:45:00,9.01
2023-05-20 12:00:00,9.04
2023-05-20 12:15:00,9.06
2023-05-20 12:30:00,9.09
2023-05-20 12:45:00,9.1
2023-05-20 13:00:00,9.11
2023-05-20 13:15:00,9.15
2023-05-20 13:30:00,9.15
2023-05-20 13:45:00,9.17
2023-05-20 14:00:00,9.17
2023-05-20 14:15:00,9.19
2023-05-20 14:30:00,9.21
2023-05-20 14:45:00,9.22
2023-05-20 15:00:00,9.23
2023-05-20 15:15:00,9.24
2023-05-20 15:30:00,9.24
2023-05-20 15:45:00,9.26
2023-05-20 16:00:00,9.27
2023-05-20 16:15:00,9.25
2023-05-20 16:30:00,9.26
2023-05-20 16:45:00,9.27
2023-05-20 17:00:00,9.27
2023-05-20 17:15:00,9.27
2023-05-20 17:30:00,9.33
2023-05-20 17:45:00,9.37
2023-05-20 18:00:00,9.37
2023-05-20 18:15:00,9.32
2023-05-20 18:30:00,9.3
2023-05-20 18:45:00,9.25
2023-05-20 19:00:00,9.17
2023-05-20 19:15:00,9.17
2023-05-20 19:30:00,9.2
2023-05-20 19:45:00,9.18
2023-05-20 20:00:00,9.17
2023-05-20 20:15:00,9.16
2023-05-20 20:30:00,9.16
2023-05-20 20:45:00,9.12
2023-05-20 21:00:00,9.1
2023-05-20 21:15:00,9.06
2023-05-20 21:30:00,9.05
2023-05-20 21:45:00,9.01
2023-05-20 22:00:00,9
2023-05-20 22:15:00,8.99
2023-05-20 22:30:00,9
2023-05-20 22:45:00,8.98
2023-05-20 23:00:00,8.98
2023-05-20 23:15:00,8.97
2023-05-20 23:30:00,8.97
2023-05-20 23:45:00,8.97
2023-05-21 00:00:00,8.98
2023-05-21 00:15:00,8.99
2023-05-21 00:30:00,8.98
2023-05-21 00:45:00,8.98
2023-05-21 01:00:00,8.96
2023-05-21 01:15:00,8.99
2023-05-21 01:30:00,8.98
2023-05-21 01:45:00,8.97
2023-05-21 02:00:00,8.97
2023-05-21 02:15:00,8.97
2023-05-21 02:30:00,8.98
2023-05-21 02:45:00,8.96
2023-05-21 03:00:00,8.99
2023-05-21 03:15:00,8.99
2023-05-21 03:30:00,8.97
2023-05-21 03:45:00,8.96
2023-05-21 04:00:00,8.97
2023-05-21 04:15:00,8.97
2023-05-21 04:30:00,8.97
2023-05-21 04:45:00,8.95
2023-05-21 05:00:00,8.97
2023-05-21 05:15:00,8.97
2023-05-21 05:30:00,8.97
2023-05-21 05:45:00,8.97
2023-05-21 06:00:00,8.96
2023-05-21 06:15:00,8.97
2023-05-21 06:30:00,8.95
2023-05-21 06:45:00,8.97
2023-05-21 07:00:00,8.97
2023-05-21 07:15:00,8.98
2023-05-21 07:30:00,8.98
2023-05-21 07:45:00,8.97
2023-05-21 08:00:00,9
2023-05-21 08:15:00,8.99
2023-05-21 08:30:00,8.99
2023-05-21 08:45:00,9.02
2023-05-21 09:00:00,9.02
2023-05-21 09:15:00,9.03
2023-05-21 09:30:00,9.03
2023-05-21 09:45:00,9.06
2023-05-21 10:00:00,9.06
2023-05-21 10:15:00,9.08
2023-05-21 10:30:00,9.1
2023-05-21 10:45:00,9.12
2023-05-21 11:00:00,9.25
2023-05-21 11:15:00,9.38
2023-05-21 11:30:00,9.47
2023-05-21 11:45:00,9.44
2023-05-21 12:00:00,9.33
2023-05-21 12:15:00,9.35
2023-05-21 12:30:00,9.33
2023-05-21 12:45:00,9.34
2023-05-21 13:00:00,9.42
2023-05-21 13:15:00,9.41
2023-05-21 13:30:00,9.38
2023-05-21 13:45:00,9.45
2023-05-21 14:00:00,9.43
2023-05-21 14:15:00,9.37
2023-05-21 14:30:00,9.35
2023-05-21 14:45:00,9.37
2023-05-21 15:00:00,9.54
2023-05-21 15:15:00,9.48
2023-05-21 15:30:00,9.47
2023-05-21 15:45:00,9.4
2023-05-21 16:00:00,9.47
2023-05-21 16:15:00,9.46
2023-05-21 16:30:00,9.49
2023-05-21 16:45:00,9.5
2023-05-21 17:00:00,9.48
2023-05-21 17:15:00,9.46
2023-05-21 17:30:00,9.46
2023-05-21 17:45:00,9.45
2023-05-21 18:00:00,9.39
2023-05-21 18:15:00,9.39
2023-05-21 18:30:00,9.37
2023-05-21 18:45:00,9.35
2023-05-21 19:00:00,9.35
2023-05-21 19:15:00,9.35
2023-05-21 19:30:00,9.36
2023-05-21 19:45:00,9.33
2023-05-21 20:00:00,9.29
2023-05-21 20:15:00,9.28
2023-05-21 20:30:00,9.27
2023-05-21 20:45:00,9.27
2023-05-21 21:00:00,9.26
2023-05-21 21:15:00,9.28
2023-05-21 21:30:00,9.28
2023-05-21 21:45:00,9.29
2023-05-21 22:00:00,9.29
2023-05-21 22:15:00,9.27
2023-05-21 22:30:00,9.29
2023-05-21 22:45:00,9.25
2023-05-21 23:00:00,9.28
2023-05-21 23:15:00,9.26
2023-05-21 23:30:00,9.27
2023-05-21 23:45:00,9.27
2023-05-22 00:00:00,9.26
2023-05-22 00:15:00,9.26
2023-05-22 00:30:00,9.23
2023-05-22 00:45:00,9.24
2023-05-22 01:00:00,9.23
2023-05-22 01:15:00,9.22
2023-05-22 01:30:00,9.23
2023-05-22 01:45:00,9.21
2023-05-22 02:00:00,9.22
2023-05-22 02:15:00,9.22
2023-05-22 02:30:00,9.21
2023-05-22 02:45:00,9.21
2023-05-22 03:00:00,9.19
2023-05-22 03:15:00,9.18
2023-05-22 03:30:00,9.18
2023-05-22 03:45:00,9.16
2023-05-22 04:00:00,9.15
2023-05-22 04:15:00,9.13
2023-05-22 04:30:00,9.12
2023-05-22 04:45:00,9.14
2023-05-22 05:00:00,9.14
2023-05-22 05:15:00,9.15
2023-05-22 05:30:00,9.17
2023-05-22 05:45:00,9.18
2023-05-22 06:00:00,9.17
2023-05-22 06:15:00,9.17
2023-05-22 06:30:00,9.17
2023-05-22 06:45:00,9.18
2023-05-22 07:00:00,9.18
2023-05-22 07:15:00,9.17
2023-05-22 07:30:00,9.18
2023-05-22 07:45:00,9.19
2023-05-22 08:00:00,9.21
2023-05-22 08:15:00,9.19
2023-05-22 08:30:00,9.22
2023-05-22 08:45:00,9.24
2023-05-22 09:00:00,9.25
2023-05-22 09:15:00,9.29
2023-05-22 09:30:00,9.28
2023-05-22 09:45:00,9.24
2023-05-22 10:00:00,9.23
2023-05-22 10:15:00,9.24
2023-05-22 10:30:00,9.23
2023-05-22 10:45:00,9.18
2023-05-22 11:00:00,9.18
2023-05-22 11:15:00,9.17
2023-05-22 11:30:00,9.18
2023-05-22 11:45:00,9.19
2023-05-22 12:00:00,9.2
2023-05-22 12:15:00,9.2
2023-05-22 12:30:00,9.2
2023-05-22 12:45:00,9.21
2023-05-22 13:00:00,9.21
2023-05-22 13:15:00,9.23
2023-05-22 13:30:00,9.21
2023-05-22 13:45:00,9.23
2023-05-22 14:00:00,9.24
2023-05-22 14:15:00,9.23
2023-05-22 14:30:00,9.23
2023-05-22 14:45:00,9.25
2023-05-22 15:00:00,9.24
2023-05-22 15:15:00,9.23
2023-05-22 15:30:00,9.23
2023-05-22 15:45:00,9.23
2023-05-22 16:00:00,9.24
2023-05-22 16:15:00,9.22
2023-05-22 16:30:00,9.23
2023-05-22 16:45:00,9.23
2023-05-22 17:00:00,9.23
2023-05-22 17:15:00,9.22
2023-05-22 17:30:00,9.24
2023-05-22 17:45:00,9.21
2023-05-22 18:00:00,9.21
2023-05-22 18:15:00,9.2
2023-05-22 18:30:00,9.2
2023-05-22 18:45:00,9.21
2023-05-22 19:00:00,9.2
2023-05-22 19:15:00,9.21
2023-05-22 19:30:00,9.2
2023-05-22 19:45:00,9.19
2023-05-22 20:00:00,9.18
2023-05-22 20:15:00,9.19
2023-05-22 20:30:00,9.2
2023-05-22 20:45:00,9.21
2023-05-22 21:00:00,9.21
2023-05-22 21:15:00,9.2
2023-05-22 21:30:00,9.21
2023-05-22 21:45:00,9.2
2023-05-22 22:00:00,9.2
2023-05-22 22:15:00,9.2
2023-05-22 22:30:00,9.19
2023-05-22 22:45:00,9.2
2023-05-22 23:00:00,9.2
2023-05-22 23:15:00,9.21
2023-05-22 23:30:00,9.2
2023-05-22 23:45:00,9.21
2023-05-23 00:00:00,9.2
2023-05-23 00:15:00,9.2
2023-05-23 00:30:00,9.2
2023-05-23 00:45:00,9.2
2023-05-23 01:00:00,9.2
2023-05-23 01:15:00,9.2
2023-05-23 01:30:00,9.21
2023-05-23 01:45:00,9.2
2023-05-23 02:00:00,9.2
2023-05-23 02:15:00,9.2
2023-05-23 02:30:00,9.19
2023-05-23 02:45:00,9.2
2023-05-23 03:00:00,9.19
2023-05-23 03:15:00,9.2
2023-05-23 03:30:00,9.2
2023-05-23 03:45:00,9.2
2023-05-23 04:00:00,9.2
2023-05-23 04:15:00,9.2
2023-05-23 04:30:00,9.2
2023-05-23 04:45:00,9.21
2023-05-23 05:00:00,9.2
2023-05-23 05:15:00,9.21
2023-05-23 05:30:00,9.22
2023-05-23 05:45:00,9.23
2023-05-23 06:00:00,9.22
2023-05-23 06:15:00,9.22
2023-05-23 06:30:00,9.24
2023-05-23 06:45:00,9.22
2023-05-23 07:00:00,9.23
2023-05-23 07:15:00,9.22
2023-05-23 07:30:00,9.23
2023-05-23 07:45:00,9.24
2023-05-23 08:00:00,9.25
2023-05-23 08:15:00,9.25
2023-05-23 08:30:00,9.26
2023-05-23 08:45:00,9.26
2023-05-23 09:00:00,9.27
2023-05-23 09:15:00,9.28
2023-05-23 09:30:00,9.27
2023-05-23 09:45:00,9.29
2023-05-23 10:00:00,9.29
2023-05-23 10:15:00,9.29
2023-05-23 10:30:00,9.3
2023-05-23 10:45:00,9.31
2023-05-23 11:00:00,9.31
2023-05-23 11:15:00,9.32
2023-05-23 11:30:00,9.32
2023-05-23 11:45:00,9.34
2023-05-23 12:00:00,9.34
2023-05-23 12:15:00,9.35
2023-05-23 12:30:00,9.36
2023-05-23 12:45:00,9.37
2023-05-23 13:00:00,9.38
2023-05-23 13:15:00,9.37
2023-05-23 13:30:00,9.37
2023-05-23 13:45:00,9.38
2023-05-23 14:00:00,9.39
2023-05-23 14:15:00,9.39
2023-05-23 14:30:00,9.4
2023-05-23 14:45:00,9.41
2023-05-23 15:00:00,9.4
2023-05-23 15:15:00,9.41
2023-05-23 15:30:00,9.4
2023-05-23 15:45:00,9.4
2023-05-23 16:00:00,9.4
2023-05-23 16:15:00,9.4
2023-05-23 16:30:00,9.41
2023-05-23 16:45:00,9.4
2023-05-23 17:00:00,9.4
2023-05-23 17:15:00,9.39
2023-05-23 17:30:00,9.4
2023-05-23 17:45:00,9.38
2023-05-23 18:00:00,9.39
2023-05-23 18:15:00,9.37
2023-05-23 18:30:00,9.38
2023-05-23 18:45:00,9.38
2023-05-23 19:00:00,9.37
2023-05-23 19:15:00,9.38
2023-05-23 19:30:00,9.37
2023-05-23 19:45:00,9.36
2023-05-23 20:00:00,9.36
2023-05-23 20:15:00,9.35
2023-05-23 20:30:00,9.35
2023-05-23 20:45:00,9.34
2023-05-23 21:00:00,9.36
2023-05-23 21:15:00,9.35
2023-05-23 21:30:00,9.35
2023-05-23 21:45:00,9.34
2023-05-23 22:00:00,9.34
2023-05-23 22:15:00,9.34
2023-05-23 22:30:00,9.35
2023-05-23 22:45:00,9.35
2023-05-23 23:00:00,9.35
2023-05-23 23:15:00,9.35
2023-05-23 23:30:00,9.35
2023-05-23 23:45:00,9.36
2023-05-24 00:00:00,9.36
2023-05-24 00:15:00,9.35
2023-05-24 00:30:00,9.35
2023-05-24 00:45:00,9.36
2023-05-24 01:00:00,9.36
2023-05-24 01:15:00,9.35
2023-05-24 01:30:00,9.35
2023-05-24 01:45:00,9.37
2023-05-24 02:00:00,9.36
2023-05-24 02:15:00,9.36
2023-05-24 02:30:00,9.35
2023-05-24 02:45:00,9.36
2023-05-24 03:00:00,9.36
2023-05-24 03:15:00,9.36
2023-05-24 03:30:00,9.36
2023-05-24 03:45:00,9.37
2023-05-24 04:00:00,9.34
2023-05-24 04:15:00,9.35
2023-05-24 04:30:00,9.35
2023-05-24 04:45:00,9.35
2023-05-24 05:00:00,9.36
2023-05-24 05:15:00,9.37
2023-05-24 05:30:00,9.37
2023-05-24 05:45:00,9.37
2023-05-24 06:00:00,9.37
2023-05-24 06:15:00,9.37
2023-05-24 06:30:00,9.37
2023-05-24 06:45:00,9.38
2023-05-24 07:00:00,9.38
2023-05-24 07:15:00,9.38
2023-05-24 07:30:00,9.4
2023-05-24 07:45:00,9.41
2023-05-24 08:00:00,9.41
2023-05-24 08:15:00,9.4
2023-05-24 08:30:00,9.41
2023-05-24 08:45:00,9.42
2023-05-24 09:00:00,9.42
2023-05-24 09:15:00,9.43
2023-05-24 09:30:00,9.45
2023-05-24 09:45:00,9.43
2023-05-24 10:00:00,9.45
2023-05-24 10:15:00,9.46
2023-05-24 10:30:00,9.46
2023-05-24 10:45:00,9.47
2023-05-24 11:00:00,9.47
2023-05-24 11:15:00,9.48
2023-05-24 11:30:00,9.48
2023-05-24 11:45:00,9.47
2023-05-24 12:00:00,9.47
2023-05-24 12:15:00,9.49
2023-05-24 12:30:00,9.49
2023-05-24 12:45:00,9.51
2023-05-24 13:00:00,9.5
2023-05-24 13:15:00,9.52
2023-05-24 13:30:00,9.52
2023-05-24 13:45:00,9.52
2023-05-24 14:00:00,9.54
2023-05-24 14:15:00,9.55
2023-05-24 14:30:00,9.55
2023-05-24 14:45:00,9.55
2023-05-24 15:00:00,9.56
2023-05-24 15:15:00,9.55
2023-05-24 15:30:00,9.57
2023-05-24 15:45:00,9.56
2023-05-24 16:00:00,9.56
2023-05-24 16:15:00,9.56
2023-05-24 16:30:00,9.56
2023-05-24 16:45:00,9.55
2023-05-24 17:00:00,9.55
2023-05-24 17:15:00,9.54
2023-05-24 17:30:00,9.54
2023-05-24 17:45:00,9.55
2023-05-24 18:00:00,9.55
2023-05-24 18:15:00,9.54
2023-05-24 18:30:00,9.53
2023-05-24 18:45:00,9.54
2023-05-24 19:00:00,9.52
2023-05-24 19:15:00,9.51
2023-05-24 19:30:00,9.52
2023-05-24 19:45:00,9.51
2023-05-24 20:00:00,9.51
2023-05-24 20:15:00,9.48
2023-05-24 20:30:00,9.48
2023-05-24 20:45:00,9.48
2023-05-24 21:00:00,9.48
2023-05-24 21:15:00,9.47
2023-05-24 21:30:00,9.47
2023-05-24 21:45:00,9.48
2023-05-24 22:00:00,9.46
2023-05-24 22:15:00,9.46
2023-05-24 22:30:00,9.47
2023-05-24 22:45:00,9.47
2023-05-24 23:00:00,9.46
2023-05-24 23:15:00,9.47
2023-05-24 23:30:00,9.46
2023-05-24 23:45:00,9.45
2023-05-25 00:00:00,9.46
2023-05-25 00:15:00,9.45
2023-05-25 00:30:00,9.45
2023-05-25 00:45:00,9.46
2023-05-25 01:00:00,9.44
2023-05-25 01:15:00,9.44
2023-05-25 01:30:00,9.45
2023-05-25 01:45:00,9.46
2023-05-25 02:00:00,9.45
2023-05-25 02:15:00,9.45
2023-05-25 02:30:00,9.44
2023-05-25 02:45:00,9.45
2023-05-25 03:00:00,9.44
2023-05-25 03:15:00,9.46
2023-05-25 03:30:00,9.45
2023-05-25 03:45:00,9.45
2023-05-25 04:00:00,9.44
2023-05-25 04:15:00,9.45
2023-05-25 04:30:00,9.44
2023-05-25 04:45:00,9.45
2023-05-25 05:00:00,9.45
2023-05-25 05:15:00,9.46
2023-05-25 05:30:00,9.47
2023-05-25 05:45:00,9.49
2023-05-25 06:00:00,9.47
2023-05-25 06:15:00,9.49
2023-05-25 06:30:00,9.49
2023-05-25 06:45:00,9.5
2023-05-25 07:00:00,9.51
2023-05-25 07:15:00,9.51
2023-05-25 07:30:00,9.52
2023-05-25 07:45:00,9.53
2023-05-25 08:00:00,9.52
2023-05-25 08:15:00,9.53
2023-05-25 08:30:00,9.55
2023-05-25 08:45:00,9.54
2023-05-25 09:00:00,9.55
2023-05-25 09:15:00,9.55
2023-05-25 09:30:00,9.57
2023-05-25 09:45:00,9.58
2023-05-25 10:00:00,9.58
2023-05-25 10:15:00,9.59
2023-05-25 10:30:00,9.59
2023-05-25 10:45:00,9.61
2023-05-25 11:00:00,9.62
2023-05-25 11:15:00,9.62
2023-05-25 11:30:00,9.63
2023-05-25 11:45:00,9.63
2023-05-25 12:00:00,9.65
2023-05-25 12:15:00,9.66
2023-05-25 12:30:00,9.65
2023-05-25 12:45:00,9.69
2023-05-25 13:00:00,9.68
2023-05-25 13:15:00,9.68
2023-05-25 13:30:00,9.69
2023-05-25 13:45:00,9.69
2023-05-25 14:00:00,9.68
2023-05-25 14:15:00,9.69
2023-05-25 14:30:00,9.7
2023-05-25 14:45:00,9.71
2023-05-25 15:00:00,9.7
2023-05-25 15:15:00,9.69
2023-05-25 15:30:00,9.71
2023-05-25 15:45:00,9.7
2023-05-25 16:00:00,9.7
2023-05-25 16:15:00,9.72
2023-05-25 16:30:00,9.7
2023-05-25 16:45:00,9.7
2023-05-25 17:00:00,9.7
2023-05-25 17:15:00,9.7
2023-05-25 17:30:00,9.68
2023-05-25 17:45:00,9.69
2023-05-25 18:00:00,9.69
2023-05-25 18:15:00,9.69
2023-05-25 18:30:00,9.68
2023-05-25 18:45:00,9.68
2023-05-25 19:00:00,9.67
2023-05-25 19:15:00,9.65
2023-05-25 19:30:00,9.66
2023-05-25 19:45:00,9.65
2023-05-25 20:00:00,9.65
2023-05-25 20:15:00,9.63
2023-05-25 20:30:00,9.64
2023-05-25 20:45:00,9.63
2023-05-25 21:00:00,9.61
2023-05-25 21:15:00,9.63
2023-05-25 21:30:00,9.63
2023-05-25 21:45:00,9.62
2023-05-25 22:00:00,9.6
2023-05-25 22:15:00,9.61
2023-05-25 22:30:00,9.61
2023-05-25 22:45:00,9.62
2023-05-25 23:00:00,9.61
2023-05-25 23:15:00,9.6
2023-05-25 23:30:00,9.6
2023-05-25 23:45:00,9.61
2023-05-26 00:00:00,9.6
2023-05-26 00:15:00,9.59
2023-05-26 00:30:00,9.59
2023-05-26 00:45:00,9.59
2023-05-26 01:00:00,9.6
2023-05-26 01:15:00,9.59
2023-05-26 01:30:00,9.6
2023-05-26 01:45:00,9.6
2023-05-26 02:00:00,9.59
2023-05-26 02:15:00,9.6
2023-05-26 02:30:00,9.58
2023-05-26 02:45:00,9.58
2023-05-26 03:00:00,9.58
2023-05-26 03:15:00,9.57
2023-05-26 03:30:00,9.58
2023-05-26 03:45:00,9.58
2023-05-26 04:00:00,9.58
2023-05-26 04:15:00,9.58
2023-05-26 04:30:00,9.59
2023-05-26 04:45:00,9.58
2023-05-26 05:00:00,9.59
2023-05-26 05:15:00,9.59
2023-05-26 05:30:00,9.6
2023-05-26 05:45:00,9.62
2023-05-26 06:00:00,9.6
2023-05-26 06:15:00,9.62
2023-05-26 06:30:00,9.62
2023-05-26 06:45:00,9.63
2023-05-26 07:00:00,9.62
2023-05-26 07:15:00,9.64
2023-05-26 07:30:00,9.63
2023-05-26 07:45:00,9.65
2023-05-26 08:00:00,9.65
2023-05-26 08:15:00,9.65
2023-05-26 08:30:00,9.66
2023-05-26 08:45:00,9.68
2023-05-26 09:00:00,9.67
2023-05-26 09:15:00,9.68
2023-05-26 09:30:00,9.69
2023-05-26 09:45:00,9.69
2023-05-26 10:00:00,9.71
2023-05-26 10:15:00,9.72
2023-05-26 10:30:00,9.74
2023-05-26 10:45:00,9.73
2023-05-26 11:00:00,9.76
2023-05-26 11:15:00,9.77
2023-05-26 11:30:00,9.77
2023-05-26 11:45:00,9.79
2023-05-26 12:00:00,9.79
2023-05-26 12:15:00,9.78
2023-05-26 12:30:00,9.8
2023-05-26 12:45:00,9.78
2023-05-26 13:00:00,9.79
2023-05-26 13:15:00,9.79
2023-05-26 13:30:00,9.8
2023-05-26 13:45:00,9.79
2023-05-26 14:00:00,9.8
2023-05-26 14:15:00,9.83
2023-05-26 14:30:00,9.8
2023-05-26 14:45:00,9.82
2023-05-26 15:00:00,9.83
2023-05-26 15:15:00,9.84
2023-05-26 15:30:00,9.84
2023-05-26 15:45:00,9.82
2023-05-26 16:00:00,9.84
2023-05-26 16:15:00,9.81
2023-05-26 16:30:00,9.83
2023-05-26 16:45:00,9.83
2023-05-26 17:00:00,9.82
2023-05-26 17:15:00,9.79
2023-05-26 17:30:00,9.78
2023-05-26 17:45:00,9.77
2023-05-26 18:00:00,9.78
2023-05-26 18:15:00,9.77
2023-05-26 18:30:00,9.77
2023-05-26 18:45:00,9.76
2023-05-26 19:00:00,9.82
2023-05-26 19:15:00,9.81
2023-05-26 19:30:00,9.8
2023-05-26 19:45:00,9.8
2023-05-26 20:00:00,9.79
2023-05-26 20:15:00,9.76
2023-05-26 20:30:00,9.78
2023-05-26 20:45:00,9.77
2023-05-26 21:00:00,9.77
2023-05-26 21:15:00,9.77
2023-05-26 21:30:00,9.77
2023-05-26 21:45:00,9.76
2023-05-26 22:00:00,9.76
2023-05-26 22:15:00,9.75
2023-05-26 22:30:00,9.75
2023-05-26 22:45:00,9.75
2023-05-26 23:00:00,9.74
2023-05-26 23:15:00,9.75
2023-05-26 23:30:00,9.75
2023-05-26 23:45:00,9.76
2023-05-27 00:00:00,9.77
2023-05-27 00:15:00,9.76
2023-05-27 00:30:00,9.75
2023-05-27 00:45:00,9.75
2023-05-27 01:00:00,9.75
2023-05-27 01:15:00,9.76
2023-05-27 01:30:00,9.75
2023-05-27 01:45:00,9.75
2023-05-27 02:00:00,9.75
2023-05-27 02:15:00,9.75
2023-05-27 02:30:00,9.76
2023-05-27 02:45:00,9.76
2023-05-27 03:00:00,9.75
2023-05-27 03:15:00,9.76
2023-05-27 03:30:00,9.75
2023-05-27 03:45:00,9.75
2023-05-27 04:00:00,9.75
2023-05-27 04:15:00,9.74
2023-05-27 04:30:00,9.75
2023-05-27 04:45:00,9.76
2023-05-27 05:00:00,9.75
2023-05-27 05:15:00,9.75
2023-05-27 05:30:00,9.76
2023-05-27 05:45:00,9.76
2023-05-27 06:00:00,9.75
2023-05-27 06:15:00,9.76
2023-05-27 06:30:00,9.76
2023-05-27 06:45:00,9.76
2023-05-27 07:00:00,9.78
2023-05-27 07:15:00,9.77
2023-05-27 07:30:00,9.77
2023-05-27 07:45:00,9.78
2023-05-27 08:00:00,9.8
2023-05-27 08:15:00,9.8
2023-05-27 08:30:00,9.8
2023-05-27 08:45:00,9.82
2023-05-27 09:00:00,9.79
2023-05-27 09:15:00,9.84
2023-05-27 09:30:00,9.87
2023-05-27 09:45:00,9.83
2023-05-27 10:00:00,9.87
2023-05-27 10:15:00,9.85
2023-05-27 10:30:00,9.98
2023-05-27 10:45:00,9.97
2023-05-27 11:00:00,9.97
2023-05-27 11:15:00,9.96
2023-05-27 11:30:00,9.98
2023-05-27 11:45:00,10.02
2023-05-27 12:00:00,9.97
2023-05-27 12:15:00,9.99
2023-05-27 12:30:00,9.97
2023-05-27 12:45:00,9.98
2023-05-27 13:00:00,10.03
2023-05-27 13:15:00,10.04
2023-05-27 13:30:00,10.04
2023-05-27 13:45:00,10.09
2023-05-27 14:00:00,10.07
2023-05-27 14:15:00,9.99
2023-05-27 14:30:00,9.99
2023-05-27 14:45:00,10
2023-05-27 15:00:00,9.97
2023-05-27 15:15:00,9.97
2023-05-27 15:30:00,9.98
2023-05-27 15:45:00,10.06
2023-05-27 16:00:00,10
2023-05-27 16:15:00,10.04
2023-05-27 16:30:00,10.09
2023-05-27 16:45:00,10.1
2023-05-27 17:00:00,10.04
2023-05-27 17:15:00,10.04
2023-05-27 17:30:00,10.03
2023-05-27 17:45:00,10.05
2023-05-27 18:00:00,10.01
2023-05-27 18:15:00,9.97
2023-05-27 18:30:00,9.98
2023-05-27 18:45:00,9.95
2023-05-27 19:00:00,9.93
2023-05-27 19:15:00,9.93
2023-05-27 19:30:00,9.93
2023-05-27 19:45:00,9.93
2023-05-27 20:00:00,9.92
2023-05-27 20:15:00,9.91
2023-05-27 20:30:00,9.89
2023-05-27 20:45:00,9.88
2023-05-27 21:00:00,9.88
2023-05-27 21:15:00,9.86
2023-05-27 21:30:00,9.86
2023-05-27 21:45:00,9.87
2023-05-27 22:00:00,9.85
2023-05-27 22:15:00,9.86
2023-05-27 22:30:00,9.87
2023-05-27 22:45:00,9.86
2023-05-27 23:00:00,9.86
2023-05-27 23:15:00,9.87
2023-05-27 23:30:00,9.86
2023-05-27 23:45:00,9.86
2023-05-28 00:00:00,9.86
2023-05-28 00:15:00,9.85
2023-05-28 00:30:00,9.86
2023-05-28 00:45:00,9.87
2023-05-28 01:00:00,9.86
2023-05-28 01:15:00,9.86
2023-05-28 01:30:00,9.86
2023-05-28 01:45:00,9.86
2023-05-28 02:00:00,9.86
2023-05-28 02:15:00,9.88
2023-05-28 02:30:00,9.88
2023-05-28 02:45:00,9.86
2023-05-28 03:00:00,9.87
2023-05-28 03:15:00,9.87
2023-05-28 03:30:00,9.87
2023-05-28 03:45:00,9.87
2023-05-28 04:00:00,9.86
2023-05-28 04:15:00,9.86
2023-05-28 04:30:00,9.85
2023-05-28 04:45:00,9.85
2023-05-28 05:00:00,9.86
2023-05-28 05:15:00,9.86
2023-05-28 05:30:00,9.87
2023-05-28 05:45:00,9.87
2023-05-28 06:00:00,9.87
2023-05-28 06:15:00,9.86
2023-05-28 06:30:00,9.87
2023-05-28 06:45:00,9.88
2023-05-28 07:00:00,9.88
2023-05-28 07:15:00,9.89
2023-05-28 07:30:00,9.89
2023-05-28 07:45:00,9.88
2023-05-28 08:00:00,9.88
2023-05-28 08:15:00,9.88
2023-05-28 08:30:00,9.89
2023-05-28 08:45:00,9.9
2023-05-28 09:00:00,9.91
2023-05-28 09:15:00,9.95
2023-05-28 09:30:00,9.95
2023-05-28 09:45:00,9.94
2023-05-28 10:00:00,9.94
2023-05-28 10:15:00,9.94
2023-05-28 10:30:00,9.96
2023-05-28 10:45:00,9.94
2023-05-28 11:00:00,9.98
2023-05-28 11:15:00,9.96
2023-05-28 11:30:00,9.98
2023-05-28 11:45:00,10.03
2023-05-28 12:00:00,10.02
2023-05-28 12:15:00,10.02
2023-05-28 12:30:00,10.01
2023-05-28 12:45:00,10.01
2023-05-28 13:00:00,10.06
2023-05-28 13:15:00,10.07
2023-05-28 13:30:00,10.18
2023-05-28 13:45:00,10.05
2023-05-28 14:00:00,10.16
2023-05-28 14:15:00,10.2
2023-05-28 14:30:00,10.13
2023-05-28 14:45:00,10.09
2023-05-28 15:00:00,10.13
2023-05-28 15:15:00,10.1
2023-05-28 15:30:00,10.09
2023-05-28 15:45:00,10.1
2023-05-28 16:00:00,10.1
2023-05-28 16:15:00,10.1
2023-05-28 16:30:00,10.1
2023-05-28 16:45:00,10.07
2023-05-28 17:00:00,10.07
2023-05-28 17:15:00,10.08
2023-05-28 17:30:00,10.05
2023-05-28 17:45:00,10.04
2023-05-28 18:00:00,10.04
2023-05-28 18:15:00,10.05
2023-05-28 18:30:00,10.05
2023-05-28 18:45:00,10.03
2023-05-28 19:00:00,10.02
2023-05-28 19:15:00,10.01
2023-05-28 19:30:00,10.02
2023-05-28 19:45:00,10
2023-05-28 20:00:00,10.01
2023-05-28 20:15:00,10
2023-05-28 20:30:00,10
2023-05-28 20:45:00,9.99
2023-05-28 21:00:00,10
2023-05-28 21:15:00,9.98
2023-05-28 21:30:00,9.97
2023-05-28 21:45:00,9.98
2023-05-28 22:00:00,9.97
2023-05-28 22:15:00,9.98
2023-05-28 22:30:00,9.98
2023-05-28 22:45:00,9.96
2023-05-28 23:00:00,9.94
2023-05-28 23:15:00,9.94
2023-05-28 23:30:00,9.94
2023-05-28 23:45:00,9.95
2023-05-29 00:00:00,9.94
2023-05-29 00:15:00,9.93
2023-05-29 00:30:00,9.93
2023-05-29 00:45:00,9.94
2023-05-29 01:00:00,9.93
2023-05-29 01:15:00,9.94
2023-05-29 01:30:00,9.94
2023-05-29 01:45:00,9.94
2023-05-29 02:00:00,9.94
2023-05-29 02:15:00,9.94
2023-05-29 02:30:00,9.95
2023-05-29 02:45:00,9.93
2023-05-29 03:00:00,9.94
2023-05-29 03:15:00,9.93
2023-05-29 03:30:00,9.93
2023-05-29 03:45:00,9.93
2023-05-29 04:00:00,9.93
2023-05-29 04:15:00,9.92
2023-05-29 04:30:00,9.92
2023-05-29 04:45:00,9.93
2023-05-29 05:00:00,9.93
2023-05-29 05:15:00,9.93
2023-05-29 05:30:00,9.93
2023-05-29 05:45:00,9.95
2023-05-29 06:00:00,9.96
2023-05-29 06:15:00,9.96
2023-05-29 06:30:00,9.98
2023-05-29 06:45:00,9.99
2023-05-29 07:00:00,9.97
2023-05-29 07:15:00,9.97
2023-05-29 07:30:00,9.96
2023-05-29 07:45:00,9.95
2023-05-29 08:00:00,9.97
2023-05-29 08:15:00,9.98
2023-05-29 08:30:00,9.97
2023-05-29 08:45:00,9.98
2023-05-29 09:00:00,9.97
2023-05-29 09:15:00,9.99
2023-05-29 09:30:00,9.99
2023-05-29 09:45:00,10.02
2023-05-29 10:00:00,10.02
2023-05-29 10:15:00,10.02
2023-05-29 10:30:00,10.05
2023-05-29 10:45:00,10.06
2023-05-29 11:00:00,10.1
2023-05-29 11:15:00,10.11
2023-05-29 11:30:00,10.13
2023-05-29 11:45:00,10.14
2023-05-29 12:00:00,10.15
2023-05-29 12:15:00,10.23
2023-05-29 12:30:00,10.19
2023-05-29 12:45:00,10.22
2023-05-29 13:00:00,10.21
2023-05-29 13:15:00,10.22
2023-05-29 13:30:00,10.42
2023-05-29 13:45:00,10.41
2023-05-29 14:00:00,10.45
2023-05-29 14:15:00,10.31
2023-05-29 14:30:00,10.44
2023-05-29 14:45:00,10.38
2023-05-29 15:00:00,10.44
2023-05-29 15:15:00,10.38
2023-05-29 15:30:00,10.34
2023-05-29 15:45:00,10.35
2023-05-29 16:00:00,10.38
2023-05-29 16:15:00,10.39
2023-05-29 16:30:00,10.42
2023-05-29 16:45:00,10.39
2023-05-29 17:00:00,10.34
2023-05-29 17:15:00,10.29
2023-05-29 17:30:00,10.26
2023-05-29 17:45:00,10.25
2023-05-29 18:00:00,10.2
2023-05-29 18:15:00,10.18
2023-05-29 18:30:00,10.14
2023-05-29 18:45:00,10.13
2023-05-29 19:00:00,10.14
2023-05-29 19:15:00,10.12
2023-05-29 19:30:00,10.1
2023-05-29 19:45:00,10.06
2023-05-29 20:00:00,10.02
2023-05-29 20:15:00,10
2023-05-29 20:30:00,9.99
2023-05-29 20:45:00,9.98
2023-05-29 21:00:00,9.99
2023-05-29 21:15:00,9.99
2023-05-29 21:30:00,9.95
2023-05-29 21:45:00,9.93
2023-05-29 22:00:00,9.89
2023-05-29 22:15:00,9.92
2023-05-29 22:30:00,9.87
2023-05-29 22:45:00,9.87
2023-05-29 23:00:00,9.83
2023-05-29 23:15:00,9.85
2023-05-29 23:30:00,9.83
2023-05-29 23:45:00,9.8
2023-05-30 00:00:00,9.81
2023-05-30 00:15:00,9.79
2023-05-30 00:30:00,9.8
2023-05-30 00:45:00,9.81
2023-05-30 01:00:00,9.8
2023-05-30 01:15:00,9.8
2023-05-30 01:30:00,9.79
2023-05-30 01:45:00,9.8
2023-05-30 02:00:00,9.8
2023-05-30 02:15:00,9.8
2023-05-30 02:30:00,9.78
2023-05-30 02:45:00,9.75
2023-05-30 03:00:00,9.76
2023-05-30 03:15:00,9.73
2023-05-30 03:30:00,9.74
2023-05-30 03:45:00,9.73
2023-05-30 04:00:00,9.72
2023-05-30 04:15:00,9.7
2023-05-30 04:30:00,9.71
2023-05-30 04:45:00,9.74
2023-05-30 05:00:00,9.78
2023-05-30 05:15:00,9.86
2023-05-30 05:30:00,9.89
2023-05-30 05:45:00,9.92
2023-05-30 06:00:00,9.95
2023-05-30 06:15:00,9.97
2023-05-30 06:30:00,9.98
2023-05-30 06:45:00,9.99
2023-05-30 07:00:00,10
2023-05-30 07:15:00,10.02
2023-05-30 07:30:00,10.01
2023-05-30 07:45:00,10
2023-05-30 08:00:00,10.04
2023-05-30 08:15:00,10.04
2023-05-30 08:30:00,10.07
2023-05-30 08:45:00,10.09
2023-05-30 09:00:00,10.1
2023-05-30 09:15:00,10.11
2023-05-30 09:30:00,10.17
2023-05-30 09:45:00,10.18
2023-05-30 10:00:00,10.18
2023-05-30 10:15:00,10.23
2023-05-30 10:30:00,10.25
2023-05-30 10:45:00,10.29
2023-05-30 11:00:00,10.3
2023-05-30 11:15:00,10.33
2023-05-30 11:30:00,10.66
2023-05-30 11:45:00,10.73
2023-05-30 12:00:00,10.45
2023-05-30 12:15:00,10.48
2023-05-30 12:30:00,10.5
2023-05-30 12:45:00,10.53
2023-05-30 13:00:00,10.49
2023-05-30 13:15:00,10.53
2023-05-30 13:30:00,10.54
2023-05-30 13:45:00,10.53
2023-05-30 14:00:00,10.54
2023-05-30 14:15:00,10.55
2023-05-30 14:30:00,10.53
2023-05-30 14:45:00,10.55
2023-05-30 15:00:00,10.58
2023-05-30 15:15:00,10.5
2023-05-30 15:30:00,10.51
2023-05-30 15:45:00,10.49
2023-05-30 16:00:00,10.52
2023-05-30 16:15:00,10.5
2023-05-30 16:30:00,10.43
2023-05-30 16:45:00,10.41
2023-05-30 17:00:00,10.46
2023-05-30 17:15:00,10.42
2023-05-30 17:30:00,10.36
2023-05-30 17:45:00,10.31
2023-05-30 18:00:00,10.27
2023-05-30 18:15:00,10.25
2023-05-30 18:30:00,10.23
2023-05-30 18:45:00,10.21
2023-05-30 19:00:00,10.2
2023-05-30 19:15:00,10.16
2023-05-30 19:30:00,10.12
2023-05-30 19:45:00,10.09
2023-05-30 20:00:00,10.06
2023-05-30 20:15:00,10.01
2023-05-30 20:30:00,9.96
2023-05-30 20:45:00,9.95
2023-05-30 21:00:00,9.9
2023-05-30 21:15:00,9.89
2023-05-30 21:30:00,9.87
2023-05-30 21:45:00,9.85
2023-05-30 22:00:00,9.86
2023-05-30 22:15:00,9.84
2023-05-30 22:30:00,9.84
2023-05-30 22:45:00,9.83
2023-05-30 23:00:00,9.82
2023-05-30 23:15:00,9.83
2023-05-30 23:30:00,9.83
2023-05-30 23:45:00,9.81
2023-05-31 00:00:00,9.81
2023-05-31 00:15:00,9.8
2023-05-31 00:30:00,9.8
2023-05-31 00:45:00,9.78
2023-05-31 01:00:00,9.76
2023-05-31 01:15:00,9.76
2023-05-31 01:30:00,9.75
2023-05-31 01:45:00,9.75
2023-05-31 02:00:00,9.78
2023-05-31 02:15:00,9.78
2023-05-31 02:30:00,9.75
2023-05-31 02:45:00,9.78
2023-05-31 03:00:00,9.76
2023-05-31 03:15:00,9.78
2023-05-31 03:30:00,9.78
2023-05-31 03:45:00,9.8
2023-05-31 04:00:00,9.8
2023-05-31 04:15:00,9.8
2023-05-31 04:30:00,9.8
2023-05-31 04:45:00,9.86
2023-05-31 05:00:00,9.89
2023-05-31 05:15:00,9.92
2023-05-31 05:30:00,9.95
2023-05-31 05:45:00,9.96
2023-05-31 06:00:00,9.97
2023-05-31 06:15:00,9.97
2023-05-31 06:30:00,9.94
2023-05-31 06:45:00,9.94
2023-05-31 07:00:00,9.96
2023-05-31 07:15:00,9.97
2023-05-31 07:30:00,10.02
2023-05-31 07:45:00,10.03
2023-05-31 08:00:00,10.01
2023-05-31 08:15:00,10.02
2023-05-31 08:30:00,10.09
2023-05-31 08:45:00,10.1
2023-05-31 09:00:00,10.11
2023-05-31 09:15:00,10.12
2023-05-31 09:30:00,10.14
2023-05-31 09:45:00,10.19
2023-05-31 10:00:00,10.19
2023-05-31 10:15:00,10.22
2023-05-31 10:30:00,10.24
2023-05-31 10:45:00,10.27
2023-05-31 11:00:00,10.26
2023-05-31 11:15:00,10.29
2023-05-31 11:30:00,10.31
2023-05-31 11:45:00,10.35
2023-05-31 12:00:00,10.37
2023-05-31 12:15:00,10.38
2023-05-31 12:30:00,10.38
2023-05-31 12:45:00,10.4
2023-05-31 13:00:00,10.4
2023-05-31 13:15:00,10.41
2023-05-31 13:30:00,10.44
2023-05-31 13:45:00,10.46
2023-05-31 14:00:00,10.46
2023-05-31 14:15:00,10.48
2023-05-31 14:30:00,10.46
2023-05-31 14:45:00,10.45
2023-05-31 15:00:00,10.5
2023-05-31 15:15:00,10.47
2023-05-31 15:30:00,10.48
2023-05-31 15:45:00,10.51
2023-05-31 16:00:00,10.49
2023-05-31 16:15:00,10.44
2023-05-31 16:30:00,10.4
2023-05-31 16:45:00,10.38
2023-05-31 17:00:00,10.34
2023-05-31 17:15:00,10.34
2023-05-31 17:30:00,10.32
2023-05-31 17:45:00,10.3
2023-05-31 18:00:00,10.27
2023-05-31 18:15:00,10.26
2023-05-31 18:30:00,10.24
2023-05-31 18:45:00,10.25
2023-05-31 19:00:00,10.25
2023-05-31 19:15:00,10.22
2023-05-31 19:30:00,10.2
2023-05-31 19:45:00,10.14
2023-05-31 20:00:00,10.07
2023-05-31 20:15:00,10.06
2023-05-31 20:30:00,10.05
2023-05-31 20:45:00,10.03
2023-05-31 21:00:00,10
2023-05-31 21:15:00,9.97
2023-05-31 21:30:00,9.93
2023-05-31 21:45:00,9.91
2023-05-31 22:00:00,9.9
2023-05-31 22:15:00,9.88
2023-05-31 22:30:00,9.88
2023-05-31 22:45:00,9.96
2023-05-31 23:00:00,9.95
2023-05-31 23:15:00,9.96
2023-05-31 23:30:00,9.99
2023-05-31 23:45:00,9.96
2023-06-01 00:00:00,10.02
2023-06-01 00:15:00,9.99
2023-06-01 00:30:00,9.99
2023-06-01 00:45:00,10.01
2023-06-01 01:00:00,9.95
2023-06-01 01:15:00,9.87
2023-06-01 01:30:00,9.82
2023-06-01 01:45:00,9.82
2023-06-01 02:00:00,9.8
2023-06-01 02:15:00,9.87
2023-06-01 02:30:00,9.86
2023-06-01 02:45:00,9.9
2023-06-01 03:00:00,9.85
2023-06-01 03:15:00,9.8
2023-06-01 03:30:00,9.72
2023-06-01 03:45:00,9.66
2023-06-01 04:00:00,9.66
2023-06-01 04:15:00,9.67
2023-06-01 04:30:00,9.65
2023-06-01 04:45:00,9.68
2023-06-01 05:00:00,9.74
2023-06-01 05:15:00,9.82
2023-06-01 05:30:00,9.89
2023-06-01 05:45:00,9.91
2023-06-01 06:00:00,9.94
2023-06-01 06:15:00,9.89
2023-06-01 06:30:00,9.92
2023-06-01 06:45:00,9.96
2023-06-01 07:00:00,9.96
2023-06-01 07:15:00,9.99
2023-06-01 07:30:00,9.99
2023-06-01 07:45:00,10.05
2023-06-01 08:00:00,10.05
2023-06-01 08:15:00,10.08
2023-06-01 08:30:00,10.13
2023-06-01 08:45:00,10.1
2023-06-01 09:00:00,10.17
2023-06-01 09:15:00,10.15
2023-06-01 09:30:00,10.2
2023-06-01 09:45:00,10.23
2023-06-01 10:00:00,10.23
2023-06-01 10:15:00,10.28
2023-06-01 10:30:00,10.3
2023-06-01 10:45:00,10.33
2023-06-01 11:00:00,10.38
2023-06-01 11:15:00,10.35
2023-06-01 11:30:00,10.35
2023-06-01 11:45:00,10.38
2023-06-01 12:00:00,10.41
2023-06-01 12:15:00,10.43
2023-06-01 12:30:00,10.43
2023-06-01 12:45:00,10.45
2023-06-01 13:00:00,10.48
2023-06-01 13:15:00,10.45
2023-06-01 13:30:00,10.48
2023-06-01 13:45:00,10.51
2023-06-01 14:00:00,10.54
2023-06-01 14:15:00,10.55
2023-06-01 14:30:00,10.51
2023-06-01 14:45:00,10.52
2023-06-01 15:00:00,10.5
2023-06-01 15:15:00,10.54
2023-06-01 15:30:00,10.52
2023-06-01 15:45:00,10.54
2023-06-01 16:00:00,10.55
2023-06-01 16:15:00,10.5
2023-06-01 16:30:00,10.52
2023-06-01 16:45:00,10.49
2023-06-01 17:00:00,10.47
2023-06-01 17:15:00,10.45
2023-06-01 17:30:00,10.43
2023-06-01 17:45:00,10.41
2023-06-01 18:00:00,10.42
2023-06-01 18:15:00,10.38
2023-06-01 18:30:00,10.37
2023-06-01 18:45:00,10.36
2023-06-01 19:00:00,10.34
2023-06-01 19:15:00,10.3
2023-06-01 19:30:00,10.24
2023-06-01 19:45:00,10.19
2023-06-01 20:00:00,10.19
2023-06-01 20:15:00,10.14
2023-06-01 20:30:00,10.06
2023-06-01 20:45:00,10.08
2023-06-01 21:00:00,10.17
2023-06-01 21:15:00,10.16
2023-06-01 21:30:00,10.08
2023-06-01 21:45:00,9.99
2023-06-01 22:00:00,10
2023-06-01 22:15:00,9.92
2023-06-01 22:30:00,9.87
2023-06-01 22:45:00,9.85
2023-06-01 23:00:00,9.84
2023-06-01 23:15:00,9.82
2023-06-01 23:30:00,9.81
2023-06-01 23:45:00,9.82
2023-06-02 00:00:00,9.81
2023-06-02 00:15:00,9.78
2023-06-02 00:30:00,9.77
2023-06-02 00:45:00,9.75
2023-06-02 01:00:00,9.77
2023-06-02 01:15:00,9.77
2023-06-02 01:30:00,9.72
2023-06-02 01:45:00,9.72
2023-06-02 02:00:00,9.73
2023-06-02 02:15:00,9.72
2023-06-02 02:30:00,9.67
2023-06-02 02:45:00,9.69
2023-06-02 03:00:00,9.66
2023-06-02 03:15:00,9.64
2023-06-02 03:30:00,9.62
2023-06-02 03:45:00,9.62
2023-06-02 04:00:00,9.61
2023-06-02 04:15:00,9.62
2023-06-02 04:30:00,9.66
2023-06-02 04:45:00,9.65
2023-06-02 05:00:00,9.68
2023-06-02 05:15:00,9.87
2023-06-02 05:30:00,10
2023-06-02 05:45:00,10.02
2023-06-02 06:00:00,10.04
2023-06-02 06:15:00,10.07
2023-06-02 06:30:00,10.13
2023-06-02 06:45:00,10.13
2023-06-02 07:00:00,10.16
2023-06-02 07:15:00,10.17
2023-06-02 07:30:00,10.19
2023-06-02 07:45:00,10.22
2023-06-02 08:00:00,10.22
2023-06-02 08:15:00,10.25
2023-06-02 08:30:00,10.27
2023-06-02 08:45:00,10.31
2023-06-02 09:00:00,10.35
2023-06-02 09:15:00,10.38
2023-06-02 09:30:00,10.4
2023-06-02 09:45:00,10.45
2023-06-02 10:00:00,10.46
2023-06-02 10:15:00,10.44
2023-06-02 10:30:00,10.5
2023-06-02 10:45:00,10.51
2023-06-02 11:00:00,10.55
2023-06-02 11:15:00,10.56
2023-06-02 11:30:00,10.53
2023-06-02 11:45:00,10.55
2023-06-02 12:00:00,10.63
2023-06-02 12:15:00,10.67
2023-06-02 12:30:00,10.64
2023-06-02 12:45:00,10.74
2023-06-02 13:00:00,10.68
2023-06-02 13:15:00,10.68
2023-06-02 13:30:00,10.7
2023-06-02 13:45:00,10.73
2023-06-02 14:00:00,10.75
2023-06-02 14:15:00,10.78
2023-06-02 14:30:00,10.7
2023-06-02 14:45:00,10.77
2023-06-02 15:00:00,10.76
2023-06-02 15:15:00,10.8
2023-06-02 15:30:00,10.72
2023-06-02 15:45:00,10.69
2023-06-02 16:00:00,10.73
2023-06-02 16:15:00,10.68
2023-06-02 16:30:00,10.65
2023-06-02 16:45:00,10.62
2023-06-02 17:00:00,10.63
2023-06-02 17:15:00,10.64
2023-06-02 17:30:00,10.59
2023-06-02 17:45:00,10.55
2023-06-02 18:00:00,10.53
2023-06-02 18:15:00,10.5
2023-06-02 18:30:00,10.48
2023-06-02 18:45:00,10.46
2023-06-02 19:00:00,10.45
2023-06-02 19:15:00,10.4
2023-06-02 19:30:00,10.39
2023-06-02 19:45:00,10.33
2023-06-02 20:00:00,10.3
2023-06-02 20:15:00,10.23
2023-06-02 20:30:00,10.19
2023-06-02 20:45:00,10.17
2023-06-02 21:00:00,10.12
2023-06-02 21:15:00,10.1
2023-06-02 21:30:00,10.1
2023-06-02 21:45:00,10.08
2023-06-02 22:00:00,10.03
2023-06-02 22:15:00,10.03
2023-06-02 22:30:00,10.02
2023-06-02 22:45:00,10.02
2023-06-02 23:00:00,9.98
2023-06-02 23:15:00,9.98
2023-06-02 23:30:00,9.97
2023-06-02 23:45:00,9.95
2023-06-03 00:00:00,9.93
2023-06-03 00:15:00,9.94
2023-06-03 00:30:00,9.91
2023-06-03 00:45:00,9.91
2023-06-03 01:00:00,9.92
2023-06-03 01:15:00,9.91
2023-06-03 01:30:00,9.89
2023-06-03 01:45:00,9.89
2023-06-03 02:00:00,9.9
2023-06-03 02:15:00,9.9
2023-06-03 02:30:00,9.89
2023-06-03 02:45:00,9.88
2023-06-03 03:00:00,9.86
2023-06-03 03:15:00,9.86
2023-06-03 03:30:00,9.83
2023-06-03 03:45:00,9.83
2023-06-03 04:00:00,9.84
2023-06-03 04:15:00,9.82
2023-06-03 04:30:00,9.86
2023-06-03 04:45:00,9.86
2023-06-03 05:00:00,9.9
2023-06-03 05:15:00,10
2023-06-03 05:30:00,10.13
2023-06-03 05:45:00,10.15
2023-06-03 06:00:00,10.16
2023-06-03 06:15:00,10.17
2023-06-03 06:30:00,10.19
2023-06-03 06:45:00,10.22
2023-06-03 07:00:00,10.26
2023-06-03 07:15:00,10.28
2023-06-03 07:30:00,10.3
2023-06-03 07:45:00,10.32
2023-06-03 08:00:00,10.35
2023-06-03 08:15:00,10.37
2023-06-03 08:30:00,10.38
2023-06-03 08:45:00,10.4
2023-06-03 09:00:00,10.43
2023-06-03 09:15:00,10.43
2023-06-03 09:30:00,10.44
2023-06-03 09:45:00,10.47
2023-06-03 10:00:00,10.53
2023-06-03 10:15:00,10.54
2023-06-03 10:30:00,10.56
2023-06-03 10:45:00,10.61
2023-06-03 11:00:00,10.58
2023-06-03 11:15:00,10.63
2023-06-03 11:30:00,10.61
2023-06-03 11:45:00,10.61
2023-06-03 12:00:00,10.66
2023-06-03 12:15:00,10.66
2023-06-03 12:30:00,10.78
2023-06-03 12:45:00,10.86
2023-06-03 13:00:00,10.86
2023-06-03 13:15:00,10.86
2023-06-03 13:30:00,10.86
2023-06-03 13:45:00,10.83
2023-06-03 14:00:00,10.82
2023-06-03 14:15:00,10.81
2023-06-03 14:30:00,10.86
2023-06-03 14:45:00,10.83
2023-06-03 15:00:00,10.91
2023-06-03 15:15:00,10.85
2023-06-03 15:30:00,10.78
2023-06-03 15:45:00,10.81
2023-06-03 16:00:00,10.79
2023-06-03 16:15:00,10.78
2023-06-03 16:30:00,10.78
2023-06-03 16:45:00,10.73
2023-06-03 17:00:00,10.72
2023-06-03 17:15:00,10.7
2023-06-03 17:30:00,10.68
2023-06-03 17:45:00,10.65
2023-06-03 18:00:00,10.62
2023-06-03 18:15:00,10.61
2023-06-03 18:30:00,10.59
2023-06-03 18:45:00,10.56
2023-06-03 19:00:00,10.56
2023-06-03 19:15:00,10.53
2023-06-03 19:30:00,10.51
2023-06-03 19:45:00,10.49
2023-06-03 20:00:00,10.47
2023-06-03 20:15:00,10.44
2023-06-03 20:30:00,10.41
2023-06-03 20:45:00,10.36
2023-06-03 21:00:00,10.34
2023-06-03 21:15:00,10.3
2023-06-03 21:30:00,10.29
2023-06-03 21:45:00,10.25
2023-06-03 22:00:00,10.25
2023-06-03 22:15:00,10.29
2023-06-03 22:30:00,10.27
2023-06-03 22:45:00,10.28
2023-06-03 23:00:00,10.26
2023-06-03 23:15:00,10.27
2023-06-03 23:30:00,10.28
2023-06-03 23:45:00,10.27
2023-06-04 00:00:00,10.29
2023-06-04 00:15:00,10.3
2023-06-04 00:30:00,10.31
2023-06-04 00:45:00,10.32
2023-06-04 01:00:00,10.32
2023-06-04 01:15:00,10.33
2023-06-04 01:30:00,10.32
2023-06-04 01:45:00,10.31
2023-06-04 02:00:00,10.26
2023-06-04 02:15:00,10.24
2023-06-04 02:30:00,10.25
2023-06-04 02:45:00,10.28
2023-06-04 03:00:00,10.31
2023-06-04 03:15:00,10.22
2023-06-04 03:30:00,10.18
2023-06-04 03:45:00,10.14
2023-06-04 04:00:00,10.16
2023-06-04 04:15:00,10.14
2023-06-04 04:30:00,10.12
2023-06-04 04:45:00,10.14
2023-06-04 05:00:00,10.22
2023-06-04 05:15:00,10.28
2023-06-04 05:30:00,10.36
2023-06-04 05:45:00,10.39
2023-06-04 06:00:00,10.41
2023-06-04 06:15:00,10.41
2023-06-04 06:30:00,10.4
2023-06-04 06:45:00,10.46
2023-06-04 07:00:00,10.48
2023-06-04 07:15:00,10.47
2023-06-04 07:30:00,10.48
2023-06-04 07:45:00,10.48
2023-06-04 08:00:00,10.5
2023-06-04 08:15:00,10.51
2023-06-04 08:30:00,10.53
2023-06-04 08:45:00,10.55
2023-06-04 09:00:00,10.59
2023-06-04 09:15:00,10.64
2023-06-04 09:30:00,10.61
2023-06-04 09:45:00,10.66
2023-06-04 10:00:00,10.7
2023-06-04 10:15:00,10.7
2023-06-04 10:30:00,10.76
2023-06-04 10:45:00,10.8
2023-06-04 11:00:00,10.81
2023-06-04 11:15:00,10.89
2023-06-04 11:30:00,10.78
2023-06-04 11:45:00,10.87
2023-06-04 12:00:00,10.88
2023-06-04 12:15:00,10.89
2023-06-04 12:30:00,10.87
2023-06-04 12:45:00,11.04
2023-06-04 13:00:00,10.91
2023-06-04 13:15:00,11.05
2023-06-04 13:30:00,10.95
2023-06-04 13:45:00,11.06
2023-06-04 14:00:00,11.08
2023-06-04 14:15:00,11.03
2023-06-04 14:30:00,10.9
2023-06-04 14:45:00,10.94
2023-06-04 15:00:00,10.96
2023-06-04 15:15:00,10.93
2023-06-04 15:30:00,10.93
2023-06-04 15:45:00,11.01
2023-06-04 16:00:00,10.94
2023-06-04 16:15:00,10.88
2023-06-04 16:30:00,10.85
2023-06-04 16:45:00,10.82
2023-06-04 17:00:00,10.79
2023-06-04 17:15:00,10.79
2023-06-04 17:30:00,10.77
2023-06-04 17:45:00,10.74
2023-06-04 18:00:00,10.74
2023-06-04 18:15:00,10.71
2023-06-04 18:30:00,10.71
2023-06-04 18:45:00,10.68
2023-06-04 19:00:00,10.66
2023-06-04 19:15:00,10.63
2023-06-04 19:30:00,10.62
2023-06-04 19:45:00,10.61
2023-06-04 20:00:00,10.59
2023-06-04 20:15:00,10.57
2023-06-04 20:30:00,10.56
2023-06-04 20:45:00,10.54
2023-06-04 21:00:00,10.52
2023-06-04 21:15:00,10.51
2023-06-04 21:30:00,10.48
2023-06-04 21:45:00,10.47
2023-06-04 22:00:00,10.45
2023-06-04 22:15:00,10.42
2023-06-04 22:30:00,10.42
2023-06-04 22:45:00,10.42
2023-06-04 23:00:00,10.41
2023-06-04 23:15:00,10.41
2023-06-04 23:30:00,10.41
2023-06-04 23:45:00,10.37
2023-06-05 00:00:00,10.37
2023-06-05 00:15:00,10.36
2023-06-05 00:30:00,10.33
2023-06-05 00:45:00,10.3
2023-06-05 01:00:00,10.25
2023-06-05 01:15:00,10.24
2023-06-05 01:30:00,10.24
2023-06-05 01:45:00,10.29
2023-06-05 02:00:00,10.26
2023-06-05 02:15:00,10.21
2023-06-05 02:30:00,10.21
2023-06-05 02:45:00,10.26
2023-06-05 03:00:00,10.22
2023-06-05 03:15:00,10.24
2023-06-05 03:30:00,10.29
2023-06-05 03:45:00,10.23
2023-06-05 04:00:00,10.27
2023-06-05 04:15:00,10.26
2023-06-05 04:30:00,10.27
2023-06-05 04:45:00,10.25
2023-06-05 05:00:00,10.26
2023-06-05 05:15:00,10.32
2023-06-05 05:30:00,10.38
2023-06-05 05:45:00,10.41
2023-06-05 06:00:00,10.44
2023-06-05 06:15:00,10.45
2023-06-05 06:30:00,10.48
2023-06-05 06:45:00,10.48
2023-06-05 07:00:00,10.49
2023-06-05 07:15:00,10.5
2023-06-05 07:30:00,10.54
2023-06-05 07:45:00,10.52
2023-06-05 08:00:00,10.54
2023-06-05 08:15:00,10.54
2023-06-05 08:30:00,10.54
2023-06-05 08:45:00,10.58
2023-06-05 09:00:00,10.57
2023-06-05 09:15:00,10.6
2023-06-05 09:30:00,10.58
2023-06-05 09:45:00,10.59
2023-06-05 10:00:00,10.63
2023-06-05 10:15:00,10.63
2023-06-05 10:30:00,10.66
2023-06-05 10:45:00,10.68
2023-06-05 11:00:00,10.7
2023-06-05 11:15:00,10.73
2023-06-05 11:30:00,10.74
2023-06-05 11:45:00,10.8
2023-06-05 12:00:00,10.8
2023-06-05 12:15:00,10.77
2023-06-05 12:30:00,10.75
2023-06-05 12:45:00,10.75
2023-06-05 13:00:00,10.76
2023-06-05 13:15:00,10.77
2023-06-05 13:30:00,10.77
2023-06-05 13:45:00,10.76
2023-06-05 14:00:00,10.75
2023-06-05 14:15:00,10.73
2023-06-05 14:30:00,10.74
2023-06-05 14:45:00,10.76
2023-06-05 15:00:00,10.76
2023-06-05 15:15:00,10.75
2023-06-05 15:30:00,10.74
2023-06-05 15:45:00,10.75
2023-06-05 16:00:00,10.75
2023-06-05 16:15:00,10.75
2023-06-05 16:30:00,10.75
2023-06-05 16:45:00,10.77
2023-06-05 17:00:00,10.77
2023-06-05 17:15:00,10.77
2023-06-05 17:30:00,10.76
2023-06-05 17:45:00,10.74
2023-06-05 18:00:00,10.73
2023-06-05 18:15:00,10.71
2023-06-05 18:30:00,10.71
2023-06-05 18:45:00,10.69
2023-06-05 19:00:00,10.67
2023-06-05 19:15:00,10.66
2023-06-05 19:30:00,10.64
2023-06-05 19:45:00,10.63
2023-06-05 20:00:00,10.59
2023-06-05 20:15:00,10.59
2023-06-05 20:30:00,10.56
2023-06-05 20:45:00,10.54
2023-06-05 21:00:00,10.51
2023-06-05 21:15:00,10.49
2023-06-05 21:30:00,10.46
2023-06-05 21:45:00,10.46
2023-06-05 22:00:00,10.45
2023-06-05 22:15:00,10.47
2023-06-05 22:30:00,10.48
2023-06-05 22:45:00,10.45
2023-06-05 23:00:00,10.43
2023-06-05 23:15:00,10.41
2023-06-05 23:30:00,10.39
2023-06-05 23:45:00,10.37
2023-06-06 00:00:00,10.33
2023-06-06 00:15:00,10.29
2023-06-06 00:30:00,10.24
2023-06-06 00:45:00,10.21
2023-06-06 01:00:00,10.2
2023-06-06 01:15:00,10.21
2023-06-06 01:30:00,10.16
2023-06-06 01:45:00,10.16
2023-06-06 02:00:00,10.16
2023-06-06 02:15:00,10.21
2023-06-06 02:30:00,10.25
2023-06-06 02:45:00,10.31
2023-06-06 03:00:00,10.35
2023-06-06 03:15:00,10.35
2023-06-06 03:30:00,10.3
2023-06-06 03:45:00,10.27
2023-06-06 04:00:00,10.29
2023-06-06 04:15:00,10.34
2023-06-06 04:30:00,10.4
2023-06-06 04:45:00,10.41
2023-06-06 05:00:00,10.42
2023-06-06 05:15:00,10.45
2023-06-06 05:30:00,10.47
2023-06-06 05:45:00,10.49
2023-06-06 06:00:00,10.51
2023-06-06 06:15:00,10.51
2023-06-06 06:30:00,10.52
2023-06-06 06:45:00,10.57
2023-06-06 07:00:00,10.58
2023-06-06 07:15:00,10.59
2023-06-06 07:30:00,10.6
2023-06-06 07:45:00,10.61
2023-06-06 08:00:00,10.62
2023-06-06 08:15:00,10.62
2023-06-06 08:30:00,10.64
2023-06-06 08:45:00,10.66
2023-06-06 09:00:00,10.65
2023-06-06 09:15:00,10.69
2023-06-06 09:30:00,10.71
2023-06-06 09:45:00,10.73
2023-06-06 10:00:00,10.74
2023-06-06 10:15:00,10.81
2023-06-06 10:30:00,10.78
2023-06-06 10:45:00,10.79
2023-06-06 11:00:00,10.83
2023-06-06 11:15:00,10.84
2023-06-06 11:30:00,10.94
2023-06-06 11:45:00,10.96
2023-06-06 12:00:00,11.01
2023-06-06 12:15:00,10.97
2023-06-06 12:30:00,10.98
2023-06-06 12:45:00,11.07
2023-06-06 13:00:00,11.09
2023-06-06 13:15:00,11.09
2023-06-06 13:30:00,11.1
2023-06-06 13:45:00,11.07
2023-06-06 14:00:00,11.09
2023-06-06 14:15:00,11.18
2023-06-06 14:30:00,11.14
2023-06-06 14:45:00,11.16
2023-06-06 15:00:00,11.13
2023-06-06 15:15:00,11.16
2023-06-06 15:30:00,11.16
2023-06-06 15:45:00,11.13
2023-06-06 16:00:00,11.13
2023-06-06 16:15:00,11.12
2023-06-06 16:30:00,11.09
2023-06-06 16:45:00,11.06
2023-06-06 17:00:00,11.02
2023-06-06 17:15:00,10.99
2023-06-06 17:30:00,10.97
2023-06-06 17:45:00,10.93
2023-06-06 18:00:00,10.92
2023-06-06 18:15:00,10.89
2023-06-06 18:30:00,10.87
2023-06-06 18:45:00,10.83
2023-06-06 19:00:00,10.81
2023-06-06 19:15:00,10.8
2023-06-06 19:30:00,10.78
2023-06-06 19:45:00,10.75
2023-06-06 20:00:00,10.73
2023-06-06 20:15:00,10.69
2023-06-06 20:30:00,10.63
2023-06-06 20:45:00,10.58
2023-06-06 21:00:00,10.55
2023-06-06 21:15:00,10.53
2023-06-06 21:30:00,10.48
2023-06-06 21:45:00,10.45
2023-06-06 22:00:00,10.44
2023-06-06 22:15:00,10.45
2023-06-06 22:30:00,10.48
2023-06-06 22:45:00,10.45
2023-06-06 23:00:00,10.43
2023-06-06 23:15:00,10.42
2023-06-06 23:30:00,10.41
2023-06-06 23:45:00,10.42
2023-06-07 00:00:00,10.45
2023-06-07 00:15:00,10.46
2023-06-07 00:30:00,10.43
2023-06-07 00:45:00,10.42
2023-06-07 01:00:00,10.4
2023-06-07 01:15:00,10.37
2023-06-07 01:30:00,10.37
2023-06-07 01:45:00,10.37
2023-06-07 02:00:00,10.33
2023-06-07 02:15:00,10.3
2023-06-07 02:30:00,10.29
2023-06-07 02:45:00,10.31
2023-06-07 03:00:00,10.28
2023-06-07 03:15:00,10.3
2023-06-07 03:30:00,10.3
2023-06-07 03:45:00,10.25
2023-06-07 04:00:00,10.23
2023-06-07 04:15:00,10.27
2023-06-07 04:30:00,10.31
2023-06-07 04:45:00,10.33
2023-06-07 05:00:00,10.4
2023-06-07 05:15:00,10.5
2023-06-07 05:30:00,10.54
2023-06-07 05:45:00,10.58
2023-06-07 06:00:00,10.6
2023-06-07 06:15:00,10.62
2023-06-07 06:30:00,10.63
2023-06-07 06:45:00,10.65
2023-06-07 07:00:00,10.67
2023-06-07 07:15:00,10.68
2023-06-07 07:30:00,10.69
2023-06-07 07:45:00,10.7
2023-06-07 08:00:00,10.71
2023-06-07 08:15:00,10.71
2023-06-07 08:30:00,10.72
2023-06-07 08:45:00,10.74
2023-06-07 09:00:00,10.75
2023-06-07 09:15:00,10.77
2023-06-07 09:30:00,10.8
2023-06-07 09:45:00,10.83
2023-06-07 10:00:00,10.85
2023-06-07 10:15:00,10.87
2023-06-07 10:30:00,10.94
2023-06-07 10:45:00,10.93
2023-06-07 11:00:00,10.97
2023-06-07 11:15:00,10.98
2023-06-07 11:30:00,10.98
2023-06-07 11:45:00,11.04
2023-06-07 12:00:00,11.09
2023-06-07 12:15:00,11.09
2023-06-07 12:30:00,11.13
2023-06-07 12:45:00,11.17
2023-06-07 13:00:00,11.23
2023-06-07 13:15:00,11.26
2023-06-07 13:30:00,11.26
2023-06-07 13:45:00,11.26
2023-06-07 14:00:00,11.31
2023-06-07 14:15:00,11.26
2023-06-07 14:30:00,11.29
2023-06-07 14:45:00,11.28
2023-06-07 15:00:00,11.36
2023-06-07 15:15:00,11.26
2023-06-07 15:30:00,11.24
2023-06-07 15:45:00,11.23
2023-06-07 16:00:00,11.21
2023-06-07 16:15:00,11.19
2023-06-07 16:30:00,11.17
2023-06-07 16:45:00,11.15
2023-06-07 17:00:00,11.12
2023-06-07 17:15:00,11.11
2023-06-07 17:30:00,11.06
2023-06-07 17:45:00,11.05
2023-06-07 18:00:00,11.04
2023-06-07 18:15:00,11.03
2023-06-07 18:30:00,11
2023-06-07 18:45:00,11.01
2023-06-07 19:00:00,10.99
2023-06-07 19:15:00,10.97
2023-06-07 19:30:00,10.97
2023-06-07 19:45:00,10.95
2023-06-07 20:00:00,10.91
2023-06-07 20:15:00,10.91
2023-06-07 20:30:00,10.89
2023-06-07 20:45:00,10.86
2023-06-07 21:00:00,10.86
2023-06-07 21:15:00,10.85
2023-06-07 21:30:00,10.85
2023-06-07 21:45:00,10.83
2023-06-07 22:00:00,10.84
2023-06-07 22:15:00,10.81
2023-06-07 22:30:00,10.81
2023-06-07 22:45:00,10.8
2023-06-07 23:00:00,10.79
2023-06-07 23:15:00,10.78
2023-06-07 23:30:00,10.77
2023-06-07 23:45:00,10.77
2023-06-08 00:00:00,10.77
2023-06-08 00:15:00,10.77
2023-06-08 00:30:00,10.76
2023-06-08 00:45:00,10.75
2023-06-08 01:00:00,10.74
2023-06-08 01:15:00,10.73
2023-06-08 01:30:00,10.73
2023-06-08 01:45:00,10.71
2023-06-08 02:00:00,10.71
2023-06-08 02:15:00,10.72
2023-06-08 02:30:00,10.72
2023-06-08 02:45:00,10.74
2023-06-08 03:00:00,10.73
2023-06-08 03:15:00,10.76
2023-06-08 03:30:00,10.75
2023-06-08 03:45:00,10.76
2023-06-08 04:00:00,10.76
2023-06-08 04:15:00,10.76
2023-06-08 04:30:00,10.75
2023-06-08 04:45:00,10.77
2023-06-08 05:00:00,10.78
2023-06-08 05:15:00,10.77
2023-06-08 05:30:00,10.78
2023-06-08 05:45:00,10.78
2023-06-08 06:00:00,10.79
2023-06-08 06:15:00,10.79
2023-06-08 06:30:00,10.81
2023-06-08 06:45:00,10.82
2023-06-08 07:00:00,10.83
2023-06-08 07:15:00,10.84
2023-06-08 07:30:00,10.87
2023-06-08 07:45:00,10.86
2023-06-08 08:00:00,10.87
2023-06-08 08:15:00,10.9
2023-06-08 08:30:00,10.9
2023-06-08 08:45:00,10.91
2023-06-08 09:00:00,10.96
2023-06-08 09:15:00,10.96
2023-06-08 09:30:00,11
2023-06-08 09:45:00,10.97
2023-06-08 10:00:00,11.02
2023-06-08 10:15:00,11.02
2023-06-08 10:30:00,11.1
2023-06-08 10:45:00,11.08
2023-06-08 11:00:00,11.15
2023-06-08 11:15:00,11.16
2023-06-08 11:30:00,11.16
2023-06-08 11:45:00,11.19
2023-06-08 12:00:00,11.19
2023-06-08 12:15:00,11.21
2023-06-08 12:30:00,11.17
2023-06-08 12:45:00,11.16
2023-06-08 13:00:00,11.27
2023-06-08 13:15:00,11.18
2023-06-08 13:30:00,11.19
2023-06-08 13:45:00,11.37
2023-06-08 14:00:00,11.29
2023-06-08 14:15:00,11.2
2023-06-08 14:30:00,11.14
2023-06-08 14:45:00,11.13
2023-06-08 15:00:00,11.17
2023-06-08 15:15:00,11.14
2023-06-08 15:30:00,11.11
2023-06-08 15:45:00,11.06
2023-06-08 16:00:00,11.04
2023-06-08 16:15:00,11
2023-06-08 16:30:00,11.03
2023-06-08 16:45:00,11.01
2023-06-08 17:00:00,10.98
2023-06-08 17:15:00,10.97
2023-06-08 17:30:00,10.99
2023-06-08 17:45:00,10.95
2023-06-08 18:00:00,10.95
2023-06-08 18:15:00,10.95
2023-06-08 18:30:00,10.96
2023-06-08 18:45:00,10.94
2023-06-08 19:00:00,10.93
2023-06-08 19:15:00,10.92
2023-06-08 19:30:00,10.91
2023-06-08 19:45:00,10.91
2023-06-08 20:00:00,10.91
2023-06-08 20:15:00,10.89
2023-06-08 20:30:00,10.9
2023-06-08 20:45:00,10.89
2023-06-08 21:00:00,10.88
2023-06-08 21:15:00,10.88
2023-06-08 21:30:00,10.89
2023-06-08 21:45:00,10.88
2023-06-08 22:00:00,10.87
2023-06-08 22:15:00,10.84
2023-06-08 22:30:00,10.84
2023-06-08 22:45:00,10.85
2023-06-08 23:00:00,10.86
2023-06-08 23:15:00,10.87
2023-06-08 23:30:00,10.85
2023-06-08 23:45:00,10.86
2023-06-09 00:00:00,10.85
2023-06-09 00:15:00,10.84
2023-06-09 00:30:00,10.85
2023-06-09 00:45:00,10.85
2023-06-09 01:00:00,10.84
2023-06-09 01:15:00,10.85
2023-06-09 01:30:00,10.84
2023-06-09 01:45:00,10.85
2023-06-09 02:00:00,10.85
2023-06-09 02:15:00,10.83
2023-06-09 02:30:00,10.86
2023-06-09 02:45:00,10.85
2023-06-09 03:00:00,10.85
2023-06-09 03:15:00,10.84
2023-06-09 03:30:00,10.85
2023-06-09 03:45:00,10.85
2023-06-09 04:00:00,10.85
2023-06-09 04:15:00,10.87
2023-06-09 04:30:00,10.85
2023-06-09 04:45:00,10.86
2023-06-09 05:00:00,10.86
2023-06-09 05:15:00,10.87
2023-06-09 05:30:00,10.86
2023-06-09 05:45:00,10.85
2023-06-09 06:00:00,10.88
2023-06-09 06:15:00,10.87
2023-06-09 06:30:00,10.86
2023-06-09 06:45:00,10.88
2023-06-09 07:00:00,10.88
2023-06-09 07:15:00,10.88
2023-06-09 07:30:00,10.89
2023-06-09 07:45:00,10.9
2023-06-09 08:00:00,10.9
2023-06-09 08:15:00,10.91
2023-06-09 08:30:00,10.91
2023-06-09 08:45:00,10.94
2023-06-09 09:00:00,10.94
2023-06-09 09:15:00,10.98
2023-06-09 09:30:00,10.99
2023-06-09 09:45:00,10.99
2023-06-09 10:00:00,10.99
2023-06-09 10:15:00,10.97
2023-06-09 10:30:00,10.99
2023-06-09 10:45:00,10.98
2023-06-09 11:00:00,11.01
2023-06-09 11:15:00,11.06
2023-06-09 11:30:00,11.07
2023-06-09 11:45:00,11.03
2023-06-09 12:00:00,11.04
2023-06-09 12:15:00,11.05
2023-06-09 12:30:00,11.05
2023-06-09 12:45:00,11.02
2023-06-09 13:00:00,11.06
2023-06-09 13:15:00,11.11
2023-06-09 13:30:00,11.15
2023-06-09 13:45:00,11.18
2023-06-09 14:00:00,11.18
2023-06-09 14:15:00,11.32
2023-06-09 14:30:00,11.31
2023-06-09 14:45:00,11.4
2023-06-09 15:00:00,11.14
2023-06-09 15:15:00,11.1
2023-06-09 15:30:00,11.31
2023-06-09 15:45:00,11.33
2023-06-09 16:00:00,11.36
2023-06-09 16:15:00,11.28
2023-06-09 16:30:00,11.29
2023-06-09 16:45:00,11.18
2023-06-09 17:00:00,11.16
2023-06-09 17:15:00,11.07
2023-06-09 17:30:00,11.01
2023-06-09 17:45:00,11
2023-06-09 18:00:00,10.99
2023-06-09 18:15:00,10.99
2023-06-09 18:30:00,10.99
2023-06-09 18:45:00,10.97
2023-06-09 19:00:00,10.97
2023-06-09 19:15:00,10.97
2023-06-09 19:30:00,10.95
2023-06-09 19:45:00,10.94
2023-06-09 20:00:00,10.94
2023-06-09 20:15:00,10.94
2023-06-09 20:30:00,10.92
2023-06-09 20:45:00,10.9
2023-06-09 21:00:00,10.87
2023-06-09 21:15:00,10.87
2023-06-09 21:30:00,10.83
2023-06-09 21:45:00,10.78
2023-06-09 22:00:00,10.76
2023-06-09 22:15:00,10.73
2023-06-09 22:30:00,10.67
2023-06-09 22:45:00,10.66
2023-06-09 23:00:00,10.68
2023-06-09 23:15:00,10.66
2023-06-09 23:30:00,10.66
2023-06-09 23:45:00,10.65
2023-06-10 00:00:00,10.67
2023-06-10 00:15:00,10.66
2023-06-10 00:30:00,10.72
2023-06-10 00:45:00,10.78
2023-06-10 01:00:00,10.82
2023-06-10 01:15:00,10.82
2023-06-10 01:30:00,10.82
2023-06-10 01:45:00,10.84
2023-06-10 02:00:00,10.84
2023-06-10 02:15:00,10.8
2023-06-10 02:30:00,10.81
2023-06-10 02:45:00,10.82
2023-06-10 03:00:00,10.84
2023-06-10 03:15:00,10.85
2023-06-10 03:30:00,10.86
2023-06-10 03:45:00,10.87
2023-06-10 04:00:00,10.87
2023-06-10 04:15:00,10.87
2023-06-10 04:30:00,10.87
2023-06-10 04:45:00,10.89
2023-06-10 05:00:00,10.88
2023-06-10 05:15:00,10.88
2023-06-10 05:30:00,10.9
2023-06-10 05:45:00,10.9
2023-06-10 06:00:00,10.91
2023-06-10 06:15:00,10.91
2023-06-10 06:30:00,10.91
2023-06-10 06:45:00,10.92
2023-06-10 07:00:00,10.91
2023-06-10 07:15:00,10.91
2023-06-10 07:30:00,10.92
2023-06-10 07:45:00,10.92
2023-06-10 08:00:00,10.93
2023-06-10 08:15:00,10.93
2023-06-10 08:30:00,10.94
2023-06-10 08:45:00,10.95
2023-06-10 09:00:00,10.95
2023-06-10 09:15:00,10.97
2023-06-10 09:30:00,10.98
2023-06-10 09:45:00,10.98
2023-06-10 10:00:00,11.01
2023-06-10 10:15:00,11.03
2023-06-10 10:30:00,11.04
2023-06-10 10:45:00,11.04
2023-06-10 11:00:00,11.07
2023-06-10 11:15:00,11.13
2023-06-10 11:30:00,11.1
2023-06-10 11:45:00,11.14
2023-06-10 12:00:00,11.22
2023-06-10 12:15:00,11.18
2023-06-10 12:30:00,11.22
2023-06-10 12:45:00,11.22
2023-06-10 13:00:00,11.19
2023-06-10 13:15:00,11.19
2023-06-10 13:30:00,11.19
2023-06-10 13:45:00,11.19
2023-06-10 14:00:00,11.23
2023-06-10 14:15:00,11.2
2023-06-10 14:30:00,11.23
2023-06-10 14:45:00,11.35
2023-06-10 15:00:00,11.28
2023-06-10 15:15:00,11.28
2023-06-10 15:30:00,11.35
2023-06-10 15:45:00,11.35
2023-06-10 16:00:00,11.36
2023-06-10 16:15:00,11.23
2023-06-10 16:30:00,11.22
2023-06-10 16:45:00,11.21
2023-06-10 17:00:00,11.26
2023-06-10 17:15:00,11.18
2023-06-10 17:30:00,11.15
2023-06-10 17:45:00,11.14
2023-06-10 18:00:00,11.16
2023-06-10 18:15:00,11.13
2023-06-10 18:30:00,11.12
2023-06-10 18:45:00,11.11
2023-06-10 19:00:00,11.08
2023-06-10 19:15:00,11.09
2023-06-10 19:30:00,11.06
2023-06-10 19:45:00,11.05
2023-06-10 20:00:00,11.02
2023-06-10 20:15:00,10.99
2023-06-10 20:30:00,10.97
2023-06-10 20:45:00,10.95
2023-06-10 21:00:00,10.91
2023-06-10 21:15:00,10.87
2023-06-10 21:30:00,10.85
2023-06-10 21:45:00,10.81
2023-06-10 22:00:00,10.78
2023-06-10 22:15:00,10.74
2023-06-10 22:30:00,10.72
2023-06-10 22:45:00,10.7
2023-06-10 23:00:00,10.68
2023-06-10 23:15:00,10.67
2023-06-10 23:30:00,10.7
2023-06-10 23:45:00,10.66
2023-06-11 00:00:00,10.65
2023-06-11 00:15:00,10.63
2023-06-11 00:30:00,10.61
2023-06-11 00:45:00,10.59
2023-06-11 01:00:00,10.58
2023-06-11 01:15:00,10.56
2023-06-11 01:30:00,10.6
2023-06-11 01:45:00,10.59
2023-06-11 02:00:00,10.62
2023-06-11 02:15:00,10.58
2023-06-11 02:30:00,10.57
2023-06-11 02:45:00,10.63
2023-06-11 03:00:00,10.56
2023-06-11 03:15:00,10.51
2023-06-11 03:30:00,10.46
2023-06-11 03:45:00,10.43
2023-06-11 04:00:00,10.44
2023-06-11 04:15:00,10.44
2023-06-11 04:30:00,10.44
2023-06-11 04:45:00,10.46
2023-06-11 05:00:00,10.5
2023-06-11 05:15:00,10.55
2023-06-11 05:30:00,10.69
2023-06-11 05:45:00,10.76
2023-06-11 06:00:00,10.8
2023-06-11 06:15:00,10.85
2023-06-11 06:30:00,10.88
2023-06-11 06:45:00,10.91
2023-06-11 07:00:00,10.94
2023-06-11 07:15:00,10.95
2023-06-11 07:30:00,10.97
2023-06-11 07:45:00,10.99
2023-06-11 08:00:00,11.02
2023-06-11 08:15:00,11.02
2023-06-11 08:30:00,11.01
2023-06-11 08:45:00,11.05
2023-06-11 09:00:00,11.06
2023-06-11 09:15:00,11.09
2023-06-11 09:30:00,11.12
2023-06-11 09:45:00,11.18
2023-06-11 10:00:00,11.18
2023-06-11 10:15:00,11.2
2023-06-11 10:30:00,11.24
2023-06-11 10:45:00,11.23
2023-06-11 11:00:00,11.24
2023-06-11 11:15:00,11.29
2023-06-11 11:30:00,11.35
2023-06-11 11:45:00,11.31
2023-06-11 12:00:00,11.41
2023-06-11 12:15:00,11.33
2023-06-11 12:30:00,11.4
2023-06-11 12:45:00,11.43
2023-06-11 13:00:00,11.42
2023-06-11 13:15:00,11.39
2023-06-11 13:30:00,11.54
2023-06-11 13:45:00,11.4
2023-06-11 14:00:00,11.39
2023-06-11 14:15:00,11.38
2023-06-11 14:30:00,11.44
2023-06-11 14:45:00,11.39
2023-06-11 15:00:00,11.43
2023-06-11 15:15:00,11.42
2023-06-11 15:30:00,11.42
2023-06-11 15:45:00,11.45
2023-06-11 16:00:00,11.47
2023-06-11 16:15:00,11.42
2023-06-11 16:30:00,11.42
2023-06-11 16:45:00,11.36
2023-06-11 17:00:00,11.35
2023-06-11 17:15:00,11.34
2023-06-11 17:30:00,11.32
2023-06-11 17:45:00,11.3
2023-06-11 18:00:00,11.28
2023-06-11 18:15:00,11.27
2023-06-11 18:30:00,11.26
2023-06-11 18:45:00,11.24
2023-06-11 19:00:00,11.24
2023-06-11 19:15:00,11.23
2023-06-11 19:30:00,11.19
2023-06-11 19:45:00,11.16
2023-06-11 20:00:00,11.15
2023-06-11 20:15:00,11.15
2023-06-11 20:30:00,11.12
2023-06-11 20:45:00,11.09
2023-06-11 21:00:00,11.05
2023-06-11 21:15:00,11.02
2023-06-11 21:30:00,10.98
2023-06-11 21:45:00,10.96
2023-06-11 22:00:00,10.91
2023-06-11 22:15:00,10.89
2023-06-11 22:30:00,10.87
2023-06-11 22:45:00,10.86
2023-06-11 23:00:00,10.83
2023-06-11 23:15:00,10.83
2023-06-11 23:30:00,10.81
2023-06-11 23:45:00,10.84
2023-06-12 00:00:00,10.87
2023-06-12 00:15:00,10.9
2023-06-12 00:30:00,10.93
2023-06-12 00:45:00,10.96
2023-06-12 01:00:00,10.99
2023-06-12 01:15:00,11.02
2023-06-12 01:30:00,10.99
2023-06-12 01:45:00,10.99
2023-06-12 02:00:00,10.99
2023-06-12 02:15:00,10.99
2023-06-12 02:30:00,10.96
2023-06-12 02:45:00,10.91
2023-06-12 03:00:00,10.9
2023-06-12 03:15:00,10.88
2023-06-12 03:30:00,10.88
2023-06-12 03:45:00,10.85
2023-06-12 04:00:00,10.84
2023-06-12 04:15:00,10.87
2023-06-12 04:30:00,10.85
2023-06-12 04:45:00,10.88
2023-06-12 05:00:00,10.94
2023-06-12 05:15:00,10.98
2023-06-12 05:30:00,10.99
2023-06-12 05:45:00,11.02
2023-06-12 06:00:00,11.02
2023-06-12 06:15:00,11.04
2023-06-12 06:30:00,11.03
2023-06-12 06:45:00,11.04
2023-06-12 07:00:00,11.05
2023-06-12 07:15:00,11.06
2023-06-12 07:30:00,11.09
2023-06-12 07:45:00,11.11
2023-06-12 08:00:00,11.11
2023-06-12 08:15:00,11.13
2023-06-12 08:30:00,11.14
2023-06-12 08:45:00,11.14
2023-06-12 09:00:00,11.17
2023-06-12 09:15:00,11.18
2023-06-12 09:30:00,11.19
2023-06-12 09:45:00,11.2
2023-06-12 10:00:00,11.2
2023-06-12 10:15:00,11.23
2023-06-12 10:30:00,11.27
2023-06-12 10:45:00,11.29
2023-06-12 11:00:00,11.29
2023-06-12 11:15:00,11.29
2023-06-12 11:30:00,11.3
2023-06-12 11:45:00,11.34
2023-06-12 12:00:00,11.38
2023-06-12 12:15:00,11.4
2023-06-12 12:30:00,11.47
2023-06-12 12:45:00,11.48
2023-06-12 13:00:00,11.48
2023-06-12 13:15:00,11.54
2023-06-12 13:30:00,11.54
2023-06-12 13:45:00,11.57
2023-06-12 14:00:00,11.54
2023-06-12 14:15:00,11.59
2023-06-12 14:30:00,11.6
2023-06-12 14:45:00,11.62
2023-06-12 15:00:00,11.66
2023-06-12 15:15:00,11.62
2023-06-12 15:30:00,11.68
2023-06-12 15:45:00,11.63
2023-06-12 16:00:00,11.59
2023-06-12 16:15:00,11.58
2023-06-12 16:30:00,11.52
2023-06-12 16:45:00,11.48
2023-06-12 17:00:00,11.49
2023-06-12 17:15:00,11.48
2023-06-12 17:30:00,11.47
2023-06-12 17:45:00,11.46
2023-06-12 18:00:00,11.44
2023-06-12 18:15:00,11.45
2023-06-12 18:30:00,11.4
2023-06-12 18:45:00,11.41
2023-06-12 19:00:00,11.38
2023-06-12 19:15:00,11.36
2023-06-12 19:30:00,11.35
2023-06-12 19:45:00,11.32
2023-06-12 20:00:00,11.32
2023-06-12 20:15:00,11.29
2023-06-12 20:30:00,11.25
2023-06-12 20:45:00,11.25
2023-06-12 21:00:00,11.23
2023-06-12 21:15:00,11.21
2023-06-12 21:30:00,11.19
2023-06-12 21:45:00,11.19
2023-06-12 22:00:00,11.15
2023-06-12 22:15:00,11.15
2023-06-12 22:30:00,11.11
2023-06-12 22:45:00,11.09
2023-06-12 23:00:00,11.08
2023-06-12 23:15:00,11.06
2023-06-12 23:30:00,11.05
2023-06-12 23:45:00,11.04
2023-06-13 00:00:00,11.05
2023-06-13 00:15:00,11.01
2023-06-13 00:30:00,10.98
2023-06-13 00:45:00,10.96
2023-06-13 01:00:00,10.96
2023-06-13 01:15:00,10.97
2023-06-13 01:30:00,11.03
2023-06-13 01:45:00,11.06
2023-06-13 02:00:00,11.04
2023-06-13 02:15:00,11.03
2023-06-13 02:30:00,11.01
2023-06-13 02:45:00,11.02
2023-06-13 03:00:00,11.07
2023-06-13 03:15:00,11.09
2023-06-13 03:30:00,11.11
2023-06-13 03:45:00,11.11
2023-06-13 04:00:00,11.12
2023-06-13 04:15:00,11.12
2023-06-13 04:30:00,11.1
2023-06-13 04:45:00,11.1
2023-06-13 05:00:00,11.12
2023-06-13 05:15:00,11.12
2023-06-13 05:30:00,11.14
2023-06-13 05:45:00,11.14
2023-06-13 06:00:00,11.18
2023-06-13 06:15:00,11.2
2023-06-13 06:30:00,11.21
2023-06-13 06:45:00,11.22
2023-06-13 07:00:00,11.24
2023-06-13 07:15:00,11.24
2023-06-13 07:30:00,11.25
2023-06-13 07:45:00,11.27
2023-06-13 08:00:00,11.26
2023-06-13 08:15:00,11.27
2023-06-13 08:30:00,11.26
2023-06-13 08:45:00,11.3
2023-06-13 09:00:00,11.34
2023-06-13 09:15:00,11.32
2023-06-13 09:30:00,11.37
2023-06-13 09:45:00,11.45
2023-06-13 10:00:00,11.47
2023-06-13 10:15:00,11.52
2023-06-13 10:30:00,11.58
2023-06-13 10:45:00,11.63
2023-06-13 11:00:00,11.71
2023-06-13 11:15:00,11.81
2023-06-13 11:30:00,12.08
2023-06-13 11:45:00,11.95
2023-06-13 12:00:00,11.98
2023-06-13 12:15:00,12.03
2023-06-13 12:30:00,12.08
2023-06-13 12:45:00,12.05
2023-06-13 13:00:00,12.06
2023-06-13 13:15:00,12.25
2023-06-13 13:30:00,12.29
2023-06-13 13:45:00,12.14
2023-06-13 14:00:00,12.14
2023-06-13 14:15:00,12.53
2023-06-13 14:30:00,12.74
2023-06-13 14:45:00,12.53
2023-06-13 15:00:00,12.46
2023-06-13 15:15:00,12.35
2023-06-13 15:30:00,12.36
2023-06-13 15:45:00,12.54
2023-06-13 16:00:00,12.5
2023-06-13 16:15:00,12.42
2023-06-13 16:30:00,12.46
2023-06-13 16:45:00,12.39
2023-06-13 17:00:00,12.69
2023-06-13 17:15:00,12.55
2023-06-13 17:30:00,12.43
2023-06-13 17:45:00,12.29
2023-06-13 18:00:00,12.33
2023-06-13 18:15:00,12.44
2023-06-13 18:30:00,12.43
2023-06-13 18:45:00,12.19
2023-06-13 19:00:00,12.24
2023-06-13 19:15:00,12.18
2023-06-13 19:30:00,12.12
2023-06-13 19:45:00,12.09
2023-06-13 20:00:00,11.87
2023-06-13 20:15:00,11.74
2023-06-13 20:30:00,11.75
2023-06-13 20:45:00,11.75
2023-06-13 21:00:00,11.7
2023-06-13 21:15:00,11.64
2023-06-13 21:30:00,11.62
2023-06-13 21:45:00,11.66
2023-06-13 22:00:00,11.61
2023-06-13 22:15:00,11.57
2023-06-13 22:30:00,11.48
2023-06-13 22:45:00,11.39
2023-06-13 23:00:00,11.35
2023-06-13 23:15:00,11.33
2023-06-13 23:30:00,11.27
2023-06-13 23:45:00,11.24
2023-06-14 00:00:00,11.19
2023-06-14 00:15:00,11.19
2023-06-14 00:30:00,11.15
2023-06-14 00:45:00,11.14
2023-06-14 01:00:00,11.08
2023-06-14 01:15:00,11.08
2023-06-14 01:30:00,11.08
2023-06-14 01:45:00,11.05
2023-06-14 02:00:00,11.05
2023-06-14 02:15:00,11.05
2023-06-14 02:30:00,11.05
2023-06-14 02:45:00,11.02
2023-06-14 03:00:00,11.02
2023-06-14 03:15:00,10.98
2023-06-14 03:30:00,10.96
2023-06-14 03:45:00,10.94
2023-06-14 04:00:00,10.91
2023-06-14 04:15:00,10.92
2023-06-14 04:30:00,10.92
2023-06-14 04:45:00,10.92
2023-06-14 05:00:00,10.88
2023-06-14 05:15:00,10.86
2023-06-14 05:30:00,10.87
2023-06-14 05:45:00,10.9
2023-06-14 06:00:00,10.88
2023-06-14 06:15:00,10.92
2023-06-14 06:30:00,10.93
2023-06-14 06:45:00,10.93
2023-06-14 07:00:00,10.98
2023-06-14 07:15:00,11
2023-06-14 07:30:00,11.03
2023-06-14 07:45:00,11.06
2023-06-14 08:00:00,11.11
2023-06-14 08:15:00,11.11
2023-06-14 08:30:00,11.15
2023-06-14 08:45:00,11.21
2023-06-14 09:00:00,11.22
2023-06-14 09:15:00,11.27
2023-06-14 09:30:00,11.29
2023-06-14 09:45:00,11.36
2023-06-14 10:00:00,11.36
2023-06-14 10:15:00,11.48
2023-06-14 10:30:00,11.53
2023-06-14 10:45:00,11.56
2023-06-14 11:00:00,11.58
2023-06-14 11:15:00,11.62
2023-06-14 11:30:00,11.68
2023-06-14 11:45:00,11.74
2023-06-14 12:00:00,11.77
2023-06-14 12:15:00,11.9
2023-06-14 12:30:00,11.81
2023-06-14 12:45:00,11.86
2023-06-14 13:00:00,11.89
2023-06-14 13:15:00,11.95
2023-06-14 13:30:00,11.97
2023-06-14 13:45:00,11.95
2023-06-14 14:00:00,12.01
2023-06-14 14:15:00,12.02
2023-06-14 14:30:00,12.03
2023-06-14 14:45:00,12.06
2023-06-14 15:00:00,12.01
2023-06-14 15:15:00,11.98
2023-06-14 15:30:00,11.99
2023-06-14 15:45:00,11.96
2023-06-14 16:00:00,11.86
2023-06-14 16:15:00,11.89
2023-06-14 16:30:00,11.85
2023-06-14 16:45:00,11.77
2023-06-14 17:00:00,11.71
2023-06-14 17:15:00,11.74
2023-06-14 17:30:00,11.67
2023-06-14 17:45:00,11.62
2023-06-14 18:00:00,11.57
2023-06-14 18:15:00,11.53
2023-06-14 18:30:00,11.49
2023-06-14 18:45:00,11.46
2023-06-14 19:00:00,11.44
2023-06-14 19:15:00,11.43
2023-06-14 19:30:00,11.41
2023-06-14 19:45:00,11.41
2023-06-14 20:00:00,11.39
2023-06-14 20:15:00,11.39
2023-06-14 20:30:00,11.35
2023-06-14 20:45:00,11.33
2023-06-14 21:00:00,11.3
2023-06-14 21:15:00,11.28
2023-06-14 21:30:00,11.28
2023-06-14 21:45:00,11.27
2023-06-14 22:00:00,11.28
2023-06-14 22:15:00,11.28
2023-06-14 22:30:00,11.26
2023-06-14 22:45:00,11.24
2023-06-14 23:00:00,11.25
2023-06-14 23:15:00,11.25
2023-06-14 23:30:00,11.25
2023-06-14 23:45:00,11.25
2023-06-15 00:00:00,11.24
2023-06-15 00:15:00,11.24
2023-06-15 00:30:00,11.23
2023-06-15 00:45:00,11.2
2023-06-15 01:00:00,11.19
2023-06-15 01:15:00,11.21
2023-06-15 01:30:00,11.17
2023-06-15 01:45:00,11.15
2023-06-15 02:00:00,11.13
2023-06-15 02:15:00,11.14
2023-06-15 02:30:00,11.1
2023-06-15 02:45:00,11.05
2023-06-15 03:00:00,11.03
2023-06-15 03:15:00,11.03
2023-06-15 03:30:00,10.97
2023-06-15 03:45:00,11.01
2023-06-15 04:00:00,10.99
2023-06-15 04:15:00,10.92
2023-06-15 04:30:00,10.87
2023-06-15 04:45:00,10.88
2023-06-15 05:00:00,10.92
2023-06-15 05:15:00,10.93
2023-06-15 05:30:00,11
2023-06-15 05:45:00,11.05
2023-06-15 06:00:00,11.04
2023-06-15 06:15:00,11.06
2023-06-15 06:30:00,11.05
2023-06-15 06:45:00,11.09
2023-06-15 07:00:00,11.13
2023-06-15 07:15:00,11.14
2023-06-15 07:30:00,11.19
2023-06-15 07:45:00,11.23
2023-06-15 08:00:00,11.23
2023-06-15 08:15:00,11.29
2023-06-15 08:30:00,11.32
2023-06-15 08:45:00,11.34
2023-06-15 09:00:00,11.36
2023-06-15 09:15:00,11.4
2023-06-15 09:30:00,11.44
2023-06-15 09:45:00,11.48
2023-06-15 10:00:00,11.51
2023-06-15 10:15:00,11.53
2023-06-15 10:30:00,11.56
2023-06-15 10:45:00,11.58
2023-06-15 11:00:00,11.62
2023-06-15 11:15:00,11.64
2023-06-15 11:30:00,11.68
2023-06-15 11:45:00,11.76
2023-06-15 12:00:00,11.76
2023-06-15 12:15:00,11.73
2023-06-15 12:30:00,11.67
2023-06-15 12:45:00,11.69
2023-06-15 13:00:00,11.72
2023-06-15 13:15:00,11.73
2023-06-15 13:30:00,11.69
2023-06-15 13:45:00,11.69
2023-06-15 14:00:00,11.66
2023-06-15 14:15:00,11.65
2023-06-15 14:30:00,11.67
2023-06-15 14:45:00,11.72
2023-06-15 15:00:00,11.7
2023-06-15 15:15:00,11.73
2023-06-15 15:30:00,11.74
2023-06-15 15:45:00,11.74
2023-06-15 16:00:00,11.75
2023-06-15 16:15:00,11.71
2023-06-15 16:30:00,11.73
2023-06-15 16:45:00,11.7
2023-06-15 17:00:00,11.68
2023-06-15 17:15:00,11.65
2023-06-15 17:30:00,11.65
2023-06-15 17:45:00,11.64
2023-06-15 18:00:00,11.61
2023-06-15 18:15:00,11.59
2023-06-15 18:30:00,11.58
2023-06-15 18:45:00,11.55
2023-06-15 19:00:00,11.53
2023-06-15 19:15:00,11.48
2023-06-15 19:30:00,11.37
2023-06-15 19:45:00,11.27
2023-06-15 20:00:00,11.15
2023-06-15 20:15:00,11.08
2023-06-15 20:30:00,11.07
2023-06-15 20:45:00,11.05
2023-06-15 21:00:00,11.01
2023-06-15 21:15:00,10.96
2023-06-15 21:30:00,10.92
2023-06-15 21:45:00,10.91
2023-06-15 22:00:00,10.9
2023-06-15 22:15:00,10.88
2023-06-15 22:30:00,10.9
2023-06-15 22:45:00,10.86
2023-06-15 23:00:00,10.84
2023-06-15 23:15:00,10.8
2023-06-15 23:30:00,10.73
2023-06-15 23:45:00,10.7
2023-06-16 00:00:00,10.73
2023-06-16 00:15:00,10.72
2023-06-16 00:30:00,10.7
2023-06-16 00:45:00,10.68
2023-06-16 01:00:00,10.65
2023-06-16 01:15:00,10.66
2023-06-16 01:30:00,10.76
2023-06-16 01:45:00,10.75
2023-06-16 02:00:00,10.8
2023-06-16 02:15:00,10.82
2023-06-16 02:30:00,10.74
2023-06-16 02:45:00,10.75
2023-06-16 03:00:00,10.77
2023-06-16 03:15:00,10.79
2023-06-16 03:30:00,10.81
2023-06-16 03:45:00,10.82
2023-06-16 04:00:00,10.79
2023-06-16 04:15:00,10.75
2023-06-16 04:30:00,10.72
2023-06-16 04:45:00,10.72
2023-06-16 05:00:00,10.82
2023-06-16 05:15:00,10.93
2023-06-16 05:30:00,11.02
2023-06-16 05:45:00,11.06
2023-06-16 06:00:00,11.11
2023-06-16 06:15:00,11.17
2023-06-16 06:30:00,11.23
2023-06-16 06:45:00,11.27
2023-06-16 07:00:00,11.29
2023-06-16 07:15:00,11.31
2023-06-16 07:30:00,11.32
2023-06-16 07:45:00,11.34
2023-06-16 08:00:00,11.35
2023-06-16 08:15:00,11.37
2023-06-16 08:30:00,11.38
2023-06-16 08:45:00,11.39
2023-06-16 09:00:00,11.44
2023-06-16 09:15:00,11.44
2023-06-16 09:30:00,11.46
2023-06-16 09:45:00,11.48
2023-06-16 10:00:00,11.53
2023-06-16 10:15:00,11.54
2023-06-16 10:30:00,11.54
2023-06-16 10:45:00,11.59
2023-06-16 11:00:00,11.59
2023-06-16 11:15:00,11.61
2023-06-16 11:30:00,11.65
2023-06-16 11:45:00,11.68
2023-06-16 12:00:00,11.68
2023-06-16 12:15:00,11.74
2023-06-16 12:30:00,11.76
2023-06-16 12:45:00,11.8
2023-06-16 13:00:00,11.81
2023-06-16 13:15:00,11.82
2023-06-16 13:30:00,11.86
2023-06-16 13:45:00,11.88
2023-06-16 14:00:00,11.89
2023-06-16 14:15:00,11.9
2023-06-16 14:30:00,11.87
2023-06-16 14:45:00,11.87
2023-06-16 15:00:00,11.84
2023-06-16 15:15:00,11.9
2023-06-16 15:30:00,11.9
2023-06-16 15:45:00,11.92
2023-06-16 16:00:00,11.94
2023-06-16 16:15:00,11.88
2023-06-16 16:30:00,11.87
2023-06-16 16:45:00,11.85
2023-06-16 17:00:00,11.82
2023-06-16 17:15:00,11.85
2023-06-16 17:30:00,11.81
2023-06-16 17:45:00,11.78
2023-06-16 18:00:00,11.77
2023-06-16 18:15:00,11.76
2023-06-16 18:30:00,11.76
2023-06-16 18:45:00,11.73
2023-06-16 19:00:00,11.71
2023-06-16 19:15:00,11.67
2023-06-16 19:30:00,11.65
2023-06-16 19:45:00,11.63
2023-06-16 20:00:00,11.62
2023-06-16 20:15:00,11.6
2023-06-16 20:30:00,11.58
2023-06-16 20:45:00,11.56
2023-06-16 21:00:00,11.55
2023-06-16 21:15:00,11.56
2023-06-16 21:30:00,11.55
2023-06-16 21:45:00,11.53
2023-06-16 22:00:00,11.53
2023-06-16 22:15:00,11.54
2023-06-16 22:30:00,11.54
2023-06-16 22:45:00,11.53
2023-06-16 23:00:00,11.53
2023-06-16 23:15:00,11.52
2023-06-16 23:30:00,11.5
2023-06-16 23:45:00,11.52
2023-06-17 00:00:00,11.51
2023-06-17 00:15:00,11.52
2023-06-17 00:30:00,11.51
2023-06-17 00:45:00,11.5
2023-06-17 01:00:00,11.49
2023-06-17 01:15:00,11.49
2023-06-17 01:30:00,11.48
2023-06-17 01:45:00,11.47
2023-06-17 02:00:00,11.46
2023-06-17 02:15:00,11.45
2023-06-17 02:30:00,11.45
2023-06-17 02:45:00,11.45
2023-06-17 03:00:00,11.44
2023-06-17 03:15:00,11.45
2023-06-17 03:30:00,11.44
2023-06-17 03:45:00,11.44
2023-06-17 04:00:00,11.41
2023-06-17 04:15:00,11.44
2023-06-17 04:30:00,11.45
2023-06-17 04:45:00,11.45
2023-06-17 05:00:00,11.45
2023-06-17 05:15:00,11.45
2023-06-17 05:30:00,11.44
2023-06-17 05:45:00,11.46
2023-06-17 06:00:00,11.46
2023-06-17 06:15:00,11.48
2023-06-17 06:30:00,11.5
2023-06-17 06:45:00,11.47
2023-06-17 07:00:00,11.52
2023-06-17 07:15:00,11.57
2023-06-17 07:30:00,11.54
2023-06-17 07:45:00,11.55
2023-06-17 08:00:00,11.57
2023-06-17 08:15:00,11.6
2023-06-17 08:30:00,11.59
2023-06-17 08:45:00,11.61
2023-06-17 09:00:00,11.62
2023-06-17 09:15:00,11.68
2023-06-17 09:30:00,11.7
2023-06-17 09:45:00,11.74
2023-06-17 10:00:00,11.73
2023-06-17 10:15:00,11.78
2023-06-17 10:30:00,11.77
2023-06-17 10:45:00,11.76
2023-06-17 11:00:00,11.84
2023-06-17 11:15:00,11.83
2023-06-17 11:30:00,11.86
2023-06-17 11:45:00,11.91
2023-06-17 12:00:00,11.96
2023-06-17 12:15:00,11.97
2023-06-17 12:30:00,12.08
2023-06-17 12:45:00,12.08
2023-06-17 13:00:00,12.09
2023-06-17 13:15:00,12.05
2023-06-17 13:30:00,12.06
2023-06-17 13:45:00,12.16
2023-06-17 14:00:00,12.28
2023-06-17 14:15:00,12.44
2023-06-17 14:30:00,12.45
2023-06-17 14:45:00,12.53
2023-06-17 15:00:00,12.44
2023-06-17 15:15:00,12.45
2023-06-17 15:30:00,12.37
2023-06-17 15:45:00,12.44
2023-06-17 16:00:00,12.3
2023-06-17 16:15:00,12.3
2023-06-17 16:30:00,12.18
2023-06-17 16:45:00,12.09
2023-06-17 17:00:00,12.07
2023-06-17 17:15:00,12.01
2023-06-17 17:30:00,11.98
2023-06-17 17:45:00,11.94
2023-06-17 18:00:00,11.88
2023-06-17 18:15:00,11.85
2023-06-17 18:30:00,11.77
2023-06-17 18:45:00,11.75
2023-06-17 19:00:00,11.72
2023-06-17 19:15:00,11.71
2023-06-17 19:30:00,11.67
2023-06-17 19:45:00,11.59
2023-06-17 20:00:00,11.61
2023-06-17 20:15:00,11.6
2023-06-17 20:30:00,11.56
2023-06-17 20:45:00,11.55
2023-06-17 21:00:00,11.5
2023-06-17 21:15:00,11.48
2023-06-17 21:30:00,11.48
2023-06-17 21:45:00,11.45
2023-06-17 22:00:00,11.35
2023-06-17 22:15:00,11.37
2023-06-17 22:30:00,11.35
2023-06-17 22:45:00,11.34
2023-06-17 23:00:00,11.24
2023-06-17 23:15:00,11.29
2023-06-17 23:30:00,11.2
2023-06-17 23:45:00,11.18
2023-06-18 00:00:00,11.14
2023-06-18 00:15:00,11.16
2023-06-18 00:30:00,11.15
2023-06-18 00:45:00,11.16
2023-06-18 01:00:00,11.11
2023-06-18 01:15:00,11.12
2023-06-18 01:30:00,11.12
2023-06-18 01:45:00,11.03
2023-06-18 02:00:00,11.01
2023-06-18 02:15:00,11.01
2023-06-18 02:30:00,10.95
2023-06-18 02:45:00,10.93
2023-06-18 03:00:00,10.95
2023-06-18 03:15:00,10.96
2023-06-18 03:30:00,10.98
2023-06-18 03:45:00,10.98
2023-06-18 04:00:00,10.9
2023-06-18 04:15:00,10.96
2023-06-18 04:30:00,10.97
2023-06-18 04:45:00,10.85
2023-06-18 05:00:00,10.9
2023-06-18 05:15:00,10.89
2023-06-18 05:30:00,10.82
2023-06-18 05:45:00,10.79
2023-06-18 06:00:00,10.72
2023-06-18 06:15:00,10.76
2023-06-18 06:30:00,10.84
2023-06-18 06:45:00,10.86
2023-06-18 07:00:00,10.82
2023-06-18 07:15:00,10.79
2023-06-18 07:30:00,10.88
2023-06-18 07:45:00,10.95
2023-06-18 08:00:00,10.96
2023-06-18 08:15:00,11.03
2023-06-18 08:30:00,10.98
2023-06-18 08:45:00,11.04
2023-06-18 09:00:00,11.04
2023-06-18 09:15:00,11.03
2023-06-18 09:30:00,11.03
2023-06-18 09:45:00,11.08
2023-06-18 10:00:00,11.25
2023-06-18 10:15:00,11.27
2023-06-18 10:30:00,11.36
2023-06-18 10:45:00,11.37
2023-06-18 11:00:00,11.4
2023-06-18 11:15:00,11.44
2023-06-18 11:30:00,11.54
2023-06-18 11:45:00,11.65
2023-06-18 12:00:00,11.72
2023-06-18 12:15:00,11.83
2023-06-18 12:30:00,11.93
2023-06-18 12:45:00,11.98
2023-06-18 13:00:00,12.05
2023-06-18 13:15:00,12.12
2023-06-18 13:30:00,12.13
2023-06-18 13:45:00,12.2
2023-06-18 14:00:00,12.22
2023-06-18 14:15:00,12.38
2023-06-18 14:30:00,12.42
2023-06-18 14:45:00,12.44
2023-06-18 15:00:00,12.47
2023-06-18 15:15:00,12.37
2023-06-18 15:30:00,12.25
2023-06-18 15:45:00,12.11
2023-06-18 16:00:00,12.2
2023-06-18 16:15:00,12.12
2023-06-18 16:30:00,12.12
2023-06-18 16:45:00,12.16
2023-06-18 17:00:00,12.09
2023-06-18 17:15:00,11.97
2023-06-18 17:30:00,11.87
2023-06-18 17:45:00,11.78
2023-06-18 18:00:00,11.73
2023-06-18 18:15:00,11.69
2023-06-18 18:30:00,11.67
2023-06-18 18:45:00,11.67
2023-06-18 19:00:00,11.62
2023-06-18 19:15:00,11.55
2023-06-18 19:30:00,11.52
2023-06-18 19:45:00,11.37
2023-06-18 20:00:00,11.21
2023-06-18 20:15:00,11.11
2023-06-18 20:30:00,11.14
2023-06-18 20:45:00,11.16
2023-06-18 21:00:00,11.11
2023-06-18 21:15:00,11.09
2023-06-18 21:30:00,11.12
2023-06-18 21:45:00,11.08
2023-06-18 22:00:00,11.11
2023-06-18 22:15:00,11.09
2023-06-18 22:30:00,11.12
2023-06-18 22:45:00,11.09
2023-06-18 23:00:00,11.06
2023-06-18 23:15:00,10.99
2023-06-18 23:30:00,10.99
2023-06-18 23:45:00,11.02
2023-06-19 00:00:00,10.99
2023-06-19 00:15:00,10.96
2023-06-19 00:30:00,10.8
2023-06-19 00:45:00,10.71
2023-06-19 01:00:00,10.64
2023-06-19 01:15:00,10.61
2023-06-19 01:30:00,10.59
2023-06-19 01:45:00,10.57
2023-06-19 02:00:00,10.48
2023-06-19 02:15:00,10.5
2023-06-19 02:30:00,10.42
2023-06-19 02:45:00,10.38
2023-06-19 03:00:00,10.23
2023-06-19 03:15:00,10.28
2023-06-19 03:30:00,10.28
2023-06-19 03:45:00,10.25
2023-06-19 04:00:00,10.22
2023-06-19 04:15:00,10.22
2023-06-19 04:30:00,10.17
2023-06-19 04:45:00,10.29
2023-06-19 05:00:00,10.39
2023-06-19 05:15:00,10.49
2023-06-19 05:30:00,10.59
2023-06-19 05:45:00,10.7
2023-06-19 06:00:00,10.74
2023-06-19 06:15:00,10.81
2023-06-19 06:30:00,10.84
2023-06-19 06:45:00,10.85
2023-06-19 07:00:00,10.85
2023-06-19 07:15:00,10.86
2023-06-19 07:30:00,10.91
2023-06-19 07:45:00,10.97
2023-06-19 08:00:00,11
2023-06-19 08:15:00,11.01
2023-06-19 08:30:00,11.05
2023-06-19 08:45:00,11.1
2023-06-19 09:00:00,11.14
2023-06-19 09:15:00,11.21
2023-06-19 09:30:00,11.25
2023-06-19 09:45:00,11.28
2023-06-19 10:00:00,11.32
2023-06-19 10:15:00,11.34
2023-06-19 10:30:00,11.32
2023-06-19 10:45:00,11.3
2023-06-19 11:00:00,11.24
2023-06-19 11:15:00,11.27
2023-06-19 11:30:00,11.33
2023-06-19 11:45:00,11.45
2023-06-19 12:00:00,11.58
2023-06-19 12:15:00,11.58
2023-06-19 12:30:00,11.63
2023-06-19 12:45:00,11.55
2023-06-19 13:00:00,11.53
2023-06-19 13:15:00,11.53
2023-06-19 13:30:00,11.48
2023-06-19 13:45:00,11.52
2023-06-19 14:00:00,11.48
2023-06-19 14:15:00,11.45
2023-06-19 14:30:00,11.41
2023-06-19 14:45:00,11.38
2023-06-19 15:00:00,11.39
2023-06-19 15:15:00,11.43
2023-06-19 15:30:00,11.46
2023-06-19 15:45:00,11.5
2023-06-19 16:00:00,11.53
2023-06-19 16:15:00,11.53
2023-06-19 16:30:00,11.56
2023-06-19 16:45:00,11.55
2023-06-19 17:00:00,11.49
2023-06-19 17:15:00,11.49
2023-06-19 17:30:00,11.43
2023-06-19 17:45:00,11.42
2023-06-19 18:00:00,11.4
2023-06-19 18:15:00,11.33
2023-06-19 18:30:00,11.22
2023-06-19 18:45:00,11.14
2023-06-19 19:00:00,11.06
2023-06-19 19:15:00,10.91
2023-06-19 19:30:00,10.64
2023-06-19 19:45:00,10.46
2023-06-19 20:00:00,10.42
2023-06-19 20:15:00,10.63
2023-06-19 20:30:00,10.71
2023-06-19 20:45:00,10.76
2023-06-19 21:00:00,10.68
2023-06-19 21:15:00,10.51
2023-06-19 21:30:00,10.37
2023-06-19 21:45:00,10.22
2023-06-19 22:00:00,10.25
2023-06-19 22:15:00,10.32
2023-06-19 22:30:00,10.45
2023-06-19 22:45:00,10.47
2023-06-19 23:00:00,10.51
2023-06-19 23:15:00,10.54
2023-06-19 23:30:00,10.57
2023-06-19 23:45:00,10.49
2023-06-20 00:00:00,10.36
2023-06-20 00:15:00,10.27
2023-06-20 00:30:00,10.3
2023-06-20 00:45:00,10.48
2023-06-20 01:00:00,10.58
2023-06-20 01:15:00,10.61
2023-06-20 01:30:00,10.64
2023-06-20 01:45:00,10.66
2023-06-20 02:00:00,10.71
2023-06-20 02:15:00,10.69
2023-06-20 02:30:00,10.66
2023-06-20 02:45:00,10.7
2023-06-20 03:00:00,10.73
2023-06-20 03:15:00,10.75
2023-06-20 03:30:00,10.71
2023-06-20 03:45:00,10.68
2023-06-20 04:00:00,10.72
2023-06-20 04:15:00,10.75
2023-06-20 04:30:00,10.77
2023-06-20 04:45:00,10.79
2023-06-20 05:00:00,10.82
2023-06-20 05:15:00,10.83
2023-06-20 05:30:00,10.87
2023-06-20 05:45:00,10.87
2023-06-20 06:00:00,10.88
2023-06-20 06:15:00,10.94
2023-06-20 06:30:00,11.01
2023-06-20 06:45:00,11.06
2023-06-20 07:00:00,11.08
2023-06-20 07:15:00,11.01
2023-06-20 07:30:00,11
2023-06-20 07:45:00,11.04
2023-06-20 08:00:00,11.1
2023-06-20 08:15:00,11.17
2023-06-20 08:30:00,11.18
2023-06-20 08:45:00,11.2
2023-06-20 09:00:00,11.23
2023-06-20 09:15:00,11.29
2023-06-20 09:30:00,11.33
2023-06-20 09:45:00,11.32
2023-06-20 10:00:00,11.34
2023-06-20 10:15:00,11.36
2023-06-20 10:30:00,11.35
2023-06-20 10:45:00,11.4
2023-06-20 11:00:00,11.43
2023-06-20 11:15:00,11.38
2023-06-20 11:30:00,11.38
2023-06-20 11:45:00,11.37
2023-06-20 12:00:00,11.4
2023-06-20 12:15:00,11.48
2023-06-20 12:30:00,11.46
2023-06-20 12:45:00,11.52
2023-06-20 13:00:00,11.57
2023-06-20 13:15:00,11.53
2023-06-20 13:30:00,11.49
2023-06-20 13:45:00,11.47
2023-06-20 14:00:00,11.46
2023-06-20 14:15:00,11.53
2023-06-20 14:30:00,11.41
2023-06-20 14:45:00,11.43
2023-06-20 15:00:00,11.55
2023-06-20 15:15:00,11.49
2023-06-20 15:30:00,11.52
2023-06-20 15:45:00,11.59
2023-06-20 16:00:00,11.58
2023-06-20 16:15:00,11.54
2023-06-20 16:30:00,11.53
2023-06-20 16:45:00,11.48
2023-06-20 17:00:00,11.5
2023-06-20 17:15:00,11.47
2023-06-20 17:30:00,11.42
2023-06-20 17:45:00,11.42
2023-06-20 18:00:00,11.45
2023-06-20 18:15:00,11.38
2023-06-20 18:30:00,11.38
2023-06-20 18:45:00,11.4
2023-06-20 19:00:00,11.33
2023-06-20 19:15:00,11.14
2023-06-20 19:30:00,10.95
2023-06-20 19:45:00,10.77
2023-06-20 20:00:00,10.54
2023-06-20 20:15:00,10.42
2023-06-20 20:30:00,10.41
2023-06-20 20:45:00,10.28
2023-06-20 21:00:00,10.19
2023-06-20 21:15:00,10.1
2023-06-20 21:30:00,10.06
2023-06-20 21:45:00,10.1
2023-06-20 22:00:00,10.11
2023-06-20 22:15:00,10.08
2023-06-20 22:30:00,10.1
2023-06-20 22:45:00,10.04
2023-06-20 23:00:00,10.07
2023-06-20 23:15:00,10.07
2023-06-20 23:30:00,10.15
2023-06-20 23:45:00,10.2
2023-06-21 00:00:00,10.2
2023-06-21 00:15:00,10.34
2023-06-21 00:30:00,10.41
2023-06-21 00:45:00,10.42
2023-06-21 01:00:00,10.43
2023-06-21 01:15:00,10.37
2023-06-21 01:30:00,10.33
2023-06-21 01:45:00,10.32
2023-06-21 02:00:00,10.34
2023-06-21 02:15:00,10.35
2023-06-21 02:30:00,10.43
2023-06-21 02:45:00,10.41
2023-06-21 03:00:00,10.4
2023-06-21 03:15:00,10.38
2023-06-21 03:30:00,10.39
2023-06-21 03:45:00,10.27
2023-06-21 04:00:00,10.23
2023-06-21 04:15:00,10.23
2023-06-21 04:30:00,10.23
2023-06-21 04:45:00,10.29
2023-06-21 05:00:00,10.41
2023-06-21 05:15:00,10.54
2023-06-21 05:30:00,10.61
2023-06-21 05:45:00,10.7
2023-06-21 06:00:00,10.82
2023-06-21 06:15:00,10.89
2023-06-21 06:30:00,10.98
2023-06-21 06:45:00,11.03
2023-06-21 07:00:00,11.09
2023-06-21 07:15:00,11.14
2023-06-21 07:30:00,11.13
2023-06-21 07:45:00,11.17
2023-06-21 08:00:00,11.17
2023-06-21 08:15:00,11.19
2023-06-21 08:30:00,11.22
2023-06-21 08:45:00,11.25
2023-06-21 09:00:00,11.3
2023-06-21 09:15:00,11.28
2023-06-21 09:30:00,11.31
2023-06-21 09:45:00,11.36
2023-06-21 10:00:00,11.4
2023-06-21 10:15:00,11.4
2023-06-21 10:30:00,11.39
2023-06-21 10:45:00,11.36
2023-06-21 11:00:00,11.36
2023-06-21 11:15:00,11.35
2023-06-21 11:30:00,11.34
2023-06-21 11:45:00,11.4
2023-06-21 12:00:00,11.42
2023-06-21 12:15:00,11.51
2023-06-21 12:30:00,11.5
2023-06-21 12:45:00,11.52
2023-06-21 13:00:00,11.46
2023-06-21 13:15:00,11.46
2023-06-21 13:30:00,11.47
2023-06-21 13:45:00,11.46
2023-06-21 14:00:00,11.48
2023-06-21 14:15:00,11.52
2023-06-21 14:30:00,11.61
2023-06-21 14:45:00,11.71
2023-06-21 15:00:00,11.75
2023-06-21 15:15:00,11.84
2023-06-21 15:30:00,11.87
2023-06-21 15:45:00,11.93
2023-06-21 16:00:00,11.97
2023-06-21 16:15:00,11.99
2023-06-21 16:30:00,11.97
2023-06-21 16:45:00,11.96
2023-06-21 17:00:00,11.95
2023-06-21 17:15:00,11.94
2023-06-21 17:30:00,11.91
2023-06-21 17:45:00,11.88
2023-06-21 18:00:00,11.86
2023-06-21 18:15:00,11.85
2023-06-21 18:30:00,11.83
2023-06-21 18:45:00,11.79
2023-06-21 19:00:00,11.66
2023-06-21 19:15:00,11.43
2023-06-21 19:30:00,11.17
2023-06-21 19:45:00,10.92
2023-06-21 20:00:00,10.68
2023-06-21 20:15:00,10.55
2023-06-21 20:30:00,10.49
2023-06-21 20:45:00,10.38
2023-06-21 21:00:00,10.3
2023-06-21 21:15:00,10.26
2023-06-21 21:30:00,10.23
2023-06-21 21:45:00,10.18
2023-06-21 22:00:00,10.23
2023-06-21 22:15:00,10.19
2023-06-21 22:30:00,10.04
2023-06-21 22:45:00,9.94
2023-06-21 23:00:00,9.96
2023-06-21 23:15:00,10
2023-06-21 23:30:00,10
2023-06-21 23:45:00,10.04
2023-06-22 00:00:00,9.96
2023-06-22 00:15:00,9.96
2023-06-22 00:30:00,9.97
2023-06-22 00:45:00,9.92
2023-06-22 01:00:00,9.92
2023-06-22 01:15:00,10
2023-06-22 01:30:00,9.9
2023-06-22 01:45:00,9.92
2023-06-22 02:00:00,9.86
2023-06-22 02:15:00,9.87
2023-06-22 02:30:00,9.88
2023-06-22 02:45:00,9.79
2023-06-22 03:00:00,9.76
2023-06-22 03:15:00,9.76
2023-06-22 03:30:00,9.74
2023-06-22 03:45:00,9.8
2023-06-22 04:00:00,9.8
2023-06-22 04:15:00,9.84
2023-06-22 04:30:00,9.89
2023-06-22 04:45:00,9.98
2023-06-22 05:00:00,10.05
2023-06-22 05:15:00,10.2
2023-06-22 05:30:00,10.33
2023-06-22 05:45:00,10.48
2023-06-22 06:00:00,10.61
2023-06-22 06:15:00,10.73
2023-06-22 06:30:00,10.86
2023-06-22 06:45:00,10.92
2023-06-22 07:00:00,10.97
2023-06-22 07:15:00,11.06
2023-06-22 07:30:00,11.06
2023-06-22 07:45:00,11.09
2023-06-22 08:00:00,11.14
2023-06-22 08:15:00,11.19
2023-06-22 08:30:00,11.23
2023-06-22 08:45:00,11.24
2023-06-22 09:00:00,11.27
2023-06-22 09:15:00,11.29
2023-06-22 09:30:00,11.3
2023-06-22 09:45:00,11.32
2023-06-22 10:00:00,11.35
2023-06-22 10:15:00,11.37
2023-06-22 10:30:00,11.38
2023-06-22 10:45:00,11.4
2023-06-22 11:00:00,11.42
2023-06-22 11:15:00,11.44
2023-06-22 11:30:00,11.47
2023-06-22 11:45:00,11.49
2023-06-22 12:00:00,11.58
2023-06-22 12:15:00,11.67
2023-06-22 12:30:00,11.8
2023-06-22 12:45:00,11.86
2023-06-22 13:00:00,11.97
2023-06-22 13:15:00,12.05
2023-06-22 13:30:00,12.22
2023-06-22 13:45:00,12.26
2023-06-22 14:00:00,12.34
2023-06-22 14:15:00,12.42
2023-06-22 14:30:00,12.57
2023-06-22 14:45:00,12.64
2023-06-22 15:00:00,12.69
2023-06-22 15:15:00,12.7
2023-06-22 15:30:00,12.76
2023-06-22 15:45:00,12.81
2023-06-22 16:00:00,12.81
2023-06-22 16:15:00,12.83
2023-06-22 16:30:00,12.81
2023-06-22 16:45:00,12.83
2023-06-22 17:00:00,12.88
2023-06-22 17:15:00,12.83
2023-06-22 17:30:00,12.78
2023-06-22 17:45:00,12.74
2023-06-22 18:00:00,12.74
2023-06-22 18:15:00,12.71
2023-06-22 18:30:00,12.66
2023-06-22 18:45:00,12.62
2023-06-22 19:00:00,12.54
2023-06-22 19:15:00,12.36
2023-06-22 19:30:00,12.09
2023-06-22 19:45:00,11.67
2023-06-22 20:00:00,11.34
2023-06-22 20:15:00,11.04
2023-06-22 20:30:00,10.75
2023-06-22 20:45:00,10.43
2023-06-22 21:00:00,10.12
2023-06-22 21:15:00,9.89
2023-06-22 21:30:00,9.62
2023-06-22 21:45:00,9.45
2023-06-22 22:00:00,9.43
2023-06-22 22:15:00,9.18
2023-06-22 22:30:00,8.99
2023-06-22 22:45:00,8.78
2023-06-22 23:00:00,8.5
2023-06-22 23:15:00,8.33
2023-06-22 23:30:00,8.65
2023-06-22 23:45:00,9.18
2023-06-23 00:00:00,9.36
2023-06-23 00:15:00,9.49
2023-06-23 00:30:00,9.49
2023-06-23 00:45:00,9.5
2023-06-23 01:00:00,9.64
2023-06-23 01:15:00,9.69
2023-06-23 01:30:00,9.59
2023-06-23 01:45:00,9.59
2023-06-23 02:00:00,9.65
2023-06-23 02:15:00,9.67
2023-06-23 02:30:00,9.69
2023-06-23 02:45:00,9.72
2023-06-23 03:00:00,9.74
2023-06-23 03:15:00,9.72
2023-06-23 03:30:00,9.68
2023-06-23 03:45:00,9.66
2023-06-23 04:00:00,9.69
2023-06-23 04:15:00,9.74
2023-06-23 04:30:00,9.72
2023-06-23 04:45:00,9.8
2023-06-23 05:00:00,9.92
2023-06-23 05:15:00,10.1
2023-06-23 05:30:00,10.35
2023-06-23 05:45:00,10.5
2023-06-23 06:00:00,10.53
2023-06-23 06:15:00,10.59
2023-06-23 06:30:00,10.68
2023-06-23 06:45:00,10.77
2023-06-23 07:00:00,10.86
2023-06-23 07:15:00,10.92
2023-06-23 07:30:00,11
2023-06-23 07:45:00,11.12
2023-06-23 08:00:00,11.17
2023-06-23 08:15:00,11.2
2023-06-23 08:30:00,11.24
2023-06-23 08:45:00,11.28
2023-06-23 09:00:00,11.31
2023-06-23 09:15:00,11.33
2023-06-23 09:30:00,11.38
2023-06-23 09:45:00,11.44
2023-06-23 10:00:00,11.47
2023-06-23 10:15:00,11.57
2023-06-23 10:30:00,11.68
2023-06-23 10:45:00,11.81
2023-06-23 11:00:00,11.91
2023-06-23 11:15:00,12.06
2023-06-23 11:30:00,12.28
2023-06-23 11:45:00,12.35
2023-06-23 12:00:00,12.56
2023-06-23 12:15:00,12.65
2023-06-23 12:30:00,12.83
2023-06-23 12:45:00,12.84
2023-06-23 13:00:00,12.98
2023-06-23 13:15:00,13.05
2023-06-23 13:30:00,13.16
2023-06-23 13:45:00,13.3
2023-06-23 14:00:00,13.54
2023-06-23 14:15:00,13.7
2023-06-23 14:30:00,13.73
2023-06-23 14:45:00,13.77
2023-06-23 15:00:00,13.77
2023-06-23 15:15:00,13.79
2023-06-23 15:30:00,13.74
2023-06-23 15:45:00,13.82
2023-06-23 16:00:00,13.86
2023-06-23 16:15:00,13.87
2023-06-23 16:30:00,13.82
2023-06-23 16:45:00,13.72
2023-06-23 17:00:00,13.74
2023-06-23 17:15:00,13.69
2023-06-23 17:30:00,13.63
2023-06-23 17:45:00,13.73
2023-06-23 18:00:00,13.63
2023-06-23 18:15:00,13.63
2023-06-23 18:30:00,13.54
2023-06-23 18:45:00,13.47
2023-06-23 19:00:00,13.4
2023-06-23 19:15:00,13.36
2023-06-23 19:30:00,13.27
2023-06-23 19:45:00,13.04
2023-06-23 20:00:00,12.75
2023-06-23 20:15:00,12.39
2023-06-23 20:30:00,12.09
2023-06-23 20:45:00,11.85
2023-06-23 21:00:00,11.65
2023-06-23 21:15:00,11.3
2023-06-23 21:30:00,10.96
2023-06-23 21:45:00,10.71
2023-06-23 22:00:00,10.55
2023-06-23 22:15:00,10.38
2023-06-23 22:30:00,10.18
2023-06-23 22:45:00,9.98
2023-06-23 23:00:00,9.93
2023-06-23 23:15:00,9.81
2023-06-23 23:30:00,9.71
2023-06-23 23:45:00,9.52
2023-06-24 00:00:00,9.43
2023-06-24 00:15:00,9.4
2023-06-24 00:30:00,9.27
2023-06-24 00:45:00,9.04
2023-06-24 01:00:00,8.93
2023-06-24 01:15:00,8.89
2023-06-24 01:30:00,8.69
2023-06-24 01:45:00,8.61
2023-06-24 02:00:00,8.56
2023-06-24 02:15:00,8.49
2023-06-24 02:30:00,8.34
2023-06-24 02:45:00,8.16
2023-06-24 03:00:00,8.1
2023-06-24 03:15:00,8.03
2023-06-24 03:30:00,8.01
2023-06-24 03:45:00,7.95
2023-06-24 04:00:00,7.96
2023-06-24 04:15:00,7.86
2023-06-24 04:30:00,7.87
2023-06-24 04:45:00,8.03
2023-06-24 05:00:00,8.2
2023-06-24 05:15:00,8.55
2023-06-24 05:30:00,9.01
2023-06-24 05:45:00,9.29
2023-06-24 06:00:00,9.54
2023-06-24 06:15:00,9.71
2023-06-24 06:30:00,9.88
2023-06-24 06:45:00,10.08
2023-06-24 07:00:00,10.35
2023-06-24 07:15:00,10.5
2023-06-24 07:30:00,10.63
2023-06-24 07:45:00,10.7
2023-06-24 08:00:00,10.81
2023-06-24 08:15:00,10.91
2023-06-24 08:30:00,10.99
2023-06-24 08:45:00,11.08
2023-06-24 09:00:00,11.17
2023-06-24 09:15:00,11.26
2023-06-24 09:30:00,11.4
2023-06-24 09:45:00,11.51
2023-06-24 10:00:00,11.62
2023-06-24 10:15:00,11.73
2023-06-24 10:30:00,11.85
2023-06-24 10:45:00,11.97
2023-06-24 11:00:00,12.12
2023-06-24 11:15:00,12.25
2023-06-24 11:30:00,12.37
2023-06-24 11:45:00,12.54
2023-06-24 12:00:00,12.71
2023-06-24 12:15:00,12.87
2023-06-24 12:30:00,13.05
2023-06-24 12:45:00,13.18
2023-06-24 13:00:00,13.32
2023-06-24 13:15:00,13.39
2023-06-24 13:30:00,13.51
2023-06-24 13:45:00,13.58
2023-06-24 14:00:00,13.61
2023-06-24 14:15:00,13.85
2023-06-24 14:30:00,13.94
2023-06-24 14:45:00,13.99
2023-06-24 15:00:00,14.04
2023-06-24 15:15:00,13.99
2023-06-24 15:30:00,13.88
2023-06-24 15:45:00,13.78
2023-06-24 16:00:00,13.84
2023-06-24 16:15:00,13.92
2023-06-24 16:30:00,13.79
2023-06-24 16:45:00,13.61
2023-06-24 17:00:00,13.52
2023-06-24 17:15:00,13.43
2023-06-24 17:30:00,13.3
2023-06-24 17:45:00,13.25
2023-06-24 18:00:00,13.22
2023-06-24 18:15:00,13.19
2023-06-24 18:30:00,13.16
2023-06-24 18:45:00,13.13
2023-06-24 19:00:00,13.1
2023-06-24 19:15:00,13.06
2023-06-24 19:30:00,12.96
2023-06-24 19:45:00,12.83
2023-06-24 20:00:00,12.71
2023-06-24 20:15:00,12.55
2023-06-24 20:30:00,12.36
2023-06-24 20:45:00,12.13
2023-06-24 21:00:00,12.06
2023-06-24 21:15:00,12.07
2023-06-24 21:30:00,12.09
2023-06-24 21:45:00,12.05
2023-06-24 22:00:00,11.94
2023-06-24 22:15:00,11.78
2023-06-24 22:30:00,11.63
2023-06-24 22:45:00,11.53
2023-06-24 23:00:00,11.39
2023-06-24 23:15:00,11.31
2023-06-24 23:30:00,11.24
2023-06-24 23:45:00,11.22
2023-06-25 00:00:00,11.29
2023-06-25 00:15:00,11.28
2023-06-25 00:30:00,11.28
2023-06-25 00:45:00,11.33
2023-06-25 01:00:00,11.3
2023-06-25 01:15:00,11.32
2023-06-25 01:30:00,11.27
2023-06-25 01:45:00,11.25
2023-06-25 02:00:00,11.21
2023-06-25 02:15:00,11.15
2023-06-25 02:30:00,10.98
2023-06-25 02:45:00,10.9
2023-06-25 03:00:00,10.74
2023-06-25 03:15:00,10.65
2023-06-25 03:30:00,10.62
2023-06-25 03:45:00,10.58
2023-06-25 04:00:00,10.57
2023-06-25 04:15:00,10.5
2023-06-25 04:30:00,10.49
2023-06-25 04:45:00,10.66
2023-06-25 05:00:00,10.8
2023-06-25 05:15:00,10.98
2023-06-25 05:30:00,11.13
2023-06-25 05:45:00,11.3
2023-06-25 06:00:00,11.42
2023-06-25 06:15:00,11.46
2023-06-25 06:30:00,11.51
2023-06-25 06:45:00,11.56
2023-06-25 07:00:00,11.61
2023-06-25 07:15:00,11.68
2023-06-25 07:30:00,11.77
2023-06-25 07:45:00,11.83
2023-06-25 08:00:00,11.88
2023-06-25 08:15:00,11.95
2023-06-25 08:30:00,12
2023-06-25 08:45:00,12.07
2023-06-25 09:00:00,12.14
2023-06-25 09:15:00,12.2
2023-06-25 09:30:00,12.25
2023-06-25 09:45:00,12.32
2023-06-25 10:00:00,12.4
2023-06-25 10:15:00,12.44
2023-06-25 10:30:00,12.5
2023-06-25 10:45:00,12.6
2023-06-25 11:00:00,12.66
2023-06-25 11:15:00,12.76
2023-06-25 11:30:00,12.84
2023-06-25 11:45:00,12.95
2023-06-25 12:00:00,13.02
2023-06-25 12:15:00,13.14
2023-06-25 12:30:00,13.24
2023-06-25 12:45:00,13.32
2023-06-25 13:00:00,13.43
2023-06-25 13:15:00,13.53
2023-06-25 13:30:00,13.63
2023-06-25 13:45:00,13.73
2023-06-25 14:00:00,13.84
2023-06-25 14:15:00,13.96
2023-06-25 14:30:00,14.07
2023-06-25 14:45:00,14.16
2023-06-25 15:00:00,14.24
2023-06-25 15:15:00,14.32
2023-06-25 15:30:00,14.38
2023-06-25 15:45:00,14.35
2023-06-25 16:00:00,14.31
2023-06-25 16:15:00,14.27
2023-06-25 16:30:00,14.27
2023-06-25 16:45:00,14.23
2023-06-25 17:00:00,14.17
2023-06-25 17:15:00,14.13
2023-06-25 17:30:00,14.09
2023-06-25 17:45:00,14.06
2023-06-25 18:00:00,14.01
2023-06-25 18:15:00,13.99
2023-06-25 18:30:00,13.9
2023-06-25 18:45:00,13.87
2023-06-25 19:00:00,13.85
2023-06-25 19:15:00,13.82
2023-06-25 19:30:00,13.77
2023-06-25 19:45:00,13.71
2023-06-25 20:00:00,13.6
2023-06-25 20:15:00,13.41
2023-06-25 20:30:00,13.16
2023-06-25 20:45:00,12.9
2023-06-25 21:00:00,12.67
2023-06-25 21:15:00,12.43
2023-06-25 21:30:00,12.25
2023-06-25 21:45:00,11.95
2023-06-25 22:00:00,11.74
2023-06-25 22:15:00,11.52
2023-06-25 22:30:00,11.29
2023-06-25 22:45:00,11.16
2023-06-25 23:00:00,11.02
2023-06-25 23:15:00,10.87
2023-06-25 23:30:00,10.77
2023-06-25 23:45:00,10.63
2023-06-26 00:00:00,10.53
2023-06-26 00:15:00,10.43
2023-06-26 00:30:00,10.45
2023-06-26 00:45:00,10.33
2023-06-26 01:00:00,10.19
2023-06-26 01:15:00,10.08
2023-06-26 01:30:00,10.13
2023-06-26 01:45:00,10.05
2023-06-26 02:00:00,9.93
2023-06-26 02:15:00,9.72
2023-06-26 02:30:00,9.61
2023-06-26 02:45:00,9.47
2023-06-26 03:00:00,9.54
2023-06-26 03:15:00,9.72
2023-06-26 03:30:00,9.82
2023-06-26 03:45:00,9.82
2023-06-26 04:00:00,9.74
2023-06-26 04:15:00,9.75
2023-06-26 04:30:00,9.81
2023-06-26 04:45:00,9.97
2023-06-26 05:00:00,10.22
2023-06-26 05:15:00,10.51
2023-06-26 05:30:00,10.69
2023-06-26 05:45:00,10.87
2023-06-26 06:00:00,11
2023-06-26 06:15:00,11.1
2023-06-26 06:30:00,11.2
2023-06-26 06:45:00,11.37
2023-06-26 07:00:00,11.47
2023-06-26 07:15:00,11.58
2023-06-26 07:30:00,11.69
2023-06-26 07:45:00,11.79
2023-06-26 08:00:00,11.85
2023-06-26 08:15:00,11.95
2023-06-26 08:30:00,12.03
2023-06-26 08:45:00,12.13
2023-06-26 09:00:00,12.21
2023-06-26 09:15:00,12.32
2023-06-26 09:30:00,12.44
2023-06-26 09:45:00,12.57
2023-06-26 10:00:00,12.7
2023-06-26 10:15:00,12.82
2023-06-26 10:30:00,12.88
2023-06-26 10:45:00,12.96
2023-06-26 11:00:00,12.97
2023-06-26 11:15:00,13.02
2023-06-26 11:30:00,13.21
2023-06-26 11:45:00,13.39
2023-06-26 12:00:00,13.56
2023-06-26 12:15:00,13.66
2023-06-26 12:30:00,13.84
2023-06-26 12:45:00,13.9
2023-06-26 13:00:00,14.08
2023-06-26 13:15:00,14.13
2023-06-26 13:30:00,14.08
2023-06-26 13:45:00,14.04
2023-06-26 14:00:00,14.05
2023-06-26 14:15:00,13.78
2023-06-26 14:30:00,13.52
2023-06-26 14:45:00,13.39
2023-06-26 15:00:00,13.29
2023-06-26 15:15:00,13.25
2023-06-26 15:30:00,13.35
2023-06-26 15:45:00,13.45
2023-06-26 16:00:00,13.54
2023-06-26 16:15:00,13.62
2023-06-26 16:30:00,13.68
2023-06-26 16:45:00,13.72
2023-06-26 17:00:00,13.79
2023-06-26 17:15:00,13.84
2023-06-26 17:30:00,13.88
2023-06-26 17:45:00,13.98
2023-06-26 18:00:00,14.01
2023-06-26 18:15:00,13.96
2023-06-26 18:30:00,13.88
2023-06-26 18:45:00,13.82
2023-06-26 19:00:00,13.8
2023-06-26 19:15:00,13.74
2023-06-26 19:30:00,13.73
2023-06-26 19:45:00,13.69
2023-06-26 20:00:00,13.65
2023-06-26 20:15:00,13.6
2023-06-26 20:30:00,13.58
2023-06-26 20:45:00,13.53
2023-06-26 21:00:00,13.47
2023-06-26 21:15:00,13.44
2023-06-26 21:30:00,13.4
2023-06-26 21:45:00,13.38
2023-06-26 22:00:00,13.37
2023-06-26 22:15:00,13.33
2023-06-26 22:30:00,13.2
2023-06-26 22:45:00,13.01
2023-06-26 23:00:00,12.92
2023-06-26 23:15:00,12.81
2023-06-26 23:30:00,12.6
2023-06-26 23:45:00,12.54
2023-06-27 00:00:00,12.5
2023-06-27 00:15:00,12.56
2023-06-27 00:30:00,12.63
2023-06-27 00:45:00,12.69
2023-06-27 01:00:00,12.62
2023-06-27 01:15:00,12.58
2023-06-27 01:30:00,12.59
2023-06-27 01:45:00,12.52
2023-06-27 02:00:00,12.45
2023-06-27 02:15:00,12.38
2023-06-27 02:30:00,12.36
2023-06-27 02:45:00,12.4
2023-06-27 03:00:00,12.46
2023-06-27 03:15:00,12.54
2023-06-27 03:30:00,12.51
2023-06-27 03:45:00,12.36
2023-06-27 04:00:00,12.24
2023-06-27 04:15:00,12.23
2023-06-27 04:30:00,12.28
2023-06-27 04:45:00,12.35
2023-06-27 05:00:00,12.41
2023-06-27 05:15:00,12.52
2023-06-27 05:30:00,12.59
2023-06-27 05:45:00,12.62
2023-06-27 06:00:00,12.66
2023-06-27 06:15:00,12.7
2023-06-27 06:30:00,12.73
2023-06-27 06:45:00,12.77
2023-06-27 07:00:00,12.84
2023-06-27 07:15:00,12.9
2023-06-27 07:30:00,12.93
2023-06-27 07:45:00,13.01
2023-06-27 08:00:00,13.11
2023-06-27 08:15:00,13.21
2023-06-27 08:30:00,13.38
2023-06-27 08:45:00,13.39
2023-06-27 09:00:00,13.46
2023-06-27 09:15:00,13.49
2023-06-27 09:30:00,13.51
2023-06-27 09:45:00,13.56
2023-06-27 10:00:00,13.59
2023-06-27 10:15:00,13.68
2023-06-27 10:30:00,13.74
2023-06-27 10:45:00,13.84
2023-06-27 11:00:00,14
2023-06-27 11:15:00,14.14
2023-06-27 11:30:00,14.38
2023-06-27 11:45:00,14.6
2023-06-27 12:00:00,14.63
2023-06-27 12:15:00,14.7
2023-06-27 12:30:00,14.81
2023-06-27 12:45:00,14.85
2023-06-27 13:00:00,15.02
2023-06-27 13:15:00,14.93
2023-06-27 13:30:00,14.84
2023-06-27 13:45:00,14.79
2023-06-27 14:00:00,14.73
2023-06-27 14:15:00,14.73
2023-06-27 14:30:00,14.67
2023-06-27 14:45:00,14.63
2023-06-27 15:00:00,14.59
2023-06-27 15:15:00,14.57
2023-06-27 15:30:00,14.56
2023-06-27 15:45:00,14.54
2023-06-27 16:00:00,14.52
2023-06-27 16:15:00,14.52
2023-06-27 16:30:00,14.51
2023-06-27 16:45:00,14.53
2023-06-27 17:00:00,14.51
2023-06-27 17:15:00,14.5
2023-06-27 17:30:00,14.48
2023-06-27 17:45:00,14.45
2023-06-27 18:00:00,14.43
2023-06-27 18:15:00,14.4
2023-06-27 18:30:00,14.39
2023-06-27 18:45:00,14.36
2023-06-27 19:00:00,14.33
2023-06-27 19:15:00,14.31
2023-06-27 19:30:00,14.31
2023-06-27 19:45:00,14.25
2023-06-27 20:00:00,14.2
2023-06-27 20:15:00,14.09
2023-06-27 20:30:00,13.99
2023-06-27 20:45:00,13.89
2023-06-27 21:00:00,13.86
2023-06-27 21:15:00,13.87
2023-06-27 21:30:00,13.83
2023-06-27 21:45:00,13.85
2023-06-27 22:00:00,13.86
2023-06-27 22:15:00,13.86
2023-06-27 22:30:00,13.83
2023-06-27 22:45:00,13.79
2023-06-27 23:00:00,13.66
2023-06-27 23:15:00,13.47
2023-06-27 23:30:00,13.3
2023-06-27 23:45:00,13.25
2023-06-28 00:00:00,13.24
2023-06-28 00:15:00,13.25
2023-06-28 00:30:00,13.35
2023-06-28 00:45:00,13.39
2023-06-28 01:00:00,13.36
2023-06-28 01:15:00,13.36
2023-06-28 01:30:00,13.36
2023-06-28 01:45:00,13.35
2023-06-28 02:00:00,13.25
2023-06-28 02:15:00,13.17
2023-06-28 02:30:00,13.1
2023-06-28 02:45:00,13.16
2023-06-28 03:00:00,13.15
2023-06-28 03:15:00,13.22
2023-06-28 03:30:00,13.21
2023-06-28 03:45:00,13.2
2023-06-28 04:00:00,13.2
2023-06-28 04:15:00,13.21
2023-06-28 04:30:00,13.21
2023-06-28 04:45:00,13.22
2023-06-28 05:00:00,13.22
2023-06-28 05:15:00,13.22
2023-06-28 05:30:00,13.23
2023-06-28 05:45:00,13.25
2023-06-28 06:00:00,13.26
2023-06-28 06:15:00,13.3
2023-06-28 06:30:00,13.34
2023-06-28 06:45:00,13.39
2023-06-28 07:00:00,13.43
2023-06-28 07:15:00,13.43
2023-06-28 07:30:00,13.42
2023-06-28 07:45:00,13.49
2023-06-28 08:00:00,13.55
2023-06-28 08:15:00,13.61
2023-06-28 08:30:00,13.71
2023-06-28 08:45:00,13.8
2023-06-28 09:00:00,13.89
2023-06-28 09:15:00,13.95
2023-06-28 09:30:00,14.03
2023-06-28 09:45:00,14.08
2023-06-28 10:00:00,14.21
2023-06-28 10:15:00,14.24
2023-06-28 10:30:00,14.3
2023-06-28 10:45:00,14.37
2023-06-28 11:00:00,14.46
2023-06-28 11:15:00,14.57
2023-06-28 11:30:00,14.66
2023-06-28 11:45:00,14.77
2023-06-28 12:00:00,14.84
2023-06-28 12:15:00,14.93
2023-06-28 12:30:00,15.09
2023-06-28 12:45:00,15.19
2023-06-28 13:00:00,15.32
2023-06-28 13:15:00,15.43
2023-06-28 13:30:00,15.5
2023-06-28 13:45:00,15.58
2023-06-28 14:00:00,15.63
2023-06-28 14:15:00,15.57
2023-06-28 14:30:00,15.55
2023-06-28 14:45:00,15.56
2023-06-28 15:00:00,15.6
2023-06-28 15:15:00,15.56
2023-06-28 15:30:00,15.5
2023-06-28 15:45:00,15.49
2023-06-28 16:00:00,15.45
2023-06-28 16:15:00,15.45
2023-06-28 16:30:00,15.44
2023-06-28 16:45:00,15.37
2023-06-28 17:00:00,15.31
2023-06-28 17:15:00,15.25
2023-06-28 17:30:00,15.16
2023-06-28 17:45:00,15.1
2023-06-28 18:00:00,15.09
2023-06-28 18:15:00,15.06
2023-06-28 18:30:00,15.01
2023-06-28 18:45:00,14.96
2023-06-28 19:00:00,14.92
2023-06-28 19:15:00,14.87
2023-06-28 19:30:00,14.9
2023-06-28 19:45:00,14.9
2023-06-28 20:00:00,14.87
2023-06-28 20:15:00,14.81
2023-06-28 20:30:00,14.71
2023-06-28 20:45:00,14.59
2023-06-28 21:00:00,14.45
2023-06-28 21:15:00,14.29
2023-06-28 21:30:00,14.07
2023-06-28 21:45:00,13.91
2023-06-28 22:00:00,13.87
2023-06-28 22:15:00,13.8
2023-06-28 22:30:00,13.78
2023-06-28 22:45:00,13.63
2023-06-28 23:00:00,13.5
2023-06-28 23:15:00,13.45
2023-06-28 23:30:00,13.59
2023-06-28 23:45:00,13.5
2023-06-29 00:00:00,13.52
2023-06-29 00:15:00,13.57
2023-06-29 00:30:00,13.58
2023-06-29 00:45:00,13.42
2023-06-29 01:00:00,13.32
2023-06-29 01:15:00,13.28
2023-06-29 01:30:00,13.34
2023-06-29 01:45:00,13.46
2023-06-29 02:00:00,13.48
2023-06-29 02:15:00,13.42
2023-06-29 02:30:00,13.38
2023-06-29 02:45:00,13.37
2023-06-29 03:00:00,13.31
2023-06-29 03:15:00,13.33
2023-06-29 03:30:00,13.32
2023-06-29 03:45:00,13.31
2023-06-29 04:00:00,13.25
2023-06-29 04:15:00,13.22
2023-06-29 04:30:00,13.24
2023-06-29 04:45:00,13.22
2023-06-29 05:00:00,13.28
2023-06-29 05:15:00,13.31
2023-06-29 05:30:00,13.36
2023-06-29 05:45:00,13.37
2023-06-29 06:00:00,13.4
2023-06-29 06:15:00,13.4
2023-06-29 06:30:00,13.41
2023-06-29 06:45:00,13.45
2023-06-29 07:00:00,13.51
2023-06-29 07:15:00,13.53
2023-06-29 07:30:00,13.6
2023-06-29 07:45:00,13.63
2023-06-29 08:00:00,13.67
2023-06-29 08:15:00,13.72
2023-06-29 08:30:00,13.76
2023-06-29 08:45:00,13.82
2023-06-29 09:00:00,13.87
2023-06-29 09:15:00,13.94
2023-06-29 09:30:00,14.04
2023-06-29 09:45:00,14.13
2023-06-29 10:00:00,14.21
2023-06-29 10:15:00,14.24
2023-06-29 10:30:00,14.37
2023-06-29 10:45:00,14.46
2023-06-29 11:00:00,14.55
2023-06-29 11:15:00,14.67
2023-06-29 11:30:00,14.78
2023-06-29 11:45:00,14.91
2023-06-29 12:00:00,15.02
2023-06-29 12:15:00,15.05
2023-06-29 12:30:00,15.16
2023-06-29 12:45:00,15.27
2023-06-29 13:00:00,15.34
2023-06-29 13:15:00,15.44
2023-06-29 13:30:00,15.41
2023-06-29 13:45:00,15.55
2023-06-29 14:00:00,15.68
2023-06-29 14:15:00,15.81
2023-06-29 14:30:00,15.81
2023-06-29 14:45:00,15.91
2023-06-29 15:00:00,15.94
2023-06-29 15:15:00,15.93
2023-06-29 15:30:00,15.96
2023-06-29 15:45:00,15.94
2023-06-29 16:00:00,15.84
2023-06-29 16:15:00,15.88
2023-06-29 16:30:00,15.88
2023-06-29 16:45:00,15.88
2023-06-29 17:00:00,15.84
2023-06-29 17:15:00,15.79
2023-06-29 17:30:00,15.75
2023-06-29 17:45:00,15.71
2023-06-29 18:00:00,15.7
2023-06-29 18:15:00,15.65
2023-06-29 18:30:00,15.63
2023-06-29 18:45:00,15.6
2023-06-29 19:00:00,15.57
2023-06-29 19:15:00,15.55
2023-06-29 19:30:00,15.51
2023-06-29 19:45:00,15.47
2023-06-29 20:00:00,15.37
2023-06-29 20:15:00,15.25
2023-06-29 20:30:00,15.15
2023-06-29 20:45:00,15.03
2023-06-29 21:00:00,14.81
2023-06-29 21:15:00,14.58
2023-06-29 21:30:00,14.41
2023-06-29 21:45:00,14.23
2023-06-29 22:00:00,14.01
2023-06-29 22:15:00,13.79
2023-06-29 22:30:00,13.54
2023-06-29 22:45:00,13.32
2023-06-29 23:00:00,13.11
2023-06-29 23:15:00,12.9
2023-06-29 23:30:00,12.73
2023-06-29 23:45:00,12.63
2023-06-30 00:00:00,12.51
2023-06-30 00:15:00,12.35
2023-06-30 00:30:00,12.16
2023-06-30 00:45:00,11.99
2023-06-30 01:00:00,11.88
2023-06-30 01:15:00,11.77
2023-06-30 01:30:00,11.64
2023-06-30 01:45:00,11.47
2023-06-30 02:00:00,11.37
2023-06-30 02:15:00,11.34
2023-06-30 02:30:00,11.28
2023-06-30 02:45:00,11.29
2023-06-30 03:00:00,11.24
2023-06-30 03:15:00,11.07
2023-06-30 03:30:00,11.06
2023-06-30 03:45:00,10.96
2023-06-30 04:00:00,10.86
2023-06-30 04:15:00,10.75
2023-06-30 04:30:00,10.74
2023-06-30 04:45:00,10.78
2023-06-30 05:00:00,10.98
2023-06-30 05:15:00,11.23
2023-06-30 05:30:00,11.54
2023-06-30 05:45:00,11.79
2023-06-30 06:00:00,12.03
2023-06-30 06:15:00,12.23
2023-06-30 06:30:00,12.4
2023-06-30 06:45:00,12.6
2023-06-30 07:00:00,12.76
2023-06-30 07:15:00,12.89
2023-06-30 07:30:00,12.95
2023-06-30 07:45:00,13.03
2023-06-30 08:00:00,13.1
2023-06-30 08:15:00,13.16
2023-06-30 08:30:00,13.22
2023-06-30 08:45:00,13.29
2023-06-30 09:00:00,13.32
2023-06-30 09:15:00,13.39
2023-06-30 09:30:00,13.46
2023-06-30 09:45:00,13.61
2023-06-30 10:00:00,13.71
2023-06-30 10:15:00,13.81
2023-06-30 10:30:00,13.89
2023-06-30 10:45:00,14.05
2023-06-30 11:00:00,14.12
2023-06-30 11:15:00,14.23
2023-06-30 11:30:00,14.35
2023-06-30 11:45:00,14.48
2023-06-30 12:00:00,14.6
2023-06-30 12:15:00,14.74
2023-06-30 12:30:00,14.84
2023-06-30 12:45:00,15
2023-06-30 13:00:00,15.1
2023-06-30 13:15:00,15.31
2023-06-30 13:30:00,15.41
2023-06-30 13:45:00,15.43
2023-06-30 14:00:00,15.49
2023-06-30 14:15:00,15.59
2023-06-30 14:30:00,15.75
2023-06-30 14:45:00,15.87
2023-06-30 15:00:00,15.96
2023-06-30 15:15:00,15.92
2023-06-30 15:30:00,15.91
2023-06-30 15:45:00,15.86
2023-06-30 16:00:00,15.85
2023-06-30 16:15:00,15.81
2023-06-30 16:30:00,15.76
2023-06-30 16:45:00,15.71
2023-06-30 17:00:00,15.73
2023-06-30 17:15:00,15.7
2023-06-30 17:30:00,15.67
2023-06-30 17:45:00,15.66
2023-06-30 18:00:00,15.62
2023-06-30 18:15:00,15.58
2023-06-30 18:30:00,15.55
2023-06-30 18:45:00,15.52
2023-06-30 19:00:00,15.47
2023-06-30 19:15:00,15.43
2023-06-30 19:30:00,15.38
2023-06-30 19:45:00,15.26
2023-06-30 20:00:00,15.05
2023-06-30 20:15:00,14.69
2023-06-30 20:30:00,14.36
2023-06-30 20:45:00,14.01
2023-06-30 21:00:00,13.77
2023-06-30 21:15:00,13.42
2023-06-30 21:30:00,13.11
2023-06-30 21:45:00,12.9
2023-06-30 22:00:00,12.73
2023-06-30 22:15:00,12.54
2023-06-30 22:30:00,12.31
2023-06-30 22:45:00,12.14
2023-06-30 23:00:00,11.9
2023-06-30 23:15:00,11.77
2023-06-30 23:30:00,11.66
2023-06-30 23:45:00,11.56
2023-07-01 00:00:00,11.31
2023-07-01 00:15:00,11.27
2023-07-01 00:30:00,11.17
2023-07-01 00:45:00,11.04
2023-07-01 01:00:00,10.91
2023-07-01 01:15:00,10.85
2023-07-01 01:30:00,10.91
2023-07-01 01:45:00,10.88
2023-07-01 02:00:00,10.82
2023-07-01 02:15:00,10.83
2023-07-01 02:30:00,10.9
2023-07-01 02:45:00,11.02
2023-07-01 03:00:00,11.2
2023-07-01 03:15:00,11.34
2023-07-01 03:30:00,11.33
2023-07-01 03:45:00,11.35
2023-07-01 04:00:00,11.31
2023-07-01 04:15:00,11.26
2023-07-01 04:30:00,11.24
2023-07-01 04:45:00,11.29
2023-07-01 05:00:00,11.38
2023-07-01 05:15:00,11.5
2023-07-01 05:30:00,11.68
2023-07-01 05:45:00,11.81
2023-07-01 06:00:00,12
2023-07-01 06:15:00,12.18
2023-07-01 06:30:00,12.35
2023-07-01 06:45:00,12.47
2023-07-01 07:00:00,12.58
2023-07-01 07:15:00,12.67
2023-07-01 07:30:00,12.81
2023-07-01 07:45:00,12.88
2023-07-01 08:00:00,12.99
2023-07-01 08:15:00,13.07
2023-07-01 08:30:00,13.17
2023-07-01 08:45:00,13.33
2023-07-01 09:00:00,13.53
2023-07-01 09:15:00,13.67
2023-07-01 09:30:00,13.79
2023-07-01 09:45:00,14.15
2023-07-01 10:00:00,14.22
2023-07-01 10:15:00,14.35
2023-07-01 10:30:00,14.56
2023-07-01 10:45:00,14.73
2023-07-01 11:00:00,14.77
2023-07-01 11:15:00,14.92
2023-07-01 11:30:00,15
2023-07-01 11:45:00,15.04
2023-07-01 12:00:00,15.19
2023-07-01 12:15:00,15.35
2023-07-01 12:30:00,15.62
2023-07-01 12:45:00,15.62
2023-07-01 13:00:00,15.89
2023-07-01 13:15:00,16.18
2023-07-01 13:30:00,16.17
2023-07-01 13:45:00,16.06
2023-07-01 14:00:00,16.39
2023-07-01 14:15:00,16.31
2023-07-01 14:30:00,16.21
2023-07-01 14:45:00,16.33
2023-07-01 15:00:00,16.67
2023-07-01 15:15:00,16.64
2023-07-01 15:30:00,16.71
2023-07-01 15:45:00,16.79
2023-07-01 16:00:00,16.56
2023-07-01 16:15:00,16.31
2023-07-01 16:30:00,16.13
2023-07-01 16:45:00,16.11
2023-07-01 17:00:00,16.14
2023-07-01 17:15:00,16.07
2023-07-01 17:30:00,15.96
2023-07-01 17:45:00,15.82
2023-07-01 18:00:00,15.69
2023-07-01 18:15:00,15.53
2023-07-01 18:30:00,15.45
2023-07-01 18:45:00,15.4
2023-07-01 19:00:00,15.31
2023-07-01 19:15:00,15.26
2023-07-01 19:30:00,15.05
2023-07-01 19:45:00,14.68
2023-07-01 20:00:00,14.26
2023-07-01 20:15:00,13.84
2023-07-01 20:30:00,13.51
2023-07-01 20:45:00,13.13
2023-07-01 21:00:00,12.9
2023-07-01 21:15:00,12.6
2023-07-01 21:30:00,12.33
2023-07-01 21:45:00,12.2
2023-07-01 22:00:00,11.92
2023-07-01 22:15:00,11.64
2023-07-01 22:30:00,11.47
2023-07-01 22:45:00,11.29
2023-07-01 23:00:00,11.11
2023-07-01 23:15:00,11.09
2023-07-01 23:30:00,10.95
2023-07-01 23:45:00,10.83
2023-07-02 00:00:00,10.67
2023-07-02 00:15:00,10.49
2023-07-02 00:30:00,10.33
2023-07-02 00:45:00,10.2
2023-07-02 01:00:00,10.15
2023-07-02 01:15:00,10.14
2023-07-02 01:30:00,9.93
2023-07-02 01:45:00,9.82
2023-07-02 02:00:00,9.57
2023-07-02 02:15:00,9.48
2023-07-02 02:30:00,9.31
2023-07-02 02:45:00,9.26
2023-07-02 03:00:00,9.16
2023-07-02 03:15:00,9.12
2023-07-02 03:30:00,9.15
2023-07-02 03:45:00,9.12
2023-07-02 04:00:00,8.95
2023-07-02 04:15:00,8.95
2023-07-02 04:30:00,8.95
2023-07-02 04:45:00,9.01
2023-07-02 05:00:00,9.31
2023-07-02 05:15:00,9.59
2023-07-02 05:30:00,10.04
2023-07-02 05:45:00,10.44
2023-07-02 06:00:00,10.74
2023-07-02 06:15:00,10.97
2023-07-02 06:30:00,11.16
2023-07-02 06:45:00,11.31
2023-07-02 07:00:00,11.48
2023-07-02 07:15:00,11.62
2023-07-02 07:30:00,11.82
2023-07-02 07:45:00,12
2023-07-02 08:00:00,12.1
2023-07-02 08:15:00,12.32
2023-07-02 08:30:00,12.51
2023-07-02 08:45:00,12.66
2023-07-02 09:00:00,12.77
2023-07-02 09:15:00,12.89
2023-07-02 09:30:00,12.98
2023-07-02 09:45:00,13.11
2023-07-02 10:00:00,13.23
2023-07-02 10:15:00,13.34
2023-07-02 10:30:00,13.48
2023-07-02 10:45:00,13.58
2023-07-02 11:00:00,13.74
2023-07-02 11:15:00,13.92
2023-07-02 11:30:00,13.99
2023-07-02 11:45:00,14.17
2023-07-02 12:00:00,14.28
2023-07-02 12:15:00,14.41
2023-07-02 12:30:00,14.52
2023-07-02 12:45:00,14.66
2023-07-02 13:00:00,14.72
2023-07-02 13:15:00,14.76
2023-07-02 13:30:00,14.99
2023-07-02 13:45:00,15.06
2023-07-02 14:00:00,15.2
2023-07-02 14:15:00,15.25
2023-07-02 14:30:00,15.3
2023-07-02 14:45:00,15.35
2023-07-02 15:00:00,15.29
2023-07-02 15:15:00,15.49
2023-07-02 15:30:00,15.51
2023-07-02 15:45:00,15.42
2023-07-02 16:00:00,15.31
2023-07-02 16:15:00,15.25
2023-07-02 16:30:00,15.18
2023-07-02 16:45:00,15.17
2023-07-02 17:00:00,15.17
2023-07-02 17:15:00,15.15
2023-07-02 17:30:00,15.09
2023-07-02 17:45:00,15.08
2023-07-02 18:00:00,15
2023-07-02 18:15:00,14.92
2023-07-02 18:30:00,14.85
2023-07-02 18:45:00,14.71
2023-07-02 19:00:00,14.59
2023-07-02 19:15:00,14.43
2023-07-02 19:30:00,14.11
2023-07-02 19:45:00,13.59
2023-07-02 20:00:00,13.04
2023-07-02 20:15:00,12.53
2023-07-02 20:30:00,12.05
2023-07-02 20:45:00,11.6
2023-07-02 21:00:00,11.17
2023-07-02 21:15:00,10.74
2023-07-02 21:30:00,10.35
2023-07-02 21:45:00,10.09
2023-07-02 22:00:00,9.77
2023-07-02 22:15:00,9.56
2023-07-02 22:30:00,9.38
2023-07-02 22:45:00,9.08
2023-07-02 23:00:00,8.94
2023-07-02 23:15:00,8.72
2023-07-02 23:30:00,8.57
2023-07-02 23:45:00,8.37
2023-07-03 00:00:00,8.18
2023-07-03 00:15:00,8.02
2023-07-03 00:30:00,7.87
2023-07-03 00:45:00,7.81
2023-07-03 01:00:00,7.7
2023-07-03 01:15:00,7.57
2023-07-03 01:30:00,7.33
2023-07-03 01:45:00,7.29
2023-07-03 02:00:00,7.21
2023-07-03 02:15:00,7.12
2023-07-03 02:30:00,7.02
2023-07-03 02:45:00,6.938
2023-07-03 03:00:00,6.814
2023-07-03 03:15:00,6.7
2023-07-03 03:30:00,6.663
2023-07-03 03:45:00,6.596
2023-07-03 04:00:00,6.511
2023-07-03 04:15:00,6.416
2023-07-03 04:30:00,6.425
2023-07-03 04:45:00,6.539
2023-07-03 05:00:00,6.891
2023-07-03 05:15:00,7.22
2023-07-03 05:30:00,7.71
2023-07-03 05:45:00,8.39
2023-07-03 06:00:00,9.01
2023-07-03 06:15:00,9.31
2023-07-03 06:30:00,9.45
2023-07-03 06:45:00,9.7
2023-07-03 07:00:00,9.97
2023-07-03 07:15:00,10.25
2023-07-03 07:30:00,10.49
2023-07-03 07:45:00,10.69
2023-07-03 08:00:00,10.79
2023-07-03 08:15:00,11
2023-07-03 08:30:00,11.16
2023-07-03 08:45:00,11.23
2023-07-03 09:00:00,11.34
2023-07-03 09:15:00,11.49
2023-07-03 09:30:00,11.59
2023-07-03 09:45:00,11.74
2023-07-03 10:00:00,11.86
2023-07-03 10:15:00,12.03
2023-07-03 10:30:00,12.17
2023-07-03 10:45:00,12.3
2023-07-03 11:00:00,12.44
2023-07-03 11:15:00,12.57
2023-07-03 11:30:00,12.74
2023-07-03 11:45:00,12.85
2023-07-03 12:00:00,13.06
2023-07-03 12:15:00,13.36
2023-07-03 12:30:00,13.6
2023-07-03 12:45:00,13.73
2023-07-03 13:00:00,13.75
2023-07-03 13:15:00,14.05
2023-07-03 13:30:00,14.01
2023-07-03 13:45:00,13.97
2023-07-03 14:00:00,14.04
2023-07-03 14:15:00,14.15
2023-07-03 14:30:00,14.25
2023-07-03 14:45:00,14.31
2023-07-03 15:00:00,14.38
2023-07-03 15:15:00,14.35
2023-07-03 15:30:00,14.31
2023-07-03 15:45:00,14.28
2023-07-03 16:00:00,14.32
2023-07-03 16:15:00,14.42
2023-07-03 16:30:00,14.39
2023-07-03 16:45:00,14.39
2023-07-03 17:00:00,14.32
2023-07-03 17:15:00,14.16
2023-07-03 17:30:00,14.11
2023-07-03 17:45:00,14.05
2023-07-03 18:00:00,13.95
2023-07-03 18:15:00,13.92
2023-07-03 18:30:00,13.88
2023-07-03 18:45:00,13.85
2023-07-03 19:00:00,13.79
2023-07-03 19:15:00,13.64
2023-07-03 19:30:00,13.36
2023-07-03 19:45:00,12.81
2023-07-03 20:00:00,12.21
2023-07-03 20:15:00,11.66
2023-07-03 20:30:00,11.19
2023-07-03 20:45:00,10.74
2023-07-03 21:00:00,10.37
2023-07-03 21:15:00,10.03
2023-07-03 21:30:00,9.7
2023-07-03 21:45:00,9.41
2023-07-03 22:00:00,9.15
2023-07-03 22:15:00,8.95
2023-07-03 22:30:00,8.76
2023-07-03 22:45:00,8.62
2023-07-03 23:00:00,8.39
2023-07-03 23:15:00,8.21
2023-07-03 23:30:00,8.05
2023-07-03 23:45:00,7.95
2023-07-04 00:00:00,7.76
2023-07-04 00:15:00,7.66
2023-07-04 00:30:00,7.52
2023-07-04 00:45:00,7.45
2023-07-04 01:00:00,7.51
2023-07-04 01:15:00,7.45
2023-07-04 01:30:00,7.17
2023-07-04 01:45:00,7.09
2023-07-04 02:00:00,7.01
2023-07-04 02:15:00,6.899
2023-07-04 02:30:00,6.804
2023-07-04 02:45:00,6.652
2023-07-04 03:00:00,6.576
2023-07-04 03:15:00,6.719
2023-07-04 03:30:00,6.614
2023-07-04 03:45:00,6.424
2023-07-04 04:00:00,6.34
2023-07-04 04:15:00,6.358
2023-07-04 04:30:00,6.358
2023-07-04 04:45:00,6.434
2023-07-04 05:00:00,6.73
2023-07-04 05:15:00,7.1
2023-07-04 05:30:00,7.68
2023-07-04 05:45:00,8.19
2023-07-04 06:00:00,8.62
2023-07-04 06:15:00,8.98
2023-07-04 06:30:00,9.3
2023-07-04 06:45:00,9.59
2023-07-04 07:00:00,9.94
2023-07-04 07:15:00,10.14
2023-07-04 07:30:00,10.26
2023-07-04 07:45:00,10.42
2023-07-04 08:00:00,10.57
2023-07-04 08:15:00,10.74
2023-07-04 08:30:00,10.89
2023-07-04 08:45:00,11.03
2023-07-04 09:00:00,11.18
2023-07-04 09:15:00,11.28
2023-07-04 09:30:00,11.43
2023-07-04 09:45:00,11.56
2023-07-04 10:00:00,11.68
2023-07-04 10:15:00,11.82
2023-07-04 10:30:00,11.96
2023-07-04 10:45:00,12.08
2023-07-04 11:00:00,12.21
2023-07-04 11:15:00,12.33
2023-07-04 11:30:00,12.45
2023-07-04 11:45:00,12.62
2023-07-04 12:00:00,12.75
2023-07-04 12:15:00,12.88
2023-07-04 12:30:00,13.04
2023-07-04 12:45:00,13.19
2023-07-04 13:00:00,13.3
2023-07-04 13:15:00,13.43
2023-07-04 13:30:00,13.54
2023-07-04 13:45:00,13.65
2023-07-04 14:00:00,13.71
2023-07-04 14:15:00,13.76
2023-07-04 14:30:00,13.8
2023-07-04 14:45:00,13.77
2023-07-04 15:00:00,13.84
2023-07-04 15:15:00,13.79
2023-07-04 15:30:00,13.81
2023-07-04 15:45:00,13.82
2023-07-04 16:00:00,13.88
2023-07-04 16:15:00,13.9
2023-07-04 16:30:00,13.9
2023-07-04 16:45:00,13.86
2023-07-04 17:00:00,13.88
2023-07-04 17:15:00,13.87
2023-07-04 17:30:00,13.84
2023-07-04 17:45:00,13.82
2023-07-04 18:00:00,13.81
2023-07-04 18:15:00,13.79
2023-07-04 18:30:00,13.77
2023-07-04 18:45:00,13.72
2023-07-04 19:00:00,13.7
2023-07-04 19:15:00,13.65
2023-07-04 19:30:00,13.51
2023-07-04 19:45:00,13.19
2023-07-04 20:00:00,12.76
2023-07-04 20:15:00,12.35
2023-07-04 20:30:00,11.85
2023-07-04 20:45:00,11.43
2023-07-04 21:00:00,11.05
2023-07-04 21:15:00,10.72
2023-07-04 21:30:00,10.45
2023-07-04 21:45:00,10.24
2023-07-04 22:00:00,10.04
2023-07-04 22:15:00,9.87
2023-07-04 22:30:00,9.66
2023-07-04 22:45:00,9.42
2023-07-04 23:00:00,9.29
2023-07-04 23:15:00,9.19
2023-07-04 23:30:00,9.04
2023-07-04 23:45:00,8.89
2023-07-05 00:00:00,8.77
2023-07-05 00:15:00,8.74
2023-07-05 00:30:00,8.64
2023-07-05 00:45:00,8.55
2023-07-05 01:00:00,8.33
2023-07-05 01:15:00,8.23
2023-07-05 01:30:00,8.1
2023-07-05 01:45:00,8.05
2023-07-05 02:00:00,8.05
2023-07-05 02:15:00,8.05
2023-07-05 02:30:00,8.01
2023-07-05 02:45:00,8.08
2023-07-05 03:00:00,7.97
2023-07-05 03:15:00,7.84
2023-07-05 03:30:00,7.72
2023-07-05 03:45:00,7.62
2023-07-05 04:00:00,7.64
2023-07-05 04:15:00,7.53
2023-07-05 04:30:00,7.55
2023-07-05 04:45:00,7.58
2023-07-05 05:00:00,7.7
2023-07-05 05:15:00,8.05
2023-07-05 05:30:00,8.41
2023-07-05 05:45:00,8.83
2023-07-05 06:00:00,9.21
2023-07-05 06:15:00,9.54
2023-07-05 06:30:00,9.8
2023-07-05 06:45:00,10.07
2023-07-05 07:00:00,10.32
2023-07-05 07:15:00,10.57
2023-07-05 07:30:00,10.74
2023-07-05 07:45:00,10.89
2023-07-05 08:00:00,11.09
2023-07-05 08:15:00,11.22
2023-07-05 08:30:00,11.33
2023-07-05 08:45:00,11.42
2023-07-05 09:00:00,11.54
2023-07-05 09:15:00,11.66
2023-07-05 09:30:00,11.79
2023-07-05 09:45:00,11.92
2023-07-05 10:00:00,12.05
2023-07-05 10:15:00,12.17
2023-07-05 10:30:00,12.29
2023-07-05 10:45:00,12.44
2023-07-05 11:00:00,12.57
2023-07-05 11:15:00,12.69
2023-07-05 11:30:00,12.79
2023-07-05 11:45:00,12.92
2023-07-05 12:00:00,13.06
2023-07-05 12:15:00,13.21
2023-07-05 12:30:00,13.37
2023-07-05 12:45:00,13.56
2023-07-05 13:00:00,13.61
2023-07-05 13:15:00,13.75
2023-07-05 13:30:00,13.89
2023-07-05 13:45:00,14.05
2023-07-05 14:00:00,14.11
2023-07-05 14:15:00,14.16
2023-07-05 14:30:00,14.32
2023-07-05 14:45:00,14.26
2023-07-05 15:00:00,14.29
2023-07-05 15:15:00,14.31
2023-07-05 15:30:00,14.35
2023-07-05 15:45:00,14.39
2023-07-05 16:00:00,14.38
2023-07-05 16:15:00,14.36
2023-07-05 16:30:00,14.33
2023-07-05 16:45:00,14.28
2023-07-05 17:00:00,14.24
2023-07-05 17:15:00,14.24
2023-07-05 17:30:00,14.21
2023-07-05 17:45:00,14.18
2023-07-05 18:00:00,14.16
2023-07-05 18:15:00,14.17
2023-07-05 18:30:00,14.15
2023-07-05 18:45:00,14.11
2023-07-05 19:00:00,14.04
2023-07-05 19:15:00,13.96
2023-07-05 19:30:00,13.88
2023-07-05 19:45:00,13.79
2023-07-05 20:00:00,13.53
2023-07-05 20:15:00,13.18
2023-07-05 20:30:00,12.78
2023-07-05 20:45:00,12.43
2023-07-05 21:00:00,12.21
2023-07-05 21:15:00,11.93
2023-07-05 21:30:00,11.71
2023-07-05 21:45:00,11.53
2023-07-05 22:00:00,11.35
2023-07-05 22:15:00,11.28
2023-07-05 22:30:00,11.18
2023-07-05 22:45:00,11.13
2023-07-05 23:00:00,11.1
2023-07-05 23:15:00,11.03
2023-07-05 23:30:00,10.82
2023-07-05 23:45:00,10.63
2023-07-06 00:00:00,10.46
2023-07-06 00:15:00,10.27
2023-07-06 00:30:00,10.1
2023-07-06 00:45:00,9.97
2023-07-06 01:00:00,9.88
2023-07-06 01:15:00,9.7
2023-07-06 01:30:00,9.57
2023-07-06 01:45:00,9.42
2023-07-06 02:00:00,9.28
2023-07-06 02:15:00,9.24
2023-07-06 02:30:00,9.29
2023-07-06 02:45:00,9.2
2023-07-06 03:00:00,9.03
2023-07-06 03:15:00,8.92
2023-07-06 03:30:00,8.81
2023-07-06 03:45:00,8.68
2023-07-06 04:00:00,8.56
2023-07-06 04:15:00,8.51
2023-07-06 04:30:00,8.69
2023-07-06 04:45:00,8.66
2023-07-06 05:00:00,8.77
2023-07-06 05:15:00,9.1
2023-07-06 05:30:00,9.54
2023-07-06 05:45:00,9.88
2023-07-06 06:00:00,10.16
2023-07-06 06:15:00,10.42
2023-07-06 06:30:00,10.67
2023-07-06 06:45:00,10.98
2023-07-06 07:00:00,11.2
2023-07-06 07:15:00,11.38
2023-07-06 07:30:00,11.54
2023-07-06 07:45:00,11.66
2023-07-06 08:00:00,11.76
2023-07-06 08:15:00,11.89
2023-07-06 08:30:00,12
2023-07-06 08:45:00,12.13
2023-07-06 09:00:00,12.22
2023-07-06 09:15:00,12.33
2023-07-06 09:30:00,12.43
2023-07-06 09:45:00,12.55
2023-07-06 10:00:00,12.66
2023-07-06 10:15:00,12.79
2023-07-06 10:30:00,12.89
2023-07-06 10:45:00,13
2023-07-06 11:00:00,13.13
2023-07-06 11:15:00,13.26
2023-07-06 11:30:00,13.35
2023-07-06 11:45:00,13.44
2023-07-06 12:00:00,13.55
2023-07-06 12:15:00,13.72
2023-07-06 12:30:00,13.88
2023-07-06 12:45:00,13.99
2023-07-06 13:00:00,14.11
2023-07-06 13:15:00,14.24
2023-07-06 13:30:00,14.32
2023-07-06 13:45:00,14.38
2023-07-06 14:00:00,14.43
2023-07-06 14:15:00,14.5
2023-07-06 14:30:00,14.61
2023-07-06 14:45:00,14.62
2023-07-06 15:00:00,14.65
2023-07-06 15:15:00,14.61
2023-07-06 15:30:00,14.63
2023-07-06 15:45:00,14.62
2023-07-06 16:00:00,14.6
2023-07-06 16:15:00,14.6
2023-07-06 16:30:00,14.64
2023-07-06 16:45:00,14.6
2023-07-06 17:00:00,14.57
2023-07-06 17:15:00,14.6
2023-07-06 17:30:00,14.58
2023-07-06 17:45:00,14.57
2023-07-06 18:00:00,14.56
2023-07-06 18:15:00,14.54
2023-07-06 18:30:00,14.52
2023-07-06 18:45:00,14.5
2023-07-06 19:00:00,14.46
2023-07-06 19:15:00,14.42
2023-07-06 19:30:00,14.35
2023-07-06 19:45:00,14.25
2023-07-06 20:00:00,14.01
2023-07-06 20:15:00,13.64
2023-07-06 20:30:00,13.3
2023-07-06 20:45:00,13.02
2023-07-06 21:00:00,12.79
2023-07-06 21:15:00,12.53
2023-07-06 21:30:00,12.31
2023-07-06 21:45:00,12.14
2023-07-06 22:00:00,11.93
2023-07-06 22:15:00,11.78
2023-07-06 22:30:00,11.61
2023-07-06 22:45:00,11.47
2023-07-06 23:00:00,11.3
2023-07-06 23:15:00,11.16
2023-07-06 23:30:00,11.01
2023-07-06 23:45:00,10.99
2023-07-07 00:00:00,10.91
2023-07-07 00:15:00,10.82
2023-07-07 00:30:00,10.69
2023-07-07 00:45:00,10.58
2023-07-07 01:00:00,10.49
2023-07-07 01:15:00,10.4
2023-07-07 01:30:00,10.33
2023-07-07 01:45:00,10.34
2023-07-07 02:00:00,10.4
2023-07-07 02:15:00,10.28
2023-07-07 02:30:00,10.2
2023-07-07 02:45:00,10.14
2023-07-07 03:00:00,10.04
2023-07-07 03:15:00,10.02
2023-07-07 03:30:00,9.97
2023-07-07 03:45:00,9.93
2023-07-07 04:00:00,9.95
2023-07-07 04:15:00,10.02
2023-07-07 04:30:00,10.02
2023-07-07 04:45:00,10.07
2023-07-07 05:00:00,10.21
2023-07-07 05:15:00,10.39
2023-07-07 05:30:00,10.63
2023-07-07 05:45:00,10.87
2023-07-07 06:00:00,11.1
2023-07-07 06:15:00,11.31
2023-07-07 06:30:00,11.51
2023-07-07 06:45:00,11.72
2023-07-07 07:00:00,11.9
2023-07-07 07:15:00,12.02
2023-07-07 07:30:00,12.12
2023-07-07 07:45:00,12.2
2023-07-07 08:00:00,12.31
2023-07-07 08:15:00,12.39
2023-07-07 08:30:00,12.5
2023-07-07 08:45:00,12.59
2023-07-07 09:00:00,12.69
2023-07-07 09:15:00,12.79
2023-07-07 09:30:00,12.89
2023-07-07 09:45:00,12.99
2023-07-07 10:00:00,13.11
2023-07-07 10:15:00,13.23
2023-07-07 10:30:00,13.33
2023-07-07 10:45:00,13.43
2023-07-07 11:00:00,13.51
2023-07-07 11:15:00,13.59
2023-07-07 11:30:00,13.67
2023-07-07 11:45:00,13.77
2023-07-07 12:00:00,13.97
2023-07-07 12:15:00,14.1
2023-07-07 12:30:00,14.22
2023-07-07 12:45:00,14.29
2023-07-07 13:00:00,14.47
2023-07-07 13:15:00,14.57
2023-07-07 13:30:00,14.73
2023-07-07 13:45:00,14.75
2023-07-07 14:00:00,14.87
2023-07-07 14:15:00,14.89
2023-07-07 14:30:00,14.78
2023-07-07 14:45:00,14.78
2023-07-07 15:00:00,14.78
2023-07-07 15:15:00,14.83
2023-07-07 15:30:00,14.84
2023-07-07 15:45:00,14.84
2023-07-07 16:00:00,14.87
2023-07-07 16:15:00,14.89
2023-07-07 16:30:00,14.9
2023-07-07 16:45:00,14.92
2023-07-07 17:00:00,14.91
2023-07-07 17:15:00,14.93
2023-07-07 17:30:00,14.91
2023-07-07 17:45:00,14.93
2023-07-07 18:00:00,14.93
2023-07-07 18:15:00,14.88
2023-07-07 18:30:00,14.86
2023-07-07 18:45:00,14.85
2023-07-07 19:00:00,14.83
2023-07-07 19:15:00,14.79
2023-07-07 19:30:00,14.74
2023-07-07 19:45:00,14.68
2023-07-07 20:00:00,14.57
2023-07-07 20:15:00,14.44
2023-07-07 20:30:00,14.22
2023-07-07 20:45:00,13.96
2023-07-07 21:00:00,13.7
2023-07-07 21:15:00,13.44
2023-07-07 21:30:00,13.22
2023-07-07 21:45:00,13.02
2023-07-07 22:00:00,12.83
2023-07-07 22:15:00,12.7
2023-07-07 22:30:00,12.58
2023-07-07 22:45:00,12.45
2023-07-07 23:00:00,12.32
2023-07-07 23:15:00,12.23
2023-07-07 23:30:00,12.06
2023-07-07 23:45:00,11.89
2023-07-08 00:00:00,11.73
2023-07-08 00:15:00,11.59
2023-07-08 00:30:00,11.45
2023-07-08 00:45:00,11.36
2023-07-08 01:00:00,11.27
2023-07-08 01:15:00,11.12
2023-07-08 01:30:00,11.07
2023-07-08 01:45:00,10.98
2023-07-08 02:00:00,10.93
2023-07-08 02:15:00,10.91
2023-07-08 02:30:00,10.83
2023-07-08 02:45:00,10.76
2023-07-08 03:00:00,10.67
2023-07-08 03:15:00,10.62
2023-07-08 03:30:00,10.51
2023-07-08 03:45:00,10.45
2023-07-08 04:00:00,10.37
2023-07-08 04:15:00,10.54
2023-07-08 04:30:00,10.62
2023-07-08 04:45:00,10.63
2023-07-08 05:00:00,10.84
2023-07-08 05:15:00,11.08
2023-07-08 05:30:00,11.28
2023-07-08 05:45:00,11.48
2023-07-08 06:00:00,11.64
2023-07-08 06:15:00,11.77
2023-07-08 06:30:00,11.92
2023-07-08 06:45:00,12.16
2023-07-08 07:00:00,12.3
2023-07-08 07:15:00,12.43
2023-07-08 07:30:00,12.52
2023-07-08 07:45:00,12.62
2023-07-08 08:00:00,12.69
2023-07-08 08:15:00,12.8
2023-07-08 08:30:00,12.88
2023-07-08 08:45:00,12.97
2023-07-08 09:00:00,13.11
2023-07-08 09:15:00,13.2
2023-07-08 09:30:00,13.31
2023-07-08 09:45:00,13.38
2023-07-08 10:00:00,13.5
2023-07-08 10:15:00,13.55
2023-07-08 10:30:00,13.71
2023-07-08 10:45:00,13.81
2023-07-08 11:00:00,13.98
2023-07-08 11:15:00,14.11
2023-07-08 11:30:00,14.14
2023-07-08 11:45:00,14.32
2023-07-08 12:00:00,14.45
2023-07-08 12:15:00,14.44
2023-07-08 12:30:00,14.65
2023-07-08 12:45:00,14.71
2023-07-08 13:00:00,14.82
2023-07-08 13:15:00,14.84
2023-07-08 13:30:00,14.98
2023-07-08 13:45:00,15.1
2023-07-08 14:00:00,15.18
2023-07-08 14:15:00,15.17
2023-07-08 14:30:00,15.16
2023-07-08 14:45:00,15.16
2023-07-08 15:00:00,15.19
2023-07-08 15:15:00,15.2
2023-07-08 15:30:00,15.22
2023-07-08 15:45:00,15.26
2023-07-08 16:00:00,15.24
2023-07-08 16:15:00,15.21
2023-07-08 16:30:00,15.23
2023-07-08 16:45:00,15.23
2023-07-08 17:00:00,15.27
2023-07-08 17:15:00,15.22
2023-07-08 17:30:00,15.2
2023-07-08 17:45:00,15.18
2023-07-08 18:00:00,15.2
2023-07-08 18:15:00,15.15
2023-07-08 18:30:00,15.16
2023-07-08 18:45:00,15.09
2023-07-08 19:00:00,15.05
2023-07-08 19:15:00,15.04
2023-07-08 19:30:00,15.01
2023-07-08 19:45:00,14.98
2023-07-08 20:00:00,14.91
2023-07-08 20:15:00,14.78
2023-07-08 20:30:00,14.56
2023-07-08 20:45:00,14.24
2023-07-08 21:00:00,13.96
2023-07-08 21:15:00,13.69
2023-07-08 21:30:00,13.43
2023-07-08 21:45:00,13.23
2023-07-08 22:00:00,13.06
2023-07-08 22:15:00,12.88
2023-07-08 22:30:00,12.79
2023-07-08 22:45:00,12.64
2023-07-08 23:00:00,12.51
2023-07-08 23:15:00,12.4
2023-07-08 23:30:00,12.3
2023-07-08 23:45:00,12.22
2023-07-09 00:00:00,12.1
2023-07-09 00:15:00,11.98
2023-07-09 00:30:00,11.87
2023-07-09 00:45:00,11.71
2023-07-09 01:00:00,11.58
2023-07-09 01:15:00,11.47
2023-07-09 01:30:00,11.41
2023-07-09 01:45:00,11.3
2023-07-09 02:00:00,11.17
2023-07-09 02:15:00,11.11
2023-07-09 02:30:00,11.01
2023-07-09 02:45:00,10.94
2023-07-09 03:00:00,10.92
2023-07-09 03:15:00,10.89
2023-07-09 03:30:00,10.98
2023-07-09 03:45:00,10.93
2023-07-09 04:00:00,10.8
2023-07-09 04:15:00,10.89
2023-07-09 04:30:00,10.82
2023-07-09 04:45:00,10.87
2023-07-09 05:00:00,11.05
2023-07-09 05:15:00,11.27
2023-07-09 05:30:00,11.44
2023-07-09 05:45:00,11.66
2023-07-09 06:00:00,11.84
2023-07-09 06:15:00,12.02
2023-07-09 06:30:00,12.18
2023-07-09 06:45:00,12.38
2023-07-09 07:00:00,12.53
2023-07-09 07:15:00,12.67
2023-07-09 07:30:00,12.8
2023-07-09 07:45:00,12.91
2023-07-09 08:00:00,12.98
2023-07-09 08:15:00,13.09
2023-07-09 08:30:00,13.18
2023-07-09 08:45:00,13.26
2023-07-09 09:00:00,13.37
2023-07-09 09:15:00,13.46
2023-07-09 09:30:00,13.54
2023-07-09 09:45:00,13.66
2023-07-09 10:00:00,13.75
2023-07-09 10:15:00,13.9
2023-07-09 10:30:00,14
2023-07-09 10:45:00,14.13
2023-07-09 11:00:00,14.2
2023-07-09 11:15:00,14.34
2023-07-09 11:30:00,14.44
2023-07-09 11:45:00,14.53
2023-07-09 12:00:00,14.62
2023-07-09 12:15:00,14.67
2023-07-09 12:30:00,14.81
2023-07-09 12:45:00,14.85
2023-07-09 13:00:00,14.92
2023-07-09 13:15:00,15.03
2023-07-09 13:30:00,15.14
2023-07-09 13:45:00,15.2
2023-07-09 14:00:00,15.33
2023-07-09 14:15:00,15.4
2023-07-09 14:30:00,15.37
2023-07-09 14:45:00,15.47
2023-07-09 15:00:00,15.48
2023-07-09 15:15:00,15.43
2023-07-09 15:30:00,15.42
2023-07-09 15:45:00,15.4
2023-07-09 16:00:00,15.39
2023-07-09 16:15:00,15.47
2023-07-09 16:30:00,15.44
2023-07-09 16:45:00,15.4
2023-07-09 17:00:00,15.39
2023-07-09 17:15:00,15.45
2023-07-09 17:30:00,15.43
2023-07-09 17:45:00,15.4
2023-07-09 18:00:00,15.4
2023-07-09 18:15:00,15.39
2023-07-09 18:30:00,15.38
2023-07-09 18:45:00,15.33
2023-07-09 19:00:00,15.32
2023-07-09 19:15:00,15.29
2023-07-09 19:30:00,15.26
2023-07-09 19:45:00,15.21
2023-07-09 20:00:00,15.13
2023-07-09 20:15:00,15.04
2023-07-09 20:30:00,14.84
2023-07-09 20:45:00,14.57
2023-07-09 21:00:00,14.38
2023-07-09 21:15:00,14.28
2023-07-09 21:30:00,14.23
2023-07-09 21:45:00,14.27
2023-07-09 22:00:00,14.38
2023-07-09 22:15:00,14.46
2023-07-09 22:30:00,14.49
2023-07-09 22:45:00,14.53
2023-07-09 23:00:00,14.53
2023-07-09 23:15:00,14.52
2023-07-09 23:30:00,14.46
2023-07-09 23:45:00,14.35
2023-07-10 00:00:00,14.25
2023-07-10 00:15:00,13.99
2023-07-10 00:30:00,13.76
2023-07-10 00:45:00,13.54
2023-07-10 01:00:00,13.38
2023-07-10 01:15:00,13.19
2023-07-10 01:30:00,13.14
2023-07-10 01:45:00,13.04
2023-07-10 02:00:00,12.98
2023-07-10 02:15:00,12.95
2023-07-10 02:30:00,12.85
2023-07-10 02:45:00,12.69
2023-07-10 03:00:00,12.54
2023-07-10 03:15:00,12.43
2023-07-10 03:30:00,12.37
2023-07-10 03:45:00,12.44
2023-07-10 04:00:00,12.65
2023-07-10 04:15:00,12.84
2023-07-10 04:30:00,13.03
2023-07-10 04:45:00,13.08
2023-07-10 05:00:00,13.07
2023-07-10 05:15:00,13.1
2023-07-10 05:30:00,13.2
2023-07-10 05:45:00,13.29
2023-07-10 06:00:00,13.39
2023-07-10 06:15:00,13.49
2023-07-10 06:30:00,13.57
2023-07-10 06:45:00,13.64
2023-07-10 07:00:00,13.71
2023-07-10 07:15:00,13.99
2023-07-10 07:30:00,14.3
2023-07-10 07:45:00,14.35
2023-07-10 08:00:00,14.48
2023-07-10 08:15:00,14.72
2023-07-10 08:30:00,14.76
2023-07-10 08:45:00,14.91
2023-07-10 09:00:00,14.96
2023-07-10 09:15:00,15.22
2023-07-10 09:30:00,15.48
2023-07-10 09:45:00,15.66
2023-07-10 10:00:00,15.92
2023-07-10 10:15:00,16.08
2023-07-10 10:30:00,16.01
2023-07-10 10:45:00,15.86
2023-07-10 11:00:00,16.04
2023-07-10 11:15:00,15.99
2023-07-10 11:30:00,16.03
2023-07-10 11:45:00,15.82
2023-07-10 12:00:00,15.23
2023-07-10 12:15:00,15.1
2023-07-10 12:30:00,15.05
2023-07-10 12:45:00,15.05
2023-07-10 13:00:00,15.16
2023-07-10 13:15:00,15.31
2023-07-10 13:30:00,15.39
2023-07-10 13:45:00,15.47
2023-07-10 14:00:00,15.47
2023-07-10 14:15:00,15.37
2023-07-10 14:30:00,15.42
2023-07-10 14:45:00,15.51
2023-07-10 15:00:00,15.6
2023-07-10 15:15:00,15.6
2023-07-10 15:30:00,15.57
2023-07-10 15:45:00,15.63
2023-07-10 16:00:00,15.6
2023-07-10 16:15:00,15.62
2023-07-10 16:30:00,15.68
2023-07-10 16:45:00,15.62
2023-07-10 17:00:00,15.64
2023-07-10 17:15:00,15.65
2023-07-10 17:30:00,15.6
2023-07-10 17:45:00,15.55
2023-07-10 18:00:00,15.51
2023-07-10 18:15:00,15.47
2023-07-10 18:30:00,15.41
2023-07-10 18:45:00,15.35
2023-07-10 19:00:00,15.3
2023-07-10 19:15:00,15.26
2023-07-10 19:30:00,15.19
2023-07-10 19:45:00,15.1
2023-07-10 20:00:00,14.89
2023-07-10 20:15:00,14.52
2023-07-10 20:30:00,14.17
2023-07-10 20:45:00,13.75
2023-07-10 21:00:00,13.46
2023-07-10 21:15:00,13.29
2023-07-10 21:30:00,13
2023-07-10 21:45:00,12.73
2023-07-10 22:00:00,12.56
2023-07-10 22:15:00,12.49
2023-07-10 22:30:00,12.38
2023-07-10 22:45:00,12.12
2023-07-10 23:00:00,11.96
2023-07-10 23:15:00,11.81
2023-07-10 23:30:00,11.7
2023-07-10 23:45:00,11.78
2023-07-11 00:00:00,11.79
2023-07-11 00:15:00,11.63
2023-07-11 00:30:00,11.47
2023-07-11 00:45:00,11.37
2023-07-11 01:00:00,11.25
2023-07-11 01:15:00,11.09
2023-07-11 01:30:00,11
2023-07-11 01:45:00,10.93
2023-07-11 02:00:00,10.89
2023-07-11 02:15:00,10.87
2023-07-11 02:30:00,10.77
2023-07-11 02:45:00,10.65
2023-07-11 03:00:00,10.66
2023-07-11 03:15:00,10.56
2023-07-11 03:30:00,10.64
2023-07-11 03:45:00,10.61
2023-07-11 04:00:00,10.54
2023-07-11 04:15:00,10.38
2023-07-11 04:30:00,10.21
2023-07-11 04:45:00,10.12
2023-07-11 05:00:00,10.18
2023-07-11 05:15:00,10.48
2023-07-11 05:30:00,10.84
2023-07-11 05:45:00,11.19
2023-07-11 06:00:00,11.42
2023-07-11 06:15:00,11.57
2023-07-11 06:30:00,11.73
2023-07-11 06:45:00,11.89
2023-07-11 07:00:00,12.07
2023-07-11 07:15:00,12.21
2023-07-11 07:30:00,12.36
2023-07-11 07:45:00,12.5
2023-07-11 08:00:00,12.66
2023-07-11 08:15:00,12.84
2023-07-11 08:30:00,13.05
2023-07-11 08:45:00,13.22
2023-07-11 09:00:00,13.29
2023-07-11 09:15:00,13.39
2023-07-11 09:30:00,13.57
2023-07-11 09:45:00,13.63
2023-07-11 10:00:00,13.75
2023-07-11 10:15:00,13.89
2023-07-11 10:30:00,13.98
2023-07-11 10:45:00,14.04
2023-07-11 11:00:00,14.19
2023-07-11 11:15:00,14.2
2023-07-11 11:30:00,14.37
2023-07-11 11:45:00,14.47
2023-07-11 12:00:00,14.53
2023-07-11 12:15:00,14.61
2023-07-11 12:30:00,14.71
2023-07-11 12:45:00,14.77
2023-07-11 13:00:00,14.85
2023-07-11 13:15:00,14.86
2023-07-11 13:30:00,14.93
2023-07-11 13:45:00,14.96
2023-07-11 14:00:00,15.02
2023-07-11 14:15:00,15.1
2023-07-11 14:30:00,15.18
2023-07-11 14:45:00,15.18
2023-07-11 15:00:00,15.25
2023-07-11 15:15:00,15.25
2023-07-11 15:30:00,15.2
2023-07-11 15:45:00,15.2
2023-07-11 16:00:00,15.24
2023-07-11 16:15:00,15.2
2023-07-11 16:30:00,15.22
2023-07-11 16:45:00,15.22
2023-07-11 17:00:00,15.21
2023-07-11 17:15:00,15.19
2023-07-11 17:30:00,15.1
2023-07-11 17:45:00,15.08
2023-07-11 18:00:00,15.05
2023-07-11 18:15:00,15.03
2023-07-11 18:30:00,14.98
2023-07-11 18:45:00,14.92
2023-07-11 19:00:00,14.89
2023-07-11 19:15:00,14.82
2023-07-11 19:30:00,14.73
2023-07-11 19:45:00,14.41
2023-07-11 20:00:00,13.91
2023-07-11 20:15:00,13.33
2023-07-11 20:30:00,12.86
2023-07-11 20:45:00,12.45
2023-07-11 21:00:00,12.03
2023-07-11 21:15:00,11.77
2023-07-11 21:30:00,11.5
2023-07-11 21:45:00,11.33
2023-07-11 22:00:00,11.09
2023-07-11 22:15:00,10.83
2023-07-11 22:30:00,10.55
2023-07-11 22:45:00,10.36
2023-07-11 23:00:00,10.16
2023-07-11 23:15:00,10
2023-07-11 23:30:00,9.87
2023-07-11 23:45:00,9.72
2023-07-12 00:00:00,9.62
2023-07-12 00:15:00,9.51
2023-07-12 00:30:00,9.41
2023-07-12 00:45:00,9.28
2023-07-12 01:00:00,9.26
2023-07-12 01:15:00,9.1
2023-07-12 01:30:00,9.01
2023-07-12 01:45:00,8.91
2023-07-12 02:00:00,8.75
2023-07-12 02:15:00,8.67
2023-07-12 02:30:00,8.58
2023-07-12 02:45:00,8.48
2023-07-12 03:00:00,8.4
2023-07-12 03:15:00,8.3
2023-07-12 03:30:00,8.22
2023-07-12 03:45:00,8.14
2023-07-12 04:00:00,8.09
2023-07-12 04:15:00,8.27
2023-07-12 04:30:00,8.34
2023-07-12 04:45:00,8.56
2023-07-12 05:00:00,8.76
2023-07-12 05:15:00,9.02
2023-07-12 05:30:00,9.41
2023-07-12 05:45:00,9.82
2023-07-12 06:00:00,10.13
2023-07-12 06:15:00,10.4
2023-07-12 06:30:00,10.62
2023-07-12 06:45:00,10.85
2023-07-12 07:00:00,11.08
2023-07-12 07:15:00,11.31
2023-07-12 07:30:00,11.48
2023-07-12 07:45:00,11.64
2023-07-12 08:00:00,11.79
2023-07-12 08:15:00,11.91
2023-07-12 08:30:00,12
2023-07-12 08:45:00,12.14
2023-07-12 09:00:00,12.27
2023-07-12 09:15:00,12.37
2023-07-12 09:30:00,12.5
2023-07-12 09:45:00,12.63
2023-07-12 10:00:00,12.79
2023-07-12 10:15:00,12.92
2023-07-12 10:30:00,13.05
2023-07-12 10:45:00,13.2
2023-07-12 11:00:00,13.28
2023-07-12 11:15:00,13.4
2023-07-12 11:30:00,13.6
2023-07-12 11:45:00,13.63
2023-07-12 12:00:00,13.79
2023-07-12 12:15:00,13.93
2023-07-12 12:30:00,13.99
2023-07-12 12:45:00,14.05
2023-07-12 13:00:00,14.14
2023-07-12 13:15:00,14.27
2023-07-12 13:30:00,14.41
2023-07-12 13:45:00,14.54
2023-07-12 14:00:00,14.57
2023-07-12 14:15:00,14.61
2023-07-12 14:30:00,14.77
2023-07-12 14:45:00,14.78
2023-07-12 15:00:00,14.79
2023-07-12 15:15:00,14.88
2023-07-12 15:30:00,14.97
2023-07-12 15:45:00,15.07
2023-07-12 16:00:00,15.14
2023-07-12 16:15:00,15.09
2023-07-12 16:30:00,15.27
2023-07-12 16:45:00,15.21
2023-07-12 17:00:00,15.18
2023-07-12 17:15:00,15.18
2023-07-12 17:30:00,15.12
2023-07-12 17:45:00,15.16
2023-07-12 18:00:00,15.06
2023-07-12 18:15:00,15.03
2023-07-12 18:30:00,14.88
2023-07-12 18:45:00,14.78
2023-07-12 19:00:00,14.72
2023-07-12 19:15:00,14.64
2023-07-12 19:30:00,14.56
2023-07-12 19:45:00,14.31
2023-07-12 20:00:00,13.98
2023-07-12 20:15:00,13.63
2023-07-12 20:30:00,13.27
2023-07-12 20:45:00,12.95
2023-07-12 21:00:00,12.7
2023-07-12 21:15:00,12.53
2023-07-12 21:30:00,12.35
2023-07-12 21:45:00,12.2
2023-07-12 22:00:00,12.09
2023-07-12 22:15:00,11.99
2023-07-12 22:30:00,11.93
2023-07-12 22:45:00,11.81
2023-07-12 23:00:00,11.68
2023-07-12 23:15:00,11.61
2023-07-12 23:30:00,11.52
2023-07-12 23:45:00,11.36
2023-07-13 00:00:00,11.23
2023-07-13 00:15:00,11.18
2023-07-13 00:30:00,11.24
2023-07-13 00:45:00,11.33
2023-07-13 01:00:00,11.44
2023-07-13 01:15:00,11.61
2023-07-13 01:30:00,11.61
2023-07-13 01:45:00,11.58
2023-07-13 02:00:00,11.49
2023-07-13 02:15:00,11.45
2023-07-13 02:30:00,11.35
2023-07-13 02:45:00,11.27
2023-07-13 03:00:00,11.24
2023-07-13 03:15:00,11.19
2023-07-13 03:30:00,11.2
2023-07-13 03:45:00,11.14
2023-07-13 04:00:00,11.13
2023-07-13 04:15:00,11.02
2023-07-13 04:30:00,11.09
2023-07-13 04:45:00,11.25
2023-07-13 05:00:00,11.4
2023-07-13 05:15:00,11.59
2023-07-13 05:30:00,11.67
2023-07-13 05:45:00,11.74
2023-07-13 06:00:00,11.93
2023-07-13 06:15:00,12.07
2023-07-13 06:30:00,12.27
2023-07-13 06:45:00,12.46
2023-07-13 07:00:00,12.74
2023-07-13 07:15:00,13.04
2023-07-13 07:30:00,13.46
2023-07-13 07:45:00,13.65
2023-07-13 08:00:00,13.82
2023-07-13 08:15:00,13.87
2023-07-13 08:30:00,13.85
2023-07-13 08:45:00,13.96
2023-07-13 09:00:00,13.95
2023-07-13 09:15:00,14.09
2023-07-13 09:30:00,14.22
2023-07-13 09:45:00,14.3
2023-07-13 10:00:00,14.35
2023-07-13 10:15:00,14.4
2023-07-13 10:30:00,14.43
2023-07-13 10:45:00,14.66
2023-07-13 11:00:00,14.88
2023-07-13 11:15:00,15.05
2023-07-13 11:30:00,15.13
2023-07-13 11:45:00,15.34
2023-07-13 12:00:00,15.49
2023-07-13 12:15:00,15.66
2023-07-13 12:30:00,15.62
2023-07-13 12:45:00,15.51
2023-07-13 13:00:00,15.59
2023-07-13 13:15:00,15.75
2023-07-13 13:30:00,15.68
2023-07-13 13:45:00,15.83
2023-07-13 14:00:00,16.01
2023-07-13 14:15:00,15.83
2023-07-13 14:30:00,16.1
2023-07-13 14:45:00,16.07
2023-07-13 15:00:00,16.1
2023-07-13 15:15:00,16.17
2023-07-13 15:30:00,16.17
2023-07-13 15:45:00,16.03
2023-07-13 16:00:00,16.16
2023-07-13 16:15:00,16.18
2023-07-13 16:30:00,16.12
2023-07-13 16:45:00,15.96
2023-07-13 17:00:00,15.9
2023-07-13 17:15:00,15.87
2023-07-13 17:30:00,15.79
2023-07-13 17:45:00,15.73
2023-07-13 18:00:00,15.61
2023-07-13 18:15:00,15.47
2023-07-13 18:30:00,15.36
2023-07-13 18:45:00,15.28
2023-07-13 19:00:00,15.2
2023-07-13 19:15:00,15.14
2023-07-13 19:30:00,14.95
2023-07-13 19:45:00,14.6
2023-07-13 20:00:00,14.17
2023-07-13 20:15:00,13.75
2023-07-13 20:30:00,13.3
2023-07-13 20:45:00,12.88
2023-07-13 21:00:00,12.56
2023-07-13 21:15:00,12.3
2023-07-13 21:30:00,12.02
2023-07-13 21:45:00,11.85
2023-07-13 22:00:00,11.71
2023-07-13 22:15:00,11.57
2023-07-13 22:30:00,11.45
2023-07-13 22:45:00,11.24
2023-07-13 23:00:00,11.07
2023-07-13 23:15:00,10.94
2023-07-13 23:30:00,10.8
2023-07-13 23:45:00,10.72
2023-07-14 00:00:00,10.63
2023-07-14 00:15:00,10.62
2023-07-14 00:30:00,10.45
2023-07-14 00:45:00,10.35
2023-07-14 01:00:00,10.18
2023-07-14 01:15:00,10.12
2023-07-14 01:30:00,10.02
2023-07-14 01:45:00,9.92
2023-07-14 02:00:00,9.81
2023-07-14 02:15:00,9.75
2023-07-14 02:30:00,9.73
2023-07-14 02:45:00,9.63
2023-07-14 03:00:00,9.62
2023-07-14 03:15:00,9.62
2023-07-14 03:30:00,9.52
2023-07-14 03:45:00,9.64
2023-07-14 04:00:00,9.87
2023-07-14 04:15:00,10.03
2023-07-14 04:30:00,9.98
2023-07-14 04:45:00,9.92
2023-07-14 05:00:00,9.98
2023-07-14 05:15:00,10.11
2023-07-14 05:30:00,10.3
2023-07-14 05:45:00,10.62
2023-07-14 06:00:00,10.84
2023-07-14 06:15:00,11.05
2023-07-14 06:30:00,11.31
2023-07-14 06:45:00,11.5
2023-07-14 07:00:00,11.72
2023-07-14 07:15:00,11.93
2023-07-14 07:30:00,12.1
2023-07-14 07:45:00,12.26
2023-07-14 08:00:00,12.42
2023-07-14 08:15:00,12.48
2023-07-14 08:30:00,12.62
2023-07-14 08:45:00,12.71
2023-07-14 09:00:00,12.82
2023-07-14 09:15:00,12.91
2023-07-14 09:30:00,13.01
2023-07-14 09:45:00,13.14
2023-07-14 10:00:00,13.31
2023-07-14 10:15:00,13.48
2023-07-14 10:30:00,13.59
2023-07-14 10:45:00,13.67
2023-07-14 11:00:00,13.72
2023-07-14 11:15:00,13.81
2023-07-14 11:30:00,13.91
2023-07-14 11:45:00,14.01
2023-07-14 12:00:00,14.09
2023-07-14 12:15:00,14.2
2023-07-14 12:30:00,14.3
2023-07-14 12:45:00,14.43
2023-07-14 13:00:00,14.61
2023-07-14 13:15:00,14.72
2023-07-14 13:30:00,14.81
2023-07-14 13:45:00,14.9
2023-07-14 14:00:00,14.99
2023-07-14 14:15:00,15.02
2023-07-14 14:30:00,15.03
2023-07-14 14:45:00,14.99
2023-07-14 15:00:00,15.02
2023-07-14 15:15:00,15.06
2023-07-14 15:30:00,15.11
2023-07-14 15:45:00,15.09
2023-07-14 16:00:00,15.05
2023-07-14 16:15:00,15.05
2023-07-14 16:30:00,15.05
2023-07-14 16:45:00,15.05
2023-07-14 17:00:00,15.09
2023-07-14 17:15:00,15.07
2023-07-14 17:30:00,15.12
2023-07-14 17:45:00,15.1
2023-07-14 18:00:00,15.06
2023-07-14 18:15:00,15.02
2023-07-14 18:30:00,14.99
2023-07-14 18:45:00,14.94
2023-07-14 19:00:00,14.92
2023-07-14 19:15:00,14.86
2023-07-14 19:30:00,14.8
2023-07-14 19:45:00,14.71
2023-07-14 20:00:00,14.49
2023-07-14 20:15:00,14.14
2023-07-14 20:30:00,13.78
2023-07-14 20:45:00,13.48
2023-07-14 21:00:00,13.25
2023-07-14 21:15:00,13.09
2023-07-14 21:30:00,12.95
2023-07-14 21:45:00,12.74
2023-07-14 22:00:00,12.64
2023-07-14 22:15:00,12.42
2023-07-14 22:30:00,12.29
2023-07-14 22:45:00,12.15
2023-07-14 23:00:00,12
2023-07-14 23:15:00,11.91
2023-07-14 23:30:00,11.78
2023-07-14 23:45:00,11.65
2023-07-15 00:00:00,11.5
2023-07-15 00:15:00,11.37
2023-07-15 00:30:00,11.27
2023-07-15 00:45:00,11.13
2023-07-15 01:00:00,11.14
2023-07-15 01:15:00,11.08
2023-07-15 01:30:00,11.05
2023-07-15 01:45:00,11.13
2023-07-15 02:00:00,11.03
2023-07-15 02:15:00,10.92
2023-07-15 02:30:00,10.8
2023-07-15 02:45:00,10.7
2023-07-15 03:00:00,10.64
2023-07-15 03:15:00,10.59
2023-07-15 03:30:00,10.49
2023-07-15 03:45:00,10.5
2023-07-15 04:00:00,10.48
2023-07-15 04:15:00,10.41
2023-07-15 04:30:00,10.54
2023-07-15 04:45:00,10.53
2023-07-15 05:00:00,10.6
2023-07-15 05:15:00,10.78
2023-07-15 05:30:00,11.18
2023-07-15 05:45:00,11.4
2023-07-15 06:00:00,11.55
2023-07-15 06:15:00,11.75
2023-07-15 06:30:00,11.95
2023-07-15 06:45:00,12.15
2023-07-15 07:00:00,12.31
2023-07-15 07:15:00,12.44
2023-07-15 07:30:00,12.59
2023-07-15 07:45:00,12.68
2023-07-15 08:00:00,12.77
2023-07-15 08:15:00,12.91
2023-07-15 08:30:00,13.01
2023-07-15 08:45:00,13.11
2023-07-15 09:00:00,13.19
2023-07-15 09:15:00,13.26
2023-07-15 09:30:00,13.34
2023-07-15 09:45:00,13.46
2023-07-15 10:00:00,13.6
2023-07-15 10:15:00,13.72
2023-07-15 10:30:00,13.84
2023-07-15 10:45:00,13.97
2023-07-15 11:00:00,14.11
2023-07-15 11:15:00,14.21
2023-07-15 11:30:00,14.29
2023-07-15 11:45:00,14.37
2023-07-15 12:00:00,14.49
2023-07-15 12:15:00,14.61
2023-07-15 12:30:00,14.68
2023-07-15 12:45:00,14.84
2023-07-15 13:00:00,14.95
2023-07-15 13:15:00,14.95
2023-07-15 13:30:00,15.09
2023-07-15 13:45:00,15.18
2023-07-15 14:00:00,15.34
2023-07-15 14:15:00,15.38
2023-07-15 14:30:00,15.42
2023-07-15 14:45:00,15.43
2023-07-15 15:00:00,15.38
2023-07-15 15:15:00,15.42
2023-07-15 15:30:00,15.51
2023-07-15 15:45:00,15.53
2023-07-15 16:00:00,15.55
2023-07-15 16:15:00,15.57
2023-07-15 16:30:00,15.52
2023-07-15 16:45:00,15.55
2023-07-15 17:00:00,15.51
2023-07-15 17:15:00,15.5
2023-07-15 17:30:00,15.47
2023-07-15 17:45:00,15.48
2023-07-15 18:00:00,15.44
2023-07-15 18:15:00,15.43
2023-07-15 18:30:00,15.38
2023-07-15 18:45:00,15.34
2023-07-15 19:00:00,15.28
2023-07-15 19:15:00,15.24
2023-07-15 19:30:00,15.14
2023-07-15 19:45:00,15.02
2023-07-15 20:00:00,14.76
2023-07-15 20:15:00,14.48
2023-07-15 20:30:00,14.25
2023-07-15 20:45:00,14.05
2023-07-15 21:00:00,13.85
2023-07-15 21:15:00,13.65
2023-07-15 21:30:00,13.41
2023-07-15 21:45:00,13.18
2023-07-15 22:00:00,12.96
2023-07-15 22:15:00,12.66
2023-07-15 22:30:00,12.39
2023-07-15 22:45:00,12.15
2023-07-15 23:00:00,11.94
2023-07-15 23:15:00,11.77
2023-07-15 23:30:00,11.59
2023-07-15 23:45:00,11.42
2023-07-16 00:00:00,11.28
2023-07-16 00:15:00,11.2
2023-07-16 00:30:00,11.05
2023-07-16 00:45:00,10.95
2023-07-16 01:00:00,10.84
2023-07-16 01:15:00,10.76
2023-07-16 01:30:00,10.68
2023-07-16 01:45:00,10.63
2023-07-16 02:00:00,10.57
2023-07-16 02:15:00,10.5
2023-07-16 02:30:00,10.47
2023-07-16 02:45:00,10.43
2023-07-16 03:00:00,10.39
2023-07-16 03:15:00,10.4
2023-07-16 03:30:00,10.38
2023-07-16 03:45:00,10.37
2023-07-16 04:00:00,10.36
2023-07-16 04:15:00,10.31
2023-07-16 04:30:00,10.33
2023-07-16 04:45:00,10.45
2023-07-16 05:00:00,10.57
2023-07-16 05:15:00,10.74
2023-07-16 05:30:00,10.96
2023-07-16 05:45:00,11.17
2023-07-16 06:00:00,11.37
2023-07-16 06:15:00,11.6
2023-07-16 06:30:00,11.92
2023-07-16 06:45:00,12.06
2023-07-16 07:00:00,12.24
2023-07-16 07:15:00,12.47
2023-07-16 07:30:00,12.6
2023-07-16 07:45:00,12.73
2023-07-16 08:00:00,12.86
2023-07-16 08:15:00,12.98
2023-07-16 08:30:00,13.08
2023-07-16 08:45:00,13.16
2023-07-16 09:00:00,13.27
2023-07-16 09:15:00,13.41
2023-07-16 09:30:00,13.59
2023-07-16 09:45:00,13.7
2023-07-16 10:00:00,13.79
2023-07-16 10:15:00,13.88
2023-07-16 10:30:00,13.97
2023-07-16 10:45:00,14.06
2023-07-16 11:00:00,14.17
2023-07-16 11:15:00,14.24
2023-07-16 11:30:00,14.32
2023-07-16 11:45:00,14.38
2023-07-16 12:00:00,14.48
2023-07-16 12:15:00,14.66
2023-07-16 12:30:00,14.82
2023-07-16 12:45:00,14.83
2023-07-16 13:00:00,14.98
2023-07-16 13:15:00,15.08
2023-07-16 13:30:00,15.15
2023-07-16 13:45:00,15.2
2023-07-16 14:00:00,15.31
2023-07-16 14:15:00,15.38
2023-07-16 14:30:00,15.44
2023-07-16 14:45:00,15.51
2023-07-16 15:00:00,15.61
2023-07-16 15:15:00,15.62
2023-07-16 15:30:00,15.61
2023-07-16 15:45:00,15.81
2023-07-16 16:00:00,15.76
2023-07-16 16:15:00,15.75
2023-07-16 16:30:00,15.69
2023-07-16 16:45:00,15.73
2023-07-16 17:00:00,15.79
2023-07-16 17:15:00,15.78
2023-07-16 17:30:00,15.72
2023-07-16 17:45:00,15.75
2023-07-16 18:00:00,15.66
2023-07-16 18:15:00,15.59
2023-07-16 18:30:00,15.56
2023-07-16 18:45:00,15.52
2023-07-16 19:00:00,15.5
2023-07-16 19:15:00,15.47
2023-07-16 19:30:00,15.38
2023-07-16 19:45:00,15.27
2023-07-16 20:00:00,15
2023-07-16 20:15:00,14.74
2023-07-16 20:30:00,14.43
2023-07-16 20:45:00,14.13
2023-07-16 21:00:00,13.85
2023-07-16 21:15:00,13.61
2023-07-16 21:30:00,13.37
2023-07-16 21:45:00,13.18
2023-07-16 22:00:00,13.04
2023-07-16 22:15:00,13.02
2023-07-16 22:30:00,12.86
2023-07-16 22:45:00,12.8
2023-07-16 23:00:00,12.79
2023-07-16 23:15:00,12.71
2023-07-16 23:30:00,12.61
2023-07-16 23:45:00,12.59
2023-07-17 00:00:00,12.48
2023-07-17 00:15:00,12.39
2023-07-17 00:30:00,12.31
2023-07-17 00:45:00,12.36
2023-07-17 01:00:00,12.39
2023-07-17 01:15:00,12.42
2023-07-17 01:30:00,12.46
2023-07-17 01:45:00,12.52
2023-07-17 02:00:00,12.63
2023-07-17 02:15:00,12.68
2023-07-17 02:30:00,12.76
2023-07-17 02:45:00,12.88
2023-07-17 03:00:00,13.03
2023-07-17 03:15:00,13.19
2023-07-17 03:30:00,13.38
2023-07-17 03:45:00,13.6
2023-07-17 04:00:00,13.72
2023-07-17 04:15:00,13.77
2023-07-17 04:30:00,13.9
2023-07-17 04:45:00,13.84
2023-07-17 05:00:00,13.78
2023-07-17 05:15:00,13.75
2023-07-17 05:30:00,13.72
2023-07-17 05:45:00,13.7
2023-07-17 06:00:00,13.75
2023-07-17 06:15:00,13.9
2023-07-17 06:30:00,13.92
2023-07-17 06:45:00,13.98
2023-07-17 07:00:00,14.21
2023-07-17 07:15:00,14.32
2023-07-17 07:30:00,14.56
2023-07-17 07:45:00,14.84
2023-07-17 08:00:00,15.03
2023-07-17 08:15:00,15.6
2023-07-17 08:30:00,15.97
2023-07-17 08:45:00,16.27
2023-07-17 09:00:00,16.27
2023-07-17 09:15:00,16.12
2023-07-17 09:30:00,16.36
2023-07-17 09:45:00,16.38
2023-07-17 10:00:00,16.55
2023-07-17 10:15:00,16.45
2023-07-17 10:30:00,16.59
2023-07-17 10:45:00,16.88
2023-07-17 11:00:00,16.95
2023-07-17 11:15:00,17.29
2023-07-17 11:30:00,17.14
2023-07-17 11:45:00,17.19
2023-07-17 12:00:00,17.32
2023-07-17 12:15:00,17.54
2023-07-17 12:30:00,17.56
2023-07-17 12:45:00,17.56
2023-07-17 13:00:00,17.22
2023-07-17 13:15:00,17.19
2023-07-17 13:30:00,17.39
2023-07-17 13:45:00,17.67
2023-07-17 14:00:00,17.69
2023-07-17 14:15:00,17.71
2023-07-17 14:30:00,17.71
2023-07-17 14:45:00,17.71
2023-07-17 15:00:00,17.73
2023-07-17 15:15:00,17.71
2023-07-17 15:30:00,17.81
2023-07-17 15:45:00,17.8
2023-07-17 16:00:00,17.86
2023-07-17 16:15:00,17.9
2023-07-17 16:30:00,17.77
2023-07-17 16:45:00,17.61
2023-07-17 17:00:00,17.36
2023-07-17 17:15:00,17.15
2023-07-17 17:30:00,17.12
2023-07-17 17:45:00,17.02
2023-07-17 18:00:00,16.87
2023-07-17 18:15:00,16.83
2023-07-17 18:30:00,16.59
2023-07-17 18:45:00,16.35
2023-07-17 19:00:00,16.15
2023-07-17 19:15:00,15.93
2023-07-17 19:30:00,15.74
2023-07-17 19:45:00,15.51
2023-07-17 20:00:00,15.3
2023-07-17 20:15:00,15.09
2023-07-17 20:30:00,14.61
2023-07-17 20:45:00,14.12
2023-07-17 21:00:00,13.68
2023-07-17 21:15:00,13.24
2023-07-17 21:30:00,12.95
2023-07-17 21:45:00,12.61
2023-07-17 22:00:00,12.37
2023-07-17 22:15:00,12.37
2023-07-17 22:30:00,12.07
2023-07-17 22:45:00,11.8
2023-07-17 23:00:00,11.61
2023-07-17 23:15:00,11.52
2023-07-17 23:30:00,11.28
2023-07-17 23:45:00,11.08
2023-07-18 00:00:00,10.96
2023-07-18 00:15:00,10.88
2023-07-18 00:30:00,10.72
2023-07-18 00:45:00,10.58
2023-07-18 01:00:00,10.46
2023-07-18 01:15:00,10.28
2023-07-18 01:30:00,10.2
2023-07-18 01:45:00,10.14
2023-07-18 02:00:00,10.12
2023-07-18 02:15:00,10.09
2023-07-18 02:30:00,9.95
2023-07-18 02:45:00,9.74
2023-07-18 03:00:00,9.66
2023-07-18 03:15:00,9.57
2023-07-18 03:30:00,9.53
2023-07-18 03:45:00,9.4
2023-07-18 04:00:00,9.3
2023-07-18 04:15:00,9.16
2023-07-18 04:30:00,9.05
2023-07-18 04:45:00,8.97
2023-07-18 05:00:00,9.03
2023-07-18 05:15:00,9.26
2023-07-18 05:30:00,9.56
2023-07-18 05:45:00,10.02
2023-07-18 06:00:00,10.5
2023-07-18 06:15:00,10.84
2023-07-18 06:30:00,11.1
2023-07-18 06:45:00,11.32
2023-07-18 07:00:00,11.5
2023-07-18 07:15:00,11.69
2023-07-18 07:30:00,11.87
2023-07-18 07:45:00,12.06
2023-07-18 08:00:00,12.25
2023-07-18 08:15:00,12.39
2023-07-18 08:30:00,12.5
2023-07-18 08:45:00,12.64
2023-07-18 09:00:00,12.75
2023-07-18 09:15:00,12.86
2023-07-18 09:30:00,12.98
2023-07-18 09:45:00,13.13
2023-07-18 10:00:00,13.26
2023-07-18 10:15:00,13.34
2023-07-18 10:30:00,13.44
2023-07-18 10:45:00,13.55
2023-07-18 11:00:00,13.69
2023-07-18 11:15:00,13.74
2023-07-18 11:30:00,13.81
2023-07-18 11:45:00,13.95
2023-07-18 12:00:00,13.97
2023-07-18 12:15:00,14.05
2023-07-18 12:30:00,14.17
2023-07-18 12:45:00,14.27
2023-07-18 13:00:00,14.3
2023-07-18 13:15:00,14.35
2023-07-18 13:30:00,14.49
2023-07-18 13:45:00,14.61
2023-07-18 14:00:00,14.6
2023-07-18 14:15:00,14.68
2023-07-18 14:30:00,14.85
2023-07-18 14:45:00,14.83
2023-07-18 15:00:00,14.88
2023-07-18 15:15:00,14.83
2023-07-18 15:30:00,14.92
2023-07-18 15:45:00,14.97
2023-07-18 16:00:00,14.94
2023-07-18 16:15:00,14.97
2023-07-18 16:30:00,14.98
2023-07-18 16:45:00,14.97
2023-07-18 17:00:00,14.93
2023-07-18 17:15:00,14.93
2023-07-18 17:30:00,14.92
2023-07-18 17:45:00,14.88
2023-07-18 18:00:00,14.83
2023-07-18 18:15:00,14.78
2023-07-18 18:30:00,14.74
2023-07-18 18:45:00,14.68
2023-07-18 19:00:00,14.62
2023-07-18 19:15:00,14.42
2023-07-18 19:30:00,14.16
2023-07-18 19:45:00,13.74
2023-07-18 20:00:00,13.18
2023-07-18 20:15:00,12.62
2023-07-18 20:30:00,12.16
2023-07-18 20:45:00,11.76
2023-07-18 21:00:00,11.44
2023-07-18 21:15:00,11.19
2023-07-18 21:30:00,10.9
2023-07-18 21:45:00,10.63
2023-07-18 22:00:00,10.48
2023-07-18 22:15:00,10.31
2023-07-18 22:30:00,10.19
2023-07-18 22:45:00,10.03
2023-07-18 23:00:00,9.96
2023-07-18 23:15:00,9.82
2023-07-18 23:30:00,9.73
2023-07-18 23:45:00,9.7
2023-07-19 00:00:00,9.57
2023-07-19 00:15:00,9.5
2023-07-19 00:30:00,9.36
2023-07-19 00:45:00,9.31
2023-07-19 01:00:00,9.26
2023-07-19 01:15:00,9.14
2023-07-19 01:30:00,9.08
2023-07-19 01:45:00,9.02
2023-07-19 02:00:00,8.96
2023-07-19 02:15:00,8.89
2023-07-19 02:30:00,8.83
2023-07-19 02:45:00,8.77
2023-07-19 03:00:00,8.7
2023-07-19 03:15:00,8.64
2023-07-19 03:30:00,8.55
2023-07-19 03:45:00,8.5
2023-07-19 04:00:00,8.43
2023-07-19 04:15:00,8.36
2023-07-19 04:30:00,8.34
2023-07-19 04:45:00,8.37
2023-07-19 05:00:00,8.43
2023-07-19 05:15:00,8.58
2023-07-19 05:30:00,8.97
2023-07-19 05:45:00,9.37
2023-07-19 06:00:00,9.79
2023-07-19 06:15:00,10.1
2023-07-19 06:30:00,10.41
2023-07-19 06:45:00,10.67
2023-07-19 07:00:00,10.97
2023-07-19 07:15:00,11.2
2023-07-19 07:30:00,11.42
2023-07-19 07:45:00,11.61
2023-07-19 08:00:00,11.78
2023-07-19 08:15:00,11.93
2023-07-19 08:30:00,12.05
2023-07-19 08:45:00,12.19
2023-07-19 09:00:00,12.26
2023-07-19 09:15:00,12.35
2023-07-19 09:30:00,12.47
2023-07-19 09:45:00,12.59
2023-07-19 10:00:00,12.73
2023-07-19 10:15:00,12.84
2023-07-19 10:30:00,12.95
2023-07-19 10:45:00,13.11
2023-07-19 11:00:00,13.24
2023-07-19 11:15:00,13.35
2023-07-19 11:30:00,13.45
2023-07-19 11:45:00,13.55
2023-07-19 12:00:00,13.68
2023-07-19 12:15:00,13.79
2023-07-19 12:30:00,13.95
2023-07-19 12:45:00,14.1
2023-07-19 13:00:00,14.12
2023-07-19 13:15:00,14.24
2023-07-19 13:30:00,14.34
2023-07-19 13:45:00,14.39
2023-07-19 14:00:00,14.56
2023-07-19 14:15:00,14.67
2023-07-19 14:30:00,14.7
2023-07-19 14:45:00,14.76
2023-07-19 15:00:00,14.81
2023-07-19 15:15:00,14.89
2023-07-19 15:30:00,14.87
2023-07-19 15:45:00,14.89
2023-07-19 16:00:00,14.93
2023-07-19 16:15:00,14.91
2023-07-19 16:30:00,14.91
2023-07-19 16:45:00,14.86
2023-07-19 17:00:00,14.87
2023-07-19 17:15:00,14.85
2023-07-19 17:30:00,14.85
2023-07-19 17:45:00,14.83
2023-07-19 18:00:00,14.83
2023-07-19 18:15:00,14.82
2023-07-19 18:30:00,14.81
2023-07-19 18:45:00,14.78
2023-07-19 19:00:00,14.73
2023-07-19 19:15:00,14.66
2023-07-19 19:30:00,14.57
2023-07-19 19:45:00,14.44
2023-07-19 20:00:00,14.15
2023-07-19 20:15:00,13.83
2023-07-19 20:30:00,13.48
2023-07-19 20:45:00,13.19
2023-07-19 21:00:00,12.93
2023-07-19 21:15:00,12.67
2023-07-19 21:30:00,12.48
2023-07-19 21:45:00,12.32
2023-07-19 22:00:00,12.14
2023-07-19 22:15:00,11.96
2023-07-19 22:30:00,11.82
2023-07-19 22:45:00,11.65
2023-07-19 23:00:00,11.5
2023-07-19 23:15:00,11.38
2023-07-19 23:30:00,11.24
2023-07-19 23:45:00,11.14
2023-07-20 00:00:00,11.02
2023-07-20 00:15:00,10.93
2023-07-20 00:30:00,10.79
2023-07-20 00:45:00,10.7
2023-07-20 01:00:00,10.61
2023-07-20 01:15:00,10.51
2023-07-20 01:30:00,10.39
2023-07-20 01:45:00,10.32
2023-07-20 02:00:00,10.24
2023-07-20 02:15:00,10.17
2023-07-20 02:30:00,10.09
2023-07-20 02:45:00,10.03
2023-07-20 03:00:00,9.96
2023-07-20 03:15:00,9.9
2023-07-20 03:30:00,9.89
2023-07-20 03:45:00,9.88
2023-07-20 04:00:00,9.84
2023-07-20 04:15:00,9.79
2023-07-20 04:30:00,9.8
2023-07-20 04:45:00,9.84
2023-07-20 05:00:00,9.94
2023-07-20 05:15:00,10.12
2023-07-20 05:30:00,10.43
2023-07-20 05:45:00,10.72
2023-07-20 06:00:00,11.02
2023-07-20 06:15:00,11.28
2023-07-20 06:30:00,11.52
2023-07-20 06:45:00,11.75
2023-07-20 07:00:00,11.97
2023-07-20 07:15:00,12.16
2023-07-20 07:30:00,12.3
2023-07-20 07:45:00,12.43
2023-07-20 08:00:00,12.52
2023-07-20 08:15:00,12.66
2023-07-20 08:30:00,12.74
2023-07-20 08:45:00,12.84
2023-07-20 09:00:00,12.91
2023-07-20 09:15:00,13.01
2023-07-20 09:30:00,13.13
2023-07-20 09:45:00,13.24
2023-07-20 10:00:00,13.34
2023-07-20 10:15:00,13.44
2023-07-20 10:30:00,13.53
2023-07-20 10:45:00,13.65
2023-07-20 11:00:00,13.78
2023-07-20 11:15:00,13.89
2023-07-20 11:30:00,14.03
2023-07-20 11:45:00,14.17
2023-07-20 12:00:00,14.26
2023-07-20 12:15:00,14.38
2023-07-20 12:30:00,14.49
2023-07-20 12:45:00,14.57
2023-07-20 13:00:00,14.65
2023-07-20 13:15:00,14.77
2023-07-20 13:30:00,14.87
2023-07-20 13:45:00,14.95
2023-07-20 14:00:00,15.06
2023-07-20 14:15:00,15.1
2023-07-20 14:30:00,15.24
2023-07-20 14:45:00,15.33
2023-07-20 15:00:00,15.39
2023-07-20 15:15:00,15.44
2023-07-20 15:30:00,15.52
2023-07-20 15:45:00,15.57
2023-07-20 16:00:00,15.64
2023-07-20 16:15:00,15.56
2023-07-20 16:30:00,15.64
2023-07-20 16:45:00,15.55
2023-07-20 17:00:00,15.52
2023-07-20 17:15:00,15.48
2023-07-20 17:30:00,15.5
2023-07-20 17:45:00,15.47
2023-07-20 18:00:00,15.42
2023-07-20 18:15:00,15.38
2023-07-20 18:30:00,15.34
2023-07-20 18:45:00,15.25
2023-07-20 19:00:00,15.19
2023-07-20 19:15:00,15.15
2023-07-20 19:30:00,15.1
2023-07-20 19:45:00,15.05
2023-07-20 20:00:00,14.95
2023-07-20 20:15:00,14.72
2023-07-20 20:30:00,14.42
2023-07-20 20:45:00,14.15
2023-07-20 21:00:00,13.97
2023-07-20 21:15:00,13.89
2023-07-20 21:30:00,13.73
2023-07-20 21:45:00,13.53
2023-07-20 22:00:00,13.33
2023-07-20 22:15:00,13.18
2023-07-20 22:30:00,13.09
2023-07-20 22:45:00,12.91
2023-07-20 23:00:00,12.74
2023-07-20 23:15:00,12.63
2023-07-20 23:30:00,12.49
2023-07-20 23:45:00,12.39
2023-07-21 00:00:00,12.26
2023-07-21 00:15:00,12.18
2023-07-21 00:30:00,12.09
2023-07-21 00:45:00,11.98
2023-07-21 01:00:00,11.88
2023-07-21 01:15:00,11.82
2023-07-21 01:30:00,11.73
2023-07-21 01:45:00,11.67
2023-07-21 02:00:00,11.61
2023-07-21 02:15:00,11.52
2023-07-21 02:30:00,11.44
2023-07-21 02:45:00,11.36
2023-07-21 03:00:00,11.31
2023-07-21 03:15:00,11.31
2023-07-21 03:30:00,11.44
2023-07-21 03:45:00,11.42
2023-07-21 04:00:00,11.33
2023-07-21 04:15:00,11.25
2023-07-21 04:30:00,11.23
2023-07-21 04:45:00,11.2
2023-07-21 05:00:00,11.21
2023-07-21 05:15:00,11.35
2023-07-21 05:30:00,11.57
2023-07-21 05:45:00,11.82
2023-07-21 06:00:00,12.02
2023-07-21 06:15:00,12.21
2023-07-21 06:30:00,12.39
2023-07-21 06:45:00,12.58
2023-07-21 07:00:00,12.74
2023-07-21 07:15:00,12.89
2023-07-21 07:30:00,13.02
2023-07-21 07:45:00,13.12
2023-07-21 08:00:00,13.24
2023-07-21 08:15:00,13.34
2023-07-21 08:30:00,13.43
2023-07-21 08:45:00,13.51
2023-07-21 09:00:00,13.61
2023-07-21 09:15:00,13.75
2023-07-21 09:30:00,13.87
2023-07-21 09:45:00,13.95
2023-07-21 10:00:00,14.13
2023-07-21 10:15:00,14.21
2023-07-21 10:30:00,14.31
2023-07-21 10:45:00,14.41
2023-07-21 11:00:00,14.54
2023-07-21 11:15:00,14.63
2023-07-21 11:30:00,14.72
2023-07-21 11:45:00,14.81
2023-07-21 12:00:00,14.94
2023-07-21 12:15:00,15.02
2023-07-21 12:30:00,15.12
2023-07-21 12:45:00,15.2
2023-07-21 13:00:00,15.34
2023-07-21 13:15:00,15.47
2023-07-21 13:30:00,15.5
2023-07-21 13:45:00,15.61
2023-07-21 14:00:00,15.61
2023-07-21 14:15:00,15.69
2023-07-21 14:30:00,15.79
2023-07-21 14:45:00,15.86
2023-07-21 15:00:00,15.98
2023-07-21 15:15:00,15.94
2023-07-21 15:30:00,16
2023-07-21 15:45:00,16.09
2023-07-21 16:00:00,16.15
2023-07-21 16:15:00,16.21
2023-07-21 16:30:00,16.24
2023-07-21 16:45:00,16.31
2023-07-21 17:00:00,16.31
2023-07-21 17:15:00,16.33
2023-07-21 17:30:00,16.29
2023-07-21 17:45:00,16.22
2023-07-21 18:00:00,16.16
2023-07-21 18:15:00,16.07
2023-07-21 18:30:00,15.94
2023-07-21 18:45:00,15.87
2023-07-21 19:00:00,15.81
2023-07-21 19:15:00,15.76
2023-07-21 19:30:00,15.66
2023-07-21 19:45:00,15.55
2023-07-21 20:00:00,15.3
2023-07-21 20:15:00,15
2023-07-21 20:30:00,14.62
2023-07-21 20:45:00,14.23
2023-07-21 21:00:00,13.89
2023-07-21 21:15:00,13.63
2023-07-21 21:30:00,13.33
2023-07-21 21:45:00,13.08
2023-07-21 22:00:00,12.85
2023-07-21 22:15:00,12.7
2023-07-21 22:30:00,12.53
2023-07-21 22:45:00,12.39
2023-07-21 23:00:00,12.42
2023-07-21 23:15:00,12.26
2023-07-21 23:30:00,12.06
2023-07-21 23:45:00,11.95
2023-07-22 00:00:00,11.9
2023-07-22 00:15:00,11.94
2023-07-22 00:30:00,12.03
2023-07-22 00:45:00,11.93
2023-07-22 01:00:00,11.77
2023-07-22 01:15:00,11.72
2023-07-22 01:30:00,11.71
2023-07-22 01:45:00,11.68
2023-07-22 02:00:00,11.65
2023-07-22 02:15:00,11.63
2023-07-22 02:30:00,11.66
2023-07-22 02:45:00,11.59
2023-07-22 03:00:00,11.44
2023-07-22 03:15:00,11.27
2023-07-22 03:30:00,11.1
2023-07-22 03:45:00,10.96
2023-07-22 04:00:00,10.84
2023-07-22 04:15:00,10.73
2023-07-22 04:30:00,10.73
2023-07-22 04:45:00,10.8
2023-07-22 05:00:00,11.02
2023-07-22 05:15:00,11.09
2023-07-22 05:30:00,11.39
2023-07-22 05:45:00,11.65
2023-07-22 06:00:00,11.9
2023-07-22 06:15:00,12.09
2023-07-22 06:30:00,12.3
2023-07-22 06:45:00,12.51
2023-07-22 07:00:00,12.66
2023-07-22 07:15:00,12.82
2023-07-22 07:30:00,12.94
2023-07-22 07:45:00,13.1
2023-07-22 08:00:00,13.32
2023-07-22 08:15:00,13.52
2023-07-22 08:30:00,13.62
2023-07-22 08:45:00,13.71
2023-07-22 09:00:00,13.85
2023-07-22 09:15:00,13.89
2023-07-22 09:30:00,13.93
2023-07-22 09:45:00,14.07
2023-07-22 10:00:00,14.16
2023-07-22 10:15:00,14.28
2023-07-22 10:30:00,14.43
2023-07-22 10:45:00,14.54
2023-07-22 11:00:00,14.68
2023-07-22 11:15:00,14.76
2023-07-22 11:30:00,14.94
2023-07-22 11:45:00,15.06
2023-07-22 12:00:00,15.15
2023-07-22 12:15:00,15.25
2023-07-22 12:30:00,15.37
2023-07-22 12:45:00,15.54
2023-07-22 13:00:00,15.48
2023-07-22 13:15:00,15.56
2023-07-22 13:30:00,15.69
2023-07-22 13:45:00,15.74
2023-07-22 14:00:00,15.89
2023-07-22 14:15:00,15.9
2023-07-22 14:30:00,15.9
2023-07-22 14:45:00,16
2023-07-22 15:00:00,16.04
2023-07-22 15:15:00,16.09
2023-07-22 15:30:00,16.11
2023-07-22 15:45:00,16.12
2023-07-22 16:00:00,16.13
2023-07-22 16:15:00,16.09
2023-07-22 16:30:00,16.1
2023-07-22 16:45:00,16.09
2023-07-22 17:00:00,16.06
2023-07-22 17:15:00,16.02
2023-07-22 17:30:00,16.06
2023-07-22 17:45:00,16.01
2023-07-22 18:00:00,15.96
2023-07-22 18:15:00,15.87
2023-07-22 18:30:00,15.78
2023-07-22 18:45:00,15.72
2023-07-22 19:00:00,15.64
2023-07-22 19:15:00,15.56
2023-07-22 19:30:00,15.41
2023-07-22 19:45:00,15.06
2023-07-22 20:00:00,14.59
2023-07-22 20:15:00,14.12
2023-07-22 20:30:00,13.66
2023-07-22 20:45:00,13.22
2023-07-22 21:00:00,12.9
2023-07-22 21:15:00,12.65
2023-07-22 21:30:00,12.43
2023-07-22 21:45:00,12.33
2023-07-22 22:00:00,12.2
2023-07-22 22:15:00,12.08
2023-07-22 22:30:00,11.9
2023-07-22 22:45:00,11.77
2023-07-22 23:00:00,11.65
2023-07-22 23:15:00,11.52
2023-07-22 23:30:00,11.36
2023-07-22 23:45:00,11.31
2023-07-23 00:00:00,11.21
2023-07-23 00:15:00,11.19
2023-07-23 00:30:00,11.09
2023-07-23 00:45:00,10.99
2023-07-23 01:00:00,10.95
2023-07-23 01:15:00,10.85
2023-07-23 01:30:00,10.77
2023-07-23 01:45:00,10.65
2023-07-23 02:00:00,10.57
2023-07-23 02:15:00,10.51
2023-07-23 02:30:00,10.48
2023-07-23 02:45:00,10.43
2023-07-23 03:00:00,10.33
2023-07-23 03:15:00,10.29
2023-07-23 03:30:00,10.3
2023-07-23 03:45:00,10.26
2023-07-23 04:00:00,10.2
2023-07-23 04:15:00,10.14
2023-07-23 04:30:00,10.09
2023-07-23 04:45:00,10.14
2023-07-23 05:00:00,10.29
2023-07-23 05:15:00,10.51
2023-07-23 05:30:00,10.72
2023-07-23 05:45:00,11.04
2023-07-23 06:00:00,11.35
2023-07-23 06:15:00,11.56
2023-07-23 06:30:00,11.79
2023-07-23 06:45:00,12.01
2023-07-23 07:00:00,12.23
2023-07-23 07:15:00,12.44
2023-07-23 07:30:00,12.59
2023-07-23 07:45:00,12.74
2023-07-23 08:00:00,12.86
2023-07-23 08:15:00,12.96
2023-07-23 08:30:00,13.05
2023-07-23 08:45:00,13.14
2023-07-23 09:00:00,13.26
2023-07-23 09:15:00,13.34
2023-07-23 09:30:00,13.48
2023-07-23 09:45:00,13.59
2023-07-23 10:00:00,13.72
2023-07-23 10:15:00,13.86
2023-07-23 10:30:00,13.95
2023-07-23 10:45:00,14.05
2023-07-23 11:00:00,14.14
2023-07-23 11:15:00,14.2
2023-07-23 11:30:00,14.39
2023-07-23 11:45:00,14.48
2023-07-23 12:00:00,14.58
2023-07-23 12:15:00,14.76
2023-07-23 12:30:00,14.88
2023-07-23 12:45:00,14.99
2023-07-23 13:00:00,15.17
2023-07-23 13:15:00,15.24
2023-07-23 13:30:00,15.26
2023-07-23 13:45:00,15.3
2023-07-23 14:00:00,15.37
2023-07-23 14:15:00,15.46
2023-07-23 14:30:00,15.56
2023-07-23 14:45:00,15.58
2023-07-23 15:00:00,15.62
2023-07-23 15:15:00,15.63
2023-07-23 15:30:00,15.64
2023-07-23 15:45:00,15.67
2023-07-23 16:00:00,15.69
2023-07-23 16:15:00,15.71
2023-07-23 16:30:00,15.76
2023-07-23 16:45:00,15.85
2023-07-23 17:00:00,15.97
2023-07-23 17:15:00,15.98
2023-07-23 17:30:00,16.09
2023-07-23 17:45:00,16.02
2023-07-23 18:00:00,16.02
2023-07-23 18:15:00,15.96
2023-07-23 18:30:00,15.79
2023-07-23 18:45:00,15.65
2023-07-23 19:00:00,15.61
2023-07-23 19:15:00,15.55
2023-07-23 19:30:00,15.5
2023-07-23 19:45:00,15.44
2023-07-23 20:00:00,15.36
2023-07-23 20:15:00,15.27
2023-07-23 20:30:00,15.19
2023-07-23 20:45:00,14.97
2023-07-23 21:00:00,14.63
2023-07-23 21:15:00,14.39
2023-07-23 21:30:00,14.14
2023-07-23 21:45:00,13.95
2023-07-23 22:00:00,13.86
2023-07-23 22:15:00,13.69
2023-07-23 22:30:00,13.57
2023-07-23 22:45:00,13.47
2023-07-23 23:00:00,13.43
2023-07-23 23:15:00,13.43
2023-07-23 23:30:00,13.43
2023-07-23 23:45:00,13.43
2023-07-24 00:00:00,13.37
2023-07-24 00:15:00,13.32
2023-07-24 00:30:00,13.29
2023-07-24 00:45:00,13.2
2023-07-24 01:00:00,13.06
2023-07-24 01:15:00,12.93
2023-07-24 01:30:00,12.78
2023-07-24 01:45:00,12.74
2023-07-24 02:00:00,12.75
2023-07-24 02:15:00,12.77
2023-07-24 02:30:00,12.85
2023-07-24 02:45:00,12.9
2023-07-24 03:00:00,12.92
2023-07-24 03:15:00,12.85
2023-07-24 03:30:00,12.67
2023-07-24 03:45:00,12.51
2023-07-24 04:00:00,12.39
2023-07-24 04:15:00,12.27
2023-07-24 04:30:00,12.2
2023-07-24 04:45:00,12.12
2023-07-24 05:00:00,12.15
2023-07-24 05:15:00,12.29
2023-07-24 05:30:00,12.48
2023-07-24 05:45:00,12.55
2023-07-24 06:00:00,12.75
2023-07-24 06:15:00,12.91
2023-07-24 06:30:00,13.05
2023-07-24 06:45:00,13.12
2023-07-24 07:00:00,13.24
2023-07-24 07:15:00,13.35
2023-07-24 07:30:00,13.46
2023-07-24 07:45:00,13.66
2023-07-24 08:00:00,13.69
2023-07-24 08:15:00,13.86
2023-07-24 08:30:00,13.94
2023-07-24 08:45:00,13.99
2023-07-24 09:00:00,14.12
2023-07-24 09:15:00,14.22
2023-07-24 09:30:00,14.32
2023-07-24 09:45:00,14.46
2023-07-24 10:00:00,14.61
2023-07-24 10:15:00,14.73
2023-07-24 10:30:00,14.84
2023-07-24 10:45:00,14.95
2023-07-24 11:00:00,15.13
2023-07-24 11:15:00,15.22
2023-07-24 11:30:00,15.31
2023-07-24 11:45:00,15.49
2023-07-24 12:00:00,15.65
2023-07-24 12:15:00,15.65
2023-07-24 12:30:00,15.74
2023-07-24 12:45:00,15.85
2023-07-24 13:00:00,16.06
2023-07-24 13:15:00,16.13
2023-07-24 13:30:00,16.2
2023-07-24 13:45:00,16.22
2023-07-24 14:00:00,16.4
2023-07-24 14:15:00,16.4
2023-07-24 14:30:00,16.38
2023-07-24 14:45:00,16.38
2023-07-24 15:00:00,16.64
2023-07-24 15:15:00,16.77
2023-07-24 15:30:00,16.93
2023-07-24 15:45:00,16.79
2023-07-24 16:00:00,16.79
2023-07-24 16:15:00,17.12
2023-07-24 16:30:00,17.21
2023-07-24 16:45:00,17.11
2023-07-24 17:00:00,17.06
2023-07-24 17:15:00,17.08
2023-07-24 17:30:00,17.44
2023-07-24 17:45:00,17.02
2023-07-24 18:00:00,16.85
2023-07-24 18:15:00,16.67
2023-07-24 18:30:00,16.44
2023-07-24 18:45:00,16.18
2023-07-24 19:00:00,16.1
2023-07-24 19:15:00,16.22
2023-07-24 19:30:00,16.38
2023-07-24 19:45:00,16.4
2023-07-24 20:00:00,16.31
2023-07-24 20:15:00,16
2023-07-24 20:30:00,15.81
2023-07-24 20:45:00,15.67
2023-07-24 21:00:00,15.57
2023-07-24 21:15:00,15.45
2023-07-24 21:30:00,15.25
2023-07-24 21:45:00,15.05
2023-07-24 22:00:00,14.83
2023-07-24 22:15:00,14.71
2023-07-24 22:30:00,14.61
2023-07-24 22:45:00,14.55
2023-07-24 23:00:00,14.6
2023-07-24 23:15:00,14.71
2023-07-24 23:30:00,14.7
2023-07-24 23:45:00,14.64
2023-07-25 00:00:00,14.62
2023-07-25 00:15:00,14.52
2023-07-25 00:30:00,14.38
2023-07-25 00:45:00,14.33
2023-07-25 01:00:00,14.33
2023-07-25 01:15:00,14.33
2023-07-25 01:30:00,14.31
2023-07-25 01:45:00,14.28
2023-07-25 02:00:00,14.27
2023-07-25 02:15:00,14.24
2023-07-25 02:30:00,14.15
2023-07-25 02:45:00,13.92
2023-07-25 03:00:00,13.63
2023-07-25 03:15:00,13.36
2023-07-25 03:30:00,13.31
2023-07-25 03:45:00,13.41
2023-07-25 04:00:00,13.32
2023-07-25 04:15:00,13.27
2023-07-25 04:30:00,13.16
2023-07-25 04:45:00,13.11
2023-07-25 05:00:00,13.22
2023-07-25 05:15:00,13.34
2023-07-25 05:30:00,13.44
2023-07-25 05:45:00,13.47
2023-07-25 06:00:00,13.52
2023-07-25 06:15:00,13.61
2023-07-25 06:30:00,13.69
2023-07-25 06:45:00,13.77
2023-07-25 07:00:00,13.85
2023-07-25 07:15:00,13.94
2023-07-25 07:30:00,14.02
2023-07-25 07:45:00,14.13
2023-07-25 08:00:00,14.23
2023-07-25 08:15:00,14.43
2023-07-25 08:30:00,14.57
2023-07-25 08:45:00,14.53
2023-07-25 09:00:00,14.64
2023-07-25 09:15:00,14.85
2023-07-25 09:30:00,15.07
2023-07-25 09:45:00,15.16
2023-07-25 10:00:00,15.28
2023-07-25 10:15:00,15.3
2023-07-25 10:30:00,15.44
2023-07-25 10:45:00,15.56
2023-07-25 11:00:00,15.7
2023-07-25 11:15:00,15.69
2023-07-25 11:30:00,15.81
2023-07-25 11:45:00,15.83
2023-07-25 12:00:00,15.74
2023-07-25 12:15:00,15.97
2023-07-25 12:30:00,15.95
2023-07-25 12:45:00,16.13
2023-07-25 13:00:00,16.15
2023-07-25 13:15:00,16.13
2023-07-25 13:30:00,16.29
2023-07-25 13:45:00,16.71
2023-07-25 14:00:00,16.69
2023-07-25 14:15:00,16.77
2023-07-25 14:30:00,17.11
2023-07-25 14:45:00,17.48
2023-07-25 15:00:00,17.52
2023-07-25 15:15:00,17.33
2023-07-25 15:30:00,17.34
2023-07-25 15:45:00,17.2
2023-07-25 16:00:00,17.3
2023-07-25 16:15:00,17.5
2023-07-25 16:30:00,17.41
2023-07-25 16:45:00,17.51
2023-07-25 17:00:00,17.36
2023-07-25 17:15:00,16.98
2023-07-25 17:30:00,16.83
2023-07-25 17:45:00,17.08
2023-07-25 18:00:00,16.85
2023-07-25 18:15:00,16.85
2023-07-25 18:30:00,16.7
2023-07-25 18:45:00,16.53
2023-07-25 19:00:00,16.3
2023-07-25 19:15:00,16.08
2023-07-25 19:30:00,15.85
2023-07-25 19:45:00,15.62
2023-07-25 20:00:00,15.26
2023-07-25 20:15:00,14.83
2023-07-25 20:30:00,14.49
2023-07-25 20:45:00,14.45
2023-07-25 21:00:00,14.31
2023-07-25 21:15:00,13.85
2023-07-25 21:30:00,13.35
2023-07-25 21:45:00,12.87
2023-07-25 22:00:00,12.42
2023-07-25 22:15:00,12.13
2023-07-25 22:30:00,11.93
2023-07-25 22:45:00,11.61
2023-07-25 23:00:00,11.34
2023-07-25 23:15:00,11.18
2023-07-25 23:30:00,10.96
2023-07-25 23:45:00,10.82
2023-07-26 00:00:00,10.57
2023-07-26 00:15:00,10.42
2023-07-26 00:30:00,10.21
2023-07-26 00:45:00,10.11
2023-07-26 01:00:00,10.01
2023-07-26 01:15:00,9.99
2023-07-26 01:30:00,9.86
2023-07-26 01:45:00,9.83
2023-07-26 02:00:00,9.6
2023-07-26 02:15:00,9.43
2023-07-26 02:30:00,9.33
2023-07-26 02:45:00,9.17
2023-07-26 03:00:00,9.04
2023-07-26 03:15:00,8.96
2023-07-26 03:30:00,8.91
2023-07-26 03:45:00,8.73
2023-07-26 04:00:00,8.67
2023-07-26 04:15:00,8.72
2023-07-26 04:30:00,8.7
2023-07-26 04:45:00,8.7
2023-07-26 05:00:00,8.72
2023-07-26 05:15:00,8.85
2023-07-26 05:30:00,9.1
2023-07-26 05:45:00,9.57
2023-07-26 06:00:00,10.05
2023-07-26 06:15:00,10.46
2023-07-26 06:30:00,10.72
2023-07-26 06:45:00,10.93
2023-07-26 07:00:00,11.1
2023-07-26 07:15:00,11.29
2023-07-26 07:30:00,11.51
2023-07-26 07:45:00,11.68
2023-07-26 08:00:00,11.87
2023-07-26 08:15:00,12.1
2023-07-26 08:30:00,12.24
2023-07-26 08:45:00,12.36
2023-07-26 09:00:00,12.49
2023-07-26 09:15:00,12.61
2023-07-26 09:30:00,12.77
2023-07-26 09:45:00,12.97
2023-07-26 10:00:00,13.11
2023-07-26 10:15:00,13.21
2023-07-26 10:30:00,13.33
2023-07-26 10:45:00,13.37
2023-07-26 11:00:00,13.49
2023-07-26 11:15:00,13.52
2023-07-26 11:30:00,13.7
2023-07-26 11:45:00,13.9
2023-07-26 12:00:00,13.89
2023-07-26 12:15:00,13.89
2023-07-26 12:30:00,13.94
2023-07-26 12:45:00,14.16
2023-07-26 13:00:00,14.23
2023-07-26 13:15:00,14.27
2023-07-26 13:30:00,14.41
2023-07-26 13:45:00,14.46
2023-07-26 14:00:00,14.57
2023-07-26 14:15:00,14.6
2023-07-26 14:30:00,14.85
2023-07-26 14:45:00,14.86
2023-07-26 15:00:00,14.84
2023-07-26 15:15:00,14.9
2023-07-26 15:30:00,14.87
2023-07-26 15:45:00,15.04
2023-07-26 16:00:00,15.07
2023-07-26 16:15:00,15.01
2023-07-26 16:30:00,15.06
2023-07-26 16:45:00,14.94
2023-07-26 17:00:00,14.95
2023-07-26 17:15:00,14.95
2023-07-26 17:30:00,14.87
2023-07-26 17:45:00,14.83
2023-07-26 18:00:00,14.83
2023-07-26 18:15:00,14.73
2023-07-26 18:30:00,14.67
2023-07-26 18:45:00,14.6
2023-07-26 19:00:00,14.46
2023-07-26 19:15:00,14.13
2023-07-26 19:30:00,13.73
2023-07-26 19:45:00,13.31
2023-07-26 20:00:00,12.85
2023-07-26 20:15:00,12.41
2023-07-26 20:30:00,11.97
2023-07-26 20:45:00,11.63
2023-07-26 21:00:00,11.39
2023-07-26 21:15:00,11.11
2023-07-26 21:30:00,10.83
2023-07-26 21:45:00,10.63
2023-07-26 22:00:00,10.53
2023-07-26 22:15:00,10.38
2023-07-26 22:30:00,10.27
2023-07-26 22:45:00,10.06
2023-07-26 23:00:00,9.92
2023-07-26 23:15:00,9.79
2023-07-26 23:30:00,9.66
2023-07-26 23:45:00,9.49
2023-07-27 00:00:00,9.31
2023-07-27 00:15:00,9.21
2023-07-27 00:30:00,9.12
2023-07-27 00:45:00,9.01
2023-07-27 01:00:00,8.9
2023-07-27 01:15:00,8.74
2023-07-27 01:30:00,8.7
2023-07-27 01:45:00,8.58
2023-07-27 02:00:00,8.47
2023-07-27 02:15:00,8.41
2023-07-27 02:30:00,8.27
2023-07-27 02:45:00,8.16
2023-07-27 03:00:00,8.13
2023-07-27 03:15:00,8.06
2023-07-27 03:30:00,8.06
2023-07-27 03:45:00,8.06
2023-07-27 04:00:00,8.16
2023-07-27 04:15:00,8.32
2023-07-27 04:30:00,8.5
2023-07-27 04:45:00,8.69
2023-07-27 05:00:00,8.89
2023-07-27 05:15:00,9.16
2023-07-27 05:30:00,9.35
2023-07-27 05:45:00,9.64
2023-07-27 06:00:00,10.04
2023-07-27 06:15:00,10.32
2023-07-27 06:30:00,10.53
2023-07-27 06:45:00,10.72
2023-07-27 07:00:00,10.91
2023-07-27 07:15:00,11.13
2023-07-27 07:30:00,11.25
2023-07-27 07:45:00,11.37
2023-07-27 08:00:00,11.52
2023-07-27 08:15:00,11.65
2023-07-27 08:30:00,11.81
2023-07-27 08:45:00,11.95
2023-07-27 09:00:00,12.09
2023-07-27 09:15:00,12.22
2023-07-27 09:30:00,12.34
2023-07-27 09:45:00,12.48
2023-07-27 10:00:00,12.65
2023-07-27 10:15:00,12.78
2023-07-27 10:30:00,12.92
2023-07-27 10:45:00,13.06
2023-07-27 11:00:00,13.14
2023-07-27 11:15:00,13.32
2023-07-27 11:30:00,13.36
2023-07-27 11:45:00,13.41
2023-07-27 12:00:00,13.52
2023-07-27 12:15:00,13.57
2023-07-27 12:30:00,13.72
2023-07-27 12:45:00,13.84
2023-07-27 13:00:00,13.92
2023-07-27 13:15:00,13.97
2023-07-27 13:30:00,14.08
2023-07-27 13:45:00,14.21
2023-07-27 14:00:00,14.28
2023-07-27 14:15:00,14.47
2023-07-27 14:30:00,14.56
2023-07-27 14:45:00,14.59
2023-07-27 15:00:00,14.61
2023-07-27 15:15:00,14.76
2023-07-27 15:30:00,14.7
2023-07-27 15:45:00,14.72
2023-07-27 16:00:00,14.84
2023-07-27 16:15:00,14.81
2023-07-27 16:30:00,14.84
2023-07-27 16:45:00,14.77
2023-07-27 17:00:00,14.84
2023-07-27 17:15:00,14.79
2023-07-27 17:30:00,14.7
2023-07-27 17:45:00,14.68
2023-07-27 18:00:00,14.67
2023-07-27 18:15:00,14.62
2023-07-27 18:30:00,14.54
2023-07-27 18:45:00,14.47
2023-07-27 19:00:00,14.4
2023-07-27 19:15:00,14.27
2023-07-27 19:30:00,13.94
2023-07-27 19:45:00,13.53
2023-07-27 20:00:00,13.08
2023-07-27 20:15:00,12.62
2023-07-27 20:30:00,12.23
2023-07-27 20:45:00,11.91
2023-07-27 21:00:00,11.66
2023-07-27 21:15:00,11.41
2023-07-27 21:30:00,11.18
2023-07-27 21:45:00,11.03
2023-07-27 22:00:00,10.9
2023-07-27 22:15:00,10.75
2023-07-27 22:30:00,10.58
2023-07-27 22:45:00,10.46
2023-07-27 23:00:00,10.3
2023-07-27 23:15:00,10.21
2023-07-27 23:30:00,10.09
2023-07-27 23:45:00,10.04
2023-07-28 00:00:00,10.01
2023-07-28 00:15:00,9.93
2023-07-28 00:30:00,9.81
2023-07-28 00:45:00,9.65
2023-07-28 01:00:00,9.64
2023-07-28 01:15:00,9.5
2023-07-28 01:30:00,9.38
2023-07-28 01:45:00,9.26
2023-07-28 02:00:00,9.16
2023-07-28 02:15:00,9.1
2023-07-28 02:30:00,9
2023-07-28 02:45:00,8.97
2023-07-28 03:00:00,8.96
2023-07-28 03:15:00,8.96
2023-07-28 03:30:00,8.89
2023-07-28 03:45:00,8.94
2023-07-28 04:00:00,8.95
2023-07-28 04:15:00,8.99
2023-07-28 04:30:00,9.03
2023-07-28 04:45:00,9.03
2023-07-28 05:00:00,9.01
2023-07-28 05:15:00,9.05
2023-07-28 05:30:00,9.24
2023-07-28 05:45:00,9.67
2023-07-28 06:00:00,10.05
2023-07-28 06:15:00,10.32
2023-07-28 06:30:00,10.51
2023-07-28 06:45:00,10.73
2023-07-28 07:00:00,10.9
2023-07-28 07:15:00,11.11
2023-07-28 07:30:00,11.32
2023-07-28 07:45:00,11.49
2023-07-28 08:00:00,11.67
2023-07-28 08:15:00,11.81
2023-07-28 08:30:00,11.94
2023-07-28 08:45:00,12.06
2023-07-28 09:00:00,12.21
2023-07-28 09:15:00,12.32
2023-07-28 09:30:00,12.48
2023-07-28 09:45:00,12.65
2023-07-28 10:00:00,12.73
2023-07-28 10:15:00,12.78
2023-07-28 10:30:00,12.94
2023-07-28 10:45:00,13.04
2023-07-28 11:00:00,13.15
2023-07-28 11:15:00,13.27
2023-07-28 11:30:00,13.35
2023-07-28 11:45:00,13.44
2023-07-28 12:00:00,13.51
2023-07-28 12:15:00,13.55
2023-07-28 12:30:00,13.7
2023-07-28 12:45:00,13.81
2023-07-28 13:00:00,13.91
2023-07-28 13:15:00,14.02
2023-07-28 13:30:00,14.11
2023-07-28 13:45:00,14.15
2023-07-28 14:00:00,14.29
2023-07-28 14:15:00,14.37
2023-07-28 14:30:00,14.42
2023-07-28 14:45:00,14.46
2023-07-28 15:00:00,14.56
2023-07-28 15:15:00,14.53
2023-07-28 15:30:00,14.66
2023-07-28 15:45:00,14.7
2023-07-28 16:00:00,14.73
2023-07-28 16:15:00,14.83
2023-07-28 16:30:00,14.84
2023-07-28 16:45:00,14.8
2023-07-28 17:00:00,14.8
2023-07-28 17:15:00,14.87
2023-07-28 17:30:00,14.79
2023-07-28 17:45:00,14.79
2023-07-28 18:00:00,14.75
2023-07-28 18:15:00,14.64
2023-07-28 18:30:00,14.58
2023-07-28 18:45:00,14.51
2023-07-28 19:00:00,14.49
2023-07-28 19:15:00,14.32
2023-07-28 19:30:00,14.29
2023-07-28 19:45:00,13.92
2023-07-28 20:00:00,13.59
2023-07-28 20:15:00,13.25
2023-07-28 20:30:00,12.93
2023-07-28 20:45:00,12.76
2023-07-28 21:00:00,12.59
2023-07-28 21:15:00,12.55
2023-07-28 21:30:00,12.54
2023-07-28 21:45:00,12.55
2023-07-28 22:00:00,12.59
2023-07-28 22:15:00,12.6
2023-07-28 22:30:00,12.59
2023-07-28 22:45:00,12.49
2023-07-28 23:00:00,12.37
2023-07-28 23:15:00,12.18
2023-07-28 23:30:00,11.98
2023-07-28 23:45:00,11.76
2023-07-29 00:00:00,11.57
2023-07-29 00:15:00,11.38
2023-07-29 00:30:00,11.24
2023-07-29 00:45:00,11.13
2023-07-29 01:00:00,10.95
2023-07-29 01:15:00,10.81
2023-07-29 01:30:00,10.67
2023-07-29 01:45:00,10.54
2023-07-29 02:00:00,10.44
2023-07-29 02:15:00,10.42
2023-07-29 02:30:00,10.32
2023-07-29 02:45:00,10.18
2023-07-29 03:00:00,10.14
2023-07-29 03:15:00,10.07
2023-07-29 03:30:00,10.06
2023-07-29 03:45:00,9.96
2023-07-29 04:00:00,9.89
2023-07-29 04:15:00,9.81
2023-07-29 04:30:00,9.72
2023-07-29 04:45:00,9.71
2023-07-29 05:00:00,9.75
2023-07-29 05:15:00,9.87
2023-07-29 05:30:00,10.06
2023-07-29 05:45:00,10.43
2023-07-29 06:00:00,10.82
2023-07-29 06:15:00,11.1
2023-07-29 06:30:00,11.35
2023-07-29 06:45:00,11.52
2023-07-29 07:00:00,11.68
2023-07-29 07:15:00,11.82
2023-07-29 07:30:00,12.11
2023-07-29 07:45:00,12.28
2023-07-29 08:00:00,12.46
2023-07-29 08:15:00,12.66
2023-07-29 08:30:00,12.88
2023-07-29 08:45:00,13
2023-07-29 09:00:00,13.06
2023-07-29 09:15:00,13.14
2023-07-29 09:30:00,13.25
2023-07-29 09:45:00,13.51
2023-07-29 10:00:00,13.58
2023-07-29 10:15:00,13.64
2023-07-29 10:30:00,13.67
2023-07-29 10:45:00,13.74
2023-07-29 11:00:00,13.78
2023-07-29 11:15:00,13.83
2023-07-29 11:30:00,13.96
2023-07-29 11:45:00,14.02
2023-07-29 12:00:00,14.11
2023-07-29 12:15:00,14.21
2023-07-29 12:30:00,14.35
2023-07-29 12:45:00,14.39
2023-07-29 13:00:00,14.54
2023-07-29 13:15:00,14.56
2023-07-29 13:30:00,14.7
2023-07-29 13:45:00,14.75
2023-07-29 14:00:00,14.78
2023-07-29 14:15:00,14.88
2023-07-29 14:30:00,14.92
2023-07-29 14:45:00,15
2023-07-29 15:00:00,15.07
2023-07-29 15:15:00,15.09
2023-07-29 15:30:00,15.18
2023-07-29 15:45:00,15.19
2023-07-29 16:00:00,15.32
2023-07-29 16:15:00,15.35
2023-07-29 16:30:00,15.41
2023-07-29 16:45:00,15.43
2023-07-29 17:00:00,15.44
2023-07-29 17:15:00,15.37
2023-07-29 17:30:00,15.32
2023-07-29 17:45:00,15.25
2023-07-29 18:00:00,15.31
2023-07-29 18:15:00,15.24
2023-07-29 18:30:00,15.16
2023-07-29 18:45:00,15.08
2023-07-29 19:00:00,15.09
2023-07-29 19:15:00,14.97
2023-07-29 19:30:00,14.91
2023-07-29 19:45:00,14.86
2023-07-29 20:00:00,14.89
2023-07-29 20:15:00,14.85
2023-07-29 20:30:00,14.78
2023-07-29 20:45:00,14.7
2023-07-29 21:00:00,14.59
2023-07-29 21:15:00,14.47
2023-07-29 21:30:00,14.31
2023-07-29 21:45:00,14.22
2023-07-29 22:00:00,14.2
2023-07-29 22:15:00,14.13
2023-07-29 22:30:00,14.13
2023-07-29 22:45:00,14.17
2023-07-29 23:00:00,14.22
2023-07-29 23:15:00,14.22
2023-07-29 23:30:00,14.14
2023-07-29 23:45:00,13.92
2023-07-30 00:00:00,13.67
2023-07-30 00:15:00,13.44
2023-07-30 00:30:00,13.19
2023-07-30 00:45:00,13.04
2023-07-30 01:00:00,12.87
2023-07-30 01:15:00,12.69
2023-07-30 01:30:00,12.59
2023-07-30 01:45:00,12.57
2023-07-30 02:00:00,12.51
2023-07-30 02:15:00,12.37
2023-07-30 02:30:00,12.23
2023-07-30 02:45:00,12.08
2023-07-30 03:00:00,11.96
2023-07-30 03:15:00,11.78
2023-07-30 03:30:00,11.72
2023-07-30 03:45:00,11.58
2023-07-30 04:00:00,11.36
2023-07-30 04:15:00,11.21
2023-07-30 04:30:00,11.03
2023-07-30 04:45:00,10.96
2023-07-30 05:00:00,10.97
2023-07-30 05:15:00,11.19
2023-07-30 05:30:00,11.43
2023-07-30 05:45:00,11.66
2023-07-30 06:00:00,11.9
2023-07-30 06:15:00,12.08
2023-07-30 06:30:00,12.24
2023-07-30 06:45:00,12.37
2023-07-30 07:00:00,12.49
2023-07-30 07:15:00,12.58
2023-07-30 07:30:00,12.68
2023-07-30 07:45:00,12.8
2023-07-30 08:00:00,12.89
2023-07-30 08:15:00,13
2023-07-30 08:30:00,13.09
2023-07-30 08:45:00,13.18
2023-07-30 09:00:00,13.27
2023-07-30 09:15:00,13.4
2023-07-30 09:30:00,13.47
2023-07-30 09:45:00,13.62
2023-07-30 10:00:00,13.77
2023-07-30 10:15:00,13.92
2023-07-30 10:30:00,13.97
2023-07-30 10:45:00,13.98
2023-07-30 11:00:00,14
2023-07-30 11:15:00,14.1
2023-07-30 11:30:00,14.13
2023-07-30 11:45:00,14.2
2023-07-30 12:00:00,14.21
2023-07-30 12:15:00,14.31
2023-07-30 12:30:00,14.43
2023-07-30 12:45:00,14.68
2023-07-30 13:00:00,14.92
2023-07-30 13:15:00,14.95
2023-07-30 13:30:00,14.89
2023-07-30 13:45:00,14.86
2023-07-30 14:00:00,14.89
2023-07-30 14:15:00,15.07
2023-07-30 14:30:00,15.09
2023-07-30 14:45:00,15.16
2023-07-30 15:00:00,15.29
2023-07-30 15:15:00,15.4
2023-07-30 15:30:00,15.46
2023-07-30 15:45:00,15.59
2023-07-30 16:00:00,15.65
2023-07-30 16:15:00,15.68
2023-07-30 16:30:00,15.63
2023-07-30 16:45:00,15.58
2023-07-30 17:00:00,15.64
2023-07-30 17:15:00,15.56
2023-07-30 17:30:00,15.52
2023-07-30 17:45:00,15.54
2023-07-30 18:00:00,15.42
2023-07-30 18:15:00,15.3
2023-07-30 18:30:00,15.16
2023-07-30 18:45:00,15.03
2023-07-30 19:00:00,14.91
2023-07-30 19:15:00,14.83
2023-07-30 19:30:00,14.63
2023-07-30 19:45:00,14.25
2023-07-30 20:00:00,13.93
2023-07-30 20:15:00,13.53
2023-07-30 20:30:00,13.21
2023-07-30 20:45:00,12.93
2023-07-30 21:00:00,12.69
2023-07-30 21:15:00,12.54
2023-07-30 21:30:00,12.31
2023-07-30 21:45:00,12.1
2023-07-30 22:00:00,11.92
2023-07-30 22:15:00,11.79
2023-07-30 22:30:00,11.63
2023-07-30 22:45:00,11.59
2023-07-30 23:00:00,11.58
2023-07-30 23:15:00,11.5
2023-07-30 23:30:00,11.38
2023-07-30 23:45:00,11.26
2023-07-31 00:00:00,11.1
2023-07-31 00:15:00,10.93
2023-07-31 00:30:00,10.8
2023-07-31 00:45:00,10.67
2023-07-31 01:00:00,10.52
2023-07-31 01:15:00,10.41
2023-07-31 01:30:00,10.3
2023-07-31 01:45:00,10.19
2023-07-31 02:00:00,10.02
2023-07-31 02:15:00,9.88
2023-07-31 02:30:00,9.79
2023-07-31 02:45:00,9.79
2023-07-31 03:00:00,9.76
2023-07-31 03:15:00,9.78
2023-07-31 03:30:00,9.67
2023-07-31 03:45:00,9.64
2023-07-31 04:00:00,9.65
2023-07-31 04:15:00,9.6
2023-07-31 04:30:00,9.56
2023-07-31 04:45:00,9.58
2023-07-31 05:00:00,9.69
2023-07-31 05:15:00,9.91
2023-07-31 05:30:00,10.12
2023-07-31 05:45:00,10.32
2023-07-31 06:00:00,10.61
2023-07-31 06:15:00,10.89
2023-07-31 06:30:00,11.09
2023-07-31 06:45:00,11.28
2023-07-31 07:00:00,11.45
2023-07-31 07:15:00,11.6
2023-07-31 07:30:00,11.76
2023-07-31 07:45:00,11.94
2023-07-31 08:00:00,12.1
2023-07-31 08:15:00,12.25
2023-07-31 08:30:00,12.39
2023-07-31 08:45:00,12.48
2023-07-31 09:00:00,12.6
2023-07-31 09:15:00,12.71
2023-07-31 09:30:00,12.79
2023-07-31 09:45:00,12.95
2023-07-31 10:00:00,13.06
2023-07-31 10:15:00,13.18
2023-07-31 10:30:00,13.31
2023-07-31 10:45:00,13.4
2023-07-31 11:00:00,13.49
2023-07-31 11:15:00,13.55
2023-07-31 11:30:00,13.82
2023-07-31 11:45:00,14.01
2023-07-31 12:00:00,14.08
2023-07-31 12:15:00,14.16
2023-07-31 12:30:00,14.31
2023-07-31 12:45:00,14.31
2023-07-31 13:00:00,14.41
2023-07-31 13:15:00,14.47
2023-07-31 13:30:00,14.56
2023-07-31 13:45:00,14.71
2023-07-31 14:00:00,14.65
2023-07-31 14:15:00,14.7
2023-07-31 14:30:00,14.66
2023-07-31 14:45:00,14.79
2023-07-31 15:00:00,14.86
2023-07-31 15:15:00,15.01
2023-07-31 15:30:00,15
2023-07-31 15:45:00,14.96
2023-07-31 16:00:00,15.05
2023-07-31 16:15:00,15.07
2023-07-31 16:30:00,15.1
2023-07-31 16:45:00,15.07
2023-07-31 17:00:00,15.11
2023-07-31 17:15:00,15.06
2023-07-31 17:30:00,15.02
2023-07-31 17:45:00,14.97
2023-07-31 18:00:00,14.96
2023-07-31 18:15:00,14.9
2023-07-31 18:30:00,14.81
2023-07-31 18:45:00,14.72
2023-07-31 19:00:00,14.63
2023-07-31 19:15:00,14.52
2023-07-31 19:30:00,14.23
2023-07-31 19:45:00,13.77
2023-07-31 20:00:00,13.28
2023-07-31 20:15:00,12.83
2023-07-31 20:30:00,12.48
2023-07-31 20:45:00,12.2
2023-07-31 21:00:00,11.89
2023-07-31 21:15:00,11.68
2023-07-31 21:30:00,11.47
2023-07-31 21:45:00,11.29
2023-07-31 22:00:00,11.07
2023-07-31 22:15:00,10.92
2023-07-31 22:30:00,10.73
2023-07-31 22:45:00,10.64
2023-07-31 23:00:00,10.59
2023-07-31 23:15:00,10.55
2023-07-31 23:30:00,10.5
2023-07-31 23:45:00,10.33
2023-08-01 00:00:00,10.16
2023-08-01 00:15:00,10.04
2023-08-01 00:30:00,9.95
2023-08-01 00:45:00,9.84
2023-08-01 01:00:00,9.7
2023-08-01 01:15:00,9.57
2023-08-01 01:30:00,9.6
2023-08-01 01:45:00,9.48
2023-08-01 02:00:00,9.31
2023-08-01 02:15:00,9.21
2023-08-01 02:30:00,9.12
2023-08-01 02:45:00,9.06
2023-08-01 03:00:00,8.96
2023-08-01 03:15:00,8.86
2023-08-01 03:30:00,8.77
2023-08-01 03:45:00,8.69
2023-08-01 04:00:00,8.59
2023-08-01 04:15:00,8.54
2023-08-01 04:30:00,8.52
2023-08-01 04:45:00,8.61
2023-08-01 05:00:00,8.69
2023-08-01 05:15:00,8.79
2023-08-01 05:30:00,9.07
2023-08-01 05:45:00,9.45
2023-08-01 06:00:00,9.87
2023-08-01 06:15:00,10.16
2023-08-01 06:30:00,10.38
2023-08-01 06:45:00,10.56
2023-08-01 07:00:00,10.82
2023-08-01 07:15:00,11.05
2023-08-01 07:30:00,11.23
2023-08-01 07:45:00,11.41
2023-08-01 08:00:00,11.57
2023-08-01 08:15:00,11.72
2023-08-01 08:30:00,11.86
2023-08-01 08:45:00,12.02
2023-08-01 09:00:00,12.14
2023-08-01 09:15:00,12.33
2023-08-01 09:30:00,12.37
2023-08-01 09:45:00,12.52
2023-08-01 10:00:00,12.67
2023-08-01 10:15:00,12.74
2023-08-01 10:30:00,12.82
2023-08-01 10:45:00,12.99
2023-08-01 11:00:00,13.13
2023-08-01 11:15:00,13.25
2023-08-01 11:30:00,13.41
2023-08-01 11:45:00,13.54
2023-08-01 12:00:00,13.69
2023-08-01 12:15:00,13.82
2023-08-01 12:30:00,13.87
2023-08-01 12:45:00,14.02
2023-08-01 13:00:00,14.09
2023-08-01 13:15:00,14.14
2023-08-01 13:30:00,14.21
2023-08-01 13:45:00,14.29
2023-08-01 14:00:00,14.35
2023-08-01 14:15:00,14.54
2023-08-01 14:30:00,14.6
2023-08-01 14:45:00,14.66
2023-08-01 15:00:00,14.8
2023-08-01 15:15:00,14.82
2023-08-01 15:30:00,14.81
2023-08-01 15:45:00,14.86
2023-08-01 16:00:00,14.86
2023-08-01 16:15:00,14.95
2023-08-01 16:30:00,14.93
2023-08-01 16:45:00,14.89
2023-08-01 17:00:00,14.94
2023-08-01 17:15:00,14.88
2023-08-01 17:30:00,14.89
2023-08-01 17:45:00,14.88
2023-08-01 18:00:00,14.84
2023-08-01 18:15:00,14.78
2023-08-01 18:30:00,14.72
2023-08-01 18:45:00,14.65
2023-08-01 19:00:00,14.57
2023-08-01 19:15:00,14.49
2023-08-01 19:30:00,14.46
2023-08-01 19:45:00,14.2
2023-08-01 20:00:00,13.96
2023-08-01 20:15:00,13.55
2023-08-01 20:30:00,13.23
2023-08-01 20:45:00,13.05
2023-08-01 21:00:00,12.87
2023-08-01 21:15:00,12.78
2023-08-01 21:30:00,12.76
2023-08-01 21:45:00,12.73
2023-08-01 22:00:00,12.64
2023-08-01 22:15:00,12.48
2023-08-01 22:30:00,12.3
2023-08-01 22:45:00,12.17
2023-08-01 23:00:00,12.01
2023-08-01 23:15:00,11.83
2023-08-01 23:30:00,11.72
2023-08-01 23:45:00,11.58
2023-08-02 00:00:00,11.41
2023-08-02 00:15:00,11.23
2023-08-02 00:30:00,11.04
2023-08-02 00:45:00,10.91
2023-08-02 01:00:00,10.78
2023-08-02 01:15:00,10.71
2023-08-02 01:30:00,10.62
2023-08-02 01:45:00,10.41
2023-08-02 02:00:00,10.27
2023-08-02 02:15:00,10.19
2023-08-02 02:30:00,10.06
2023-08-02 02:45:00,9.95
2023-08-02 03:00:00,9.85
2023-08-02 03:15:00,9.72
2023-08-02 03:30:00,9.64
2023-08-02 03:45:00,9.39
2023-08-02 04:00:00,9.24
2023-08-02 04:15:00,9.17
2023-08-02 04:30:00,9
2023-08-02 04:45:00,8.93
2023-08-02 05:00:00,8.88
2023-08-02 05:15:00,8.93
2023-08-02 05:30:00,9.15
2023-08-02 05:45:00,9.53
2023-08-02 06:00:00,9.91
2023-08-02 06:15:00,10.32
2023-08-02 06:30:00,10.65
2023-08-02 06:45:00,11.02
2023-08-02 07:00:00,11.26
2023-08-02 07:15:00,11.44
2023-08-02 07:30:00,11.53
2023-08-02 07:45:00,11.74
2023-08-02 08:00:00,11.94
2023-08-02 08:15:00,12.14
2023-08-02 08:30:00,12.29
2023-08-02 08:45:00,12.39
2023-08-02 09:00:00,12.52
2023-08-02 09:15:00,12.71
2023-08-02 09:30:00,12.8
2023-08-02 09:45:00,12.95
2023-08-02 10:00:00,13.05
2023-08-02 10:15:00,13.22
2023-08-02 10:30:00,13.37
2023-08-02 10:45:00,13.44
2023-08-02 11:00:00,13.5
2023-08-02 11:15:00,13.65
2023-08-02 11:30:00,13.79
2023-08-02 11:45:00,13.89
2023-08-02 12:00:00,14
2023-08-02 12:15:00,14.1
2023-08-02 12:30:00,14.2
2023-08-02 12:45:00,14.29
2023-08-02 13:00:00,14.47
2023-08-02 13:15:00,14.52
2023-08-02 13:30:00,14.61
2023-08-02 13:45:00,14.76
2023-08-02 14:00:00,14.83
2023-08-02 14:15:00,14.92
2023-08-02 14:30:00,14.98
2023-08-02 14:45:00,15.06
2023-08-02 15:00:00,15.06
2023-08-02 15:15:00,15.19
2023-08-02 15:30:00,15.22
2023-08-02 15:45:00,15.28
2023-08-02 16:00:00,15.33
2023-08-02 16:15:00,15.36
2023-08-02 16:30:00,15.34
2023-08-02 16:45:00,15.36
2023-08-02 17:00:00,15.38
2023-08-02 17:15:00,15.26
2023-08-02 17:30:00,15.29
2023-08-02 17:45:00,15.23
2023-08-02 18:00:00,15.18
2023-08-02 18:15:00,15.16
2023-08-02 18:30:00,15.07
2023-08-02 18:45:00,14.93
2023-08-02 19:00:00,14.84
2023-08-02 19:15:00,14.74
2023-08-02 19:30:00,14.55
2023-08-02 19:45:00,14.24
2023-08-02 20:00:00,13.85
2023-08-02 20:15:00,13.44
2023-08-02 20:30:00,13.1
2023-08-02 20:45:00,12.84
2023-08-02 21:00:00,12.64
2023-08-02 21:15:00,12.45
2023-08-02 21:30:00,12.27
2023-08-02 21:45:00,12.17
2023-08-02 22:00:00,12.04
2023-08-02 22:15:00,11.92
2023-08-02 22:30:00,11.8
2023-08-02 22:45:00,11.76
2023-08-02 23:00:00,11.72
2023-08-02 23:15:00,11.63
2023-08-02 23:30:00,11.55
2023-08-02 23:45:00,11.45
2023-08-03 00:00:00,11.4
2023-08-03 00:15:00,11.29
2023-08-03 00:30:00,11.19
2023-08-03 00:45:00,11.08
2023-08-03 01:00:00,10.97
2023-08-03 01:15:00,10.86
2023-08-03 01:30:00,10.75
2023-08-03 01:45:00,10.66
2023-08-03 02:00:00,10.54
2023-08-03 02:15:00,10.49
2023-08-03 02:30:00,10.44
2023-08-03 02:45:00,10.39
2023-08-03 03:00:00,10.17
2023-08-03 03:15:00,10.1
2023-08-03 03:30:00,10.14
2023-08-03 03:45:00,10.07
2023-08-03 04:00:00,9.95
2023-08-03 04:15:00,9.89
2023-08-03 04:30:00,9.81
2023-08-03 04:45:00,9.72
2023-08-03 05:00:00,9.82
2023-08-03 05:15:00,9.93
2023-08-03 05:30:00,10.13
2023-08-03 05:45:00,10.47
2023-08-03 06:00:00,10.84
2023-08-03 06:15:00,11.09
2023-08-03 06:30:00,11.3
2023-08-03 06:45:00,11.52
2023-08-03 07:00:00,11.68
2023-08-03 07:15:00,11.82
2023-08-03 07:30:00,11.98
2023-08-03 07:45:00,12.14
2023-08-03 08:00:00,12.31
2023-08-03 08:15:00,12.44
2023-08-03 08:30:00,12.72
2023-08-03 08:45:00,12.89
2023-08-03 09:00:00,12.99
2023-08-03 09:15:00,13.13
2023-08-03 09:30:00,13.21
2023-08-03 09:45:00,13.27
2023-08-03 10:00:00,13.37
2023-08-03 10:15:00,13.46
2023-08-03 10:30:00,13.54
2023-08-03 10:45:00,13.65
2023-08-03 11:00:00,13.77
2023-08-03 11:15:00,13.85
2023-08-03 11:30:00,13.91
2023-08-03 11:45:00,14.02
2023-08-03 12:00:00,14.08
2023-08-03 12:15:00,14.2
2023-08-03 12:30:00,14.31
2023-08-03 12:45:00,14.34
2023-08-03 13:00:00,14.45
2023-08-03 13:15:00,14.53
2023-08-03 13:30:00,14.66
2023-08-03 13:45:00,14.78
2023-08-03 14:00:00,14.9
2023-08-03 14:15:00,14.91
2023-08-03 14:30:00,14.95
2023-08-03 14:45:00,15.03
2023-08-03 15:00:00,15.04
2023-08-03 15:15:00,15.15
2023-08-03 15:30:00,15.16
2023-08-03 15:45:00,15.15
2023-08-03 16:00:00,15.15
2023-08-03 16:15:00,15.19
2023-08-03 16:30:00,15.19
2023-08-03 16:45:00,15.23
2023-08-03 17:00:00,15.25
2023-08-03 17:15:00,15.29
2023-08-03 17:30:00,15.32
2023-08-03 17:45:00,15.29
2023-08-03 18:00:00,15.34
2023-08-03 18:15:00,15.28
2023-08-03 18:30:00,15.18
2023-08-03 18:45:00,15.08
2023-08-03 19:00:00,14.98
2023-08-03 19:15:00,14.86
2023-08-03 19:30:00,14.75
2023-08-03 19:45:00,14.54
2023-08-03 20:00:00,14.2
2023-08-03 20:15:00,13.89
2023-08-03 20:30:00,13.63
2023-08-03 20:45:00,13.39
2023-08-03 21:00:00,13.16
2023-08-03 21:15:00,12.98
2023-08-03 21:30:00,12.84
2023-08-03 21:45:00,12.67
2023-08-03 22:00:00,12.49
2023-08-03 22:15:00,12.34
2023-08-03 22:30:00,12.19
2023-08-03 22:45:00,12.06
2023-08-03 23:00:00,11.97
2023-08-03 23:15:00,11.87
2023-08-03 23:30:00,11.78
2023-08-03 23:45:00,11.71
2023-08-04 00:00:00,11.67
2023-08-04 00:15:00,11.6
2023-08-04 00:30:00,11.55
2023-08-04 00:45:00,11.53
2023-08-04 01:00:00,11.62
2023-08-04 01:15:00,11.64
2023-08-04 01:30:00,11.6
2023-08-04 01:45:00,11.56
2023-08-04 02:00:00,11.53
2023-08-04 02:15:00,11.52
2023-08-04 02:30:00,11.66
2023-08-04 02:45:00,11.66
2023-08-04 03:00:00,11.68
2023-08-04 03:15:00,11.64
2023-08-04 03:30:00,11.66
2023-08-04 03:45:00,11.72
2023-08-04 04:00:00,11.78
2023-08-04 04:15:00,11.74
2023-08-04 04:30:00,11.61
2023-08-04 04:45:00,11.48
2023-08-04 05:00:00,11.38
2023-08-04 05:15:00,11.4
2023-08-04 05:30:00,11.41
2023-08-04 05:45:00,11.5
2023-08-04 06:00:00,11.68
2023-08-04 06:15:00,11.93
2023-08-04 06:30:00,12.18
2023-08-04 06:45:00,12.38
2023-08-04 07:00:00,12.55
2023-08-04 07:15:00,12.73
2023-08-04 07:30:00,12.86
2023-08-04 07:45:00,12.96
2023-08-04 08:00:00,13.04
2023-08-04 08:15:00,13.16
2023-08-04 08:30:00,13.3
2023-08-04 08:45:00,13.43
2023-08-04 09:00:00,13.45
2023-08-04 09:15:00,13.47
2023-08-04 09:30:00,13.5
2023-08-04 09:45:00,13.69
2023-08-04 10:00:00,14
2023-08-04 10:15:00,14.23
2023-08-04 10:30:00,14.33
2023-08-04 10:45:00,14.55
2023-08-04 11:00:00,14.71
2023-08-04 11:15:00,14.76
2023-08-04 11:30:00,14.86
2023-08-04 11:45:00,15.04
2023-08-04 12:00:00,15.1
2023-08-04 12:15:00,15.29
2023-08-04 12:30:00,15.12
2023-08-04 12:45:00,15.11
2023-08-04 13:00:00,15.16
2023-08-04 13:15:00,15.2
2023-08-04 13:30:00,15.37
2023-08-04 13:45:00,15.43
2023-08-04 14:00:00,15.62
2023-08-04 14:15:00,15.92
2023-08-04 14:30:00,15.89
2023-08-04 14:45:00,15.91
2023-08-04 15:00:00,16.51
2023-08-04 15:15:00,16.51
2023-08-04 15:30:00,16.32
2023-08-04 15:45:00,16.18
2023-08-04 16:00:00,16.16
2023-08-04 16:15:00,16.2
2023-08-04 16:30:00,16.13
2023-08-04 16:45:00,16.14
2023-08-04 17:00:00,15.97
2023-08-04 17:15:00,15.9
2023-08-04 17:30:00,15.76
2023-08-04 17:45:00,15.65
2023-08-04 18:00:00,15.64
2023-08-04 18:15:00,15.49
2023-08-04 18:30:00,15.43
2023-08-04 18:45:00,15.42
2023-08-04 19:00:00,15.3
2023-08-04 19:15:00,15.14
2023-08-04 19:30:00,15.02
2023-08-04 19:45:00,14.97
2023-08-04 20:00:00,14.88
2023-08-04 20:15:00,14.8
2023-08-04 20:30:00,14.74
2023-08-04 20:45:00,14.65
2023-08-04 21:00:00,14.54
2023-08-04 21:15:00,14.45
2023-08-04 21:30:00,14.41
2023-08-04 21:45:00,14.43
2023-08-04 22:00:00,14.42
2023-08-04 22:15:00,14.43
2023-08-04 22:30:00,14.4
2023-08-04 22:45:00,14.38
2023-08-04 23:00:00,14.32
2023-08-04 23:15:00,14.27
2023-08-04 23:30:00,14.16
2023-08-04 23:45:00,13.97
2023-08-05 00:00:00,13.74
2023-08-05 00:15:00,13.55
2023-08-05 00:30:00,13.39
2023-08-05 00:45:00,13.35
2023-08-05 01:00:00,13.36
2023-08-05 01:15:00,13.42
2023-08-05 01:30:00,13.42
2023-08-05 01:45:00,13.43
2023-08-05 02:00:00,13.47
2023-08-05 02:15:00,13.45
2023-08-05 02:30:00,13.43
2023-08-05 02:45:00,13.44
2023-08-05 03:00:00,13.45
2023-08-05 03:15:00,13.44
2023-08-05 03:30:00,13.44
2023-08-05 03:45:00,13.46
2023-08-05 04:00:00,13.49
2023-08-05 04:15:00,13.51
2023-08-05 04:30:00,13.53
2023-08-05 04:45:00,13.57
2023-08-05 05:00:00,13.64
2023-08-05 05:15:00,13.68
2023-08-05 05:30:00,13.71
2023-08-05 05:45:00,13.73
2023-08-05 06:00:00,13.75
2023-08-05 06:15:00,13.76
2023-08-05 06:30:00,13.79
2023-08-05 06:45:00,13.85
2023-08-05 07:00:00,13.9
2023-08-05 07:15:00,13.94
2023-08-05 07:30:00,13.98
2023-08-05 07:45:00,14.03
2023-08-05 08:00:00,14.08
2023-08-05 08:15:00,14.12
2023-08-05 08:30:00,14.16
2023-08-05 08:45:00,14.19
2023-08-05 09:00:00,14.21
2023-08-05 09:15:00,14.24
2023-08-05 09:30:00,14.26
2023-08-05 09:45:00,14.25
2023-08-05 10:00:00,14.3
2023-08-05 10:15:00,14.35
2023-08-05 10:30:00,14.41
2023-08-05 10:45:00,14.43
2023-08-05 11:00:00,14.5
2023-08-05 11:15:00,14.51
2023-08-05 11:30:00,14.53
2023-08-05 11:45:00,14.66
2023-08-05 12:00:00,14.7
2023-08-05 12:15:00,14.73
2023-08-05 12:30:00,14.75
2023-08-05 12:45:00,14.6
2023-08-05 13:00:00,14.58
2023-08-05 13:15:00,14.56
2023-08-05 13:30:00,14.64
2023-08-05 13:45:00,14.74
2023-08-05 14:00:00,14.64
2023-08-05 14:15:00,14.65
2023-08-05 14:30:00,14.69
2023-08-05 14:45:00,14.6
2023-08-05 15:00:00,14.65
2023-08-05 15:15:00,14.7
2023-08-05 15:30:00,14.71
2023-08-05 15:45:00,14.76
2023-08-05 16:00:00,14.79
2023-08-05 16:15:00,14.83
2023-08-05 16:30:00,14.84
2023-08-05 16:45:00,14.83
2023-08-05 17:00:00,14.81
2023-08-05 17:15:00,14.81
2023-08-05 17:30:00,14.8
2023-08-05 17:45:00,14.8
2023-08-05 18:00:00,14.81
2023-08-05 18:15:00,14.81
2023-08-05 18:30:00,14.82
2023-08-05 18:45:00,14.82
2023-08-05 19:00:00,14.76
2023-08-05 19:15:00,14.73
2023-08-05 19:30:00,14.72
2023-08-05 19:45:00,14.65
2023-08-05 20:00:00,14.57
2023-08-05 20:15:00,14.46
2023-08-05 20:30:00,14.37
2023-08-05 20:45:00,14.34
2023-08-05 21:00:00,14.32
2023-08-05 21:15:00,14.26
2023-08-05 21:30:00,14.22
2023-08-05 21:45:00,14.09
2023-08-05 22:00:00,14
2023-08-05 22:15:00,13.89
2023-08-05 22:30:00,13.82
2023-08-05 22:45:00,13.81
2023-08-05 23:00:00,13.85
2023-08-05 23:15:00,13.93
2023-08-05 23:30:00,13.99
2023-08-05 23:45:00,14.04
2023-08-06 00:00:00,14.04
2023-08-06 00:15:00,14.08
2023-08-06 00:30:00,14.09
2023-08-06 00:45:00,14.1
2023-08-06 01:00:00,14.12
2023-08-06 01:15:00,14.12
2023-08-06 01:30:00,14.12
2023-08-06 01:45:00,14.11
2023-08-06 02:00:00,14.09
2023-08-06 02:15:00,14.09
2023-08-06 02:30:00,14.07
2023-08-06 02:45:00,14.04
2023-08-06 03:00:00,14.03
2023-08-06 03:15:00,14.04
2023-08-06 03:30:00,14.03
2023-08-06 03:45:00,14.02
2023-08-06 04:00:00,14.01
2023-08-06 04:15:00,13.99
2023-08-06 04:30:00,13.97
2023-08-06 04:45:00,13.9
2023-08-06 05:00:00,13.87
2023-08-06 05:15:00,13.84
2023-08-06 05:30:00,13.88
2023-08-06 05:45:00,13.91
2023-08-06 06:00:00,13.93
2023-08-06 06:15:00,13.96
2023-08-06 06:30:00,14.01
2023-08-06 06:45:00,14.07
2023-08-06 07:00:00,14.1
2023-08-06 07:15:00,14.16
2023-08-06 07:30:00,14.2
2023-08-06 07:45:00,14.23
2023-08-06 08:00:00,14.32
2023-08-06 08:15:00,14.35
2023-08-06 08:30:00,14.38
2023-08-06 08:45:00,14.48
2023-08-06 09:00:00,14.55
2023-08-06 09:15:00,14.59
2023-08-06 09:30:00,14.59
2023-08-06 09:45:00,14.63
2023-08-06 10:00:00,14.63
2023-08-06 10:15:00,14.64
2023-08-06 10:30:00,14.66
2023-08-06 10:45:00,14.66
2023-08-06 11:00:00,14.71
2023-08-06 11:15:00,14.7
2023-08-06 11:30:00,14.74
2023-08-06 11:45:00,14.75
2023-08-06 12:00:00,14.78
2023-08-06 12:15:00,14.82
2023-08-06 12:30:00,14.97
2023-08-06 12:45:00,15.03
2023-08-06 13:00:00,15.1
2023-08-06 13:15:00,15.16
2023-08-06 13:30:00,15.19
2023-08-06 13:45:00,15.22
2023-08-06 14:00:00,15.28
2023-08-06 14:15:00,15.33
2023-08-06 14:30:00,15.35
2023-08-06 14:45:00,15.39
2023-08-06 15:00:00,15.43
2023-08-06 15:15:00,15.34
2023-08-06 15:30:00,15.33
2023-08-06 15:45:00,15.37
2023-08-06 16:00:00,15.43
2023-08-06 16:15:00,15.41
2023-08-06 16:30:00,15.4
2023-08-06 16:45:00,15.35
2023-08-06 17:00:00,15.33
2023-08-06 17:15:00,15.33
2023-08-06 17:30:00,15.29
2023-08-06 17:45:00,15.28
2023-08-06 18:00:00,15.28
2023-08-06 18:15:00,15.23
2023-08-06 18:30:00,15.17
2023-08-06 18:45:00,15.13
2023-08-06 19:00:00,15.09
2023-08-06 19:15:00,15.02
2023-08-06 19:30:00,14.95
2023-08-06 19:45:00,14.88
2023-08-06 20:00:00,14.82
2023-08-06 20:15:00,14.78
2023-08-06 20:30:00,14.76
2023-08-06 20:45:00,14.73
2023-08-06 21:00:00,14.64
2023-08-06 21:15:00,14.49
2023-08-06 21:30:00,14.31
2023-08-06 21:45:00,14.14
2023-08-06 22:00:00,13.96
2023-08-06 22:15:00,13.79
2023-08-06 22:30:00,13.66
2023-08-06 22:45:00,13.55
2023-08-06 23:00:00,13.5
2023-08-06 23:15:00,13.46
2023-08-06 23:30:00,13.47
2023-08-06 23:45:00,13.45
2023-08-07 00:00:00,13.37
2023-08-07 00:15:00,13.26
2023-08-07 00:30:00,13.13
2023-08-07 00:45:00,13.01
2023-08-07 01:00:00,12.91
2023-08-07 01:15:00,12.84
2023-08-07 01:30:00,12.76
2023-08-07 01:45:00,12.73
2023-08-07 02:00:00,12.67
2023-08-07 02:15:00,12.63
2023-08-07 02:30:00,12.65
2023-08-07 02:45:00,12.74
2023-08-07 03:00:00,12.84
2023-08-07 03:15:00,12.89
2023-08-07 03:30:00,12.96
2023-08-07 03:45:00,13
2023-08-07 04:00:00,12.97
2023-08-07 04:15:00,12.95
2023-08-07 04:30:00,12.93
2023-08-07 04:45:00,13.01
2023-08-07 05:00:00,13.07
2023-08-07 05:15:00,13.14
2023-08-07 05:30:00,13.24
2023-08-07 05:45:00,13.32
2023-08-07 06:00:00,13.41
2023-08-07 06:15:00,13.48
2023-08-07 06:30:00,13.54
2023-08-07 06:45:00,13.61
2023-08-07 07:00:00,13.64
2023-08-07 07:15:00,13.64
2023-08-07 07:30:00,13.69
2023-08-07 07:45:00,13.72
2023-08-07 08:00:00,13.78
2023-08-07 08:15:00,13.83
2023-08-07 08:30:00,13.89
2023-08-07 08:45:00,13.96
2023-08-07 09:00:00,14.05
2023-08-07 09:15:00,14.1
2023-08-07 09:30:00,14.2
2023-08-07 09:45:00,14.26
2023-08-07 10:00:00,14.36
2023-08-07 10:15:00,14.42
2023-08-07 10:30:00,14.46
2023-08-07 10:45:00,14.62
2023-08-07 11:00:00,14.73
2023-08-07 11:15:00,14.96
2023-08-07 11:30:00,15.11
2023-08-07 11:45:00,15.19
2023-08-07 12:00:00,15.35
2023-08-07 12:15:00,15.37
2023-08-07 12:30:00,15.42
2023-08-07 12:45:00,15.34
2023-08-07 13:00:00,15.29
2023-08-07 13:15:00,15.18
2023-08-07 13:30:00,15.08
2023-08-07 13:45:00,15
2023-08-07 14:00:00,14.91
2023-08-07 14:15:00,14.88
2023-08-07 14:30:00,14.86
2023-08-07 14:45:00,14.84
2023-08-07 15:00:00,14.85
2023-08-07 15:15:00,14.82
2023-08-07 15:30:00,14.8
2023-08-07 15:45:00,14.81
2023-08-07 16:00:00,14.79
2023-08-07 16:15:00,14.78
2023-08-07 16:30:00,14.83
2023-08-07 16:45:00,14.87
2023-08-07 17:00:00,14.93
2023-08-07 17:15:00,14.97
2023-08-07 17:30:00,14.92
2023-08-07 17:45:00,14.95
2023-08-07 18:00:00,14.9
2023-08-07 18:15:00,14.82
2023-08-07 18:30:00,14.77
2023-08-07 18:45:00,14.73
2023-08-07 19:00:00,14.66
2023-08-07 19:15:00,14.62
2023-08-07 19:30:00,14.6
2023-08-07 19:45:00,14.57
2023-08-07 20:00:00,14.54
2023-08-07 20:15:00,14.51
2023-08-07 20:30:00,14.48
2023-08-07 20:45:00,14.45
2023-08-07 21:00:00,14.4
2023-08-07 21:15:00,14.37
2023-08-07 21:30:00,14.35
2023-08-07 21:45:00,14.33
2023-08-07 22:00:00,14.31
2023-08-07 22:15:00,14.24
2023-08-07 22:30:00,14.12
2023-08-07 22:45:00,14.08
2023-08-07 23:00:00,14.07
2023-08-07 23:15:00,14.08
2023-08-07 23:30:00,14.11
2023-08-07 23:45:00,14.11
2023-08-08 00:00:00,14.11
2023-08-08 00:15:00,14.09
2023-08-08 00:30:00,14.1
2023-08-08 00:45:00,14.09
2023-08-08 01:00:00,13.99
2023-08-08 01:15:00,13.86
2023-08-08 01:30:00,13.67
2023-08-08 01:45:00,13.52
2023-08-08 02:00:00,13.35
2023-08-08 02:15:00,13.19
2023-08-08 02:30:00,13.02
2023-08-08 02:45:00,12.88
2023-08-08 03:00:00,12.77
2023-08-08 03:15:00,12.64
2023-08-08 03:30:00,12.6
2023-08-08 03:45:00,12.66
2023-08-08 04:00:00,12.85
2023-08-08 04:15:00,13.01
2023-08-08 04:30:00,13.18
2023-08-08 04:45:00,13.27
2023-08-08 05:00:00,13.23
2023-08-08 05:15:00,13.2
2023-08-08 05:30:00,13.15
2023-08-08 05:45:00,13.12
2023-08-08 06:00:00,13.15
2023-08-08 06:15:00,13.27
2023-08-08 06:30:00,13.37
2023-08-08 06:45:00,13.44
2023-08-08 07:00:00,13.51
2023-08-08 07:15:00,13.56
2023-08-08 07:30:00,13.61
2023-08-08 07:45:00,13.65
2023-08-08 08:00:00,13.7
2023-08-08 08:15:00,13.74
2023-08-08 08:30:00,13.79
2023-08-08 08:45:00,13.81
2023-08-08 09:00:00,13.87
2023-08-08 09:15:00,13.93
2023-08-08 09:30:00,14.04
2023-08-08 09:45:00,14.09
2023-08-08 10:00:00,14.22
2023-08-08 10:15:00,14.28
2023-08-08 10:30:00,14.34
2023-08-08 10:45:00,14.38
2023-08-08 11:00:00,14.42
2023-08-08 11:15:00,14.43
2023-08-08 11:30:00,14.46
2023-08-08 11:45:00,14.55
2023-08-08 12:00:00,14.57
2023-08-08 12:15:00,14.6
2023-08-08 12:30:00,14.63
2023-08-08 12:45:00,14.69
2023-08-08 13:00:00,14.71
2023-08-08 13:15:00,14.75
2023-08-08 13:30:00,14.81
2023-08-08 13:45:00,14.82
2023-08-08 14:00:00,14.84
2023-08-08 14:15:00,14.86
2023-08-08 14:30:00,14.92
2023-08-08 14:45:00,14.97
2023-08-08 15:00:00,15.04
2023-08-08 15:15:00,15.03
2023-08-08 15:30:00,15.04
2023-08-08 15:45:00,15.1
2023-08-08 16:00:00,15.12
2023-08-08 16:15:00,15.14
2023-08-08 16:30:00,15.11
2023-08-08 16:45:00,15.09
2023-08-08 17:00:00,15.13
2023-08-08 17:15:00,15.13
2023-08-08 17:30:00,15.16
2023-08-08 17:45:00,15.16
2023-08-08 18:00:00,15.15
2023-08-08 18:15:00,15.15
2023-08-08 18:30:00,15.15
2023-08-08 18:45:00,15.11
2023-08-08 19:00:00,15.08
2023-08-08 19:15:00,15.01
2023-08-08 19:30:00,14.9
2023-08-08 19:45:00,14.76
2023-08-08 20:00:00,14.55
2023-08-08 20:15:00,14.34
2023-08-08 20:30:00,14.17
2023-08-08 20:45:00,14.08
2023-08-08 21:00:00,14.04
2023-08-08 21:15:00,14
2023-08-08 21:30:00,13.93
2023-08-08 21:45:00,13.84
2023-08-08 22:00:00,13.78
2023-08-08 22:15:00,13.7
2023-08-08 22:30:00,13.66
2023-08-08 22:45:00,13.58
2023-08-08 23:00:00,13.51
2023-08-08 23:15:00,13.47
2023-08-08 23:30:00,13.41
2023-08-08 23:45:00,13.41
2023-08-09 00:00:00,13.37
2023-08-09 00:15:00,13.35
2023-08-09 00:30:00,13.34
2023-08-09 00:45:00,13.29
2023-08-09 01:00:00,13.3
2023-08-09 01:15:00,13.33
2023-08-09 01:30:00,13.37
2023-08-09 01:45:00,13.37
2023-08-09 02:00:00,13.37
2023-08-09 02:15:00,13.38
2023-08-09 02:30:00,13.39
2023-08-09 02:45:00,13.38
2023-08-09 03:00:00,13.41
2023-08-09 03:15:00,13.41
2023-08-09 03:30:00,13.42
2023-08-09 03:45:00,13.37
2023-08-09 04:00:00,13.4
2023-08-09 04:15:00,13.39
2023-08-09 04:30:00,13.37
2023-08-09 04:45:00,13.35
2023-08-09 05:00:00,13.31
2023-08-09 05:15:00,13.34
2023-08-09 05:30:00,13.38
2023-08-09 05:45:00,13.46
2023-08-09 06:00:00,13.54
2023-08-09 06:15:00,13.61
2023-08-09 06:30:00,13.65
2023-08-09 06:45:00,13.7
2023-08-09 07:00:00,13.75
2023-08-09 07:15:00,13.78
2023-08-09 07:30:00,13.86
2023-08-09 07:45:00,13.92
2023-08-09 08:00:00,13.97
2023-08-09 08:15:00,14.03
2023-08-09 08:30:00,14.08
2023-08-09 08:45:00,14.1
2023-08-09 09:00:00,14.1
2023-08-09 09:15:00,14.15
2023-08-09 09:30:00,14.2
2023-08-09 09:45:00,14.25
2023-08-09 10:00:00,14.23
2023-08-09 10:15:00,14.17
2023-08-09 10:30:00,14.17
2023-08-09 10:45:00,14.15
2023-08-09 11:00:00,14.16
2023-08-09 11:15:00,14.18
2023-08-09 11:30:00,14.21
2023-08-09 11:45:00,14.21
2023-08-09 12:00:00,14.23
2023-08-09 12:15:00,14.22
2023-08-09 12:30:00,14.23
2023-08-09 12:45:00,14.29
2023-08-09 13:00:00,14.3
2023-08-09 13:15:00,14.3
2023-08-09 13:30:00,14.34
2023-08-09 13:45:00,14.37
2023-08-09 14:00:00,14.43
2023-08-09 14:15:00,14.58
2023-08-09 14:30:00,14.65
2023-08-09 14:45:00,14.73
2023-08-09 15:00:00,14.79
2023-08-09 15:15:00,14.86
2023-08-09 15:30:00,14.85
2023-08-09 15:45:00,14.8
2023-08-09 16:00:00,14.86
2023-08-09 16:15:00,14.85
2023-08-09 16:30:00,14.91
2023-08-09 16:45:00,14.95
2023-08-09 17:00:00,14.93
2023-08-09 17:15:00,14.89
2023-08-09 17:30:00,14.91
2023-08-09 17:45:00,14.92
2023-08-09 18:00:00,14.89
2023-08-09 18:15:00,14.83
2023-08-09 18:30:00,14.78
2023-08-09 18:45:00,14.71
2023-08-09 19:00:00,14.63
2023-08-09 19:15:00,14.41
2023-08-09 19:30:00,14.11
2023-08-09 19:45:00,13.81
2023-08-09 20:00:00,13.58
2023-08-09 20:15:00,13.41
2023-08-09 20:30:00,13.31
2023-08-09 20:45:00,13.18
2023-08-09 21:00:00,13.14
2023-08-09 21:15:00,13.05
2023-08-09 21:30:00,13
2023-08-09 21:45:00,12.97
2023-08-09 22:00:00,12.95
2023-08-09 22:15:00,13.05
2023-08-09 22:30:00,12.97
2023-08-09 22:45:00,12.87
2023-08-09 23:00:00,12.8
2023-08-09 23:15:00,12.77
2023-08-09 23:30:00,12.71
2023-08-09 23:45:00,12.53
2023-08-10 00:00:00,12.47
2023-08-10 00:15:00,12.36
2023-08-10 00:30:00,12.34
2023-08-10 00:45:00,12.3
2023-08-10 01:00:00,12.12
2023-08-10 01:15:00,11.99
2023-08-10 01:30:00,12.02
2023-08-10 01:45:00,12.15
2023-08-10 02:00:00,12.37
2023-08-10 02:15:00,12.38
2023-08-10 02:30:00,12.21
2023-08-10 02:45:00,12.16
2023-08-10 03:00:00,12.35
2023-08-10 03:15:00,12.44
2023-08-10 03:30:00,12.27
2023-08-10 03:45:00,11.97
2023-08-10 04:00:00,11.81
2023-08-10 04:15:00,11.7
2023-08-10 04:30:00,11.54
2023-08-10 04:45:00,11.35
2023-08-10 05:00:00,11.29
2023-08-10 05:15:00,11.26
2023-08-10 05:30:00,11.31
2023-08-10 05:45:00,11.49
2023-08-10 06:00:00,11.69
2023-08-10 06:15:00,11.98
2023-08-10 06:30:00,12.27
2023-08-10 06:45:00,12.44
2023-08-10 07:00:00,12.65
2023-08-10 07:15:00,12.86
2023-08-10 07:30:00,13.1
2023-08-10 07:45:00,13.25
2023-08-10 08:00:00,13.3
2023-08-10 08:15:00,13.35
2023-08-10 08:30:00,13.41
2023-08-10 08:45:00,13.49
2023-08-10 09:00:00,13.56
2023-08-10 09:15:00,13.57
2023-08-10 09:30:00,13.64
2023-08-10 09:45:00,13.69
2023-08-10 10:00:00,13.88
2023-08-10 10:15:00,13.99
2023-08-10 10:30:00,14.02
2023-08-10 10:45:00,14.1
2023-08-10 11:00:00,14.22
2023-08-10 11:15:00,14.25
2023-08-10 11:30:00,14.4
2023-08-10 11:45:00,14.61
2023-08-10 12:00:00,14.66
2023-08-10 12:15:00,14.8
2023-08-10 12:30:00,14.88
2023-08-10 12:45:00,14.89
2023-08-10 13:00:00,15.01
2023-08-10 13:15:00,14.99
2023-08-10 13:30:00,15.05
2023-08-10 13:45:00,15.08
2023-08-10 14:00:00,15.09
2023-08-10 14:15:00,15.16
2023-08-10 14:30:00,15.15
2023-08-10 14:45:00,15.22
2023-08-10 15:00:00,15.19
2023-08-10 15:15:00,15.24
2023-08-10 15:30:00,15.23
2023-08-10 15:45:00,15.21
2023-08-10 16:00:00,15.21
2023-08-10 16:15:00,15.2
2023-08-10 16:30:00,15.16
2023-08-10 16:45:00,15.13
2023-08-10 17:00:00,15.05
2023-08-10 17:15:00,15.03
2023-08-10 17:30:00,14.95
2023-08-10 17:45:00,14.93
2023-08-10 18:00:00,14.88
2023-08-10 18:15:00,14.8
2023-08-10 18:30:00,14.7
2023-08-10 18:45:00,14.59
2023-08-10 19:00:00,14.37
2023-08-10 19:15:00,14.1
2023-08-10 19:30:00,13.75
2023-08-10 19:45:00,13.29
2023-08-10 20:00:00,12.82
2023-08-10 20:15:00,12.41
2023-08-10 20:30:00,12.08
2023-08-10 20:45:00,11.8
2023-08-10 21:00:00,11.63
2023-08-10 21:15:00,11.32
2023-08-10 21:30:00,11.15
2023-08-10 21:45:00,10.96
2023-08-10 22:00:00,10.79
2023-08-10 22:15:00,10.73
2023-08-10 22:30:00,10.68
2023-08-10 22:45:00,10.63
2023-08-10 23:00:00,10.54
2023-08-10 23:15:00,10.47
2023-08-10 23:30:00,10.4
2023-08-10 23:45:00,10.32
2023-08-11 00:00:00,10.22
2023-08-11 00:15:00,10.1
2023-08-11 00:30:00,10.05
2023-08-11 00:45:00,10.04
2023-08-11 01:00:00,9.93
2023-08-11 01:15:00,9.86
2023-08-11 01:30:00,9.77
2023-08-11 01:45:00,9.71
2023-08-11 02:00:00,9.71
2023-08-11 02:15:00,9.69
2023-08-11 02:30:00,9.61
2023-08-11 02:45:00,9.51
2023-08-11 03:00:00,9.46
2023-08-11 03:15:00,9.54
2023-08-11 03:30:00,9.5
2023-08-11 03:45:00,9.41
2023-08-11 04:00:00,9.36
2023-08-11 04:15:00,9.22
2023-08-11 04:30:00,9.12
2023-08-11 04:45:00,9.11
2023-08-11 05:00:00,9.02
2023-08-11 05:15:00,9
2023-08-11 05:30:00,9.06
2023-08-11 05:45:00,9.31
2023-08-11 06:00:00,9.72
2023-08-11 06:15:00,10.14
2023-08-11 06:30:00,10.38
2023-08-11 06:45:00,10.56
2023-08-11 07:00:00,10.73
2023-08-11 07:15:00,10.99
2023-08-11 07:30:00,11.23
2023-08-11 07:45:00,11.42
2023-08-11 08:00:00,11.58
2023-08-11 08:15:00,11.72
2023-08-11 08:30:00,11.84
2023-08-11 08:45:00,11.92
2023-08-11 09:00:00,12.04
2023-08-11 09:15:00,12.14
2023-08-11 09:30:00,12.25
2023-08-11 09:45:00,12.37
2023-08-11 10:00:00,12.47
2023-08-11 10:15:00,12.56
2023-08-11 10:30:00,12.67
2023-08-11 10:45:00,12.8
2023-08-11 11:00:00,12.93
2023-08-11 11:15:00,12.98
2023-08-11 11:30:00,13.13
2023-08-11 11:45:00,13.24
2023-08-11 12:00:00,13.37
2023-08-11 12:15:00,13.48
2023-08-11 12:30:00,13.61
2023-08-11 12:45:00,13.82
2023-08-11 13:00:00,14
2023-08-11 13:15:00,14.12
2023-08-11 13:30:00,14.13
2023-08-11 13:45:00,14.27
2023-08-11 14:00:00,14.28
2023-08-11 14:15:00,14.43
2023-08-11 14:30:00,14.66
2023-08-11 14:45:00,14.66
2023-08-11 15:00:00,14.71
2023-08-11 15:15:00,14.7
2023-08-11 15:30:00,14.67
2023-08-11 15:45:00,14.63
2023-08-11 16:00:00,14.67
2023-08-11 16:15:00,14.81
2023-08-11 16:30:00,14.83
2023-08-11 16:45:00,14.78
2023-08-11 17:00:00,14.78
2023-08-11 17:15:00,14.82
2023-08-11 17:30:00,14.78
2023-08-11 17:45:00,14.88
2023-08-11 18:00:00,14.8
2023-08-11 18:15:00,14.75
2023-08-11 18:30:00,14.63
2023-08-11 18:45:00,14.49
2023-08-11 19:00:00,14.35
2023-08-11 19:15:00,14.09
2023-08-11 19:30:00,13.7
2023-08-11 19:45:00,13.28
2023-08-11 20:00:00,12.85
2023-08-11 20:15:00,12.44
2023-08-11 20:30:00,12.11
2023-08-11 20:45:00,11.9
2023-08-11 21:00:00,11.74
2023-08-11 21:15:00,11.56
2023-08-11 21:30:00,11.4
2023-08-11 21:45:00,11.3
2023-08-11 22:00:00,11.2
2023-08-11 22:15:00,11.09
2023-08-11 22:30:00,11.06
2023-08-11 22:45:00,10.96
2023-08-11 23:00:00,10.82
2023-08-11 23:15:00,10.68
2023-08-11 23:30:00,10.57
2023-08-11 23:45:00,10.53
2023-08-12 00:00:00,10.45
2023-08-12 00:15:00,10.36
2023-08-12 00:30:00,10.29
2023-08-12 00:45:00,10.24
2023-08-12 01:00:00,10.22
2023-08-12 01:15:00,10.2
2023-08-12 01:30:00,10.02
2023-08-12 01:45:00,9.91
2023-08-12 02:00:00,9.98
2023-08-12 02:15:00,10.05
2023-08-12 02:30:00,10.09
2023-08-12 02:45:00,10.21
2023-08-12 03:00:00,10.24
2023-08-12 03:15:00,10.16
2023-08-12 03:30:00,10.06
2023-08-12 03:45:00,10.02
2023-08-12 04:00:00,9.95
2023-08-12 04:15:00,9.9
2023-08-12 04:30:00,9.88
2023-08-12 04:45:00,9.57
2023-08-12 05:00:00,9.63
2023-08-12 05:15:00,9.73
2023-08-12 05:30:00,9.93
2023-08-12 05:45:00,10.35
2023-08-12 06:00:00,10.69
2023-08-12 06:15:00,10.88
2023-08-12 06:30:00,11.03
2023-08-12 06:45:00,11.21
2023-08-12 07:00:00,11.41
2023-08-12 07:15:00,11.62
2023-08-12 07:30:00,11.81
2023-08-12 07:45:00,11.94
2023-08-12 08:00:00,12.04
2023-08-12 08:15:00,12.14
2023-08-12 08:30:00,12.31
2023-08-12 08:45:00,12.46
2023-08-12 09:00:00,12.65
2023-08-12 09:15:00,12.82
2023-08-12 09:30:00,12.88
2023-08-12 09:45:00,12.95
2023-08-12 10:00:00,13.03
2023-08-12 10:15:00,13.12
2023-08-12 10:30:00,13.28
2023-08-12 10:45:00,13.39
2023-08-12 11:00:00,13.47
2023-08-12 11:15:00,13.56
2023-08-12 11:30:00,13.61
2023-08-12 11:45:00,13.75
2023-08-12 12:00:00,13.87
2023-08-12 12:15:00,13.95
2023-08-12 12:30:00,14.09
2023-08-12 12:45:00,14.22
2023-08-12 13:00:00,14.37
2023-08-12 13:15:00,14.35
2023-08-12 13:30:00,14.43
2023-08-12 13:45:00,14.52
2023-08-12 14:00:00,14.48
2023-08-12 14:15:00,14.55
2023-08-12 14:30:00,14.63
2023-08-12 14:45:00,14.72
2023-08-12 15:00:00,14.8
2023-08-12 15:15:00,14.84
2023-08-12 15:30:00,14.88
2023-08-12 15:45:00,14.83
2023-08-12 16:00:00,14.94
2023-08-12 16:15:00,14.96
2023-08-12 16:30:00,15.04
2023-08-12 16:45:00,14.96
2023-08-12 17:00:00,14.91
2023-08-12 17:15:00,14.86
2023-08-12 17:30:00,14.84
2023-08-12 17:45:00,14.83
2023-08-12 18:00:00,14.77
2023-08-12 18:15:00,14.74
2023-08-12 18:30:00,14.65
2023-08-12 18:45:00,14.56
2023-08-12 19:00:00,14.5
2023-08-12 19:15:00,14.33
2023-08-12 19:30:00,14.1
2023-08-12 19:45:00,13.79
2023-08-12 20:00:00,13.5
2023-08-12 20:15:00,13.24
2023-08-12 20:30:00,13
2023-08-12 20:45:00,12.84
2023-08-12 21:00:00,12.68
2023-08-12 21:15:00,12.52
2023-08-12 21:30:00,12.41
2023-08-12 21:45:00,12.36
2023-08-12 22:00:00,12.27
2023-08-12 22:15:00,12.15
2023-08-12 22:30:00,12.06
2023-08-12 22:45:00,11.94
2023-08-12 23:00:00,11.86
2023-08-12 23:15:00,11.73
2023-08-12 23:30:00,11.68
2023-08-12 23:45:00,11.6
2023-08-13 00:00:00,11.51
2023-08-13 00:15:00,11.41
2023-08-13 00:30:00,11.31
2023-08-13 00:45:00,11.25
2023-08-13 01:00:00,11.2
2023-08-13 01:15:00,11.12
2023-08-13 01:30:00,11.08
2023-08-13 01:45:00,11.04
2023-08-13 02:00:00,11.01
2023-08-13 02:15:00,10.93
2023-08-13 02:30:00,10.89
2023-08-13 02:45:00,10.81
2023-08-13 03:00:00,10.78
2023-08-13 03:15:00,10.77
2023-08-13 03:30:00,10.66
2023-08-13 03:45:00,10.61
2023-08-13 04:00:00,10.53
2023-08-13 04:15:00,10.44
2023-08-13 04:30:00,10.42
2023-08-13 04:45:00,10.39
2023-08-13 05:00:00,10.43
2023-08-13 05:15:00,10.45
2023-08-13 05:30:00,10.53
2023-08-13 05:45:00,10.7
2023-08-13 06:00:00,10.96
2023-08-13 06:15:00,11.21
2023-08-13 06:30:00,11.44
2023-08-13 06:45:00,11.66
2023-08-13 07:00:00,11.88
2023-08-13 07:15:00,12.12
2023-08-13 07:30:00,12.29
2023-08-13 07:45:00,12.42
2023-08-13 08:00:00,12.52
2023-08-13 08:15:00,12.64
2023-08-13 08:30:00,12.74
2023-08-13 08:45:00,12.83
2023-08-13 09:00:00,12.92
2023-08-13 09:15:00,13
2023-08-13 09:30:00,13.09
2023-08-13 09:45:00,13.19
2023-08-13 10:00:00,13.24
2023-08-13 10:15:00,13.34
2023-08-13 10:30:00,13.41
2023-08-13 10:45:00,13.49
2023-08-13 11:00:00,13.59
2023-08-13 11:15:00,13.66
2023-08-13 11:30:00,13.75
2023-08-13 11:45:00,13.85
2023-08-13 12:00:00,13.97
2023-08-13 12:15:00,14.05
2023-08-13 12:30:00,14.16
2023-08-13 12:45:00,14.22
2023-08-13 13:00:00,14.25
2023-08-13 13:15:00,14.34
2023-08-13 13:30:00,14.42
2023-08-13 13:45:00,14.49
2023-08-13 14:00:00,14.62
2023-08-13 14:15:00,14.62
2023-08-13 14:30:00,14.65
2023-08-13 14:45:00,14.72
2023-08-13 15:00:00,14.77
2023-08-13 15:15:00,14.77
2023-08-13 15:30:00,14.78
2023-08-13 15:45:00,14.85
2023-08-13 16:00:00,14.92
2023-08-13 16:15:00,14.94
2023-08-13 16:30:00,14.96
2023-08-13 16:45:00,15.02
2023-08-13 17:00:00,15.03
2023-08-13 17:15:00,15.06
2023-08-13 17:30:00,15.05
2023-08-13 17:45:00,15.08
2023-08-13 18:00:00,15.05
2023-08-13 18:15:00,15.03
2023-08-13 18:30:00,14.99
2023-08-13 18:45:00,14.97
2023-08-13 19:00:00,14.85
2023-08-13 19:15:00,14.77
2023-08-13 19:30:00,14.65
2023-08-13 19:45:00,14.41
2023-08-13 20:00:00,14.18
2023-08-13 20:15:00,13.94
2023-08-13 20:30:00,13.76
2023-08-13 20:45:00,13.61
2023-08-13 21:00:00,13.46
2023-08-13 21:15:00,13.34
2023-08-13 21:30:00,13.17
2023-08-13 21:45:00,13.03
2023-08-13 22:00:00,12.9
2023-08-13 22:15:00,12.77
2023-08-13 22:30:00,12.68
2023-08-13 22:45:00,12.62
2023-08-13 23:00:00,12.61
2023-08-13 23:15:00,12.56
2023-08-13 23:30:00,12.48
2023-08-13 23:45:00,12.4
2023-08-14 00:00:00,12.32
2023-08-14 00:15:00,12.24
2023-08-14 00:30:00,12.12
2023-08-14 00:45:00,12.04
2023-08-14 01:00:00,11.92
2023-08-14 01:15:00,11.87
2023-08-14 01:30:00,11.76
2023-08-14 01:45:00,11.69
2023-08-14 02:00:00,11.6
2023-08-14 02:15:00,11.55
2023-08-14 02:30:00,11.5
2023-08-14 02:45:00,11.5
2023-08-14 03:00:00,11.43
2023-08-14 03:15:00,11.34
2023-08-14 03:30:00,11.29
2023-08-14 03:45:00,11.22
2023-08-14 04:00:00,11.19
2023-08-14 04:15:00,11.17
2023-08-14 04:30:00,11.17
2023-08-14 04:45:00,11.11
2023-08-14 05:00:00,11.03
2023-08-14 05:15:00,11.04
2023-08-14 05:30:00,11.1
2023-08-14 05:45:00,11.27
2023-08-14 06:00:00,11.47
2023-08-14 06:15:00,11.71
2023-08-14 06:30:00,11.93
2023-08-14 06:45:00,12.17
2023-08-14 07:00:00,12.46
2023-08-14 07:15:00,12.62
2023-08-14 07:30:00,12.78
2023-08-14 07:45:00,12.93
2023-08-14 08:00:00,13.05
2023-08-14 08:15:00,13.11
2023-08-14 08:30:00,13.22
2023-08-14 08:45:00,13.29
2023-08-14 09:00:00,13.4
2023-08-14 09:15:00,13.47
2023-08-14 09:30:00,13.54
2023-08-14 09:45:00,13.61
2023-08-14 10:00:00,13.72
2023-08-14 10:15:00,13.75
2023-08-14 10:30:00,13.85
2023-08-14 10:45:00,13.99
2023-08-14 11:00:00,14.07
2023-08-14 11:15:00,14.2
2023-08-14 11:30:00,14.27
2023-08-14 11:45:00,14.33
2023-08-14 12:00:00,14.41
2023-08-14 12:15:00,14.52
2023-08-14 12:30:00,14.69
2023-08-14 12:45:00,14.74
2023-08-14 13:00:00,14.77
2023-08-14 13:15:00,14.85
2023-08-14 13:30:00,14.99
2023-08-14 13:45:00,15.11
2023-08-14 14:00:00,15.12
2023-08-14 14:15:00,15.29
2023-08-14 14:30:00,15.39
2023-08-14 14:45:00,15.39
2023-08-14 15:00:00,15.41
2023-08-14 15:15:00,15.43
2023-08-14 15:30:00,15.52
2023-08-14 15:45:00,15.59
2023-08-14 16:00:00,15.56
2023-08-14 16:15:00,15.63
2023-08-14 16:30:00,15.65
2023-08-14 16:45:00,15.6
2023-08-14 17:00:00,15.6
2023-08-14 17:15:00,15.6
2023-08-14 17:30:00,15.6
2023-08-14 17:45:00,15.62
2023-08-14 18:00:00,15.57
2023-08-14 18:15:00,15.55
2023-08-14 18:30:00,15.51
2023-08-14 18:45:00,15.43
2023-08-14 19:00:00,15.33
2023-08-14 19:15:00,15.27
2023-08-14 19:30:00,15.14
2023-08-14 19:45:00,14.87
2023-08-14 20:00:00,14.67
2023-08-14 20:15:00,14.43
2023-08-14 20:30:00,14.24
2023-08-14 20:45:00,14.07
2023-08-14 21:00:00,13.89
2023-08-14 21:15:00,13.74
2023-08-14 21:30:00,13.62
2023-08-14 21:45:00,13.51
2023-08-14 22:00:00,13.41
2023-08-14 22:15:00,13.29
2023-08-14 22:30:00,13.19
2023-08-14 22:45:00,13.1
2023-08-14 23:00:00,13.01
2023-08-14 23:15:00,12.91
2023-08-14 23:30:00,12.83
2023-08-14 23:45:00,12.75
2023-08-15 00:00:00,12.66
2023-08-15 00:15:00,12.57
2023-08-15 00:30:00,12.54
2023-08-15 00:45:00,12.49
2023-08-15 01:00:00,12.4
2023-08-15 01:15:00,12.31
2023-08-15 01:30:00,12.3
2023-08-15 01:45:00,12.27
2023-08-15 02:00:00,12.22
2023-08-15 02:15:00,12.21
2023-08-15 02:30:00,12.16
2023-08-15 02:45:00,12.13
2023-08-15 03:00:00,12.05
2023-08-15 03:15:00,12.02
2023-08-15 03:30:00,12.02
2023-08-15 03:45:00,12
2023-08-15 04:00:00,12.08
2023-08-15 04:15:00,12.17
2023-08-15 04:30:00,12.23
2023-08-15 04:45:00,12.37
2023-08-15 05:00:00,12.52
2023-08-15 05:15:00,12.66
2023-08-15 05:30:00,12.66
2023-08-15 05:45:00,12.82
2023-08-15 06:00:00,12.97
2023-08-15 06:15:00,13.12
2023-08-15 06:30:00,13.24
2023-08-15 06:45:00,13.35
2023-08-15 07:00:00,13.42
2023-08-15 07:15:00,13.49
2023-08-15 07:30:00,13.5
2023-08-15 07:45:00,13.58
2023-08-15 08:00:00,13.69
2023-08-15 08:15:00,13.77
2023-08-15 08:30:00,13.86
2023-08-15 08:45:00,13.95
2023-08-15 09:00:00,14.03
2023-08-15 09:15:00,14.13
2023-08-15 09:30:00,14.18
2023-08-15 09:45:00,14.24
2023-08-15 10:00:00,14.34
2023-08-15 10:15:00,14.44
2023-08-15 10:30:00,14.52
2023-08-15 10:45:00,14.61
2023-08-15 11:00:00,14.7
2023-08-15 11:15:00,14.8
2023-08-15 11:30:00,14.84
2023-08-15 11:45:00,14.96
2023-08-15 12:00:00,15.13
2023-08-15 12:15:00,15.22
2023-08-15 12:30:00,15.37
2023-08-15 12:45:00,15.39
2023-08-15 13:00:00,15.58
2023-08-15 13:15:00,15.61
2023-08-15 13:30:00,15.86
2023-08-15 13:45:00,15.87
2023-08-15 14:00:00,15.99
2023-08-15 14:15:00,16.09
2023-08-15 14:30:00,16.17
2023-08-15 14:45:00,16.24
2023-08-15 15:00:00,16.35
2023-08-15 15:15:00,16.39
2023-08-15 15:30:00,16.45
2023-08-15 15:45:00,16.47
2023-08-15 16:00:00,16.51
2023-08-15 16:15:00,16.52
2023-08-15 16:30:00,16.58
2023-08-15 16:45:00,16.58
2023-08-15 17:00:00,16.57
2023-08-15 17:15:00,16.64
2023-08-15 17:30:00,16.51
2023-08-15 17:45:00,16.43
2023-08-15 18:00:00,16.39
2023-08-15 18:15:00,16.31
2023-08-15 18:30:00,16.23
2023-08-15 18:45:00,16.17
2023-08-15 19:00:00,16.1
2023-08-15 19:15:00,15.99
2023-08-15 19:30:00,15.89
2023-08-15 19:45:00,15.68
2023-08-15 20:00:00,15.44
2023-08-15 20:15:00,15.17
2023-08-15 20:30:00,14.93
2023-08-15 20:45:00,14.72
2023-08-15 21:00:00,14.5
2023-08-15 21:15:00,14.33
2023-08-15 21:30:00,14.19
2023-08-15 21:45:00,14.05
2023-08-15 22:00:00,13.91
2023-08-15 22:15:00,13.79
2023-08-15 22:30:00,13.66
2023-08-15 22:45:00,13.51
2023-08-15 23:00:00,13.45
2023-08-15 23:15:00,13.39
2023-08-15 23:30:00,13.4
2023-08-15 23:45:00,13.38
2023-08-16 00:00:00,13.31
2023-08-16 00:15:00,13.29
2023-08-16 00:30:00,13.25
2023-08-16 00:45:00,13.2
2023-08-16 01:00:00,13.18
2023-08-16 01:15:00,13.21
2023-08-16 01:30:00,13.21
2023-08-16 01:45:00,13.21
2023-08-16 02:00:00,13.25
2023-08-16 02:15:00,13.24
2023-08-16 02:30:00,13.2
2023-08-16 02:45:00,13.23
2023-08-16 03:00:00,13.15
2023-08-16 03:15:00,13.03
2023-08-16 03:30:00,12.97
2023-08-16 03:45:00,12.93
2023-08-16 04:00:00,12.86
2023-08-16 04:15:00,12.8
2023-08-16 04:30:00,12.77
2023-08-16 04:45:00,12.71
2023-08-16 05:00:00,12.64
2023-08-16 05:15:00,12.63
2023-08-16 05:30:00,12.7
2023-08-16 05:45:00,12.8
2023-08-16 06:00:00,12.95
2023-08-16 06:15:00,13.11
2023-08-16 06:30:00,13.29
2023-08-16 06:45:00,13.5
2023-08-16 07:00:00,13.61
2023-08-16 07:15:00,13.77
2023-08-16 07:30:00,13.92
2023-08-16 07:45:00,14.05
2023-08-16 08:00:00,14.18
2023-08-16 08:15:00,14.26
2023-08-16 08:30:00,14.53
2023-08-16 08:45:00,14.81
2023-08-16 09:00:00,15.03
2023-08-16 09:15:00,15.2
2023-08-16 09:30:00,15.38
2023-08-16 09:45:00,15.48
2023-08-16 10:00:00,15.63
2023-08-16 10:15:00,15.67
2023-08-16 10:30:00,15.75
2023-08-16 10:45:00,15.68
2023-08-16 11:00:00,15.7
2023-08-16 11:15:00,15.83
2023-08-16 11:30:00,15.95
2023-08-16 11:45:00,15.99
2023-08-16 12:00:00,16.05
2023-08-16 12:15:00,16.21
2023-08-16 12:30:00,16.4
2023-08-16 12:45:00,16.48
2023-08-16 13:00:00,16.49
2023-08-16 13:15:00,16.54
2023-08-16 13:30:00,16.67
2023-08-16 13:45:00,16.67
2023-08-16 14:00:00,16.7
2023-08-16 14:15:00,16.68
2023-08-16 14:30:00,16.69
2023-08-16 14:45:00,16.77
2023-08-16 15:00:00,16.91
2023-08-16 15:15:00,16.88
2023-08-16 15:30:00,16.81
2023-08-16 15:45:00,16.79
2023-08-16 16:00:00,16.76
2023-08-16 16:15:00,16.82
2023-08-16 16:30:00,16.81
2023-08-16 16:45:00,16.83
2023-08-16 17:00:00,16.8
2023-08-16 17:15:00,16.78
2023-08-16 17:30:00,16.71
2023-08-16 17:45:00,16.62
2023-08-16 18:00:00,16.56
2023-08-16 18:15:00,16.5
2023-08-16 18:30:00,16.39
2023-08-16 18:45:00,16.31
2023-08-16 19:00:00,16.19
2023-08-16 19:15:00,15.94
2023-08-16 19:30:00,15.59
2023-08-16 19:45:00,15.22
2023-08-16 20:00:00,14.97
2023-08-16 20:15:00,14.68
2023-08-16 20:30:00,14.45
2023-08-16 20:45:00,14.29
2023-08-16 21:00:00,14.2
2023-08-16 21:15:00,14.07
2023-08-16 21:30:00,13.96
2023-08-16 21:45:00,13.77
2023-08-16 22:00:00,13.63
2023-08-16 22:15:00,13.51
2023-08-16 22:30:00,13.42
2023-08-16 22:45:00,13.32
2023-08-16 23:00:00,13.24
2023-08-16 23:15:00,13.13
2023-08-16 23:30:00,13.02
2023-08-16 23:45:00,12.95
2023-08-17 00:00:00,12.85
2023-08-17 00:15:00,12.77
2023-08-17 00:30:00,12.68
2023-08-17 00:45:00,12.6
2023-08-17 01:00:00,12.53
2023-08-17 01:15:00,12.43
2023-08-17 01:30:00,12.35
2023-08-17 01:45:00,12.29
2023-08-17 02:00:00,12.23
2023-08-17 02:15:00,12.16
2023-08-17 02:30:00,12.08
2023-08-17 02:45:00,12.08
2023-08-17 03:00:00,12.03
2023-08-17 03:15:00,12.01
2023-08-17 03:30:00,11.99
2023-08-17 03:45:00,11.95
2023-08-17 04:00:00,11.89
2023-08-17 04:15:00,11.87
2023-08-17 04:30:00,11.9
2023-08-17 04:45:00,11.9
2023-08-17 05:00:00,11.93
2023-08-17 05:15:00,12.15
2023-08-17 05:30:00,12.46
2023-08-17 05:45:00,12.68
2023-08-17 06:00:00,12.85
2023-08-17 06:15:00,13.05
2023-08-17 06:30:00,13.26
2023-08-17 06:45:00,13.43
2023-08-17 07:00:00,13.59
2023-08-17 07:15:00,13.72
2023-08-17 07:30:00,13.82
2023-08-17 07:45:00,13.92
2023-08-17 08:00:00,14.03
2023-08-17 08:15:00,14.1
2023-08-17 08:30:00,14.18
2023-08-17 08:45:00,14.24
2023-08-17 09:00:00,14.31
2023-08-17 09:15:00,14.4
2023-08-17 09:30:00,14.48
2023-08-17 09:45:00,14.6
2023-08-17 10:00:00,14.64
2023-08-17 10:15:00,14.72
2023-08-17 10:30:00,14.85
2023-08-17 10:45:00,14.91
2023-08-17 11:00:00,14.99
2023-08-17 11:15:00,15.16
2023-08-17 11:30:00,15.28
2023-08-17 11:45:00,15.33
2023-08-17 12:00:00,15.48
2023-08-17 12:15:00,15.66
2023-08-17 12:30:00,15.77
2023-08-17 12:45:00,15.88
2023-08-17 13:00:00,16.06
2023-08-17 13:15:00,16.5
2023-08-17 13:30:00,16.67
2023-08-17 13:45:00,16.95
2023-08-17 14:00:00,17.51
2023-08-17 14:15:00,17.57
2023-08-17 14:30:00,17.36
2023-08-17 14:45:00,17.71
2023-08-17 15:00:00,18.14
2023-08-17 15:15:00,18.34
2023-08-17 15:30:00,18.83
2023-08-17 15:45:00,19.02
2023-08-17 16:00:00,18.96
2023-08-17 16:15:00,19.33
2023-08-17 16:30:00,18.91
2023-08-17 16:45:00,18.89
2023-08-17 17:00:00,18.94
2023-08-17 17:15:00,18.67
2023-08-17 17:30:00,18.58
2023-08-17 17:45:00,18.38
2023-08-17 18:00:00,18.01
2023-08-17 18:15:00,17.75
2023-08-17 18:30:00,17.57
2023-08-17 18:45:00,17.24
2023-08-17 19:00:00,16.97
2023-08-17 19:15:00,16.79
2023-08-17 19:30:00,16.67
2023-08-17 19:45:00,16.62
2023-08-17 20:00:00,16.56
2023-08-17 20:15:00,16.52
2023-08-17 20:30:00,16.45
2023-08-17 20:45:00,16.4
2023-08-17 21:00:00,16.35
2023-08-17 21:15:00,16.3
2023-08-17 21:30:00,16.27
2023-08-17 21:45:00,16.23
2023-08-17 22:00:00,16.19
2023-08-17 22:15:00,16.18
2023-08-17 22:30:00,16.14
2023-08-17 22:45:00,16.09
2023-08-17 23:00:00,16.03
2023-08-17 23:15:00,15.93
2023-08-17 23:30:00,15.85
2023-08-17 23:45:00,15.71
2023-08-18 00:00:00,15.61
2023-08-18 00:15:00,15.52
2023-08-18 00:30:00,15.44
2023-08-18 00:45:00,15.43
2023-08-18 01:00:00,15.43
2023-08-18 01:15:00,15.46
2023-08-18 01:30:00,15.53
2023-08-18 01:45:00,15.57
2023-08-18 02:00:00,15.59
2023-08-18 02:15:00,15.62
2023-08-18 02:30:00,15.69
2023-08-18 02:45:00,15.73
2023-08-18 03:00:00,15.76
2023-08-18 03:15:00,15.77
2023-08-18 03:30:00,15.76
2023-08-18 03:45:00,15.79
2023-08-18 04:00:00,15.88
2023-08-18 04:15:00,16
2023-08-18 04:30:00,16.02
2023-08-18 04:45:00,16.21
2023-08-18 05:00:00,16.36
2023-08-18 05:15:00,16.32
2023-08-18 05:30:00,16.22
2023-08-18 05:45:00,16.21
2023-08-18 06:00:00,16.21
2023-08-18 06:15:00,16.21
2023-08-18 06:30:00,16.31
2023-08-18 06:45:00,16.4
2023-08-18 07:00:00,16.56
2023-08-18 07:15:00,16.79
2023-08-18 07:30:00,16.73
2023-08-18 07:45:00,16.57
2023-08-18 08:00:00,16.8
2023-08-18 08:15:00,17.06
2023-08-18 08:30:00,17.2
2023-08-18 08:45:00,17.42
2023-08-18 09:00:00,17.76
2023-08-18 09:15:00,17.55
2023-08-18 09:30:00,17.45
2023-08-18 09:45:00,18.01
2023-08-18 10:00:00,18.4
2023-08-18 10:15:00,18.91
2023-08-18 10:30:00,19.15
2023-08-18 10:45:00,19.62
2023-08-18 11:00:00,19.8
2023-08-18 11:15:00,20.09
2023-08-18 11:30:00,20.47
2023-08-18 11:45:00,20.62
2023-08-18 12:00:00,20.26
2023-08-18 12:15:00,20.26
2023-08-18 12:30:00,20.36
2023-08-18 12:45:00,20.33
2023-08-18 13:00:00,20.2
2023-08-18 13:15:00,20.18
2023-08-18 13:30:00,20.37
2023-08-18 13:45:00,20.54
2023-08-18 14:00:00,20.07
2023-08-18 14:15:00,20.43
2023-08-18 14:30:00,20.34
2023-08-18 14:45:00,20.18
2023-08-18 15:00:00,19.87
2023-08-18 15:15:00,20.09
2023-08-18 15:30:00,20.11
2023-08-18 15:45:00,20.09
2023-08-18 16:00:00,20.26
2023-08-18 16:15:00,19.96
2023-08-18 16:30:00,19.92
2023-08-18 16:45:00,19.84
2023-08-18 17:00:00,19.32
2023-08-18 17:15:00,19.12
2023-08-18 17:30:00,19.02
2023-08-18 17:45:00,18.67
2023-08-18 18:00:00,18.25
2023-08-18 18:15:00,18
2023-08-18 18:30:00,17.73
2023-08-18 18:45:00,17.19
2023-08-18 19:00:00,16.51
2023-08-18 19:15:00,15.85
2023-08-18 19:30:00,15.3
2023-08-18 19:45:00,14.7
2023-08-18 20:00:00,14.15
2023-08-18 20:15:00,13.75
2023-08-18 20:30:00,13.39
2023-08-18 20:45:00,13.15
2023-08-18 21:00:00,12.97
2023-08-18 21:15:00,12.78
2023-08-18 21:30:00,12.52
2023-08-18 21:45:00,12.19
2023-08-18 22:00:00,11.92
2023-08-18 22:15:00,11.65
2023-08-18 22:30:00,11.44
2023-08-18 22:45:00,11.35
2023-08-18 23:00:00,11.17
2023-08-18 23:15:00,11.09
2023-08-18 23:30:00,11.25
2023-08-18 23:45:00,11.25
2023-08-19 00:00:00,10.95
2023-08-19 00:15:00,10.65
2023-08-19 00:30:00,10.33
2023-08-19 00:45:00,10.2
2023-08-19 01:00:00,9.98
2023-08-19 01:15:00,10.02
2023-08-19 01:30:00,10.13
2023-08-19 01:45:00,9.99
2023-08-19 02:00:00,9.82
2023-08-19 02:15:00,9.62
2023-08-19 02:30:00,9.55
2023-08-19 02:45:00,9.45
2023-08-19 03:00:00,9.3
2023-08-19 03:15:00,9.19
2023-08-19 03:30:00,9.07
2023-08-19 03:45:00,9.03
2023-08-19 04:00:00,8.97
2023-08-19 04:15:00,8.89
2023-08-19 04:30:00,8.7
2023-08-19 04:45:00,8.57
2023-08-19 05:00:00,8.48
2023-08-19 05:15:00,8.52
2023-08-19 05:30:00,8.57
2023-08-19 05:45:00,8.72
2023-08-19 06:00:00,9.05
2023-08-19 06:15:00,9.63
2023-08-19 06:30:00,10.25
2023-08-19 06:45:00,10.6
2023-08-19 07:00:00,10.84
2023-08-19 07:15:00,11.12
2023-08-19 07:30:00,11.43
2023-08-19 07:45:00,11.66
2023-08-19 08:00:00,11.88
2023-08-19 08:15:00,12.09
2023-08-19 08:30:00,12.29
2023-08-19 08:45:00,12.45
2023-08-19 09:00:00,12.66
2023-08-19 09:15:00,12.82
2023-08-19 09:30:00,12.97
2023-08-19 09:45:00,13.09
2023-08-19 10:00:00,13.21
2023-08-19 10:15:00,13.36
2023-08-19 10:30:00,13.48
2023-08-19 10:45:00,13.61
2023-08-19 11:00:00,13.72
2023-08-19 11:15:00,13.8
2023-08-19 11:30:00,13.86
2023-08-19 11:45:00,13.94
2023-08-19 12:00:00,14.07
2023-08-19 12:15:00,14.14
2023-08-19 12:30:00,14.25
2023-08-19 12:45:00,14.3
2023-08-19 13:00:00,14.36
2023-08-19 13:15:00,14.46
2023-08-19 13:30:00,14.5
2023-08-19 13:45:00,14.58
2023-08-19 14:00:00,14.66
2023-08-19 14:15:00,14.68
2023-08-19 14:30:00,14.83
2023-08-19 14:45:00,14.85
2023-08-19 15:00:00,14.86
2023-08-19 15:15:00,14.95
2023-08-19 15:30:00,15
2023-08-19 15:45:00,15.01
2023-08-19 16:00:00,15
2023-08-19 16:15:00,15.01
2023-08-19 16:30:00,15.01
2023-08-19 16:45:00,15.01
2023-08-19 17:00:00,15.02
2023-08-19 17:15:00,14.98
2023-08-19 17:30:00,14.97
2023-08-19 17:45:00,14.96
2023-08-19 18:00:00,14.94
2023-08-19 18:15:00,14.89
2023-08-19 18:30:00,14.82
2023-08-19 18:45:00,14.67
2023-08-19 19:00:00,14.4
2023-08-19 19:15:00,14.13
2023-08-19 19:30:00,14.01
2023-08-19 19:45:00,13.9
2023-08-19 20:00:00,13.77
2023-08-19 20:15:00,13.71
2023-08-19 20:30:00,13.82
2023-08-19 20:45:00,13.85
2023-08-19 21:00:00,13.8
2023-08-19 21:15:00,13.7
2023-08-19 21:30:00,13.63
2023-08-19 21:45:00,13.45
2023-08-19 22:00:00,13.27
2023-08-19 22:15:00,13.19
2023-08-19 22:30:00,13.09
2023-08-19 22:45:00,12.9
2023-08-19 23:00:00,12.7
2023-08-19 23:15:00,12.39
2023-08-19 23:30:00,12.11
2023-08-19 23:45:00,11.86
2023-08-20 00:00:00,11.69
2023-08-20 00:15:00,11.53
2023-08-20 00:30:00,11.33
2023-08-20 00:45:00,11.2
2023-08-20 01:00:00,11.1
2023-08-20 01:15:00,11
2023-08-20 01:30:00,10.93
2023-08-20 01:45:00,10.83
2023-08-20 02:00:00,10.73
2023-08-20 02:15:00,10.64
2023-08-20 02:30:00,10.57
2023-08-20 02:45:00,10.45
2023-08-20 03:00:00,10.34
2023-08-20 03:15:00,10.27
2023-08-20 03:30:00,10.21
2023-08-20 03:45:00,10.15
2023-08-20 04:00:00,10.12
2023-08-20 04:15:00,10.08
2023-08-20 04:30:00,10
2023-08-20 04:45:00,9.96
2023-08-20 05:00:00,9.95
2023-08-20 05:15:00,9.98
2023-08-20 05:30:00,10.05
2023-08-20 05:45:00,10.21
2023-08-20 06:00:00,10.51
2023-08-20 06:15:00,10.8
2023-08-20 06:30:00,11.09
2023-08-20 06:45:00,11.33
2023-08-20 07:00:00,11.52
2023-08-20 07:15:00,11.72
2023-08-20 07:30:00,11.87
2023-08-20 07:45:00,12.03
2023-08-20 08:00:00,12.19
2023-08-20 08:15:00,12.3
2023-08-20 08:30:00,12.44
2023-08-20 08:45:00,12.52
2023-08-20 09:00:00,12.61
2023-08-20 09:15:00,12.67
2023-08-20 09:30:00,12.78
2023-08-20 09:45:00,12.86
2023-08-20 10:00:00,12.95
2023-08-20 10:15:00,13.02
2023-08-20 10:30:00,13.11
2023-08-20 10:45:00,13.17
2023-08-20 11:00:00,13.24
2023-08-20 11:15:00,13.29
2023-08-20 11:30:00,13.34
2023-08-20 11:45:00,13.41
2023-08-20 12:00:00,13.45
2023-08-20 12:15:00,13.51
2023-08-20 12:30:00,13.54
2023-08-20 12:45:00,13.58
2023-08-20 13:00:00,13.65
2023-08-20 13:15:00,13.69
2023-08-20 13:30:00,13.75
2023-08-20 13:45:00,13.81
2023-08-20 14:00:00,13.86
2023-08-20 14:15:00,13.9
2023-08-20 14:30:00,13.96
2023-08-20 14:45:00,13.99
2023-08-20 15:00:00,14.03
2023-08-20 15:15:00,14.08
2023-08-20 15:30:00,14.11
2023-08-20 15:45:00,14.13
2023-08-20 16:00:00,14.16
2023-08-20 16:15:00,14.2
2023-08-20 16:30:00,14.19
2023-08-20 16:45:00,14.2
2023-08-20 17:00:00,14.2
2023-08-20 17:15:00,14.19
2023-08-20 17:30:00,14.19
2023-08-20 17:45:00,14.2
2023-08-20 18:00:00,14.19
2023-08-20 18:15:00,14.17
2023-08-20 18:30:00,14.14
2023-08-20 18:45:00,14.13
2023-08-20 19:00:00,14.06
2023-08-20 19:15:00,13.98
2023-08-20 19:30:00,13.87
2023-08-20 19:45:00,13.79
2023-08-20 20:00:00,13.71
2023-08-20 20:15:00,13.64
2023-08-20 20:30:00,13.68
2023-08-20 20:45:00,13.74
2023-08-20 21:00:00,13.79
2023-08-20 21:15:00,13.81
2023-08-20 21:30:00,13.84
2023-08-20 21:45:00,13.86
2023-08-20 22:00:00,13.88
2023-08-20 22:15:00,13.89
2023-08-20 22:30:00,13.91
2023-08-20 22:45:00,13.93
2023-08-20 23:00:00,13.93
2023-08-20 23:15:00,13.94
2023-08-20 23:30:00,13.94
2023-08-20 23:45:00,13.94
2023-08-21 00:00:00,13.95
2023-08-21 00:15:00,13.95
2023-08-21 00:30:00,13.96
2023-08-21 00:45:00,13.96
2023-08-21 01:00:00,13.97
2023-08-21 01:15:00,13.97
2023-08-21 01:30:00,13.97
2023-08-21 01:45:00,13.96
2023-08-21 02:00:00,13.98
2023-08-21 02:15:00,13.98
2023-08-21 02:30:00,13.97
2023-08-21 02:45:00,13.96
2023-08-21 03:00:00,13.96
2023-08-21 03:15:00,13.95
2023-08-21 03:30:00,13.95
2023-08-21 03:45:00,13.96
2023-08-21 04:00:00,13.96
2023-08-21 04:15:00,13.94
2023-08-21 04:30:00,13.96
2023-08-21 04:45:00,13.96
2023-08-21 05:00:00,13.96
2023-08-21 05:15:00,13.96
2023-08-21 05:30:00,13.96
2023-08-21 05:45:00,13.99
2023-08-21 06:00:00,14
2023-08-21 06:15:00,14.01
2023-08-21 06:30:00,14.03
2023-08-21 06:45:00,14.04
2023-08-21 07:00:00,14.04
2023-08-21 07:15:00,14.07
2023-08-21 07:30:00,14.13
2023-08-21 07:45:00,14.17
2023-08-21 08:00:00,14.17
2023-08-21 08:15:00,14.18
2023-08-21 08:30:00,14.19
2023-08-21 08:45:00,14.18
2023-08-21 09:00:00,14.22
2023-08-21 09:15:00,14.26
2023-08-21 09:30:00,14.33
2023-08-21 09:45:00,14.31
2023-08-21 10:00:00,14.3
2023-08-21 10:15:00,14.32
2023-08-21 10:30:00,14.37
2023-08-21 10:45:00,14.36
2023-08-21 11:00:00,14.39
2023-08-21 11:15:00,14.38
2023-08-21 11:30:00,14.42
2023-08-21 11:45:00,14.46
2023-08-21 12:00:00,14.51
2023-08-21 12:15:00,14.52
2023-08-21 12:30:00,14.52
2023-08-21 12:45:00,14.52
2023-08-21 13:00:00,14.53
2023-08-21 13:15:00,14.54
2023-08-21 13:30:00,14.54
2023-08-21 13:45:00,14.57
2023-08-21 14:00:00,14.57
2023-08-21 14:15:00,14.59
2023-08-21 14:30:00,14.62
2023-08-21 14:45:00,14.64
2023-08-21 15:00:00,14.65
2023-08-21 15:15:00,14.66
2023-08-21 15:30:00,14.68
2023-08-21 15:45:00,14.69
2023-08-21 16:00:00,14.69
2023-08-21 16:15:00,14.69
2023-08-21 16:30:00,14.72
2023-08-21 16:45:00,14.72
2023-08-21 17:00:00,14.75
2023-08-21 17:15:00,14.73
2023-08-21 17:30:00,14.74
2023-08-21 17:45:00,14.75
2023-08-21 18:00:00,14.74
2023-08-21 18:15:00,14.74
2023-08-21 18:30:00,14.71
2023-08-21 18:45:00,14.7
2023-08-21 19:00:00,14.69
2023-08-21 19:15:00,14.66
2023-08-21 19:30:00,14.65
2023-08-21 19:45:00,14.6
2023-08-21 20:00:00,14.53
2023-08-21 20:15:00,14.48
2023-08-21 20:30:00,14.45
2023-08-21 20:45:00,14.44
2023-08-21 21:00:00,14.42
2023-08-21 21:15:00,14.42
2023-08-21 21:30:00,14.43
2023-08-21 21:45:00,14.42
2023-08-21 22:00:00,14.41
2023-08-21 22:15:00,14.39
2023-08-21 22:30:00,14.37
2023-08-21 22:45:00,14.35
2023-08-21 23:00:00,14.35
2023-08-21 23:15:00,14.35
2023-08-21 23:30:00,14.33
2023-08-21 23:45:00,14.31
2023-08-22 00:00:00,14.29
2023-08-22 00:15:00,14.27
2023-08-22 00:30:00,14.27
2023-08-22 00:45:00,14.26
2023-08-22 01:00:00,14.26
2023-08-22 01:15:00,14.25
2023-08-22 01:30:00,14.25
2023-08-22 01:45:00,14.27
2023-08-22 02:00:00,14.27
2023-08-22 02:15:00,14.26
2023-08-22 02:30:00,14.26
2023-08-22 02:45:00,14.31
2023-08-22 03:00:00,14.32
2023-08-22 03:15:00,14.3
2023-08-22 03:30:00,14.29
2023-08-22 03:45:00,14.28
2023-08-22 04:00:00,14.28
2023-08-22 04:15:00,14.28
2023-08-22 04:30:00,14.3
2023-08-22 04:45:00,14.32
2023-08-22 05:00:00,14.3
2023-08-22 05:15:00,14.32
2023-08-22 05:30:00,14.39
2023-08-22 05:45:00,14.32
2023-08-22 06:00:00,14.26
2023-08-22 06:15:00,14.2
2023-08-22 06:30:00,14.18
2023-08-22 06:45:00,14.16
2023-08-22 07:00:00,14.14
2023-08-22 07:15:00,14.11
2023-08-22 07:30:00,14.09
2023-08-22 07:45:00,14.06
2023-08-22 08:00:00,14.02
2023-08-22 08:15:00,14
2023-08-22 08:30:00,13.97
2023-08-22 08:45:00,13.97
2023-08-22 09:00:00,13.95
2023-08-22 09:15:00,13.96
2023-08-22 09:30:00,13.96
2023-08-22 09:45:00,13.97
2023-08-22 10:00:00,13.99
2023-08-22 10:15:00,14.03
2023-08-22 10:30:00,14.03
2023-08-22 10:45:00,14.04
2023-08-22 11:00:00,14.07
2023-08-22 11:15:00,14.11
2023-08-22 11:30:00,14.11
2023-08-22 11:45:00,14.13
2023-08-22 12:00:00,14.12
2023-08-22 12:15:00,14.13
2023-08-22 12:30:00,14.14
2023-08-22 12:45:00,14.14
2023-08-22 13:00:00,14.14
2023-08-22 13:15:00,14.13
2023-08-22 13:30:00,14.15
2023-08-22 13:45:00,14.16
2023-08-22 14:00:00,14.16
2023-08-22 14:15:00,14.17
2023-08-22 14:30:00,14.21
2023-08-22 14:45:00,14.2
2023-08-22 15:00:00,14.23
2023-08-22 15:15:00,14.24
2023-08-22 15:30:00,14.21
2023-08-22 15:45:00,14.19
2023-08-22 16:00:00,14.15
2023-08-22 16:15:00,14.11
2023-08-22 16:30:00,14.06
2023-08-22 16:45:00,14.08
2023-08-22 17:00:00,14.08
2023-08-22 17:15:00,14.09
2023-08-22 17:30:00,14.06
2023-08-22 17:45:00,14.04
2023-08-22 18:00:00,14.04
2023-08-22 18:15:00,14.03
2023-08-22 18:30:00,14.05
2023-08-22 18:45:00,14.01
2023-08-22 19:00:00,13.95
2023-08-22 19:15:00,13.85
2023-08-22 19:30:00,13.86
2023-08-22 19:45:00,13.87
2023-08-22 20:00:00,13.88
2023-08-22 20:15:00,13.89
2023-08-22 20:30:00,13.91
2023-08-22 20:45:00,13.91
2023-08-22 21:00:00,13.89
2023-08-22 21:15:00,13.92
2023-08-22 21:30:00,13.91
2023-08-22 21:45:00,13.88
2023-08-22 22:00:00,13.85
2023-08-22 22:15:00,13.81
2023-08-22 22:30:00,13.79
2023-08-22 22:45:00,13.78
2023-08-22 23:00:00,13.75
2023-08-22 23:15:00,13.74
2023-08-22 23:30:00,13.75
2023-08-22 23:45:00,13.79
2023-08-23 00:00:00,13.75
2023-08-23 00:15:00,13.74
2023-08-23 00:30:00,13.72
2023-08-23 00:45:00,13.67
2023-08-23 01:00:00,13.61
2023-08-23 01:15:00,13.5
2023-08-23 01:30:00,13.44
2023-08-23 01:45:00,13.35
2023-08-23 02:00:00,13.22
2023-08-23 02:15:00,13.07
2023-08-23 02:30:00,13.05
2023-08-23 02:45:00,13.1
2023-08-23 03:00:00,13.02
2023-08-23 03:15:00,12.93
2023-08-23 03:30:00,12.88
2023-08-23 03:45:00,12.69
2023-08-23 04:00:00,12.54
2023-08-23 04:15:00,12.48
2023-08-23 04:30:00,12.48
2023-08-23 04:45:00,12.5
2023-08-23 05:00:00,12.5
2023-08-23 05:15:00,12.38
2023-08-23 05:30:00,12.19
2023-08-23 05:45:00,12.01
2023-08-23 06:00:00,11.94
2023-08-23 06:15:00,12.06
2023-08-23 06:30:00,12.2
2023-08-23 06:45:00,12.29
2023-08-23 07:00:00,12.37
2023-08-23 07:15:00,12.48
2023-08-23 07:30:00,12.54
2023-08-23 07:45:00,12.58
2023-08-23 08:00:00,12.63
2023-08-23 08:15:00,12.64
2023-08-23 08:30:00,12.67
2023-08-23 08:45:00,12.72
2023-08-23 09:00:00,12.8
2023-08-23 09:15:00,12.86
2023-08-23 09:30:00,12.92
2023-08-23 09:45:00,12.97
2023-08-23 10:00:00,12.99
2023-08-23 10:15:00,13.09
2023-08-23 10:30:00,13.14
2023-08-23 10:45:00,13.22
2023-08-23 11:00:00,13.28
2023-08-23 11:15:00,13.34
2023-08-23 11:30:00,13.41
2023-08-23 11:45:00,13.48
2023-08-23 12:00:00,13.52
2023-08-23 12:15:00,13.6
2023-08-23 12:30:00,13.65
2023-08-23 12:45:00,13.68
2023-08-23 13:00:00,13.74
2023-08-23 13:15:00,13.78
2023-08-23 13:30:00,13.8
2023-08-23 13:45:00,13.78
2023-08-23 14:00:00,13.8
2023-08-23 14:15:00,13.87
2023-08-23 14:30:00,13.89
2023-08-23 14:45:00,13.96
2023-08-23 15:00:00,14.02
2023-08-23 15:15:00,14.09
2023-08-23 15:30:00,14.07
2023-08-23 15:45:00,14.11
2023-08-23 16:00:00,14.09
2023-08-23 16:15:00,14.13
2023-08-23 16:30:00,14.12
2023-08-23 16:45:00,14.13
2023-08-23 17:00:00,14.14
2023-08-23 17:15:00,14.13
2023-08-23 17:30:00,14.1
2023-08-23 17:45:00,14.04
2023-08-23 18:00:00,13.96
2023-08-23 18:15:00,13.83
2023-08-23 18:30:00,13.62
2023-08-23 18:45:00,13.39
2023-08-23 19:00:00,13.16
2023-08-23 19:15:00,12.93
2023-08-23 19:30:00,12.63
2023-08-23 19:45:00,12.52
2023-08-23 20:00:00,12.22
2023-08-23 20:15:00,11.98
2023-08-23 20:30:00,11.74
2023-08-23 20:45:00,11.5
2023-08-23 21:00:00,11.31
2023-08-23 21:15:00,11.15
2023-08-23 21:30:00,10.96
2023-08-23 21:45:00,10.79
2023-08-23 22:00:00,10.63
2023-08-23 22:15:00,10.47
2023-08-23 22:30:00,10.31
2023-08-23 22:45:00,10.21
2023-08-23 23:00:00,10.04
2023-08-23 23:15:00,9.93
2023-08-23 23:30:00,9.84
2023-08-23 23:45:00,9.72
2023-08-24 00:00:00,9.63
2023-08-24 00:15:00,9.5
2023-08-24 00:30:00,9.41
2023-08-24 00:45:00,9.27
2023-08-24 01:00:00,9.16
2023-08-24 01:15:00,9.03
2023-08-24 01:30:00,8.92
2023-08-24 01:45:00,8.82
2023-08-24 02:00:00,8.7
2023-08-24 02:15:00,8.64
2023-08-24 02:30:00,8.56
2023-08-24 02:45:00,8.44
2023-08-24 03:00:00,8.29
2023-08-24 03:15:00,8.2
2023-08-24 03:30:00,8.17
2023-08-24 03:45:00,8.13
2023-08-24 04:00:00,8.07
2023-08-24 04:15:00,7.96
2023-08-24 04:30:00,7.93
2023-08-24 04:45:00,7.9
2023-08-24 05:00:00,7.94
2023-08-24 05:15:00,7.9
2023-08-24 05:30:00,7.89
2023-08-24 05:45:00,7.99
2023-08-24 06:00:00,8.16
2023-08-24 06:15:00,8.53
2023-08-24 06:30:00,8.96
2023-08-24 06:45:00,9.21
2023-08-24 07:00:00,9.26
2023-08-24 07:15:00,9.39
2023-08-24 07:30:00,9.64
2023-08-24 07:45:00,9.91
2023-08-24 08:00:00,10.14
2023-08-24 08:15:00,10.35
2023-08-24 08:30:00,10.57
2023-08-24 08:45:00,10.74
2023-08-24 09:00:00,10.87
2023-08-24 09:15:00,11
2023-08-24 09:30:00,11.1
2023-08-24 09:45:00,11.22
2023-08-24 10:00:00,11.33
2023-08-24 10:15:00,11.42
2023-08-24 10:30:00,11.5
2023-08-24 10:45:00,11.59
2023-08-24 11:00:00,11.69
2023-08-24 11:15:00,11.77
2023-08-24 11:30:00,11.84
2023-08-24 11:45:00,11.92
2023-08-24 12:00:00,12
2023-08-24 12:15:00,12.05
2023-08-24 12:30:00,12.13
2023-08-24 12:45:00,12.21
2023-08-24 13:00:00,12.3
2023-08-24 13:15:00,12.36
2023-08-24 13:30:00,12.43
2023-08-24 13:45:00,12.52
2023-08-24 14:00:00,12.58
2023-08-24 14:15:00,12.63
2023-08-24 14:30:00,12.69
2023-08-24 14:45:00,12.76
2023-08-24 15:00:00,12.81
2023-08-24 15:15:00,12.88
2023-08-24 15:30:00,12.93
2023-08-24 15:45:00,12.98
2023-08-24 16:00:00,13.02
2023-08-24 16:15:00,13.08
2023-08-24 16:30:00,13.11
2023-08-24 16:45:00,13.15
2023-08-24 17:00:00,13.18
2023-08-24 17:15:00,13.2
2023-08-24 17:30:00,13.22
2023-08-24 17:45:00,13.24
2023-08-24 18:00:00,13.24
2023-08-24 18:15:00,13.22
2023-08-24 18:30:00,13.15
2023-08-24 18:45:00,13.02
2023-08-24 19:00:00,12.85
2023-08-24 19:15:00,12.63
2023-08-24 19:30:00,12.46
2023-08-24 19:45:00,12.36
2023-08-24 20:00:00,12.26
2023-08-24 20:15:00,12.06
2023-08-24 20:30:00,11.82
2023-08-24 20:45:00,11.69
2023-08-24 21:00:00,11.57
2023-08-24 21:15:00,11.43
2023-08-24 21:30:00,11.32
2023-08-24 21:45:00,11.29
2023-08-24 22:00:00,11.18
2023-08-24 22:15:00,11.07
2023-08-24 22:30:00,10.92
2023-08-24 22:45:00,10.85
2023-08-24 23:00:00,10.83
2023-08-24 23:15:00,10.71
2023-08-24 23:30:00,10.71
2023-08-24 23:45:00,10.63
2023-08-25 00:00:00,10.54
2023-08-25 00:15:00,10.47
2023-08-25 00:30:00,10.37
2023-08-25 00:45:00,10.32
2023-08-25 01:00:00,10.33
2023-08-25 01:15:00,10.23
2023-08-25 01:30:00,10.21
2023-08-25 01:45:00,10.17
2023-08-25 02:00:00,10.07
2023-08-25 02:15:00,10.02
2023-08-25 02:30:00,10
2023-08-25 02:45:00,10.02
2023-08-25 03:00:00,9.98
2023-08-25 03:15:00,10.02
2023-08-25 03:30:00,10.24
2023-08-25 03:45:00,10.36
2023-08-25 04:00:00,10.31
2023-08-25 04:15:00,10.29
2023-08-25 04:30:00,10.16
2023-08-25 04:45:00,10.04
2023-08-25 05:00:00,10.03
2023-08-25 05:15:00,10.18
2023-08-25 05:30:00,10.38
2023-08-25 05:45:00,10.58
2023-08-25 06:00:00,10.7
2023-08-25 06:15:00,10.81
2023-08-25 06:30:00,10.91
2023-08-25 06:45:00,11.03
2023-08-25 07:00:00,11.1
2023-08-25 07:15:00,11.25
2023-08-25 07:30:00,11.34
2023-08-25 07:45:00,11.38
2023-08-25 08:00:00,11.48
2023-08-25 08:15:00,11.52
2023-08-25 08:30:00,11.64
2023-08-25 08:45:00,11.67
2023-08-25 09:00:00,11.71
2023-08-25 09:15:00,11.75
2023-08-25 09:30:00,11.79
2023-08-25 09:45:00,11.85
2023-08-25 10:00:00,11.92
2023-08-25 10:15:00,11.92
2023-08-25 10:30:00,11.92
2023-08-25 10:45:00,11.95
2023-08-25 11:00:00,11.98
2023-08-25 11:15:00,12.01
2023-08-25 11:30:00,12.02
2023-08-25 11:45:00,12.07
2023-08-25 12:00:00,12.09
2023-08-25 12:15:00,12.12
2023-08-25 12:30:00,12.18
2023-08-25 12:45:00,12.21
2023-08-25 13:00:00,12.3
2023-08-25 13:15:00,12.42
2023-08-25 13:30:00,12.56
2023-08-25 13:45:00,12.63
2023-08-25 14:00:00,12.72
2023-08-25 14:15:00,12.79
2023-08-25 14:30:00,12.78
2023-08-25 14:45:00,12.8
2023-08-25 15:00:00,12.9
2023-08-25 15:15:00,12.97
2023-08-25 15:30:00,13.01
2023-08-25 15:45:00,13.03
2023-08-25 16:00:00,13.08
2023-08-25 16:15:00,13.13
2023-08-25 16:30:00,13.17
2023-08-25 16:45:00,13.2
2023-08-25 17:00:00,13.22
2023-08-25 17:15:00,13.25
2023-08-25 17:30:00,13.27
2023-08-25 17:45:00,13.29
2023-08-25 18:00:00,13.29
2023-08-25 18:15:00,13.31
2023-08-25 18:30:00,13.27
2023-08-25 18:45:00,13.28
2023-08-25 19:00:00,13.22
2023-08-25 19:15:00,13.05
2023-08-25 19:30:00,12.88
2023-08-25 19:45:00,12.75
2023-08-25 20:00:00,12.63
2023-08-25 20:15:00,12.47
2023-08-25 20:30:00,12.34
2023-08-25 20:45:00,12.22
2023-08-25 21:00:00,12.1
2023-08-25 21:15:00,12.02
2023-08-25 21:30:00,11.94
2023-08-25 21:45:00,11.89
2023-08-25 22:00:00,11.82
2023-08-25 22:15:00,11.69
2023-08-25 22:30:00,11.55
2023-08-25 22:45:00,11.47
2023-08-25 23:00:00,11.37
2023-08-25 23:15:00,11.36
2023-08-25 23:30:00,11.31
2023-08-25 23:45:00,11.28
2023-08-26 00:00:00,11.19
2023-08-26 00:15:00,11.13
2023-08-26 00:30:00,11.08
2023-08-26 00:45:00,11
2023-08-26 01:00:00,10.92
2023-08-26 01:15:00,10.91
2023-08-26 01:30:00,10.93
2023-08-26 01:45:00,10.93
2023-08-26 02:00:00,10.86
2023-08-26 02:15:00,10.81
2023-08-26 02:30:00,10.77
2023-08-26 02:45:00,10.74
2023-08-26 03:00:00,10.68
2023-08-26 03:15:00,10.6
2023-08-26 03:30:00,10.59
2023-08-26 03:45:00,10.54
2023-08-26 04:00:00,10.49
2023-08-26 04:15:00,10.48
2023-08-26 04:30:00,10.47
2023-08-26 04:45:00,10.39
2023-08-26 05:00:00,10.35
2023-08-26 05:15:00,10.38
2023-08-26 05:30:00,10.45
2023-08-26 05:45:00,10.61
2023-08-26 06:00:00,10.75
2023-08-26 06:15:00,10.86
2023-08-26 06:30:00,11.06
2023-08-26 06:45:00,11.21
2023-08-26 07:00:00,11.38
2023-08-26 07:15:00,11.55
2023-08-26 07:30:00,11.7
2023-08-26 07:45:00,11.81
2023-08-26 08:00:00,11.96
2023-08-26 08:15:00,12.06
2023-08-26 08:30:00,12.13
2023-08-26 08:45:00,12.22
2023-08-26 09:00:00,12.31
2023-08-26 09:15:00,12.44
2023-08-26 09:30:00,12.48
2023-08-26 09:45:00,12.58
2023-08-26 10:00:00,12.69
2023-08-26 10:15:00,12.81
2023-08-26 10:30:00,12.92
2023-08-26 10:45:00,13.01
2023-08-26 11:00:00,13.09
2023-08-26 11:15:00,13.14
2023-08-26 11:30:00,13.23
2023-08-26 11:45:00,13.33
2023-08-26 12:00:00,13.41
2023-08-26 12:15:00,13.52
2023-08-26 12:30:00,13.63
2023-08-26 12:45:00,13.66
2023-08-26 13:00:00,13.76
2023-08-26 13:15:00,13.79
2023-08-26 13:30:00,13.88
2023-08-26 13:45:00,13.92
2023-08-26 14:00:00,13.99
2023-08-26 14:15:00,14.12
2023-08-26 14:30:00,14.22
2023-08-26 14:45:00,14.19
2023-08-26 15:00:00,14.3
2023-08-26 15:15:00,14.3
2023-08-26 15:30:00,14.34
2023-08-26 15:45:00,14.41
2023-08-26 16:00:00,14.42
2023-08-26 16:15:00,14.45
2023-08-26 16:30:00,14.48
2023-08-26 16:45:00,14.52
2023-08-26 17:00:00,14.61
2023-08-26 17:15:00,14.6
2023-08-26 17:30:00,14.65
2023-08-26 17:45:00,14.67
2023-08-26 18:00:00,14.72
2023-08-26 18:15:00,15.02
2023-08-26 18:30:00,14.88
2023-08-26 18:45:00,14.73
2023-08-26 19:00:00,14.62
2023-08-26 19:15:00,14.54
2023-08-26 19:30:00,14.49
2023-08-26 19:45:00,14.44
2023-08-26 20:00:00,14.41
2023-08-26 20:15:00,14.37
2023-08-26 20:30:00,14.34
2023-08-26 20:45:00,14.28
2023-08-26 21:00:00,14.19
2023-08-26 21:15:00,14.05
2023-08-26 21:30:00,13.98
2023-08-26 21:45:00,13.87
2023-08-26 22:00:00,13.75
2023-08-26 22:15:00,13.69
2023-08-26 22:30:00,13.62
2023-08-26 22:45:00,13.55
2023-08-26 23:00:00,13.5
2023-08-26 23:15:00,13.41
2023-08-26 23:30:00,13.29
2023-08-26 23:45:00,13.17
2023-08-27 00:00:00,13.08
2023-08-27 00:15:00,13.01
2023-08-27 00:30:00,12.87
2023-08-27 00:45:00,12.8
2023-08-27 01:00:00,12.81
2023-08-27 01:15:00,12.79
2023-08-27 01:30:00,12.85
2023-08-27 01:45:00,12.89
2023-08-27 02:00:00,12.94
2023-08-27 02:15:00,12.93
2023-08-27 02:30:00,12.9
2023-08-27 02:45:00,12.9
2023-08-27 03:00:00,12.94
2023-08-27 03:15:00,12.97
2023-08-27 03:30:00,13.02
2023-08-27 03:45:00,13.03
2023-08-27 04:00:00,13.04
2023-08-27 04:15:00,13.02
2023-08-27 04:30:00,12.93
2023-08-27 04:45:00,12.79
2023-08-27 05:00:00,12.69
2023-08-27 05:15:00,12.56
2023-08-27 05:30:00,12.55
2023-08-27 05:45:00,12.57
2023-08-27 06:00:00,12.65
2023-08-27 06:15:00,12.75
2023-08-27 06:30:00,12.87
2023-08-27 06:45:00,12.98
2023-08-27 07:00:00,13.08
2023-08-27 07:15:00,13.18
2023-08-27 07:30:00,13.24
2023-08-27 07:45:00,13.35
2023-08-27 08:00:00,13.42
2023-08-27 08:15:00,13.49
2023-08-27 08:30:00,13.53
2023-08-27 08:45:00,13.55
2023-08-27 09:00:00,13.59
2023-08-27 09:15:00,13.65
2023-08-27 09:30:00,13.71
2023-08-27 09:45:00,13.84
2023-08-27 10:00:00,13.85
2023-08-27 10:15:00,13.9
2023-08-27 10:30:00,13.96
2023-08-27 10:45:00,14.06
2023-08-27 11:00:00,14.16
2023-08-27 11:15:00,14.23
2023-08-27 11:30:00,14.27
2023-08-27 11:45:00,14.36
2023-08-27 12:00:00,14.43
2023-08-27 12:15:00,14.49
2023-08-27 12:30:00,14.53
2023-08-27 12:45:00,14.61
2023-08-27 13:00:00,14.7
2023-08-27 13:15:00,14.8
2023-08-27 13:30:00,14.82
2023-08-27 13:45:00,14.92
2023-08-27 14:00:00,14.92
2023-08-27 14:15:00,15.01
2023-08-27 14:30:00,15.11
2023-08-27 14:45:00,15.1
2023-08-27 15:00:00,15.21
2023-08-27 15:15:00,15.26
2023-08-27 15:30:00,15.3
2023-08-27 15:45:00,15.25
2023-08-27 16:00:00,15.27
2023-08-27 16:15:00,15.3
2023-08-27 16:30:00,15.35
2023-08-27 16:45:00,15.35
2023-08-27 17:00:00,15.34
2023-08-27 17:15:00,15.35
2023-08-27 17:30:00,15.33
2023-08-27 17:45:00,15.33
2023-08-27 18:00:00,15.34
2023-08-27 18:15:00,15.3
2023-08-27 18:30:00,15.27
2023-08-27 18:45:00,15.21
2023-08-27 19:00:00,15.13
2023-08-27 19:15:00,15.01
2023-08-27 19:30:00,14.87
2023-08-27 19:45:00,14.85
2023-08-27 20:00:00,14.84
2023-08-27 20:15:00,14.81
2023-08-27 20:30:00,14.8
2023-08-27 20:45:00,14.76
2023-08-27 21:00:00,14.72
2023-08-27 21:15:00,14.69
2023-08-27 21:30:00,14.65
2023-08-27 21:45:00,14.56
2023-08-27 22:00:00,14.55
2023-08-27 22:15:00,14.49
2023-08-27 22:30:00,14.47
2023-08-27 22:45:00,14.46
2023-08-27 23:00:00,14.39
2023-08-27 23:15:00,14.37
2023-08-27 23:30:00,14.22
2023-08-27 23:45:00,13.96
2023-08-28 00:00:00,13.71
2023-08-28 00:15:00,13.54
2023-08-28 00:30:00,13.41
2023-08-28 00:45:00,13.27
2023-08-28 01:00:00,13.09
2023-08-28 01:15:00,12.93
2023-08-28 01:30:00,12.8
2023-08-28 01:45:00,12.67
2023-08-28 02:00:00,12.55
2023-08-28 02:15:00,12.44
2023-08-28 02:30:00,12.35
2023-08-28 02:45:00,12.36
2023-08-28 03:00:00,12.25
2023-08-28 03:15:00,12.16
2023-08-28 03:30:00,12.1
2023-08-28 03:45:00,11.99
2023-08-28 04:00:00,11.89
2023-08-28 04:15:00,11.83
2023-08-28 04:30:00,11.77
2023-08-28 04:45:00,11.71
2023-08-28 05:00:00,11.71
2023-08-28 05:15:00,11.85
2023-08-28 05:30:00,11.83
2023-08-28 05:45:00,11.96
2023-08-28 06:00:00,12.09
2023-08-28 06:15:00,12.27
2023-08-28 06:30:00,12.46
2023-08-28 06:45:00,12.61
2023-08-28 07:00:00,12.8
2023-08-28 07:15:00,12.95
2023-08-28 07:30:00,13.06
2023-08-28 07:45:00,13.19
2023-08-28 08:00:00,13.29
2023-08-28 08:15:00,13.41
2023-08-28 08:30:00,13.48
2023-08-28 08:45:00,13.56
2023-08-28 09:00:00,13.62
2023-08-28 09:15:00,13.7
2023-08-28 09:30:00,13.76
2023-08-28 09:45:00,13.82
2023-08-28 10:00:00,13.88
2023-08-28 10:15:00,13.92
2023-08-28 10:30:00,13.99
2023-08-28 10:45:00,14.06
2023-08-28 11:00:00,14.12
2023-08-28 11:15:00,14.22
2023-08-28 11:30:00,14.35
2023-08-28 11:45:00,14.47
2023-08-28 12:00:00,14.49
2023-08-28 12:15:00,14.56
2023-08-28 12:30:00,14.53
2023-08-28 12:45:00,14.6
2023-08-28 13:00:00,14.76
2023-08-28 13:15:00,14.86
2023-08-28 13:30:00,14.97
2023-08-28 13:45:00,14.89
2023-08-28 14:00:00,14.92
2023-08-28 14:15:00,15
2023-08-28 14:30:00,15.04
2023-08-28 14:45:00,15.25
2023-08-28 15:00:00,15.28
2023-08-28 15:15:00,15.38
2023-08-28 15:30:00,15.34
2023-08-28 15:45:00,15.35
2023-08-28 16:00:00,15.38
2023-08-28 16:15:00,15.46
2023-08-28 16:30:00,15.44
2023-08-28 16:45:00,15.44
2023-08-28 17:00:00,15.47
2023-08-28 17:15:00,15.46
2023-08-28 17:30:00,15.47
2023-08-28 17:45:00,15.47
2023-08-28 18:00:00,15.42
2023-08-28 18:15:00,15.38
2023-08-28 18:30:00,15.32
2023-08-28 18:45:00,15.18
2023-08-28 19:00:00,14.93
2023-08-28 19:15:00,14.63
2023-08-28 19:30:00,14.41
2023-08-28 19:45:00,14.24
2023-08-28 20:00:00,14.08
2023-08-28 20:15:00,13.87
2023-08-28 20:30:00,13.73
2023-08-28 20:45:00,13.74
2023-08-28 21:00:00,13.73
2023-08-28 21:15:00,13.71
2023-08-28 21:30:00,13.58
2023-08-28 21:45:00,13.46
2023-08-28 22:00:00,13.37
2023-08-28 22:15:00,13.43
2023-08-28 22:30:00,13.43
2023-08-28 22:45:00,13.46
2023-08-28 23:00:00,13.52
2023-08-28 23:15:00,13.53
2023-08-28 23:30:00,13.57
2023-08-28 23:45:00,13.5
2023-08-29 00:00:00,13.49
2023-08-29 00:15:00,13.49
2023-08-29 00:30:00,13.48
2023-08-29 00:45:00,13.48
2023-08-29 01:00:00,13.51
2023-08-29 01:15:00,13.48
2023-08-29 01:30:00,13.52
2023-08-29 01:45:00,13.55
2023-08-29 02:00:00,13.54
2023-08-29 02:15:00,13.52
2023-08-29 02:30:00,13.49
2023-08-29 02:45:00,13.5
2023-08-29 03:00:00,13.52
2023-08-29 03:15:00,13.53
2023-08-29 03:30:00,13.48
2023-08-29 03:45:00,13.48
2023-08-29 04:00:00,13.44
2023-08-29 04:15:00,13.42
2023-08-29 04:30:00,13.42
2023-08-29 04:45:00,13.38
2023-08-29 05:00:00,13.36
2023-08-29 05:15:00,13.38
2023-08-29 05:30:00,13.4
2023-08-29 05:45:00,13.48
2023-08-29 06:00:00,13.56
2023-08-29 06:15:00,13.64
2023-08-29 06:30:00,13.72
2023-08-29 06:45:00,13.82
2023-08-29 07:00:00,13.84
2023-08-29 07:15:00,13.89
2023-08-29 07:30:00,13.92
2023-08-29 07:45:00,13.98
2023-08-29 08:00:00,14.15
2023-08-29 08:15:00,14.28
2023-08-29 08:30:00,14.37
2023-08-29 08:45:00,14.5
2023-08-29 09:00:00,14.56
2023-08-29 09:15:00,14.6
2023-08-29 09:30:00,14.58
2023-08-29 09:45:00,14.6
2023-08-29 10:00:00,14.5
2023-08-29 10:15:00,14.43
2023-08-29 10:30:00,14.37
2023-08-29 10:45:00,14.33
2023-08-29 11:00:00,14.43
2023-08-29 11:15:00,14.58
2023-08-29 11:30:00,14.76
2023-08-29 11:45:00,14.88
2023-08-29 12:00:00,15.02
2023-08-29 12:15:00,15.14
2023-08-29 12:30:00,15.15
2023-08-29 12:45:00,15.08
2023-08-29 13:00:00,14.94
2023-08-29 13:15:00,14.83
2023-08-29 13:30:00,14.85
2023-08-29 13:45:00,15.17
2023-08-29 14:00:00,15.33
2023-08-29 14:15:00,15.43
2023-08-29 14:30:00,15.49
2023-08-29 14:45:00,15.85
2023-08-29 15:00:00,15.87
2023-08-29 15:15:00,16.24
2023-08-29 15:30:00,16.08
2023-08-29 15:45:00,15.71
2023-08-29 16:00:00,15.35
2023-08-29 16:15:00,15.08
2023-08-29 16:30:00,14.84
2023-08-29 16:45:00,14.58
2023-08-29 17:00:00,14.37
2023-08-29 17:15:00,14.24
2023-08-29 17:30:00,14.18
2023-08-29 17:45:00,14.12
2023-08-29 18:00:00,14.09
2023-08-29 18:15:00,14.06
2023-08-29 18:30:00,14.03
2023-08-29 18:45:00,14
2023-08-29 19:00:00,14.02
2023-08-29 19:15:00,14.01
2023-08-29 19:30:00,13.98
2023-08-29 19:45:00,14.01
2023-08-29 20:00:00,13.99
2023-08-29 20:15:00,13.92
2023-08-29 20:30:00,13.86
2023-08-29 20:45:00,13.84
2023-08-29 21:00:00,13.83
2023-08-29 21:15:00,13.85
2023-08-29 21:30:00,13.83
2023-08-29 21:45:00,13.83
2023-08-29 22:00:00,13.81
2023-08-29 22:15:00,13.78
2023-08-29 22:30:00,13.77
2023-08-29 22:45:00,13.72
2023-08-29 23:00:00,13.67
2023-08-29 23:15:00,13.63
2023-08-29 23:30:00,13.58
2023-08-29 23:45:00,13.51
2023-08-30 00:00:00,13.46
2023-08-30 00:15:00,13.39
2023-08-30 00:30:00,13.33
2023-08-30 00:45:00,13.28
2023-08-30 01:00:00,13.22
2023-08-30 01:15:00,13.18
2023-08-30 01:30:00,13.1
2023-08-30 01:45:00,13.09
2023-08-30 02:00:00,13.03
2023-08-30 02:15:00,13.01
2023-08-30 02:30:00,13.02
2023-08-30 02:45:00,13.03
2023-08-30 03:00:00,13.02
2023-08-30 03:15:00,12.99
2023-08-30 03:30:00,13.05
2023-08-30 03:45:00,13.07
2023-08-30 04:00:00,13.01
2023-08-30 04:15:00,12.96
2023-08-30 04:30:00,12.94
2023-08-30 04:45:00,12.9
2023-08-30 05:00:00,12.86
2023-08-30 05:15:00,12.84
2023-08-30 05:30:00,12.8
2023-08-30 05:45:00,12.76
2023-08-30 06:00:00,12.75
2023-08-30 06:15:00,12.74
2023-08-30 06:30:00,12.73
2023-08-30 06:45:00,12.71
2023-08-30 07:00:00,12.71
2023-08-30 07:15:00,12.68
2023-08-30 07:30:00,12.65
2023-08-30 07:45:00,12.61
2023-08-30 08:00:00,12.59
2023-08-30 08:15:00,12.62
2023-08-30 08:30:00,12.64
2023-08-30 08:45:00,12.68
2023-08-30 09:00:00,12.69
2023-08-30 09:15:00,12.68
2023-08-30 09:30:00,12.69
2023-08-30 09:45:00,12.69
2023-08-30 10:00:00,12.72
2023-08-30 10:15:00,12.79
2023-08-30 10:30:00,12.83
2023-08-30 10:45:00,12.88
2023-08-30 11:00:00,12.92
2023-08-30 11:15:00,12.98
2023-08-30 11:30:00,12.98
,
,
,
,
,
,
,
,
,
,
,
,
,
,
,
,
,
,
,
,
,
,
,
,
,
,
,
,
,
,
,
,
,
,
,
,
,
,
,
,
,
,
,
,
,
,
,
,
,
,
,
,
,
,
,
,
,
,
,
,
,
,
,
,
,
,
,
,
,
,
,
,
,
,
,
,
,
,
,
,
,
,
,
,
,
,
,
,
,
,
,
,
,
,
,
,
,
,
,
,
,
,
,
,
,
,
,
,
,
,
,
,
,
,
,
,
,
,
,
,
,
,
,
,
,
,
,
,
,
,
,
,
,
,
,
,
,
,
,
,
,
,
,
,
,
,
,
,
,
,
,
,
,
,
,
,
,
,
,
,
,
,
,
,
,
,
,
,
,
,
,
,
,
,
,
,
,
,
,
,
,
,
,
,
,
,
,
,
,
,
,
,
,
,
,
,
,
,
,
,
,
,
,
,
,
,
,
,
,
,
,
,
,
,
,
,
,
,
,
,
,
,
,
,
,
,
,
,
,
,
,
,
,
,
,
,
,
,
,
,
,
,
,
,
,
,
,
,
,
,
,
,
,
,
,
,
,
,
,
,
,
,
,
,
,
,
,
,
,
,
,
,
,
,
,
,
,
,
,
,
,
,
,
,
,
,
,
,
,
,
,
,
,
,
,
,
,
,
,
,
,
,
,
,
,
,
,
,
,
,
,
,
,
,
,
,
,
,
,
,
,
,
,
,
,
,
,
,
,
,
,
,
,
,
,
,
,
,
,
,
,
,
,
,
,
,
,
,
,
,
,
,
,
,
,
,
,
,
,
,
,
,
,
,
,
,
,
,
,
,
,
,
,
,
,
,
,
,
,
,
,
,
,
,
,
,
,
,
,
,
,
,
,
,
,
,
,
,
,
,
,
,
,
,
,
,
,
,
,
,
,
,
,
,
,
,
,
,
,
,
,
,
,
,
,
,
,
,
,
,
,
,
,
,
,
,
,
,
,
,
,
,
,
,
,
,
,
,
,
,
,
,
,
,
,
,
,
,
,
,
,
,
,
,
,
,
,
,
,
,
,
,
,
,
,
,
,
,
,
,
,
,
,
,
,
,
,
,
,
,
,
,
,
,
,
,
,
,
,
,
,
,
,
,
,
,
,
,
,
,
,
,
,
,
,
,
,
,
,
,
,
,
,
,
,
,
,
,
,
,
,
,
,
,
,
,
,
,
,
,
,
,
,
,
,
,
,
,
,
,
,
,
,
,
,
,
,
,
,
,
,
,
,
,
,
,
,
,
,
,
,
,
,
,
,
,
,
,
,
,
,
,
,
,
,
,
,
,
,
,
,
,
,
,
,
,
,
,
,
,
,
,
,
,
,
,
,
,
,
,
,
,
,
,
,
(blank),
